experiment,experiment_label,layer,component,type,param_name,frobenius_norm,spectral_norm,nuclear_norm,effective_rank,stable_rank,top1_energy,top5_energy,top10_energy,top50_energy,num_sv
adamw_sft,AdamW + SFT,-1,embed,embed,model.embed_tokens.weight,0.3017972025045879,0.18725615739822388,7.02573028660845,541.941647677171,2.5975158435950942,0.38498321481494757,0.5636352812537396,0.6161606750783427,0.7218350671937487,1536
adamw_sft,AdamW + SFT,0,down_proj,mlp,model.layers.0.mlp.down_proj.weight,0.09544445126392703,0.020094476640224457,3.3816144589800388,1255.2979300478378,22.560461108521235,0.044325335160028866,0.09911671679791842,0.13716233201560066,0.24486957771749268,1536
adamw_sft,AdamW + SFT,0,gate_proj,mlp,model.layers.0.mlp.gate_proj.weight,0.09277643357968841,0.02203800156712532,3.231205792777473,1212.9806976652885,17.722742533993912,0.05642467570027069,0.11319915913128896,0.15161988811005891,0.2672864859856047,1536
adamw_sft,AdamW + SFT,0,up_proj,mlp,model.layers.0.mlp.up_proj.weight,0.09885329160066847,0.026064664125442505,3.3478622438269667,1146.9721933431886,14.383944680456908,0.06952195814258616,0.13785357573567814,0.18091979947555253,0.3096773936273755,1536
adamw_sft,AdamW + SFT,0,k_proj,attn,model.layers.0.self_attn.k_proj.weight,0.014842459629463586,0.0055077713914215565,0.20622297446243465,193.04668155077675,7.2620618079430725,0.1377019400890011,0.2678900042617353,0.3290334987469925,0.5628571832937478,256
adamw_sft,AdamW + SFT,0,o_proj,attn,model.layers.0.self_attn.o_proj.weight,0.04493631243874568,0.016256095841526985,1.2245891983981991,742.6530821153272,7.641213931177613,0.13086925834124458,0.2465348816075907,0.3030210909641593,0.45565580553069124,1536
adamw_sft,AdamW + SFT,0,q_proj,attn,model.layers.0.self_attn.q_proj.weight,0.03632710219153054,0.012384530156850815,0.998466884830337,755.4501643228831,8.604040405866668,0.11622446581238154,0.2081983964423112,0.26158951873770553,0.4019383844638955,1536
adamw_sft,AdamW + SFT,0,v_proj,attn,model.layers.0.self_attn.v_proj.weight,0.018164174448399236,0.006607340648770332,0.25423874624539167,195.9079896134556,7.557496114579109,0.13231895654844036,0.2530348306470269,0.3181932940656202,0.5587095966246498,256
adamw_sft,AdamW + SFT,1,down_proj,mlp,model.layers.1.mlp.down_proj.weight,0.09247607902110183,0.01529302541166544,3.324698960292153,1292.5455010527244,36.56554025314989,0.027348153290688938,0.07048128549349852,0.10588506492961962,0.21967574948168714,1536
adamw_sft,AdamW + SFT,1,gate_proj,mlp,model.layers.1.mlp.gate_proj.weight,0.08886907245925965,0.01572018302977085,3.1777940680003667,1278.6456492421703,31.95847874961511,0.031290600777173834,0.07912070804118727,0.1180706444590952,0.22767813618128668,1536
adamw_sft,AdamW + SFT,1,up_proj,mlp,model.layers.1.mlp.up_proj.weight,0.09325329440186067,0.017451653257012367,3.2816309750196524,1238.3719833716425,28.553228152398756,0.035022309724933504,0.0921209752171773,0.13284620762299246,0.25448132683070945,1536
adamw_sft,AdamW + SFT,1,k_proj,attn,model.layers.1.self_attn.k_proj.weight,0.016462702027529644,0.006601931992918253,0.2201937548816204,178.89893681208483,6.218134941555808,0.1608199258136066,0.31517770773278286,0.3862784651790088,0.6195168816909354,256
adamw_sft,AdamW + SFT,1,o_proj,attn,model.layers.1.self_attn.o_proj.weight,0.041913214097610674,0.013199643231928349,1.1646704502559828,772.1544558821005,10.082716256642646,0.09917962328268286,0.22641034266497295,0.2797750345427001,0.4384531580492316,1536
adamw_sft,AdamW + SFT,1,q_proj,attn,model.layers.1.self_attn.q_proj.weight,0.037162861246816975,0.009978234767913818,1.0880182849641074,857.1446138047327,13.871098384722169,0.07209234425886667,0.16079923260195184,0.21011759534966834,0.37133471667110274,1536
adamw_sft,AdamW + SFT,1,v_proj,attn,model.layers.1.self_attn.v_proj.weight,0.019807980987380045,0.008656952530145645,0.2615919846575707,174.40882033973145,5.235405787731076,0.19100716172630827,0.34456545598760724,0.4130349159376984,0.631047167812827,256
adamw_sft,AdamW + SFT,10,down_proj,mlp,model.layers.10.mlp.down_proj.weight,0.08871952583912691,0.014904494397342205,3.16117828595452,1269.5784911590263,35.43267394994682,0.028222538367062785,0.08992568468639796,0.12231647229837417,0.23454572143994698,1536
adamw_sft,AdamW + SFT,10,gate_proj,mlp,model.layers.10.mlp.gate_proj.weight,0.08468371660245344,0.014705240726470947,3.0343692299211398,1283.9172424754645,33.163132301152324,0.030153967089690526,0.0810863321159211,0.11260409934413414,0.2271571086215798,1536
adamw_sft,AdamW + SFT,10,up_proj,mlp,model.layers.10.mlp.up_proj.weight,0.08665879220265794,0.017028022557497025,3.053866103349719,1241.865949503876,25.899825018736227,0.03861029946250945,0.10085611671221843,0.13576533480143357,0.25700004494822865,1536
adamw_sft,AdamW + SFT,10,k_proj,attn,model.layers.10.self_attn.k_proj.weight,0.013370872785152916,0.0034627970308065414,0.19504199677612633,212.7829155581351,14.90958106645066,0.06707096567925619,0.17510172361289822,0.24383547643703443,0.5012269978577782,256
adamw_sft,AdamW + SFT,10,o_proj,attn,model.layers.10.self_attn.o_proj.weight,0.03677945066929657,0.00902800913900137,1.0748354383304957,854.0306896288765,16.59688163604215,0.060252282442526936,0.15995832466011134,0.20870519774556232,0.37014744681660844,1536
adamw_sft,AdamW + SFT,10,q_proj,attn,model.layers.10.self_attn.q_proj.weight,0.03450172777688875,0.006310771219432354,1.0291143708510333,889.7041110122279,29.889373766834897,0.033456706313117715,0.11217817438888217,0.166102927187122,0.3419066245591079,1536
adamw_sft,AdamW + SFT,10,v_proj,attn,model.layers.10.self_attn.v_proj.weight,0.014477732690080002,0.0031827271450310946,0.21521967893932015,220.98502807219796,20.6919914915875,0.048327876048400574,0.14352349784619847,0.20310901397672507,0.46626360552904217,256
adamw_sft,AdamW + SFT,11,down_proj,mlp,model.layers.11.mlp.down_proj.weight,0.08981511023599226,0.016121743246912956,3.192700007930398,1263.6226798159073,31.03664822291821,0.032219974038999996,0.09529669830355067,0.12873395109666927,0.23868010011169746,1536
adamw_sft,AdamW + SFT,11,gate_proj,mlp,model.layers.11.mlp.gate_proj.weight,0.0854544276168248,0.01556843426078558,3.042452927445993,1267.5893918842753,30.12862173092293,0.03319103040726341,0.0924201626106459,0.12558127366439167,0.23991304769878669,1536
adamw_sft,AdamW + SFT,11,up_proj,mlp,model.layers.11.mlp.up_proj.weight,0.0874988645067955,0.017996853217482567,3.0668731012847275,1228.5328641535452,23.638052077264547,0.04230467031426062,0.1121617629129114,0.14820937014694452,0.2678772013098369,1536
adamw_sft,AdamW + SFT,11,k_proj,attn,model.layers.11.self_attn.k_proj.weight,0.013053360779113485,0.0034211778547614813,0.1896576486469712,211.10379503964333,14.557720561085953,0.06869207275987194,0.18734473974121846,0.2533007621009252,0.5066092963925546,256
adamw_sft,AdamW + SFT,11,o_proj,attn,model.layers.11.self_attn.o_proj.weight,0.03692017471258203,0.00959253590553999,1.06609777309896,833.8089977253989,14.813600495648268,0.06750553319523947,0.17494316010354266,0.2233815541125535,0.3871866467849077,1536
adamw_sft,AdamW + SFT,11,q_proj,attn,model.layers.11.self_attn.q_proj.weight,0.034015901137396325,0.006797416601330042,1.0168539607741423,893.6206745717034,25.04241368462219,0.03993225304053142,0.11019809275590038,0.1657469927880596,0.3407726417080433,1536
adamw_sft,AdamW + SFT,11,v_proj,attn,model.layers.11.self_attn.v_proj.weight,0.014643390115730931,0.003777863457798958,0.2155276325356681,216.63202115577695,15.024179049494261,0.06655937716834263,0.1624877612589091,0.22441510013522226,0.4839626517376429,256
adamw_sft,AdamW + SFT,12,down_proj,mlp,model.layers.12.mlp.down_proj.weight,0.09100111410809515,0.018798649311065674,3.2023304880131036,1238.3370919200895,23.43366010008402,0.042673658136588515,0.1136258288687696,0.1469112160364534,0.255779999677421,1536
adamw_sft,AdamW + SFT,12,gate_proj,mlp,model.layers.12.mlp.gate_proj.weight,0.08502187453889182,0.01687813363969326,3.0247914851643145,1265.6963617941958,25.37537735602978,0.03940828094768714,0.10094403698976159,0.1337518880579017,0.2406556925315917,1536
adamw_sft,AdamW + SFT,12,up_proj,mlp,model.layers.12.mlp.up_proj.weight,0.0882537009155851,0.019250309094786644,3.080316495790612,1218.217489106945,21.017954073869692,0.047578370210792184,0.11764052984070293,0.1554288604936701,0.2734188810178777,1536
adamw_sft,AdamW + SFT,12,k_proj,attn,model.layers.12.self_attn.k_proj.weight,0.013663140601464155,0.0035232598893344402,0.19601666284142993,205.81873624182205,15.038749167742058,0.06649489188535629,0.20500356976354156,0.27618800404537575,0.5323393209665189,256
adamw_sft,AdamW + SFT,12,o_proj,attn,model.layers.12.self_attn.o_proj.weight,0.03742598987382895,0.01028665155172348,1.0783738453068494,830.2179147882593,13.237273247092032,0.07554425910333763,0.18732873934227773,0.23296826848130905,0.3878770708645574,1536
adamw_sft,AdamW + SFT,12,q_proj,attn,model.layers.12.self_attn.q_proj.weight,0.035852457165356864,0.00740745197981596,1.0483519975061597,855.0202545535543,23.426109106829273,0.042687413237927595,0.13972528880493218,0.20203112925981787,0.376525523015563,1536
adamw_sft,AdamW + SFT,12,v_proj,attn,model.layers.12.self_attn.v_proj.weight,0.014966550159391901,0.0033803351689130068,0.22074202305520885,217.53373961462523,19.60306064182794,0.05101244230537422,0.16025437254733746,0.22421530354789213,0.4806384958800174,256
adamw_sft,AdamW + SFT,13,down_proj,mlp,model.layers.13.mlp.down_proj.weight,0.09109465444564749,0.01829364337027073,3.211603131960146,1242.9623105421324,24.796213596684392,0.04032873793818723,0.11018688850879986,0.14446850005692163,0.2535719642740041,1536
adamw_sft,AdamW + SFT,13,gate_proj,mlp,model.layers.13.mlp.gate_proj.weight,0.08664770243753717,0.017839964479207993,3.060836161253974,1247.8605764642957,23.589901752145856,0.04239102012830702,0.1065322736665775,0.14229124953385547,0.25385013687690905,1536
adamw_sft,AdamW + SFT,13,up_proj,mlp,model.layers.13.mlp.up_proj.weight,0.08853951698188206,0.020025448873639107,3.0874618134694174,1215.986890536744,19.548335206248414,0.051155251301418285,0.12221300766352286,0.16128300929771786,0.27653133844128774,1536
adamw_sft,AdamW + SFT,13,k_proj,attn,model.layers.13.self_attn.k_proj.weight,0.01323112503410427,0.0032875756733119488,0.19194561257609166,210.45673676210654,16.197277794338113,0.06173876948320032,0.19088681775608005,0.25980499500804477,0.5114792482148615,256
adamw_sft,AdamW + SFT,13,o_proj,attn,model.layers.13.self_attn.o_proj.weight,0.03780418961972505,0.009791574440896511,1.0836728239030862,821.706077350802,14.90646983870358,0.067084964503371,0.18120101772146696,0.23386610494439816,0.39692296992174175,1536
adamw_sft,AdamW + SFT,13,q_proj,attn,model.layers.13.self_attn.q_proj.weight,0.0344090354366704,0.006965940352529287,1.019160665264792,877.2842049469442,24.399756612876928,0.04098401536809805,0.11871395586685479,0.17998484748943844,0.3555051668394782,1536
adamw_sft,AdamW + SFT,13,v_proj,attn,model.layers.13.self_attn.v_proj.weight,0.015502007252562705,0.0047713760286569595,0.2240983383380808,208.97840065999296,10.55573752783738,0.09473520891958709,0.1986717400473424,0.2594247791319046,0.5109707303267373,256
adamw_sft,AdamW + SFT,14,down_proj,mlp,model.layers.14.mlp.down_proj.weight,0.09186170555471321,0.018511246889829636,3.250407624291256,1252.006682869272,24.626214768108504,0.040607133878123335,0.10338378442358338,0.13802217015199827,0.24669514055558228,1536
adamw_sft,AdamW + SFT,14,gate_proj,mlp,model.layers.14.mlp.gate_proj.weight,0.08902413661846804,0.018672503530979156,3.122863009455614,1230.5246728371171,22.730575969274394,0.04399360585282706,0.11476249540418469,0.15277000382951,0.2672886326805668,1536
adamw_sft,AdamW + SFT,14,up_proj,mlp,model.layers.14.mlp.up_proj.weight,0.08976099100043036,0.020624136552214622,3.1123345647356473,1202.256889197135,18.941908156506983,0.052792991695320673,0.13012486004879223,0.16960889105407786,0.286801718852615,1536
adamw_sft,AdamW + SFT,14,k_proj,attn,model.layers.14.self_attn.k_proj.weight,0.014061817992599888,0.00369473360478878,0.19953660559258424,201.35490576913645,14.48493942981638,0.06903722344475668,0.21726015919918004,0.29555141364048754,0.552212851647566,256
adamw_sft,AdamW + SFT,14,o_proj,attn,model.layers.14.self_attn.o_proj.weight,0.03822977597116135,0.011116213165223598,1.0931244945238632,817.5903294356783,11.827413311212679,0.08454934089873865,0.17826876686420332,0.22694557462689086,0.3897937642467785,1536
adamw_sft,AdamW + SFT,14,q_proj,attn,model.layers.14.self_attn.q_proj.weight,0.03474290104529067,0.008564211428165436,1.0048221727526254,836.4620863525745,16.457254984433536,0.060763474889698944,0.14904098044852318,0.20949413049533,0.38720037371634214,1536
adamw_sft,AdamW + SFT,14,v_proj,attn,model.layers.14.self_attn.v_proj.weight,0.015282730076108593,0.0038652331568300724,0.22435664059594274,215.51424019309366,15.633293902577684,0.06396604619805143,0.16556893024001546,0.2280798958623956,0.4909125204678417,256
adamw_sft,AdamW + SFT,15,down_proj,mlp,model.layers.15.mlp.down_proj.weight,0.09295003159369576,0.020168039947748184,3.2615945426514372,1231.2914396008134,21.240840493949577,0.047079116303559106,0.11668427184676489,0.1510735326224483,0.2616578524968437,1536
adamw_sft,AdamW + SFT,15,gate_proj,mlp,model.layers.15.mlp.gate_proj.weight,0.0898519464689772,0.02173946239054203,3.1410415683640167,1222.05960369511,17.08273404401966,0.05853863892179958,0.12647263055153993,0.1613302365038751,0.2720155791516156,1536
adamw_sft,AdamW + SFT,15,up_proj,mlp,model.layers.15.mlp.up_proj.weight,0.09119240252664496,0.023881619796156883,3.1446591978892684,1189.1314245433462,14.581082103811603,0.06858201557884326,0.14413605583265912,0.18050068512901854,0.29474561253314435,1536
adamw_sft,AdamW + SFT,15,k_proj,attn,model.layers.15.self_attn.k_proj.weight,0.014794812672657616,0.00410931883379817,0.207712689996697,197.10930153243947,12.962216294424667,0.07714730083852418,0.24477985282652473,0.31888494111077653,0.564949125098867,256
adamw_sft,AdamW + SFT,15,o_proj,attn,model.layers.15.self_attn.o_proj.weight,0.03746097416105698,0.010015198029577732,1.0884104716861316,844.1648977421086,13.990687359190154,0.07147611652855093,0.1738044512582086,0.22247052604662582,0.3757589867636722,1536
adamw_sft,AdamW + SFT,15,q_proj,attn,model.layers.15.self_attn.q_proj.weight,0.03668453634326608,0.009202688932418823,1.0525154259573242,823.1725326761292,15.890464196066352,0.0629308236475274,0.16831161230573938,0.22924277717688402,0.40438300988288234,1536
adamw_sft,AdamW + SFT,15,v_proj,attn,model.layers.15.self_attn.v_proj.weight,0.01453996198945909,0.0037548441905528307,0.21200485236477107,212.60088104695902,14.99486988301199,0.0666894749872369,0.18564114691210046,0.24464819131226465,0.4984199917595023,256
adamw_sft,AdamW + SFT,16,down_proj,mlp,model.layers.16.mlp.down_proj.weight,0.09296314879740576,0.02038651518523693,3.257002035737969,1227.479955925721,20.79388610779556,0.04809105882450242,0.12237510291637221,0.15540202161872851,0.26434928844125344,1536
adamw_sft,AdamW + SFT,16,gate_proj,mlp,model.layers.16.mlp.gate_proj.weight,0.09029012306488242,0.022294921800494194,3.1503194276010618,1217.3870930038042,16.40093408258211,0.06097213701151363,0.12929988307732201,0.16306289214933878,0.273992630338145,1536
adamw_sft,AdamW + SFT,16,up_proj,mlp,model.layers.16.mlp.up_proj.weight,0.09061788541460536,0.022425606846809387,3.139318312285468,1200.170256373476,16.32824240132843,0.06124357878951149,0.13612895728145613,0.1718723962209846,0.28651724394859934,1536
adamw_sft,AdamW + SFT,16,k_proj,attn,model.layers.16.self_attn.k_proj.weight,0.013898060488742479,0.003994418308138847,0.19939845683984458,205.84256777789233,12.106017791885092,0.08260354620247792,0.20828561235943777,0.2770720590490657,0.5293705052086101,256
adamw_sft,AdamW + SFT,16,o_proj,attn,model.layers.16.self_attn.o_proj.weight,0.03831975384677003,0.011429296806454659,1.0839515884372304,800.1554192485494,11.24103756861128,0.08895975962150798,0.19875837954172715,0.25109095743980486,0.4140195108878057,1536
adamw_sft,AdamW + SFT,16,q_proj,attn,model.layers.16.self_attn.q_proj.weight,0.03564608344642424,0.009659920819103718,1.0274085986166313,830.7354688207502,13.616845368754532,0.0734384486949245,0.17302253484320895,0.22889274107711907,0.3915998718371163,1536
adamw_sft,AdamW + SFT,16,v_proj,attn,model.layers.16.self_attn.v_proj.weight,0.015961863654746857,0.0048415688797831535,0.22903791116550565,205.8958318949604,10.869134523018163,0.09200364554162478,0.2148575155138065,0.27477688293602254,0.5238390218319454,256
adamw_sft,AdamW + SFT,17,down_proj,mlp,model.layers.17.mlp.down_proj.weight,0.09291823204541744,0.01947471685707569,3.2871177290799096,1251.4936250539176,22.764576294242406,0.0439278986384174,0.10877608797699538,0.13980073474710383,0.2457020687744652,1536
adamw_sft,AdamW + SFT,17,gate_proj,mlp,model.layers.17.mlp.gate_proj.weight,0.08951084147878777,0.020848361775279045,3.1442485584993847,1233.9070942862597,18.433483330659037,0.054249106479879176,0.11507307300489296,0.14779084206543233,0.26177274154890534,1536
adamw_sft,AdamW + SFT,17,up_proj,mlp,model.layers.17.mlp.up_proj.weight,0.09060155401069157,0.021878419443964958,3.153811032883823,1211.7137681201818,17.149023886342142,0.058312356821452783,0.12719670182481368,0.16199182912604648,0.27762130793101286,1536
adamw_sft,AdamW + SFT,17,k_proj,attn,model.layers.17.self_attn.k_proj.weight,0.014661033214990267,0.003914928995072842,0.2102480395406019,205.65286043190872,14.024305895801163,0.07130477668056265,0.20152471553612647,0.2728638590846791,0.5345004989961658,256
adamw_sft,AdamW + SFT,17,o_proj,attn,model.layers.17.self_attn.o_proj.weight,0.03771983580452039,0.009773298166692257,1.1041807840568367,856.9209934857287,14.895575599937041,0.06713402871146697,0.13933082511412656,0.18942128691081772,0.36034836389050234,1536
adamw_sft,AdamW + SFT,17,q_proj,attn,model.layers.17.self_attn.q_proj.weight,0.035909938593093514,0.009485868737101555,1.0446483866793415,846.2739075348594,14.330954050755214,0.06977902493151193,0.14782820803525712,0.2051977733169882,0.3787741134111989,1536
adamw_sft,AdamW + SFT,17,v_proj,attn,model.layers.17.self_attn.v_proj.weight,0.014987764240233582,0.003410266013815999,0.2211112293007318,217.64459799530283,19.31511027650255,0.051772937647502425,0.16043360395478448,0.22140274825713316,0.4800654892750885,256
adamw_sft,AdamW + SFT,18,down_proj,mlp,model.layers.18.mlp.down_proj.weight,0.09249710783085124,0.019018279388546944,3.280914548668079,1258.153214508865,23.654504813416516,0.042275245577443395,0.10278285103306274,0.13289893030179728,0.24022709918284127,1536
adamw_sft,AdamW + SFT,18,gate_proj,mlp,model.layers.18.mlp.gate_proj.weight,0.0883512446793239,0.019230809062719345,3.1302007549093105,1255.217655764763,21.107180910918125,0.04737724114937251,0.1040012535963316,0.13585588455019817,0.24768696730444212,1536
adamw_sft,AdamW + SFT,18,up_proj,mlp,model.layers.18.mlp.up_proj.weight,0.09081964944992132,0.021003495901823044,3.1769887836417183,1223.6908723365007,18.697195528763594,0.05348395691009431,0.11961832840575831,0.15398617577790455,0.26966673988344253,1536
adamw_sft,AdamW + SFT,18,k_proj,attn,model.layers.18.self_attn.k_proj.weight,0.014673294835404678,0.003884150879457593,0.21103911063983105,206.85718384637602,14.27128584004864,0.07007077086170897,0.20033428431258943,0.2749228221634633,0.5274350926256706,256
adamw_sft,AdamW + SFT,18,o_proj,attn,model.layers.18.self_attn.o_proj.weight,0.03864685088223853,0.009204162284731865,1.1390182133580993,868.6265796228146,17.630299419609457,0.0567205341327182,0.1438837200764305,0.18836253861185662,0.3472433195431824,1536
adamw_sft,AdamW + SFT,18,q_proj,attn,model.layers.18.self_attn.q_proj.weight,0.03665368557627011,0.0085332365706563,1.0617774259143715,839.1346900805552,18.450482513761987,0.054199124562412514,0.1635361822408851,0.21911640107125582,0.3865950943071969,1536
adamw_sft,AdamW + SFT,18,v_proj,attn,model.layers.18.self_attn.v_proj.weight,0.015836529323108105,0.004130000248551369,0.23051172602572478,211.86832189655186,14.703470783960276,0.06801115292389877,0.18064915282624644,0.24936652755305205,0.5072468167482111,256
adamw_sft,AdamW + SFT,19,down_proj,mlp,model.layers.19.mlp.down_proj.weight,0.09294976154858457,0.018445385619997978,3.2879317512270063,1251.2642266147463,25.393413337254977,0.039380290735979484,0.10748532296098845,0.13951742924536156,0.24627854105046337,1536
adamw_sft,AdamW + SFT,19,gate_proj,mlp,model.layers.19.mlp.gate_proj.weight,0.08871226499096263,0.01911056786775589,3.142486199794803,1254.8141945886646,21.54865415468097,0.0464066104927844,0.10343408075208749,0.13793823294724614,0.24862862870805935,1536
adamw_sft,AdamW + SFT,19,up_proj,mlp,model.layers.19.mlp.up_proj.weight,0.0908844645668825,0.02075553499162197,3.184734459151514,1227.9117299446357,19.173943425450016,0.05215411237068099,0.11773574948391761,0.15271714761780933,0.2671215635659988,1536
adamw_sft,AdamW + SFT,19,k_proj,attn,model.layers.19.self_attn.k_proj.weight,0.0147277173453301,0.003907209727913141,0.21280744395335205,208.78666133909573,14.208146749421195,0.0703821559304163,0.19018923058135065,0.2625394247662366,0.5198554163047879,256
adamw_sft,AdamW + SFT,19,o_proj,attn,model.layers.19.self_attn.o_proj.weight,0.03787280714742693,0.010241844691336155,1.120661391702427,875.5759570922406,13.67409589020775,0.07313097758193408,0.15161054457249018,0.1924927901880986,0.34402101794545425,1536
adamw_sft,AdamW + SFT,19,q_proj,attn,model.layers.19.self_attn.q_proj.weight,0.03627315798044757,0.008580418303608894,1.0694083455388324,869.1933664115866,17.871204047435842,0.055955938802202856,0.13154249300816626,0.1872789159497045,0.3593292391073157,1536
adamw_sft,AdamW + SFT,19,v_proj,attn,model.layers.19.self_attn.v_proj.weight,0.014593979014603279,0.003256755881011486,0.2166777793026995,220.435388484297,20.080615605945734,0.04979927008332886,0.15194212513006083,0.21010426408420443,0.464974313928381,256
adamw_sft,AdamW + SFT,2,down_proj,mlp,model.layers.2.mlp.down_proj.weight,0.09116167056786706,0.017350204288959503,3.2918328498490155,1303.9201578368209,27.60675524275806,0.036223018286885594,0.07650264998103674,0.10737572601938206,0.20778328939252347,1536
adamw_sft,AdamW + SFT,2,gate_proj,mlp,model.layers.2.mlp.gate_proj.weight,0.08707138114690728,0.015075180679559708,3.142232660087757,1302.3442888204656,33.35998255538061,0.029976034859727788,0.07576910419561797,0.1069794128371106,0.2111736669596082,1536
adamw_sft,AdamW + SFT,2,up_proj,mlp,model.layers.2.mlp.up_proj.weight,0.09252336092395907,0.019552191719412804,3.2643185674096458,1244.7503876337043,22.392980723811338,0.04465685083793515,0.10265451382487503,0.13723404227673788,0.2517258192796375,1536
adamw_sft,AdamW + SFT,2,k_proj,attn,model.layers.2.self_attn.k_proj.weight,0.014260852397301647,0.004058768041431904,0.20514196375734173,206.92742211591548,12.34532437436864,0.08100232684660759,0.2186267694963643,0.2797987276720498,0.5140602573560377,256
adamw_sft,AdamW + SFT,2,o_proj,attn,model.layers.2.self_attn.o_proj.weight,0.03963775982943995,0.010011393576860428,1.1721487956162733,874.474777302017,15.67577905496953,0.06379268274280636,0.15023684830104397,0.19812966431833104,0.34792639095214006,1536
adamw_sft,AdamW + SFT,2,q_proj,attn,model.layers.2.self_attn.q_proj.weight,0.03643169387741205,0.008092082105576992,1.0757211582094612,871.8478350220636,20.269272754373333,0.04933576118483276,0.12733413612589767,0.191121723469081,0.3609147977229112,1536
adamw_sft,AdamW + SFT,2,v_proj,attn,model.layers.2.self_attn.v_proj.weight,0.017263618007911097,0.004557227715849876,0.24807115888688713,206.48519367273138,14.35033949809506,0.06968476251957281,0.19524597077997732,0.2720030092611986,0.5324908351312173,256
adamw_sft,AdamW + SFT,20,down_proj,mlp,model.layers.20.mlp.down_proj.weight,0.09182585894606254,0.019338103011250496,3.2580209031002596,1258.8608686079149,22.54770064510261,0.04435042028186592,0.1082754009147602,0.1374012486459422,0.23898294748335197,1536
adamw_sft,AdamW + SFT,20,gate_proj,mlp,model.layers.20.mlp.gate_proj.weight,0.08752610842947986,0.019147105515003204,3.1102892460185103,1262.775998818882,20.89627993303504,0.04785540791014647,0.102940733515364,0.13487537845030512,0.24066833735315357,1536
adamw_sft,AdamW + SFT,20,up_proj,mlp,model.layers.20.mlp.up_proj.weight,0.08920328149075135,0.019951077178120613,3.1426992042688653,1241.2062944537076,19.99074431740054,0.050023149919914196,0.11292254650473635,0.14616184247196046,0.25605240275979513,1536
adamw_sft,AdamW + SFT,20,k_proj,attn,model.layers.20.self_attn.k_proj.weight,0.015377976102997135,0.004098976030945778,0.22133615240454674,207.1602129943609,14.074974148595683,0.07104808786450056,0.20699819881323822,0.27519710036394773,0.5234002898349971,256
adamw_sft,AdamW + SFT,20,o_proj,attn,model.layers.20.self_attn.o_proj.weight,0.03816296154868928,0.010350256226956844,1.1139490208326208,852.0135323719154,13.595085311940084,0.07355599299709692,0.16607075302174248,0.21088241442347744,0.36855229112892707,1536
adamw_sft,AdamW + SFT,20,q_proj,attn,model.layers.20.self_attn.q_proj.weight,0.03720658208783165,0.009865798987448215,1.0864168161840553,852.6158582707661,14.222470028031852,0.07031127490717469,0.15572196886983936,0.21216677484854135,0.3752997236539094,1536
adamw_sft,AdamW + SFT,20,v_proj,attn,model.layers.20.self_attn.v_proj.weight,0.014986582500818187,0.0037741283886134624,0.22089770980528556,217.25871619418794,15.767828139814528,0.06342027520422751,0.17262216070516098,0.2241681844719096,0.4732141306751099,256
adamw_sft,AdamW + SFT,21,down_proj,mlp,model.layers.21.mlp.down_proj.weight,0.09129879523120563,0.022048091515898705,3.2103651403449476,1236.4562911448932,17.1469976206936,0.058319247609456996,0.11896427920215341,0.15270318982063055,0.2542240463399366,1536
adamw_sft,AdamW + SFT,21,gate_proj,mlp,model.layers.21.mlp.gate_proj.weight,0.08509443493677667,0.01785246655344963,3.0470681550214067,1282.2184428494,22.719871004005903,0.0440143344046136,0.09329351160676902,0.12266786582370143,0.2255456791125285,1536
adamw_sft,AdamW + SFT,21,up_proj,mlp,model.layers.21.mlp.up_proj.weight,0.08869944700379953,0.020247699692845345,3.128190499730408,1243.782840861534,19.190683488806116,0.05210861825652525,0.11081924974348839,0.14260510492842418,0.2526481231090435,1536
adamw_sft,AdamW + SFT,21,k_proj,attn,model.layers.21.self_attn.k_proj.weight,0.014374382943146616,0.0036704426165670156,0.2074466927733738,208.27378508143906,15.337039767972072,0.06520163050553426,0.1984057412600745,0.2662662684816787,0.5193762811024913,256
adamw_sft,AdamW + SFT,21,o_proj,attn,model.layers.21.self_attn.o_proj.weight,0.0384908575603688,0.011966155841946602,1.1259270368343657,855.6680610969389,10.34679548747998,0.0966482812200201,0.170580522230616,0.21253917533608657,0.3592674900732952,1536
adamw_sft,AdamW + SFT,21,q_proj,attn,model.layers.21.self_attn.q_proj.weight,0.0360620629799936,0.00908619724214077,1.0599059553370935,863.8404366986714,15.752040314497012,0.06348383955567165,0.136126055981911,0.19841545736338992,0.3662392249481214,1536
adamw_sft,AdamW + SFT,21,v_proj,attn,model.layers.21.self_attn.v_proj.weight,0.014641320757846878,0.004057363606989384,0.21504090933012776,215.715655694544,13.021848892324437,0.07679401045649034,0.17178331324415055,0.22829035168048767,0.4832938443747153,256
adamw_sft,AdamW + SFT,22,down_proj,mlp,model.layers.22.mlp.down_proj.weight,0.09238105632857632,0.023477008566260338,3.25011245359201,1237.7442795537768,15.483899039066207,0.06458321624785712,0.12125596008284933,0.15050579872035275,0.2539031085713123,1536
adamw_sft,AdamW + SFT,22,gate_proj,mlp,model.layers.22.mlp.gate_proj.weight,0.08396610801821279,0.016520584002137184,3.0244922867859714,1297.4687781868722,25.83195381430521,0.03871174465503343,0.08608525772100234,0.11387142515308818,0.21344229962672867,1536
adamw_sft,AdamW + SFT,22,up_proj,mlp,model.layers.22.mlp.up_proj.weight,0.0890739710914058,0.020032569766044617,3.144633571326267,1246.3455407335223,19.77098474806938,0.050579170068787246,0.10828220825674699,0.1405559771966242,0.24971579407840022,1536
adamw_sft,AdamW + SFT,22,k_proj,attn,model.layers.22.self_attn.k_proj.weight,0.014743803359104314,0.005099443718791008,0.208428263082169,199.84540119826704,8.359368186522094,0.11962626572810989,0.23200287777935444,0.29889349205317545,0.5463760524095369,256
adamw_sft,AdamW + SFT,22,o_proj,attn,model.layers.22.self_attn.o_proj.weight,0.036411586905585394,0.008313074707984924,1.1206053545137706,947.1661585501065,19.184736872888568,0.05212477015586162,0.09796373871742753,0.12815640596111597,0.2709726909961954,1536
adamw_sft,AdamW + SFT,22,q_proj,attn,model.layers.22.self_attn.q_proj.weight,0.03576235801679579,0.008671130985021591,1.043173710864579,850.8656171085553,17.009862376397813,0.0587894233281722,0.14046186141989206,0.1998998073286644,0.376715452419468,1536
adamw_sft,AdamW + SFT,22,v_proj,attn,model.layers.22.self_attn.v_proj.weight,0.015122277005750228,0.003946149721741676,0.22262746313936077,216.7320290316607,14.685450048227167,0.06809461042841655,0.16188357730952724,0.2218229713073923,0.48247664572839044,256
adamw_sft,AdamW + SFT,23,down_proj,mlp,model.layers.23.mlp.down_proj.weight,0.09152675144116737,0.022434264421463013,3.2241731067188084,1240.9109185224972,16.644564163772447,0.06007967467099797,0.11820357189290638,0.14726595105740786,0.2510896540845105,1536
adamw_sft,AdamW + SFT,23,gate_proj,mlp,model.layers.23.mlp.gate_proj.weight,0.08330137653046502,0.01666489616036415,3.0002503626747057,1297.2110448349242,24.986137886519643,0.04002219168651564,0.08739697805494846,0.11648294011199962,0.2136206350038346,1536
adamw_sft,AdamW + SFT,23,up_proj,mlp,model.layers.23.mlp.up_proj.weight,0.08803430926758854,0.020030852407217026,3.112632810487412,1250.1204513387252,19.315460211582796,0.05177199968553354,0.10935182539289331,0.1411932872596904,0.2478704493070372,1536
adamw_sft,AdamW + SFT,23,k_proj,attn,model.layers.23.self_attn.k_proj.weight,0.015522579771721341,0.003852213965728879,0.22452289354987442,209.21530909005187,16.237045138665817,0.06158756051115893,0.2029284166318727,0.267626006350901,0.511941353732616,256
adamw_sft,AdamW + SFT,23,o_proj,attn,model.layers.23.self_attn.o_proj.weight,0.03816865352538287,0.012118355371057987,1.1208289536487825,862.3131386635712,9.92033438463121,0.10080305373065053,0.16917865589617703,0.2131331124435006,0.35593787849379016,1536
adamw_sft,AdamW + SFT,23,q_proj,attn,model.layers.23.self_attn.q_proj.weight,0.03658060134251002,0.0093312319368124,1.0873243651912787,883.5203540133836,15.368225071262282,0.06506932292851071,0.1329464244989813,0.18328829986513967,0.34467419093834606,1536
adamw_sft,AdamW + SFT,23,v_proj,attn,model.layers.23.self_attn.v_proj.weight,0.015638635415706422,0.004574880003929138,0.22738129147910513,211.40329284210065,11.685257725940325,0.08557791564837129,0.19518964613708067,0.25353419841647706,0.5004302074772523,256
adamw_sft,AdamW + SFT,24,down_proj,mlp,model.layers.24.mlp.down_proj.weight,0.09006851403083561,0.021070674061775208,3.173365523398388,1241.3498690131605,18.272128348106435,0.05472816198248911,0.11100527065999569,0.1413777046126221,0.25118403651074994,1536
adamw_sft,AdamW + SFT,24,gate_proj,mlp,model.layers.24.mlp.gate_proj.weight,0.08374840755228817,0.01721445471048355,3.015309305046685,1296.3152202369683,23.668273262006103,0.042250652970331676,0.08934686803413075,0.11725631647398123,0.21356038677674907,1536
adamw_sft,AdamW + SFT,24,up_proj,mlp,model.layers.24.mlp.up_proj.weight,0.08729682065450499,0.019535619765520096,3.0951856203028,1257.1194450910446,19.968363163802277,0.050079217399889527,0.10751814303701486,0.13753766391707403,0.24241363908955763,1536
adamw_sft,AdamW + SFT,24,k_proj,attn,model.layers.24.self_attn.k_proj.weight,0.01557318975786801,0.004232698120176792,0.22378698061220348,206.49734991268093,13.536941756011586,0.07387192897952098,0.21055494581147877,0.28157551412583604,0.5228509014904981,256
adamw_sft,AdamW + SFT,24,o_proj,attn,model.layers.24.self_attn.o_proj.weight,0.037585873175948664,0.010971915908157825,1.1162492911008997,882.0091776508846,11.73503386530232,0.08521492238354421,0.1513418426427191,0.18987407923930527,0.33713760106644225,1536
adamw_sft,AdamW + SFT,24,q_proj,attn,model.layers.24.self_attn.q_proj.weight,0.03659445024077197,0.00905965082347393,1.0816191635864953,873.6113993405253,16.3157685284978,0.0612904012614152,0.14129962985994093,0.19636882144564693,0.35708027733277187,1536
adamw_sft,AdamW + SFT,24,v_proj,attn,model.layers.24.self_attn.v_proj.weight,0.014934165040799474,0.004652701783925295,0.2180230841622688,213.12925398269653,10.30270959854902,0.0970618447928334,0.18630340670518508,0.24195134624419826,0.4889425865968426,256
adamw_sft,AdamW + SFT,25,down_proj,mlp,model.layers.25.mlp.down_proj.weight,0.09005353893328265,0.022439971566200256,3.1670596076874062,1236.8325491613766,16.104860388152186,0.06209305612706006,0.11481180583517654,0.14247377001067146,0.2533112695469518,1536
adamw_sft,AdamW + SFT,25,gate_proj,mlp,model.layers.25.mlp.gate_proj.weight,0.08394701885518956,0.018154239282011986,3.0280172583297826,1301.086396889801,21.382301314960113,0.04676765074395199,0.08549947619428254,0.11176476207166465,0.2085862747523604,1536
adamw_sft,AdamW + SFT,25,up_proj,mlp,model.layers.25.mlp.up_proj.weight,0.08635613923781518,0.019966883584856987,3.0739468969404697,1267.0865635871787,18.705351092114718,0.05346063781831672,0.10414976261971953,0.13242862305904773,0.23431879903386874,1536
adamw_sft,AdamW + SFT,25,k_proj,attn,model.layers.25.self_attn.k_proj.weight,0.01585021185901663,0.004437515512108803,0.22148547356482595,195.2631775317799,12.758228455510565,0.0783807880135645,0.2412475630675533,0.32244096488740864,0.5714550318687345,256
adamw_sft,AdamW + SFT,25,o_proj,attn,model.layers.25.self_attn.o_proj.weight,0.03742290977234897,0.011250702664256096,1.1191664181819263,894.3638470480201,11.064092821011053,0.09038246661316589,0.15315108835677668,0.18725515227238682,0.3236828281888442,1536
adamw_sft,AdamW + SFT,25,q_proj,attn,model.layers.25.self_attn.q_proj.weight,0.03714219872573355,0.010116239078342915,1.0728342716597652,834.3150130407694,13.480222158543047,0.0741827536845343,0.15722899790497616,0.21542737312200702,0.3905532278193953,1536
adamw_sft,AdamW + SFT,25,v_proj,attn,model.layers.25.self_attn.v_proj.weight,0.015504103651403452,0.005091204773634672,0.22008500478114001,201.50581368614516,9.273681922425498,0.1078320356860432,0.24715005241818638,0.3016473736882676,0.5317391481558482,256
adamw_sft,AdamW + SFT,26,down_proj,mlp,model.layers.26.mlp.down_proj.weight,0.09004715508234998,0.022623896598815918,3.1334888922283426,1210.9224368651533,15.841823795914003,0.06312404511517952,0.11737511431486644,0.14915257368109483,0.2742247256263917,1536
adamw_sft,AdamW + SFT,26,gate_proj,mlp,model.layers.26.mlp.gate_proj.weight,0.08532415898642612,0.019427845254540443,3.0609570006490685,1286.9759318065937,19.288335935722074,0.051844804203559934,0.09520924809068848,0.12194542912321144,0.21788017321118502,1536
adamw_sft,AdamW + SFT,26,up_proj,mlp,model.layers.26.mlp.up_proj.weight,0.08614763060317696,0.02022891491651535,3.0653897065203637,1266.1487050162011,18.13599965329495,0.05513895120847778,0.10627381567000843,0.13388075011351966,0.23434783830826986,1536
adamw_sft,AdamW + SFT,26,k_proj,attn,model.layers.26.self_attn.k_proj.weight,0.015199054487425765,0.004723557736724615,0.21495195382158272,200.0090514609232,10.353678791962073,0.09658402777342633,0.2309499292444888,0.30357759471339407,0.5505627520524697,256
adamw_sft,AdamW + SFT,26,o_proj,attn,model.layers.26.self_attn.o_proj.weight,0.03643667788704727,0.01035858690738678,1.0975971247412986,907.4200577300047,12.373042893217226,0.08082086263098544,0.12875373980261598,0.16336530993071655,0.3097046450216154,1536
adamw_sft,AdamW + SFT,26,q_proj,attn,model.layers.26.self_attn.q_proj.weight,0.036020126104206324,0.008817719295620918,1.0578351920109412,862.4731111082831,16.686986676824105,0.05992693704183634,0.14299370923578694,0.19636208685516127,0.35881962924617167,1536
adamw_sft,AdamW + SFT,26,v_proj,attn,model.layers.26.self_attn.v_proj.weight,0.014859230417479174,0.0052323611453175545,0.2146474489418324,208.6694292502808,8.064867013721084,0.12399460503175806,0.20592545468900333,0.2553923025464973,0.4991119532715816,256
adamw_sft,AdamW + SFT,27,down_proj,mlp,model.layers.27.mlp.down_proj.weight,0.08981959551830464,0.026654686778783798,2.9240729018929414,1059.8251035161575,11.355206148582834,0.08806533205254079,0.20740507965651295,0.25332829531268186,0.38983684395761276,1536
adamw_sft,AdamW + SFT,27,gate_proj,mlp,model.layers.27.mlp.gate_proj.weight,0.08288477802950572,0.020069008693099022,2.958369801614026,1273.9587435035978,17.056806212191866,0.058627622754207055,0.10476279834268315,0.13156701121831815,0.22778770741531185,1536
adamw_sft,AdamW + SFT,27,up_proj,mlp,model.layers.27.mlp.up_proj.weight,0.08558831110320157,0.020207813009619713,2.997756854951149,1226.772116489509,17.938671796508604,0.055745487254782684,0.11622511068029187,0.14888590831881104,0.26575722598542656,1536
adamw_sft,AdamW + SFT,27,k_proj,attn,model.layers.27.self_attn.k_proj.weight,0.015475068026032095,0.004774641245603561,0.2173360121960286,197.24148093578472,10.50469972894084,0.09519548638262955,0.2544331395852299,0.3202212127506517,0.5539774423277112,256
adamw_sft,AdamW + SFT,27,o_proj,attn,model.layers.27.self_attn.o_proj.weight,0.037619117534788145,0.012252646498382092,1.0841934147956067,830.6084076460088,9.426650372384076,0.10608222014147874,0.17111972178515075,0.216356192779215,0.3840145048817776,1536
adamw_sft,AdamW + SFT,27,q_proj,attn,model.layers.27.self_attn.q_proj.weight,0.03671235001844789,0.010066138580441475,1.0720105473459114,852.6557910955379,13.301436960757474,0.07517984733155125,0.1653911743392208,0.21044913063255627,0.3654610549486085,1536
adamw_sft,AdamW + SFT,27,v_proj,attn,model.layers.27.self_attn.v_proj.weight,0.013756029828629073,0.004306672140955925,0.2017930331057869,215.191998344004,10.202405852214303,0.09801609683886106,0.17812380128858135,0.23047719370548495,0.4775100768287567,256
adamw_sft,AdamW + SFT,3,down_proj,mlp,model.layers.3.mlp.down_proj.weight,0.09058173238082502,0.016946129500865936,3.2507280171848834,1287.8937156001368,28.57197114242905,0.03499933536314586,0.08576142077405625,0.11613719440501268,0.21938151501235686,1536
adamw_sft,AdamW + SFT,3,gate_proj,mlp,model.layers.3.mlp.gate_proj.weight,0.08656170111839301,0.015236412174999714,3.122558661212679,1301.276678746012,32.27647810368183,0.03098231463754183,0.08210788045075464,0.11168442170249859,0.21365016447288418,1536
adamw_sft,AdamW + SFT,3,up_proj,mlp,model.layers.3.mlp.up_proj.weight,0.09185800267625684,0.019707467406988144,3.233686462917831,1239.2582564356205,21.725629158370694,0.046028586454754467,0.11167064341415611,0.14420584620072474,0.25697221168892953,1536
adamw_sft,AdamW + SFT,3,k_proj,attn,model.layers.3.self_attn.k_proj.weight,0.01530879475677505,0.0058488002978265285,0.21298621690948494,193.56239990782333,6.850912410911196,0.14596595898778925,0.26996836451353207,0.33463170699513406,0.5625246827627779,256
adamw_sft,AdamW + SFT,3,o_proj,attn,model.layers.3.self_attn.o_proj.weight,0.03969075423487373,0.012772193178534508,1.1152850156937006,789.5743492579963,9.6571226325264,0.10355051272020452,0.22968152261692398,0.28006763025032294,0.42398159923128453,1536
adamw_sft,AdamW + SFT,3,q_proj,attn,model.layers.3.self_attn.q_proj.weight,0.03754590763334661,0.009268190711736679,1.073384115580211,817.3068021487253,16.411009293764725,0.06093470438652086,0.17285288373262941,0.2413455620645993,0.41178991675760324,1536
adamw_sft,AdamW + SFT,3,v_proj,attn,model.layers.3.self_attn.v_proj.weight,0.017238493982395284,0.005833575036376715,0.24230282549979165,197.568778050946,8.732308417171545,0.11451725617404462,0.24837350546690856,0.31960536924272687,0.5553071485269756,256
adamw_sft,AdamW + SFT,4,down_proj,mlp,model.layers.4.mlp.down_proj.weight,0.09044042910386095,0.01580040529370308,3.229654483147897,1275.2252321015826,32.763385680264385,0.03052187615037502,0.08857610230857298,0.12095080083012516,0.2278498603645498,1536
adamw_sft,AdamW + SFT,4,gate_proj,mlp,model.layers.4.mlp.gate_proj.weight,0.08555733018903579,0.015934567898511887,3.079802707536146,1295.7802162592077,28.82928461794875,0.034686951592874854,0.08751969957588271,0.1157737149481129,0.21528737341761758,1536
adamw_sft,AdamW + SFT,4,up_proj,mlp,model.layers.4.mlp.up_proj.weight,0.09072310376340326,0.0197355505079031,3.1801974097033963,1228.7749799698997,21.13183975973771,0.047321956411258165,0.11608158774719367,0.15061209095071038,0.26264440821671314,1536
adamw_sft,AdamW + SFT,4,k_proj,attn,model.layers.4.self_attn.k_proj.weight,0.014452040447134938,0.004338585771620274,0.20373445085715503,198.73328408945068,11.095885369202913,0.09012349774048146,0.24702867997327926,0.3169221288307925,0.550545998098055,256
adamw_sft,AdamW + SFT,4,o_proj,attn,model.layers.4.self_attn.o_proj.weight,0.038279801917324635,0.010486581362783909,1.1015247809632172,828.0359264886849,13.325131453153153,0.07504616397336687,0.20017550981591994,0.24450679952389423,0.38708796436055065,1536
adamw_sft,AdamW + SFT,4,q_proj,attn,model.layers.4.self_attn.q_proj.weight,0.03669557640907685,0.008245632983744144,1.0629294504086602,839.0376560703761,19.805208886445673,0.050491767379660504,0.1548468115852756,0.22024475643950642,0.39296917040378354,1536
adamw_sft,AdamW + SFT,4,v_proj,attn,model.layers.4.self_attn.v_proj.weight,0.01541532473138465,0.0041159335523843765,0.22574544773669913,214.45325730444324,14.027124309966087,0.07129044969605873,0.17562907996251667,0.23727952348054893,0.490393057931672,256
adamw_sft,AdamW + SFT,5,down_proj,mlp,model.layers.5.mlp.down_proj.weight,0.09090732334475261,0.017345726490020752,3.2234957481268793,1257.350798811433,27.4670964917545,0.03640719725509376,0.09551853551070011,0.12997269352690835,0.2401844666093419,1536
adamw_sft,AdamW + SFT,5,gate_proj,mlp,model.layers.5.mlp.gate_proj.weight,0.08469664779383479,0.016359243541955948,3.044375884986948,1292.0047277338385,26.80439491031343,0.03730731483944946,0.08974582952752996,0.11822895102467429,0.21771464347910235,1536
adamw_sft,AdamW + SFT,5,up_proj,mlp,model.layers.5.mlp.up_proj.weight,0.09109090478525915,0.020513830706477165,3.174352044938132,1214.3954952294769,19.717711024414378,0.05071582592735052,0.1221066589352752,0.15670153924903135,0.27065119398154097,1536
adamw_sft,AdamW + SFT,5,k_proj,attn,model.layers.5.self_attn.k_proj.weight,0.013553778788691186,0.003622765187174082,0.19520043695229106,207.41529785847962,13.997175726975906,0.07144298389229771,0.198450917925844,0.2749155211504028,0.5245915056099157,256
adamw_sft,AdamW + SFT,5,o_proj,attn,model.layers.5.self_attn.o_proj.weight,0.03841652698777071,0.00960408616811037,1.1086219886921356,832.7809382239458,16.000151865161268,0.06249940678234437,0.18691861237653748,0.23415402273485653,0.3847515453732955,1536
adamw_sft,AdamW + SFT,5,q_proj,attn,model.layers.5.self_attn.q_proj.weight,0.035164993150772574,0.006834142375737429,1.037151979420818,869.8887749992853,26.47604008153344,0.037769998720370644,0.1250092182585561,0.18643946457516544,0.36068833875086315,1536
adamw_sft,AdamW + SFT,5,v_proj,attn,model.layers.5.self_attn.v_proj.weight,0.015561245007005897,0.0038771466352045536,0.2276817800302524,214.0759475514863,16.108838525785625,0.062077722015729885,0.16840573574839918,0.2344366562929462,0.49717714914132394,256
adamw_sft,AdamW + SFT,6,down_proj,mlp,model.layers.6.mlp.down_proj.weight,0.08953693847930712,0.01700090430676937,3.1727296062745154,1255.6298782003257,27.73706060196563,0.036052846923842155,0.09630114808827563,0.13063502231814397,0.24207552863623205,1536
adamw_sft,AdamW + SFT,6,gate_proj,mlp,model.layers.6.mlp.gate_proj.weight,0.08369135088130704,0.01618145778775215,3.010832680913154,1294.2318608694586,26.750128134482267,0.037382998502760424,0.08678525180298179,0.11464953700206726,0.21599209053611887,1536
adamw_sft,AdamW + SFT,6,up_proj,mlp,model.layers.6.mlp.up_proj.weight,0.08933541092789986,0.020186081528663635,3.1181092900806107,1218.247103625077,19.58588647589401,0.05105717329827188,0.11626439424784583,0.1499336725825755,0.26832909065562377,1536
adamw_sft,AdamW + SFT,6,k_proj,attn,model.layers.6.self_attn.k_proj.weight,0.013761229604861099,0.0036632248666137457,0.1994542062166147,210.07381222619497,14.111959615451623,0.07086188079117438,0.1916009022560139,0.2599955907140894,0.5106413611182752,256
adamw_sft,AdamW + SFT,6,o_proj,attn,model.layers.6.self_attn.o_proj.weight,0.037479309837457744,0.01038885023444891,1.092370844270988,849.4875736608144,13.015120665716848,0.07683370947409668,0.18090208306822944,0.2267121751369466,0.37013365740177356,1536
adamw_sft,AdamW + SFT,6,q_proj,attn,model.layers.6.self_attn.q_proj.weight,0.036089858297500596,0.008035555481910706,1.0523347520695552,850.2320494468145,20.171516305134748,0.04957485520042168,0.14951102532751173,0.2099863252207755,0.37808152643286785,1536
adamw_sft,AdamW + SFT,6,v_proj,attn,model.layers.6.self_attn.v_proj.weight,0.015343765195600635,0.004233417101204395,0.22337145256460644,211.9295173105233,13.136563459712363,0.07612340952539318,0.19004435978710427,0.2506237424078276,0.4986095245114907,256
adamw_sft,AdamW + SFT,7,down_proj,mlp,model.layers.7.mlp.down_proj.weight,0.08838151634814054,0.015401727519929409,3.149702533497475,1270.036442226068,32.929415745016364,0.03036798489664497,0.0887140156817541,0.12127484928051648,0.23351074202688846,1536
adamw_sft,AdamW + SFT,7,gate_proj,mlp,model.layers.7.mlp.gate_proj.weight,0.08441599048998057,0.01619063876569271,3.018967565265484,1278.9908958179778,27.184507841370355,0.03678565769280415,0.08795473421078796,0.11810850957917364,0.22833316264614903,1536
adamw_sft,AdamW + SFT,7,up_proj,mlp,model.layers.7.mlp.up_proj.weight,0.08768853100850822,0.019132323563098907,3.0707562380703166,1226.323628401549,21.006328626127246,0.0476047013163557,0.11184132291761509,0.1474541782434053,0.26626608737911917,1536
adamw_sft,AdamW + SFT,7,k_proj,attn,model.layers.7.self_attn.k_proj.weight,0.013614950577071431,0.0035387661773711443,0.19494789373129606,205.0241199020428,14.802272766952639,0.06755719312459821,0.22108755659395019,0.2879408048106948,0.5285960361742004,256
adamw_sft,AdamW + SFT,7,o_proj,attn,model.layers.7.self_attn.o_proj.weight,0.03692344187250452,0.010434764437377453,1.0701504422472965,840.0116617111594,12.52100117952368,0.07986581788965551,0.18326706836650994,0.22873113696169733,0.3789747560944618,1536
adamw_sft,AdamW + SFT,7,q_proj,attn,model.layers.7.self_attn.q_proj.weight,0.0343766056075077,0.006954679265618324,1.0144779830605444,870.8819088887161,24.43271736253633,0.040928726230564115,0.12550410693520178,0.19201407127754866,0.36254057283235563,1536
adamw_sft,AdamW + SFT,7,v_proj,attn,model.layers.7.self_attn.v_proj.weight,0.01575486018851315,0.004823894705623388,0.22635783549048938,206.42484054327306,10.666783190124672,0.09374897587923244,0.21457001155068434,0.27568414224500976,0.5195435839089424,256
adamw_sft,AdamW + SFT,8,down_proj,mlp,model.layers.8.mlp.down_proj.weight,0.08853247973706146,0.014615675434470177,3.1584805395687,1272.7735849786282,36.69166983886223,0.027254142544933815,0.08283672005525887,0.11513956389451421,0.2316036500879273,1536
adamw_sft,AdamW + SFT,8,gate_proj,mlp,model.layers.8.mlp.gate_proj.weight,0.08416610406175065,0.015378871001303196,3.011330131208524,1280.0952614547027,29.95198029259844,0.03338677410411873,0.08490085032594638,0.1152589573921322,0.22799650863843574,1536
adamw_sft,AdamW + SFT,8,up_proj,mlp,model.layers.8.mlp.up_proj.weight,0.08739719748207765,0.017512276768684387,3.0751645217533223,1238.0600159098499,24.906332894015993,0.04015043098698245,0.09812879188046601,0.13321949846296116,0.2579181707985148,1536
adamw_sft,AdamW + SFT,8,k_proj,attn,model.layers.8.self_attn.k_proj.weight,0.01371822024160594,0.004351558163762093,0.19543472022633068,202.95880669991948,9.938159362373685,0.10062225443738049,0.23748519897690915,0.29543837858528676,0.5311317722405615,256
adamw_sft,AdamW + SFT,8,o_proj,attn,model.layers.8.self_attn.o_proj.weight,0.036495621083060724,0.008327408693730831,1.0747910175690976,867.2943929103684,19.20709828265412,0.052064085125398535,0.14771307589542887,0.19646556814618707,0.3596796138679702,1536
adamw_sft,AdamW + SFT,8,q_proj,attn,model.layers.8.self_attn.q_proj.weight,0.03490213891167484,0.00837809219956398,1.0225127235932518,858.2886239810059,17.354568286403563,0.05762171570602826,0.14154720975801913,0.2030435040662875,0.37589952323428366,1536
adamw_sft,AdamW + SFT,8,v_proj,attn,model.layers.8.self_attn.v_proj.weight,0.014679727719152892,0.0032730409875512123,0.21816272669821046,220.86408749104464,20.11560563961626,0.049712646883003656,0.14028127074199373,0.20196293094717235,0.4693143264763726,256
adamw_sft,AdamW + SFT,9,down_proj,mlp,model.layers.9.mlp.down_proj.weight,0.0883035271423381,0.013928842730820179,3.1562533363467082,1277.5785360763346,40.19074277428651,0.02488135154943656,0.08046906268025578,0.1132456879758379,0.22878173004839414,1536
adamw_sft,AdamW + SFT,9,gate_proj,mlp,model.layers.9.mlp.gate_proj.weight,0.08466773980820291,0.013849470764398575,3.0370028671459295,1286.6323621499496,37.373999661663134,0.026756568979845175,0.07564187791145074,0.10817924687008522,0.22508654999099895,1536
adamw_sft,AdamW + SFT,9,up_proj,mlp,model.layers.9.mlp.up_proj.weight,0.08694168820015716,0.01660121977329254,3.061520072806161,1239.9897198479614,27.426863169741537,0.0364606041095958,0.09711688973451098,0.13297723816582274,0.258839023290431,1536
adamw_sft,AdamW + SFT,9,k_proj,attn,model.layers.9.self_attn.k_proj.weight,0.013234652938160233,0.003075583837926388,0.18993827889789827,205.96806208665427,18.51697217067383,0.054004509526873155,0.1970646955728256,0.27622986215220424,0.5341905840019798,256
adamw_sft,AdamW + SFT,9,o_proj,attn,model.layers.9.self_attn.o_proj.weight,0.03722519501997485,0.01167432963848114,1.0647478835260529,818.1248939631229,10.167403505746858,0.09835352746989694,0.176825153490989,0.22500495147123858,0.3877898026287312,1536
adamw_sft,AdamW + SFT,9,q_proj,attn,model.layers.9.self_attn.q_proj.weight,0.03470596479675797,0.009872052818536758,0.9988658195296125,828.3350920036605,12.359283754774586,0.08091083754053986,0.1642519108651368,0.2242586022266327,0.39463628153434355,1536
adamw_sft,AdamW + SFT,9,v_proj,attn,model.layers.9.self_attn.v_proj.weight,0.014958219046166038,0.0034487529192119837,0.2217180157022085,219.70613740820193,18.81202794328754,0.05315748004493144,0.1404517746752951,0.20250593734229347,0.4746292308789424,256
muon_sft,Muon + SFT,-1,embed,embed,model.embed_tokens.weight,0.35120404947702355,0.22603729367256165,7.834535929840058,497.6311107558035,2.4141198766617125,0.4142296369237544,0.5875869671679309,0.6416338912952887,0.7474010583010319,1536
muon_sft,Muon + SFT,0,down_proj,mlp,model.layers.0.mlp.down_proj.weight,0.08989330728447632,0.004720947239547968,3.361065618810244,1397.9745489493562,362.57380491978336,0.0027580591494226737,0.01139951891632749,0.021492070428024167,0.09209909271685417,1536
muon_sft,Muon + SFT,0,gate_proj,mlp,model.layers.0.mlp.gate_proj.weight,0.07876686972770616,0.004036267753690481,2.961815482377526,1413.932981344916,380.82656586116013,0.002625867231028665,0.012155239513448875,0.02216302060685489,0.08651191162531174,1536
muon_sft,Muon + SFT,0,up_proj,mlp,model.layers.0.mlp.up_proj.weight,0.08161710918180119,0.004220082424581051,3.0544660786004876,1400.5808894879617,374.04215433121976,0.002673495456115049,0.011860815702588975,0.022134157831410883,0.09074673270386069,1536
muon_sft,Muon + SFT,0,k_proj,attn,model.layers.0.self_attn.k_proj.weight,0.012563495934186649,0.0017540028784424067,0.18965250163455494,227.87471803897083,51.30508407267042,0.019491245713262315,0.07894587551963295,0.13636483268306948,0.431065731550246,256
muon_sft,Muon + SFT,0,o_proj,attn,model.layers.0.self_attn.o_proj.weight,0.03030674640403817,0.0018956414423882961,0.9725643622256825,1029.8122967165261,255.6031729329116,0.0039123145011289474,0.017248452594588126,0.032579306636606194,0.1388574678836119,1536
muon_sft,Muon + SFT,0,q_proj,attn,model.layers.0.self_attn.q_proj.weight,0.02174239086375205,0.00170789600815624,0.6253277685527435,827.1815356110018,162.0659393177885,0.0061703279801386315,0.027618638308681342,0.051113743000363476,0.19927470682762394,1536
muon_sft,Muon + SFT,0,v_proj,attn,model.layers.0.self_attn.v_proj.weight,0.01755466490662329,0.0019282151479274035,0.2690993220312521,234.98498869239904,82.88464982606448,0.012064960183803939,0.054480178334011385,0.10115232891597009,0.3868179273894755,256
muon_sft,Muon + SFT,1,down_proj,mlp,model.layers.1.mlp.down_proj.weight,0.05817906089983527,0.004045769572257996,2.1260794218978845,1335.4436102682848,206.7907583951825,0.004835806047429712,0.018215660104070948,0.03354263702150174,0.13198097242385157,1536
muon_sft,Muon + SFT,1,gate_proj,mlp,model.layers.1.mlp.gate_proj.weight,0.08940677069569322,0.003908479120582342,3.4017209709150134,1447.6266084440313,523.2692631646936,0.0019110619912052055,0.009100777971507837,0.0173568959928856,0.07424071956224756,1536
muon_sft,Muon + SFT,1,up_proj,mlp,model.layers.1.mlp.up_proj.weight,0.09330950768439,0.004238453693687916,3.551942863353137,1449.0392393115308,484.65970161916295,0.002063303378967089,0.009342401665899124,0.01740431484338034,0.07428981944408139,1536
muon_sft,Muon + SFT,1,k_proj,attn,model.layers.1.self_attn.k_proj.weight,0.01349199136960403,0.0021354330237954855,0.20146517260582186,222.97072760558066,39.919050254214035,0.02505069618720289,0.08642229838556191,0.14596201234792822,0.45814043939838484,256
muon_sft,Muon + SFT,1,o_proj,attn,model.layers.1.self_attn.o_proj.weight,0.029963988126333094,0.0017145355232059956,0.966970177576286,1041.4224312551942,305.4261778369074,0.0032741135913175842,0.015477894188869615,0.029887759947894266,0.13314101808490492,1536
muon_sft,Muon + SFT,1,q_proj,attn,model.layers.1.self_attn.q_proj.weight,0.022887246576931957,0.0016251732595264912,0.7120498380223425,967.9071251665531,198.32970291533198,0.005042109100657028,0.022330939261410162,0.04201201935255791,0.16986789267725128,1536
muon_sft,Muon + SFT,1,v_proj,attn,model.layers.1.self_attn.v_proj.weight,0.017239447038312143,0.002361251274123788,0.2615209411014803,230.12631210227764,53.30430098898578,0.018760212242659915,0.06629949162984634,0.11701389478927239,0.41777843009895244,256
muon_sft,Muon + SFT,10,down_proj,mlp,model.layers.10.mlp.down_proj.weight,0.0903660310593914,0.004075380973517895,3.413732085842639,1427.0804343332488,491.67031617900335,0.0020338832081046926,0.009260257622489401,0.017827919329913747,0.07995831100341184,1536
muon_sft,Muon + SFT,10,gate_proj,mlp,model.layers.10.mlp.gate_proj.weight,0.09191671977759965,0.003991534002125263,3.4721330812147357,1426.9333574275686,530.285031442792,0.0018857782903643613,0.008922328748861846,0.01725398209375018,0.07782062966245755,1536
muon_sft,Muon + SFT,10,up_proj,mlp,model.layers.10.mlp.up_proj.weight,0.09154006184641993,0.003925351891666651,3.478210205182606,1443.7408571317035,543.8325676393051,0.0018388012405010032,0.008625382159169623,0.016546141616991306,0.0740642643071995,1536
muon_sft,Muon + SFT,10,k_proj,attn,model.layers.10.self_attn.k_proj.weight,0.014423069141753888,0.001601725467480719,0.22194749730988406,236.8018732608397,81.08475504435998,0.012332774508018412,0.05532575106241512,0.10180562085210738,0.3802960448178496,256
muon_sft,Muon + SFT,10,o_proj,attn,model.layers.10.self_attn.o_proj.weight,0.031304171764936745,0.0017018609214574099,1.0342937576250293,1091.6498800482516,338.34230500050364,0.0029555866506215103,0.014008263548673437,0.02730079035777639,0.12348277713514705,1536
muon_sft,Muon + SFT,10,q_proj,attn,model.layers.10.self_attn.q_proj.weight,0.02785690223624514,0.0016721205320209265,0.9096151090955971,1066.2270370622875,277.54312941043537,0.0036030436138852623,0.01607114202214427,0.030504092099335342,0.13294911733786108,1536
muon_sft,Muon + SFT,10,v_proj,attn,model.layers.10.self_attn.v_proj.weight,0.016018370664686477,0.001814924064092338,0.24676383659243584,237.31563394636697,77.89682561308481,0.012837493596555798,0.05541196724488675,0.100414753258947,0.3766804426711097,256
muon_sft,Muon + SFT,11,down_proj,mlp,model.layers.11.mlp.down_proj.weight,0.09059343074285757,0.004033025819808245,3.424530668766238,1428.9226053453826,504.5815985367429,0.001981840009425515,0.009120744709252802,0.017686808978927892,0.07939766445630997,1536
muon_sft,Muon + SFT,11,gate_proj,mlp,model.layers.11.mlp.gate_proj.weight,0.09209613150824474,0.004032846540212631,3.482589923311025,1429.9534570153737,521.5060889125605,0.0019175231531528049,0.00905015648776463,0.01738625144860859,0.07770634093005124,1536
muon_sft,Muon + SFT,11,up_proj,mlp,model.layers.11.mlp.up_proj.weight,0.09168049929020859,0.003957611508667469,3.4865011201472953,1446.1910801845688,536.645656994183,0.0018634269875603216,0.00854837096599795,0.016453204382272945,0.07349555809799443,1536
muon_sft,Muon + SFT,11,k_proj,attn,model.layers.11.self_attn.k_proj.weight,0.014205351980334052,0.0015895962715148926,0.21807700546924025,235.6762133760799,79.8601878470364,0.012521883894330331,0.0560218667730054,0.10378577851789578,0.38626014641261336,256
muon_sft,Muon + SFT,11,o_proj,attn,model.layers.11.self_attn.o_proj.weight,0.031183771696993316,0.0017532214988023043,1.0316335791036124,1094.4442780673287,316.3615607090464,0.0031609402790868353,0.014300855042913667,0.027441657465336725,0.12253030692144273,1536
muon_sft,Muon + SFT,11,q_proj,attn,model.layers.11.self_attn.q_proj.weight,0.026685390777398375,0.0016102269291877747,0.8668402222788103,1055.190750797832,274.6458006330816,0.003641053304637887,0.016575416422338184,0.03172179348630732,0.13681701415457453,1536
muon_sft,Muon + SFT,11,v_proj,attn,model.layers.11.self_attn.v_proj.weight,0.016208187044525937,0.001918346039019525,0.2496342715458013,237.213573769956,71.38631767940274,0.014008286636817694,0.05661845065876475,0.1017530321759002,0.3771084807186633,256
muon_sft,Muon + SFT,12,down_proj,mlp,model.layers.12.mlp.down_proj.weight,0.09215904951623809,0.004261906258761883,3.4783652600599453,1424.5391716938177,467.59320106254125,0.0021386110784494673,0.009555783059454172,0.018245524854066383,0.08092362346216485,1536
muon_sft,Muon + SFT,12,gate_proj,mlp,model.layers.12.mlp.gate_proj.weight,0.09273755660816445,0.004220493137836456,3.4930122823833614,1418.6946373193146,482.81961056472494,0.0020711669081344072,0.009407499857280602,0.018059373106888044,0.08001290475417416,1536
muon_sft,Muon + SFT,12,up_proj,mlp,model.layers.12.mlp.up_proj.weight,0.0924113369748061,0.004130890592932701,3.506756971375701,1439.9944924328004,500.4527976834923,0.001998190447987949,0.009078317286222763,0.017454608781496274,0.0770413530835261,1536
muon_sft,Muon + SFT,12,k_proj,attn,model.layers.12.self_attn.k_proj.weight,0.014703747043471826,0.001670532627031207,0.22543335604132153,235.06085283279168,77.47224139087444,0.01290784908306256,0.05727282903753318,0.10475418326650614,0.38741670731593564,256
muon_sft,Muon + SFT,12,o_proj,attn,model.layers.12.self_attn.o_proj.weight,0.030729680720868756,0.001645212876610458,1.011022918548072,1082.4451657115699,348.8766440582974,0.0028663426372356974,0.014035052776499423,0.027489614769955727,0.12512000389520295,1536
muon_sft,Muon + SFT,12,q_proj,attn,model.layers.12.self_attn.q_proj.weight,0.02727710366916475,0.0016577724600210786,0.8802536737737157,1041.4038622798944,270.736410987475,0.003693629520878382,0.016526223514050246,0.031434690306300944,0.13773042002818098,1536
muon_sft,Muon + SFT,12,v_proj,attn,model.layers.12.self_attn.v_proj.weight,0.016116304322892547,0.001965911593288183,0.24762807897059247,236.0852519893112,67.20521139514479,0.01487979844480103,0.05950123351264225,0.10506449063933992,0.3831241341319977,256
muon_sft,Muon + SFT,13,down_proj,mlp,model.layers.13.mlp.down_proj.weight,0.09208077145235606,0.004018913954496384,3.4812190134543926,1429.304613075803,524.9530729681583,0.0019049321767865073,0.009028531362281801,0.017384100500395048,0.07852485242197432,1536
muon_sft,Muon + SFT,13,gate_proj,mlp,model.layers.13.mlp.gate_proj.weight,0.09303847660197724,0.00411055376753211,3.5126866983482614,1425.4554569938039,512.3001874654459,0.0019519805466935319,0.009236825571969644,0.017685570462531195,0.07894551129216047,1536
muon_sft,Muon + SFT,13,up_proj,mlp,model.layers.13.mlp.up_proj.weight,0.0926534453502378,0.003989579621702433,3.5194928917335346,1442.9026735432751,539.3477519659702,0.0018540913471038149,0.008783257293052838,0.016775064818298404,0.07481084676330794,1536
muon_sft,Muon + SFT,13,k_proj,attn,model.layers.13.self_attn.k_proj.weight,0.014273043920477041,0.0016294090310111642,0.21842780549195595,234.1977080802566,76.73137245159813,0.013032478998480005,0.057773865967337065,0.10632280164066528,0.39364422487082507,256
muon_sft,Muon + SFT,13,o_proj,attn,model.layers.13.self_attn.o_proj.weight,0.03135518017449817,0.0017646367195993662,1.0358596449607376,1091.3981842903174,315.72427691349816,0.003167320580399901,0.014598008295587191,0.0281733430923534,0.1248344783219883,1536
muon_sft,Muon + SFT,13,q_proj,attn,model.layers.13.self_attn.q_proj.weight,0.026688506017325885,0.001644025556743145,0.8580254417728952,1033.5983430830743,263.53081048985644,0.003794622716566536,0.01722677032520054,0.03292919867993292,0.14273273389550906,1536
muon_sft,Muon + SFT,13,v_proj,attn,model.layers.13.self_attn.v_proj.weight,0.016372759438831867,0.002021853346377611,0.251250404457096,235.48854010781096,65.57593014133928,0.015249497763045784,0.05750930341709304,0.10402734445952067,0.3860491187949808,256
muon_sft,Muon + SFT,14,down_proj,mlp,model.layers.14.mlp.down_proj.weight,0.09237626355724135,0.004100548103451729,3.495066663133912,1431.4960156753361,507.50106954273605,0.0019704391971055563,0.009018092021432578,0.01737098491704408,0.07828854348776904,1536
muon_sft,Muon + SFT,14,gate_proj,mlp,model.layers.14.mlp.gate_proj.weight,0.09402453052345865,0.004181362222880125,3.5636382556986064,1436.4975104488467,505.64621975398325,0.0019776673115178027,0.009013148172493384,0.017139729332002748,0.07607390735915319,1536
muon_sft,Muon + SFT,14,up_proj,mlp,model.layers.14.mlp.up_proj.weight,0.09351868436423726,0.0041500539518892765,3.5545791061595082,1444.7063797089704,507.7960187160255,0.0019692946835788987,0.009024467535230046,0.017075329626659738,0.07436836758693949,1536
muon_sft,Muon + SFT,14,k_proj,attn,model.layers.14.self_attn.k_proj.weight,0.01524136978526645,0.0017649468500167131,0.23238778731320053,232.47625536138275,74.57353615412549,0.013409582696108731,0.05699620551530998,0.10568788262406041,0.3994096020899702,256
muon_sft,Muon + SFT,14,o_proj,attn,model.layers.14.self_attn.o_proj.weight,0.031142345893016187,0.0018616063753142953,0.9935800491346953,1017.8952241372887,279.8510449666439,0.003573329519349097,0.015783206136227697,0.029917252617132923,0.13078886517936597,1536
muon_sft,Muon + SFT,14,q_proj,attn,model.layers.14.self_attn.q_proj.weight,0.025299411581489007,0.0016845582285895944,0.7711339817455121,929.0494758212479,225.55309246340363,0.004433545951768547,0.02041179924189188,0.03891891605409296,0.1653059050746464,1536
muon_sft,Muon + SFT,14,v_proj,attn,model.layers.14.self_attn.v_proj.weight,0.01629128971380777,0.001912335748784244,0.24878676765365526,233.20809495200658,72.57426505139026,0.013778989002394914,0.058450690060369716,0.10701192714578465,0.3998060561160467,256
muon_sft,Muon + SFT,15,down_proj,mlp,model.layers.15.mlp.down_proj.weight,0.09384165502447653,0.004382624756544828,3.542734513292089,1425.2330980783267,458.4824770292176,0.0021811084394753725,0.009837082504295705,0.01858953348911907,0.08097039179662927,1536
muon_sft,Muon + SFT,15,gate_proj,mlp,model.layers.15.mlp.gate_proj.weight,0.0955569270222679,0.004544737283140421,3.6101803662358094,1427.3597632733242,442.0860223289593,0.0022620032063712095,0.009398962964138767,0.017800351081131986,0.07824940768476438,1536
muon_sft,Muon + SFT,15,up_proj,mlp,model.layers.15.mlp.up_proj.weight,0.09437506816338694,0.004346645437180996,3.5791603744664258,1438.2943042883355,471.4179614784896,0.0021212598621905268,0.00942840337980607,0.017724773330339803,0.07706071331999854,1536
muon_sft,Muon + SFT,15,k_proj,attn,model.layers.15.self_attn.k_proj.weight,0.01587134858113535,0.0019408557564020157,0.24231672630412504,233.0983105518954,66.8715115854285,0.01495405107932244,0.05869834451807679,0.10649214318775617,0.3951704882331288,256
muon_sft,Muon + SFT,15,o_proj,attn,model.layers.15.self_attn.o_proj.weight,0.03163761630950191,0.0017405994003638625,1.0412069009682128,1083.0950381010318,330.3770343540483,0.003026844774350601,0.014213839741325634,0.02756521099114856,0.1243884558476171,1536
muon_sft,Muon + SFT,15,q_proj,attn,model.layers.15.self_attn.q_proj.weight,0.02793968771112739,0.001793542760424316,0.8883475912898859,1010.9339067898645,242.6719749532661,0.004120788979413798,0.018460988752602787,0.0346218504634004,0.14656707554577608,1536
muon_sft,Muon + SFT,15,v_proj,attn,model.layers.15.self_attn.v_proj.weight,0.015931486515726304,0.001998336985707283,0.24364964914275333,233.89394554495777,63.558720766491426,0.01573348217113908,0.061940467313310155,0.11085411891494988,0.39615119291369505,256
muon_sft,Muon + SFT,16,down_proj,mlp,model.layers.16.mlp.down_proj.weight,0.09378048710152198,0.004515331704169512,3.5365385859040543,1422.1055568727452,431.3657390896582,0.002318218415097989,0.009966519553463364,0.018808736302789543,0.08212651130575241,1536
muon_sft,Muon + SFT,16,gate_proj,mlp,model.layers.16.mlp.gate_proj.weight,0.09621675721331327,0.0046583516523242,3.6307653811527416,1423.9506562394106,426.61575719230126,0.0023440296874670764,0.009818582680715875,0.018356379967235905,0.07960710218016386,1536
muon_sft,Muon + SFT,16,up_proj,mlp,model.layers.16.mlp.up_proj.weight,0.0948320414606666,0.004556134343147278,3.5870521630859002,1430.7547123120144,433.22863758975274,0.002308249993729531,0.010142856583910278,0.018870585438315008,0.0807553158467493,1536
muon_sft,Muon + SFT,16,k_proj,attn,model.layers.16.self_attn.k_proj.weight,0.015054102808568406,0.0017561916029080749,0.23047559475526214,234.39056909864286,73.47946112914703,0.013609245150048209,0.05818289293075155,0.10607941550087695,0.39186220446909686,256
muon_sft,Muon + SFT,16,o_proj,attn,model.layers.16.self_attn.o_proj.weight,0.031644384395097876,0.0018046051263809204,1.0452326913071772,1091.0198852473613,307.4885363957961,0.003252153760661862,0.014393909815148478,0.027708894986992263,0.12420199859221032,1536
muon_sft,Muon + SFT,16,q_proj,attn,model.layers.16.self_attn.q_proj.weight,0.027826733706195084,0.0017797058681026101,0.8777097880232887,994.8953914709766,244.4713659602802,0.0040904585944943435,0.01746403520210291,0.033064527662576906,0.14277685324393094,1536
muon_sft,Muon + SFT,16,v_proj,attn,model.layers.16.self_attn.v_proj.weight,0.016725734184847255,0.0020517364609986544,0.25576630322029814,233.838637467326,66.45493358701184,0.015047791729272652,0.05921292704085692,0.1073379558039449,0.39476405469136716,256
muon_sft,Muon + SFT,17,down_proj,mlp,model.layers.17.mlp.down_proj.weight,0.09372123384982822,0.004517953842878342,3.5300674117170274,1418.6981516026947,430.32087624222294,0.0023238472851526515,0.010105292776907948,0.01919344221508274,0.08373838012426699,1536
muon_sft,Muon + SFT,17,gate_proj,mlp,model.layers.17.mlp.gate_proj.weight,0.0959902542469725,0.0046365950256586075,3.6264284696025477,1427.2628018371433,428.60373771556624,0.002333157441253181,0.009655539193861267,0.018087203777216815,0.07862521220959785,1536
muon_sft,Muon + SFT,17,up_proj,mlp,model.layers.17.mlp.up_proj.weight,0.09486919286561493,0.004553510341793299,3.5846944902645035,1427.7556429383978,434.067986500373,0.002303786575145506,0.010278321467528608,0.01920687224333984,0.08191894528396965,1536
muon_sft,Muon + SFT,17,k_proj,attn,model.layers.17.self_attn.k_proj.weight,0.015482605850974034,0.0016681802226230502,0.23808482784079388,236.4696046469382,86.13946689355997,0.011609080437375713,0.05364711641756888,0.10005960486212714,0.3798982409177444,256
muon_sft,Muon + SFT,17,o_proj,attn,model.layers.17.self_attn.o_proj.weight,0.03209788741567016,0.0017817021580412984,1.053557461669044,1077.3667192971177,324.55080209485135,0.003081181724233563,0.014187613954093093,0.027537047951476285,0.12464587022719095,1536
muon_sft,Muon + SFT,17,q_proj,attn,model.layers.17.self_attn.q_proj.weight,0.02861564256405642,0.0017830462893471122,0.9260411371772719,1047.2576810561986,257.5619882325275,0.003882560492960623,0.01668487632380522,0.031924385916630105,0.13875380778476848,1536
muon_sft,Muon + SFT,17,v_proj,attn,model.layers.17.self_attn.v_proj.weight,0.016359667378441623,0.001961551606655121,0.25078291713725775,234.98869033420382,69.55838048416945,0.014376412921626123,0.05844138060365329,0.1058009317726039,0.3923915933794754,256
muon_sft,Muon + SFT,18,down_proj,mlp,model.layers.18.mlp.down_proj.weight,0.09381095264980902,0.004598221741616726,3.5328399904537946,1418.2109789535912,416.22414642695657,0.0024025516265320534,0.010658056642494786,0.019893833057197635,0.084285367671583,1536
muon_sft,Muon + SFT,18,gate_proj,mlp,model.layers.18.mlp.gate_proj.weight,0.09559679115880906,0.004433911759406328,3.604912890207217,1422.0108824136978,464.849681729651,0.002151233052971269,0.009657942039601327,0.018400712627314113,0.08019036409561522,1536
muon_sft,Muon + SFT,18,up_proj,mlp,model.layers.18.mlp.up_proj.weight,0.09432579674773112,0.004902144894003868,3.5588158683572573,1423.475747349388,370.2445523789523,0.0027009175248484986,0.01073845899205386,0.019823794072900427,0.08330149837829069,1536
muon_sft,Muon + SFT,18,k_proj,attn,model.layers.18.self_attn.k_proj.weight,0.01506113067020785,0.0017560647102072835,0.23087835888145491,234.99103847868489,73.55871299656657,0.013594582602970175,0.05843342928947837,0.10619340709395386,0.389828021162652,256
muon_sft,Muon + SFT,18,o_proj,attn,model.layers.18.self_attn.o_proj.weight,0.032783817433252004,0.0017659527948126197,1.0868289793662953,1099.014379731949,344.6361772059616,0.002901610643743822,0.013700833296140715,0.026616247239664482,0.12053123401750256,1536
muon_sft,Muon + SFT,18,q_proj,attn,model.layers.18.self_attn.q_proj.weight,0.029287595015018365,0.0018506631022319198,0.951650735761433,1055.8148214994646,250.44518621551768,0.003992889682213583,0.01735701990567064,0.032718863942365874,0.13964287948130513,1536
muon_sft,Muon + SFT,18,v_proj,attn,model.layers.18.self_attn.v_proj.weight,0.016586142313751582,0.001939857960678637,0.25526797148631886,236.8655383079728,73.10564481259131,0.013678834275568355,0.05759195015498651,0.1040179365749165,0.38040776518029734,256
muon_sft,Muon + SFT,19,down_proj,mlp,model.layers.19.mlp.down_proj.weight,0.09374370992404511,0.004414187744259834,3.5261710276827216,1414.8893315691487,451.00636632453364,0.0022172636012867796,0.010173554392341978,0.01919663393422304,0.08407126567483228,1536
muon_sft,Muon + SFT,19,gate_proj,mlp,model.layers.19.mlp.gate_proj.weight,0.09554183794814311,0.004512415733188391,3.596298805452605,1416.8515653650252,448.3002423239987,0.0022306479131395896,0.010213721965044687,0.019233793087658,0.08235178967919858,1536
muon_sft,Muon + SFT,19,up_proj,mlp,model.layers.19.mlp.up_proj.weight,0.09501591327604894,0.004640825092792511,3.5750964636772267,1415.7378228251696,419.18167891715257,0.0023856004455710977,0.010816056767177498,0.020157489575093692,0.08545149464786986,1536
muon_sft,Muon + SFT,19,k_proj,attn,model.layers.19.self_attn.k_proj.weight,0.015046537387031713,0.0017155504319816828,0.23174279020167887,237.2134588189821,76.92476144849893,0.012999715321437809,0.056228434423937164,0.10349305994662279,0.3783990632081494,256
muon_sft,Muon + SFT,19,o_proj,attn,model.layers.19.self_attn.o_proj.weight,0.03197840821796791,0.001759096048772335,1.060342771959796,1099.458588639635,330.4719310125451,0.003025975600820509,0.013893864474617025,0.02681378207492092,0.12069948305812744,1536
muon_sft,Muon + SFT,19,q_proj,attn,model.layers.19.self_attn.q_proj.weight,0.0302077358285803,0.001709893113002181,0.9898531193399513,1073.7549098959355,312.1033448937485,0.0032040669104025045,0.014907975547092415,0.028846808657691715,0.12829984230487765,1536
muon_sft,Muon + SFT,19,v_proj,attn,model.layers.19.self_attn.v_proj.weight,0.016081640639266228,0.0019412800902500749,0.2473926460952498,236.653463744911,68.62530780097043,0.01457188363949107,0.05864484556757662,0.10589516155398948,0.38358702667116445,256
muon_sft,Muon + SFT,2,down_proj,mlp,model.layers.2.mlp.down_proj.weight,0.09031879728135996,0.00429951585829258,3.410825983970426,1426.1422104869935,441.2829839369625,0.0022661195568394053,0.010210781298175691,0.0194290349766332,0.08358786681818178,1536
muon_sft,Muon + SFT,2,gate_proj,mlp,model.layers.2.mlp.gate_proj.weight,0.08902177523689259,0.003979904111474752,3.388740574967244,1449.0525793332024,500.31933169586756,0.0019987234884777084,0.00905069940939664,0.016993790037748067,0.0734248517189561,1536
muon_sft,Muon + SFT,2,up_proj,mlp,model.layers.2.mlp.up_proj.weight,0.0924478347870014,0.004117877222597599,3.5227049867212656,1451.9747375383104,504.01875903547216,0.001984053137057189,0.00911175975775254,0.017171787553194314,0.07306713281306383,1536
muon_sft,Muon + SFT,2,k_proj,attn,model.layers.2.self_attn.k_proj.weight,0.013977210966253163,0.0017197716515511274,0.21163644341868348,229.26611329199835,66.05405274545792,0.01513911650286686,0.065910929506509,0.12004797616523956,0.4239804225151056,256
muon_sft,Muon + SFT,2,o_proj,attn,model.layers.2.self_attn.o_proj.weight,0.032007938498399176,0.0017549750627949834,1.0599736720796145,1096.6669331190499,332.63926185291524,0.0030062596773142644,0.01417571050855955,0.02733808284200418,0.12190983244289369,1536
muon_sft,Muon + SFT,2,q_proj,attn,model.layers.2.self_attn.q_proj.weight,0.025480754973346502,0.0015563713386654854,0.8261196254895029,1051.141773364288,268.03908970435384,0.00373079912002013,0.017642890591471984,0.03361131447111384,0.14299461068703642,1536
muon_sft,Muon + SFT,2,v_proj,attn,model.layers.2.self_attn.v_proj.weight,0.01719670251908419,0.0019321049330756068,0.26257836556760594,233.14576133147762,79.2189238566486,0.012623246458252324,0.05611835332031723,0.10538238675503447,0.4006059774638743,256
muon_sft,Muon + SFT,20,down_proj,mlp,model.layers.20.mlp.down_proj.weight,0.09422080059278197,0.004584976937621832,3.5356978811323643,1408.1752804346445,422.29823782208587,0.0023679947260904738,0.010752143384642652,0.020061197035392903,0.0863978438796062,1536
muon_sft,Muon + SFT,20,gate_proj,mlp,model.layers.20.mlp.gate_proj.weight,0.09622305469272298,0.004419445060193539,3.6201605154616487,1415.4592628323862,474.04852649648603,0.0021094886791245254,0.009987119189935691,0.01902038255582744,0.0823454522580036,1536
muon_sft,Muon + SFT,20,up_proj,mlp,model.layers.20.mlp.up_proj.weight,0.09599958231502968,0.004849895369261503,3.6033220782739477,1408.8588306954425,391.80858556789775,0.0025522666854034693,0.010995917063832211,0.020450152775330764,0.08657310323915206,1536
muon_sft,Muon + SFT,20,k_proj,attn,model.layers.20.self_attn.k_proj.weight,0.01503006213519581,0.001719790161587298,0.23110471671679989,236.42645290167914,76.37841324186662,0.01309270456867586,0.056514630959787995,0.1030031044188165,0.3833928544986483,256
muon_sft,Muon + SFT,20,o_proj,attn,model.layers.20.self_attn.o_proj.weight,0.0316382426547913,0.001719367690384388,1.0473269321239655,1095.8215528259389,338.6001782777732,0.0029533357161426023,0.013743480493896005,0.026718887326989592,0.12108714258308202,1536
muon_sft,Muon + SFT,20,q_proj,attn,model.layers.20.self_attn.q_proj.weight,0.02924270386170432,0.0017259257147088647,0.9536264494530389,1063.4608917667808,287.0720123441932,0.0034834465116753404,0.015850409941290996,0.030355581242095305,0.1330690993646026,1536
muon_sft,Muon + SFT,20,v_proj,attn,model.layers.20.self_attn.v_proj.weight,0.015801544130968223,0.002003130502998829,0.24283268535509706,236.16483319821236,62.227244198650375,0.01607013154572075,0.05883994493906973,0.10564120730280363,0.3857700004606608,256
muon_sft,Muon + SFT,21,down_proj,mlp,model.layers.21.mlp.down_proj.weight,0.09457590243025535,0.0047799632884562016,3.537999766995199,1399.441059779097,391.48206068858116,0.00255439546384601,0.011148578606078244,0.02080821162739804,0.08912718521940564,1536
muon_sft,Muon + SFT,21,gate_proj,mlp,model.layers.21.mlp.gate_proj.weight,0.0946719150240895,0.004485246259719133,3.533543005469255,1393.0876380594664,445.52259943930403,0.00224455504896612,0.01063803117579881,0.02045677251494976,0.08948964803669261,1536
muon_sft,Muon + SFT,21,up_proj,mlp,model.layers.21.mlp.up_proj.weight,0.09499146181228277,0.005138499196618795,3.54529080609791,1392.9469822039143,341.7405831140085,0.0029261962126002133,0.011645789796091323,0.021538117388367292,0.09152301686721644,1536
muon_sft,Muon + SFT,21,k_proj,attn,model.layers.21.self_attn.k_proj.weight,0.015323755411161006,0.0018151082331314683,0.23519587915507145,235.5748881847662,71.27305416659725,0.014030547893493513,0.05971945540040078,0.10582520555374494,0.38525338009208454,256
muon_sft,Muon + SFT,21,o_proj,attn,model.layers.21.self_attn.o_proj.weight,0.03107360994218887,0.0018152539851143956,1.0249912252571534,1088.0700978723855,293.02766338183505,0.0034126470806851153,0.014898196993101737,0.028348821093188904,0.1252659904032863,1536
muon_sft,Muon + SFT,21,q_proj,attn,model.layers.21.self_attn.q_proj.weight,0.02796796761411447,0.0018246789695695043,0.8981023550013241,1031.169014049312,234.93562820039864,0.004256485096194121,0.01855311373354943,0.03497585009209497,0.14832472948004546,1536
muon_sft,Muon + SFT,21,v_proj,attn,model.layers.21.self_attn.v_proj.weight,0.01583835714512922,0.002088018227368593,0.24254060350358486,234.50313018521348,57.53759335875934,0.01737994138484006,0.06573347362958952,0.11423925053481541,0.39743388773417815,256
muon_sft,Muon + SFT,22,down_proj,mlp,model.layers.22.mlp.down_proj.weight,0.09465058363231361,0.004858082626014948,3.5370309489080682,1396.468446906174,379.5917793285709,0.0026344090005553304,0.011597293503219697,0.021308086661666822,0.09054857527431184,1536
muon_sft,Muon + SFT,22,gate_proj,mlp,model.layers.22.mlp.gate_proj.weight,0.09582243989145196,0.0046575842425227165,3.584346556922469,1399.218493984965,423.2656377473537,0.0023625825269494184,0.010490502853020023,0.019657476324554037,0.08548727554754444,1536
muon_sft,Muon + SFT,22,up_proj,mlp,model.layers.22.mlp.up_proj.weight,0.09594105273590128,0.005134746432304382,3.5917716548565295,1401.5496216979436,349.1169666204347,0.00286436952543534,0.011174609938886701,0.020602491980743157,0.08785719533598518,1536
muon_sft,Muon + SFT,22,k_proj,attn,model.layers.22.self_attn.k_proj.weight,0.015354759020834293,0.0016790129011496902,0.23157794494181871,227.46175271291844,83.6330516008237,0.01195699524122292,0.05690458378233318,0.1076257332682568,0.42126964165152236,256
muon_sft,Muon + SFT,22,o_proj,attn,model.layers.22.self_attn.o_proj.weight,0.03175185961735216,0.001814253511838615,1.0507359691442275,1095.087614981052,306.2967486170213,0.003264807754294355,0.014411254610056967,0.02765824915745356,0.1229389453773111,1536
muon_sft,Muon + SFT,22,q_proj,attn,model.layers.22.self_attn.q_proj.weight,0.02767358403052637,0.0017894621705636382,0.8780033916108891,1006.6107631520849,239.15847403901708,0.0041813278999131625,0.018694013790884076,0.035963377370876244,0.15482955614807553,1536
muon_sft,Muon + SFT,22,v_proj,attn,model.layers.22.self_attn.v_proj.weight,0.015487363234962194,0.0017386869294568896,0.2355553712695837,231.32951905756576,79.34365267558104,0.01260340261985143,0.05830499352230199,0.10885261591053738,0.40989368190369,256
muon_sft,Muon + SFT,23,down_proj,mlp,model.layers.23.mlp.down_proj.weight,0.09509036798592772,0.004778559785336256,3.561414018389769,1402.7228498461825,395.9852491337742,0.002525346593560039,0.011196986351257977,0.02078893540619207,0.0886896406348742,1536
muon_sft,Muon + SFT,23,gate_proj,mlp,model.layers.23.mlp.gate_proj.weight,0.0965033952788063,0.004749753512442112,3.6185433038016868,1405.9904207351337,412.8031870726728,0.0024224619172427873,0.010255329593293358,0.019219952369484334,0.08415329912602403,1536
muon_sft,Muon + SFT,23,up_proj,mlp,model.layers.23.mlp.up_proj.weight,0.09689515294055615,0.004546179436147213,3.6330698957673917,1405.8642954665352,454.26675930595883,0.0022013497125077507,0.010149469977040783,0.019382002422153898,0.08579502075099565,1536
muon_sft,Muon + SFT,23,k_proj,attn,model.layers.23.self_attn.k_proj.weight,0.015310449810588551,0.0016893704887479544,0.2331455561798066,231.88805820070806,82.13459002351722,0.012175138388268262,0.056385748124151806,0.10608471440104512,0.40625583038038876,256
muon_sft,Muon + SFT,23,o_proj,attn,model.layers.23.self_attn.o_proj.weight,0.03112489913205934,0.0018216647440567613,1.0296796088394444,1094.4308318246558,291.9301825989477,0.0034254765680525583,0.0144974571930252,0.02757993882323843,0.12226042634621248,1536
muon_sft,Muon + SFT,23,q_proj,attn,model.layers.23.self_attn.q_proj.weight,0.029321639373592317,0.001729485229589045,0.9517554843133951,1053.596404641543,287.4370727968728,0.0034790223483339043,0.016213262584964673,0.03137367713123406,0.13907982247668402,1536
muon_sft,Muon + SFT,23,v_proj,attn,model.layers.23.self_attn.v_proj.weight,0.0157435321225328,0.001899909577332437,0.23983217624481767,232.0654820617864,68.6654839372461,0.014563357638517594,0.06187986390425312,0.11314182187569759,0.40911030068861326,256
muon_sft,Muon + SFT,24,down_proj,mlp,model.layers.24.mlp.down_proj.weight,0.09567966626523305,0.004824670497328043,3.5790827305754647,1399.278531008544,393.2819248955749,0.0025427052114472904,0.011506631922647238,0.02157103241343981,0.0903888854324449,1536
muon_sft,Muon + SFT,24,gate_proj,mlp,model.layers.24.mlp.gate_proj.weight,0.09636706252278948,0.005161474924534559,3.604731540344691,1399.2283991194338,348.5857250364396,0.002868734799439835,0.011152730257565975,0.02062038862398474,0.08778984124395116,1536
muon_sft,Muon + SFT,24,up_proj,mlp,model.layers.24.mlp.up_proj.weight,0.09703104257586477,0.004969123285263777,3.616872968424424,1389.4570155984943,381.2956510975418,0.0026226367836127856,0.011711703458903575,0.021666810029933394,0.09189214003114252,1536
muon_sft,Muon + SFT,24,k_proj,attn,model.layers.24.self_attn.k_proj.weight,0.01529712045948588,0.001687207375653088,0.23595903773093596,237.9325502517167,82.20201107796697,0.012165152493063946,0.0551738155939068,0.10138148218740002,0.37402701423486784,256
muon_sft,Muon + SFT,24,o_proj,attn,model.layers.24.self_attn.o_proj.weight,0.030907171093624255,0.0019757673144340515,1.026323143937475,1102.6805963100053,244.70729679017157,0.004086514840860945,0.015147787822162476,0.028101157576606743,0.12115062711017416,1536
muon_sft,Muon + SFT,24,q_proj,attn,model.layers.24.self_attn.q_proj.weight,0.030457358551292578,0.00175904028583318,1.002527856583268,1083.448882369673,299.8008778657675,0.0033355472709714305,0.015188711576485865,0.028940518239285278,0.1269932415177335,1536
muon_sft,Muon + SFT,24,v_proj,attn,model.layers.24.self_attn.v_proj.weight,0.015688240821382798,0.0018263329984620214,0.24149881908670068,236.96353947898874,73.7884797032733,0.013552251029175759,0.05775566128101371,0.10460588459445903,0.38057556685911587,256
muon_sft,Muon + SFT,25,down_proj,mlp,model.layers.25.mlp.down_proj.weight,0.09756163523110147,0.005071109160780907,3.651169029646553,1400.5729554811805,370.12824099259757,0.0027017662778669183,0.011384519110360461,0.021293461293801955,0.08918423849802508,1536
muon_sft,Muon + SFT,25,gate_proj,mlp,model.layers.25.mlp.gate_proj.weight,0.09760030574774499,0.004768094513565302,3.6541800908538846,1401.772506942378,418.9986709943286,0.002386642414943449,0.010863713907985233,0.020361308248919283,0.08715764345075058,1536
muon_sft,Muon + SFT,25,up_proj,mlp,model.layers.25.mlp.up_proj.weight,0.09733693970471628,0.004835220519453287,3.62195899932091,1384.6234544431898,405.24979536033334,0.002467613830898635,0.011492412737893377,0.021792755356584665,0.09295037570530938,1536
muon_sft,Muon + SFT,25,k_proj,attn,model.layers.25.self_attn.k_proj.weight,0.015529327748683939,0.0017410380532965064,0.23207123429165222,223.32498443496956,79.55890275800792,0.012569303564199118,0.05954742739617426,0.1135184491134632,0.438596692347252,256
muon_sft,Muon + SFT,25,o_proj,attn,model.layers.25.self_attn.o_proj.weight,0.029948483851881095,0.0018295267364010215,0.9928761226252902,1099.108208017641,267.9613523438888,0.003731881449518316,0.014921942856736809,0.027966694157731942,0.12210658340637683,1536
muon_sft,Muon + SFT,25,q_proj,attn,model.layers.25.self_attn.q_proj.weight,0.027688052868819632,0.0017295809229835868,0.8826936698142265,1016.3310479488829,256.27312116808616,0.0039020869431879014,0.018817320509458006,0.03629948976816069,0.15568928892649325,1536
muon_sft,Muon + SFT,25,v_proj,attn,model.layers.25.self_attn.v_proj.weight,0.014205414119064211,0.0019275698577985168,0.20949862376437522,217.4976410086716,54.310968183379636,0.018412487080390925,0.07445829300812494,0.1337657476866294,0.47217302310225795,256
muon_sft,Muon + SFT,26,down_proj,mlp,model.layers.26.mlp.down_proj.weight,0.09724982817900972,0.005300235468894243,3.634071577922441,1396.3981628361084,336.65677382979993,0.0029703843134478544,0.011577027213335514,0.02143588859000113,0.08970861944510894,1536
muon_sft,Muon + SFT,26,gate_proj,mlp,model.layers.26.mlp.gate_proj.weight,0.09900889029514665,0.0047098309732973576,3.715788455159185,1408.4893785008092,441.91398227698886,0.002262883819261474,0.010251789383165332,0.0194357133603746,0.0847736259638128,1536
muon_sft,Muon + SFT,26,up_proj,mlp,model.layers.26.mlp.up_proj.weight,0.0966440769115026,0.005105150397866964,3.5721687962130986,1366.1974185098552,358.3714490244256,0.00279040086123558,0.013056588431484578,0.02420487829045079,0.09856331038173895,1536
muon_sft,Muon + SFT,26,k_proj,attn,model.layers.26.self_attn.k_proj.weight,0.015342922288113275,0.0018861655844375491,0.23429699573898688,233.19394477619971,66.16929965791385,0.015112748739519111,0.05751909074072232,0.10460835940789534,0.397624712505154,256
muon_sft,Muon + SFT,26,o_proj,attn,model.layers.26.self_attn.o_proj.weight,0.029952264381014754,0.001675704843364656,0.9940153883782443,1101.3539014464677,319.49515091973365,0.0031299379571842973,0.014000037177268783,0.026993802055406205,0.12055863875321689,1536
muon_sft,Muon + SFT,26,q_proj,attn,model.layers.26.self_attn.q_proj.weight,0.026937815161100408,0.0016439164755865932,0.8591874670123114,1017.3048839188415,268.51295318097124,0.0037242151194323355,0.017450288938856272,0.03381283476203381,0.1491710370728187,1536
muon_sft,Muon + SFT,26,v_proj,attn,model.layers.26.self_attn.v_proj.weight,0.014744036779300388,0.0019136471673846245,0.22401366304256953,230.8427312726677,59.362075556691686,0.016845772163828484,0.06561405860790734,0.11653636788762121,0.41447737988665506,256
muon_sft,Muon + SFT,27,down_proj,mlp,model.layers.27.mlp.down_proj.weight,0.08237783445485232,0.005001863930374384,2.9254339856415754,1261.1300169190545,271.2420361764679,0.0036867441864704485,0.016981097467110347,0.031585349629336845,0.12425932766670388,1536
muon_sft,Muon + SFT,27,gate_proj,mlp,model.layers.27.mlp.gate_proj.weight,0.0971185576267007,0.005461778491735458,3.5604657019122374,1344.0306278157111,316.1813735565336,0.0031627416528418584,0.013027803289970436,0.023784553374739902,0.09974778711158654,1536
muon_sft,Muon + SFT,27,up_proj,mlp,model.layers.27.mlp.up_proj.weight,0.08773915107171382,0.005060799885541201,3.1001423685489016,1248.4651416298398,300.5720037686477,0.0033269898309281885,0.015355937509918538,0.02862618089087155,0.11919111340049929,1536
muon_sft,Muon + SFT,27,k_proj,attn,model.layers.27.self_attn.k_proj.weight,0.015925907910158736,0.0017726742662489414,0.23886539664817974,224.95625830129583,80.71430656771861,0.012389377330040103,0.05845715667686278,0.1118356777507957,0.4328637572218617,256
muon_sft,Muon + SFT,27,o_proj,attn,model.layers.27.self_attn.o_proj.weight,0.02978136759927239,0.0018303049728274345,0.9721436608986664,1065.5445759817,264.7538932239954,0.003777092709847135,0.016465953594387055,0.03129517625610388,0.1349412632509633,1536
muon_sft,Muon + SFT,27,q_proj,attn,model.layers.27.self_attn.q_proj.weight,0.02978529100734247,0.001842709956690669,0.9618247464500769,1042.7692076023836,261.2701112755931,0.003827456554895326,0.016895897566129633,0.032661435807138706,0.143445139362088,1536
muon_sft,Muon + SFT,27,v_proj,attn,model.layers.27.self_attn.v_proj.weight,0.014023377314518137,0.00200025737285614,0.2075416792940814,219.03091335026636,49.15112684648417,0.020345413506456182,0.07437270725597013,0.13371359298824279,0.4679193614984796,256
muon_sft,Muon + SFT,3,down_proj,mlp,model.layers.3.mlp.down_proj.weight,0.09081802796981142,0.004488755017518997,3.421749028377235,1419.5548260019896,409.3476745344229,0.0024429111540388336,0.010574361395188843,0.019709889904779426,0.08468731760411069,1536
muon_sft,Muon + SFT,3,gate_proj,mlp,model.layers.3.mlp.gate_proj.weight,0.08910269682802947,0.004361191764473915,3.3773907826472964,1436.7490874477571,417.4181519865607,0.0023956792373327268,0.010288680459170266,0.019117646427740692,0.079436247847356,1536
muon_sft,Muon + SFT,3,up_proj,mlp,model.layers.3.mlp.up_proj.weight,0.09178026846802337,0.0041837021708488464,3.492402325806836,1447.9377470049876,481.2570743629711,0.0020778915329684807,0.009412946913132622,0.017732548888948818,0.07574546168990312,1536
muon_sft,Muon + SFT,3,k_proj,attn,model.layers.3.self_attn.k_proj.weight,0.015067875248189165,0.0022130662109702826,0.22776872746180743,228.49892386097525,46.356988698954765,0.021571720425890117,0.07046187141939365,0.1216223114718325,0.42258291271526627,256
muon_sft,Muon + SFT,3,o_proj,attn,model.layers.3.self_attn.o_proj.weight,0.0305855724425015,0.0017922805855050683,0.9863420271323662,1039.9724880390495,291.22001881013176,0.0034338298722931377,0.016027088114338763,0.03088342987003109,0.13553093527584378,1536
muon_sft,Muon + SFT,3,q_proj,attn,model.layers.3.self_attn.q_proj.weight,0.02513824370099722,0.0016641042893752456,0.7865614248776183,979.0286992568213,228.19639763096114,0.004382190123865138,0.020140958444675786,0.038655951326614015,0.16329105833476562,1536
muon_sft,Muon + SFT,3,v_proj,attn,model.layers.3.self_attn.v_proj.weight,0.01670509641207226,0.0021221644710749388,0.25272357708308846,228.87246498880037,61.9640640530132,0.016138386261179583,0.06680163537024386,0.1194751992363938,0.4231331560586344,256
muon_sft,Muon + SFT,4,down_proj,mlp,model.layers.4.mlp.down_proj.weight,0.0911351292936874,0.004755444824695587,3.437134890933521,1422.3992831855887,367.27328027476574,0.0027227681775594363,0.01055392981198398,0.019550560271026505,0.08362459311330078,1536
muon_sft,Muon + SFT,4,gate_proj,mlp,model.layers.4.mlp.gate_proj.weight,0.0905325571149635,0.005040115211158991,3.4167910207695513,1424.3845673307335,322.6477542148763,0.003099355216134628,0.011271626826916013,0.020337978460489178,0.08276048467016374,1536
muon_sft,Muon + SFT,4,up_proj,mlp,model.layers.4.mlp.up_proj.weight,0.09214439883673181,0.00437572319060564,3.50279410866068,1445.078165970732,443.44340540821685,0.0022550792001956566,0.009487490406244931,0.017843883867513236,0.07594867705676148,1536
muon_sft,Muon + SFT,4,k_proj,attn,model.layers.4.self_attn.k_proj.weight,0.01508232655555993,0.0018669021083042026,0.2293560484831687,231.2510513712788,65.26699042541176,0.015321680890783791,0.06422281319986099,0.11569984976329485,0.4102062014306925,256
muon_sft,Muon + SFT,4,o_proj,attn,model.layers.4.self_attn.o_proj.weight,0.03014618928063086,0.0017292402917519212,0.9798126685409727,1056.3826444721083,303.91641035014555,0.003290378426251773,0.015791528561976985,0.030630148956280138,0.13578533601917078,1536
muon_sft,Muon + SFT,4,q_proj,attn,model.layers.4.self_attn.q_proj.weight,0.024074598619721558,0.0017122558783739805,0.7502851588510566,971.257983244448,197.6882143316043,0.005058470498006468,0.021949443053771157,0.04076991898753783,0.16655607122447955,1536
muon_sft,Muon + SFT,4,v_proj,attn,model.layers.4.self_attn.v_proj.weight,0.01625227514995666,0.002114642644301057,0.24675791585468687,230.522783212059,59.068284847923984,0.01692955877379172,0.06736730653054883,0.12082872561058708,0.4180203963470747,256
muon_sft,Muon + SFT,5,down_proj,mlp,model.layers.5.mlp.down_proj.weight,0.0919528495336623,0.004473806358873844,3.465987594681792,1420.7694940470533,422.4506857262184,0.0023671401983427704,0.010221022290542524,0.019153881538324986,0.08291173021341247,1536
muon_sft,Muon + SFT,5,gate_proj,mlp,model.layers.5.mlp.gate_proj.weight,0.09184575079824517,0.004487344995141029,3.453269327220624,1413.652823528481,418.92783470674107,0.002387045971056143,0.010110065982009798,0.019070554249365334,0.08255166224064087,1536
muon_sft,Muon + SFT,5,up_proj,mlp,model.layers.5.mlp.up_proj.weight,0.09329471844107062,0.0042886980809271336,3.543389391897751,1442.5259834231013,473.22008550276877,0.0021131816476842023,0.009455398566380453,0.017771723084530965,0.07563727688938075,1536
muon_sft,Muon + SFT,5,k_proj,attn,model.layers.5.self_attn.k_proj.weight,0.014508453837131645,0.00172280368860811,0.21970536158187315,229.3184756658403,70.92031870558938,0.014100331445932826,0.06359788428094827,0.1173488982523393,0.4238319205868285,256
muon_sft,Muon + SFT,5,o_proj,attn,model.layers.5.self_attn.o_proj.weight,0.03085749659215707,0.001791271730326116,1.0154233865740707,1082.8615763924502,296.75526676036856,0.0033697801252757726,0.01538450341993842,0.029537437600790768,0.12935420751687016,1536
muon_sft,Muon + SFT,5,q_proj,attn,model.layers.5.self_attn.q_proj.weight,0.026022947012064198,0.0016026279190555215,0.8306707129963229,1018.9311579380586,263.6620026058862,0.0037927346000431058,0.018252372163495765,0.035131478919438346,0.1510211304211955,1536
muon_sft,Muon + SFT,5,v_proj,attn,model.layers.5.self_attn.v_proj.weight,0.016612426609192037,0.0019019485916942358,0.2528182610985823,231.60649227880052,76.29017347849906,0.013107848028184535,0.05901375713335671,0.10924967180867881,0.40897274215658064,256
muon_sft,Muon + SFT,6,down_proj,mlp,model.layers.6.mlp.down_proj.weight,0.09187362079863078,0.004598456900566816,3.4592054308159277,1417.656596758453,399.16956828183345,0.0025052009959184826,0.01036640464639097,0.019305298428776537,0.08357082906053356,1536
muon_sft,Muon + SFT,6,gate_proj,mlp,model.layers.6.mlp.gate_proj.weight,0.09201767932444602,0.004792333114892244,3.4603844172771403,1414.184727845348,368.679131688661,0.002712385687304025,0.011120222419336828,0.02036981350040226,0.08416505903623289,1536
muon_sft,Muon + SFT,6,up_proj,mlp,model.layers.6.mlp.up_proj.weight,0.09338747442427517,0.004842472728341818,3.5426934672347556,1439.0964173446248,371.9143142733533,0.0026887913737705994,0.010689253402430906,0.01908555184166436,0.077803315100793,1536
muon_sft,Muon + SFT,6,k_proj,attn,model.layers.6.self_attn.k_proj.weight,0.014859414931456096,0.001956274500116706,0.22685375000583008,233.07114272565866,57.69575118225021,0.017332298817657903,0.06578507277607555,0.11630175363109917,0.4035763649377986,256
muon_sft,Muon + SFT,6,o_proj,attn,model.layers.6.self_attn.o_proj.weight,0.03061919912387047,0.001709890435449779,1.005214301288305,1077.7788657669325,320.66465156243,0.0031185227156393033,0.014906196947569362,0.028879949913032874,0.12864785929966882,1536
muon_sft,Muon + SFT,6,q_proj,attn,model.layers.6.self_attn.q_proj.weight,0.026591199228824323,0.001684996415860951,0.8526741609223905,1028.2302045082756,249.04503324899034,0.0040153380573553525,0.018445233008306763,0.03519896269685202,0.14867094269583,1536
muon_sft,Muon + SFT,6,v_proj,attn,model.layers.6.self_attn.v_proj.weight,0.01608459999379482,0.001968085765838623,0.24554330087266862,233.04277857559342,66.79323670243636,0.014971575706908718,0.05885669153557609,0.10858481934807418,0.40418403492790905,256
muon_sft,Muon + SFT,7,down_proj,mlp,model.layers.7.mlp.down_proj.weight,0.0902126329218813,0.004172518849372864,3.404594876570627,1424.2825915309627,467.45316202096745,0.0021392517609179107,0.009986757518670968,0.018786180870995723,0.08151274935422669,1536
muon_sft,Muon + SFT,7,gate_proj,mlp,model.layers.7.mlp.gate_proj.weight,0.09302126435500485,0.004169857129454613,3.5183189678908775,1430.5595567897076,497.6478431372985,0.00200945309778848,0.009379571723944229,0.01771202440213941,0.0773812204988889,1536
muon_sft,Muon + SFT,7,up_proj,mlp,model.layers.7.mlp.up_proj.weight,0.0929888078063589,0.004658999387174845,3.5355377824770358,1445.6048809496228,398.360301887115,0.002510290295651433,0.010360927336821028,0.01831034496918756,0.07505088405029285,1536
muon_sft,Muon + SFT,7,k_proj,attn,model.layers.7.self_attn.k_proj.weight,0.014727450518754764,0.001735248719342053,0.22456300075282343,232.4990921540488,72.03302935153019,0.013882520407685133,0.06154715860310045,0.11254010771392371,0.4060704747081875,256
muon_sft,Muon + SFT,7,o_proj,attn,model.layers.7.self_attn.o_proj.weight,0.03106268610826019,0.0017542538698762655,1.0267748466121134,1092.6282519260178,313.5401268478031,0.0031893844339911694,0.01446191075306713,0.027739008862836503,0.12370545581177551,1536
muon_sft,Muon + SFT,7,q_proj,attn,model.layers.7.self_attn.q_proj.weight,0.025202766035355106,0.0015911910450085998,0.8060407125397759,1022.8631691720351,250.87175245627614,0.003986100428641473,0.018863392798909064,0.03591956952771079,0.15040755755007157,1536
muon_sft,Muon + SFT,7,v_proj,attn,model.layers.7.self_attn.v_proj.weight,0.016565201488428986,0.0020986334420740604,0.2529208735213615,233.11804950510438,62.30462223946113,0.016050173551435835,0.06087855761467401,0.1093998005515919,0.39952802124448916,256
muon_sft,Muon + SFT,8,down_proj,mlp,model.layers.8.mlp.down_proj.weight,0.09041552698593715,0.004261555150151253,3.411874435842037,1423.9673903617331,450.1422833081323,0.002221519810693896,0.00983782065655569,0.018493544863390228,0.08098555257856978,1536
muon_sft,Muon + SFT,8,gate_proj,mlp,model.layers.8.mlp.gate_proj.weight,0.09257024025758905,0.004073155578225851,3.4921947213588282,1423.161286265237,516.5124383183045,0.001936061797961471,0.009088874125941912,0.0175727991642114,0.07882789077580434,1536
muon_sft,Muon + SFT,8,up_proj,mlp,model.layers.8.mlp.up_proj.weight,0.09271389518648811,0.004018464125692844,3.522249982575886,1443.2803418800597,532.3159309592247,0.001878583641481509,0.008926101827313179,0.01697847183359717,0.07485965757614073,1536
muon_sft,Muon + SFT,8,k_proj,attn,model.layers.8.self_attn.k_proj.weight,0.014784364327035015,0.0018717192579060793,0.22589219865039922,233.45176008595513,62.391279897271005,0.016027880845633044,0.06526870620074918,0.11610434721346373,0.4017329312046415,256
muon_sft,Muon + SFT,8,o_proj,attn,model.layers.8.self_attn.o_proj.weight,0.030438813948352506,0.0017475500935688615,0.9972766020593156,1073.4351379583852,303.38645326522163,0.003296126076947134,0.015098391418554371,0.02893101871926859,0.12762247076275005,1536
muon_sft,Muon + SFT,8,q_proj,attn,model.layers.8.self_attn.q_proj.weight,0.025539138852285828,0.0016007603844627738,0.8238030731427628,1040.481389987577,254.54222901740204,0.003928621210948986,0.018673270542815017,0.035413667170992535,0.14768621324947973,1536
muon_sft,Muon + SFT,8,v_proj,attn,model.layers.8.self_attn.v_proj.weight,0.015820185536166438,0.0020732127595692873,0.2420704834512435,234.1318679602644,58.22847269985114,0.017173728824293147,0.06334699399395559,0.11157711204761107,0.39764324237803583,256
muon_sft,Muon + SFT,9,down_proj,mlp,model.layers.9.mlp.down_proj.weight,0.09003499690438065,0.003886579303070903,3.404608096345328,1429.9193633502666,536.6456837873002,0.001863426894524974,0.00888992248610522,0.017317729401660154,0.07859452529100802,1536
muon_sft,Muon + SFT,9,gate_proj,mlp,model.layers.9.mlp.gate_proj.weight,0.09167255864704782,0.0041726441122591496,3.4662560668236324,1429.6923041860646,482.6763455800032,0.0020717816589879913,0.008948505371578677,0.017240148087357424,0.07735133174517231,1536
muon_sft,Muon + SFT,9,up_proj,mlp,model.layers.9.mlp.up_proj.weight,0.09175198833165905,0.003945881966501474,3.490602025437198,1447.3371301875861,540.6830922852919,0.0018495122452846173,0.008433869893955821,0.01612332319018233,0.07225968609550555,1536
muon_sft,Muon + SFT,9,k_proj,attn,model.layers.9.self_attn.k_proj.weight,0.014218153784718931,0.0016975892940536141,0.21542018017498776,229.55478768983753,70.1489474821808,0.014255381383363156,0.06284789688569695,0.11529551794935619,0.4206174361431085,256
muon_sft,Muon + SFT,9,o_proj,attn,model.layers.9.self_attn.o_proj.weight,0.030441076953408856,0.001749537419527769,0.9567088359769849,987.7329554781528,302.7426126285012,0.0033031359256554707,0.015214800662371415,0.029385438296913993,0.13186801540056475,1536
muon_sft,Muon + SFT,9,q_proj,attn,model.layers.9.self_attn.q_proj.weight,0.02481657483526747,0.0016179458471015096,0.7508535833368029,915.4335707428195,235.26413038101248,0.004250541714032184,0.0201721267636672,0.038487133568678965,0.1632876103681194,1536
muon_sft,Muon + SFT,9,v_proj,attn,model.layers.9.self_attn.v_proj.weight,0.01598809200996113,0.0018014251254498959,0.24409172165906057,233.08419370043143,78.77000014310967,0.012695188500484903,0.056368215287455316,0.10529040054420108,0.4008065410336314,256
adamw_grpo,AdamW + GRPO,-1,embed,embed,model.embed_tokens.weight,0.07425391541509073,0.02229532040655613,2.248934227565769,917.3071750153819,11.092036294713118,0.09015477171460731,0.1979288148179354,0.24048982733567328,0.389394015860904,1536
adamw_grpo,AdamW + GRPO,0,down_proj,mlp,model.layers.0.mlp.down_proj.weight,0.0999296627381424,0.014840375632047653,3.3118463392020203,1098.3772109551928,45.34183121037922,0.022054689307984755,0.06563202190968404,0.09953755108063721,0.2594276102876461,1536
adamw_grpo,AdamW + GRPO,0,gate_proj,mlp,model.layers.0.mlp.gate_proj.weight,0.0999299612020066,0.01967395842075348,2.80424876779216,787.4838172714755,25.799300983274673,0.03876074009324074,0.10411430243986942,0.15018803496291355,0.3556058932598321,1536
adamw_grpo,AdamW + GRPO,0,up_proj,mlp,model.layers.0.mlp.up_proj.weight,0.10016670970545623,0.020093467086553574,2.770009923766338,764.7435688890644,24.850610176508063,0.04024046061232437,0.1093814304560778,0.15603594999891843,0.3687890048900339,1536
adamw_grpo,AdamW + GRPO,0,k_proj,attn,model.layers.0.self_attn.k_proj.weight,0.016737621155776983,0.007245481479912996,0.1828995562173077,119.4092130141697,5.336456405973482,0.18739026873350406,0.4642354263993994,0.5602131947902396,0.804373116207843,256
adamw_grpo,AdamW + GRPO,0,o_proj,attn,model.layers.0.self_attn.o_proj.weight,0.04154807254849577,0.012681917287409306,0.9864964137249252,563.7535101375573,10.73326692317474,0.0931682783217521,0.20900111466693733,0.26918055625149667,0.4884796061535234,1536
adamw_grpo,AdamW + GRPO,0,q_proj,attn,model.layers.0.self_attn.q_proj.weight,0.038352401374437683,0.013195125386118889,0.8222778526060435,459.6762465885883,8.448081223493245,0.11837007404937146,0.23762283114778895,0.32173627235744323,0.5812047096769436,1536
adamw_grpo,AdamW + GRPO,0,v_proj,attn,model.layers.0.self_attn.v_proj.weight,0.01685044924646419,0.005761460866779089,0.23057459641131572,187.24056643653847,8.55377328430063,0.116907470745732,0.23121153175846448,0.30294863395220384,0.6003116959490921,256
adamw_grpo,AdamW + GRPO,1,down_proj,mlp,model.layers.1.mlp.down_proj.weight,0.09984430040386996,0.013356728479266167,3.3669517486705445,1137.1748041617284,55.87870869954441,0.017895903883121643,0.05574441168734222,0.08843203252947987,0.23776985381805996,1536
adamw_grpo,AdamW + GRPO,1,gate_proj,mlp,model.layers.1.mlp.gate_proj.weight,0.10009523664351423,0.018484091386198997,3.1446201840008143,986.9827764306782,29.324499419131843,0.03410117887119265,0.08238775158207493,0.12426604953292994,0.30832712570698717,1536
adamw_grpo,AdamW + GRPO,1,up_proj,mlp,model.layers.1.mlp.up_proj.weight,0.10013854168986358,0.019398298114538193,3.11246973498055,966.0681166770289,26.648653282134653,0.03752534844492136,0.08755200549822015,0.1304590982049908,0.31714279430933306,1536
adamw_grpo,AdamW + GRPO,1,k_proj,attn,model.layers.1.self_attn.k_proj.weight,0.01741523784678125,0.006926286034286022,0.1863480262545636,114.49612114043069,6.3220507109334285,0.15817652304980537,0.4263057950191527,0.5419199578259946,0.8306889867752195,256
adamw_grpo,AdamW + GRPO,1,o_proj,attn,model.layers.1.self_attn.o_proj.weight,0.0413166279859499,0.014713715761899948,0.9193397150791895,495.11069088547515,7.885060235446642,0.12682211297569826,0.24819289890252433,0.3230845914814943,0.564995825844819,1536
adamw_grpo,AdamW + GRPO,1,q_proj,attn,model.layers.1.self_attn.q_proj.weight,0.041355643790541165,0.008776165544986725,0.9021827894149368,475.9041632364889,22.205469414089052,0.045033950030595356,0.16891680693170083,0.25798289729024676,0.5618370386944499,1536
adamw_grpo,AdamW + GRPO,1,v_proj,attn,model.layers.1.self_attn.v_proj.weight,0.016960966747170757,0.0051811435259878635,0.22551673698762897,176.78945328230603,10.71642574826687,0.09331469498230102,0.23751512616302062,0.32523907987724715,0.6445474420582816,256
adamw_grpo,AdamW + GRPO,10,down_proj,mlp,model.layers.10.mlp.down_proj.weight,0.10068246395662807,0.024313297122716904,3.1884643331286497,1002.8949763497367,17.148255897019627,0.058314968356274664,0.11883535789365539,0.16432913185946862,0.340386773212761,1536
adamw_grpo,AdamW + GRPO,10,gate_proj,mlp,model.layers.10.mlp.gate_proj.weight,0.10111878627473335,0.0263920146971941,3.133586325493525,960.3280856938379,14.679748243255773,0.06812105925995181,0.13818852095942766,0.18755636403937126,0.37230178135552083,1536
adamw_grpo,AdamW + GRPO,10,up_proj,mlp,model.layers.10.mlp.up_proj.weight,0.1009271409147471,0.029126249253749847,2.964181364601245,862.5685193524951,12.007340262044973,0.08328239045252889,0.16477700605710285,0.218951385883632,0.4202278658987116,1536
adamw_grpo,AdamW + GRPO,10,k_proj,attn,model.layers.10.self_attn.k_proj.weight,0.016840120090415415,0.00549445953220129,0.20676487399759935,150.75202471006017,9.393780549614608,0.10645341294895656,0.31057742821213513,0.4116740084539271,0.7207439226429199,256
adamw_grpo,AdamW + GRPO,10,o_proj,attn,model.layers.10.self_attn.o_proj.weight,0.041570040341673234,0.014127664268016815,0.9560171786934575,528.896265432226,8.658051415086256,0.1154994296127124,0.22611512646500434,0.3073094440373131,0.5673331994986457,1536
adamw_grpo,AdamW + GRPO,10,q_proj,attn,model.layers.10.self_attn.q_proj.weight,0.04239548063091817,0.012095029465854168,0.9533427303645006,505.6604562273796,12.286417387876087,0.08139069090935927,0.20934472849440605,0.3076267875164122,0.5754729521873473,1536
adamw_grpo,AdamW + GRPO,10,v_proj,attn,model.layers.10.self_attn.v_proj.weight,0.016869159840652372,0.0050874315202236176,0.2300886637531221,186.0388032826168,10.994861267236246,0.09095157962382984,0.20886229776949405,0.2964457491048867,0.620425537657692,256
adamw_grpo,AdamW + GRPO,11,down_proj,mlp,model.layers.11.mlp.down_proj.weight,0.10086517747590923,0.023395773023366928,3.204764631926082,1009.5079980603665,18.58693222417119,0.0538012399216456,0.11643347846503499,0.16232410554790794,0.337943571357449,1536
adamw_grpo,AdamW + GRPO,11,gate_proj,mlp,model.layers.11.mlp.gate_proj.weight,0.10154942363063868,0.027801888063549995,3.0873066593776457,924.2822519564639,13.341551737710454,0.07495379995217934,0.15365803702812716,0.20587504885853483,0.3982343612713757,1536
adamw_grpo,AdamW + GRPO,11,up_proj,mlp,model.layers.11.mlp.up_proj.weight,0.10104051659059686,0.029733333736658096,2.9331362300144974,842.7006961976515,11.547923676743457,0.08659565372898294,0.1734367911401919,0.23064876269166065,0.4379501146908239,1536
adamw_grpo,AdamW + GRPO,11,k_proj,attn,model.layers.11.self_attn.k_proj.weight,0.017133424357305128,0.005618656054139137,0.20619195864128415,144.82885761270595,9.298725937964146,0.10754161448261146,0.30812532147994465,0.4186063625028365,0.7461573623748399,256
adamw_grpo,AdamW + GRPO,11,o_proj,attn,model.layers.11.self_attn.o_proj.weight,0.0418439584747912,0.015306969173252583,0.9378472536874476,502.3410825041093,7.472864536911312,0.13381749328662668,0.24244143081822137,0.3236704765054258,0.5815348791222827,1536
adamw_grpo,AdamW + GRPO,11,q_proj,attn,model.layers.11.self_attn.q_proj.weight,0.0426715069436204,0.012242181226611137,0.9386098596845756,483.83163776167123,12.149498504980803,0.08230792403406942,0.22471970054729862,0.317186624880401,0.5937966131040853,1536
adamw_grpo,AdamW + GRPO,11,v_proj,attn,model.layers.11.self_attn.v_proj.weight,0.016876113644849252,0.00575757073238492,0.2258545153599698,179.107046561578,8.591447063640853,0.11639482762246382,0.2410686224754056,0.3267618983860935,0.6401296478656207,256
adamw_grpo,AdamW + GRPO,12,down_proj,mlp,model.layers.12.mlp.down_proj.weight,0.10085909595546173,0.026546696200966835,3.1467925647157244,973.4330527410413,14.434747205537722,0.06927727834515604,0.13286020015043148,0.18105035755821683,0.35879307602202437,1536
adamw_grpo,AdamW + GRPO,12,gate_proj,mlp,model.layers.12.mlp.gate_proj.weight,0.10147302526446332,0.028646346181631088,3.1012154519557953,934.0339488479773,12.547660078162725,0.07969613408163219,0.15756778177329703,0.21032241878894298,0.39666927599255675,1536
adamw_grpo,AdamW + GRPO,12,up_proj,mlp,model.layers.12.mlp.up_proj.weight,0.10108280798230117,0.03027218207716942,2.923779775534058,836.6324781603666,11.149801652746367,0.08968769410832386,0.1739254981385062,0.2325692804807906,0.437925151569339,1536
adamw_grpo,AdamW + GRPO,12,k_proj,attn,model.layers.12.self_attn.k_proj.weight,0.017272450516655883,0.006150069180876017,0.20181810581561876,136.52504776892374,7.887655099780149,0.1267803913013226,0.35623643706610936,0.46384001194376256,0.7682387888059803,256
adamw_grpo,AdamW + GRPO,12,o_proj,attn,model.layers.12.self_attn.o_proj.weight,0.04169718360947141,0.015453971922397614,0.9411437823067388,509.4464153906276,7.280030625841863,0.13736205950155053,0.24786360039249916,0.3250289149571953,0.575426583791469,1536
adamw_grpo,AdamW + GRPO,12,q_proj,attn,model.layers.12.self_attn.q_proj.weight,0.04237922050095927,0.012577696703374386,0.9340222342190323,485.7451810018571,11.352818442576917,0.08808385380758502,0.21055140556456256,0.31130614417918434,0.5922191174478867,1536
adamw_grpo,AdamW + GRPO,12,v_proj,attn,model.layers.12.self_attn.v_proj.weight,0.016977028357199133,0.004639358725398779,0.2325661662616767,187.6591390268106,13.3908282333234,0.07467797977659632,0.20192620761419733,0.29013970169419895,0.6157013040987498,256
adamw_grpo,AdamW + GRPO,13,down_proj,mlp,model.layers.13.mlp.down_proj.weight,0.10100875853110033,0.025939835235476494,3.1367128512938507,964.3428389072421,15.16294781476309,0.06595023686795062,0.13063516160786945,0.18252539741778606,0.36571965886798186,1536
adamw_grpo,AdamW + GRPO,13,gate_proj,mlp,model.layers.13.mlp.gate_proj.weight,0.10181428337905465,0.030296282842755318,3.0504206323093968,897.6396791494328,11.29376441770853,0.08854443593953565,0.1709691707528052,0.22748273890027404,0.4162695221127602,1536
adamw_grpo,AdamW + GRPO,13,up_proj,mlp,model.layers.13.mlp.up_proj.weight,0.10126727350028303,0.03148205950856209,2.9086083188594785,824.9587803257369,10.34694078272697,0.09664692405212033,0.1844070497127358,0.2462854229077717,0.45002140404337404,1536
adamw_grpo,AdamW + GRPO,13,k_proj,attn,model.layers.13.self_attn.k_proj.weight,0.017226884048019416,0.005690413527190685,0.2014962242974434,136.81079422649958,9.164859361184122,0.10911242176124321,0.3482059138910942,0.466573839706297,0.7698114823832886,256
adamw_grpo,AdamW + GRPO,13,o_proj,attn,model.layers.13.self_attn.o_proj.weight,0.041805350147979606,0.015348218381404877,0.9164187669239467,480.53410692644496,7.4190413353450975,0.13478830414866327,0.2544957204159026,0.3373641884712234,0.5957001884007436,1536
adamw_grpo,AdamW + GRPO,13,q_proj,attn,model.layers.13.self_attn.q_proj.weight,0.04244583382901468,0.012858857400715351,0.9067821232945494,456.38962200519006,10.895956948884635,0.09177716144540797,0.24014108361369027,0.33885335622498863,0.613621472674774,1536
adamw_grpo,AdamW + GRPO,13,v_proj,attn,model.layers.13.self_attn.v_proj.weight,0.016928909121908895,0.005894868168979883,0.22359130543190986,174.4423288294622,8.24726126873928,0.12125237305024354,0.25921457938265874,0.34828861067074424,0.6547322581491656,256
adamw_grpo,AdamW + GRPO,14,down_proj,mlp,model.layers.14.mlp.down_proj.weight,0.1015108285953507,0.024621518328785896,3.168195861740969,974.0904805947654,16.997892709749124,0.05883082197750613,0.12070157299284318,0.17257958833368808,0.3567503436515798,1536
adamw_grpo,AdamW + GRPO,14,gate_proj,mlp,model.layers.14.mlp.gate_proj.weight,0.1022503699439954,0.03049989603459835,3.050630863843253,890.122017579834,11.239139404399486,0.08897478392416386,0.17036934643343085,0.2291144797819759,0.423358511167349,1536
adamw_grpo,AdamW + GRPO,14,up_proj,mlp,model.layers.14.mlp.up_proj.weight,0.10164901300667564,0.03282186761498451,2.89555120341538,811.4395398515179,9.591350310102495,0.10426060644940761,0.18982519534675366,0.2553084135894263,0.46136560378309643,1536
adamw_grpo,AdamW + GRPO,14,k_proj,attn,model.layers.14.self_attn.k_proj.weight,0.01696175697809575,0.005645796190947294,0.20676650563109433,148.599963722758,9.02591585058521,0.1107920809980921,0.30201233940266187,0.4078154822630264,0.7296937031731041,256
adamw_grpo,AdamW + GRPO,14,o_proj,attn,model.layers.14.self_attn.o_proj.weight,0.04198218148995497,0.015181672759354115,0.9325761481364889,493.4448306945485,7.646994037578806,0.13077033865670704,0.23536446273457326,0.3072420393317693,0.5591168831643268,1536
adamw_grpo,AdamW + GRPO,14,q_proj,attn,model.layers.14.self_attn.q_proj.weight,0.042024194113534946,0.013813209719955921,0.9127565035205549,471.7491044565075,9.255706541477469,0.1080414548061473,0.24476684733747076,0.33747926534891276,0.6039724853789369,1536
adamw_grpo,AdamW + GRPO,14,v_proj,attn,model.layers.14.self_attn.v_proj.weight,0.017079735973542662,0.005138617008924484,0.23202400177251548,184.54552563051448,11.04764742224605,0.09051700889606182,0.2127163288180595,0.2981936179278969,0.6211630327234038,256
adamw_grpo,AdamW + GRPO,15,down_proj,mlp,model.layers.15.mlp.down_proj.weight,0.10168022771697913,0.028764337301254272,3.0912510940688662,924.2629533204934,12.495806018518087,0.08002685049032099,0.14759103197646137,0.19947565445028195,0.38958085014404653,1536
adamw_grpo,AdamW + GRPO,15,gate_proj,mlp,model.layers.15.mlp.gate_proj.weight,0.10268440860153155,0.0333603210747242,3.0392160685005365,876.0202411674836,9.474331334162231,0.10554834581246203,0.1885601746064839,0.24732507806759466,0.4361028595986793,1536
adamw_grpo,AdamW + GRPO,15,up_proj,mlp,model.layers.15.mlp.up_proj.weight,0.10279944993393281,0.036383070051670074,2.8771145797072677,783.308310087097,7.983308211411772,0.12526135450596107,0.21224468320692877,0.2757341023558888,0.4807871855409979,1536
adamw_grpo,AdamW + GRPO,15,k_proj,attn,model.layers.15.self_attn.k_proj.weight,0.017378112172171615,0.005932137370109558,0.2006747220948455,133.34604772906357,8.58188703540027,0.11652448883037048,0.3627165863862312,0.47824904106587707,0.7793642876488045,256
adamw_grpo,AdamW + GRPO,15,o_proj,attn,model.layers.15.self_attn.o_proj.weight,0.042379444349522365,0.0167172122746706,0.9477795246608673,500.15443931343367,6.426622677269813,0.15560272482417228,0.2613360623490202,0.33958764091540483,0.5814741961796821,1536
adamw_grpo,AdamW + GRPO,15,q_proj,attn,model.layers.15.self_attn.q_proj.weight,0.0436071240079833,0.01486725639551878,0.9131375064133991,438.4877582125232,8.603065459362377,0.1162376370055094,0.26212134156110006,0.36271642916819424,0.6384510348603053,1536
adamw_grpo,AdamW + GRPO,15,v_proj,attn,model.layers.15.self_attn.v_proj.weight,0.016992811792466256,0.006536085158586502,0.220039941748837,167.6766342978731,6.7591967871924785,0.1479465728671828,0.2745036982253015,0.3657021626651,0.6780906590647082,256
adamw_grpo,AdamW + GRPO,16,down_proj,mlp,model.layers.16.mlp.down_proj.weight,0.10103632078280252,0.028896093368530273,3.060134402825497,917.3307599856106,12.225785794594085,0.08179433345234735,0.15235776238904034,0.20514747478258527,0.3950075715990824,1536
adamw_grpo,AdamW + GRPO,16,gate_proj,mlp,model.layers.16.mlp.gate_proj.weight,0.10238690647287137,0.03451872617006302,3.020478364560404,870.2872394669504,8.797906076065132,0.11366340937879738,0.19298617110767716,0.250159109960991,0.4352383375367107,1536
adamw_grpo,AdamW + GRPO,16,up_proj,mlp,model.layers.16.mlp.up_proj.weight,0.10155864744586328,0.03545818850398064,2.8700078345427755,798.6055938570036,8.203529188177995,0.12189875565276072,0.20193355557717937,0.26252063803289194,0.4664320697462934,1536
adamw_grpo,AdamW + GRPO,16,k_proj,attn,model.layers.16.self_attn.k_proj.weight,0.01757597846213066,0.006051402539014816,0.20184478449300514,131.8851934487759,8.43581286719156,0.1185422218040404,0.3628779077961535,0.48424772009824674,0.7847717520134533,256
adamw_grpo,AdamW + GRPO,16,o_proj,attn,model.layers.16.self_attn.o_proj.weight,0.042403931562335295,0.017719542607665062,0.8716078927977691,422.5032546926205,5.726736954906632,0.17461950983154664,0.288300239966036,0.3704089880322675,0.6409836173795074,1536
adamw_grpo,AdamW + GRPO,16,q_proj,attn,model.layers.16.self_attn.q_proj.weight,0.042466894795327885,0.01659218594431877,0.8803697026484727,429.76313968718057,6.550791854936512,0.15265330087482862,0.28298228369152373,0.37326423271650466,0.6429071558776537,1536
adamw_grpo,AdamW + GRPO,16,v_proj,attn,model.layers.16.self_attn.v_proj.weight,0.017280006099972496,0.006510185077786446,0.22790141621953808,173.94272321995317,7.045326305528379,0.1419380673987112,0.26848115749933044,0.34928473584174674,0.6530621642731536,256
adamw_grpo,AdamW + GRPO,17,down_proj,mlp,model.layers.17.mlp.down_proj.weight,0.10155803389740096,0.027714928612113,3.1097494863788597,937.6100209161259,13.427681786536512,0.07447301893932776,0.1420696399120155,0.19156496040312254,0.3803489939877896,1536
adamw_grpo,AdamW + GRPO,17,gate_proj,mlp,model.layers.17.mlp.gate_proj.weight,0.1028850073303468,0.033543843775987625,3.046663102679304,876.8891172482998,9.407593258013215,0.1062971126167916,0.18463070011725147,0.2431166178074561,0.4298696559457945,1536
adamw_grpo,AdamW + GRPO,17,up_proj,mlp,model.layers.17.mlp.up_proj.weight,0.10199865565936687,0.03463231027126312,2.880694007515558,797.637131091859,8.674130830746016,0.11528532593207329,0.19663708457117413,0.2593509069268812,0.4649220310407005,1536
adamw_grpo,AdamW + GRPO,17,k_proj,attn,model.layers.17.self_attn.k_proj.weight,0.017343428251550448,0.005679272580891848,0.21278301769052632,150.52340414517042,9.32576503499037,0.10722980862674422,0.31588311754702547,0.41733128827309923,0.7245731988033591,256
adamw_grpo,AdamW + GRPO,17,o_proj,attn,model.layers.17.self_attn.o_proj.weight,0.042577563349278945,0.014456549659371376,0.961305269756636,509.7544650707051,8.674257350840406,0.11528364441517462,0.21175764208170303,0.2936814481262255,0.5629264101659416,1536
adamw_grpo,AdamW + GRPO,17,q_proj,attn,model.layers.17.self_attn.q_proj.weight,0.04350449635145807,0.015967242419719696,0.933533098636488,460.4591958387606,7.423495550748749,0.1347074290223206,0.2620080089184522,0.35481934096904877,0.6173661460593101,1536
adamw_grpo,AdamW + GRPO,17,v_proj,attn,model.layers.17.self_attn.v_proj.weight,0.016984092660080555,0.005538701545447111,0.2289835903502535,181.7707587827025,9.403050611899548,0.10634846511774608,0.23313024237603033,0.319436538876962,0.6287342377685352,256
adamw_grpo,AdamW + GRPO,18,down_proj,mlp,model.layers.18.mlp.down_proj.weight,0.10197244680483966,0.029129965230822563,3.0782169170561247,911.2399693858513,12.254222115386696,0.08160452704251017,0.1485412979960978,0.19742955881944452,0.3901183469996799,1536
adamw_grpo,AdamW + GRPO,18,gate_proj,mlp,model.layers.18.mlp.gate_proj.weight,0.10260780103710228,0.031373340636491776,3.0788599848456215,900.3660641995328,10.696439303861583,0.09348905477722706,0.17400045295550418,0.23223067861562685,0.4186000896732228,1536
adamw_grpo,AdamW + GRPO,18,up_proj,mlp,model.layers.18.mlp.up_proj.weight,0.10240448751053671,0.03378945216536522,2.9218089369678637,814.0773083100748,9.184926299561353,0.10887403637063015,0.19025177203671084,0.251912800282896,0.45526705930784045,1536
adamw_grpo,AdamW + GRPO,18,k_proj,attn,model.layers.18.self_attn.k_proj.weight,0.01709481280538874,0.006254152394831181,0.20300577905436512,141.02240073449076,7.4712243868285695,0.13384687010109814,0.3325809685127947,0.4374501522031727,0.7579987284008116,256
adamw_grpo,AdamW + GRPO,18,o_proj,attn,model.layers.18.self_attn.o_proj.weight,0.04221122166464181,0.013527515344321728,0.9724467020942029,530.7326094526132,9.736878990835542,0.10270231364087107,0.193099831659172,0.26559088912482104,0.5358350034466184,1536
adamw_grpo,AdamW + GRPO,18,q_proj,attn,model.layers.18.self_attn.q_proj.weight,0.04229315864529831,0.013282926753163338,0.9112950740020018,464.27767670838153,10.138009346981816,0.09863869382776903,0.2442882743189833,0.3410562635839795,0.6155911734359516,1536
adamw_grpo,AdamW + GRPO,18,v_proj,attn,model.layers.18.self_attn.v_proj.weight,0.017186382478213073,0.006643704138696194,0.2253674081293866,171.95439274198077,6.691883588871715,0.14943475730255568,0.2664520616708446,0.35150704321760956,0.6619915455752421,256
adamw_grpo,AdamW + GRPO,19,down_proj,mlp,model.layers.19.mlp.down_proj.weight,0.10233178760685839,0.030904529616236687,3.0237736711860634,873.1270454239741,10.964197399453836,0.09120594636957316,0.15766812330339186,0.20884972130964,0.409025245090586,1536
adamw_grpo,AdamW + GRPO,19,gate_proj,mlp,model.layers.19.mlp.gate_proj.weight,0.10218744132797167,0.03129680082201958,3.0409585099550895,885.5762067328245,10.660931626610946,0.09380043274115761,0.17677734576465912,0.23267505335826166,0.4239389366579818,1536
adamw_grpo,AdamW + GRPO,19,up_proj,mlp,model.layers.19.mlp.up_proj.weight,0.10202368630818363,0.033609144389629364,2.8947285331232706,805.0329588652412,9.214825378830302,0.10852077591153839,0.18927629252530542,0.24710515352390106,0.457284485459947,1536
adamw_grpo,AdamW + GRPO,19,k_proj,attn,model.layers.19.self_attn.k_proj.weight,0.01743918958976223,0.006165013182908297,0.2129874834572547,149.16109611876067,8.001742639746746,0.12497277718390226,0.314572925391149,0.41528159866254655,0.7266743673505078,256
adamw_grpo,AdamW + GRPO,19,o_proj,attn,model.layers.19.self_attn.o_proj.weight,0.04354943331198928,0.017171308398246765,0.9681653842864737,494.23566926430743,6.432180746094751,0.15546826799093638,0.24881903077292036,0.3182071126065688,0.5754898687449299,1536
adamw_grpo,AdamW + GRPO,19,q_proj,attn,model.layers.19.self_attn.q_proj.weight,0.043449384164408536,0.013575808145105839,0.9692345301477161,497.6116110239264,10.243205057418141,0.0976256937544952,0.2255699239078653,0.316132498540486,0.5845960140572674,1536
adamw_grpo,AdamW + GRPO,19,v_proj,attn,model.layers.19.self_attn.v_proj.weight,0.01731560508177283,0.0066340044140815735,0.22547719193971716,169.56253101535304,6.81277164536966,0.1467831379141639,0.2695080166817665,0.361988312024845,0.6705867496987111,256
adamw_grpo,AdamW + GRPO,2,down_proj,mlp,model.layers.2.mlp.down_proj.weight,0.10000515758964688,0.013980209827423096,3.4095796735491604,1162.4034479361103,51.170235724191734,0.01954261077455288,0.05663552917534621,0.08634381939770655,0.2258685409845285,1536
adamw_grpo,AdamW + GRPO,2,gate_proj,mlp,model.layers.2.mlp.gate_proj.weight,0.1003714459043043,0.020522266626358032,3.2282206921154284,1034.441827690514,23.920470049169857,0.041805198557739225,0.09272828678202259,0.13210817854862097,0.29754991842284245,1536
adamw_grpo,AdamW + GRPO,2,up_proj,mlp,model.layers.2.mlp.up_proj.weight,0.10026947071813866,0.02236047387123108,3.1636082776094554,995.4695072072002,20.10830384092957,0.04973069871584812,0.10405215977530935,0.14607839328024655,0.31664310767294224,1536
adamw_grpo,AdamW + GRPO,2,k_proj,attn,model.layers.2.self_attn.k_proj.weight,0.01680237922406719,0.0059341141022741795,0.20270601298398105,145.54312598423627,8.017330356721619,0.1247297985122459,0.3191016213677097,0.4248186103977458,0.7370901021063773,256
adamw_grpo,AdamW + GRPO,2,o_proj,attn,model.layers.2.self_attn.o_proj.weight,0.04179035287852442,0.010891880840063095,1.0699139916240732,655.4591904294274,14.721305110855289,0.06792875988030529,0.1638974288374075,0.22555532826715952,0.44760417183551426,1536
adamw_grpo,AdamW + GRPO,2,q_proj,attn,model.layers.2.self_attn.q_proj.weight,0.04153376283172519,0.00816704798489809,0.9580049042920429,532.0260621534334,25.86260951901478,0.038665858496018245,0.15251369690452052,0.2519698697519504,0.5357022145587246,1536
adamw_grpo,AdamW + GRPO,2,v_proj,attn,model.layers.2.self_attn.v_proj.weight,0.01706043626023744,0.0042005483992397785,0.2374265881953761,193.6771735296957,16.495606152753233,0.060622203921442006,0.18709155171986577,0.2739521858977929,0.5892917749149537,256
adamw_grpo,AdamW + GRPO,20,down_proj,mlp,model.layers.20.mlp.down_proj.weight,0.10423135988382204,0.03595244139432907,3.0395364785799757,850.3895443817249,8.405044823934395,0.1189761650232224,0.1833057844676853,0.2321733896602193,0.42582893970923597,1536
adamw_grpo,AdamW + GRPO,20,gate_proj,mlp,model.layers.20.mlp.gate_proj.weight,0.10311143339175881,0.03191812336444855,3.0726314911444206,887.9884279400864,10.436117267105635,0.09582107736101945,0.17566915636738673,0.22885933281767995,0.42000356204976147,1536
adamw_grpo,AdamW + GRPO,20,up_proj,mlp,model.layers.20.mlp.up_proj.weight,0.10354698676616281,0.036018118262290955,2.9244750988145825,797.6657133598214,8.264810329594575,0.12099491217834812,0.19950887734469608,0.25521922151714,0.4612620285032631,1536
adamw_grpo,AdamW + GRPO,20,k_proj,attn,model.layers.20.self_attn.k_proj.weight,0.017535419973809176,0.005897190887480974,0.2194884452401311,156.67185333696952,8.84182615810762,0.11309880811024968,0.29390282802188245,0.39036840859008687,0.7058027909217353,256
adamw_grpo,AdamW + GRPO,20,o_proj,attn,model.layers.20.self_attn.o_proj.weight,0.04404883490785903,0.018230585381388664,0.918377919374251,434.6843607004782,5.838047491716795,0.17129014476480903,0.28379294051579396,0.3696778010557685,0.638235986167993,1536
adamw_grpo,AdamW + GRPO,20,q_proj,attn,model.layers.20.self_attn.q_proj.weight,0.04309714556479017,0.013986632227897644,0.9456980918612032,481.5129948771719,9.494469472000636,0.10532447367902106,0.23121217352897158,0.32421391222815543,0.5980713850914726,1536
adamw_grpo,AdamW + GRPO,20,v_proj,attn,model.layers.20.self_attn.v_proj.weight,0.017805764755473918,0.00721315061673522,0.23052318446571007,167.61309985539427,6.093562377041482,0.16410761687903086,0.2826009482787581,0.3678199159506387,0.6727824902015861,256
adamw_grpo,AdamW + GRPO,21,down_proj,mlp,model.layers.21.mlp.down_proj.weight,0.10598917775631551,0.04438077285885811,2.8974496147129685,747.3236720076247,5.703393340872175,0.17533421600676025,0.2605545246883155,0.30515651348991835,0.48928825288032457,1536
adamw_grpo,AdamW + GRPO,21,gate_proj,mlp,model.layers.21.mlp.gate_proj.weight,0.10301781783410788,0.031927261501550674,3.0749100361717865,890.9229275537058,10.41121352854215,0.09605028244387825,0.17766077179275278,0.22992997609984034,0.41784857087420996,1536
adamw_grpo,AdamW + GRPO,21,up_proj,mlp,model.layers.21.mlp.up_proj.weight,0.10365126529314599,0.037745241075754166,2.8678100305842236,765.5111889576593,7.540928255718319,0.13260966900748533,0.21141862354543847,0.2659004515661962,0.4744510707221468,1536
adamw_grpo,AdamW + GRPO,21,k_proj,attn,model.layers.21.self_attn.k_proj.weight,0.01777888583486619,0.006693653296679258,0.21075691571604693,140.52532110519326,7.0547666697870435,0.14174813240565845,0.3598004997757043,0.45670694486683894,0.7481570310308159,256
adamw_grpo,AdamW + GRPO,21,o_proj,attn,model.layers.21.self_attn.o_proj.weight,0.045113021931580406,0.02158607356250286,0.9474428816197928,441.06463302788,4.367737543141121,0.2289514857801725,0.3227589929351612,0.39261065646143023,0.6244379172597461,1536
adamw_grpo,AdamW + GRPO,21,q_proj,attn,model.layers.21.self_attn.q_proj.weight,0.0439395197730064,0.01598992757499218,0.9617428690844392,479.07922417922356,7.551228615892223,0.13242878091326918,0.25047838190332417,0.34092400980278953,0.6007120220469978,1536
adamw_grpo,AdamW + GRPO,21,v_proj,attn,model.layers.21.self_attn.v_proj.weight,0.0186996316013208,0.008945473469793797,0.23233361780876294,154.36826001921082,4.369778637709269,0.22884454406235583,0.34892182687388396,0.42502597714521745,0.7056674187712083,256
adamw_grpo,AdamW + GRPO,22,down_proj,mlp,model.layers.22.mlp.down_proj.weight,0.1080836460574403,0.048936065286397934,2.9387889112113044,739.2933704830036,4.878225582775501,0.20499257015315042,0.2693441176915142,0.31578031511663124,0.5015470906482977,1536
adamw_grpo,AdamW + GRPO,22,gate_proj,mlp,model.layers.22.mlp.gate_proj.weight,0.10279831455939466,0.030763305723667145,3.052420460706344,881.6916414357785,11.166214991857286,0.08955586120536169,0.17430824988760807,0.22969104785875571,0.4188831593441396,1536
adamw_grpo,AdamW + GRPO,22,up_proj,mlp,model.layers.22.mlp.up_proj.weight,0.10435638852279949,0.039405956864356995,2.8437941725278506,742.6056306915187,7.013169360570596,0.1425888850798606,0.22201046495912088,0.2766238070537416,0.4840350994280965,1536
adamw_grpo,AdamW + GRPO,22,k_proj,attn,model.layers.22.self_attn.k_proj.weight,0.01735978149576113,0.007346844766288996,0.20650507242316962,141.5053756438263,5.5832462356172705,0.17910727161211124,0.3409666713284708,0.4341497291690034,0.7371949165257347,256
adamw_grpo,AdamW + GRPO,22,o_proj,attn,model.layers.22.self_attn.o_proj.weight,0.04403905291220696,0.014257460832595825,1.062549178849281,582.1328920398333,9.540948834904455,0.10481137854356959,0.17706442692888183,0.2358721171059914,0.49175925243893426,1536
adamw_grpo,AdamW + GRPO,22,q_proj,attn,model.layers.22.self_attn.q_proj.weight,0.043262573906040935,0.014737132005393505,0.94138450547673,473.48844316147444,8.617846636742437,0.11603826827649395,0.24040911081742802,0.328065289142742,0.6012766319922771,1536
adamw_grpo,AdamW + GRPO,22,v_proj,attn,model.layers.22.self_attn.v_proj.weight,0.018446377270279642,0.00848813634365797,0.23569198328186758,163.2553597854568,4.722777434292986,0.21173981071790712,0.32494130369281465,0.40193025332641874,0.6755681168343999,256
adamw_grpo,AdamW + GRPO,23,down_proj,mlp,model.layers.23.mlp.down_proj.weight,0.10780835151936263,0.04859146103262901,2.9179672703612596,732.5816259780208,4.922490603018626,0.20314919430963843,0.26637878251315106,0.31270255232763816,0.49939352462792114,1536
adamw_grpo,AdamW + GRPO,23,gate_proj,mlp,model.layers.23.mlp.gate_proj.weight,0.10192751266301896,0.03163852170109749,2.993010229227366,862.2506883799049,10.37887989798171,0.09634951072075333,0.1836553492328985,0.23743558102622192,0.4295969446338471,1536
adamw_grpo,AdamW + GRPO,23,up_proj,mlp,model.layers.23.mlp.up_proj.weight,0.10380630542058743,0.04028385877609253,2.8127023902488872,734.1758520007124,6.640263891235987,0.1505964245366557,0.23036526268799604,0.28435623337158134,0.49212223633497654,1536
adamw_grpo,AdamW + GRPO,23,k_proj,attn,model.layers.23.self_attn.k_proj.weight,0.018315931752196774,0.006521674804389477,0.22114246540149907,145.77607770131613,7.887506939936496,0.12678277275887267,0.3474480093582249,0.45246671017335816,0.7344851822717714,256
adamw_grpo,AdamW + GRPO,23,o_proj,attn,model.layers.23.self_attn.o_proj.weight,0.04751974895750876,0.027459749951958656,0.9370220008406278,388.8224216507006,2.994712385862999,0.3339218833570309,0.40346933509105687,0.4631892878592822,0.6696290539014994,1536
adamw_grpo,AdamW + GRPO,23,q_proj,attn,model.layers.23.self_attn.q_proj.weight,0.04612532915290306,0.018167348578572273,1.00458754954375,474.34751102735646,6.446082483712878,0.15513298232324357,0.27389470527988535,0.3559388680773245,0.6060594998522308,1536
adamw_grpo,AdamW + GRPO,23,v_proj,attn,model.layers.23.self_attn.v_proj.weight,0.019763748570059955,0.011037807911634445,0.23239388351794332,138.26451877362612,3.2060698261072536,0.3119083657682466,0.42471269520216576,0.4944925974253913,0.741926360979728,256
adamw_grpo,AdamW + GRPO,24,down_proj,mlp,model.layers.24.mlp.down_proj.weight,0.11098003566732267,0.05458252504467964,2.875533689162694,671.3472279680813,4.13411425092922,0.2418897832287125,0.3065892626690191,0.353365893775131,0.5389752178034922,1536
adamw_grpo,AdamW + GRPO,24,gate_proj,mlp,model.layers.24.mlp.gate_proj.weight,0.10256502261285969,0.031700462102890015,3.0277767067600507,871.4633492053382,10.46808822296653,0.09552842684359915,0.18071817941897156,0.2334919326472356,0.4229022112613882,1536
adamw_grpo,AdamW + GRPO,24,up_proj,mlp,model.layers.24.mlp.up_proj.weight,0.10561152209320279,0.04344985634088516,2.8362860889465082,721.2361163995275,5.9080738306027,0.16925990241018823,0.2455825996918303,0.3000269427466616,0.503140082926663,1536
adamw_grpo,AdamW + GRPO,24,k_proj,attn,model.layers.24.self_attn.k_proj.weight,0.01713263865815528,0.00578951695933938,0.20494509109994397,143.0956824402911,8.757171394804038,0.11419212379391568,0.34182189910104166,0.4467783342816707,0.7486951281395918,256
adamw_grpo,AdamW + GRPO,24,o_proj,attn,model.layers.24.self_attn.o_proj.weight,0.047064944684041876,0.02549772523343563,0.9379179251929415,397.13171099273836,3.407157670722281,0.2934997721394005,0.37165085377512574,0.43458576057546977,0.6617103841729398,1536
adamw_grpo,AdamW + GRPO,24,q_proj,attn,model.layers.24.self_attn.q_proj.weight,0.04204274211640964,0.013279554434120655,0.9144514042773864,473.0850178567389,10.023399973549358,0.09976654654497367,0.22617908752691324,0.3255162880037397,0.603066114964461,1536
adamw_grpo,AdamW + GRPO,24,v_proj,attn,model.layers.24.self_attn.v_proj.weight,0.018494621196876736,0.009003541432321072,0.22452670786879025,147.38223422413333,4.2195306545108675,0.23699318286287485,0.35627083396409476,0.4398679607161845,0.7309888994595417,256
adamw_grpo,AdamW + GRPO,25,down_proj,mlp,model.layers.25.mlp.down_proj.weight,0.11405470129853912,0.05961005389690399,2.8364939046732616,618.4966139639942,3.660895683509017,0.27315719606669775,0.33772433324960405,0.38285548451946827,0.5712982035159507,1536
adamw_grpo,AdamW + GRPO,25,gate_proj,mlp,model.layers.25.mlp.gate_proj.weight,0.10453769298077956,0.036219414323568344,3.0692246233375045,862.0084526612019,8.330344774320528,0.12004305068892732,0.19871870732531088,0.2509281431650798,0.4318830579908662,1536
adamw_grpo,AdamW + GRPO,25,up_proj,mlp,model.layers.25.mlp.up_proj.weight,0.1102084260907735,0.05150926113128662,2.908799864402681,696.6234379212787,4.577822610878697,0.21844446257563777,0.28996148102467095,0.34325515757320424,0.5282187311459735,1536
adamw_grpo,AdamW + GRPO,25,k_proj,attn,model.layers.25.self_attn.k_proj.weight,0.017584870097441918,0.006779907736927271,0.20446342461218592,135.19260372251233,6.727144571739585,0.1486514804811766,0.3752734843157414,0.4726207692751148,0.7586580995735135,256
adamw_grpo,AdamW + GRPO,25,o_proj,attn,model.layers.25.self_attn.o_proj.weight,0.0485616997984792,0.02707345224916935,0.9708008108295019,399.64326739937235,3.217366116440003,0.31081324406639,0.3819291052064811,0.44107912295239626,0.6542767517362509,1536
adamw_grpo,AdamW + GRPO,25,q_proj,attn,model.layers.25.self_attn.q_proj.weight,0.043888704219095485,0.015761299058794975,0.9514750527571039,469.9907319668721,7.7539232612783415,0.12896697146769753,0.24844918196454477,0.3413363197840079,0.6102897757192015,1536
adamw_grpo,AdamW + GRPO,25,v_proj,attn,model.layers.25.self_attn.v_proj.weight,0.02169745369168696,0.013950005173683167,0.2255117214517668,108.02411079561779,2.4191834509009937,0.4133626160626896,0.5777164381676352,0.6392341253646886,0.81926995761517,256
adamw_grpo,AdamW + GRPO,26,down_proj,mlp,model.layers.26.mlp.down_proj.weight,0.11484606049937712,0.060821063816547394,2.6909794585371856,549.0204992414971,3.5655307041538675,0.2804631576542009,0.3515076913457431,0.40243935655681873,0.6073036575798805,1536
adamw_grpo,AdamW + GRPO,26,gate_proj,mlp,model.layers.26.mlp.gate_proj.weight,0.10684188530278843,0.03945177420973778,3.0787811080081156,830.3755254106906,7.334153713286661,0.13634838307089,0.216738121758796,0.2717510286423542,0.4503102505258401,1536
adamw_grpo,AdamW + GRPO,26,up_proj,mlp,model.layers.26.mlp.up_proj.weight,0.10943001357770137,0.04828503355383873,2.9264420873951167,715.1661690737054,5.136269831801034,0.19469382114789516,0.271768651881843,0.325685672893812,0.5127147034194104,1536
adamw_grpo,AdamW + GRPO,26,k_proj,attn,model.layers.26.self_attn.k_proj.weight,0.02367014854324339,0.015165971592068672,0.2356884113542037,99.14583880572295,2.435911414177639,0.41052396001748653,0.5737931429085784,0.6559376954760904,0.8437182424646303,256
adamw_grpo,AdamW + GRPO,26,o_proj,attn,model.layers.26.self_attn.o_proj.weight,0.05003559206278916,0.028376184403896332,0.9805951155673931,384.07971008346595,3.1092102493158467,0.3216250815524749,0.3909060248191499,0.4449746717977374,0.6642381545941238,1536
adamw_grpo,AdamW + GRPO,26,q_proj,attn,model.layers.26.self_attn.q_proj.weight,0.05763389622996322,0.03857763856649399,1.011497840027019,308.0164839054839,2.2319511273983603,0.44803848423223974,0.5498077793797068,0.6030253513544639,0.7608575177161535,1536
adamw_grpo,AdamW + GRPO,26,v_proj,attn,model.layers.26.self_attn.v_proj.weight,0.02418215559456452,0.016776273027062416,0.24838246605941094,105.49985114861032,2.0777775594227212,0.4812834730382952,0.5919251683139329,0.6445027044982312,0.8179768691374696,256
adamw_grpo,AdamW + GRPO,27,down_proj,mlp,model.layers.27.mlp.down_proj.weight,0.10805719180740234,0.05860644951462746,2.089943089769804,374.07748240421637,3.399511621120642,0.29415990043603735,0.46434545849747444,0.534323774931526,0.7382285728149934,1536
adamw_grpo,AdamW + GRPO,27,gate_proj,mlp,model.layers.27.mlp.gate_proj.weight,0.10799929251076383,0.04321909695863724,3.006445520615671,774.934249973638,6.244396108839959,0.1601435883582621,0.24818997716085525,0.3053289334427476,0.48450337300092816,1536
adamw_grpo,AdamW + GRPO,27,up_proj,mlp,model.layers.27.mlp.up_proj.weight,0.1074745469580726,0.045709580183029175,2.7181889814091846,639.6583141566853,5.528365920079452,0.18088527685331443,0.275998403869243,0.34060008622296406,0.5563198273673047,1536
adamw_grpo,AdamW + GRPO,27,k_proj,attn,model.layers.27.self_attn.k_proj.weight,0.019605010535892725,0.008141476660966873,0.22211382496607257,128.35625047244184,5.798662011217856,0.1724535760258902,0.42135604456700004,0.525563112620782,0.7830778220718561,256
adamw_grpo,AdamW + GRPO,27,o_proj,attn,model.layers.27.self_attn.o_proj.weight,0.04923187207330688,0.03276690095663071,0.8048886550403225,267.2876614115666,2.2574698773090534,0.442973795598114,0.5167672285958793,0.5715663019267633,0.769558218370423,1536
adamw_grpo,AdamW + GRPO,27,q_proj,attn,model.layers.27.self_attn.q_proj.weight,0.04985182455314672,0.024012936279177666,0.9896959203597646,394.1317705424363,4.309943520233643,0.23202160197815994,0.4071352534957001,0.48335956249259115,0.682572943202289,1536
adamw_grpo,AdamW + GRPO,27,v_proj,attn,model.layers.27.self_attn.v_proj.weight,0.0290599011800133,0.023587319999933243,0.24259337430703454,69.68986196413293,1.5178577354484053,0.6588232721985504,0.7517711929969121,0.7873334624470695,0.8885939869649764,256
adamw_grpo,AdamW + GRPO,3,down_proj,mlp,model.layers.3.mlp.down_proj.weight,0.09968735022586973,0.018996477127075195,3.3162615561159328,1106.6682447232922,27.538099600715608,0.03631332642772538,0.08073602027839095,0.11434624691594393,0.2632162936718632,1536
adamw_grpo,AdamW + GRPO,3,gate_proj,mlp,model.layers.3.mlp.gate_proj.weight,0.09983948456584617,0.023360129445791245,3.2322543846530607,1048.1088933179137,18.266450758671116,0.05474517262338434,0.1067700738390275,0.14606563476025616,0.305630919304758,1536
adamw_grpo,AdamW + GRPO,3,up_proj,mlp,model.layers.3.mlp.up_proj.weight,0.09993174713420144,0.025318674743175507,3.133666082081618,983.3281526087285,15.578477861334292,0.0641911237350085,0.12053744425259214,0.16388342532793496,0.33442243921903664,1536
adamw_grpo,AdamW + GRPO,3,k_proj,attn,model.layers.3.self_attn.k_proj.weight,0.017211230528697528,0.00609509227797389,0.20219028618885204,138.00560671757256,7.973762078823568,0.1254113165297174,0.36234087447107066,0.4640486970592756,0.7555087843485125,256
adamw_grpo,AdamW + GRPO,3,o_proj,attn,model.layers.3.self_attn.o_proj.weight,0.04120427846755055,0.017297543585300446,0.9247736711287278,503.71662647773405,5.674345295386792,0.17623178498019743,0.317386040673762,0.38282858329214975,0.5884034851629393,1536
adamw_grpo,AdamW + GRPO,3,q_proj,attn,model.layers.3.self_attn.q_proj.weight,0.04156296245358348,0.009695072658360004,0.9354229427065093,506.5275191466347,18.378533463572982,0.05441130555830483,0.20536765912457872,0.3154581784976422,0.574117564418659,1536
adamw_grpo,AdamW + GRPO,3,v_proj,attn,model.layers.3.self_attn.v_proj.weight,0.016861048140935777,0.005399246234446764,0.22788313825731166,182.6649601863273,9.752206047378976,0.1025409015295326,0.2232982805644425,0.3133035848615474,0.6251125523662194,256
adamw_grpo,AdamW + GRPO,4,down_proj,mlp,model.layers.4.mlp.down_proj.weight,0.09975954280617368,0.021708976477384567,3.2416840991354547,1055.9235628809163,21.116901984108573,0.047355431244249055,0.10093101789428914,0.13913617475218992,0.2947650815359178,1536
adamw_grpo,AdamW + GRPO,4,gate_proj,mlp,model.layers.4.mlp.gate_proj.weight,0.1000780602540329,0.02586926892399788,3.1933828729670495,1018.179210362039,14.966127720233558,0.06681755085171719,0.12398239785195904,0.16544363872803902,0.3236049001732831,1536
adamw_grpo,AdamW + GRPO,4,up_proj,mlp,model.layers.4.mlp.up_proj.weight,0.09998534137570057,0.027467405423521996,3.0455577569664456,927.8141947594297,13.250656379151604,0.07546795957771466,0.14585009368831978,0.1933815958830221,0.3669144507521758,1536
adamw_grpo,AdamW + GRPO,4,k_proj,attn,model.layers.4.self_attn.k_proj.weight,0.01686525020236821,0.005906154867261648,0.19261652572095045,130.4372137135499,8.154097796459826,0.12263772460935639,0.3641309912233286,0.48495508179329644,0.780441397849932,256
adamw_grpo,AdamW + GRPO,4,o_proj,attn,model.layers.4.self_attn.o_proj.weight,0.04112941275883682,0.01562579907476902,0.9369501917072682,518.9529574711412,6.928202075051799,0.14433759136457108,0.28619832827754293,0.35289251347428385,0.5704778050252063,1536
adamw_grpo,AdamW + GRPO,4,q_proj,attn,model.layers.4.self_attn.q_proj.weight,0.04168166980224278,0.012292887084186077,0.88893656222875,454.832323220851,11.496944444850127,0.0869796322663744,0.22728014294682639,0.3338957915442641,0.6162216293038745,1536
adamw_grpo,AdamW + GRPO,4,v_proj,attn,model.layers.4.self_attn.v_proj.weight,0.016907202402553945,0.005402787122875452,0.22953716822667047,184.3157871875398,9.792820440193307,0.10211562706650223,0.22790888553330862,0.31135756379344565,0.6178071300171288,256
adamw_grpo,AdamW + GRPO,5,down_proj,mlp,model.layers.5.mlp.down_proj.weight,0.09937831427409655,0.023209933191537857,3.1722228006692603,1018.9294466378318,18.333081562450896,0.05454620362613567,0.11153174412738805,0.1501010359422705,0.3135775848461799,1536
adamw_grpo,AdamW + GRPO,5,gate_proj,mlp,model.layers.5.mlp.gate_proj.weight,0.0997863294931712,0.026709740981459618,3.1387802740500774,989.4178318730533,13.957342732507197,0.07164687571015656,0.13979062056139832,0.18097663839863157,0.34131216396960734,1536
adamw_grpo,AdamW + GRPO,5,up_proj,mlp,model.layers.5.mlp.up_proj.weight,0.09945181520943275,0.028116751462221146,2.9717541628488107,892.8948761776644,12.511089898934378,0.0799290875597636,0.15175156998420591,0.19927926794950707,0.3797693160636039,1536
adamw_grpo,AdamW + GRPO,5,k_proj,attn,model.layers.5.self_attn.k_proj.weight,0.017130303439288792,0.005768292583525181,0.20570049690286396,144.1918021194386,8.819329124897582,0.11338730937900143,0.34015652260007645,0.4416052331165826,0.7391498794314183,256
adamw_grpo,AdamW + GRPO,5,o_proj,attn,model.layers.5.self_attn.o_proj.weight,0.041012362168753,0.014627031050622463,0.9572863116530357,544.8213652450999,7.861713283383006,0.12719873696152983,0.2610157573245022,0.32789766766168227,0.5443010789488764,1536
adamw_grpo,AdamW + GRPO,5,q_proj,attn,model.layers.5.self_attn.q_proj.weight,0.04172826532797864,0.010479109361767769,0.9406760548134372,508.18227812283055,15.856667402109382,0.0630649539806184,0.21339057619380042,0.3095640487738374,0.5683360252914053,1536
adamw_grpo,AdamW + GRPO,5,v_proj,attn,model.layers.5.self_attn.v_proj.weight,0.01695498800548725,0.005532379262149334,0.23178699376876466,186.88874680702733,9.392281149548705,0.10647040735658234,0.22106668753565642,0.3034568364428575,0.6086257920277669,256
adamw_grpo,AdamW + GRPO,6,down_proj,mlp,model.layers.6.mlp.down_proj.weight,0.0994489237877934,0.025042638182640076,3.134181240340695,993.2259053459459,15.77030227276878,0.06341032547782807,0.12757963113416987,0.16861031828761044,0.33376362270405247,1536
adamw_grpo,AdamW + GRPO,6,gate_proj,mlp,model.layers.6.mlp.gate_proj.weight,0.09986983128559508,0.027984246611595154,3.1268428072798997,980.2649297068011,12.736244674467912,0.0785160795477398,0.14328967581449342,0.18565026203363172,0.34767007320157944,1536
adamw_grpo,AdamW + GRPO,6,up_proj,mlp,model.layers.6.mlp.up_proj.weight,0.09962940672429273,0.029373858124017715,2.9272481971711386,863.2647469676281,11.50411203627565,0.0869254399510995,0.16242528009889687,0.21051550237244795,0.39554739895221025,1536
adamw_grpo,AdamW + GRPO,6,k_proj,attn,model.layers.6.self_attn.k_proj.weight,0.016535755249433147,0.005662207491695881,0.20102586413850076,147.79365999907955,8.5285757464969,0.1172528719593947,0.3308288827703151,0.43051571981883185,0.7299723707472747,256
adamw_grpo,AdamW + GRPO,6,o_proj,attn,model.layers.6.self_attn.o_proj.weight,0.040787541412362904,0.015237532556056976,0.9477101179743936,539.8784334941233,7.165157849827163,0.13956426654635695,0.2648295682943741,0.33304776584844736,0.5530437760199944,1536
adamw_grpo,AdamW + GRPO,6,q_proj,attn,model.layers.6.self_attn.q_proj.weight,0.040970529584995655,0.011262052692472935,0.9101276317869207,493.47078300952336,13.234515454210024,0.07556000092786855,0.22180714757568842,0.3165061224963128,0.5816838914252367,1536
adamw_grpo,AdamW + GRPO,6,v_proj,attn,model.layers.6.self_attn.v_proj.weight,0.016480859745241994,0.005422506015747786,0.22504133512848057,186.45106335469478,9.237610404815303,0.1082531040147275,0.2334336638173152,0.30977414422809624,0.6090820591311492,256
adamw_grpo,AdamW + GRPO,7,down_proj,mlp,model.layers.7.mlp.down_proj.weight,0.09980461380813331,0.022910375148057938,3.1629692562273704,1004.3583725226678,18.97740542187298,0.05269424232500297,0.12088755903836175,0.16295258388070327,0.3342866151134448,1536
adamw_grpo,AdamW + GRPO,7,gate_proj,mlp,model.layers.7.mlp.gate_proj.weight,0.10031162944313109,0.02847548946738243,3.0665389789064648,934.5324985559861,12.409668326627697,0.08058233094387206,0.15758918114052609,0.20391833508936358,0.3794058282277273,1536
adamw_grpo,AdamW + GRPO,7,up_proj,mlp,model.layers.7.mlp.up_proj.weight,0.09986074623626863,0.029887605458498,2.9067932445614133,847.3028558399943,11.163679792910516,0.08957619875796231,0.17697447943789646,0.22851142969509486,0.4203574169352721,1536
adamw_grpo,AdamW + GRPO,7,k_proj,attn,model.layers.7.self_attn.k_proj.weight,0.016750120050746175,0.005555431824177504,0.20363265479682013,147.79474702191933,9.09076023146235,0.11000180122879988,0.31023047468924203,0.4185050791788401,0.7319723386106158,256
adamw_grpo,AdamW + GRPO,7,o_proj,attn,model.layers.7.self_attn.o_proj.weight,0.04083142554540101,0.015592735260725021,0.9198088461973981,507.4649819179895,6.857163025234957,0.14583290441249724,0.27752531342826847,0.3462949687770793,0.5767155193610246,1536
adamw_grpo,AdamW + GRPO,7,q_proj,attn,model.layers.7.self_attn.q_proj.weight,0.041634205343520206,0.011684478260576725,0.9170835973778537,485.19608960526546,12.696438400339595,0.07876224563679628,0.22215900847267653,0.3229534042219168,0.5867762716431802,1536
adamw_grpo,AdamW + GRPO,7,v_proj,attn,model.layers.7.self_attn.v_proj.weight,0.01680102209202392,0.006161267403513193,0.21877428992593195,169.5591224013912,7.435861464655076,0.13448340918578242,0.2959465512447766,0.3764722643003889,0.6636056113884345,256
adamw_grpo,AdamW + GRPO,8,down_proj,mlp,model.layers.8.mlp.down_proj.weight,0.10038202972112176,0.022721899673342705,3.19453082815744,1012.7499289942326,19.51743177276833,0.0512362492997285,0.11128832624419195,0.15502414441994433,0.3294556632830105,1536
adamw_grpo,AdamW + GRPO,8,gate_proj,mlp,model.layers.8.mlp.gate_proj.weight,0.10054057801127984,0.026390278711915016,3.1066258982464205,954.7620789524755,14.514256759526516,0.06889777524044724,0.13752362417404085,0.1858937911122914,0.3672892653109998,1536
adamw_grpo,AdamW + GRPO,8,up_proj,mlp,model.layers.8.mlp.up_proj.weight,0.10057982161866398,0.028228528797626495,2.9658933845203137,869.539566731568,12.695366220111588,0.07876889745928184,0.15537012861322175,0.2073873931139596,0.4054946257973963,1536
adamw_grpo,AdamW + GRPO,8,k_proj,attn,model.layers.8.self_attn.k_proj.weight,0.017220869834224103,0.0065020304173231125,0.19593780435388908,129.45722876841788,7.014749624362404,0.1425567630421155,0.3702243964414086,0.48413749434171205,0.7876982817482708,256
adamw_grpo,AdamW + GRPO,8,o_proj,attn,model.layers.8.self_attn.o_proj.weight,0.0413830436452963,0.013194339349865913,0.9678035017312254,546.9271972113802,9.837156004224617,0.10165539710568226,0.21607428805003284,0.2916196821807153,0.5406608091673043,1536
adamw_grpo,AdamW + GRPO,8,q_proj,attn,model.layers.8.self_attn.q_proj.weight,0.0417432871585036,0.012822063639760017,0.8938386265528315,458.50591842371426,10.59881800286481,0.09435014354711108,0.2241046977109318,0.32877688653404824,0.610318641262337,1536
adamw_grpo,AdamW + GRPO,8,v_proj,attn,model.layers.8.self_attn.v_proj.weight,0.01688163579028061,0.00517491577193141,0.22892383550060913,183.88782433986364,10.641981064259111,0.09396746657992851,0.21322386785813754,0.30778626920492647,0.6241034315839397,256
adamw_grpo,AdamW + GRPO,9,down_proj,mlp,model.layers.9.mlp.down_proj.weight,0.10056510999144994,0.022234292700886726,3.197207876248285,1010.7577557814309,20.457286561564782,0.048882338182562456,0.11021297095028632,0.15557955562381198,0.33243173100339857,1536
adamw_grpo,AdamW + GRPO,9,gate_proj,mlp,model.layers.9.mlp.gate_proj.weight,0.10083672746275858,0.025174984708428383,3.136428611163865,967.4606915319407,16.043497634177683,0.06233054803895668,0.132861685015021,0.18155853361731164,0.363573407028078,1536
adamw_grpo,AdamW + GRPO,9,up_proj,mlp,model.layers.9.mlp.up_proj.weight,0.10083207669522425,0.027899863198399544,2.957594229723327,860.3591005255612,13.061506655645445,0.07656084603132518,0.1608082224065127,0.21758949580906103,0.41829998790333706,1536
adamw_grpo,AdamW + GRPO,9,k_proj,attn,model.layers.9.self_attn.k_proj.weight,0.017150678018409957,0.005781825166195631,0.20676609037764138,145.3436440492667,8.798987022595748,0.1136494459455396,0.30680809770491957,0.4116765448967743,0.7339605544216294,256
adamw_grpo,AdamW + GRPO,9,o_proj,attn,model.layers.9.self_attn.o_proj.weight,0.04178867886051179,0.015748362988233566,0.9460368829351395,512.5058824062169,7.041196260835435,0.14202132179757626,0.2414629132219132,0.30604040467948807,0.548233660865847,1536
adamw_grpo,AdamW + GRPO,9,q_proj,attn,model.layers.9.self_attn.q_proj.weight,0.042106032062285435,0.013049493543803692,0.9315164111131455,489.432029841188,10.411212718809647,0.096050289914193,0.22217100070957305,0.31993812710048214,0.5880728462506933,1536
adamw_grpo,AdamW + GRPO,9,v_proj,attn,model.layers.9.self_attn.v_proj.weight,0.017227999765393718,0.005070879124104977,0.23786114010727033,190.62386815554484,11.542588093705907,0.08663568273265274,0.19041146487684443,0.2758472008221821,0.5988048653534849,256
muon_grpo,Muon + GRPO,-1,embed,embed,model.embed_tokens.weight,0.1276126461708542,0.0481262132525444,3.6327616238268092,810.3756325114415,7.031112491003893,0.14222500369315258,0.28266880717698295,0.34879074417753697,0.5141080057074817,1536
muon_grpo,Muon + GRPO,0,down_proj,mlp,model.layers.0.mlp.down_proj.weight,0.12314343266881618,0.005742112640291452,4.609429070260376,1401.1084807716527,459.9166114775237,0.002174307200575795,0.0092420988709367,0.017904615607239497,0.08232255365903604,1536
muon_grpo,Muon + GRPO,0,gate_proj,mlp,model.layers.0.mlp.gate_proj.weight,0.10921794664034358,0.005886157508939505,3.9874138059465167,1332.8908967512186,344.2898789521616,0.002904529180594786,0.009833920543375873,0.01823749822320526,0.08089034249807743,1536
muon_grpo,Muon + GRPO,0,up_proj,mlp,model.layers.0.mlp.up_proj.weight,0.10761037990085613,0.005816880147904158,3.9007984741640485,1314.0100864335254,342.2378965554614,0.002921944092295883,0.010426716400163148,0.019524203001063417,0.08686705142726191,1536
muon_grpo,Muon + GRPO,0,k_proj,attn,model.layers.0.self_attn.k_proj.weight,0.019354973311680682,0.002043244196102023,0.2946458096266724,231.7476743020707,89.73143346637704,0.011144366710409307,0.05256498032164989,0.10073488506922579,0.39817585529131844,256
muon_grpo,Muon + GRPO,0,o_proj,attn,model.layers.0.self_attn.o_proj.weight,0.0395365725951629,0.0024644203949719667,1.2644865687098097,1022.8934687659133,257.37623714651,0.003885362576929569,0.01545062447943183,0.029479764277259065,0.13226181026936845,1536
muon_grpo,Muon + GRPO,0,q_proj,attn,model.layers.0.self_attn.q_proj.weight,0.033994647857838,0.0022014931309968233,0.9786524451647053,828.7735408524364,238.44401395237458,0.0041938565931025394,0.02013395270271801,0.03927022327474641,0.17447865879555507,1536
muon_grpo,Muon + GRPO,0,v_proj,attn,model.layers.0.self_attn.v_proj.weight,0.018934720391813348,0.0020164221059530973,0.2880757275270298,231.47044262668254,88.17691345352942,0.011340836970064905,0.053542199432648714,0.10137992021634114,0.4016204945959843,256
muon_grpo,Muon + GRPO,1,down_proj,mlp,model.layers.1.mlp.down_proj.weight,0.0839967549603467,0.004687102977186441,2.9877857961691916,1265.242873965549,321.1559897034628,0.0031137516722740967,0.014994980725861445,0.029176457938886027,0.12934974417468523,1536
muon_grpo,Muon + GRPO,1,gate_proj,mlp,model.layers.1.mlp.gate_proj.weight,0.12773638764838424,0.005170234479010105,4.867353628463491,1451.9663114146836,610.3919275674228,0.001638291653012632,0.007287415721970125,0.014197990163278064,0.06654250912260481,1536
muon_grpo,Muon + GRPO,1,up_proj,mlp,model.layers.1.mlp.up_proj.weight,0.12691931282066535,0.00490085082128644,4.824420804968753,1444.8905120028905,670.6755250413413,0.0014910339838901364,0.0073553129711778535,0.014543287027588496,0.06890869548738016,1536
muon_grpo,Muon + GRPO,1,k_proj,attn,model.layers.1.self_attn.k_proj.weight,0.01892317565965182,0.0020412984304130077,0.28757312445668504,230.94499266625,85.93598088447176,0.011636569335775108,0.05403749824865022,0.10259986284652853,0.40287411310321714,256
muon_grpo,Muon + GRPO,1,o_proj,attn,model.layers.1.self_attn.o_proj.weight,0.040129631934002666,0.0022202853579074144,1.2897410815832018,1032.939092612226,326.67264058924746,0.0030611685086213963,0.014301028678290221,0.027886177039779792,0.12746102311560065,1536
muon_grpo,Muon + GRPO,1,q_proj,attn,model.layers.1.self_attn.q_proj.weight,0.03564745058958757,0.0021360537502914667,1.1013317332194283,954.5075203656482,278.5047443606048,0.0035906031055083624,0.017449714693734422,0.034148274920115636,0.15275773664167985,1536
muon_grpo,Muon + GRPO,1,v_proj,attn,model.layers.1.self_attn.v_proj.weight,0.018564619826266164,0.0022501558996737003,0.2818299009813927,230.46342729173236,68.06861317605565,0.014691058820510357,0.05800046464172473,0.10772555815207441,0.40994867555245174,256
muon_grpo,Muon + GRPO,10,down_proj,mlp,model.layers.10.mlp.down_proj.weight,0.12075427316081382,0.005082592833787203,4.5475884773768485,1418.2647157401393,564.4615666200241,0.001771599802601202,0.008506895829178645,0.016738854546553137,0.0780310977315895,1536
muon_grpo,Muon + GRPO,10,gate_proj,mlp,model.layers.10.mlp.gate_proj.weight,0.12471850144471665,0.004880136344581842,4.730282323663914,1438.5082477107567,653.1273287942722,0.001531095019168902,0.007561476436756021,0.014956182819009636,0.07084194888791354,1536
muon_grpo,Muon + GRPO,10,up_proj,mlp,model.layers.10.mlp.up_proj.weight,0.12413280109953993,0.004931322764605284,4.695329934086203,1430.7347279743228,633.6453516204781,0.0015781698665390826,0.007810416701115981,0.01548158892366988,0.0731810070734605,1536
muon_grpo,Muon + GRPO,10,k_proj,attn,model.layers.10.self_attn.k_proj.weight,0.0187002048703605,0.0018994825659319758,0.28752385766711086,236.40412180406162,96.9219415398435,0.010317581180407032,0.04941148025571494,0.09487341545738669,0.37834694855772644,256
muon_grpo,Muon + GRPO,10,o_proj,attn,model.layers.10.self_attn.o_proj.weight,0.0423671635022191,0.0021789243910461664,1.4035223570660094,1097.4377432510867,378.0719495080897,0.0026449991894429152,0.013049520654293203,0.025676403035753668,0.1185305174466777,1536
muon_grpo,Muon + GRPO,10,q_proj,attn,model.layers.10.self_attn.q_proj.weight,0.03973161541026894,0.0021449921187013388,1.2912724980435826,1056.2418155673513,343.10025778441604,0.0029145999669529274,0.014250155538246224,0.02806225636868292,0.12857900844674425,1536
muon_grpo,Muon + GRPO,10,v_proj,attn,model.layers.10.self_attn.v_proj.weight,0.01865120803939787,0.002038627862930298,0.2855175441945903,234.34282786095864,83.70242133156947,0.011947085688700822,0.0532206286191771,0.09998827760303665,0.3904466793702634,256
muon_grpo,Muon + GRPO,11,down_proj,mlp,model.layers.11.mlp.down_proj.weight,0.12100080221615962,0.005115145351737738,4.562125792028382,1421.536491327499,559.5778831456246,0.001787061336982398,0.008499541433234035,0.016652796363776787,0.07735679699833801,1536
muon_grpo,Muon + GRPO,11,gate_proj,mlp,model.layers.11.mlp.gate_proj.weight,0.12456280041790314,0.004866395145654678,4.728255444671959,1440.871116767029,655.1820438140992,0.001526293355322386,0.0075383807313737445,0.014907146517154463,0.07057123802228274,1536
muon_grpo,Muon + GRPO,11,up_proj,mlp,model.layers.11.mlp.up_proj.weight,0.12417802728296448,0.00494062714278698,4.704102381365374,1435.0400374268427,631.7210559060206,0.0015829771552664017,0.007768692750157697,0.015366500905632935,0.07253701856768047,1536
muon_grpo,Muon + GRPO,11,k_proj,attn,model.layers.11.self_attn.k_proj.weight,0.018995070335271244,0.0020089680328965187,0.29178326879628,235.9603102868497,89.39963786199978,0.011185727637327043,0.05046395419844902,0.09569127327544577,0.379731821921734,256
muon_grpo,Muon + GRPO,11,o_proj,attn,model.layers.11.self_attn.o_proj.weight,0.04219699884090992,0.0021833970677107573,1.394135137258047,1091.5575010945383,373.50608574031446,0.002677332547387901,0.01318109887433245,0.025904228225123192,0.11947118170899511,1536
muon_grpo,Muon + GRPO,11,q_proj,attn,model.layers.11.self_attn.q_proj.weight,0.038803181325387945,0.0021421187557280064,1.2504154354263335,1038.4222516066461,328.13123936429486,0.003047561097618594,0.014841053642167127,0.02908875051228968,0.1326019989263336,1536
muon_grpo,Muon + GRPO,11,v_proj,attn,model.layers.11.self_attn.v_proj.weight,0.01855383496990803,0.002012855838984251,0.28360966878244653,233.65478890302015,84.96538608738938,0.011769498687047346,0.05344270678944548,0.10074328889811521,0.39482898958084567,256
muon_grpo,Muon + GRPO,12,down_proj,mlp,model.layers.12.mlp.down_proj.weight,0.1214846464688583,0.0052025895565748215,4.573805797845125,1417.4660080696328,545.2600244737745,0.0018339873732080231,0.008624535603593084,0.01685899412684873,0.07812161805914551,1536
muon_grpo,Muon + GRPO,12,gate_proj,mlp,model.layers.12.mlp.gate_proj.weight,0.12427257039656485,0.00493510439991951,4.703021353675695,1432.1989101378776,634.1001757184134,0.0015770378850108893,0.007783104950065331,0.015376010960891428,0.07240497660552223,1536
muon_grpo,Muon + GRPO,12,up_proj,mlp,model.layers.12.mlp.up_proj.weight,0.12359735610739322,0.004998029675334692,4.666951103378096,1425.7656254487392,611.5341308187574,0.0016352317059738627,0.008039883694046696,0.015869260007561035,0.07482911803315219,1536
muon_grpo,Muon + GRPO,12,k_proj,attn,model.layers.12.self_attn.k_proj.weight,0.018771043896672463,0.0019509631674736738,0.2881437345058657,235.63592875950377,92.57180032064072,0.010802425755319681,0.050985513664578735,0.09639620675907036,0.38049525478701196,256
muon_grpo,Muon + GRPO,12,o_proj,attn,model.layers.12.self_attn.o_proj.weight,0.0415587389990837,0.0021780699025839567,1.3657223661981845,1079.941226944822,364.0668157177457,0.0027467485550105217,0.01347299134437943,0.02652280418674774,0.12232600759468705,1536
muon_grpo,Muon + GRPO,12,q_proj,attn,model.layers.12.self_attn.q_proj.weight,0.03893934339812155,0.00214371713809669,1.2514469007402944,1032.8746200106125,329.94555979592843,0.003030803022833526,0.014876922464148198,0.029134556774570598,0.1327777112419717,1536
muon_grpo,Muon + GRPO,12,v_proj,attn,model.layers.12.self_attn.v_proj.weight,0.018499579050812537,0.0019317696569487453,0.283044075302314,234.09085322242925,91.70922267469248,0.010904028742530754,0.05179675183057146,0.09894066807496302,0.39098108032107,256
muon_grpo,Muon + GRPO,13,down_proj,mlp,model.layers.13.mlp.down_proj.weight,0.12158578892007976,0.005224164575338364,4.585535952588543,1422.3765101517452,541.6664467948815,0.001846154595539643,0.008557549573083254,0.016705442911372242,0.07717695725293879,1536
muon_grpo,Muon + GRPO,13,gate_proj,mlp,model.layers.13.mlp.gate_proj.weight,0.12427631807807395,0.0049500977620482445,4.709387972718105,1435.9925431597371,630.302752539795,0.0015865391606978006,0.007792782184960141,0.015392085170670032,0.07243511970531974,1536
muon_grpo,Muon + GRPO,13,up_proj,mlp,model.layers.13.mlp.up_proj.weight,0.12413214557429081,0.0049506607465445995,4.699979825760238,1433.5850502433464,628.6981626374607,0.001590588392695289,0.007846629500433114,0.015500539920573734,0.0731582116379752,1536
muon_grpo,Muon + GRPO,13,k_proj,attn,model.layers.13.self_attn.k_proj.weight,0.019483475638027256,0.0019728667102754116,0.29936195502523333,236.0806254841377,97.52980957722575,0.010253275427634082,0.048189426531062785,0.092497643242599,0.37560553450705153,256
muon_grpo,Muon + GRPO,13,o_proj,attn,model.layers.13.self_attn.o_proj.weight,0.04163646245977601,0.0021910867653787136,1.3716155554047873,1085.2184190302414,361.10083776618546,0.0027693095540462435,0.013418945033456807,0.026382146475139128,0.1214042808032141,1536
muon_grpo,Muon + GRPO,13,q_proj,attn,model.layers.13.self_attn.q_proj.weight,0.03798090775752662,0.0021206762176007032,1.2134915948675769,1020.8051784457183,320.7612879659387,0.0031175831919785435,0.01524415709033118,0.029988529799369872,0.13664366336909367,1536
muon_grpo,Muon + GRPO,13,v_proj,attn,model.layers.13.self_attn.v_proj.weight,0.01851118888926025,0.0019651942420750856,0.28233790706144646,232.63216218200284,88.72738024997113,0.011270478145333558,0.05352645976250436,0.1015809242818197,0.3989433645132047,256
muon_grpo,Muon + GRPO,14,down_proj,mlp,model.layers.14.mlp.down_proj.weight,0.12173626697750713,0.005559646524488926,4.594498171121813,1424.4139092757118,479.45251270062215,0.002085712293731196,0.00874001180665779,0.016785575946422972,0.0766887378852326,1536
muon_grpo,Muon + GRPO,14,gate_proj,mlp,model.layers.14.mlp.gate_proj.weight,0.12474169761613635,0.0049239578656852245,4.737622861168347,1442.4397145037387,641.792509655551,0.0015581359784592973,0.007575216962873977,0.014934331538869307,0.07035271415480397,1536
muon_grpo,Muon + GRPO,14,up_proj,mlp,model.layers.14.mlp.up_proj.weight,0.12443946361636714,0.0051438710652291775,4.716858415049501,1436.7771738253034,585.2428446762898,0.0017086923985429009,0.007929470999594719,0.015524793354456105,0.0725027843173676,1536
muon_grpo,Muon + GRPO,14,k_proj,attn,model.layers.14.self_attn.k_proj.weight,0.01920011737973067,0.002080450765788555,0.2936067932168953,233.84303114175748,85.17122277925652,0.011741054870044091,0.05222795931375237,0.09814558241482851,0.3890476734688462,256
muon_grpo,Muon + GRPO,14,o_proj,attn,model.layers.14.self_attn.o_proj.weight,0.04009861519126156,0.002188953338190913,1.2748195176407995,1010.7381514277819,335.5720193205072,0.0029799862396897073,0.014550715600763453,0.028566516736852753,0.13104494944641779,1536
muon_grpo,Muon + GRPO,14,q_proj,attn,model.layers.14.self_attn.q_proj.weight,0.03471267917745637,0.0021367233712226152,1.041492140604585,900.1931938665066,263.92447623169494,0.0037889627149325727,0.018350269573977965,0.03568998243099643,0.15990081388820612,1536
muon_grpo,Muon + GRPO,14,v_proj,attn,model.layers.14.self_attn.v_proj.weight,0.018433599079209908,0.002003877190873027,0.280758400214836,231.97716843084328,84.62098402778012,0.011817399803241608,0.054803126613182186,0.10377068325681124,0.40398638087802125,256
muon_grpo,Muon + GRPO,15,down_proj,mlp,model.layers.15.mlp.down_proj.weight,0.12267368035189939,0.005894443020224571,4.622131921350956,1419.6519510475011,433.1289792008606,0.002308781097596005,0.009078412154584962,0.017231866066270345,0.07783204489723435,1536
muon_grpo,Muon + GRPO,15,gate_proj,mlp,model.layers.15.mlp.gate_proj.weight,0.12504246765284915,0.005264559760689735,4.735628447462091,1434.3005671044893,564.1452703523745,0.0017725930758497423,0.007971002808326008,0.015530173035343172,0.0724090397604197,1536
muon_grpo,Muon + GRPO,15,up_proj,mlp,model.layers.15.mlp.up_proj.weight,0.12445477946000708,0.005594192538410425,4.703339463632403,1428.201520400344,494.9351973855802,0.002020466528309863,0.008436830936808543,0.016233683057923852,0.07463962644089356,1536
muon_grpo,Muon + GRPO,15,k_proj,attn,model.layers.15.self_attn.k_proj.weight,0.01890389461099514,0.0020661528687924147,0.2894543358706869,234.4539446178017,83.71006395043013,0.011945994935473487,0.05343502939946528,0.09957945868911378,0.3866969175143645,256
muon_grpo,Muon + GRPO,15,o_proj,attn,model.layers.15.self_attn.o_proj.weight,0.04173670923439045,0.00232555135153234,1.3676206968296043,1073.7295898465647,322.095412932855,0.003104670106582558,0.014087710578241657,0.02737918303418247,0.1241524650847454,1536
muon_grpo,Muon + GRPO,15,q_proj,attn,model.layers.15.self_attn.q_proj.weight,0.03799845833337375,0.002127629704773426,1.2080656879037406,1010.7625564850778,318.96267402478946,0.0031351630815657163,0.015445234154558304,0.03036742361862973,0.13820924256888345,1536
muon_grpo,Muon + GRPO,15,v_proj,attn,model.layers.15.self_attn.v_proj.weight,0.01836906930493791,0.00207594339735806,0.2795879752957262,231.6661987420333,78.2966696425843,0.012771935314297404,0.05720765682176823,0.10679859885230077,0.40551062620601275,256
muon_grpo,Muon + GRPO,16,down_proj,mlp,model.layers.16.mlp.down_proj.weight,0.12338065304641606,0.006050928961485624,4.648705846979283,1419.6131178626865,415.76700459808126,0.002405193266759329,0.009119852195901824,0.017275209829266298,0.07788482847569293,1536
muon_grpo,Muon + GRPO,16,gate_proj,mlp,model.layers.16.mlp.gate_proj.weight,0.12546850324805905,0.005384316202253103,4.747609391226433,1431.793960280974,543.0106172374315,0.001841584617787961,0.008106265284324761,0.01579765681162381,0.07348218569506121,1536
muon_grpo,Muon + GRPO,16,up_proj,mlp,model.layers.16.mlp.up_proj.weight,0.12480504650105238,0.005796113051474094,4.71359337924514,1426.3954257167566,463.6503559427181,0.0021567976540571134,0.008628279014813337,0.016501154267620596,0.07549829120850296,1536
muon_grpo,Muon + GRPO,16,k_proj,attn,model.layers.16.self_attn.k_proj.weight,0.018773187957983543,0.0020482519175857306,0.2873560942825861,234.29594247723475,84.00580859392215,0.011903938748258775,0.05325147642820969,0.09965384572839348,0.3895329889661027,256
muon_grpo,Muon + GRPO,16,o_proj,attn,model.layers.16.self_attn.o_proj.weight,0.04117286230917135,0.002424332546070218,1.3481990020635521,1072.2248860725724,288.4282109588049,0.0034670672354682607,0.01446723101783618,0.02788074137195547,0.12558464533325692,1536
muon_grpo,Muon + GRPO,16,q_proj,attn,model.layers.16.self_attn.q_proj.weight,0.03828087496198585,0.0021735092159360647,1.1988134490800508,980.707511692993,310.1992470056544,0.0032237344534294496,0.015767570002440383,0.030909493143325757,0.13971181490944312,1536
muon_grpo,Muon + GRPO,16,v_proj,attn,model.layers.16.self_attn.v_proj.weight,0.018564968712116582,0.0021697322372347116,0.2832515829941258,232.785673152998,73.2109698227129,0.013659155211597279,0.056980307470906225,0.10472529266880799,0.3994267958573926,256
muon_grpo,Muon + GRPO,17,down_proj,mlp,model.layers.17.mlp.down_proj.weight,0.12361564163701562,0.006158468779176474,4.659084909711964,1420.5430372697172,402.9038030255537,0.002481982032660476,0.009211390318075635,0.01736728853981189,0.07783369126856508,1536
muon_grpo,Muon + GRPO,17,gate_proj,mlp,model.layers.17.mlp.gate_proj.weight,0.12668488111216863,0.005283337086439133,4.800289633547891,1435.7714317654495,574.9537828373406,0.001739270233278748,0.007920125323484935,0.015416756580184179,0.07186326154285211,1536
muon_grpo,Muon + GRPO,17,up_proj,mlp,model.layers.17.mlp.up_proj.weight,0.12559878715877848,0.006029621697962284,4.743744399386742,1426.4996507306673,433.9011099969717,0.0023046726015680838,0.008741985925694428,0.016579821937882395,0.07537768167563091,1536
muon_grpo,Muon + GRPO,17,k_proj,attn,model.layers.17.self_attn.k_proj.weight,0.01874450576703519,0.001962448703125119,0.287463141430635,235.1886432042419,91.23287502032399,0.010960961164242928,0.0512710088980441,0.09798422911494366,0.3853427116556727,256
muon_grpo,Muon + GRPO,17,o_proj,attn,model.layers.17.self_attn.o_proj.weight,0.0417682241131917,0.0024338248185813427,1.3630716117853439,1064.9894976848227,294.51904939759885,0.0033953661131440305,0.014396393925170036,0.027740516892657892,0.12530931377489934,1536
muon_grpo,Muon + GRPO,17,q_proj,attn,model.layers.17.self_attn.q_proj.weight,0.038024200640875444,0.0021739632356911898,1.206080096479944,1006.0790722032518,305.9255821158075,0.0032687688067271604,0.015894316664752113,0.03114743682976918,0.14070169979581976,1536
muon_grpo,Muon + GRPO,17,v_proj,attn,model.layers.17.self_attn.v_proj.weight,0.018595387145689427,0.0023111500777304173,0.2839243512134999,233.12821317081395,64.73723605035238,0.015447060471074232,0.058033729124281654,0.10608402753260254,0.3977756344579998,256
muon_grpo,Muon + GRPO,18,down_proj,mlp,model.layers.18.mlp.down_proj.weight,0.12418898289074339,0.006335461046546698,4.678290196228772,1419.0842340849147,384.2462965979602,0.0026024974316051965,0.009345585629962915,0.017541174589017723,0.0781980677059392,1536
muon_grpo,Muon + GRPO,18,gate_proj,mlp,model.layers.18.mlp.gate_proj.weight,0.1268711883231235,0.005849270615726709,4.802259363094095,1432.7328171566899,470.4598724468587,0.0021255797966338906,0.008409569896931056,0.016008213796192005,0.07314399773279671,1536
muon_grpo,Muon + GRPO,18,up_proj,mlp,model.layers.18.mlp.up_proj.weight,0.1258779975426755,0.005991525016725063,4.751588181958255,1424.8788359446262,441.39244681789353,0.0022655575717465157,0.008740449895962156,0.016626327382414784,0.07562980583867607,1536
muon_grpo,Muon + GRPO,18,k_proj,attn,model.layers.18.self_attn.k_proj.weight,0.019119643299652163,0.002297858940437436,0.2931129271746613,235.02300438101187,69.23295068805264,0.014443989315228875,0.05557861825638611,0.10055180100001952,0.3844220802593342,256
muon_grpo,Muon + GRPO,18,o_proj,attn,model.layers.18.self_attn.o_proj.weight,0.04236068830505357,0.0026322524063289165,1.398275911558244,1089.5815373472783,258.9828189057341,0.0038612600025949404,0.014474885083786505,0.027265180295806133,0.12123252137210783,1536
muon_grpo,Muon + GRPO,18,q_proj,attn,model.layers.18.self_attn.q_proj.weight,0.03929465940195036,0.002212188672274351,1.2699002473412406,1044.4127333897432,315.5169747778492,0.0031694015851416076,0.0150382604541689,0.029302477689264566,0.13279606842355035,1536
muon_grpo,Muon + GRPO,18,v_proj,attn,model.layers.18.self_attn.v_proj.weight,0.018510122924645284,0.002495840424671769,0.28191559755941853,231.9634736971726,55.0028225506057,0.01818088515511988,0.06134620959517007,0.11000427126855714,0.40540084250772,256
muon_grpo,Muon + GRPO,19,down_proj,mlp,model.layers.19.mlp.down_proj.weight,0.12511020798966443,0.0064743380062282085,4.710126429446973,1417.3582537905584,373.41757507451376,0.002677967151922227,0.009625666186232054,0.01788160733517259,0.07885507165650918,1536
muon_grpo,Muon + GRPO,19,gate_proj,mlp,model.layers.19.mlp.gate_proj.weight,0.1268326725349128,0.005353878252208233,4.795366585942247,1429.4907127885767,561.2098764065362,0.0017818645787259944,0.008132708559211417,0.015873191482115863,0.0739236060485491,1536
muon_grpo,Muon + GRPO,19,up_proj,mlp,model.layers.19.mlp.up_proj.weight,0.12541481192446802,0.005790127906948328,4.725142832786332,1419.489615067005,469.16039922331447,0.0021314671947067136,0.00877366227859818,0.016844608359562935,0.07712298615454295,1536
muon_grpo,Muon + GRPO,19,k_proj,attn,model.layers.19.self_attn.k_proj.weight,0.018902769715768104,0.0019238985842093825,0.2907758870278485,236.62786833045834,96.53538589912363,0.01035889576331075,0.04928014130134682,0.09432902479782053,0.37584076653380305,256
muon_grpo,Muon + GRPO,19,o_proj,attn,model.layers.19.self_attn.o_proj.weight,0.04293092881260612,0.0026250409428030252,1.4168870164526766,1089.2557777579752,267.4658911996192,0.003738794488952854,0.014368011208332282,0.027242375628640896,0.1214558282052128,1536
muon_grpo,Muon + GRPO,19,q_proj,attn,model.layers.19.self_attn.q_proj.weight,0.04008756781674134,0.0021782233379781246,1.299078138113373,1050.149507673682,338.6995359004179,0.002952469354118079,0.014534231258627663,0.028584192997260643,0.13062378260690702,1536
muon_grpo,Muon + GRPO,19,v_proj,attn,model.layers.19.self_attn.v_proj.weight,0.018614094786767305,0.0026881443336606026,0.28372144512832165,232.32742786494026,47.94890296815509,0.020855534498133203,0.065778798288858,0.11372709912713785,0.40432462925082135,256
muon_grpo,Muon + GRPO,2,down_proj,mlp,model.layers.2.mlp.down_proj.weight,0.12213640840651575,0.005042772740125656,4.6090949466452,1424.101748368498,586.6127479958205,0.001704702128306159,0.008380393052382687,0.016494261539415862,0.0768749401008195,1536
muon_grpo,Muon + GRPO,2,gate_proj,mlp,model.layers.2.mlp.gate_proj.weight,0.12811944527928062,0.0048523773439228535,4.886784287957198,1454.8433674562339,697.1415483016567,0.0014344289225569078,0.006988875951337408,0.013797718456535839,0.06563045847542268,1536
muon_grpo,Muon + GRPO,2,up_proj,mlp,model.layers.2.mlp.up_proj.weight,0.12742193186259376,0.004888821858912706,4.848346797077966,1447.7680339771496,679.3286725540902,0.0014720415027386865,0.007277797480803167,0.014395224107337182,0.06811176508725025,1536
muon_grpo,Muon + GRPO,2,k_proj,attn,model.layers.2.self_attn.k_proj.weight,0.018926591070820186,0.0021237279288470745,0.2886364388396032,232.57204818788128,79.42313778108308,0.012590789383772985,0.05404298893983065,0.10184196387052086,0.39571637979275603,256
muon_grpo,Muon + GRPO,2,o_proj,attn,model.layers.2.self_attn.o_proj.weight,0.04347118510438066,0.00219447142444551,1.4460623815337073,1106.5501379549305,392.41274123453917,0.002548337235060151,0.012594590819220385,0.024820564090976497,0.11520190386629288,1536
muon_grpo,Muon + GRPO,2,q_proj,attn,model.layers.2.self_attn.q_proj.weight,0.039212329239223444,0.0021598313469439745,1.2703844031412928,1049.6029083293515,329.61396294733726,0.0030338520585056978,0.014746269945353416,0.028800984636532665,0.13118206554934048,1536
muon_grpo,Muon + GRPO,2,v_proj,attn,model.layers.2.self_attn.v_proj.weight,0.0186247474508837,0.0020034697372466326,0.28294735233066604,230.79717242324108,86.42018894902446,0.011571370210609661,0.05381305831732281,0.10319987336680062,0.4070285469365362,256
muon_grpo,Muon + GRPO,20,down_proj,mlp,model.layers.20.mlp.down_proj.weight,0.12575614322945988,0.0070150475949049,4.728018205612898,1413.5131755795464,321.36396381726945,0.00311173657469762,0.010259893002002904,0.018639510828493258,0.08047227821779142,1536
muon_grpo,Muon + GRPO,20,gate_proj,mlp,model.layers.20.mlp.gate_proj.weight,0.12700087779860889,0.005808098707348108,4.7932631813766875,1424.4562171789676,478.1294212418109,0.002091483927934768,0.00858095731246444,0.01645943205378798,0.07551534072276216,1536
muon_grpo,Muon + GRPO,20,up_proj,mlp,model.layers.20.mlp.up_proj.weight,0.12491110862207673,0.006353297736495733,4.693247908526246,1411.7079643244188,386.5482479582725,0.0025869991787104128,0.00957864194629846,0.01794557098610847,0.0798374458862853,1536
muon_grpo,Muon + GRPO,20,k_proj,attn,model.layers.20.self_attn.k_proj.weight,0.018802910144059534,0.001896570436656475,0.2891835120972246,236.5358181908278,98.29064570174654,0.010173908136023476,0.04922933063687749,0.09434064210561945,0.37788049906425675,256
muon_grpo,Muon + GRPO,20,o_proj,attn,model.layers.20.self_attn.o_proj.weight,0.042632463953989,0.002628852380439639,1.3998149464282506,1078.1033254526924,262.9955910520329,0.0038023451115655883,0.014516712296776651,0.027593890794556514,0.1237239176959817,1536
muon_grpo,Muon + GRPO,20,q_proj,attn,model.layers.20.self_attn.q_proj.weight,0.03936011848240947,0.002192419720813632,1.2649259950838816,1032.8028822819172,322.3037765808625,0.0031026629926848245,0.015090149324179576,0.02959911976991453,0.1354234725886503,1536
muon_grpo,Muon + GRPO,20,v_proj,attn,model.layers.20.self_attn.v_proj.weight,0.018845044291468667,0.002417244017124176,0.2878941447706893,233.38413995683936,60.778970149042266,0.01645305929909307,0.05985104907966623,0.10694167287950032,0.3966295029218181,256
muon_grpo,Muon + GRPO,21,down_proj,mlp,model.layers.21.mlp.down_proj.weight,0.12451440384183979,0.007299964316189289,4.661226250231266,1401.396988787377,290.9361669487806,0.0034371800882908115,0.010861628835866225,0.01965119050025627,0.08361063646208845,1536
muon_grpo,Muon + GRPO,21,gate_proj,mlp,model.layers.21.mlp.gate_proj.weight,0.12350702795343706,0.00635759299620986,4.62647755863145,1403.193543328292,377.3965267921648,0.0026497329175228677,0.009891015913122258,0.01852264752699236,0.0825607095848419,1536
muon_grpo,Muon + GRPO,21,up_proj,mlp,model.layers.21.mlp.up_proj.weight,0.12103774498179784,0.006576825398951769,4.505969059187919,1385.9091522349158,338.69518527139667,0.0029525072793659566,0.010617081523084231,0.01973833497885235,0.0868155089664562,1536
muon_grpo,Muon + GRPO,21,k_proj,attn,model.layers.21.self_attn.k_proj.weight,0.019730542141734204,0.0020827902480959892,0.3026043983991258,235.21901946264973,89.74018616407221,0.01114327975843172,0.052042293065954176,0.0981163983776678,0.3835777620883823,256
muon_grpo,Muon + GRPO,21,o_proj,attn,model.layers.21.self_attn.o_proj.weight,0.04100086067071503,0.0032251242082566023,1.3335516378581076,1057.8734744981566,161.61923856336597,0.006187382200838241,0.017782904864082138,0.03171917217860412,0.13256032870267725,1536
muon_grpo,Muon + GRPO,21,q_proj,attn,model.layers.21.self_attn.q_proj.weight,0.03603984166403543,0.00218649348244071,1.124355581734875,973.2885446651127,271.6873228425127,0.003680701732924299,0.017662931815762544,0.03430344527155747,0.15268546446915524,1536
muon_grpo,Muon + GRPO,21,v_proj,attn,model.layers.21.self_attn.v_proj.weight,0.01906872937926823,0.0031915572471916676,0.2899659940158017,231.23343282623043,35.69753541091301,0.028013138399865342,0.07105197065664581,0.1191392506314773,0.40742733425629285,256
muon_grpo,Muon + GRPO,22,down_proj,mlp,model.layers.22.mlp.down_proj.weight,0.12541246966466085,0.007567702792584896,4.6913475670153275,1399.309487967338,274.63336939542063,0.00364121811636148,0.011486910136905034,0.020441601386691405,0.08487554461973791,1536
muon_grpo,Muon + GRPO,22,gate_proj,mlp,model.layers.22.mlp.gate_proj.weight,0.12522703166547536,0.006188943982124329,4.698461962312649,1407.7166839684605,409.4143579936273,0.002442513264313914,0.009840128854751617,0.018337696951240764,0.08082215014338778,1536
muon_grpo,Muon + GRPO,22,up_proj,mlp,model.layers.22.mlp.up_proj.weight,0.12189789905574856,0.006703841965645552,4.539224673270155,1386.6629670113357,330.6320161303574,0.0030245104866242984,0.010878540098650637,0.019918781952748977,0.08638689116492582,1536
muon_grpo,Muon + GRPO,22,k_proj,attn,model.layers.22.self_attn.k_proj.weight,0.019728468216939504,0.002075000200420618,0.30014993966324255,231.46737568357037,90.39625675717298,0.011062404969779345,0.05282106549796822,0.1002422050314541,0.39995766596396354,256
muon_grpo,Muon + GRPO,22,o_proj,attn,model.layers.22.self_attn.o_proj.weight,0.04365465000008949,0.0029346621595323086,1.438601280916373,1085.9750912540155,221.2813421536908,0.00451913383327841,0.015289501789453324,0.02829069975889267,0.12308792461377055,1536
muon_grpo,Muon + GRPO,22,q_proj,attn,model.layers.22.self_attn.q_proj.weight,0.03539878147181902,0.0021973461844027042,1.078912916115227,928.9581713987525,259.52527348831956,0.0038531892734716914,0.018719611818239872,0.03658878534745485,0.16284260987488658,1536
muon_grpo,Muon + GRPO,22,v_proj,attn,model.layers.22.self_attn.v_proj.weight,0.019025954239111353,0.002650701440870762,0.28730911860475317,228.0373177000266,51.51945585542442,0.01941014289448694,0.06548367516620542,0.1161704250453642,0.42163799092745236,256
muon_grpo,Muon + GRPO,23,down_proj,mlp,model.layers.23.mlp.down_proj.weight,0.12576806981151883,0.007613052614033222,4.7114929059753194,1403.3832591741025,272.9123122899996,0.0036641805992885697,0.011689680032900704,0.020675470840561174,0.08463171862925446,1536
muon_grpo,Muon + GRPO,23,gate_proj,mlp,model.layers.23.mlp.gate_proj.weight,0.12543352764398025,0.006025157868862152,4.713361687441534,1411.9985863511283,433.4015014385823,0.0023073293393786522,0.009744938057933198,0.018186632413139493,0.08019300063758229,1536
muon_grpo,Muon + GRPO,23,up_proj,mlp,model.layers.23.mlp.up_proj.weight,0.12237553670461154,0.006652059033513069,4.566134048132653,1392.2207261269332,338.43637106813304,0.002954765165587604,0.010774566692967799,0.019776914751862537,0.08554166405840528,1536
muon_grpo,Muon + GRPO,23,k_proj,attn,model.layers.23.self_attn.k_proj.weight,0.019625132059682637,0.0026261042803525925,0.2995504165883176,232.97787521126668,55.84717900186788,0.017906007391466517,0.059051946706364586,0.10505547148221306,0.39372212753142044,256
muon_grpo,Muon + GRPO,23,o_proj,attn,model.layers.23.self_attn.o_proj.weight,0.04136795302680728,0.003361607901751995,1.346353220552274,1059.2292470141458,151.4376813043043,0.006603376328712826,0.018341789996016426,0.03227885557176336,0.13311379505409884,1536
muon_grpo,Muon + GRPO,23,q_proj,attn,model.layers.23.self_attn.q_proj.weight,0.03808086956698855,0.0025399199221283197,1.2093210890256012,1008.485223662087,224.7882801812248,0.004448630503306479,0.01761364833007251,0.033356382228989026,0.14567746673920348,1536
muon_grpo,Muon + GRPO,23,v_proj,attn,model.layers.23.self_attn.v_proj.weight,0.01933526984453058,0.0036303389351814985,0.29277410538634285,229.27930162047804,28.366524452864006,0.03525282068522976,0.08139975998222478,0.12831344229410122,0.4154865164028665,256
muon_grpo,Muon + GRPO,24,down_proj,mlp,model.layers.24.mlp.down_proj.weight,0.12329693796845759,0.008145350031554699,4.601671929354779,1392.9217618074645,229.13164776176794,0.004364303271801707,0.013237764752357445,0.02267850828828548,0.08926928950086756,1536
muon_grpo,Muon + GRPO,24,gate_proj,mlp,model.layers.24.mlp.gate_proj.weight,0.12364295752991689,0.0063731553964316845,4.62939305613736,1401.8751653953564,376.3827868846413,0.002656869641348644,0.010844976042035916,0.019734506947805475,0.08418136779197015,1536
muon_grpo,Muon + GRPO,24,up_proj,mlp,model.layers.24.mlp.up_proj.weight,0.11868301439512159,0.006826183758676052,4.396829827611896,1372.4678436825266,302.2881942266785,0.0033081014048802863,0.011952526489044097,0.02166324579961858,0.09205758961906822,1536
muon_grpo,Muon + GRPO,24,k_proj,attn,model.layers.24.self_attn.k_proj.weight,0.019154587303003966,0.001953947590664029,0.2949621999869123,237.13034275945188,96.09920104788054,0.010405913775513692,0.04907455655207462,0.09317752663863711,0.3723311558775687,256
muon_grpo,Muon + GRPO,24,o_proj,attn,model.layers.24.self_attn.o_proj.weight,0.042077950387898216,0.0035110474564135075,1.3816992861727329,1078.2461397371846,143.62688955930201,0.0069624845533336616,0.01889389681311492,0.0324609111191845,0.12976686912967839,1536
muon_grpo,Muon + GRPO,24,q_proj,attn,model.layers.24.self_attn.q_proj.weight,0.038991983263668296,0.0022500380873680115,1.25463914536355,1035.3495912320993,300.3107727777582,0.0033298838757943577,0.015607562392120815,0.030472987844079074,0.13695816542240344,1536
muon_grpo,Muon + GRPO,24,v_proj,attn,model.layers.24.self_attn.v_proj.weight,0.018854529530898143,0.0030607404187321663,0.2870216622832231,231.73837134675696,37.94708349691107,0.02635248635330304,0.07281389517621793,0.12132919481786988,0.40717625387688916,256
muon_grpo,Muon + GRPO,25,down_proj,mlp,model.layers.25.mlp.down_proj.weight,0.11986229352876702,0.008256244473159313,4.452713513863273,1380.0166945976198,210.76576957709344,0.00474460346196882,0.014688526150493476,0.024859942295555656,0.09422426192451325,1536
muon_grpo,Muon + GRPO,25,gate_proj,mlp,model.layers.25.mlp.gate_proj.weight,0.12437910437253342,0.007024621125310659,4.652777494884958,1399.3608451117823,313.50829748462246,0.0031897082406536622,0.012387782206025481,0.02148602199865712,0.08663473361577287,1536
muon_grpo,Muon + GRPO,25,up_proj,mlp,model.layers.25.mlp.up_proj.weight,0.11774218071488853,0.007391784805804491,4.3473849275357,1363.3019011421268,253.72631991082852,0.003941254499538902,0.014719978301962686,0.024787954520660523,0.09680504945812717,1536
muon_grpo,Muon + GRPO,25,k_proj,attn,model.layers.25.self_attn.k_proj.weight,0.0196972252906047,0.0024746234994381666,0.2972769549814984,227.77831880199972,63.35659650224365,0.01578367613172824,0.05908219318428139,0.10894202382701806,0.4172448484098893,256
muon_grpo,Muon + GRPO,25,o_proj,attn,model.layers.25.self_attn.o_proj.weight,0.04015561873309183,0.0034632328897714615,1.2972914663170343,1043.7163297914324,134.44023088224182,0.007438249647725721,0.020223224769492915,0.03501949879552582,0.1409066704384754,1536
muon_grpo,Muon + GRPO,25,q_proj,attn,model.layers.25.self_attn.q_proj.weight,0.033869862950605026,0.002628614194691181,1.0282214761693387,921.6084807837161,166.0248823299942,0.006023193547653785,0.022509138638057518,0.041793716851909586,0.1754880351349931,1536
muon_grpo,Muon + GRPO,25,v_proj,attn,model.layers.25.self_attn.v_proj.weight,0.020073673753368524,0.0037223210092633963,0.2994271202478558,222.4992461753467,29.08212092732078,0.03438538758913434,0.09135707311060057,0.14302782437733588,0.44590717772331345,256
muon_grpo,Muon + GRPO,26,down_proj,mlp,model.layers.26.mlp.down_proj.weight,0.10125908589325547,0.009284156374633312,3.627591851342004,1283.420081363719,118.95511236159432,0.008406532347766994,0.0240720953189895,0.03732994235596226,0.1238146276640199,1536
muon_grpo,Muon + GRPO,26,gate_proj,mlp,model.layers.26.mlp.gate_proj.weight,0.12227781088115502,0.008775361813604832,4.552603610912797,1386.1951243882809,194.16245141063303,0.005150326403147362,0.016768590332305263,0.02671343465939844,0.09429565803089593,1536
muon_grpo,Muon + GRPO,26,up_proj,mlp,model.layers.26.mlp.up_proj.weight,0.10931987186433649,0.01001434400677681,3.962491947249987,1313.8281334122407,119.16623440441737,0.00839163883123365,0.022893946045778428,0.03460870424611466,0.11587112880413575,1536
muon_grpo,Muon + GRPO,26,k_proj,attn,model.layers.26.self_attn.k_proj.weight,0.021531869845940972,0.004380670841783285,0.32222832046682015,223.95662978819587,24.159183240633112,0.041392127790069864,0.11332893382196793,0.16630462781787533,0.4443238079687084,256
muon_grpo,Muon + GRPO,26,o_proj,attn,model.layers.26.self_attn.o_proj.weight,0.04008237712415778,0.00383729487657547,1.2924830185669975,1039.7830937779433,109.10799927762181,0.009165230841191871,0.02352054633612904,0.038478114609627884,0.1444572425440077,1536
muon_grpo,Muon + GRPO,26,q_proj,attn,model.layers.26.self_attn.q_proj.weight,0.036302006151279376,0.004437193274497986,1.1013440456510857,920.4172814204288,66.93365794362207,0.014940166587672464,0.04264733148934272,0.06713061024495573,0.2029988827057433,1536
muon_grpo,Muon + GRPO,26,v_proj,attn,model.layers.26.self_attn.v_proj.weight,0.02003087421233231,0.004415204282850027,0.2984915610286407,222.05691759983839,20.582503730054725,0.048584954149178294,0.12237839522364785,0.17547914702657894,0.45194912321094,256
muon_grpo,Muon + GRPO,27,down_proj,mlp,model.layers.27.mlp.down_proj.weight,0.07640677605520595,0.006759795360267162,2.4775293068087194,1051.4142298827069,127.76051478732894,0.007827144416759803,0.027302371829810247,0.047344515862271154,0.17898435932635398,1536
muon_grpo,Muon + GRPO,27,gate_proj,mlp,model.layers.27.mlp.gate_proj.weight,0.10665989668062718,0.007645107340067625,3.82561496068125,1286.471581577682,194.64136537091414,0.005137654054647486,0.016112222316765196,0.02814093590323574,0.11336752478393845,1536
muon_grpo,Muon + GRPO,27,up_proj,mlp,model.layers.27.mlp.up_proj.weight,0.08691728732413093,0.00846048817038536,2.914629251634551,1124.4866692929772,105.54106737862247,0.00947498471294172,0.02656197377765047,0.04361516829108955,0.15899694890236057,1536
muon_grpo,Muon + GRPO,27,k_proj,attn,model.layers.27.self_attn.k_proj.weight,0.020586831397631834,0.003414851613342762,0.3090235578129068,225.32229242221146,36.344219080407505,0.027514692165695243,0.08295621316870368,0.1341764352260285,0.43553140856620914,256
muon_grpo,Muon + GRPO,27,o_proj,attn,model.layers.27.self_attn.o_proj.weight,0.03288886061894866,0.003399300156161189,0.9946787069526843,914.677477926212,93.60922036766979,0.010682708349372967,0.029453943991163415,0.04978849099275846,0.18877687317998068,1536
muon_grpo,Muon + GRPO,27,q_proj,attn,model.layers.27.self_attn.q_proj.weight,0.03481674266682078,0.003140007145702839,1.0612480325903149,929.0894338524306,122.94616949067758,0.008133640959638236,0.02561147108993058,0.044785404553290845,0.17612491322136223,1536
muon_grpo,Muon + GRPO,27,v_proj,attn,model.layers.27.self_attn.v_proj.weight,0.020415193484420318,0.004758954513818026,0.3024649418075569,219.5043274226716,18.402799434965615,0.05433955869235764,0.11650249175165063,0.16808265231918607,0.4596305931248019,256
muon_grpo,Muon + GRPO,3,down_proj,mlp,model.layers.3.mlp.down_proj.weight,0.12382813472891716,0.0053729768842458725,4.667676014942117,1420.8974855282677,531.1396435359171,0.0018827440432477853,0.008533331151466539,0.016663744718435552,0.07734334985573955,1536
muon_grpo,Muon + GRPO,3,gate_proj,mlp,model.layers.3.mlp.gate_proj.weight,0.12778588215695696,0.005630298517644405,4.865628208716544,1449.8133366824734,515.1134709498236,0.0019413198380467287,0.007683514970831652,0.014728753622712438,0.06806378149551341,1536
muon_grpo,Muon + GRPO,3,up_proj,mlp,model.layers.3.mlp.up_proj.weight,0.1270920186924613,0.004991232417523861,4.824780810848779,1441.1813071034126,648.3670998097663,0.0015423361245402555,0.007575539719556546,0.01495815124657453,0.07056604833179642,1536
muon_grpo,Muon + GRPO,3,k_proj,attn,model.layers.3.self_attn.k_proj.weight,0.01894379095293647,0.0020682502072304487,0.28953943587839603,233.60474645922045,83.89336840651801,0.011919893300199233,0.05406516810900499,0.10129503291501299,0.39107149387128587,256
muon_grpo,Muon + GRPO,3,o_proj,attn,model.layers.3.self_attn.o_proj.weight,0.04080043337908107,0.0021665978711098433,1.330319241158108,1063.1197660228295,354.62792275439017,0.0028198569143484636,0.0137171719073447,0.02691205125304703,0.12399319022967231,1536
muon_grpo,Muon + GRPO,3,q_proj,attn,model.layers.3.self_attn.q_proj.weight,0.03649489978476492,0.002150955144315958,1.1483407818751683,990.0958181968598,287.8734703352258,0.0034737483757551883,0.01653469592115396,0.03233004698773832,0.14576951554689394,1536
muon_grpo,Muon + GRPO,3,v_proj,attn,model.layers.3.self_attn.v_proj.weight,0.018387175960691268,0.0020031710155308247,0.2795548491412774,231.1553744739991,84.254675266201,0.011868777570390242,0.05611029286371624,0.10637339516468633,0.40719584993490116,256
muon_grpo,Muon + GRPO,4,down_proj,mlp,model.layers.4.mlp.down_proj.weight,0.1228752070713815,0.005063212942332029,4.627282426692545,1418.1543113217826,588.9468995998819,0.0016979459450068908,0.008410253815820926,0.01662977691998995,0.07778976821800768,1536
muon_grpo,Muon + GRPO,4,gate_proj,mlp,model.layers.4.mlp.gate_proj.weight,0.12741720371013673,0.004949349910020828,4.8381571453574,1441.7959489390794,662.7653915680693,0.0015088295386608084,0.007444767859566469,0.014726104329352814,0.06984515585686626,1536
muon_grpo,Muon + GRPO,4,up_proj,mlp,model.layers.4.mlp.up_proj.weight,0.12657412802445397,0.005002520978450775,4.792501700006142,1433.6220194115106,640.1946658772487,0.0015620248860238716,0.007733740198469302,0.01530960091091452,0.07234468549443301,1536
muon_grpo,Muon + GRPO,4,k_proj,attn,model.layers.4.self_attn.k_proj.weight,0.01960598127960937,0.002010328695178032,0.30086979520274326,235.49409060049396,95.11368846043372,0.010513733787287509,0.04990114639656276,0.09415650094594062,0.37843255566616724,256
muon_grpo,Muon + GRPO,4,o_proj,attn,model.layers.4.self_attn.o_proj.weight,0.04109040396422944,0.0021646907553076744,1.3465239286393285,1073.859168091883,360.3206040695702,0.0027753061820659066,0.013658880744603696,0.02690428133204599,0.1241825183337038,1536
muon_grpo,Muon + GRPO,4,q_proj,attn,model.layers.4.self_attn.q_proj.weight,0.0355185822464822,0.002145911566913128,1.1060268704556542,969.6614090435628,273.9602810316902,0.0036501641633384274,0.0174784491586172,0.0339806007897346,0.15157786762554737,1536
muon_grpo,Muon + GRPO,4,v_proj,attn,model.layers.4.self_attn.v_proj.weight,0.018481789814142398,0.002005034824833274,0.28225345187820494,233.23325325758987,84.96581224268755,0.011769439655843029,0.05358014527232178,0.10151404050553173,0.39683187759244953,256
muon_grpo,Muon + GRPO,5,down_proj,mlp,model.layers.5.mlp.down_proj.weight,0.12273447962728784,0.005087676458060741,4.614185826154426,1413.3736499781728,581.9614276393482,0.0017183269414544732,0.00849590049781842,0.01678347099467908,0.07859973944009839,1536
muon_grpo,Muon + GRPO,5,gate_proj,mlp,model.layers.5.mlp.gate_proj.weight,0.12646087053561977,0.005004436708986759,4.787031788054094,1432.914536893329,638.5603257440113,0.0015660227541303344,0.00772654002796236,0.01525047486761218,0.07199120285142925,1536
muon_grpo,Muon + GRPO,5,up_proj,mlp,model.layers.5.mlp.up_proj.weight,0.1253169052631207,0.0050581363029778,4.727651353930696,1423.2184344883708,613.816086836047,0.0016291524797835814,0.008036344464997706,0.015864699894356467,0.0747906070153161,1536
muon_grpo,Muon + GRPO,5,k_proj,attn,model.layers.5.self_attn.k_proj.weight,0.01937228376700173,0.0019738455303013325,0.2968299656640738,234.7760760189872,96.32417963468978,0.010381609309235831,0.04974007040540369,0.09545418101250729,0.3835480646234888,256
muon_grpo,Muon + GRPO,5,o_proj,attn,model.layers.5.self_attn.o_proj.weight,0.04187094846826878,0.002167938742786646,1.3839635499988674,1092.5056879458746,373.0195417132339,0.0026808246972990215,0.013177883549866817,0.025989002080777906,0.11981828434964174,1536
muon_grpo,Muon + GRPO,5,q_proj,attn,model.layers.5.self_attn.q_proj.weight,0.037576900804634654,0.002135141985490918,1.193281489725616,1008.425667036572,309.73365358726556,0.0032285803896936116,0.01582533298133794,0.031036286407961623,0.14087440675455007,1536
muon_grpo,Muon + GRPO,5,v_proj,attn,model.layers.5.self_attn.v_proj.weight,0.018342332377902594,0.0019513132283464074,0.2791147212847136,231.55617558292172,88.35988468856169,0.011317352931419696,0.05378504949386897,0.10263798468919565,0.4038921829303627,256
muon_grpo,Muon + GRPO,6,down_proj,mlp,model.layers.6.mlp.down_proj.weight,0.12255017846827414,0.005126405507326126,4.601340700988658,1409.7460502875688,571.481245834647,0.0017498386995001077,0.008606943204700821,0.016987310734775263,0.07942236633850572,1536
muon_grpo,Muon + GRPO,6,gate_proj,mlp,model.layers.6.mlp.gate_proj.weight,0.12632794959079646,0.0050042010843753815,4.783081092911971,1433.5623733673726,637.2786794153915,0.0015691722197851519,0.007705849565818312,0.015204816049270207,0.0718366035972103,1536
muon_grpo,Muon + GRPO,6,up_proj,mlp,model.layers.6.mlp.up_proj.weight,0.12432133017251935,0.005087526515126228,4.6773974723234915,1415.52406413431,597.1424216380117,0.0016746423696660444,0.008211236541076776,0.01622120034282923,0.07662424817151894,1536
muon_grpo,Muon + GRPO,6,k_proj,attn,model.layers.6.self_attn.k_proj.weight,0.01920363919013655,0.002004323061555624,0.29449330986244604,235.1710136966113,91.79766368700659,0.01089352342789029,0.05098406452271856,0.09690558255075066,0.3818149991636987,256
muon_grpo,Muon + GRPO,6,o_proj,attn,model.layers.6.self_attn.o_proj.weight,0.042127611339917964,0.0021797067020088434,1.3883250421879723,1086.047060957971,373.54037554750147,0.0026770867768558916,0.013245935123385443,0.0260727737826269,0.12074894891100255,1536
muon_grpo,Muon + GRPO,6,q_proj,attn,model.layers.6.self_attn.q_proj.weight,0.037819992488495435,0.002256551757454872,1.209090339662735,1022.0558445368913,280.9003485918759,0.003559981342183787,0.016121166122898906,0.031130066881398487,0.1391486753152496,1536
muon_grpo,Muon + GRPO,6,v_proj,attn,model.layers.6.self_attn.v_proj.weight,0.01842975152062035,0.0019329834030941129,0.28113156324252486,232.69135858701404,90.90394052125266,0.011000623232237192,0.05274504327663344,0.10082384230790944,0.39886994143169163,256
muon_grpo,Muon + GRPO,7,down_proj,mlp,model.layers.7.mlp.down_proj.weight,0.12146753883569689,0.005075921304523945,4.568993860739283,1414.883510219182,572.6518963872222,0.0017462615706135872,0.008550728986275,0.016852821941211717,0.07871765031517135,1536
muon_grpo,Muon + GRPO,7,gate_proj,mlp,model.layers.7.mlp.gate_proj.weight,0.126761085107161,0.0049460818991065025,4.810543818157214,1440.1789317437444,656.8244182128346,0.0015224768937807122,0.0075285751509585165,0.014877574498790335,0.07036017104006416,1536
muon_grpo,Muon + GRPO,7,up_proj,mlp,model.layers.7.mlp.up_proj.weight,0.12542587276116401,0.005012899171561003,4.743714132170169,1430.4173052501733,626.0316996154048,0.0015973632015987978,0.007838200317006855,0.015484132007289904,0.07315369178926703,1536
muon_grpo,Muon + GRPO,7,k_proj,attn,model.layers.7.self_attn.k_proj.weight,0.019733142320194054,0.0020160675048828125,0.30268655775580555,235.28474642344594,95.80371649001665,0.010438008426366281,0.04994455308394503,0.09532626522235,0.38013833667695024,256
muon_grpo,Muon + GRPO,7,o_proj,attn,model.layers.7.self_attn.o_proj.weight,0.04180950219193033,0.0021617708262056112,1.3795721880730696,1088.7768238653118,374.0508879465935,0.0026734330333758726,0.01310828311396676,0.02585558185900195,0.11980971673236446,1536
muon_grpo,Muon + GRPO,7,q_proj,attn,model.layers.7.self_attn.q_proj.weight,0.03660895815809404,0.002149239182472229,1.157593047288188,999.8551320700714,290.13841898829105,0.003446630761575758,0.016585172883113668,0.03232191501584112,0.14461573953192608,1536
muon_grpo,Muon + GRPO,7,v_proj,attn,model.layers.7.self_attn.v_proj.weight,0.01841348226022836,0.0019963555969297886,0.28018058836460114,231.52837860293323,85.07384313128144,0.011754494251033813,0.05500727833925589,0.10393839742798809,0.4046909889508852,256
muon_grpo,Muon + GRPO,8,down_proj,mlp,model.layers.8.mlp.down_proj.weight,0.1208198655344329,0.005015355534851551,4.545489508891478,1415.4177037893505,580.3276263984197,0.0017231645617254438,0.00850048249891582,0.016760000301713818,0.07857597871453537,1536
muon_grpo,Muon + GRPO,8,gate_proj,mlp,model.layers.8.mlp.gate_proj.weight,0.12590249242814547,0.004961623810231686,4.771650702808984,1436.3776336705512,643.9038018742334,0.0015530270159754686,0.007667656805956902,0.01514076258293902,0.0716781920985773,1536
muon_grpo,Muon + GRPO,8,up_proj,mlp,model.layers.8.mlp.up_proj.weight,0.1250893036265264,0.005024501588195562,4.729613331030123,1429.588096609879,619.8039989100283,0.0016134132754202534,0.007925684024268837,0.015638163227924773,0.07375619907895704,1536
muon_grpo,Muon + GRPO,8,k_proj,attn,model.layers.8.self_attn.k_proj.weight,0.019361131225062472,0.0019817291758954525,0.29698054248001426,235.2851596577562,95.44932256691766,0.01047676372243417,0.04984010054107532,0.09527915329110685,0.38135252580031925,256
muon_grpo,Muon + GRPO,8,o_proj,attn,model.layers.8.self_attn.o_proj.weight,0.041689144504447474,0.0021542292088270187,1.371917729213471,1082.9544014116805,374.50890267900536,0.002670163493702333,0.013194034801741618,0.026034237949685478,0.1205727714545106,1536
muon_grpo,Muon + GRPO,8,q_proj,attn,model.layers.8.self_attn.q_proj.weight,0.03728028248517418,0.002123108599334955,1.1910130252703612,1020.6448139274031,308.3287130741407,0.0032432918427533542,0.015753865383138214,0.03080207482194993,0.13913998800672736,1536
muon_grpo,Muon + GRPO,8,v_proj,attn,model.layers.8.self_attn.v_proj.weight,0.018178157683872417,0.0019879748579114676,0.27716780826449394,232.48013147463843,83.61379928859864,0.011959748372974092,0.05429191075210154,0.10258065490470583,0.4006393192877116,256
muon_grpo,Muon + GRPO,9,down_proj,mlp,model.layers.9.mlp.down_proj.weight,0.12055013665485788,0.005001133307814598,4.539755819598213,1418.1741796439412,581.0299937165528,0.0017210815462442989,0.008472047369612361,0.016702659512112243,0.07806947261069999,1536
muon_grpo,Muon + GRPO,9,gate_proj,mlp,model.layers.9.mlp.gate_proj.weight,0.12514268119033164,0.004883508663624525,4.750465699326639,1440.9916431461022,656.6697127802689,0.0015228355755378265,0.007522632234054662,0.014851356738612773,0.07024319154141496,1536
muon_grpo,Muon + GRPO,9,up_proj,mlp,model.layers.9.mlp.up_proj.weight,0.12430846832797576,0.004954613745212555,4.702427069012288,1431.0101256695534,629.4798379188435,0.0015886132323255228,0.007840651125035923,0.015511592893159584,0.07318027214471721,1536
muon_grpo,Muon + GRPO,9,k_proj,attn,model.layers.9.self_attn.k_proj.weight,0.019111360268001688,0.0019973376765847206,0.29191410570638254,233.3065671469433,91.55460856751701,0.010922443071367067,0.05178264412043436,0.09817998804287144,0.39136903515801724,256
muon_grpo,Muon + GRPO,9,o_proj,attn,model.layers.9.self_attn.o_proj.weight,0.039696367492492564,0.002131891902536154,1.2514682045802499,993.8895067297907,346.7138374813297,0.002884222929388705,0.014171404180176842,0.027932717924597394,0.12894230366215625,1536
muon_grpo,Muon + GRPO,9,q_proj,attn,model.layers.9.self_attn.q_proj.weight,0.03523166153760893,0.0021423259750008583,1.0619792578194147,908.5855349966685,270.455080003559,0.0036974716836039494,0.017803837634013737,0.03455381965498954,0.15394413029673187,1536
muon_grpo,Muon + GRPO,9,v_proj,attn,model.layers.9.self_attn.v_proj.weight,0.018288979933410835,0.0019448045641183853,0.2782215654151514,231.42091846207586,88.43558168051555,0.011307665772048895,0.05379270192858662,0.10342039199394115,0.4059121132325417,256
