experiment,experiment_label,layer,component,type,param_name,condition_number_base,condition_number_exp,condition_number_diff,condition_number_log_ratio
adamw_sft,AdamW + SFT,-1,embed,embed,model.embed_tokens.weight,69.18641058154057,69.23202130501501,0.045610723474439396,0.0002862116839140322
adamw_sft,AdamW + SFT,0,down_proj,mlp,model.layers.0.mlp.down_proj.weight,10.546793843948734,10.549666444186752,0.0028726002380174975,0.00011827144675042899
adamw_sft,AdamW + SFT,0,gate_proj,mlp,model.layers.0.mlp.gate_proj.weight,50.790417231602824,50.78346410782791,-0.006953123774913195,-5.945826333169588e-05
adamw_sft,AdamW + SFT,0,up_proj,mlp,model.layers.0.mlp.up_proj.weight,30.557746350661454,30.558490326548075,0.0007439758866212287,1.0573446266005315e-05
adamw_sft,AdamW + SFT,0,k_proj,attn,model.layers.0.self_attn.k_proj.weight,18.73935745084044,18.744832732479857,0.005475281639416352,0.0001268740025139281
adamw_sft,AdamW + SFT,0,o_proj,attn,model.layers.0.self_attn.o_proj.weight,38555.79005042446,29515.764683146535,-9040.025367277925,-0.11603556748397233
adamw_sft,AdamW + SFT,0,q_proj,attn,model.layers.0.self_attn.q_proj.weight,184976.8751259078,187198.48608457096,2221.6109586631646,0.005184893685885707
adamw_sft,AdamW + SFT,0,v_proj,attn,model.layers.0.self_attn.v_proj.weight,7.7755061789352835,7.779272305668544,0.0037661267332609327,0.00021030297435395583
adamw_sft,AdamW + SFT,1,down_proj,mlp,model.layers.1.mlp.down_proj.weight,8.998430005007657,8.999452476085352,0.0010224710776949308,4.9345088000567265e-05
adamw_sft,AdamW + SFT,1,gate_proj,mlp,model.layers.1.mlp.gate_proj.weight,33.91668364456576,33.915979028277214,-0.0007046162885444573,-9.022525548214928e-06
adamw_sft,AdamW + SFT,1,up_proj,mlp,model.layers.1.mlp.up_proj.weight,37.735381088331756,37.73492931254217,-0.0004517757895854402,-5.1994945147414555e-06
adamw_sft,AdamW + SFT,1,k_proj,attn,model.layers.1.self_attn.k_proj.weight,30.087513316132128,30.087842126569207,0.0003288104370788858,4.746147567125816e-06
adamw_sft,AdamW + SFT,1,o_proj,attn,model.layers.1.self_attn.o_proj.weight,49034.98587834326,1940991.5244582652,1891956.538579922,1.597517584437426
adamw_sft,AdamW + SFT,1,q_proj,attn,model.layers.1.self_attn.q_proj.weight,1074758.1049613138,507857.19630058797,-566900.9086607258,-0.3255691181473843
adamw_sft,AdamW + SFT,1,v_proj,attn,model.layers.1.self_attn.v_proj.weight,3.341969736117407,3.3412240622509044,-0.0007456738665028162,-9.691236155518147e-05
adamw_sft,AdamW + SFT,10,down_proj,mlp,model.layers.10.mlp.down_proj.weight,13.491719978091211,13.491566845864366,-0.00015313222684554262,-4.9293091353528385e-06
adamw_sft,AdamW + SFT,10,gate_proj,mlp,model.layers.10.mlp.gate_proj.weight,16.210019773701827,16.209635997762952,-0.0003837759388751749,-1.0282143260483818e-05
adamw_sft,AdamW + SFT,10,up_proj,mlp,model.layers.10.mlp.up_proj.weight,8.538043575643336,8.537082493516353,-0.0009610821269827596,-4.888897020785491e-05
adamw_sft,AdamW + SFT,10,k_proj,attn,model.layers.10.self_attn.k_proj.weight,24.034098760920294,24.028152171217297,-0.005946589702997329,-0.00010746775514028676
adamw_sft,AdamW + SFT,10,o_proj,attn,model.layers.10.self_attn.o_proj.weight,15508.710116684786,16999.4386859474,1490.7285692626137,0.03985890302616314
adamw_sft,AdamW + SFT,10,q_proj,attn,model.layers.10.self_attn.q_proj.weight,12813.850813777506,13973.388861549935,1159.5380477724284,0.03762208170350818
adamw_sft,AdamW + SFT,10,v_proj,attn,model.layers.10.self_attn.v_proj.weight,3.2994636012714755,3.2993773676647393,-8.623360673620795e-05,-1.1350714387126642e-05
adamw_sft,AdamW + SFT,11,down_proj,mlp,model.layers.11.mlp.down_proj.weight,16.054627449194015,16.05384848516168,-0.0007789640323352387,-2.1072303874048134e-05
adamw_sft,AdamW + SFT,11,gate_proj,mlp,model.layers.11.mlp.gate_proj.weight,13.225697438590451,13.224686140227947,-0.0010112983625045757,-3.3209446456518944e-05
adamw_sft,AdamW + SFT,11,up_proj,mlp,model.layers.11.mlp.up_proj.weight,6.605510357941471,6.605130232416898,-0.00038012552457278304,-2.4992946658273947e-05
adamw_sft,AdamW + SFT,11,k_proj,attn,model.layers.11.self_attn.k_proj.weight,21.610944081803808,21.607783586594156,-0.0031604952096522254,-6.351809533178649e-05
adamw_sft,AdamW + SFT,11,o_proj,attn,model.layers.11.self_attn.o_proj.weight,139258.46738802953,427285.93244047614,288027.4650524466,0.48689698352128524
adamw_sft,AdamW + SFT,11,q_proj,attn,model.layers.11.self_attn.q_proj.weight,28543.812668067454,25062.858421575198,-3480.954246492256,-0.05648138163448033
adamw_sft,AdamW + SFT,11,v_proj,attn,model.layers.11.self_attn.v_proj.weight,2.8678401021237847,2.867758421568594,-8.16805551906441e-05,-1.2369559777909545e-05
adamw_sft,AdamW + SFT,12,down_proj,mlp,model.layers.12.mlp.down_proj.weight,14.145448240851502,14.145570083619216,0.0001218427677134315,3.7408085542644705e-06
adamw_sft,AdamW + SFT,12,gate_proj,mlp,model.layers.12.mlp.gate_proj.weight,18.888272791501652,18.887937750319026,-0.00033504118262683846,-7.703606833088198e-06
adamw_sft,AdamW + SFT,12,up_proj,mlp,model.layers.12.mlp.up_proj.weight,8.061255117094625,8.061260189243109,5.072148484330796e-06,2.7325836650990076e-07
adamw_sft,AdamW + SFT,12,k_proj,attn,model.layers.12.self_attn.k_proj.weight,20.867707840632306,20.87501701428097,0.007309173648664569,0.00015209039785320642
adamw_sft,AdamW + SFT,12,o_proj,attn,model.layers.12.self_attn.o_proj.weight,102000.14319866779,43515.560139625944,-58484.58305904185,-0.36995620326509804
adamw_sft,AdamW + SFT,12,q_proj,attn,model.layers.12.self_attn.q_proj.weight,14798.684955393119,19352.272535837903,4553.587580444784,0.11650884679644198
adamw_sft,AdamW + SFT,12,v_proj,attn,model.layers.12.self_attn.v_proj.weight,2.550671517667282,2.5508410093592944,0.00016949169201252445,2.8857836261924483e-05
adamw_sft,AdamW + SFT,13,down_proj,mlp,model.layers.13.mlp.down_proj.weight,30.005646690345184,29.99879223229249,-0.006854458052693246,-9.92211034756576e-05
adamw_sft,AdamW + SFT,13,gate_proj,mlp,model.layers.13.mlp.gate_proj.weight,12.316046719506732,12.315918094365228,-0.00012862514150313586,-4.535666530195881e-06
adamw_sft,AdamW + SFT,13,up_proj,mlp,model.layers.13.mlp.up_proj.weight,6.311217662216599,6.310459779220986,-0.0007578829956127464,-5.2155413548753806e-05
adamw_sft,AdamW + SFT,13,k_proj,attn,model.layers.13.self_attn.k_proj.weight,41.906820743475016,41.94598069528246,0.03915995180744147,0.00040563825957270604
adamw_sft,AdamW + SFT,13,o_proj,attn,model.layers.13.self_attn.o_proj.weight,9641.296136551193,9758.13380656019,116.83767000899752,0.005231346390346704
adamw_sft,AdamW + SFT,13,q_proj,attn,model.layers.13.self_attn.q_proj.weight,57124.68510683214,183867.19462628794,126742.5095194558,0.507680430740251
adamw_sft,AdamW + SFT,13,v_proj,attn,model.layers.13.self_attn.v_proj.weight,3.7001013163270056,3.7000381028510003,-6.321347600524163e-05,-7.419661240553839e-06
adamw_sft,AdamW + SFT,14,down_proj,mlp,model.layers.14.mlp.down_proj.weight,12.14858893422566,12.148149568796095,-0.0004393654295657967,-1.5706962611190697e-05
adamw_sft,AdamW + SFT,14,gate_proj,mlp,model.layers.14.mlp.gate_proj.weight,13.416229041756727,13.417751065901605,0.0015220241448776761,4.9266391754138134e-05
adamw_sft,AdamW + SFT,14,up_proj,mlp,model.layers.14.mlp.up_proj.weight,6.92702720942221,6.927508519725667,0.0004813103034573274,3.01750146010355e-05
adamw_sft,AdamW + SFT,14,k_proj,attn,model.layers.14.self_attn.k_proj.weight,23.136335100841148,23.131823774810407,-0.004511326030741003,-8.469081351138882e-05
adamw_sft,AdamW + SFT,14,o_proj,attn,model.layers.14.self_attn.o_proj.weight,6453.263467239998,7115.137386799434,661.8739195594362,0.04240389393078366
adamw_sft,AdamW + SFT,14,q_proj,attn,model.layers.14.self_attn.q_proj.weight,12016.462412922161,12145.819777162185,129.35736424002425,0.004650200323473958
adamw_sft,AdamW + SFT,14,v_proj,attn,model.layers.14.self_attn.v_proj.weight,6.809948120874071,6.809542525241094,-0.00040559563297737355,-2.5867038630899764e-05
adamw_sft,AdamW + SFT,15,down_proj,mlp,model.layers.15.mlp.down_proj.weight,12.83113835849419,12.830951875181777,-0.00018648331241344351,-6.311931164758876e-06
adamw_sft,AdamW + SFT,15,gate_proj,mlp,model.layers.15.mlp.gate_proj.weight,16.831657108500657,16.830957891668152,-0.0006992168325048453,-1.80417363328962e-05
adamw_sft,AdamW + SFT,15,up_proj,mlp,model.layers.15.mlp.up_proj.weight,9.399973299687645,9.40090590711644,0.0009326074287958619,4.3085885078602976e-05
adamw_sft,AdamW + SFT,15,k_proj,attn,model.layers.15.self_attn.k_proj.weight,25.442585553328566,25.461495601775763,0.01891004844719646,0.00032266686224603015
adamw_sft,AdamW + SFT,15,o_proj,attn,model.layers.15.self_attn.o_proj.weight,29248.74824238646,52147.428601184925,22898.680358798465,0.2511256138229638
adamw_sft,AdamW + SFT,15,q_proj,attn,model.layers.15.self_attn.q_proj.weight,23869.157071525828,29692.33078317597,5823.173711650143,0.09480720773875406
adamw_sft,AdamW + SFT,15,v_proj,attn,model.layers.15.self_attn.v_proj.weight,3.3575600712900404,3.3574238776526713,-0.00013619363736916412,-1.761676442939543e-05
adamw_sft,AdamW + SFT,16,down_proj,mlp,model.layers.16.mlp.down_proj.weight,9.686499227673869,9.685976908416064,-0.0005223192578043268,-2.3418830914300162e-05
adamw_sft,AdamW + SFT,16,gate_proj,mlp,model.layers.16.mlp.gate_proj.weight,12.919883539201004,12.918558556415942,-0.001324982785062545,-4.454082104054995e-05
adamw_sft,AdamW + SFT,16,up_proj,mlp,model.layers.16.mlp.up_proj.weight,6.159145316251316,6.158979725555535,-0.00016559069578114816,-1.167631034636411e-05
adamw_sft,AdamW + SFT,16,k_proj,attn,model.layers.16.self_attn.k_proj.weight,20.671141321487564,20.66162418265703,-0.009517138830535288,-0.0001999982774072646
adamw_sft,AdamW + SFT,16,o_proj,attn,model.layers.16.self_attn.o_proj.weight,41529.00729033527,40210.49163958232,-1318.5156507529537,-0.014012166754061884
adamw_sft,AdamW + SFT,16,q_proj,attn,model.layers.16.self_attn.q_proj.weight,103943.38985456145,121146.2226468023,17202.83279224085,0.06651300118282062
adamw_sft,AdamW + SFT,16,v_proj,attn,model.layers.16.self_attn.v_proj.weight,2.78870242790059,2.78894999289874,0.0002475649981499295,3.855246062972468e-05
adamw_sft,AdamW + SFT,17,down_proj,mlp,model.layers.17.mlp.down_proj.weight,6.7996349709306605,6.799340039151969,-0.000294931778691776,-1.8837779163343616e-05
adamw_sft,AdamW + SFT,17,gate_proj,mlp,model.layers.17.mlp.gate_proj.weight,17.968770886906377,17.96962432377711,0.0008534368707344697,2.062657063617878e-05
adamw_sft,AdamW + SFT,17,up_proj,mlp,model.layers.17.mlp.up_proj.weight,12.572357420855843,12.57227534079049,-8.208006535248558e-05,-2.835350175515059e-06
adamw_sft,AdamW + SFT,17,k_proj,attn,model.layers.17.self_attn.k_proj.weight,15.488632202364206,15.490454134493564,0.001821932129358217,5.108317672713737e-05
adamw_sft,AdamW + SFT,17,o_proj,attn,model.layers.17.self_attn.o_proj.weight,57591.66094582242,33148.42053154931,-24443.24041427311,-0.23989676397446305
adamw_sft,AdamW + SFT,17,q_proj,attn,model.layers.17.self_attn.q_proj.weight,13024.993728263826,12517.85485044015,-507.138877823676,-0.017247611424748635
adamw_sft,AdamW + SFT,17,v_proj,attn,model.layers.17.self_attn.v_proj.weight,4.045377579425002,4.045518300439976,0.00014072101497397682,1.5106945189915685e-05
adamw_sft,AdamW + SFT,18,down_proj,mlp,model.layers.18.mlp.down_proj.weight,6.643981466821017,6.6440309471788455,4.948035782881277e-05,3.234350736338392e-06
adamw_sft,AdamW + SFT,18,gate_proj,mlp,model.layers.18.mlp.gate_proj.weight,18.455846043796296,18.454114242926018,-0.0017318008702780219,-4.075385377962859e-05
adamw_sft,AdamW + SFT,18,up_proj,mlp,model.layers.18.mlp.up_proj.weight,10.672724442726581,10.671488992366925,-0.0012354503596565536,-5.0275853555814023e-05
adamw_sft,AdamW + SFT,18,k_proj,attn,model.layers.18.self_attn.k_proj.weight,22.852605445749074,22.88054707891429,0.027941633165216473,0.000530682795261196
adamw_sft,AdamW + SFT,18,o_proj,attn,model.layers.18.self_attn.o_proj.weight,21937.349567301397,15086.222215387275,-6851.127351914121,-0.16260365524824258
adamw_sft,AdamW + SFT,18,q_proj,attn,model.layers.18.self_attn.q_proj.weight,33741.713223670544,22757.602862335953,-10984.110361334591,-0.17104061558314412
adamw_sft,AdamW + SFT,18,v_proj,attn,model.layers.18.self_attn.v_proj.weight,2.1434580875579408,2.1431427330504476,-0.00031535450749320404,-6.389991903899284e-05
adamw_sft,AdamW + SFT,19,down_proj,mlp,model.layers.19.mlp.down_proj.weight,7.114441587440737,7.114342628432107,-9.895900863021723e-05,-6.040902825047426e-06
adamw_sft,AdamW + SFT,19,gate_proj,mlp,model.layers.19.mlp.gate_proj.weight,18.805480505433707,18.8039854141453,-0.0014950912884081902,-3.452906766757443e-05
adamw_sft,AdamW + SFT,19,up_proj,mlp,model.layers.19.mlp.up_proj.weight,10.390484231630769,10.390262373856034,-0.00022185777473460178,-9.273161274470572e-06
adamw_sft,AdamW + SFT,19,k_proj,attn,model.layers.19.self_attn.k_proj.weight,22.401692950673606,22.4001152143584,-0.0015777363152054136,-3.058814828863072e-05
adamw_sft,AdamW + SFT,19,o_proj,attn,model.layers.19.self_attn.o_proj.weight,24022.826455842358,17557.27756541261,-6465.548890429749,-0.1361669288870422
adamw_sft,AdamW + SFT,19,q_proj,attn,model.layers.19.self_attn.q_proj.weight,25682.89091427411,24569.733022893135,-1113.1578913809753,-0.019243469728431786
adamw_sft,AdamW + SFT,19,v_proj,attn,model.layers.19.self_attn.v_proj.weight,3.008918396896258,3.0092141191757564,0.00029572227949836716,4.2681198502169644e-05
adamw_sft,AdamW + SFT,2,down_proj,mlp,model.layers.2.mlp.down_proj.weight,13.20255066881167,13.206379530664407,0.00382886185273712,0.00012593115841530943
adamw_sft,AdamW + SFT,2,gate_proj,mlp,model.layers.2.mlp.gate_proj.weight,17.38657445257771,17.38504270641531,-0.001531746162402925,-3.8262753405861577e-05
adamw_sft,AdamW + SFT,2,up_proj,mlp,model.layers.2.mlp.up_proj.weight,8.916099391549464,8.912290260508886,-0.0038091310405778955,-0.00018557869210023876
adamw_sft,AdamW + SFT,2,k_proj,attn,model.layers.2.self_attn.k_proj.weight,17.246031056628958,17.243986343509636,-0.0020447131193215284,-5.149360265812247e-05
adamw_sft,AdamW + SFT,2,o_proj,attn,model.layers.2.self_attn.o_proj.weight,31093.030750193404,29262.577038842075,-1830.4537113513288,-0.026350486298557
adamw_sft,AdamW + SFT,2,q_proj,attn,model.layers.2.self_attn.q_proj.weight,24610.069351651575,28220.242822041913,3610.1734703903385,0.059447908781309504
adamw_sft,AdamW + SFT,2,v_proj,attn,model.layers.2.self_attn.v_proj.weight,3.1911166787384015,3.1917311673596185,0.0006144886212169354,8.362067360717085e-05
adamw_sft,AdamW + SFT,20,down_proj,mlp,model.layers.20.mlp.down_proj.weight,7.516513788547348,7.5170332560221125,0.0005194674747643901,3.0013124279859497e-05
adamw_sft,AdamW + SFT,20,gate_proj,mlp,model.layers.20.mlp.gate_proj.weight,19.204884886797178,19.204416151953833,-0.0004687348433449756,-1.0599982319115051e-05
adamw_sft,AdamW + SFT,20,up_proj,mlp,model.layers.20.mlp.up_proj.weight,11.187456334212877,11.187004144099836,-0.00045219011304098444,-1.755427095836695e-05
adamw_sft,AdamW + SFT,20,k_proj,attn,model.layers.20.self_attn.k_proj.weight,22.072850031907265,22.074415133751373,0.0015651018441076303,3.0793078223336427e-05
adamw_sft,AdamW + SFT,20,o_proj,attn,model.layers.20.self_attn.o_proj.weight,123534.76145527787,37651.98494661619,-85882.77650866169,-0.5160013045640369
adamw_sft,AdamW + SFT,20,q_proj,attn,model.layers.20.self_attn.q_proj.weight,9243.896257866112,9049.466664171565,-194.4295936945473,-0.009232078297097664
adamw_sft,AdamW + SFT,20,v_proj,attn,model.layers.20.self_attn.v_proj.weight,6.942409244310096,6.940515258666344,-0.0018939856437523162,-0.00011849772990011768
adamw_sft,AdamW + SFT,21,down_proj,mlp,model.layers.21.mlp.down_proj.weight,9.390981919055381,9.388360680361478,-0.002621238693903294,-0.00012123848338992372
adamw_sft,AdamW + SFT,21,gate_proj,mlp,model.layers.21.mlp.gate_proj.weight,17.629945642520745,17.630360103717905,0.0004144611971597101,1.0209679529927121e-05
adamw_sft,AdamW + SFT,21,up_proj,mlp,model.layers.21.mlp.up_proj.weight,8.16699577216017,8.166790516222973,-0.00020525593719789015,-1.0914985580634189e-05
adamw_sft,AdamW + SFT,21,k_proj,attn,model.layers.21.self_attn.k_proj.weight,29.992183020775197,30.024555234468266,0.032372213693069085,0.00046850513860117896
adamw_sft,AdamW + SFT,21,o_proj,attn,model.layers.21.self_attn.o_proj.weight,298850.6543733745,61390.21554850276,-237460.43882487173,-0.6873550528727983
adamw_sft,AdamW + SFT,21,q_proj,attn,model.layers.21.self_attn.q_proj.weight,14032.644030663625,14588.846908756284,556.2028780926594,0.016881458447046842
adamw_sft,AdamW + SFT,21,v_proj,attn,model.layers.21.self_attn.v_proj.weight,4.366601968716395,4.36318842947266,-0.0034135392437351086,-0.0003396373258121012
adamw_sft,AdamW + SFT,22,down_proj,mlp,model.layers.22.mlp.down_proj.weight,9.904782336268656,9.90307505280202,-0.001707283466636511,-7.486562285631643e-05
adamw_sft,AdamW + SFT,22,gate_proj,mlp,model.layers.22.mlp.gate_proj.weight,22.904187063530273,22.904414398666567,0.00022733513629447089,4.31056142662964e-06
adamw_sft,AdamW + SFT,22,up_proj,mlp,model.layers.22.mlp.up_proj.weight,12.79968858450657,12.799587857537015,-0.00010072696955631955,-3.417687773842787e-06
adamw_sft,AdamW + SFT,22,k_proj,attn,model.layers.22.self_attn.k_proj.weight,20.39377999771742,20.39076039167561,-0.0030196060418106185,-6.4308594940889e-05
adamw_sft,AdamW + SFT,22,o_proj,attn,model.layers.22.self_attn.o_proj.weight,35374.77308841131,43058.02664005469,7683.253551643378,0.08536045936267338
adamw_sft,AdamW + SFT,22,q_proj,attn,model.layers.22.self_attn.q_proj.weight,47977.340735145204,50429.78689969112,2452.446164545916,0.0216509605378058
adamw_sft,AdamW + SFT,22,v_proj,attn,model.layers.22.self_attn.v_proj.weight,5.233505964972921,5.233256495433606,-0.00024946953931515026,-2.0702341293775613e-05
adamw_sft,AdamW + SFT,23,down_proj,mlp,model.layers.23.mlp.down_proj.weight,11.80645745879601,11.805333200510146,-0.0011242582858628225,-4.13572335277752e-05
adamw_sft,AdamW + SFT,23,gate_proj,mlp,model.layers.23.mlp.gate_proj.weight,19.84423847022627,19.842732146450697,-0.0015063237755725822,-3.296739931721652e-05
adamw_sft,AdamW + SFT,23,up_proj,mlp,model.layers.23.mlp.up_proj.weight,10.79189058648552,10.79154313606271,-0.0003474504228098141,-1.3982557484951414e-05
adamw_sft,AdamW + SFT,23,k_proj,attn,model.layers.23.self_attn.k_proj.weight,16.001526800630636,16.00185582212204,0.0003290214914031253,8.929819690239575e-06
adamw_sft,AdamW + SFT,23,o_proj,attn,model.layers.23.self_attn.o_proj.weight,13053.866526333686,11959.936451621998,-1093.9300747116886,-0.03801029573025596
adamw_sft,AdamW + SFT,23,q_proj,attn,model.layers.23.self_attn.q_proj.weight,764874.9518123881,11643921.051736286,10879046.099923898,1.182508813323832
adamw_sft,AdamW + SFT,23,v_proj,attn,model.layers.23.self_attn.v_proj.weight,4.042193780833294,4.042071553782502,-0.00012222705079256713,-1.313230862805883e-05
adamw_sft,AdamW + SFT,24,down_proj,mlp,model.layers.24.mlp.down_proj.weight,10.013056479364716,10.011466486254204,-0.0015899931105121112,-6.896795861720107e-05
adamw_sft,AdamW + SFT,24,gate_proj,mlp,model.layers.24.mlp.gate_proj.weight,21.0475855955308,21.04898061978545,0.001395024254648547,2.8783883846368346e-05
adamw_sft,AdamW + SFT,24,up_proj,mlp,model.layers.24.mlp.up_proj.weight,13.895235392599337,13.894724449099755,-0.0005109434995826945,-1.5969792235923723e-05
adamw_sft,AdamW + SFT,24,k_proj,attn,model.layers.24.self_attn.k_proj.weight,31.211181081905732,31.24966275287021,0.03848167096447952,0.0005351314020990395
adamw_sft,AdamW + SFT,24,o_proj,attn,model.layers.24.self_attn.o_proj.weight,13596.107700858232,13765.960486094778,169.85278523654597,0.005391922451970984
adamw_sft,AdamW + SFT,24,q_proj,attn,model.layers.24.self_attn.q_proj.weight,119825.2524376554,107720.8030786044,-12104.44935905101,-0.046248770101875857
adamw_sft,AdamW + SFT,24,v_proj,attn,model.layers.24.self_attn.v_proj.weight,3.6003445004354857,3.598964217146655,-0.0013802832888307748,-0.00016652971741118886
adamw_sft,AdamW + SFT,25,down_proj,mlp,model.layers.25.mlp.down_proj.weight,9.428473935149443,9.426965840632963,-0.0015080945164793746,-6.947142425531896e-05
adamw_sft,AdamW + SFT,25,gate_proj,mlp,model.layers.25.mlp.gate_proj.weight,21.338091581274373,21.338111476880407,1.989560603377072e-05,4.0493536419723484e-07
adamw_sft,AdamW + SFT,25,up_proj,mlp,model.layers.25.mlp.up_proj.weight,18.112209505291784,18.112421403358205,0.00021189806642141207,5.080861207707749e-06
adamw_sft,AdamW + SFT,25,k_proj,attn,model.layers.25.self_attn.k_proj.weight,22.462953951457504,22.42175644468542,-0.04119750677208245,-0.000797236062156577
adamw_sft,AdamW + SFT,25,o_proj,attn,model.layers.25.self_attn.o_proj.weight,16296.613319126418,14997.75585913598,-1298.8574599904387,-0.03607108120627654
adamw_sft,AdamW + SFT,25,q_proj,attn,model.layers.25.self_attn.q_proj.weight,24555.210708810777,20494.365234277204,-4060.845474533573,-0.07850919358393142
adamw_sft,AdamW + SFT,25,v_proj,attn,model.layers.25.self_attn.v_proj.weight,4.337190824833435,4.337241593090298,5.076825686334274e-05,5.083531175204717e-06
adamw_sft,AdamW + SFT,26,down_proj,mlp,model.layers.26.mlp.down_proj.weight,8.741682232718533,8.740999863993366,-0.0006823687251671373,-3.3902003190895324e-05
adamw_sft,AdamW + SFT,26,gate_proj,mlp,model.layers.26.mlp.gate_proj.weight,20.0336868429297,20.032996852811472,-0.0006899901182286783,-1.4958008664723442e-05
adamw_sft,AdamW + SFT,26,up_proj,mlp,model.layers.26.mlp.up_proj.weight,18.54966977174175,18.54987642385848,0.00020665211672721284,4.838219502558097e-06
adamw_sft,AdamW + SFT,26,k_proj,attn,model.layers.26.self_attn.k_proj.weight,18.924022446774764,18.942864048578862,0.018841601804098218,0.00043218786260886986
adamw_sft,AdamW + SFT,26,o_proj,attn,model.layers.26.self_attn.o_proj.weight,32723.99759321507,28333.39405104958,-4390.603542165489,-0.06256775037051152
adamw_sft,AdamW + SFT,26,q_proj,attn,model.layers.26.self_attn.q_proj.weight,48120.87790718429,45543.513219711174,-2577.364687473113,-0.023907012935458834
adamw_sft,AdamW + SFT,26,v_proj,attn,model.layers.26.self_attn.v_proj.weight,4.835564685889436,4.835055040582019,-0.0005096453074164842,-4.5774966073375186e-05
adamw_sft,AdamW + SFT,27,down_proj,mlp,model.layers.27.mlp.down_proj.weight,11.983131396493501,11.986469273285703,0.003337876792201655,0.00012095499641122806
adamw_sft,AdamW + SFT,27,gate_proj,mlp,model.layers.27.mlp.gate_proj.weight,34.01131673372879,34.01096097240815,-0.00035576132064107924,-4.542781678042025e-06
adamw_sft,AdamW + SFT,27,up_proj,mlp,model.layers.27.mlp.up_proj.weight,27.05991417573715,27.056513643969524,-0.0034005317676246705,-5.457981037035191e-05
adamw_sft,AdamW + SFT,27,k_proj,attn,model.layers.27.self_attn.k_proj.weight,16.960271595775623,16.94902686651915,-0.011244729256471686,-0.00028803450776310126
adamw_sft,AdamW + SFT,27,o_proj,attn,model.layers.27.self_attn.o_proj.weight,99634.79632267175,130850.98486947516,31216.1885468034,0.11836595843312772
adamw_sft,AdamW + SFT,27,q_proj,attn,model.layers.27.self_attn.q_proj.weight,91711.44628086085,44087.51737058473,-47623.928910276125,-0.3181078984941673
adamw_sft,AdamW + SFT,27,v_proj,attn,model.layers.27.self_attn.v_proj.weight,7.853791579470053,7.853104582938893,-0.0006869965311597781,-3.799080348842013e-05
adamw_sft,AdamW + SFT,3,down_proj,mlp,model.layers.3.mlp.down_proj.weight,10.758270959803003,10.758876644201639,0.0006056843986357308,2.4449838520645523e-05
adamw_sft,AdamW + SFT,3,gate_proj,mlp,model.layers.3.mlp.gate_proj.weight,13.999766940935217,14.000058552882725,0.0002916119475084855,9.046160640755888e-06
adamw_sft,AdamW + SFT,3,up_proj,mlp,model.layers.3.mlp.up_proj.weight,7.592358408260811,7.592892559704152,0.0005341514433414574,3.0553202568598814e-05
adamw_sft,AdamW + SFT,3,k_proj,attn,model.layers.3.self_attn.k_proj.weight,15.502942945207748,15.48096372422093,-0.02197922098681815,-0.0006161557413713399
adamw_sft,AdamW + SFT,3,o_proj,attn,model.layers.3.self_attn.o_proj.weight,16528.241725287102,21014.024312146772,4485.78258685967,0.10428257460593822
adamw_sft,AdamW + SFT,3,q_proj,attn,model.layers.3.self_attn.q_proj.weight,75355.26316454641,168235.76572407119,92880.50255952477,0.3488047383163535
adamw_sft,AdamW + SFT,3,v_proj,attn,model.layers.3.self_attn.v_proj.weight,3.891617107326821,3.8907075138037,-0.0009095935231209218,-0.00010152016753263085
adamw_sft,AdamW + SFT,4,down_proj,mlp,model.layers.4.mlp.down_proj.weight,11.15720155550664,11.159965307515558,0.0027637520089172085,0.0001075658268206845
adamw_sft,AdamW + SFT,4,gate_proj,mlp,model.layers.4.mlp.gate_proj.weight,17.495981170242754,17.49566596201931,-0.00031520822344432986,-7.82433542376996e-06
adamw_sft,AdamW + SFT,4,up_proj,mlp,model.layers.4.mlp.up_proj.weight,8.782003015120793,8.779751012096812,-0.0022520030239814304,-0.00011138209661627234
adamw_sft,AdamW + SFT,4,k_proj,attn,model.layers.4.self_attn.k_proj.weight,23.93670634239095,23.94237798501431,0.005671642623362061,0.00010289098635763888
adamw_sft,AdamW + SFT,4,o_proj,attn,model.layers.4.self_attn.o_proj.weight,8582.208719375358,8528.60784692329,-53.60087245206705,-0.0027209267524600984
adamw_sft,AdamW + SFT,4,q_proj,attn,model.layers.4.self_attn.q_proj.weight,19385.367499083055,19249.284891182633,-136.08260790042186,-0.003059438428891205
adamw_sft,AdamW + SFT,4,v_proj,attn,model.layers.4.self_attn.v_proj.weight,3.7875720759658726,3.787664007510478,9.193154460529485e-05,1.0541021321854558e-05
adamw_sft,AdamW + SFT,5,down_proj,mlp,model.layers.5.mlp.down_proj.weight,12.388049471794826,12.390026770275284,0.001977298480458245,6.931367976853784e-05
adamw_sft,AdamW + SFT,5,gate_proj,mlp,model.layers.5.mlp.gate_proj.weight,20.634483011844836,20.635864123880005,0.0013811120351689965,2.9067326912282954e-05
adamw_sft,AdamW + SFT,5,up_proj,mlp,model.layers.5.mlp.up_proj.weight,8.094579137228608,8.094965260977913,0.00038612374930480087,2.0716013936141547e-05
adamw_sft,AdamW + SFT,5,k_proj,attn,model.layers.5.self_attn.k_proj.weight,22.35050954040556,22.345058160839205,-0.005451379566355996,-0.00010593909856984455
adamw_sft,AdamW + SFT,5,o_proj,attn,model.layers.5.self_attn.o_proj.weight,14934.50156341116,16371.165092450481,1436.6635290393206,0.039888855426078465
adamw_sft,AdamW + SFT,5,q_proj,attn,model.layers.5.self_attn.q_proj.weight,14969.234018258956,16503.917913636065,1534.6838953771094,0.04238747701038371
adamw_sft,AdamW + SFT,5,v_proj,attn,model.layers.5.self_attn.v_proj.weight,3.3558693468749854,3.3558993217105195,2.997483553413005e-05,3.8791282331562565e-06
adamw_sft,AdamW + SFT,6,down_proj,mlp,model.layers.6.mlp.down_proj.weight,9.162314837809912,9.162402690191248,8.785238133590667e-05,4.1641901849760105e-06
adamw_sft,AdamW + SFT,6,gate_proj,mlp,model.layers.6.mlp.gate_proj.weight,19.228406692239826,19.226992846041593,-0.0014138461982327044,-3.19344284444386e-05
adamw_sft,AdamW + SFT,6,up_proj,mlp,model.layers.6.mlp.up_proj.weight,7.421489572866498,7.420543540603816,-0.0009460322626813067,-5.536392336553914e-05
adamw_sft,AdamW + SFT,6,k_proj,attn,model.layers.6.self_attn.k_proj.weight,22.193674123897594,22.200870079664124,0.007195955766530204,0.00014079044913555065
adamw_sft,AdamW + SFT,6,o_proj,attn,model.layers.6.self_attn.o_proj.weight,70513.61868597266,101768.55751179621,31254.938825823556,0.15934061599030408
adamw_sft,AdamW + SFT,6,q_proj,attn,model.layers.6.self_attn.q_proj.weight,18604.75910456698,15747.391521164926,-2857.367583402054,-0.07241542581147033
adamw_sft,AdamW + SFT,6,v_proj,attn,model.layers.6.self_attn.v_proj.weight,3.2802787964379356,3.279969849923001,-0.00030894651493484915,-4.090508575861776e-05
adamw_sft,AdamW + SFT,7,down_proj,mlp,model.layers.7.mlp.down_proj.weight,7.967968298583799,7.968486144743215,0.0005178461594157469,2.8224311798827178e-05
adamw_sft,AdamW + SFT,7,gate_proj,mlp,model.layers.7.mlp.gate_proj.weight,16.82272426896548,16.822157993472015,-0.0005662754934654401,-1.461918161303989e-05
adamw_sft,AdamW + SFT,7,up_proj,mlp,model.layers.7.mlp.up_proj.weight,8.451906164480205,8.451603212842853,-0.0003029516373516117,-1.556720814152489e-05
adamw_sft,AdamW + SFT,7,k_proj,attn,model.layers.7.self_attn.k_proj.weight,30.442592542837964,30.48145687350401,0.03886433066604411,0.0005540855147455503
adamw_sft,AdamW + SFT,7,o_proj,attn,model.layers.7.self_attn.o_proj.weight,9457.463639954845,9728.60387955033,271.1402395954847,0.012275840259764104
adamw_sft,AdamW + SFT,7,q_proj,attn,model.layers.7.self_attn.q_proj.weight,9030.470682093728,9071.077626078853,40.606943985125326,0.001948496447031764
adamw_sft,AdamW + SFT,7,v_proj,attn,model.layers.7.self_attn.v_proj.weight,4.6148320901395445,4.614567810679744,-0.0002642794598006759,-2.4871630298105602e-05
adamw_sft,AdamW + SFT,8,down_proj,mlp,model.layers.8.mlp.down_proj.weight,8.059006885143106,8.060682566778375,0.0016756816352696546,9.029197397578149e-05
adamw_sft,AdamW + SFT,8,gate_proj,mlp,model.layers.8.mlp.gate_proj.weight,15.70276662952571,15.703184368247507,0.0004177387217971784,1.1553327697458181e-05
adamw_sft,AdamW + SFT,8,up_proj,mlp,model.layers.8.mlp.up_proj.weight,11.03707620181019,11.037162250335193,8.604852500226912e-05,3.385883473720635e-06
adamw_sft,AdamW + SFT,8,k_proj,attn,model.layers.8.self_attn.k_proj.weight,26.24428190856445,26.230125264817744,-0.014156643746705555,-0.00023432956146829875
adamw_sft,AdamW + SFT,8,o_proj,attn,model.layers.8.self_attn.o_proj.weight,8728.55329977634,8459.131620653376,-269.42167912296463,-0.013616485761969738
adamw_sft,AdamW + SFT,8,q_proj,attn,model.layers.8.self_attn.q_proj.weight,20459.276858621644,21246.136568934257,786.8597103126122,0.01638968943639327
adamw_sft,AdamW + SFT,8,v_proj,attn,model.layers.8.self_attn.v_proj.weight,2.614956506444022,2.6148414083313853,-0.00011509811263676895,-1.9116025520776466e-05
adamw_sft,AdamW + SFT,9,down_proj,mlp,model.layers.9.mlp.down_proj.weight,11.96143651469935,11.96138061869102,-5.5896008330336144e-05,-2.0294706800583688e-06
adamw_sft,AdamW + SFT,9,gate_proj,mlp,model.layers.9.mlp.gate_proj.weight,17.04541620966512,17.04602108468887,0.0006048750237503953,1.541113581188134e-05
adamw_sft,AdamW + SFT,9,up_proj,mlp,model.layers.9.mlp.up_proj.weight,8.607523542303687,8.607196191581208,-0.0003273507224790251,-1.6516866336992724e-05
adamw_sft,AdamW + SFT,9,k_proj,attn,model.layers.9.self_attn.k_proj.weight,29.979145885547403,29.985741801197978,0.006595915650574824,9.55415708159816e-05
adamw_sft,AdamW + SFT,9,o_proj,attn,model.layers.9.self_attn.o_proj.weight,26480.436490575365,24355.70616514833,-2124.7303254270337,-0.036324413574964125
adamw_sft,AdamW + SFT,9,q_proj,attn,model.layers.9.self_attn.q_proj.weight,35295.52653603585,34952.76849206077,-342.7580439750818,-0.004238084593170832
adamw_sft,AdamW + SFT,9,v_proj,attn,model.layers.9.self_attn.v_proj.weight,3.911800039733773,3.911646059612646,-0.00015398012112699533,-1.709546307028772e-05
muon_sft,Muon + SFT,-1,embed,embed,model.embed_tokens.weight,69.18641058154057,69.26102725653365,0.07461667499308078,0.0004681287548706603
muon_sft,Muon + SFT,0,down_proj,mlp,model.layers.0.mlp.down_proj.weight,10.546793843948734,10.549470004442982,0.0026761604942482364,0.00011018460424330735
muon_sft,Muon + SFT,0,gate_proj,mlp,model.layers.0.mlp.gate_proj.weight,50.790417231602824,50.77831555228355,-0.012101679319272307,-0.00010349036422806465
muon_sft,Muon + SFT,0,up_proj,mlp,model.layers.0.mlp.up_proj.weight,30.557746350661454,30.56489522436755,0.007148873706096737,0.00010158973292171118
muon_sft,Muon + SFT,0,k_proj,attn,model.layers.0.self_attn.k_proj.weight,18.73935745084044,18.743417108966216,0.004059658125775911,9.407452623436863e-05
muon_sft,Muon + SFT,0,o_proj,attn,model.layers.0.self_attn.o_proj.weight,38555.79005042446,31976.71279015716,-6579.077260267302,-0.08125579054140436
muon_sft,Muon + SFT,0,q_proj,attn,model.layers.0.self_attn.q_proj.weight,184976.8751259078,186828.2698908221,1851.3947649142938,0.004325153573738312
muon_sft,Muon + SFT,0,v_proj,attn,model.layers.0.self_attn.v_proj.weight,7.7755061789352835,7.773792710687914,-0.0017134682473693985,-9.571490175131877e-05
muon_sft,Muon + SFT,1,down_proj,mlp,model.layers.1.mlp.down_proj.weight,8.998430005007657,8.999516058583886,0.0010860535762287071,5.241343363441589e-05
muon_sft,Muon + SFT,1,gate_proj,mlp,model.layers.1.mlp.gate_proj.weight,33.91668364456576,33.9149143752086,-0.0017692693571547125,-2.26556336992784e-05
muon_sft,Muon + SFT,1,up_proj,mlp,model.layers.1.mlp.up_proj.weight,37.735381088331756,37.7340925380266,-0.0012885503051549563,-1.4830109721123021e-05
muon_sft,Muon + SFT,1,k_proj,attn,model.layers.1.self_attn.k_proj.weight,30.087513316132128,30.098092088342607,0.010578772210479315,0.000152671138314901
muon_sft,Muon + SFT,1,o_proj,attn,model.layers.1.self_attn.o_proj.weight,49034.98587834326,92297.09331943767,43262.10744109441,0.2746819695918029
muon_sft,Muon + SFT,1,q_proj,attn,model.layers.1.self_attn.q_proj.weight,1074758.1049613138,3331831.9036929207,2257073.798731607,0.49137235352746955
muon_sft,Muon + SFT,1,v_proj,attn,model.layers.1.self_attn.v_proj.weight,3.341969736117407,3.34190727900168,-6.245711572727686e-05,-8.116481094828456e-06
muon_sft,Muon + SFT,10,down_proj,mlp,model.layers.10.mlp.down_proj.weight,13.491719978091211,13.49180230534757,8.232725635792804e-05,2.6500819849335863e-06
muon_sft,Muon + SFT,10,gate_proj,mlp,model.layers.10.mlp.gate_proj.weight,16.210019773701827,16.20915995681967,-0.0008598168821585261,-2.3036593187144818e-05
muon_sft,Muon + SFT,10,up_proj,mlp,model.layers.10.mlp.up_proj.weight,8.538043575643336,8.538108873186669,6.529754333328697e-05,3.321399576046724e-06
muon_sft,Muon + SFT,10,k_proj,attn,model.layers.10.self_attn.k_proj.weight,24.034098760920294,24.05027571177926,0.01617695085896642,0.00029221803690589226
muon_sft,Muon + SFT,10,o_proj,attn,model.layers.10.self_attn.o_proj.weight,15508.710116684786,20636.014893981242,5127.304777296456,0.1240501542776643
muon_sft,Muon + SFT,10,q_proj,attn,model.layers.10.self_attn.q_proj.weight,12813.850813777506,12266.135720637849,-547.7150931396573,-0.018971897679655993
muon_sft,Muon + SFT,10,v_proj,attn,model.layers.10.self_attn.v_proj.weight,3.2994636012714755,3.299165310094217,-0.0002982911772586583,-3.926458484398974e-05
muon_sft,Muon + SFT,11,down_proj,mlp,model.layers.11.mlp.down_proj.weight,16.054627449194015,16.053377988276097,-0.0012494609179185545,-3.380054132209207e-05
muon_sft,Muon + SFT,11,gate_proj,mlp,model.layers.11.mlp.gate_proj.weight,13.225697438590451,13.22347466047242,-0.002222778118031954,-7.299587826899152e-05
muon_sft,Muon + SFT,11,up_proj,mlp,model.layers.11.mlp.up_proj.weight,6.605510357941471,6.605215770039055,-0.00029458790241587707,-1.9368791576841335e-05
muon_sft,Muon + SFT,11,k_proj,attn,model.layers.11.self_attn.k_proj.weight,21.610944081803808,21.599523711332676,-0.011420370471132202,-0.00022956492931912288
muon_sft,Muon + SFT,11,o_proj,attn,model.layers.11.self_attn.o_proj.weight,139258.46738802953,44448.821487041765,-94809.64590098776,-0.4959613606236483
muon_sft,Muon + SFT,11,q_proj,attn,model.layers.11.self_attn.q_proj.weight,28543.812668067454,23837.3204721314,-4706.4921959360545,-0.0782545472170701
muon_sft,Muon + SFT,11,v_proj,attn,model.layers.11.self_attn.v_proj.weight,2.8678401021237847,2.8680362873162633,0.0001961851924785485,2.9708501638835506e-05
muon_sft,Muon + SFT,12,down_proj,mlp,model.layers.12.mlp.down_proj.weight,14.145448240851502,14.145117562716083,-0.00033067813541975966,-1.0152620523919978e-05
muon_sft,Muon + SFT,12,gate_proj,mlp,model.layers.12.mlp.gate_proj.weight,18.888272791501652,18.888037533409694,-0.00023525809195845682,-5.409278475469822e-06
muon_sft,Muon + SFT,12,up_proj,mlp,model.layers.12.mlp.up_proj.weight,8.061255117094625,8.061342858333067,8.77412384419074e-05,4.72697213548507e-06
muon_sft,Muon + SFT,12,k_proj,attn,model.layers.12.self_attn.k_proj.weight,20.867707840632306,20.869741491481715,0.0020336508494089856,4.232186474488923e-05
muon_sft,Muon + SFT,12,o_proj,attn,model.layers.12.self_attn.o_proj.weight,102000.14319866779,58006.239781631666,-43993.90341703613,-0.24512606796047048
muon_sft,Muon + SFT,12,q_proj,attn,model.layers.12.self_attn.q_proj.weight,14798.684955393119,15794.185363187487,995.5004077943686,0.028274105939356357
muon_sft,Muon + SFT,12,v_proj,attn,model.layers.12.self_attn.v_proj.weight,2.550671517667282,2.5510876767999506,0.0004161591326687919,7.085227209804834e-05
muon_sft,Muon + SFT,13,down_proj,mlp,model.layers.13.mlp.down_proj.weight,30.005646690345184,29.9973765979558,-0.008270092389384587,-0.00011971581815222883
muon_sft,Muon + SFT,13,gate_proj,mlp,model.layers.13.mlp.gate_proj.weight,12.316046719506732,12.316427683246769,0.00038096374003693256,1.3433522545140096e-05
muon_sft,Muon + SFT,13,up_proj,mlp,model.layers.13.mlp.up_proj.weight,6.311217662216599,6.310096364631429,-0.0011212975851702112,-7.716682336820487e-05
muon_sft,Muon + SFT,13,k_proj,attn,model.layers.13.self_attn.k_proj.weight,41.906820743475016,41.92547419800607,0.018653454531055047,0.0001932690143010356
muon_sft,Muon + SFT,13,o_proj,attn,model.layers.13.self_attn.o_proj.weight,9641.296136551193,11043.159442645641,1401.8633060944485,0.0589579200071998
muon_sft,Muon + SFT,13,q_proj,attn,model.layers.13.self_attn.q_proj.weight,57124.68510683214,221349.80461150027,164225.1195046681,0.5882553238705599
muon_sft,Muon + SFT,13,v_proj,attn,model.layers.13.self_attn.v_proj.weight,3.7001013163270056,3.700209603684722,0.00010828735771628573,1.270989892932439e-05
muon_sft,Muon + SFT,14,down_proj,mlp,model.layers.14.mlp.down_proj.weight,12.14858893422566,12.148870088180612,0.00028115395495120765,1.005073090920744e-05
muon_sft,Muon + SFT,14,gate_proj,mlp,model.layers.14.mlp.gate_proj.weight,13.416229041756727,13.416091899415479,-0.00013714234124861946,-4.439434230871972e-06
muon_sft,Muon + SFT,14,up_proj,mlp,model.layers.14.mlp.up_proj.weight,6.92702720942221,6.9266862595828504,-0.00034094983935961665,-2.1376598296333456e-05
muon_sft,Muon + SFT,14,k_proj,attn,model.layers.14.self_attn.k_proj.weight,23.136335100841148,23.1411392264934,0.004804125652253077,9.016936636949358e-05
muon_sft,Muon + SFT,14,o_proj,attn,model.layers.14.self_attn.o_proj.weight,6453.263467239998,6540.307571295572,87.04410405557428,0.005818775987842085
muon_sft,Muon + SFT,14,q_proj,attn,model.layers.14.self_attn.q_proj.weight,12016.462412922161,13287.867897935863,1271.4054850137018,0.043678669566272955
muon_sft,Muon + SFT,14,v_proj,attn,model.layers.14.self_attn.v_proj.weight,6.809948120874071,6.809403360888325,-0.0005447599857459906,-3.474266101645896e-05
muon_sft,Muon + SFT,15,down_proj,mlp,model.layers.15.mlp.down_proj.weight,12.83113835849419,12.831340407936294,0.0002020494421035579,6.838696961231903e-06
muon_sft,Muon + SFT,15,gate_proj,mlp,model.layers.15.mlp.gate_proj.weight,16.831657108500657,16.83129258718204,-0.0003645213186160845,-9.405568950360792e-06
muon_sft,Muon + SFT,15,up_proj,mlp,model.layers.15.mlp.up_proj.weight,9.399973299687645,9.400343870452652,0.0003705707650070167,1.712065141900631e-05
muon_sft,Muon + SFT,15,k_proj,attn,model.layers.15.self_attn.k_proj.weight,25.442585553328566,25.44449927318742,0.001913719858855245,3.2665183232060004e-05
muon_sft,Muon + SFT,15,o_proj,attn,model.layers.15.self_attn.o_proj.weight,29248.74824238646,35161.793697415436,5913.045455028976,0.0799637371625376
muon_sft,Muon + SFT,15,q_proj,attn,model.layers.15.self_attn.q_proj.weight,23869.157071525828,26237.043393798474,2367.886322272647,0.04107781121619289
muon_sft,Muon + SFT,15,v_proj,attn,model.layers.15.self_attn.v_proj.weight,3.3575600712900404,3.3574685664740347,-9.150481600572746e-05,-1.1836148080706614e-05
muon_sft,Muon + SFT,16,down_proj,mlp,model.layers.16.mlp.down_proj.weight,9.686499227673869,9.686819376490428,0.00032014881655939575,1.435364454308131e-05
muon_sft,Muon + SFT,16,gate_proj,mlp,model.layers.16.mlp.gate_proj.weight,12.919883539201004,12.918889237172717,-0.0009943020282872084,-3.3424179095578514e-05
muon_sft,Muon + SFT,16,up_proj,mlp,model.layers.16.mlp.up_proj.weight,6.159145316251316,6.158811750848231,-0.00033356540308560056,-2.352104543962161e-05
muon_sft,Muon + SFT,16,k_proj,attn,model.layers.16.self_attn.k_proj.weight,20.671141321487564,20.668309299460237,-0.002832022027327241,-5.950400997333169e-05
muon_sft,Muon + SFT,16,o_proj,attn,model.layers.16.self_attn.o_proj.weight,41529.00729033527,40240.852066731444,-1288.155223603826,-0.013684381884410814
muon_sft,Muon + SFT,16,q_proj,attn,model.layers.16.self_attn.q_proj.weight,103943.38985456145,132760.99515462847,28817.60530006702,0.10627362299915524
muon_sft,Muon + SFT,16,v_proj,attn,model.layers.16.self_attn.v_proj.weight,2.78870242790059,2.7884823502333074,-0.00022007766728249223,-3.4274825146667896e-05
muon_sft,Muon + SFT,17,down_proj,mlp,model.layers.17.mlp.down_proj.weight,6.7996349709306605,6.799772435074075,0.00013746414341486712,8.77978240731177e-06
muon_sft,Muon + SFT,17,gate_proj,mlp,model.layers.17.mlp.gate_proj.weight,17.968770886906377,17.968546009291266,-0.0002248776151105858,-5.435191927606196e-06
muon_sft,Muon + SFT,17,up_proj,mlp,model.layers.17.mlp.up_proj.weight,12.572357420855843,12.572450740706804,9.331985096139306e-05,3.223591611025852e-06
muon_sft,Muon + SFT,17,k_proj,attn,model.layers.17.self_attn.k_proj.weight,15.488632202364206,15.48636057237324,-0.0022716299909664173,-6.370018414185217e-05
muon_sft,Muon + SFT,17,o_proj,attn,model.layers.17.self_attn.o_proj.weight,57591.66094582242,56675.44764997118,-916.2132958512375,-0.006964644701874792
muon_sft,Muon + SFT,17,q_proj,attn,model.layers.17.self_attn.q_proj.weight,13024.993728263826,13485.200088174968,460.2063599111425,0.01507987187790632
muon_sft,Muon + SFT,17,v_proj,attn,model.layers.17.self_attn.v_proj.weight,4.045377579425002,4.044984516464738,-0.0003930629602644231,-4.219961301964933e-05
muon_sft,Muon + SFT,18,down_proj,mlp,model.layers.18.mlp.down_proj.weight,6.643981466821017,6.643833472678797,-0.00014799414221933205,-9.673981706577855e-06
muon_sft,Muon + SFT,18,gate_proj,mlp,model.layers.18.mlp.gate_proj.weight,18.455846043796296,18.45553655775668,-0.0003094860396153365,-7.282744224742436e-06
muon_sft,Muon + SFT,18,up_proj,mlp,model.layers.18.mlp.up_proj.weight,10.672724442726581,10.672323765173264,-0.00040067755331740784,-1.630467626530999e-05
muon_sft,Muon + SFT,18,k_proj,attn,model.layers.18.self_attn.k_proj.weight,22.852605445749074,22.875584028361434,0.0229785826123603,0.0004364691707782184
muon_sft,Muon + SFT,18,o_proj,attn,model.layers.18.self_attn.o_proj.weight,21937.349567301397,19730.921732195624,-2206.427835105773,-0.04603678185773412
muon_sft,Muon + SFT,18,q_proj,attn,model.layers.18.self_attn.q_proj.weight,33741.713223670544,25713.154676276583,-8028.558547393961,-0.1180117676551248
muon_sft,Muon + SFT,18,v_proj,attn,model.layers.18.self_attn.v_proj.weight,2.1434580875579408,2.143477641992728,1.9554434787405484e-05,3.961982945766836e-06
muon_sft,Muon + SFT,19,down_proj,mlp,model.layers.19.mlp.down_proj.weight,7.114441587440737,7.114422810037487,-1.8777403250069824e-05,-1.1462506617783532e-06
muon_sft,Muon + SFT,19,gate_proj,mlp,model.layers.19.mlp.gate_proj.weight,18.805480505433707,18.80584507737304,0.0003645719393325919,8.419356619863313e-06
muon_sft,Muon + SFT,19,up_proj,mlp,model.layers.19.mlp.up_proj.weight,10.390484231630769,10.389894125110853,-0.0005901065199154232,-2.4665576439799277e-05
muon_sft,Muon + SFT,19,k_proj,attn,model.layers.19.self_attn.k_proj.weight,22.401692950673606,22.38982408530489,-0.01186886536871512,-0.00023015888712084412
muon_sft,Muon + SFT,19,o_proj,attn,model.layers.19.self_attn.o_proj.weight,24022.826455842358,19149.216058468108,-4873.61039737425,-0.09847310462456837
muon_sft,Muon + SFT,19,q_proj,attn,model.layers.19.self_attn.q_proj.weight,25682.89091427411,27679.36963881275,1996.4787245386397,0.03251228826441648
muon_sft,Muon + SFT,19,v_proj,attn,model.layers.19.self_attn.v_proj.weight,3.008918396896258,3.009231676064271,0.00031327916801293654,4.521502868379126e-05
muon_sft,Muon + SFT,2,down_proj,mlp,model.layers.2.mlp.down_proj.weight,13.20255066881167,13.205785539514508,0.003234870702838677,0.00010639719911604314
muon_sft,Muon + SFT,2,gate_proj,mlp,model.layers.2.mlp.gate_proj.weight,17.38657445257771,17.38645661545826,-0.00011783711945057007,-2.9434311113803076e-06
muon_sft,Muon + SFT,2,up_proj,mlp,model.layers.2.mlp.up_proj.weight,8.916099391549464,8.91528576496913,-0.0008136265803333487,-3.9632763390196674e-05
muon_sft,Muon + SFT,2,k_proj,attn,model.layers.2.self_attn.k_proj.weight,17.246031056628958,17.24626063797673,0.00022958134777084638,5.781344618575995e-06
muon_sft,Muon + SFT,2,o_proj,attn,model.layers.2.self_attn.o_proj.weight,31093.030750193404,41401.211708456656,10308.180958263252,0.12434999564407206
muon_sft,Muon + SFT,2,q_proj,attn,model.layers.2.self_attn.q_proj.weight,24610.069351651575,22765.997768377274,-1844.0715832743008,-0.03382614861210269
muon_sft,Muon + SFT,2,v_proj,attn,model.layers.2.self_attn.v_proj.weight,3.1911166787384015,3.1915617573886292,0.00044507865022769266,6.056867945156868e-05
muon_sft,Muon + SFT,20,down_proj,mlp,model.layers.20.mlp.down_proj.weight,7.516513788547348,7.51698330150764,0.0004695129602918513,2.7127006668026638e-05
muon_sft,Muon + SFT,20,gate_proj,mlp,model.layers.20.mlp.gate_proj.weight,19.204884886797178,19.20511298530446,0.00022809850728222614,5.158132180831593e-06
muon_sft,Muon + SFT,20,up_proj,mlp,model.layers.20.mlp.up_proj.weight,11.187456334212877,11.187578588487812,0.00012225427493461893,4.745856905031628e-06
muon_sft,Muon + SFT,20,k_proj,attn,model.layers.20.self_attn.k_proj.weight,22.072850031907265,22.072510836237136,-0.00033919567012929974,-6.6738975479559235e-06
muon_sft,Muon + SFT,20,o_proj,attn,model.layers.20.self_attn.o_proj.weight,123534.76145527787,32969.14019255695,-90565.62126272092,-0.5736815596916693
muon_sft,Muon + SFT,20,q_proj,attn,model.layers.20.self_attn.q_proj.weight,9243.896257866112,9433.837110376384,189.94085251027172,0.00883331036932089
muon_sft,Muon + SFT,20,v_proj,attn,model.layers.20.self_attn.v_proj.weight,6.942409244310096,6.942095763260787,-0.0003134810493090612,-1.9610794888996598e-05
muon_sft,Muon + SFT,21,down_proj,mlp,model.layers.21.mlp.down_proj.weight,9.390981919055381,9.389471335246828,-0.0015105838085531786,-6.986393832339761e-05
muon_sft,Muon + SFT,21,gate_proj,mlp,model.layers.21.mlp.gate_proj.weight,17.629945642520745,17.627307939809153,-0.002637702711592027,-6.498179059849247e-05
muon_sft,Muon + SFT,21,up_proj,mlp,model.layers.21.mlp.up_proj.weight,8.16699577216017,8.166720183208993,-0.000275588951177852,-1.4655178418464743e-05
muon_sft,Muon + SFT,21,k_proj,attn,model.layers.21.self_attn.k_proj.weight,29.992183020775197,29.99628558126923,0.004102560494033014,5.940206271409569e-05
muon_sft,Muon + SFT,21,o_proj,attn,model.layers.21.self_attn.o_proj.weight,298850.6543733745,77413.7371952029,-221436.91717817157,-0.5866361773236691
muon_sft,Muon + SFT,21,q_proj,attn,model.layers.21.self_attn.q_proj.weight,14032.644030663625,14428.686806072512,396.0427754088869,0.012087298072225064
muon_sft,Muon + SFT,21,v_proj,attn,model.layers.21.self_attn.v_proj.weight,4.366601968716395,4.3638288309501565,-0.0027731377662387757,-0.0002758989785442774
muon_sft,Muon + SFT,22,down_proj,mlp,model.layers.22.mlp.down_proj.weight,9.904782336268656,9.902582633749285,-0.002199702519371627,-9.646095493927148e-05
muon_sft,Muon + SFT,22,gate_proj,mlp,model.layers.22.mlp.gate_proj.weight,22.904187063530273,22.903520359522897,-0.0006667040073757846,-1.264179710248991e-05
muon_sft,Muon + SFT,22,up_proj,mlp,model.layers.22.mlp.up_proj.weight,12.79968858450657,12.799396127549437,-0.00029245695713342457,-9.923201873129945e-06
muon_sft,Muon + SFT,22,k_proj,attn,model.layers.22.self_attn.k_proj.weight,20.39377999771742,20.389795002254285,-0.0039849954631350215,-8.487051689597693e-05
muon_sft,Muon + SFT,22,o_proj,attn,model.layers.22.self_attn.o_proj.weight,35374.77308841131,33961.37845205237,-1413.394636358942,-0.01770835333067155
muon_sft,Muon + SFT,22,q_proj,attn,model.layers.22.self_attn.q_proj.weight,47977.340735145204,56170.17649439557,8192.835759250367,0.06846961605683004
muon_sft,Muon + SFT,22,v_proj,attn,model.layers.22.self_attn.v_proj.weight,5.233505964972921,5.232952674941994,-0.0005532900309273003,-4.591635352789598e-05
muon_sft,Muon + SFT,23,down_proj,mlp,model.layers.23.mlp.down_proj.weight,11.80645745879601,11.807281604465983,0.000824145669973575,3.0314717710737617e-05
muon_sft,Muon + SFT,23,gate_proj,mlp,model.layers.23.mlp.gate_proj.weight,19.84423847022627,19.84423089593709,-7.574289178080562e-06,-1.657646186264716e-07
muon_sft,Muon + SFT,23,up_proj,mlp,model.layers.23.mlp.up_proj.weight,10.79189058648552,10.793269753478585,0.0013791669930647288,5.549781480357378e-05
muon_sft,Muon + SFT,23,k_proj,attn,model.layers.23.self_attn.k_proj.weight,16.001526800630636,16.005849942683874,0.004323142053237916,0.00011731775238431642
muon_sft,Muon + SFT,23,o_proj,attn,model.layers.23.self_attn.o_proj.weight,13053.866526333686,13567.416075416048,513.5495490823614,0.016757976032575304
muon_sft,Muon + SFT,23,q_proj,attn,model.layers.23.self_attn.q_proj.weight,764874.9518123881,386588.16756355914,-378286.784248829,-0.2963418815478619
muon_sft,Muon + SFT,23,v_proj,attn,model.layers.23.self_attn.v_proj.weight,4.042193780833294,4.042007396892716,-0.0001863839405782386,-2.0025606771378512e-05
muon_sft,Muon + SFT,24,down_proj,mlp,model.layers.24.mlp.down_proj.weight,10.013056479364716,10.0114519412519,-0.0016045381128151348,-6.959891701239541e-05
muon_sft,Muon + SFT,24,gate_proj,mlp,model.layers.24.mlp.gate_proj.weight,21.0475855955308,21.04869469114294,0.0011090956121400097,2.2884402188809088e-05
muon_sft,Muon + SFT,24,up_proj,mlp,model.layers.24.mlp.up_proj.weight,13.895235392599337,13.895016053497422,-0.0002193391019158497,-6.855480369732595e-06
muon_sft,Muon + SFT,24,k_proj,attn,model.layers.24.self_attn.k_proj.weight,31.211181081905732,31.201459604626823,-0.009721477278908708,-0.00013529259220184414
muon_sft,Muon + SFT,24,o_proj,attn,model.layers.24.self_attn.o_proj.weight,13596.107700858232,17263.830411624902,3667.7227107666695,0.10372256497422622
muon_sft,Muon + SFT,24,q_proj,attn,model.layers.24.self_attn.q_proj.weight,119825.2524376554,304177.0121242322,184351.75968657678,0.4045780369832616
muon_sft,Muon + SFT,24,v_proj,attn,model.layers.24.self_attn.v_proj.weight,3.6003445004354857,3.598655445352897,-0.001689055082588542,-0.00020379144908542378
muon_sft,Muon + SFT,25,down_proj,mlp,model.layers.25.mlp.down_proj.weight,9.428473935149443,9.427341789205999,-0.0011321459434441294,-5.215205151829315e-05
muon_sft,Muon + SFT,25,gate_proj,mlp,model.layers.25.mlp.gate_proj.weight,21.338091581274373,21.338918597384517,0.0008270161101435747,1.6831944488221264e-05
muon_sft,Muon + SFT,25,up_proj,mlp,model.layers.25.mlp.up_proj.weight,18.112209505291784,18.11198178224955,-0.00022772304223295237,-5.460376457290596e-06
muon_sft,Muon + SFT,25,k_proj,attn,model.layers.25.self_attn.k_proj.weight,22.462953951457504,22.460286603654556,-0.0026673478029479725,-5.157305747245485e-05
muon_sft,Muon + SFT,25,o_proj,attn,model.layers.25.self_attn.o_proj.weight,16296.613319126418,17646.92043219796,1350.3071130715416,0.03457156664636137
muon_sft,Muon + SFT,25,q_proj,attn,model.layers.25.self_attn.q_proj.weight,24555.210708810777,23635.154745375028,-920.0559634357487,-0.016585215089473544
muon_sft,Muon + SFT,25,v_proj,attn,model.layers.25.self_attn.v_proj.weight,4.337190824833435,4.337242231486785,5.140665335012784e-05,5.147454764642589e-06
muon_sft,Muon + SFT,26,down_proj,mlp,model.layers.26.mlp.down_proj.weight,8.741682232718533,8.74106731837349,-0.0006149143450429051,-3.0550561423428096e-05
muon_sft,Muon + SFT,26,gate_proj,mlp,model.layers.26.mlp.gate_proj.weight,20.0336868429297,20.03302482777158,-0.0006620151581202549,-1.435154112458096e-05
muon_sft,Muon + SFT,26,up_proj,mlp,model.layers.26.mlp.up_proj.weight,18.54966977174175,18.549343581203697,-0.00032619053805404974,-7.637009069878495e-06
muon_sft,Muon + SFT,26,k_proj,attn,model.layers.26.self_attn.k_proj.weight,18.924022446774764,18.925150209211026,0.0011277624362620031,2.588067155726375e-05
muon_sft,Muon + SFT,26,o_proj,attn,model.layers.26.self_attn.o_proj.weight,32723.99759321507,33841.40170058865,1117.4041073735789,0.01458199103741738
muon_sft,Muon + SFT,26,q_proj,attn,model.layers.26.self_attn.q_proj.weight,48120.87790718429,55718.43153312172,7597.553625937435,0.06366534067130397
muon_sft,Muon + SFT,26,v_proj,attn,model.layers.26.self_attn.v_proj.weight,4.835564685889436,4.8341447952917465,-0.0014198905976892107,-0.00012754274719728518
muon_sft,Muon + SFT,27,down_proj,mlp,model.layers.27.mlp.down_proj.weight,11.983131396493501,11.984107194285716,0.0009757977922149053,3.5363573090964746e-05
muon_sft,Muon + SFT,27,gate_proj,mlp,model.layers.27.mlp.gate_proj.weight,34.01131673372879,34.01074979500106,-0.0005669387277293936,-7.239367270078736e-06
muon_sft,Muon + SFT,27,up_proj,mlp,model.layers.27.mlp.up_proj.weight,27.05991417573715,27.056431028543376,-0.003483147193772851,-5.59059042990148e-05
muon_sft,Muon + SFT,27,k_proj,attn,model.layers.27.self_attn.k_proj.weight,16.960271595775623,16.964411994945102,0.004140399169479281,0.00010600850653783935
muon_sft,Muon + SFT,27,o_proj,attn,model.layers.27.self_attn.o_proj.weight,99634.79632267175,113314.5012781492,13679.704955477442,0.05587445436264925
muon_sft,Muon + SFT,27,q_proj,attn,model.layers.27.self_attn.q_proj.weight,91711.44628086085,51618.8084822614,-40092.637798599455,-0.24961556678534508
muon_sft,Muon + SFT,27,v_proj,attn,model.layers.27.self_attn.v_proj.weight,7.853791579470053,7.852806454787292,-0.0009851246827610183,-5.447827891660555e-05
muon_sft,Muon + SFT,3,down_proj,mlp,model.layers.3.mlp.down_proj.weight,10.758270959803003,10.760458625992317,0.002187666189314541,8.830366623184703e-05
muon_sft,Muon + SFT,3,gate_proj,mlp,model.layers.3.mlp.gate_proj.weight,13.999766940935217,14.000881745795443,0.0011148048602258598,3.458159879563543e-05
muon_sft,Muon + SFT,3,up_proj,mlp,model.layers.3.mlp.up_proj.weight,7.592358408260811,7.592777338962209,0.00041893070139842337,2.396281402967611e-05
muon_sft,Muon + SFT,3,k_proj,attn,model.layers.3.self_attn.k_proj.weight,15.502942945207748,15.496142505415614,-0.006800439792133517,-0.00019054713909678653
muon_sft,Muon + SFT,3,o_proj,attn,model.layers.3.self_attn.o_proj.weight,16528.241725287102,17809.22819808911,1280.9864728020075,0.03241844299619598
muon_sft,Muon + SFT,3,q_proj,attn,model.layers.3.self_attn.q_proj.weight,75355.26316454641,119401.10467376494,44045.84150921853,0.19989475394174921
muon_sft,Muon + SFT,3,v_proj,attn,model.layers.3.self_attn.v_proj.weight,3.891617107326821,3.8911446272698065,-0.00047248005701439055,-5.2730762888626516e-05
muon_sft,Muon + SFT,4,down_proj,mlp,model.layers.4.mlp.down_proj.weight,11.15720155550664,11.161386844619374,0.004185289112733415,0.00016288198478767938
muon_sft,Muon + SFT,4,gate_proj,mlp,model.layers.4.mlp.gate_proj.weight,17.495981170242754,17.495015446079254,-0.0009657241634997149,-2.3972376663270527e-05
muon_sft,Muon + SFT,4,up_proj,mlp,model.layers.4.mlp.up_proj.weight,8.782003015120793,8.78047403228047,-0.001528982840323323,-7.56190382896921e-05
muon_sft,Muon + SFT,4,k_proj,attn,model.layers.4.self_attn.k_proj.weight,23.93670634239095,23.950334422689025,0.013628080298076384,0.00024719005967426704
muon_sft,Muon + SFT,4,o_proj,attn,model.layers.4.self_attn.o_proj.weight,8582.208719375358,8533.028184065479,-49.180535309878906,-0.002495892287011393
muon_sft,Muon + SFT,4,q_proj,attn,model.layers.4.self_attn.q_proj.weight,19385.367499083055,19840.282390252305,454.91489116925004,0.01007381067157394
muon_sft,Muon + SFT,4,v_proj,attn,model.layers.4.self_attn.v_proj.weight,3.7875720759658726,3.788297897280776,0.0007258213149032855,8.321689627407777e-05
muon_sft,Muon + SFT,5,down_proj,mlp,model.layers.5.mlp.down_proj.weight,12.388049471794826,12.390407022190999,0.002357550396173025,8.264204279272264e-05
muon_sft,Muon + SFT,5,gate_proj,mlp,model.layers.5.mlp.gate_proj.weight,20.634483011844836,20.63575171376732,0.0012687019224841833,2.6701580349687663e-05
muon_sft,Muon + SFT,5,up_proj,mlp,model.layers.5.mlp.up_proj.weight,8.094579137228608,8.09418852748494,-0.00039060974366833534,-2.0957698547431938e-05
muon_sft,Muon + SFT,5,k_proj,attn,model.layers.5.self_attn.k_proj.weight,22.35050954040556,22.35663925739354,0.006129716987977929,0.00011909067573193526
muon_sft,Muon + SFT,5,o_proj,attn,model.layers.5.self_attn.o_proj.weight,14934.50156341116,12125.2589411219,-2809.242622289261,-0.09049971071882099
muon_sft,Muon + SFT,5,q_proj,attn,model.layers.5.self_attn.q_proj.weight,14969.234018258956,17303.195746125817,2333.961727866861,0.06292674297125038
muon_sft,Muon + SFT,5,v_proj,attn,model.layers.5.self_attn.v_proj.weight,3.3558693468749854,3.35599814054161,0.00012879366662454927,1.6667307222894113e-05
muon_sft,Muon + SFT,6,down_proj,mlp,model.layers.6.mlp.down_proj.weight,9.162314837809912,9.163056336783912,0.0007414989739995548,3.514569062234765e-05
muon_sft,Muon + SFT,6,gate_proj,mlp,model.layers.6.mlp.gate_proj.weight,19.228406692239826,19.22654887448135,-0.0018578177584771538,-4.19628622436471e-05
muon_sft,Muon + SFT,6,up_proj,mlp,model.layers.6.mlp.up_proj.weight,7.421489572866498,7.42035746013814,-0.0011321127283574484,-6.62545989967684e-05
muon_sft,Muon + SFT,6,k_proj,attn,model.layers.6.self_attn.k_proj.weight,22.193674123897594,22.19287599888126,-0.0007981250163346942,-1.5618302821068302e-05
muon_sft,Muon + SFT,6,o_proj,attn,model.layers.6.self_attn.o_proj.weight,70513.61868597266,70526.8517076038,13.2330216311384,8.14947408234373e-05
muon_sft,Muon + SFT,6,q_proj,attn,model.layers.6.self_attn.q_proj.weight,18604.75910456698,15886.761361936426,-2717.997742630554,-0.06858867915370565
muon_sft,Muon + SFT,6,v_proj,attn,model.layers.6.self_attn.v_proj.weight,3.2802787964379356,3.2796187575679743,-0.0006600388699613546,-8.739503556979381e-05
muon_sft,Muon + SFT,7,down_proj,mlp,model.layers.7.mlp.down_proj.weight,7.967968298583799,7.968535168328256,0.0005668697444569659,3.0896162711072314e-05
muon_sft,Muon + SFT,7,gate_proj,mlp,model.layers.7.mlp.gate_proj.weight,16.82272426896548,16.82313689802561,0.0004126290601291771,1.06522774380304e-05
muon_sft,Muon + SFT,7,up_proj,mlp,model.layers.7.mlp.up_proj.weight,8.451906164480205,8.45131065544472,-0.0005955090354845538,-3.060083662142027e-05
muon_sft,Muon + SFT,7,k_proj,attn,model.layers.7.self_attn.k_proj.weight,30.442592542837964,30.43625429509054,-0.0063382477474256405,-9.043095178580081e-05
muon_sft,Muon + SFT,7,o_proj,attn,model.layers.7.self_attn.o_proj.weight,9457.463639954845,10445.276384914921,987.8127449600761,0.04314525573609011
muon_sft,Muon + SFT,7,q_proj,attn,model.layers.7.self_attn.q_proj.weight,9030.470682093728,8671.951003783059,-358.5196783106694,-0.017593571550531997
muon_sft,Muon + SFT,7,v_proj,attn,model.layers.7.self_attn.v_proj.weight,4.6148320901395445,4.614168889133758,-0.0006632010057865401,-6.241727319099447e-05
muon_sft,Muon + SFT,8,down_proj,mlp,model.layers.8.mlp.down_proj.weight,8.059006885143106,8.059326544423307,0.00031965928020127876,1.722588282536791e-05
muon_sft,Muon + SFT,8,gate_proj,mlp,model.layers.8.mlp.gate_proj.weight,15.70276662952571,15.702589025810964,-0.00017760371474651038,-4.912048386096019e-06
muon_sft,Muon + SFT,8,up_proj,mlp,model.layers.8.mlp.up_proj.weight,11.03707620181019,11.035717235643133,-0.0013589661670572184,-5.3476829732891946e-05
muon_sft,Muon + SFT,8,k_proj,attn,model.layers.8.self_attn.k_proj.weight,26.24428190856445,26.241918260846667,-0.0023636477177824133,-3.9115773608157366e-05
muon_sft,Muon + SFT,8,o_proj,attn,model.layers.8.self_attn.o_proj.weight,8728.55329977634,9298.195017547752,569.641717771412,0.027456382484528582
muon_sft,Muon + SFT,8,q_proj,attn,model.layers.8.self_attn.q_proj.weight,20459.276858621644,22145.738689042242,1686.4618304205978,0.034399891772325865
muon_sft,Muon + SFT,8,v_proj,attn,model.layers.8.self_attn.v_proj.weight,2.614956506444022,2.6151730489589924,0.00021654251497027488,3.596209937309781e-05
muon_sft,Muon + SFT,9,down_proj,mlp,model.layers.9.mlp.down_proj.weight,11.96143651469935,11.961874492027126,0.0004379773277758403,1.5901740074338417e-05
muon_sft,Muon + SFT,9,gate_proj,mlp,model.layers.9.mlp.gate_proj.weight,17.04541620966512,17.04476171031033,-0.000654499354791227,-1.6676091212982094e-05
muon_sft,Muon + SFT,9,up_proj,mlp,model.layers.9.mlp.up_proj.weight,8.607523542303687,8.607406347192002,-0.00011719511168450936,-5.9131452335756735e-06
muon_sft,Muon + SFT,9,k_proj,attn,model.layers.9.self_attn.k_proj.weight,29.979145885547403,29.971232075302918,-0.00791381024448512,-0.00011465896485979357
muon_sft,Muon + SFT,9,o_proj,attn,model.layers.9.self_attn.o_proj.weight,26480.436490575365,26189.194706468686,-291.2417841066781,-0.0048029950480544484
muon_sft,Muon + SFT,9,q_proj,attn,model.layers.9.self_attn.q_proj.weight,35295.52653603585,25996.592097952704,-9298.93443808315,-0.13280324516112632
muon_sft,Muon + SFT,9,v_proj,attn,model.layers.9.self_attn.v_proj.weight,3.911800039733773,3.9131719364225743,0.0013718966888012218,0.00015228352755971078
adamw_grpo,AdamW + GRPO,-1,embed,embed,model.embed_tokens.weight,69.18641058154057,69.18539187400228,-0.0010187075382930288,-6.394641895381026e-06
adamw_grpo,AdamW + GRPO,0,down_proj,mlp,model.layers.0.mlp.down_proj.weight,10.546793843948734,10.548311893759626,0.001518049810892208,6.250555607167827e-05
adamw_grpo,AdamW + GRPO,0,gate_proj,mlp,model.layers.0.mlp.gate_proj.weight,50.790417231602824,50.786978656550566,-0.00343857505225742,-2.9403277339761924e-05
adamw_grpo,AdamW + GRPO,0,up_proj,mlp,model.layers.0.mlp.up_proj.weight,30.557746350661454,30.556085379637988,-0.0016609710234654074,-2.3606785234917e-05
adamw_grpo,AdamW + GRPO,0,k_proj,attn,model.layers.0.self_attn.k_proj.weight,18.73935745084044,18.744270648973647,0.004913198133206009,0.00011385103087067416
adamw_grpo,AdamW + GRPO,0,o_proj,attn,model.layers.0.self_attn.o_proj.weight,38555.79005042446,39060.29150026973,504.5014498452656,0.005645873306981706
adamw_grpo,AdamW + GRPO,0,q_proj,attn,model.layers.0.self_attn.q_proj.weight,184976.8751259078,187477.12548139557,2500.2503554877767,0.005830847524647645
adamw_grpo,AdamW + GRPO,0,v_proj,attn,model.layers.0.self_attn.v_proj.weight,7.7755061789352835,7.770717124606618,-0.0047890543286657206,-0.0002675710870293467
adamw_grpo,AdamW + GRPO,1,down_proj,mlp,model.layers.1.mlp.down_proj.weight,8.998430005007657,8.999464528424609,0.0010345234169513162,4.992670793148489e-05
adamw_grpo,AdamW + GRPO,1,gate_proj,mlp,model.layers.1.mlp.gate_proj.weight,33.91668364456576,33.9166068672796,-7.677728616073409e-05,-9.8311467608322e-07
adamw_grpo,AdamW + GRPO,1,up_proj,mlp,model.layers.1.mlp.up_proj.weight,37.735381088331756,37.73583480076569,0.0004537124339307752,5.221720734450909e-06
adamw_grpo,AdamW + GRPO,1,k_proj,attn,model.layers.1.self_attn.k_proj.weight,30.087513316132128,30.08790223493665,0.0003889188045214098,5.613763998720517e-06
adamw_grpo,AdamW + GRPO,1,o_proj,attn,model.layers.1.self_attn.o_proj.weight,49034.98587834326,51782.409460509356,2747.4235821660986,0.02367619993793195
adamw_grpo,AdamW + GRPO,1,q_proj,attn,model.layers.1.self_attn.q_proj.weight,1074758.1049613138,1328557.690681891,253799.58572057728,0.09206968885971359
adamw_grpo,AdamW + GRPO,1,v_proj,attn,model.layers.1.self_attn.v_proj.weight,3.341969736117407,3.3412862047523912,-0.0006835313650159769,-8.883511381152392e-05
adamw_grpo,AdamW + GRPO,10,down_proj,mlp,model.layers.10.mlp.down_proj.weight,13.491719978091211,13.491273590910746,-0.00044638718046563497,-1.4369309231053416e-05
adamw_grpo,AdamW + GRPO,10,gate_proj,mlp,model.layers.10.mlp.gate_proj.weight,16.210019773701827,16.209223365044497,-0.0007964086573295504,-2.1337690322235094e-05
adamw_grpo,AdamW + GRPO,10,up_proj,mlp,model.layers.10.mlp.up_proj.weight,8.538043575643336,8.537846325473193,-0.00019725017014238233,-1.0033405104774626e-05
adamw_grpo,AdamW + GRPO,10,k_proj,attn,model.layers.10.self_attn.k_proj.weight,24.034098760920294,24.04029282492461,0.006194064004315436,0.00011191188255440858
adamw_grpo,AdamW + GRPO,10,o_proj,attn,model.layers.10.self_attn.o_proj.weight,15508.710116684786,16115.966477448275,607.2563607634893,0.01668067697416151
adamw_grpo,AdamW + GRPO,10,q_proj,attn,model.layers.10.self_attn.q_proj.weight,12813.850813777506,12154.278134823804,-659.572678953702,-0.022950492990536142
adamw_grpo,AdamW + GRPO,10,v_proj,attn,model.layers.10.self_attn.v_proj.weight,3.2994636012714755,3.2993754706116842,-8.813065979129675e-05,-1.1600422080053306e-05
adamw_grpo,AdamW + GRPO,11,down_proj,mlp,model.layers.11.mlp.down_proj.weight,16.054627449194015,16.05464419657626,1.6747382243664788e-05,4.5303398815749407e-07
adamw_grpo,AdamW + GRPO,11,gate_proj,mlp,model.layers.11.mlp.gate_proj.weight,13.225697438590451,13.225071316217441,-0.000626122373009963,-2.0560573809067627e-05
adamw_grpo,AdamW + GRPO,11,up_proj,mlp,model.layers.11.mlp.up_proj.weight,6.605510357941471,6.605488449765888,-2.1908175583007505e-05,-1.440405816824911e-06
adamw_grpo,AdamW + GRPO,11,k_proj,attn,model.layers.11.self_attn.k_proj.weight,21.610944081803808,21.607669102280916,-0.0032749795228923517,-6.581911972983122e-05
adamw_grpo,AdamW + GRPO,11,o_proj,attn,model.layers.11.self_attn.o_proj.weight,139258.46738802953,57798.7257822553,-81459.74160577424,-0.3819033470615479
adamw_grpo,AdamW + GRPO,11,q_proj,attn,model.layers.11.self_attn.q_proj.weight,28543.812668067454,35917.33527098842,7373.522602920966,0.09979212617034282
adamw_grpo,AdamW + GRPO,11,v_proj,attn,model.layers.11.self_attn.v_proj.weight,2.8678401021237847,2.8677782540642074,-6.184805957731854e-05,-9.36612909851678e-06
adamw_grpo,AdamW + GRPO,12,down_proj,mlp,model.layers.12.mlp.down_proj.weight,14.145448240851502,14.145612413670367,0.00016417281886482726,5.040415428918425e-06
adamw_grpo,AdamW + GRPO,12,gate_proj,mlp,model.layers.12.mlp.gate_proj.weight,18.888272791501652,18.88735767151565,-0.0009151199860006898,-2.1041690391690388e-05
adamw_grpo,AdamW + GRPO,12,up_proj,mlp,model.layers.12.mlp.up_proj.weight,8.061255117094625,8.061075624055814,-0.00017949303881081846,-9.670169598946204e-06
adamw_grpo,AdamW + GRPO,12,k_proj,attn,model.layers.12.self_attn.k_proj.weight,20.867707840632306,20.860150046780657,-0.0075577938516495635,-0.0001573197555399058
adamw_grpo,AdamW + GRPO,12,o_proj,attn,model.layers.12.self_attn.o_proj.weight,102000.14319866779,64058.85785443681,-37941.285344230986,-0.2020215903831423
adamw_grpo,AdamW + GRPO,12,q_proj,attn,model.layers.12.self_attn.q_proj.weight,14798.684955393119,14389.181214146627,-409.5037412464917,-0.012187042687045548
adamw_grpo,AdamW + GRPO,12,v_proj,attn,model.layers.12.self_attn.v_proj.weight,2.550671517667282,2.5507286696267526,5.715195947075813e-05,9.730967858996119e-06
adamw_grpo,AdamW + GRPO,13,down_proj,mlp,model.layers.13.mlp.down_proj.weight,30.005646690345184,30.00745009361247,0.0018034032672851197,2.6101238890650594e-05
adamw_grpo,AdamW + GRPO,13,gate_proj,mlp,model.layers.13.mlp.gate_proj.weight,12.316046719506732,12.316898217840563,0.0008514983338319126,3.002491409943885e-05
adamw_grpo,AdamW + GRPO,13,up_proj,mlp,model.layers.13.mlp.up_proj.weight,6.311217662216599,6.310660753573625,-0.0005569086429737524,-3.832430368242251e-05
adamw_grpo,AdamW + GRPO,13,k_proj,attn,model.layers.13.self_attn.k_proj.weight,41.906820743475016,41.93755737716845,0.030736633693436488,0.0003184173179532674
adamw_grpo,AdamW + GRPO,13,o_proj,attn,model.layers.13.self_attn.o_proj.weight,9641.296136551193,9124.474951304388,-516.8211852468048,-0.02392753932136448
adamw_grpo,AdamW + GRPO,13,q_proj,attn,model.layers.13.self_attn.q_proj.weight,57124.68510683214,71705.33393860469,14580.648831772545,0.09872764360948308
adamw_grpo,AdamW + GRPO,13,v_proj,attn,model.layers.13.self_attn.v_proj.weight,3.7001013163270056,3.7002535971413684,0.00015228081436280405,1.787339071167992e-05
adamw_grpo,AdamW + GRPO,14,down_proj,mlp,model.layers.14.mlp.down_proj.weight,12.14858893422566,12.148454305439406,-0.0001346287862542539,-4.812811040380765e-06
adamw_grpo,AdamW + GRPO,14,gate_proj,mlp,model.layers.14.mlp.gate_proj.weight,13.416229041756727,13.416682404882442,0.0004533631257146453,1.4675493131407761e-05
adamw_grpo,AdamW + GRPO,14,up_proj,mlp,model.layers.14.mlp.up_proj.weight,6.92702720942221,6.9266690522760355,-0.00035815714617459804,-2.245547604539522e-05
adamw_grpo,AdamW + GRPO,14,k_proj,attn,model.layers.14.self_attn.k_proj.weight,23.136335100841148,23.14109201312146,0.004756912280313941,8.92833024803255e-05
adamw_grpo,AdamW + GRPO,14,o_proj,attn,model.layers.14.self_attn.o_proj.weight,6453.263467239998,6357.114605540455,-96.14886169954298,-0.006519355473651533
adamw_grpo,AdamW + GRPO,14,q_proj,attn,model.layers.14.self_attn.q_proj.weight,12016.462412922161,11585.022680036102,-431.4397328860596,-0.015879743989696722
adamw_grpo,AdamW + GRPO,14,v_proj,attn,model.layers.14.self_attn.v_proj.weight,6.809948120874071,6.810065487935445,0.00011736706137366326,7.484848191338773e-06
adamw_grpo,AdamW + GRPO,15,down_proj,mlp,model.layers.15.mlp.down_proj.weight,12.83113835849419,12.830241505525793,-0.0008968529683972548,-3.0356769392463604e-05
adamw_grpo,AdamW + GRPO,15,gate_proj,mlp,model.layers.15.mlp.gate_proj.weight,16.831657108500657,16.830850688399597,-0.0008064201010604677,-2.08079446823469e-05
adamw_grpo,AdamW + GRPO,15,up_proj,mlp,model.layers.15.mlp.up_proj.weight,9.399973299687645,9.400264431849648,0.00029113216200293834,1.3450584325401892e-05
adamw_grpo,AdamW + GRPO,15,k_proj,attn,model.layers.15.self_attn.k_proj.weight,25.442585553328566,25.414621275797163,-0.02796427753140307,-0.00047760124487644147
adamw_grpo,AdamW + GRPO,15,o_proj,attn,model.layers.15.self_attn.o_proj.weight,29248.74824238646,31164.99491361144,1916.2466712249807,0.027559776016739448
adamw_grpo,AdamW + GRPO,15,q_proj,attn,model.layers.15.self_attn.q_proj.weight,23869.157071525828,21322.759605439514,-2546.397466086313,-0.048993671697790335
adamw_grpo,AdamW + GRPO,15,v_proj,attn,model.layers.15.self_attn.v_proj.weight,3.3575600712900404,3.3572818469977306,-0.0002782242923098366,-3.598931335129291e-05
adamw_grpo,AdamW + GRPO,16,down_proj,mlp,model.layers.16.mlp.down_proj.weight,9.686499227673869,9.686101232464676,-0.00039799520919281406,-1.784449367614384e-05
adamw_grpo,AdamW + GRPO,16,gate_proj,mlp,model.layers.16.mlp.gate_proj.weight,12.919883539201004,12.920365028167025,0.0004814889660202937,1.6184674115555067e-05
adamw_grpo,AdamW + GRPO,16,up_proj,mlp,model.layers.16.mlp.up_proj.weight,6.159145316251316,6.159168560335877,2.324408456022553e-05,1.638986920229359e-06
adamw_grpo,AdamW + GRPO,16,k_proj,attn,model.layers.16.self_attn.k_proj.weight,20.671141321487564,20.68826087866215,0.0171195571745848,0.0003595279062391071
adamw_grpo,AdamW + GRPO,16,o_proj,attn,model.layers.16.self_attn.o_proj.weight,41529.00729033527,41142.66924369981,-386.33804663545743,-0.004059085535379662
adamw_grpo,AdamW + GRPO,16,q_proj,attn,model.layers.16.self_attn.q_proj.weight,103943.38985456145,90222.97227813963,-13720.417576421823,-0.061479745887164504
adamw_grpo,AdamW + GRPO,16,v_proj,attn,model.layers.16.self_attn.v_proj.weight,2.78870242790059,2.7892685814722076,0.0005661535716177113,8.81601472989184e-05
adamw_grpo,AdamW + GRPO,17,down_proj,mlp,model.layers.17.mlp.down_proj.weight,6.7996349709306605,6.799845585998134,0.00021061506747344083,1.345183166864693e-05
adamw_grpo,AdamW + GRPO,17,gate_proj,mlp,model.layers.17.mlp.gate_proj.weight,17.968770886906377,17.96900237607304,0.00023148916666215769,5.594919137965756e-06
adamw_grpo,AdamW + GRPO,17,up_proj,mlp,model.layers.17.mlp.up_proj.weight,12.572357420855843,12.572025058605348,-0.000332362250494711,-1.1481140291226614e-05
adamw_grpo,AdamW + GRPO,17,k_proj,attn,model.layers.17.self_attn.k_proj.weight,15.488632202364206,15.488906621845036,0.0002744194808297351,7.694534219193252e-06
adamw_grpo,AdamW + GRPO,17,o_proj,attn,model.layers.17.self_attn.o_proj.weight,57591.66094582242,72749.26485710162,15157.603911279199,0.10146900528438704
adamw_grpo,AdamW + GRPO,17,q_proj,attn,model.layers.17.self_attn.q_proj.weight,13024.993728263826,13572.431679863448,547.4379515996225,0.017880141354202236
adamw_grpo,AdamW + GRPO,17,v_proj,attn,model.layers.17.self_attn.v_proj.weight,4.045377579425002,4.045169867968626,-0.0002077114563761029,-2.2299588486089538e-05
adamw_grpo,AdamW + GRPO,18,down_proj,mlp,model.layers.18.mlp.down_proj.weight,6.643981466821017,6.644087469952862,0.00010600313184561116,6.929009090046112e-06
adamw_grpo,AdamW + GRPO,18,gate_proj,mlp,model.layers.18.mlp.gate_proj.weight,18.455846043796296,18.455785127046056,-6.0916750239670137e-05,-1.4334673188827516e-06
adamw_grpo,AdamW + GRPO,18,up_proj,mlp,model.layers.18.mlp.up_proj.weight,10.672724442726581,10.672233699638316,-0.0004907430882656882,-1.9969775895761843e-05
adamw_grpo,AdamW + GRPO,18,k_proj,attn,model.layers.18.self_attn.k_proj.weight,22.852605445749074,22.85105518432445,-0.0015502614246223345,-2.9462409496186248e-05
adamw_grpo,AdamW + GRPO,18,o_proj,attn,model.layers.18.self_attn.o_proj.weight,21937.349567301397,19598.015096821673,-2339.3344704797237,-0.04897206781922643
adamw_grpo,AdamW + GRPO,18,q_proj,attn,model.layers.18.self_attn.q_proj.weight,33741.713223670544,30441.97031990495,-3299.742903765593,-0.04469437176705445
adamw_grpo,AdamW + GRPO,18,v_proj,attn,model.layers.18.self_attn.v_proj.weight,2.1434580875579408,2.143545749375789,8.766181784825022e-05,1.7761142848770784e-05
adamw_grpo,AdamW + GRPO,19,down_proj,mlp,model.layers.19.mlp.down_proj.weight,7.114441587440737,7.114703350936019,0.0002617634952821746,1.597881560278375e-05
adamw_grpo,AdamW + GRPO,19,gate_proj,mlp,model.layers.19.mlp.gate_proj.weight,18.805480505433707,18.80531085475994,-0.00016965067376517595,-3.9179367837396295e-06
adamw_grpo,AdamW + GRPO,19,up_proj,mlp,model.layers.19.mlp.up_proj.weight,10.390484231630769,10.389477612137467,-0.0010066194933013861,-4.207604373343737e-05
adamw_grpo,AdamW + GRPO,19,k_proj,attn,model.layers.19.self_attn.k_proj.weight,22.401692950673606,22.411624307431357,0.009931356757750365,0.00019249338242346693
adamw_grpo,AdamW + GRPO,19,o_proj,attn,model.layers.19.self_attn.o_proj.weight,24022.826455842358,23374.49475552461,-648.3317003177472,-0.011881871615726937
adamw_grpo,AdamW + GRPO,19,q_proj,attn,model.layers.19.self_attn.q_proj.weight,25682.89091427411,22228.87831480395,-3454.0125994701593,-0.06272635870829582
adamw_grpo,AdamW + GRPO,19,v_proj,attn,model.layers.19.self_attn.v_proj.weight,3.008918396896258,3.0092155604312185,0.000297163534960454,4.288920269181371e-05
adamw_grpo,AdamW + GRPO,2,down_proj,mlp,model.layers.2.mlp.down_proj.weight,13.20255066881167,13.200570172194693,-0.0019804966169765237,-6.515280969802562e-05
adamw_grpo,AdamW + GRPO,2,gate_proj,mlp,model.layers.2.mlp.gate_proj.weight,17.38657445257771,17.385668963088563,-0.0009054894891491472,-2.2618562969727265e-05
adamw_grpo,AdamW + GRPO,2,up_proj,mlp,model.layers.2.mlp.up_proj.weight,8.916099391549464,8.914398227631139,-0.0017011639183248661,-8.286993673002636e-05
adamw_grpo,AdamW + GRPO,2,k_proj,attn,model.layers.2.self_attn.k_proj.weight,17.246031056628958,17.23617013219234,-0.009860924436619456,-0.0002483916361707916
adamw_grpo,AdamW + GRPO,2,o_proj,attn,model.layers.2.self_attn.o_proj.weight,31093.030750193404,22676.50714416407,-8416.523606029335,-0.13708689524200685
adamw_grpo,AdamW + GRPO,2,q_proj,attn,model.layers.2.self_attn.q_proj.weight,24610.069351651575,25756.198011532055,1146.12865988048,0.019768917698400904
adamw_grpo,AdamW + GRPO,2,v_proj,attn,model.layers.2.self_attn.v_proj.weight,3.1911166787384015,3.1910859771421682,-3.0701596233306816e-05,-4.178348619980486e-06
adamw_grpo,AdamW + GRPO,20,down_proj,mlp,model.layers.20.mlp.down_proj.weight,7.516513788547348,7.516331172691973,-0.0001826158553752677,-1.0551437004223506e-05
adamw_grpo,AdamW + GRPO,20,gate_proj,mlp,model.layers.20.mlp.gate_proj.weight,19.204884886797178,19.205239064186436,0.0003541773892585809,8.009205384020193e-06
adamw_grpo,AdamW + GRPO,20,up_proj,mlp,model.layers.20.mlp.up_proj.weight,11.187456334212877,11.186636456843004,-0.0008198773698726569,-3.182861723671072e-05
adamw_grpo,AdamW + GRPO,20,k_proj,attn,model.layers.20.self_attn.k_proj.weight,22.072850031907265,22.077553434954464,0.004703403047198407,9.253197420154138e-05
adamw_grpo,AdamW + GRPO,20,o_proj,attn,model.layers.20.self_attn.o_proj.weight,123534.76145527787,111230.53215753898,-12304.229297738886,-0.045565165936570805
adamw_grpo,AdamW + GRPO,20,q_proj,attn,model.layers.20.self_attn.q_proj.weight,9243.896257866112,9060.411227898725,-183.48502996738716,-0.008707153254473186
adamw_grpo,AdamW + GRPO,20,v_proj,attn,model.layers.20.self_attn.v_proj.weight,6.942409244310096,6.940931479720584,-0.0014777645895120983,-9.245397371688611e-05
adamw_grpo,AdamW + GRPO,21,down_proj,mlp,model.layers.21.mlp.down_proj.weight,9.390981919055381,9.389641125725023,-0.0013407933303586361,-6.201063131379666e-05
adamw_grpo,AdamW + GRPO,21,gate_proj,mlp,model.layers.21.mlp.gate_proj.weight,17.629945642520745,17.63045947272387,0.0005138302031255648,1.2657462166909648e-05
adamw_grpo,AdamW + GRPO,21,up_proj,mlp,model.layers.21.mlp.up_proj.weight,8.16699577216017,8.167795200551401,0.0007994283912307054,4.2508941785148484e-05
adamw_grpo,AdamW + GRPO,21,k_proj,attn,model.layers.21.self_attn.k_proj.weight,29.992183020775197,30.01748040534211,0.025297384566911774,0.0003661582001145952
adamw_grpo,AdamW + GRPO,21,o_proj,attn,model.layers.21.self_attn.o_proj.weight,298850.6543733745,546039.9036715062,247189.24929813173,0.2617701702533217
adamw_grpo,AdamW + GRPO,21,q_proj,attn,model.layers.21.self_attn.q_proj.weight,14032.644030663625,15322.142549449327,1289.498518785702,0.038179989977286784
adamw_grpo,AdamW + GRPO,21,v_proj,attn,model.layers.21.self_attn.v_proj.weight,4.366601968716395,4.367078251566181,0.00047628284978529223,4.736766368236003e-05
adamw_grpo,AdamW + GRPO,22,down_proj,mlp,model.layers.22.mlp.down_proj.weight,9.904782336268656,9.904319406764019,-0.00046292950463744376,-2.029852055067389e-05
adamw_grpo,AdamW + GRPO,22,gate_proj,mlp,model.layers.22.mlp.gate_proj.weight,22.904187063530273,22.904750212343355,0.0005631488130823925,1.0677934768561577e-05
adamw_grpo,AdamW + GRPO,22,up_proj,mlp,model.layers.22.mlp.up_proj.weight,12.79968858450657,12.798708859799723,-0.0009797247068483728,-3.324341182699358e-05
adamw_grpo,AdamW + GRPO,22,k_proj,attn,model.layers.22.self_attn.k_proj.weight,20.39377999771742,20.386447039120267,-0.007332958597153549,-0.0001561866483095544
adamw_grpo,AdamW + GRPO,22,o_proj,attn,model.layers.22.self_attn.o_proj.weight,35374.77308841131,35254.83050941241,-119.94257899890363,-0.001475031647490625
adamw_grpo,AdamW + GRPO,22,q_proj,attn,model.layers.22.self_attn.q_proj.weight,47977.340735145204,55250.52797249227,7273.187237347069,0.0613002600485783
adamw_grpo,AdamW + GRPO,22,v_proj,attn,model.layers.22.self_attn.v_proj.weight,5.233505964972921,5.233133022303058,-0.00037294266986354074,-3.0949179359932645e-05
adamw_grpo,AdamW + GRPO,23,down_proj,mlp,model.layers.23.mlp.down_proj.weight,11.80645745879601,11.806265640301854,-0.0001918184941551715,-7.056002240022304e-06
adamw_grpo,AdamW + GRPO,23,gate_proj,mlp,model.layers.23.mlp.gate_proj.weight,19.84423847022627,19.844127595004636,-0.00011087522163322205,-2.426529570727103e-06
adamw_grpo,AdamW + GRPO,23,up_proj,mlp,model.layers.23.mlp.up_proj.weight,10.79189058648552,10.793328282141609,0.0014376956560884224,5.785285707026631e-05
adamw_grpo,AdamW + GRPO,23,k_proj,attn,model.layers.23.self_attn.k_proj.weight,16.001526800630636,16.000347483786495,-0.0011793168441407431,-3.200880007874537e-05
adamw_grpo,AdamW + GRPO,23,o_proj,attn,model.layers.23.self_attn.o_proj.weight,13053.866526333686,13999.515138798228,945.6486124645417,0.03037382672966933
adamw_grpo,AdamW + GRPO,23,q_proj,attn,model.layers.23.self_attn.q_proj.weight,764874.9518123881,458588.90110666875,-306286.0507057194,-0.22216689923595254
adamw_grpo,AdamW + GRPO,23,v_proj,attn,model.layers.23.self_attn.v_proj.weight,4.042193780833294,4.042536255171294,0.00034247433799983185,3.6793984366395685e-05
adamw_grpo,AdamW + GRPO,24,down_proj,mlp,model.layers.24.mlp.down_proj.weight,10.013056479364716,10.012909154964845,-0.00014732439987064083,-6.389921473233822e-06
adamw_grpo,AdamW + GRPO,24,gate_proj,mlp,model.layers.24.mlp.gate_proj.weight,21.0475855955308,21.047566094148905,-1.9501381895992154e-05,-4.023904039879445e-07
adamw_grpo,AdamW + GRPO,24,up_proj,mlp,model.layers.24.mlp.up_proj.weight,13.895235392599337,13.895336899292214,0.00010150669287689595,3.1725720600296464e-06
adamw_grpo,AdamW + GRPO,24,k_proj,attn,model.layers.24.self_attn.k_proj.weight,31.211181081905732,31.169172281804443,-0.04200880010128927,-0.0005849339367142053
adamw_grpo,AdamW + GRPO,24,o_proj,attn,model.layers.24.self_attn.o_proj.weight,13596.107700858232,13059.641229918156,-536.4664709400768,-0.017483349855094133
adamw_grpo,AdamW + GRPO,24,q_proj,attn,model.layers.24.self_attn.q_proj.weight,119825.2524376554,115721.28527589247,-4103.967161762936,-0.015135104039646461
adamw_grpo,AdamW + GRPO,24,v_proj,attn,model.layers.24.self_attn.v_proj.weight,3.6003445004354857,3.600255752429495,-8.87480059907908e-05,-1.0705432305705578e-05
adamw_grpo,AdamW + GRPO,25,down_proj,mlp,model.layers.25.mlp.down_proj.weight,9.428473935149443,9.4269004310998,-0.0015735040496434038,-7.24848114203397e-05
adamw_grpo,AdamW + GRPO,25,gate_proj,mlp,model.layers.25.mlp.gate_proj.weight,21.338091581274373,21.339248690843828,0.0011571095694549172,2.355002902667073e-05
adamw_grpo,AdamW + GRPO,25,up_proj,mlp,model.layers.25.mlp.up_proj.weight,18.112209505291784,18.11352677971379,0.0013172744220071309,3.1584451914587316e-05
adamw_grpo,AdamW + GRPO,25,k_proj,attn,model.layers.25.self_attn.k_proj.weight,22.462953951457504,22.453621399527602,-0.009332551929901456,-0.00018047127733512622
adamw_grpo,AdamW + GRPO,25,o_proj,attn,model.layers.25.self_attn.o_proj.weight,16296.613319126418,14974.618563127917,-1321.9947559985012,-0.03674159211321295
adamw_grpo,AdamW + GRPO,25,q_proj,attn,model.layers.25.self_attn.q_proj.weight,24555.210708810777,25340.986538175097,785.7758293643201,0.013679853019017724
adamw_grpo,AdamW + GRPO,25,v_proj,attn,model.layers.25.self_attn.v_proj.weight,4.337190824833435,4.337084627881657,-0.00010619695177815913,-1.0633914130545267e-05
adamw_grpo,AdamW + GRPO,26,down_proj,mlp,model.layers.26.mlp.down_proj.weight,8.741682232718533,8.741347935729976,-0.0003342969885569147,-1.6608486751555814e-05
adamw_grpo,AdamW + GRPO,26,gate_proj,mlp,model.layers.26.mlp.gate_proj.weight,20.0336868429297,20.033930857081938,0.0002440141522370709,5.289757959584011e-06
adamw_grpo,AdamW + GRPO,26,up_proj,mlp,model.layers.26.mlp.up_proj.weight,18.54966977174175,18.549216351699165,-0.00045342004258586144,-1.06158347630178e-05
adamw_grpo,AdamW + GRPO,26,k_proj,attn,model.layers.26.self_attn.k_proj.weight,18.924022446774764,18.905633931290733,-0.01838851548403042,-0.00042221009645330054
adamw_grpo,AdamW + GRPO,26,o_proj,attn,model.layers.26.self_attn.o_proj.weight,32723.99759321507,26994.90340086803,-5729.094192347042,-0.08358457432625717
adamw_grpo,AdamW + GRPO,26,q_proj,attn,model.layers.26.self_attn.q_proj.weight,48120.87790718429,41317.134778683154,-6803.7431285011335,-0.06620334506570567
adamw_grpo,AdamW + GRPO,26,v_proj,attn,model.layers.26.self_attn.v_proj.weight,4.835564685889436,4.8380605085298125,0.0024958226403768435,0.00022409841249607134
adamw_grpo,AdamW + GRPO,27,down_proj,mlp,model.layers.27.mlp.down_proj.weight,11.983131396493501,11.984220023717077,0.0010886272235755001,3.9452402402333766e-05
adamw_grpo,AdamW + GRPO,27,gate_proj,mlp,model.layers.27.mlp.gate_proj.weight,34.01131673372879,34.013640303634254,0.002323569905463785,2.966892248379471e-05
adamw_grpo,AdamW + GRPO,27,up_proj,mlp,model.layers.27.mlp.up_proj.weight,27.05991417573715,27.058673484187214,-0.0012406915499347804,-1.9912769984352582e-05
adamw_grpo,AdamW + GRPO,27,k_proj,attn,model.layers.27.self_attn.k_proj.weight,16.960271595775623,16.96817160228328,0.007900006507657764,0.00020224501756539907
adamw_grpo,AdamW + GRPO,27,o_proj,attn,model.layers.27.self_attn.o_proj.weight,99634.79632267175,109030.50652667297,9395.71020400121,0.0391369923695853
adamw_grpo,AdamW + GRPO,27,q_proj,attn,model.layers.27.self_attn.q_proj.weight,91711.44628086085,63873.74223853532,-27837.70404232553,-0.15710118090896785
adamw_grpo,AdamW + GRPO,27,v_proj,attn,model.layers.27.self_attn.v_proj.weight,7.853791579470053,7.855054206316158,0.0012626268461053414,6.98144065610934e-05
adamw_grpo,AdamW + GRPO,3,down_proj,mlp,model.layers.3.mlp.down_proj.weight,10.758270959803003,10.755458437800186,-0.0028125220028165643,-0.00011355193424990438
adamw_grpo,AdamW + GRPO,3,gate_proj,mlp,model.layers.3.mlp.gate_proj.weight,13.999766940935217,14.00014408393377,0.0003771429985537367,1.1699403117693151e-05
adamw_grpo,AdamW + GRPO,3,up_proj,mlp,model.layers.3.mlp.up_proj.weight,7.592358408260811,7.592152224539518,-0.00020618372129277418,-1.179418350538214e-05
adamw_grpo,AdamW + GRPO,3,k_proj,attn,model.layers.3.self_attn.k_proj.weight,15.502942945207748,15.504428395850853,0.001485450643105679,4.161094539995887e-05
adamw_grpo,AdamW + GRPO,3,o_proj,attn,model.layers.3.self_attn.o_proj.weight,16528.241725287102,14810.502056143132,-1717.7396691439699,-0.047656875001439745
adamw_grpo,AdamW + GRPO,3,q_proj,attn,model.layers.3.self_attn.q_proj.weight,75355.26316454641,62803.40913342326,-12551.854031123155,-0.07913037185264996
adamw_grpo,AdamW + GRPO,3,v_proj,attn,model.layers.3.self_attn.v_proj.weight,3.891617107326821,3.892251541941342,0.0006344346145210622,7.07955041998361e-05
adamw_grpo,AdamW + GRPO,4,down_proj,mlp,model.layers.4.mlp.down_proj.weight,11.15720155550664,11.156228443858751,-0.0009731116478892687,-3.788005871210911e-05
adamw_grpo,AdamW + GRPO,4,gate_proj,mlp,model.layers.4.mlp.gate_proj.weight,17.495981170242754,17.495068660523046,-0.0009125097197077991,-2.265138873848905e-05
adamw_grpo,AdamW + GRPO,4,up_proj,mlp,model.layers.4.mlp.up_proj.weight,8.782003015120793,8.781472496905437,-0.0005305182153563237,-2.6236394202357566e-05
adamw_grpo,AdamW + GRPO,4,k_proj,attn,model.layers.4.self_attn.k_proj.weight,23.93670634239095,23.921932298942284,-0.014774043448664287,-0.00026813490442369306
adamw_grpo,AdamW + GRPO,4,o_proj,attn,model.layers.4.self_attn.o_proj.weight,8582.208719375358,8755.973649976033,173.76493060067514,0.00870537357223178
adamw_grpo,AdamW + GRPO,4,q_proj,attn,model.layers.4.self_attn.q_proj.weight,19385.367499083055,17709.938950453667,-1675.4285486293884,-0.039256974484313124
adamw_grpo,AdamW + GRPO,4,v_proj,attn,model.layers.4.self_attn.v_proj.weight,3.7875720759658726,3.7877452276357104,0.00017315166983777885,1.9853640908274905e-05
adamw_grpo,AdamW + GRPO,5,down_proj,mlp,model.layers.5.mlp.down_proj.weight,12.388049471794826,12.388511146777804,0.0004616749829775557,1.6184885436668802e-05
adamw_grpo,AdamW + GRPO,5,gate_proj,mlp,model.layers.5.mlp.gate_proj.weight,20.634483011844836,20.634966519570863,0.0004835077260274545,1.0176280021411832e-05
adamw_grpo,AdamW + GRPO,5,up_proj,mlp,model.layers.5.mlp.up_proj.weight,8.094579137228608,8.095153320066828,0.000574182838219528,3.080525746852681e-05
adamw_grpo,AdamW + GRPO,5,k_proj,attn,model.layers.5.self_attn.k_proj.weight,22.35050954040556,22.33646145032557,-0.014048090079992193,-0.0002730553478446982
adamw_grpo,AdamW + GRPO,5,o_proj,attn,model.layers.5.self_attn.o_proj.weight,14934.50156341116,15230.33704859119,295.8354851800286,0.008518781740913311
adamw_grpo,AdamW + GRPO,5,q_proj,attn,model.layers.5.self_attn.q_proj.weight,14969.234018258956,15909.678222596845,940.4442043378895,0.02646181812807701
adamw_grpo,AdamW + GRPO,5,v_proj,attn,model.layers.5.self_attn.v_proj.weight,3.3558693468749854,3.3562722465060335,0.00040289963104811477,5.213748378247212e-05
adamw_grpo,AdamW + GRPO,6,down_proj,mlp,model.layers.6.mlp.down_proj.weight,9.162314837809912,9.161444305714816,-0.0008705320950959106,-4.126525376620208e-05
adamw_grpo,AdamW + GRPO,6,gate_proj,mlp,model.layers.6.mlp.gate_proj.weight,19.228406692239826,19.227483814107995,-0.0009228781318313395,-2.0844706749650674e-05
adamw_grpo,AdamW + GRPO,6,up_proj,mlp,model.layers.6.mlp.up_proj.weight,7.421489572866498,7.420274349117068,-0.001215223749429839,-7.111890104284127e-05
adamw_grpo,AdamW + GRPO,6,k_proj,attn,model.layers.6.self_attn.k_proj.weight,22.193674123897594,22.18738299049214,-0.00629113340545473,-0.00012312480679151024
adamw_grpo,AdamW + GRPO,6,o_proj,attn,model.layers.6.self_attn.o_proj.weight,70513.61868597266,108829.2584288717,38315.639742899046,0.18847266707298804
adamw_grpo,AdamW + GRPO,6,q_proj,attn,model.layers.6.self_attn.q_proj.weight,18604.75910456698,16797.393031977015,-1807.3660725899645,-0.04438216699956715
adamw_grpo,AdamW + GRPO,6,v_proj,attn,model.layers.6.self_attn.v_proj.weight,3.2802787964379356,3.280626957613779,0.0003481611758435754,4.6092562000392965e-05
adamw_grpo,AdamW + GRPO,7,down_proj,mlp,model.layers.7.mlp.down_proj.weight,7.967968298583799,7.968308246202913,0.00033994761911326776,1.852846550757751e-05
adamw_grpo,AdamW + GRPO,7,gate_proj,mlp,model.layers.7.mlp.gate_proj.weight,16.82272426896548,16.823568077182706,0.0008438082172261829,2.1783158086651637e-05
adamw_grpo,AdamW + GRPO,7,up_proj,mlp,model.layers.7.mlp.up_proj.weight,8.451906164480205,8.451946160935993,3.999645578822708e-05,2.055181234484491e-06
adamw_grpo,AdamW + GRPO,7,k_proj,attn,model.layers.7.self_attn.k_proj.weight,30.442592542837964,30.40191471774774,-0.04067782509022422,-0.0005806985182374896
adamw_grpo,AdamW + GRPO,7,o_proj,attn,model.layers.7.self_attn.o_proj.weight,9457.463639954845,9055.654530453925,-401.8091095009204,-0.018854834282966783
adamw_grpo,AdamW + GRPO,7,q_proj,attn,model.layers.7.self_attn.q_proj.weight,9030.470682093728,8774.63943736706,-255.83124472666896,-0.012481107287545071
adamw_grpo,AdamW + GRPO,7,v_proj,attn,model.layers.7.self_attn.v_proj.weight,4.6148320901395445,4.614711578438211,-0.00012051170133364764,-1.134131193832395e-05
adamw_grpo,AdamW + GRPO,8,down_proj,mlp,model.layers.8.mlp.down_proj.weight,8.059006885143106,8.058734859832846,-0.00027202531025949384,-1.4659509137721161e-05
adamw_grpo,AdamW + GRPO,8,gate_proj,mlp,model.layers.8.mlp.gate_proj.weight,15.70276662952571,15.704452912197235,0.0016862826715247081,4.663534502967771e-05
adamw_grpo,AdamW + GRPO,8,up_proj,mlp,model.layers.8.mlp.up_proj.weight,11.03707620181019,11.037911361948986,0.0008351601387950325,3.286121352596105e-05
adamw_grpo,AdamW + GRPO,8,k_proj,attn,model.layers.8.self_attn.k_proj.weight,26.24428190856445,26.22595385807729,-0.018328050487159686,-0.000303401400738902
adamw_grpo,AdamW + GRPO,8,o_proj,attn,model.layers.8.self_attn.o_proj.weight,8728.55329977634,8718.882309248349,-9.670990527991307,-0.00048145278711511766
adamw_grpo,AdamW + GRPO,8,q_proj,attn,model.layers.8.self_attn.q_proj.weight,20459.276858621644,20765.676394650047,306.3995360284025,0.00645580249658442
adamw_grpo,AdamW + GRPO,8,v_proj,attn,model.layers.8.self_attn.v_proj.weight,2.614956506444022,2.6147287466185807,-0.00022775982544143147,-3.7828217441230106e-05
adamw_grpo,AdamW + GRPO,9,down_proj,mlp,model.layers.9.mlp.down_proj.weight,11.96143651469935,11.961331110711853,-0.00010540398749725455,-3.8270128989834145e-06
adamw_grpo,AdamW + GRPO,9,gate_proj,mlp,model.layers.9.mlp.gate_proj.weight,17.04541620966512,17.04529449575027,-0.0001217139148508295,-3.1011193663492457e-06
adamw_grpo,AdamW + GRPO,9,up_proj,mlp,model.layers.9.mlp.up_proj.weight,8.607523542303687,8.607645705400593,0.00012216309690593619,6.163722019383574e-06
adamw_grpo,AdamW + GRPO,9,k_proj,attn,model.layers.9.self_attn.k_proj.weight,29.979145885547403,29.97213669942078,-0.00700918612662349,-0.00010155081726502486
adamw_grpo,AdamW + GRPO,9,o_proj,attn,model.layers.9.self_attn.o_proj.weight,26480.436490575365,28584.267470814564,2103.8309802391996,0.0332019275010517
adamw_grpo,AdamW + GRPO,9,q_proj,attn,model.layers.9.self_attn.q_proj.weight,35295.52653603585,29976.017172640713,-5319.50936339514,-0.07094573616861449
adamw_grpo,AdamW + GRPO,9,v_proj,attn,model.layers.9.self_attn.v_proj.weight,3.911800039733773,3.9116839295660824,-0.00011611016769075277,-1.2890933329064976e-05
muon_grpo,Muon + GRPO,-1,embed,embed,model.embed_tokens.weight,69.18641058154057,69.1830320148201,-0.003378566720471099,-2.1208336988313818e-05
muon_grpo,Muon + GRPO,0,down_proj,mlp,model.layers.0.mlp.down_proj.weight,10.546793843948734,10.54695323555062,0.00015939160188516155,6.5633567048351145e-06
muon_grpo,Muon + GRPO,0,gate_proj,mlp,model.layers.0.mlp.gate_proj.weight,50.790417231602824,50.78184422332293,-0.008573008279896044,-7.331155464650841e-05
muon_grpo,Muon + GRPO,0,up_proj,mlp,model.layers.0.mlp.up_proj.weight,30.557746350661454,30.561856808933005,0.0041104582715512095,5.8414952186763844e-05
muon_grpo,Muon + GRPO,0,k_proj,attn,model.layers.0.self_attn.k_proj.weight,18.73935745084044,18.739220498987635,-0.00013695185280582223,-3.173942940943281e-06
muon_grpo,Muon + GRPO,0,o_proj,attn,model.layers.0.self_attn.o_proj.weight,38555.79005042446,38394.42757510311,-161.36247532135167,-0.0018214096723849953
muon_grpo,Muon + GRPO,0,q_proj,attn,model.layers.0.self_attn.q_proj.weight,184976.8751259078,184294.30598881483,-682.5691370929708,-0.001605521159113165
muon_grpo,Muon + GRPO,0,v_proj,attn,model.layers.0.self_attn.v_proj.weight,7.7755061789352835,7.772508456281785,-0.0029977226534985135,-0.00016746760964243376
muon_grpo,Muon + GRPO,1,down_proj,mlp,model.layers.1.mlp.down_proj.weight,8.998430005007657,8.998608499691155,0.0001784946834977319,8.614668027082698e-06
muon_grpo,Muon + GRPO,1,gate_proj,mlp,model.layers.1.mlp.gate_proj.weight,33.91668364456576,33.91643622504289,-0.0002474195228714393,-3.168155429245813e-06
muon_grpo,Muon + GRPO,1,up_proj,mlp,model.layers.1.mlp.up_proj.weight,37.735381088331756,37.734153277904554,-0.001227810427202769,-1.4131034406999374e-05
muon_grpo,Muon + GRPO,1,k_proj,attn,model.layers.1.self_attn.k_proj.weight,30.087513316132128,30.083624700025627,-0.0038886161065008196,-5.613337474821676e-05
muon_grpo,Muon + GRPO,1,o_proj,attn,model.layers.1.self_attn.o_proj.weight,49034.98587834326,48935.54112309442,-99.44475524883455,-0.0008816595074716908
muon_grpo,Muon + GRPO,1,q_proj,attn,model.layers.1.self_attn.q_proj.weight,1074758.1049613138,376714.2356552781,-698043.8693060357,-0.45529869683239516
muon_grpo,Muon + GRPO,1,v_proj,attn,model.layers.1.self_attn.v_proj.weight,3.341969736117407,3.342093216388866,0.00012348027145892004,1.6046168597088735e-05
muon_grpo,Muon + GRPO,10,down_proj,mlp,model.layers.10.mlp.down_proj.weight,13.491719978091211,13.491112267085496,-0.0006077110057152169,-1.9562478395163958e-05
muon_grpo,Muon + GRPO,10,gate_proj,mlp,model.layers.10.mlp.gate_proj.weight,16.210019773701827,16.208915439957195,-0.0011043337446317025,-2.9588019994985507e-05
muon_grpo,Muon + GRPO,10,up_proj,mlp,model.layers.10.mlp.up_proj.weight,8.538043575643336,8.537924949490177,-0.0001186261531582744,-6.0340570025112065e-06
muon_grpo,Muon + GRPO,10,k_proj,attn,model.layers.10.self_attn.k_proj.weight,24.034098760920294,24.040457336397093,0.006358575476799189,0.00011488381724642277
muon_grpo,Muon + GRPO,10,o_proj,attn,model.layers.10.self_attn.o_proj.weight,15508.710116684786,15212.468319310154,-296.24179737463237,-0.008375991574327201
muon_grpo,Muon + GRPO,10,q_proj,attn,model.layers.10.self_attn.q_proj.weight,12813.850813777506,12358.55476442132,-455.2960493561859,-0.015711976973800192
muon_grpo,Muon + GRPO,10,v_proj,attn,model.layers.10.self_attn.v_proj.weight,3.2994636012714755,3.299412469462776,-5.113180869953382e-05,-6.730316535814139e-06
muon_grpo,Muon + GRPO,11,down_proj,mlp,model.layers.11.mlp.down_proj.weight,16.054627449194015,16.053929604640672,-0.0006978445533434297,-1.8877836103482506e-05
muon_grpo,Muon + GRPO,11,gate_proj,mlp,model.layers.11.mlp.gate_proj.weight,13.225697438590451,13.225230429131074,-0.00046700945937772076,-1.533554000373077e-05
muon_grpo,Muon + GRPO,11,up_proj,mlp,model.layers.11.mlp.up_proj.weight,6.605510357941471,6.605388643606977,-0.00012171433449381652,-8.002462789937005e-06
muon_grpo,Muon + GRPO,11,k_proj,attn,model.layers.11.self_attn.k_proj.weight,21.610944081803808,21.609957070435435,-0.000987011368373203,-1.983547679513228e-05
muon_grpo,Muon + GRPO,11,o_proj,attn,model.layers.11.self_attn.o_proj.weight,139258.46738802953,12962976.455396106,12823717.988008076,1.9688831209953508
muon_grpo,Muon + GRPO,11,q_proj,attn,model.layers.11.self_attn.q_proj.weight,28543.812668067454,31981.066552376356,3437.2538843089023,0.04938096070521661
muon_grpo,Muon + GRPO,11,v_proj,attn,model.layers.11.self_attn.v_proj.weight,2.8678401021237847,2.8678414870188704,1.3848950857209275e-06,2.097230413771082e-07
muon_grpo,Muon + GRPO,12,down_proj,mlp,model.layers.12.mlp.down_proj.weight,14.145448240851502,14.144980701638133,-0.00046753921336950555,-1.435465689621223e-05
muon_grpo,Muon + GRPO,12,gate_proj,mlp,model.layers.12.mlp.gate_proj.weight,18.888272791501652,18.888061787662135,-0.00021100383951733193,-4.851598450969591e-06
muon_grpo,Muon + GRPO,12,up_proj,mlp,model.layers.12.mlp.up_proj.weight,8.061255117094625,8.060656770882492,-0.0005983462121328387,-3.223668013099647e-05
muon_grpo,Muon + GRPO,12,k_proj,attn,model.layers.12.self_attn.k_proj.weight,20.867707840632306,20.86657204863776,-0.0011357919945460537,-2.3638514777361207e-05
muon_grpo,Muon + GRPO,12,o_proj,attn,model.layers.12.self_attn.o_proj.weight,102000.14319866779,70594.71833841837,-31405.42486024942,-0.15982857166990166
muon_grpo,Muon + GRPO,12,q_proj,attn,model.layers.12.self_attn.q_proj.weight,14798.684955393119,14210.427202678491,-588.2577527146277,-0.01761599056603397
muon_grpo,Muon + GRPO,12,v_proj,attn,model.layers.12.self_attn.v_proj.weight,2.550671517667282,2.550737901935132,6.638426785032792e-05,1.1302884690386028e-05
muon_grpo,Muon + GRPO,13,down_proj,mlp,model.layers.13.mlp.down_proj.weight,30.005646690345184,30.004379610668316,-0.0012670796768681214,-1.8339792391258604e-05
muon_grpo,Muon + GRPO,13,gate_proj,mlp,model.layers.13.mlp.gate_proj.weight,12.316046719506732,12.31729444306087,0.0012477235541386023,4.399561158924745e-05
muon_grpo,Muon + GRPO,13,up_proj,mlp,model.layers.13.mlp.up_proj.weight,6.311217662216599,6.3107059945796316,-0.0005116676369674167,-3.521086602444226e-05
muon_grpo,Muon + GRPO,13,k_proj,attn,model.layers.13.self_attn.k_proj.weight,41.906820743475016,41.92418451567688,0.01736377220186114,0.00017990934348982248
muon_grpo,Muon + GRPO,13,o_proj,attn,model.layers.13.self_attn.o_proj.weight,9641.296136551193,9598.94649838812,-42.349638163072086,-0.0019118515515887567
muon_grpo,Muon + GRPO,13,q_proj,attn,model.layers.13.self_attn.q_proj.weight,57124.68510683214,49914.19051253261,-7210.494594299533,-0.05859978678685042
muon_grpo,Muon + GRPO,13,v_proj,attn,model.layers.13.self_attn.v_proj.weight,3.7001013163270056,3.700136661300529,3.5344973523532275e-05,4.148549549525407e-06
muon_grpo,Muon + GRPO,14,down_proj,mlp,model.layers.14.mlp.down_proj.weight,12.14858893422566,12.148211769218582,-0.0003771650070785171,-1.3483312750003298e-05
muon_grpo,Muon + GRPO,14,gate_proj,mlp,model.layers.14.mlp.gate_proj.weight,13.416229041756727,13.418253050562273,0.0020240088055452077,6.551390514749124e-05
muon_grpo,Muon + GRPO,14,up_proj,mlp,model.layers.14.mlp.up_proj.weight,6.92702720942221,6.92640390786751,-0.0006233015547003617,-3.90800551370691e-05
muon_grpo,Muon + GRPO,14,k_proj,attn,model.layers.14.self_attn.k_proj.weight,23.136335100841148,23.13802191674798,0.0016868159068330613,3.166223748375345e-05
muon_grpo,Muon + GRPO,14,o_proj,attn,model.layers.14.self_attn.o_proj.weight,6453.263467239998,6551.043001633469,97.7795343934713,0.006531053789237768
muon_grpo,Muon + GRPO,14,q_proj,attn,model.layers.14.self_attn.q_proj.weight,12016.462412922161,12433.439482413272,416.97706949111125,0.014814652508528392
muon_grpo,Muon + GRPO,14,v_proj,attn,model.layers.14.self_attn.v_proj.weight,6.809948120874071,6.809371968606412,-0.0005761522676595021,-3.674482266162611e-05
muon_grpo,Muon + GRPO,15,down_proj,mlp,model.layers.15.mlp.down_proj.weight,12.83113835849419,12.83092144747905,-0.0002169110151406528,-7.34183129911338e-06
muon_grpo,Muon + GRPO,15,gate_proj,mlp,model.layers.15.mlp.gate_proj.weight,16.831657108500657,16.83144275755468,-0.00021435094597777038,-5.530770095464142e-06
muon_grpo,Muon + GRPO,15,up_proj,mlp,model.layers.15.mlp.up_proj.weight,9.399973299687645,9.400499614727755,0.0005263150401102479,2.4315954046752105e-05
muon_grpo,Muon + GRPO,15,k_proj,attn,model.layers.15.self_attn.k_proj.weight,25.442585553328566,25.438966096348445,-0.0036194569801217824,-6.178703854896947e-05
muon_grpo,Muon + GRPO,15,o_proj,attn,model.layers.15.self_attn.o_proj.weight,29248.74824238646,37755.547406448044,8506.799164061584,0.11087348702538265
muon_grpo,Muon + GRPO,15,q_proj,attn,model.layers.15.self_attn.q_proj.weight,23869.157071525828,24695.144531289203,825.9874597633752,0.014774489900868633
muon_grpo,Muon + GRPO,15,v_proj,attn,model.layers.15.self_attn.v_proj.weight,3.3575600712900404,3.357478381074498,-8.169021554227385e-05,-1.0566614052620675e-05
muon_grpo,Muon + GRPO,16,down_proj,mlp,model.layers.16.mlp.down_proj.weight,9.686499227673869,9.686543454211451,4.422653758240358e-05,1.9828936054366557e-06
muon_grpo,Muon + GRPO,16,gate_proj,mlp,model.layers.16.mlp.gate_proj.weight,12.919883539201004,12.919082947384148,-0.0008005918168567661,-2.691226900344163e-05
muon_grpo,Muon + GRPO,16,up_proj,mlp,model.layers.16.mlp.up_proj.weight,6.159145316251316,6.159157650673815,1.2334422498483377e-05,8.697255851990912e-07
muon_grpo,Muon + GRPO,16,k_proj,attn,model.layers.16.self_attn.k_proj.weight,20.671141321487564,20.66865559179098,-0.002485729696584116,-5.2227575974542095e-05
muon_grpo,Muon + GRPO,16,o_proj,attn,model.layers.16.self_attn.o_proj.weight,41529.00729033527,40813.97315009756,-715.0341402377089,-0.007542675416436599
muon_grpo,Muon + GRPO,16,q_proj,attn,model.layers.16.self_attn.q_proj.weight,103943.38985456145,101300.59645522077,-2642.793399340677,-0.011184873667583431
muon_grpo,Muon + GRPO,16,v_proj,attn,model.layers.16.self_attn.v_proj.weight,2.78870242790059,2.788687774851485,-1.4653049104751403e-05,-2.2819771032274647e-06
muon_grpo,Muon + GRPO,17,down_proj,mlp,model.layers.17.mlp.down_proj.weight,6.7996349709306605,6.7991415791497145,-0.0004933917809459842,-3.151420676500158e-05
muon_grpo,Muon + GRPO,17,gate_proj,mlp,model.layers.17.mlp.gate_proj.weight,17.968770886906377,17.96819244518233,-0.0005784417240484174,-1.3980816718266093e-05
muon_grpo,Muon + GRPO,17,up_proj,mlp,model.layers.17.mlp.up_proj.weight,12.572357420855843,12.572238482956797,-0.00011893789904604546,-4.108562606691594e-06
muon_grpo,Muon + GRPO,17,k_proj,attn,model.layers.17.self_attn.k_proj.weight,15.488632202364206,15.489120613862784,0.0004884114985781451,1.369462917509707e-05
muon_grpo,Muon + GRPO,17,o_proj,attn,model.layers.17.self_attn.o_proj.weight,57591.66094582242,67671.4229573308,10079.762011508377,0.07004570490325983
muon_grpo,Muon + GRPO,17,q_proj,attn,model.layers.17.self_attn.q_proj.weight,13024.993728263826,13221.002800783059,196.0090725192331,0.0064868743799451865
muon_grpo,Muon + GRPO,17,v_proj,attn,model.layers.17.self_attn.v_proj.weight,4.045377579425002,4.045287944901124,-8.96345238787788e-05,-9.622886768249307e-06
muon_grpo,Muon + GRPO,18,down_proj,mlp,model.layers.18.mlp.down_proj.weight,6.643981466821017,6.644195442474812,0.0002139756537955506,1.3986635841355004e-05
muon_grpo,Muon + GRPO,18,gate_proj,mlp,model.layers.18.mlp.gate_proj.weight,18.455846043796296,18.455923245337964,7.720154166790394e-05,1.816667376652781e-06
muon_grpo,Muon + GRPO,18,up_proj,mlp,model.layers.18.mlp.up_proj.weight,10.672724442726581,10.672589794972046,-0.00013464775453542188,-5.479120723635238e-06
muon_grpo,Muon + GRPO,18,k_proj,attn,model.layers.18.self_attn.k_proj.weight,22.852605445749074,22.84768150987406,-0.00492393587501283,-9.358532869234143e-05
muon_grpo,Muon + GRPO,18,o_proj,attn,model.layers.18.self_attn.o_proj.weight,21937.349567301397,20872.6034395116,-1064.7461277897964,-0.021607533710495324
muon_grpo,Muon + GRPO,18,q_proj,attn,model.layers.18.self_attn.q_proj.weight,33741.713223670544,31520.359287240954,-2221.3539364295902,-0.029575970778343525
muon_grpo,Muon + GRPO,18,v_proj,attn,model.layers.18.self_attn.v_proj.weight,2.1434580875579408,2.1435960514541,0.00013796389615938764,2.7952508590568202e-05
muon_grpo,Muon + GRPO,19,down_proj,mlp,model.layers.19.mlp.down_proj.weight,7.114441587440737,7.114698558621563,0.0002569711808257935,1.5686283880419845e-05
muon_grpo,Muon + GRPO,19,gate_proj,mlp,model.layers.19.mlp.gate_proj.weight,18.805480505433707,18.805869620815905,0.00038911538219821296,8.986152464702294e-06
muon_grpo,Muon + GRPO,19,up_proj,mlp,model.layers.19.mlp.up_proj.weight,10.390484231630769,10.38993067492939,-0.0005535567013783549,-2.3137807591151155e-05
muon_grpo,Muon + GRPO,19,k_proj,attn,model.layers.19.self_attn.k_proj.weight,22.401692950673606,22.405780272562353,0.004087321888746942,7.923237885449667e-05
muon_grpo,Muon + GRPO,19,o_proj,attn,model.layers.19.self_attn.o_proj.weight,24022.826455842358,25391.388998124003,1368.5625422816447,0.02406235505860362
muon_grpo,Muon + GRPO,19,q_proj,attn,model.layers.19.self_attn.q_proj.weight,25682.89091427411,28737.801843396344,3054.910929122234,0.04880963870323755
muon_grpo,Muon + GRPO,19,v_proj,attn,model.layers.19.self_attn.v_proj.weight,3.008918396896258,3.009045618507173,0.00012722161091494044,1.836223794820967e-05
muon_grpo,Muon + GRPO,2,down_proj,mlp,model.layers.2.mlp.down_proj.weight,13.20255066881167,13.203979466275493,0.0014287974638236278,4.6997379188142797e-05
muon_grpo,Muon + GRPO,2,gate_proj,mlp,model.layers.2.mlp.gate_proj.weight,17.38657445257771,17.386285856503704,-0.0002885960740073301,-7.208822129029636e-06
muon_grpo,Muon + GRPO,2,up_proj,mlp,model.layers.2.mlp.up_proj.weight,8.916099391549464,8.915711852576,-0.0003875389734631085,-1.8877054654719043e-05
muon_grpo,Muon + GRPO,2,k_proj,attn,model.layers.2.self_attn.k_proj.weight,17.246031056628958,17.248189793001877,0.002158736372919634,5.435851413801927e-05
muon_grpo,Muon + GRPO,2,o_proj,attn,model.layers.2.self_attn.o_proj.weight,31093.030750193404,35110.12021301394,4017.0894628205388,0.05276926008148294
muon_grpo,Muon + GRPO,2,q_proj,attn,model.layers.2.self_attn.q_proj.weight,24610.069351651575,25227.542544421703,617.4731927701287,0.010762109697744906
muon_grpo,Muon + GRPO,2,v_proj,attn,model.layers.2.self_attn.v_proj.weight,3.1911166787384015,3.1911881838076663,7.150506926478783e-05,9.731361218256509e-06
muon_grpo,Muon + GRPO,20,down_proj,mlp,model.layers.20.mlp.down_proj.weight,7.516513788547348,7.516608589860055,9.480131270667158e-05,5.4774631577145195e-06
muon_grpo,Muon + GRPO,20,gate_proj,mlp,model.layers.20.mlp.gate_proj.weight,19.204884886797178,19.204972276600923,8.738980374545235e-05,1.9762067523276156e-06
muon_grpo,Muon + GRPO,20,up_proj,mlp,model.layers.20.mlp.up_proj.weight,11.187456334212877,11.187380617724438,-7.571648843907042e-05,-2.9393066138396207e-06
muon_grpo,Muon + GRPO,20,k_proj,attn,model.layers.20.self_attn.k_proj.weight,22.072850031907265,22.078689219852535,0.005839187945269941,0.00011487378067391396
muon_grpo,Muon + GRPO,20,o_proj,attn,model.layers.20.self_attn.o_proj.weight,123534.76145527787,91446.02405154468,-32088.73740373319,-0.13062435325681332
muon_grpo,Muon + GRPO,20,q_proj,attn,model.layers.20.self_attn.q_proj.weight,9243.896257866112,9032.176669294071,-211.71958857204118,-0.010062639050626659
muon_grpo,Muon + GRPO,20,v_proj,attn,model.layers.20.self_attn.v_proj.weight,6.942409244310096,6.9419821283732315,-0.00042711593686473037,-2.6719802055832648e-05
muon_grpo,Muon + GRPO,21,down_proj,mlp,model.layers.21.mlp.down_proj.weight,9.390981919055381,9.38976877475256,-0.0012131443028202682,-5.6106583361847484e-05
muon_grpo,Muon + GRPO,21,gate_proj,mlp,model.layers.21.mlp.gate_proj.weight,17.629945642520745,17.630023275712247,7.763319150200232e-05,1.912404787437156e-06
muon_grpo,Muon + GRPO,21,up_proj,mlp,model.layers.21.mlp.up_proj.weight,8.16699577216017,8.166574912316905,-0.00042085984326512005,-2.2380545094022937e-05
muon_grpo,Muon + GRPO,21,k_proj,attn,model.layers.21.self_attn.k_proj.weight,29.992183020775197,29.991849898121487,-0.0003331226537106602,-4.82372802446146e-06
muon_grpo,Muon + GRPO,21,o_proj,attn,model.layers.21.self_attn.o_proj.weight,298850.6543733745,654114.6959195024,355264.04154612793,0.3401996953692129
muon_grpo,Muon + GRPO,21,q_proj,attn,model.layers.21.self_attn.q_proj.weight,14032.644030663625,15124.194069445472,1091.5500387818465,0.032532732971138886
muon_grpo,Muon + GRPO,21,v_proj,attn,model.layers.21.self_attn.v_proj.weight,4.366601968716395,4.366799607460889,0.0001976387444937444,1.9656353921154698e-05
muon_grpo,Muon + GRPO,22,down_proj,mlp,model.layers.22.mlp.down_proj.weight,9.904782336268656,9.904349280233934,-0.00043305603472276744,-1.89886008035049e-05
muon_grpo,Muon + GRPO,22,gate_proj,mlp,model.layers.22.mlp.gate_proj.weight,22.904187063530273,22.90380797489844,-0.0003790886318313369,-7.188094603230903e-06
muon_grpo,Muon + GRPO,22,up_proj,mlp,model.layers.22.mlp.up_proj.weight,12.79968858450657,12.799968858213477,0.00028027370690608677,9.50960571320649e-06
muon_grpo,Muon + GRPO,22,k_proj,attn,model.layers.22.self_attn.k_proj.weight,20.39377999771742,20.392382613379326,-0.0013973843380945539,-2.9758931388417816e-05
muon_grpo,Muon + GRPO,22,o_proj,attn,model.layers.22.self_attn.o_proj.weight,35374.77308841131,34981.48717465432,-393.28591375699034,-0.004855393978516287
muon_grpo,Muon + GRPO,22,q_proj,attn,model.layers.22.self_attn.q_proj.weight,47977.340735145204,48104.33270094286,126.99196579765703,0.0011480220969275795
muon_grpo,Muon + GRPO,22,v_proj,attn,model.layers.22.self_attn.v_proj.weight,5.233505964972921,5.233450549970992,-5.5415001929404184e-05,-4.598553460802855e-06
muon_grpo,Muon + GRPO,23,down_proj,mlp,model.layers.23.mlp.down_proj.weight,11.80645745879601,11.806049728624783,-0.00040773017122575084,-1.4998404200008177e-05
muon_grpo,Muon + GRPO,23,gate_proj,mlp,model.layers.23.mlp.gate_proj.weight,19.84423847022627,19.843951489717494,-0.00028698050877551395,-6.280661904844913e-06
muon_grpo,Muon + GRPO,23,up_proj,mlp,model.layers.23.mlp.up_proj.weight,10.79189058648552,10.793094656459786,0.00120406997426592,4.845228665253935e-05
muon_grpo,Muon + GRPO,23,k_proj,attn,model.layers.23.self_attn.k_proj.weight,16.001526800630636,16.00858059068999,0.007053790059355691,0.00019140342838698648
muon_grpo,Muon + GRPO,23,o_proj,attn,model.layers.23.self_attn.o_proj.weight,13053.866526333686,13567.219730434263,513.3532041005765,0.016751690962618984
muon_grpo,Muon + GRPO,23,q_proj,attn,model.layers.23.self_attn.q_proj.weight,764874.9518123881,554973.722578278,-209901.2292341101,-0.13931801862106347
muon_grpo,Muon + GRPO,23,v_proj,attn,model.layers.23.self_attn.v_proj.weight,4.042193780833294,4.0424190775324815,0.00022529669918736062,2.420526869686785e-05
muon_grpo,Muon + GRPO,24,down_proj,mlp,model.layers.24.mlp.down_proj.weight,10.013056479364716,10.01221590326963,-0.000840576095086476,-3.645968483774844e-05
muon_grpo,Muon + GRPO,24,gate_proj,mlp,model.layers.24.mlp.gate_proj.weight,21.0475855955308,21.049018806561318,0.0014332110305161905,2.9571774305168128e-05
muon_grpo,Muon + GRPO,24,up_proj,mlp,model.layers.24.mlp.up_proj.weight,13.895235392599337,13.895276502017396,4.110941805812729e-05,1.284869705470776e-06
muon_grpo,Muon + GRPO,24,k_proj,attn,model.layers.24.self_attn.k_proj.weight,31.211181081905732,31.215565325780315,0.004384243874582694,6.100119050723558e-05
muon_grpo,Muon + GRPO,24,o_proj,attn,model.layers.24.self_attn.o_proj.weight,13596.107700858232,14643.935737954038,1047.8280370958055,0.03224321823159709
muon_grpo,Muon + GRPO,24,q_proj,attn,model.layers.24.self_attn.q_proj.weight,119825.2524376554,114301.95978844467,-5523.292649210736,-0.02049467585240352
muon_grpo,Muon + GRPO,24,v_proj,attn,model.layers.24.self_attn.v_proj.weight,3.6003445004354857,3.6003423268279025,-2.173607583255688e-06,-2.6219326068786245e-07
muon_grpo,Muon + GRPO,25,down_proj,mlp,model.layers.25.mlp.down_proj.weight,9.428473935149443,9.427714223423834,-0.000759711725608625,-3.4995260725308794e-05
muon_grpo,Muon + GRPO,25,gate_proj,mlp,model.layers.25.mlp.gate_proj.weight,21.338091581274373,21.339517747793998,0.0014261665196251272,2.9025817505565695e-05
muon_grpo,Muon + GRPO,25,up_proj,mlp,model.layers.25.mlp.up_proj.weight,18.112209505291784,18.11304690901939,0.0008374037276048796,2.007879883192927e-05
muon_grpo,Muon + GRPO,25,k_proj,attn,model.layers.25.self_attn.k_proj.weight,22.462953951457504,22.46073853866621,-0.0022154127912941135,-4.2834482111574536e-05
muon_grpo,Muon + GRPO,25,o_proj,attn,model.layers.25.self_attn.o_proj.weight,16296.613319126418,16123.096607714222,-173.51671141219595,-0.004648904634223175
muon_grpo,Muon + GRPO,25,q_proj,attn,model.layers.25.self_attn.q_proj.weight,24555.210708810777,24867.693161233878,312.48245242310077,0.005491834859931759
muon_grpo,Muon + GRPO,25,v_proj,attn,model.layers.25.self_attn.v_proj.weight,4.337190824833435,4.337220157096342,2.933226290657842e-05,2.937107764085775e-06
muon_grpo,Muon + GRPO,26,down_proj,mlp,model.layers.26.mlp.down_proj.weight,8.741682232718533,8.741579810642914,-0.00010242207561894645,-5.088448844001523e-06
muon_grpo,Muon + GRPO,26,gate_proj,mlp,model.layers.26.mlp.gate_proj.weight,20.0336868429297,20.03436697077586,0.0006801278461594507,1.4743704397405926e-05
muon_grpo,Muon + GRPO,26,up_proj,mlp,model.layers.26.mlp.up_proj.weight,18.54966977174175,18.549514132785628,-0.00015563895612302758,-3.6439151862824052e-06
muon_grpo,Muon + GRPO,26,k_proj,attn,model.layers.26.self_attn.k_proj.weight,18.924022446774764,18.919340363670987,-0.004682083103777046,-0.00010746417417202969
muon_grpo,Muon + GRPO,26,o_proj,attn,model.layers.26.self_attn.o_proj.weight,32723.99759321507,32539.476960278,-184.52063293707033,-0.002455784242578354
muon_grpo,Muon + GRPO,26,q_proj,attn,model.layers.26.self_attn.q_proj.weight,48120.87790718429,36736.82852412046,-11384.04938306383,-0.11723188080018343
muon_grpo,Muon + GRPO,26,v_proj,attn,model.layers.26.self_attn.v_proj.weight,4.835564685889436,4.8373449139024585,0.0017802280130227999,0.00015985742518078032
muon_grpo,Muon + GRPO,27,down_proj,mlp,model.layers.27.mlp.down_proj.weight,11.983131396493501,11.985173740385434,0.0020423438919330295,7.401263289138254e-05
muon_grpo,Muon + GRPO,27,gate_proj,mlp,model.layers.27.mlp.gate_proj.weight,34.01131673372879,34.0111047052567,-0.0002120284720916743,-2.7074248016473244e-06
muon_grpo,Muon + GRPO,27,up_proj,mlp,model.layers.27.mlp.up_proj.weight,27.05991417573715,27.05828999130704,-0.0016241844301099206,-2.6067913621988467e-05
muon_grpo,Muon + GRPO,27,k_proj,attn,model.layers.27.self_attn.k_proj.weight,16.960271595775623,16.959678203390858,-0.000593392384764968,-1.519501295603556e-05
muon_grpo,Muon + GRPO,27,o_proj,attn,model.layers.27.self_attn.o_proj.weight,99634.79632267175,98913.28045198446,-721.5158706872899,-0.00315643188974728
muon_grpo,Muon + GRPO,27,q_proj,attn,model.layers.27.self_attn.q_proj.weight,91711.44628086085,87061.88667864929,-4649.559602211564,-0.022595467960737192
muon_grpo,Muon + GRPO,27,v_proj,attn,model.layers.27.self_attn.v_proj.weight,7.853791579470053,7.854743012656425,0.0009514331863726966,5.260862250685238e-05
muon_grpo,Muon + GRPO,3,down_proj,mlp,model.layers.3.mlp.down_proj.weight,10.758270959803003,10.758837504988353,0.0005665451853502645,2.286993609814672e-05
muon_grpo,Muon + GRPO,3,gate_proj,mlp,model.layers.3.mlp.gate_proj.weight,13.999766940935217,14.000890712793153,0.0011237718579355516,3.485974673292206e-05
muon_grpo,Muon + GRPO,3,up_proj,mlp,model.layers.3.mlp.up_proj.weight,7.592358408260811,7.592692633105531,0.0003342248447202323,1.9117750135345364e-05
muon_grpo,Muon + GRPO,3,k_proj,attn,model.layers.3.self_attn.k_proj.weight,15.502942945207748,15.499133395881529,-0.0038095493262186864,-0.00010673260984455523
muon_grpo,Muon + GRPO,3,o_proj,attn,model.layers.3.self_attn.o_proj.weight,16528.241725287102,16954.37403186229,426.13230657518943,0.011055104161562714
muon_grpo,Muon + GRPO,3,q_proj,attn,model.layers.3.self_attn.q_proj.weight,75355.26316454641,78235.6894393658,2880.426274819387,0.016291323195625252
muon_grpo,Muon + GRPO,3,v_proj,attn,model.layers.3.self_attn.v_proj.weight,3.891617107326821,3.89188785706018,0.0002707497333589437,3.021392438500376e-05
muon_grpo,Muon + GRPO,4,down_proj,mlp,model.layers.4.mlp.down_proj.weight,11.15720155550664,11.158096489806805,0.0008949343001649623,3.483395360853381e-05
muon_grpo,Muon + GRPO,4,gate_proj,mlp,model.layers.4.mlp.gate_proj.weight,17.495981170242754,17.495734346916763,-0.0002468233259911301,-6.1268221292291915e-06
muon_grpo,Muon + GRPO,4,up_proj,mlp,model.layers.4.mlp.up_proj.weight,8.782003015120793,8.781523898128427,-0.0004791169923663574,-2.3694314593003686e-05
muon_grpo,Muon + GRPO,4,k_proj,attn,model.layers.4.self_attn.k_proj.weight,23.93670634239095,23.939250499159996,0.002544156769047845,4.6157333234752284e-05
muon_grpo,Muon + GRPO,4,o_proj,attn,model.layers.4.self_attn.o_proj.weight,8582.208719375358,8562.310135139101,-19.898584236256283,-0.0010081180213048497
muon_grpo,Muon + GRPO,4,q_proj,attn,model.layers.4.self_attn.q_proj.weight,19385.367499083055,18788.763770841306,-596.6037282417492,-0.013575832464567436
muon_grpo,Muon + GRPO,4,v_proj,attn,model.layers.4.self_attn.v_proj.weight,3.7875720759658726,3.7876403934865572,6.831752068459096e-05,7.833423120743591e-06
muon_grpo,Muon + GRPO,5,down_proj,mlp,model.layers.5.mlp.down_proj.weight,12.388049471794826,12.388449022493589,0.00039955069876285165,1.4007036851368531e-05
muon_grpo,Muon + GRPO,5,gate_proj,mlp,model.layers.5.mlp.gate_proj.weight,20.634483011844836,20.635920759318584,0.001437747473747919,3.0259252995605154e-05
muon_grpo,Muon + GRPO,5,up_proj,mlp,model.layers.5.mlp.up_proj.weight,8.094579137228608,8.094968908371332,0.00038977114272320534,2.091169636675715e-05
muon_grpo,Muon + GRPO,5,k_proj,attn,model.layers.5.self_attn.k_proj.weight,22.35050954040556,22.34861797112462,-0.0018915692809393647,-3.675678462083969e-05
muon_grpo,Muon + GRPO,5,o_proj,attn,model.layers.5.self_attn.o_proj.weight,14934.50156341116,14797.188815395837,-137.31274801532345,-0.004011517138410499
muon_grpo,Muon + GRPO,5,q_proj,attn,model.layers.5.self_attn.q_proj.weight,14969.234018258956,15095.904256254269,126.67023799531307,0.0036595548233278458
muon_grpo,Muon + GRPO,5,v_proj,attn,model.layers.5.self_attn.v_proj.weight,3.3558693468749854,3.355820945889198,-4.840098578728913e-05,-6.263781589904866e-06
muon_grpo,Muon + GRPO,6,down_proj,mlp,model.layers.6.mlp.down_proj.weight,9.162314837809912,9.162473774857459,0.00015893704754610383,7.533563871355632e-06
muon_grpo,Muon + GRPO,6,gate_proj,mlp,model.layers.6.mlp.gate_proj.weight,19.228406692239826,19.226689103053328,-0.001717589186498003,-3.87953529144354e-05
muon_grpo,Muon + GRPO,6,up_proj,mlp,model.layers.6.mlp.up_proj.weight,7.421489572866498,7.4207593215127625,-0.0007302513537350563,-4.273532075122558e-05
muon_grpo,Muon + GRPO,6,k_proj,attn,model.layers.6.self_attn.k_proj.weight,22.193674123897594,22.196753143551113,0.0030790196535193104,6.0247279859868265e-05
muon_grpo,Muon + GRPO,6,o_proj,attn,model.layers.6.self_attn.o_proj.weight,70513.61868597266,66532.07050066305,-3981.5481853096135,-0.025241963744186365
muon_grpo,Muon + GRPO,6,q_proj,attn,model.layers.6.self_attn.q_proj.weight,18604.75910456698,17413.35753249725,-1191.401572069728,-0.028741534043029114
muon_grpo,Muon + GRPO,6,v_proj,attn,model.layers.6.self_attn.v_proj.weight,3.2802787964379356,3.280443150464337,0.00016435402640135877,2.175920495865685e-05
muon_grpo,Muon + GRPO,7,down_proj,mlp,model.layers.7.mlp.down_proj.weight,7.967968298583799,7.968099871127535,0.00013157254373563632,7.171308393953397e-06
muon_grpo,Muon + GRPO,7,gate_proj,mlp,model.layers.7.mlp.gate_proj.weight,16.82272426896548,16.823130899099795,0.00040663013431441186,1.0497413285238881e-05
muon_grpo,Muon + GRPO,7,up_proj,mlp,model.layers.7.mlp.up_proj.weight,8.451906164480205,8.451777070452362,-0.00012909402784266888,-6.6334446949386036e-06
muon_grpo,Muon + GRPO,7,k_proj,attn,model.layers.7.self_attn.k_proj.weight,30.442592542837964,30.44506869180325,0.002476148965286029,3.5323341733956285e-05
muon_grpo,Muon + GRPO,7,o_proj,attn,model.layers.7.self_attn.o_proj.weight,9457.463639954845,9763.87044086376,306.4068009089151,0.013847327740933611
muon_grpo,Muon + GRPO,7,q_proj,attn,model.layers.7.self_attn.q_proj.weight,9030.470682093728,9188.728960343356,158.25827824962835,0.0075450543408481854
muon_grpo,Muon + GRPO,7,v_proj,attn,model.layers.7.self_attn.v_proj.weight,4.6148320901395445,4.6149895329923,0.0001574428527550964,1.481644282314142e-05
muon_grpo,Muon + GRPO,8,down_proj,mlp,model.layers.8.mlp.down_proj.weight,8.059006885143106,8.05918740417939,0.00018051903628446553,9.727940975600614e-06
muon_grpo,Muon + GRPO,8,gate_proj,mlp,model.layers.8.mlp.gate_proj.weight,15.70276662952571,15.70372834128599,0.0009617117602793712,2.659743541516658e-05
muon_grpo,Muon + GRPO,8,up_proj,mlp,model.layers.8.mlp.up_proj.weight,11.03707620181019,11.03671366213205,-0.0003625396781412604,-1.4265695439911954e-05
muon_grpo,Muon + GRPO,8,k_proj,attn,model.layers.8.self_attn.k_proj.weight,26.24428190856445,26.240694244119567,-0.0035876644448826767,-5.9373290719523855e-05
muon_grpo,Muon + GRPO,8,o_proj,attn,model.layers.8.self_attn.o_proj.weight,8728.55329977634,8872.38561746135,143.8323176850099,0.007098140923825902
muon_grpo,Muon + GRPO,8,q_proj,attn,model.layers.8.self_attn.q_proj.weight,20459.276858621644,21328.61729961978,869.340440998134,0.018072422406501715
muon_grpo,Muon + GRPO,8,v_proj,attn,model.layers.8.self_attn.v_proj.weight,2.614956506444022,2.6149121913128854,-4.431513113667407e-05,-7.359961800264158e-06
muon_grpo,Muon + GRPO,9,down_proj,mlp,model.layers.9.mlp.down_proj.weight,11.96143651469935,11.96128042662262,-0.00015608807673039848,-5.667265184145684e-06
muon_grpo,Muon + GRPO,9,gate_proj,mlp,model.layers.9.mlp.gate_proj.weight,17.04541620966512,17.04603488091511,0.0006186712499882674,1.576263264936019e-05
muon_grpo,Muon + GRPO,9,up_proj,mlp,model.layers.9.mlp.up_proj.weight,8.607523542303687,8.607380171382768,-0.00014337092091842862,-7.23387140085991e-06
muon_grpo,Muon + GRPO,9,k_proj,attn,model.layers.9.self_attn.k_proj.weight,29.979145885547403,29.97637037515767,-0.0027755103897320055,-4.0209439356526225e-05
muon_grpo,Muon + GRPO,9,o_proj,attn,model.layers.9.self_attn.o_proj.weight,26480.436490575365,29856.858289888576,3376.4217993132115,0.05211896730876192
muon_grpo,Muon + GRPO,9,q_proj,attn,model.layers.9.self_attn.q_proj.weight,35295.52653603585,31664.20423764446,-3631.3222983913947,-0.04715108693361996
muon_grpo,Muon + GRPO,9,v_proj,attn,model.layers.9.self_attn.v_proj.weight,3.911800039733773,3.911467551796539,-0.00033248793723394954,-3.6914927129281346e-05
