experiment,experiment_label,layer,component,type,param_name,condition_number,log_condition_number
baseline,Baseline,-1,embed,embed,model.embed_tokens.weight,69.18641058154057,1.840020799817734
baseline,Baseline,0,down_proj,mlp,model.layers.0.mlp.down_proj.weight,10.546793843948734,1.0231204570268504
baseline,Baseline,0,gate_proj,mlp,model.layers.0.mlp.gate_proj.weight,50.790417231602824,1.7057817804725928
baseline,Baseline,0,up_proj,mlp,model.layers.0.mlp.up_proj.weight,30.557746350661454,1.4851213216457155
baseline,Baseline,0,k_proj,attn,model.layers.0.self_attn.k_proj.weight,18.73935745084044,1.2727546953917528
baseline,Baseline,0,o_proj,attn,model.layers.0.self_attn.o_proj.weight,38555.79005042446,4.5860896067223305
baseline,Baseline,0,q_proj,attn,model.layers.0.self_attn.q_proj.weight,184976.8751259078,5.267117438495178
baseline,Baseline,0,v_proj,attn,model.layers.0.self_attn.v_proj.weight,7.7755061789352835,0.8907286708259358
baseline,Baseline,1,down_proj,mlp,model.layers.1.mlp.down_proj.weight,8.998430005007657,0.9541667428126436
baseline,Baseline,1,gate_proj,mlp,model.layers.1.mlp.gate_proj.weight,33.91668364456576,1.5304133805753164
baseline,Baseline,1,up_proj,mlp,model.layers.1.mlp.up_proj.weight,37.735381088331756,1.5767487402747837
baseline,Baseline,1,k_proj,attn,model.layers.1.self_attn.k_proj.weight,30.087513316132128,1.4783862954931877
baseline,Baseline,1,o_proj,attn,model.layers.1.self_attn.o_proj.weight,49034.98587834326,4.69050605456297
baseline,Baseline,1,q_proj,attn,model.layers.1.self_attn.q_proj.weight,1074758.1049613138,6.031310728901119
baseline,Baseline,1,v_proj,attn,model.layers.1.self_attn.v_proj.weight,3.341969736117407,0.5240025127336974
baseline,Baseline,10,down_proj,mlp,model.layers.10.mlp.down_proj.weight,13.491719978091211,1.1300673187881523
baseline,Baseline,10,gate_proj,mlp,model.layers.10.mlp.gate_proj.weight,16.210019773701827,1.2097835446205294
baseline,Baseline,10,up_proj,mlp,model.layers.10.mlp.up_proj.weight,8.538043575643336,0.9313583669838746
baseline,Baseline,10,k_proj,attn,model.layers.10.self_attn.k_proj.weight,24.034098760920294,1.380827841442923
baseline,Baseline,10,o_proj,attn,model.layers.10.self_attn.o_proj.weight,15508.710116684786,4.190575678374446
baseline,Baseline,10,q_proj,attn,model.layers.10.self_attn.q_proj.weight,12813.850813777506,4.107679663379084
baseline,Baseline,10,v_proj,attn,model.layers.10.self_attn.v_proj.weight,3.2994636012714755,0.5184433417134044
baseline,Baseline,11,down_proj,mlp,model.layers.11.mlp.down_proj.weight,16.054627449194015,1.2056002321300818
baseline,Baseline,11,gate_proj,mlp,model.layers.11.mlp.gate_proj.weight,13.225697438590451,1.1214185832210095
baseline,Baseline,11,up_proj,mlp,model.layers.11.mlp.up_proj.weight,6.605510357941471,0.8199063779043859
baseline,Baseline,11,k_proj,attn,model.layers.11.self_attn.k_proj.weight,21.610944081803808,1.334673739607074
baseline,Baseline,11,o_proj,attn,model.layers.11.self_attn.o_proj.weight,139258.46738802953,5.143821611228874
baseline,Baseline,11,q_proj,attn,model.layers.11.self_attn.q_proj.weight,28543.812668067454,4.455511982447586
baseline,Baseline,11,v_proj,attn,model.layers.11.self_attn.v_proj.weight,2.8678401021237847,0.45755493336215697
baseline,Baseline,12,down_proj,mlp,model.layers.12.mlp.down_proj.weight,14.145448240851502,1.1506167139311512
baseline,Baseline,12,gate_proj,mlp,model.layers.12.mlp.gate_proj.weight,18.888272791501652,1.276192246359339
baseline,Baseline,12,up_proj,mlp,model.layers.12.mlp.up_proj.weight,8.061255117094625,0.9064026656253801
baseline,Baseline,12,k_proj,attn,model.layers.12.self_attn.k_proj.weight,20.867707840632306,1.3194747477316944
baseline,Baseline,12,o_proj,attn,model.layers.12.self_attn.o_proj.weight,102000.14319866779,5.008600781471207
baseline,Baseline,12,q_proj,attn,model.layers.12.self_attn.q_proj.weight,14798.684955393119,4.170223124719901
baseline,Baseline,12,v_proj,attn,model.layers.12.self_attn.v_proj.weight,2.550671517667282,0.40665453260036144
baseline,Baseline,13,down_proj,mlp,model.layers.13.mlp.down_proj.weight,30.005646690345184,1.4772029912428208
baseline,Baseline,13,gate_proj,mlp,model.layers.13.mlp.gate_proj.weight,12.316046719506732,1.090471327680453
baseline,Baseline,13,up_proj,mlp,model.layers.13.mlp.up_proj.weight,6.311217662216599,0.8001131584459681
baseline,Baseline,13,k_proj,attn,model.layers.13.self_attn.k_proj.weight,41.906820743475016,1.6222847143786157
baseline,Baseline,13,o_proj,attn,model.layers.13.self_attn.o_proj.weight,9641.296136551193,3.9841354226074945
baseline,Baseline,13,q_proj,attn,model.layers.13.self_attn.q_proj.weight,57124.68510683214,4.756823819086797
baseline,Baseline,13,v_proj,attn,model.layers.13.self_attn.v_proj.weight,3.7001013163270056,0.5682136160992435
baseline,Baseline,14,down_proj,mlp,model.layers.14.mlp.down_proj.weight,12.14858893422566,1.0845258373032518
baseline,Baseline,14,gate_proj,mlp,model.layers.14.mlp.gate_proj.weight,13.416229041756727,1.127630463933299
baseline,Baseline,14,up_proj,mlp,model.layers.14.mlp.up_proj.weight,6.92702720942221,0.8405468935526339
baseline,Baseline,14,k_proj,attn,model.layers.14.self_attn.k_proj.weight,23.136335100841148,1.3642945658717094
baseline,Baseline,14,o_proj,attn,model.layers.14.self_attn.o_proj.weight,6453.263467239998,3.809779396399966
baseline,Baseline,14,q_proj,attn,model.layers.14.self_attn.q_proj.weight,12016.462412922161,4.079776632336225
baseline,Baseline,14,v_proj,attn,model.layers.14.self_attn.v_proj.weight,6.809948120874071,0.8331438034100043
baseline,Baseline,15,down_proj,mlp,model.layers.15.mlp.down_proj.weight,12.83113835849419,1.1082651880102654
baseline,Baseline,15,gate_proj,mlp,model.layers.15.mlp.gate_proj.weight,16.831657108500657,1.226126875194481
baseline,Baseline,15,up_proj,mlp,model.layers.15.mlp.up_proj.weight,9.399973299687645,0.9731266200023806
baseline,Baseline,15,k_proj,attn,model.layers.15.self_attn.k_proj.weight,25.442585553328566,1.405561243552064
baseline,Baseline,15,o_proj,attn,model.layers.15.self_attn.o_proj.weight,29248.74824238646,4.466107284330782
baseline,Baseline,15,q_proj,attn,model.layers.15.self_attn.q_proj.weight,23869.157071525828,4.377837082364573
baseline,Baseline,15,v_proj,attn,model.layers.15.self_attn.v_proj.weight,3.3575600712900404,0.5260237915258322
baseline,Baseline,16,down_proj,mlp,model.layers.16.mlp.down_proj.weight,9.686499227673869,0.9861668481749848
baseline,Baseline,16,gate_proj,mlp,model.layers.16.mlp.gate_proj.weight,12.919883539201004,1.1112585989136845
baseline,Baseline,16,up_proj,mlp,model.layers.16.mlp.up_proj.weight,6.159145316251316,0.789520450770166
baseline,Baseline,16,k_proj,attn,model.layers.16.self_attn.k_proj.weight,20.671141321487564,1.3153644561115698
baseline,Baseline,16,o_proj,attn,model.layers.16.self_attn.o_proj.weight,41529.00729033527,4.618351549855789
baseline,Baseline,16,q_proj,attn,model.layers.16.self_attn.q_proj.weight,103943.38985456145,5.016796876149764
baseline,Baseline,16,v_proj,attn,model.layers.16.self_attn.v_proj.weight,2.78870242790059,0.4454021747839655
baseline,Baseline,17,down_proj,mlp,model.layers.17.mlp.down_proj.weight,6.7996349709306605,0.8324855988289264
baseline,Baseline,17,gate_proj,mlp,model.layers.17.mlp.gate_proj.weight,17.968770886906377,1.2545183711940953
baseline,Baseline,17,up_proj,mlp,model.layers.17.mlp.up_proj.weight,12.572357420855843,1.0994167191240123
baseline,Baseline,17,k_proj,attn,model.layers.17.self_attn.k_proj.weight,15.488632202364206,1.1900130670042668
baseline,Baseline,17,o_proj,attn,model.layers.17.self_attn.o_proj.weight,57591.66094582242,4.760359603780881
baseline,Baseline,17,q_proj,attn,model.layers.17.self_attn.q_proj.weight,13024.993728263826,4.114777522852094
baseline,Baseline,17,v_proj,attn,model.layers.17.self_attn.v_proj.weight,4.045377579425002,0.6069590631566644
baseline,Baseline,18,down_proj,mlp,model.layers.18.mlp.down_proj.weight,6.643981466821017,0.822428412330141
baseline,Baseline,18,gate_proj,mlp,model.layers.18.mlp.gate_proj.weight,18.455846043796296,1.266133958701561
baseline,Baseline,18,up_proj,mlp,model.layers.18.mlp.up_proj.weight,10.672724442726581,1.0282752965950033
baseline,Baseline,18,k_proj,attn,model.layers.18.self_attn.k_proj.weight,22.852605445749074,1.3589357215264757
baseline,Baseline,18,o_proj,attn,model.layers.18.self_attn.o_proj.weight,21937.349567301397,4.341184155698679
baseline,Baseline,18,q_proj,attn,model.layers.18.self_attn.q_proj.weight,33741.713223670544,4.528167129963148
baseline,Baseline,18,v_proj,attn,model.layers.18.self_attn.v_proj.weight,2.1434580875579408,0.331114995884781
baseline,Baseline,19,down_proj,mlp,model.layers.19.mlp.down_proj.weight,7.114441587440737,0.8521408179817388
baseline,Baseline,19,gate_proj,mlp,model.layers.19.mlp.gate_proj.weight,18.805480505433707,1.2742844347109477
baseline,Baseline,19,up_proj,mlp,model.layers.19.mlp.up_proj.weight,10.390484231630769,1.0166357876173127
baseline,Baseline,19,k_proj,attn,model.layers.19.self_attn.k_proj.weight,22.401692950673606,1.3502808402695679
baseline,Baseline,19,o_proj,attn,model.layers.19.self_attn.o_proj.weight,24022.826455842358,4.38062410389786
baseline,Baseline,19,q_proj,attn,model.layers.19.self_attn.q_proj.weight,25682.89091427411,4.409643907148104
baseline,Baseline,19,v_proj,attn,model.layers.19.self_attn.v_proj.weight,3.008918396896258,0.4784104096549268
baseline,Baseline,2,down_proj,mlp,model.layers.2.mlp.down_proj.weight,13.20255066881167,1.1206578429011562
baseline,Baseline,2,gate_proj,mlp,model.layers.2.mlp.gate_proj.weight,17.38657445257771,1.2402140246198345
baseline,Baseline,2,up_proj,mlp,model.layers.2.mlp.up_proj.weight,8.916099391549464,0.950174901100359
baseline,Baseline,2,k_proj,attn,model.layers.2.self_attn.k_proj.weight,17.246031056628958,1.236689163842224
baseline,Baseline,2,o_proj,attn,model.layers.2.self_attn.o_proj.weight,31093.030750193404,4.492663056360776
baseline,Baseline,2,q_proj,attn,model.layers.2.self_attn.q_proj.weight,24610.069351651575,4.391112837554779
baseline,Baseline,2,v_proj,attn,model.layers.2.self_attn.v_proj.weight,3.1911166787384015,0.5039426838568885
baseline,Baseline,20,down_proj,mlp,model.layers.20.mlp.down_proj.weight,7.516513788547348,0.8760164584833883
baseline,Baseline,20,gate_proj,mlp,model.layers.20.mlp.gate_proj.weight,19.204884886797178,1.2834117083677086
baseline,Baseline,20,up_proj,mlp,model.layers.20.mlp.up_proj.weight,11.187456334212877,1.048731353231463
baseline,Baseline,20,k_proj,attn,model.layers.20.self_attn.k_proj.weight,22.072850031907265,1.343858412600631
baseline,Baseline,20,o_proj,attn,model.layers.20.self_attn.o_proj.weight,123534.76145527787,5.091789180947741
baseline,Baseline,20,q_proj,attn,model.layers.20.self_attn.q_proj.weight,9243.896257866112,3.9658550628467615
baseline,Baseline,20,v_proj,attn,model.layers.20.self_attn.v_proj.weight,6.942409244310096,0.841510211079414
baseline,Baseline,21,down_proj,mlp,model.layers.21.mlp.down_proj.weight,9.390981919055381,0.9727110043781777
baseline,Baseline,21,gate_proj,mlp,model.layers.21.mlp.gate_proj.weight,17.629945642520745,1.2462509732641727
baseline,Baseline,21,up_proj,mlp,model.layers.21.mlp.up_proj.weight,8.16699577216017,0.9120623307656808
baseline,Baseline,21,k_proj,attn,model.layers.21.self_attn.k_proj.weight,29.992183020775197,1.4770080776092205
baseline,Baseline,21,o_proj,attn,model.layers.21.self_attn.o_proj.weight,298850.6543733745,5.475454211116444
baseline,Baseline,21,q_proj,attn,model.layers.21.self_attn.q_proj.weight,14032.644030663625,4.147139508500933
baseline,Baseline,21,v_proj,attn,model.layers.21.self_attn.v_proj.weight,4.366601968716395,0.6401436062404645
baseline,Baseline,22,down_proj,mlp,model.layers.22.mlp.down_proj.weight,9.904782336268656,0.9958449360889925
baseline,Baseline,22,gate_proj,mlp,model.layers.22.mlp.gate_proj.weight,22.904187063530273,1.3599148820065219
baseline,Baseline,22,up_proj,mlp,model.layers.22.mlp.up_proj.weight,12.79968858450657,1.1071994034232102
baseline,Baseline,22,k_proj,attn,model.layers.22.self_attn.k_proj.weight,20.39377999771742,1.309497729946958
baseline,Baseline,22,o_proj,attn,model.layers.22.self_attn.o_proj.weight,35374.77308841131,4.5486936627580175
baseline,Baseline,22,q_proj,attn,model.layers.22.self_attn.q_proj.weight,47977.340735145204,4.68103617243426
baseline,Baseline,22,v_proj,attn,model.layers.22.self_attn.v_proj.weight,5.233505964972921,0.7187927234982219
baseline,Baseline,23,down_proj,mlp,model.layers.23.mlp.down_proj.weight,11.80645745879601,1.0721196065983587
baseline,Baseline,23,gate_proj,mlp,model.layers.23.mlp.gate_proj.weight,19.84423847022627,1.297634437356341
baseline,Baseline,23,up_proj,mlp,model.layers.23.mlp.up_proj.weight,10.79189058648552,1.0330975335943091
baseline,Baseline,23,k_proj,attn,model.layers.23.self_attn.k_proj.weight,16.001526800630636,1.2041614232467743
baseline,Baseline,23,o_proj,attn,model.layers.23.self_attn.o_proj.weight,13053.866526333686,4.115739167792078
baseline,Baseline,23,q_proj,attn,model.layers.23.self_attn.q_proj.weight,764874.9518123881,5.883590438843876
baseline,Baseline,23,v_proj,attn,model.layers.23.self_attn.v_proj.weight,4.042193780833294,0.6066171295477464
baseline,Baseline,24,down_proj,mlp,model.layers.24.mlp.down_proj.weight,10.013056479364716,1.0005666658415224
baseline,Baseline,24,gate_proj,mlp,model.layers.24.mlp.gate_proj.weight,21.0475855955308,1.3232022843675562
baseline,Baseline,24,up_proj,mlp,model.layers.24.mlp.up_proj.weight,13.895235392599337,1.1428659083527615
baseline,Baseline,24,k_proj,attn,model.layers.24.self_attn.k_proj.weight,31.211181081905732,1.4943102033865445
baseline,Baseline,24,o_proj,attn,model.layers.24.self_attn.o_proj.weight,13596.107700858232,4.133414596165742
baseline,Baseline,24,q_proj,attn,model.layers.24.self_attn.q_proj.weight,119825.2524376554,5.078548352599484
baseline,Baseline,24,v_proj,attn,model.layers.24.self_attn.v_proj.weight,3.6003445004354857,0.556344058400606
baseline,Baseline,25,down_proj,mlp,model.layers.25.mlp.down_proj.weight,9.428473935149443,0.9744414048076316
baseline,Baseline,25,gate_proj,mlp,model.layers.25.mlp.gate_proj.weight,21.338091581274373,1.3291555747518031
baseline,Baseline,25,up_proj,mlp,model.layers.25.mlp.up_proj.weight,18.112209505291784,1.25797143305422
baseline,Baseline,25,k_proj,attn,model.layers.25.self_attn.k_proj.weight,22.462953951457504,1.3514668668169059
baseline,Baseline,25,o_proj,attn,model.layers.25.self_attn.o_proj.weight,16296.613319126418,4.212097360868149
baseline,Baseline,25,q_proj,attn,model.layers.25.self_attn.q_proj.weight,24555.210708810777,4.390143665174248
baseline,Baseline,25,v_proj,attn,model.layers.25.self_attn.v_proj.weight,4.337190824833435,0.6372085303685043
baseline,Baseline,26,down_proj,mlp,model.layers.26.mlp.down_proj.weight,8.741682232718533,0.9415950154818047
baseline,Baseline,26,gate_proj,mlp,model.layers.26.mlp.gate_proj.weight,20.0336868429297,1.3017608808061607
baseline,Baseline,26,up_proj,mlp,model.layers.26.mlp.up_proj.weight,18.54966977174175,1.2683361825447632
baseline,Baseline,26,k_proj,attn,model.layers.26.self_attn.k_proj.weight,18.924022446774764,1.277013454516278
baseline,Baseline,26,o_proj,attn,model.layers.26.self_attn.o_proj.weight,32723.99759321507,4.51486635204776
baseline,Baseline,26,q_proj,attn,model.layers.26.self_attn.q_proj.weight,48120.87790718429,4.682333541917346
baseline,Baseline,26,v_proj,attn,model.layers.26.self_attn.v_proj.weight,4.835564685889436,0.6844471972703048
baseline,Baseline,27,down_proj,mlp,model.layers.27.mlp.down_proj.weight,11.983131396493501,1.0785703214350517
baseline,Baseline,27,gate_proj,mlp,model.layers.27.mlp.gate_proj.weight,34.01131673372879,1.531623445785205
baseline,Baseline,27,up_proj,mlp,model.layers.27.mlp.up_proj.weight,27.05991417573715,1.4323264148387336
baseline,Baseline,27,k_proj,attn,model.layers.27.self_attn.k_proj.weight,16.960271595775623,1.2294328026142227
baseline,Baseline,27,o_proj,attn,model.layers.27.self_attn.o_proj.weight,99634.79632267175,4.998411037337337
baseline,Baseline,27,q_proj,attn,model.layers.27.self_attn.q_proj.weight,91711.44628086085,4.962423542282786
baseline,Baseline,27,v_proj,attn,model.layers.27.self_attn.v_proj.weight,7.853791579470053,0.8950793719678732
baseline,Baseline,3,down_proj,mlp,model.layers.3.mlp.down_proj.weight,10.758270959803003,1.0317424783047537
baseline,Baseline,3,gate_proj,mlp,model.layers.3.mlp.gate_proj.weight,13.999766940935217,1.1461208058847896
baseline,Baseline,3,up_proj,mlp,model.layers.3.mlp.up_proj.weight,7.592358408260811,0.8803767014023669
baseline,Baseline,3,k_proj,attn,model.layers.3.self_attn.k_proj.weight,15.502942945207748,1.1904141487215418
baseline,Baseline,3,o_proj,attn,model.layers.3.self_attn.o_proj.weight,16528.241725287102,4.21822665577227
baseline,Baseline,3,q_proj,attn,model.layers.3.self_attn.q_proj.weight,75355.26316454641,4.877113590870874
baseline,Baseline,3,v_proj,attn,model.layers.3.self_attn.v_proj.weight,3.891617107326821,0.5901301038585636
baseline,Baseline,4,down_proj,mlp,model.layers.4.mlp.down_proj.weight,11.15720155550664,1.0475552787050282
baseline,Baseline,4,gate_proj,mlp,model.layers.4.mlp.gate_proj.weight,17.495981170242754,1.2429383026276564
baseline,Baseline,4,up_proj,mlp,model.layers.4.mlp.up_proj.weight,8.782003015120793,0.9435935818745063
baseline,Baseline,4,k_proj,attn,model.layers.4.self_attn.k_proj.weight,23.93670634239095,1.379064391862702
baseline,Baseline,4,o_proj,attn,model.layers.4.self_attn.o_proj.weight,8582.208719375358,3.9335990723698906
baseline,Baseline,4,q_proj,attn,model.layers.4.self_attn.q_proj.weight,19385.367499083055,4.287474038580837
baseline,Baseline,4,v_proj,attn,model.layers.4.self_attn.v_proj.weight,3.7875720759658726,0.5783609060374691
baseline,Baseline,5,down_proj,mlp,model.layers.5.mlp.down_proj.weight,12.388049471794826,1.0930029310474068
baseline,Baseline,5,gate_proj,mlp,model.layers.5.mlp.gate_proj.weight,20.634483011844836,1.3145935922870637
baseline,Baseline,5,up_proj,mlp,model.layers.5.mlp.up_proj.weight,8.094579137228608,0.9081942733326557
baseline,Baseline,5,k_proj,attn,model.layers.5.self_attn.k_proj.weight,22.35050954040556,1.3492874284999
baseline,Baseline,5,o_proj,attn,model.layers.5.self_attn.o_proj.weight,14934.50156341116,4.174190732673501
baseline,Baseline,5,q_proj,attn,model.layers.5.self_attn.q_proj.weight,14969.234018258956,4.175199577887845
baseline,Baseline,5,v_proj,attn,model.layers.5.self_attn.v_proj.weight,3.3558693468749854,0.5258050442198982
baseline,Baseline,6,down_proj,mlp,model.layers.6.mlp.down_proj.weight,9.162314837809912,0.9620052110347272
baseline,Baseline,6,gate_proj,mlp,model.layers.6.mlp.gate_proj.weight,19.228406692239826,1.2839432991403894
baseline,Baseline,6,up_proj,mlp,model.layers.6.mlp.up_proj.weight,7.421489572866498,0.8704910816066199
baseline,Baseline,6,k_proj,attn,model.layers.6.self_attn.k_proj.weight,22.193674123897594,1.3462292048750273
baseline,Baseline,6,o_proj,attn,model.layers.6.self_attn.o_proj.weight,70513.61868597266,4.848273002792532
baseline,Baseline,6,q_proj,attn,model.layers.6.self_attn.q_proj.weight,18604.75910456698,4.26962405112538
baseline,Baseline,6,v_proj,attn,model.layers.6.self_attn.v_proj.weight,3.2802787964379356,0.5159107567022393
baseline,Baseline,7,down_proj,mlp,model.layers.7.mlp.down_proj.weight,7.967968298583799,0.9013475975319183
baseline,Baseline,7,gate_proj,mlp,model.layers.7.mlp.gate_proj.weight,16.82272426896548,1.2258963267279708
baseline,Baseline,7,up_proj,mlp,model.layers.7.mlp.up_proj.weight,8.451906164480205,0.9269546667434236
baseline,Baseline,7,k_proj,attn,model.layers.7.self_attn.k_proj.weight,30.442592542837964,1.483481634928507
baseline,Baseline,7,o_proj,attn,model.layers.7.self_attn.o_proj.weight,9457.463639954845,3.9757746802849163
baseline,Baseline,7,q_proj,attn,model.layers.7.self_attn.q_proj.weight,9030.470682093728,3.955710387003289
baseline,Baseline,7,v_proj,attn,model.layers.7.self_attn.v_proj.weight,4.6148320901395445,0.6641559039204422
baseline,Baseline,8,down_proj,mlp,model.layers.8.mlp.down_proj.weight,8.059006885143106,0.9062815268080608
baseline,Baseline,8,gate_proj,mlp,model.layers.8.mlp.gate_proj.weight,15.70276662952571,1.1959761763635572
baseline,Baseline,8,up_proj,mlp,model.layers.8.mlp.up_proj.weight,11.03707620181019,1.0428540410024913
baseline,Baseline,8,k_proj,attn,model.layers.8.self_attn.k_proj.weight,26.24428190856445,1.4190346941773355
baseline,Baseline,8,o_proj,attn,model.layers.8.self_attn.o_proj.weight,8728.55329977634,3.9409422682200006
baseline,Baseline,8,q_proj,attn,model.layers.8.self_attn.q_proj.weight,20459.276858621644,4.310890279334088
baseline,Baseline,8,v_proj,attn,model.layers.8.self_attn.v_proj.weight,2.614956506444022,0.4174644698119181
baseline,Baseline,9,down_proj,mlp,model.layers.9.mlp.down_proj.weight,11.96143651469935,1.077783339597508
baseline,Baseline,9,gate_proj,mlp,model.layers.9.mlp.gate_proj.weight,17.04541620966512,1.2316076101618016
baseline,Baseline,9,up_proj,mlp,model.layers.9.mlp.up_proj.weight,8.607523542303687,0.9348782192104144
baseline,Baseline,9,k_proj,attn,model.layers.9.self_attn.k_proj.weight,29.979145885547403,1.4768192555143393
baseline,Baseline,9,o_proj,attn,model.layers.9.self_attn.o_proj.weight,26480.436490575365,4.422925139524684
baseline,Baseline,9,q_proj,attn,model.layers.9.self_attn.q_proj.weight,35295.52653603585,4.54771966505276
baseline,Baseline,9,v_proj,attn,model.layers.9.self_attn.v_proj.weight,3.911800039733773,0.5923766467649157
adamw_grpo_fp32,AdamW + GRPO (FP32),99,lm_head,head,lm_head.weight,69.18169439546166,1.8399911945327467
adamw_grpo_fp32,AdamW + GRPO (FP32),-1,embed,embed,model.embed_tokens.weight,69.18169439546166,1.8399911945327467
adamw_grpo_fp32,AdamW + GRPO (FP32),0,down_proj,mlp,model.layers.0.mlp.down_proj.weight,10.548639744724957,1.0231964606339752
adamw_grpo_fp32,AdamW + GRPO (FP32),0,gate_proj,mlp,model.layers.0.mlp.gate_proj.weight,50.788118339731525,1.7057621228540074
adamw_grpo_fp32,AdamW + GRPO (FP32),0,up_proj,mlp,model.layers.0.mlp.up_proj.weight,30.55625963630976,1.485100191568287
adamw_grpo_fp32,AdamW + GRPO (FP32),0,k_proj,attn,model.layers.0.self_attn.k_proj.weight,18.750332693506003,1.273008977966243
adamw_grpo_fp32,AdamW + GRPO (FP32),0,o_proj,attn,model.layers.0.self_attn.o_proj.weight,40732.06057115682,4.609936380919461
adamw_grpo_fp32,AdamW + GRPO (FP32),0,q_proj,attn,model.layers.0.self_attn.q_proj.weight,183562.896970384,5.263784903066662
adamw_grpo_fp32,AdamW + GRPO (FP32),0,v_proj,attn,model.layers.0.self_attn.v_proj.weight,7.7690884236842805,0.8903700643879641
adamw_grpo_fp32,AdamW + GRPO (FP32),1,down_proj,mlp,model.layers.1.mlp.down_proj.weight,8.99979178492839,0.9542324619168053
adamw_grpo_fp32,AdamW + GRPO (FP32),1,gate_proj,mlp,model.layers.1.mlp.gate_proj.weight,33.9162891318224,1.530408328910898
adamw_grpo_fp32,AdamW + GRPO (FP32),1,up_proj,mlp,model.layers.1.mlp.up_proj.weight,37.73276330403634,1.5767186112903249
adamw_grpo_fp32,AdamW + GRPO (FP32),1,k_proj,attn,model.layers.1.self_attn.k_proj.weight,30.087700202467936,1.4783889930724612
adamw_grpo_fp32,AdamW + GRPO (FP32),1,o_proj,attn,model.layers.1.self_attn.o_proj.weight,40830.079315160074,4.6109802235698965
adamw_grpo_fp32,AdamW + GRPO (FP32),1,q_proj,attn,model.layers.1.self_attn.q_proj.weight,921739.404925859,5.9646081542427
adamw_grpo_fp32,AdamW + GRPO (FP32),1,v_proj,attn,model.layers.1.self_attn.v_proj.weight,3.341773213353008,0.5239769735252578
adamw_grpo_fp32,AdamW + GRPO (FP32),10,down_proj,mlp,model.layers.10.mlp.down_proj.weight,13.491268320542094,1.1300527798216642
adamw_grpo_fp32,AdamW + GRPO (FP32),10,gate_proj,mlp,model.layers.10.mlp.gate_proj.weight,16.209258494057107,1.2097631481424698
adamw_grpo_fp32,AdamW + GRPO (FP32),10,up_proj,mlp,model.layers.10.mlp.up_proj.weight,8.537431782538142,0.9313272465185064
adamw_grpo_fp32,AdamW + GRPO (FP32),10,k_proj,attn,model.layers.10.self_attn.k_proj.weight,24.04701881632376,1.381061243209995
adamw_grpo_fp32,AdamW + GRPO (FP32),10,o_proj,attn,model.layers.10.self_attn.o_proj.weight,15392.459768109858,4.187308027132078
adamw_grpo_fp32,AdamW + GRPO (FP32),10,q_proj,attn,model.layers.10.self_attn.q_proj.weight,13306.663155088285,4.124069163287005
adamw_grpo_fp32,AdamW + GRPO (FP32),10,v_proj,attn,model.layers.10.self_attn.v_proj.weight,3.299786237834307,0.5184858069276109
adamw_grpo_fp32,AdamW + GRPO (FP32),11,down_proj,mlp,model.layers.11.mlp.down_proj.weight,16.05258026248668,1.2055448500551527
adamw_grpo_fp32,AdamW + GRPO (FP32),11,gate_proj,mlp,model.layers.11.mlp.gate_proj.weight,13.225966958750783,1.1214274334102936
adamw_grpo_fp32,AdamW + GRPO (FP32),11,up_proj,mlp,model.layers.11.mlp.up_proj.weight,6.605246218305786,0.8198890110888545
adamw_grpo_fp32,AdamW + GRPO (FP32),11,k_proj,attn,model.layers.11.self_attn.k_proj.weight,21.605254368654467,1.334559383827193
adamw_grpo_fp32,AdamW + GRPO (FP32),11,o_proj,attn,model.layers.11.self_attn.o_proj.weight,81434.29559027015,4.910807344063952
adamw_grpo_fp32,AdamW + GRPO (FP32),11,q_proj,attn,model.layers.11.self_attn.q_proj.weight,28765.53910947007,4.458872517769618
adamw_grpo_fp32,AdamW + GRPO (FP32),11,v_proj,attn,model.layers.11.self_attn.v_proj.weight,2.86795601205188,0.457572485953349
adamw_grpo_fp32,AdamW + GRPO (FP32),12,down_proj,mlp,model.layers.12.mlp.down_proj.weight,14.144917151560705,1.1506004080867254
adamw_grpo_fp32,AdamW + GRPO (FP32),12,gate_proj,mlp,model.layers.12.mlp.gate_proj.weight,18.88920256752499,1.2762136239973405
adamw_grpo_fp32,AdamW + GRPO (FP32),12,up_proj,mlp,model.layers.12.mlp.up_proj.weight,8.061220665489914,0.9064008095653034
adamw_grpo_fp32,AdamW + GRPO (FP32),12,k_proj,attn,model.layers.12.self_attn.k_proj.weight,20.86940133730573,1.3195099910092132
adamw_grpo_fp32,AdamW + GRPO (FP32),12,o_proj,attn,model.layers.12.self_attn.o_proj.weight,71700.37367019507,4.8555214190217875
adamw_grpo_fp32,AdamW + GRPO (FP32),12,q_proj,attn,model.layers.12.self_attn.q_proj.weight,14574.719443806809,4.163600203555973
adamw_grpo_fp32,AdamW + GRPO (FP32),12,v_proj,attn,model.layers.12.self_attn.v_proj.weight,2.550623260989406,0.4066463160162092
adamw_grpo_fp32,AdamW + GRPO (FP32),13,down_proj,mlp,model.layers.13.mlp.down_proj.weight,30.006566841341535,1.4772163090818655
adamw_grpo_fp32,AdamW + GRPO (FP32),13,gate_proj,mlp,model.layers.13.mlp.gate_proj.weight,12.316777254237342,1.0904970873905677
adamw_grpo_fp32,AdamW + GRPO (FP32),13,up_proj,mlp,model.layers.13.mlp.up_proj.weight,6.3107594314684174,0.8000816250207393
adamw_grpo_fp32,AdamW + GRPO (FP32),13,k_proj,attn,model.layers.13.self_attn.k_proj.weight,41.89613978667302,1.622174009921486
adamw_grpo_fp32,AdamW + GRPO (FP32),13,o_proj,attn,model.layers.13.self_attn.o_proj.weight,9238.247358842145,3.965589586525161
adamw_grpo_fp32,AdamW + GRPO (FP32),13,q_proj,attn,model.layers.13.self_attn.q_proj.weight,75013.33351181076,4.875138465470789
adamw_grpo_fp32,AdamW + GRPO (FP32),13,v_proj,attn,model.layers.13.self_attn.v_proj.weight,3.7000698572495523,0.568209923616077
adamw_grpo_fp32,AdamW + GRPO (FP32),14,down_proj,mlp,model.layers.14.mlp.down_proj.weight,12.148210132553164,1.0845122954802602
adamw_grpo_fp32,AdamW + GRPO (FP32),14,gate_proj,mlp,model.layers.14.mlp.gate_proj.weight,13.417619406611756,1.12767546886698
adamw_grpo_fp32,AdamW + GRPO (FP32),14,up_proj,mlp,model.layers.14.mlp.up_proj.weight,6.9274095152562305,0.8405708618044592
adamw_grpo_fp32,AdamW + GRPO (FP32),14,k_proj,attn,model.layers.14.self_attn.k_proj.weight,23.145632438770292,1.3644690520842877
adamw_grpo_fp32,AdamW + GRPO (FP32),14,o_proj,attn,model.layers.14.self_attn.o_proj.weight,6678.614937417185,3.8246864044804942
adamw_grpo_fp32,AdamW + GRPO (FP32),14,q_proj,attn,model.layers.14.self_attn.q_proj.weight,12237.543237625416,4.087694239260956
adamw_grpo_fp32,AdamW + GRPO (FP32),14,v_proj,attn,model.layers.14.self_attn.v_proj.weight,6.809510682656975,0.8331159055314373
adamw_grpo_fp32,AdamW + GRPO (FP32),15,down_proj,mlp,model.layers.15.mlp.down_proj.weight,12.830833656089725,1.108254874650652
adamw_grpo_fp32,AdamW + GRPO (FP32),15,gate_proj,mlp,model.layers.15.mlp.gate_proj.weight,16.832548870979718,1.2261498840558307
adamw_grpo_fp32,AdamW + GRPO (FP32),15,up_proj,mlp,model.layers.15.mlp.up_proj.weight,9.400354307774554,0.9731442228562439
adamw_grpo_fp32,AdamW + GRPO (FP32),15,k_proj,attn,model.layers.15.self_attn.k_proj.weight,25.431018199760448,1.4053637486808215
adamw_grpo_fp32,AdamW + GRPO (FP32),15,o_proj,attn,model.layers.15.self_attn.o_proj.weight,29458.46013182888,4.4692100414296245
adamw_grpo_fp32,AdamW + GRPO (FP32),15,q_proj,attn,model.layers.15.self_attn.q_proj.weight,28671.43447081316,4.457449421832917
adamw_grpo_fp32,AdamW + GRPO (FP32),15,v_proj,attn,model.layers.15.self_attn.v_proj.weight,3.357637316256731,0.5260337829112983
adamw_grpo_fp32,AdamW + GRPO (FP32),16,down_proj,mlp,model.layers.16.mlp.down_proj.weight,9.686269542691578,0.9861565501198568
adamw_grpo_fp32,AdamW + GRPO (FP32),16,gate_proj,mlp,model.layers.16.mlp.gate_proj.weight,12.918835751007732,1.1112233766857034
adamw_grpo_fp32,AdamW + GRPO (FP32),16,up_proj,mlp,model.layers.16.mlp.up_proj.weight,6.160452236765084,0.7896125947492371
adamw_grpo_fp32,AdamW + GRPO (FP32),16,k_proj,attn,model.layers.16.self_attn.k_proj.weight,20.62846660000247,1.31446694625196
adamw_grpo_fp32,AdamW + GRPO (FP32),16,o_proj,attn,model.layers.16.self_attn.o_proj.weight,33682.58931915771,4.52740547011376
adamw_grpo_fp32,AdamW + GRPO (FP32),16,q_proj,attn,model.layers.16.self_attn.q_proj.weight,76847.4447954404,4.885629431631609
adamw_grpo_fp32,AdamW + GRPO (FP32),16,v_proj,attn,model.layers.16.self_attn.v_proj.weight,2.788553222990397,0.4453789379545135
adamw_grpo_fp32,AdamW + GRPO (FP32),17,down_proj,mlp,model.layers.17.mlp.down_proj.weight,6.799381328572712,0.8324693983223572
adamw_grpo_fp32,AdamW + GRPO (FP32),17,gate_proj,mlp,model.layers.17.mlp.gate_proj.weight,17.968759025102287,1.254518084501266
adamw_grpo_fp32,AdamW + GRPO (FP32),17,up_proj,mlp,model.layers.17.mlp.up_proj.weight,12.572859593690138,1.099434065634945
adamw_grpo_fp32,AdamW + GRPO (FP32),17,k_proj,attn,model.layers.17.self_attn.k_proj.weight,15.489303591317942,1.1900318920492798
adamw_grpo_fp32,AdamW + GRPO (FP32),17,o_proj,attn,model.layers.17.self_attn.o_proj.weight,47309.643353792715,4.674949674109364
adamw_grpo_fp32,AdamW + GRPO (FP32),17,q_proj,attn,model.layers.17.self_attn.q_proj.weight,13062.669126000636,4.116031926422656
adamw_grpo_fp32,AdamW + GRPO (FP32),17,v_proj,attn,model.layers.17.self_attn.v_proj.weight,4.045435827448841,0.6069653163710357
adamw_grpo_fp32,AdamW + GRPO (FP32),18,down_proj,mlp,model.layers.18.mlp.down_proj.weight,6.64376921041074,0.8224145376285487
adamw_grpo_fp32,AdamW + GRPO (FP32),18,gate_proj,mlp,model.layers.18.mlp.gate_proj.weight,18.456668831178977,1.2661533197243116
adamw_grpo_fp32,AdamW + GRPO (FP32),18,up_proj,mlp,model.layers.18.mlp.up_proj.weight,10.673655992189596,1.0283132015497003
adamw_grpo_fp32,AdamW + GRPO (FP32),18,k_proj,attn,model.layers.18.self_attn.k_proj.weight,22.843916457831046,1.3587705632433327
adamw_grpo_fp32,AdamW + GRPO (FP32),18,o_proj,attn,model.layers.18.self_attn.o_proj.weight,23860.45536426138,4.3776787276955496
adamw_grpo_fp32,AdamW + GRPO (FP32),18,q_proj,attn,model.layers.18.self_attn.q_proj.weight,28728.46470861707,4.458312417276599
adamw_grpo_fp32,AdamW + GRPO (FP32),18,v_proj,attn,model.layers.18.self_attn.v_proj.weight,2.1431528800306574,0.3310531521830032
adamw_grpo_fp32,AdamW + GRPO (FP32),19,down_proj,mlp,model.layers.19.mlp.down_proj.weight,7.1140114395732885,0.852114559210678
adamw_grpo_fp32,AdamW + GRPO (FP32),19,gate_proj,mlp,model.layers.19.mlp.gate_proj.weight,18.805806327030414,1.274291959182108
adamw_grpo_fp32,AdamW + GRPO (FP32),19,up_proj,mlp,model.layers.19.mlp.up_proj.weight,10.390240672835821,1.0166256073910545
adamw_grpo_fp32,AdamW + GRPO (FP32),19,k_proj,attn,model.layers.19.self_attn.k_proj.weight,22.402718270064796,1.3503007173549586
adamw_grpo_fp32,AdamW + GRPO (FP32),19,o_proj,attn,model.layers.19.self_attn.o_proj.weight,26321.175064854986,4.420305273725768
adamw_grpo_fp32,AdamW + GRPO (FP32),19,q_proj,attn,model.layers.19.self_attn.q_proj.weight,29421.12251739402,4.468659238541409
adamw_grpo_fp32,AdamW + GRPO (FP32),19,v_proj,attn,model.layers.19.self_attn.v_proj.weight,3.008715516520634,0.4783811257772695
adamw_grpo_fp32,AdamW + GRPO (FP32),2,down_proj,mlp,model.layers.2.mlp.down_proj.weight,13.204144736908477,1.1207102761926702
adamw_grpo_fp32,AdamW + GRPO (FP32),2,gate_proj,mlp,model.layers.2.mlp.gate_proj.weight,17.386730497150342,1.24021792239699
adamw_grpo_fp32,AdamW + GRPO (FP32),2,up_proj,mlp,model.layers.2.mlp.up_proj.weight,8.915174682219192,0.9501298570773464
adamw_grpo_fp32,AdamW + GRPO (FP32),2,k_proj,attn,model.layers.2.self_attn.k_proj.weight,17.24395346890953,1.2366368422830398
adamw_grpo_fp32,AdamW + GRPO (FP32),2,o_proj,attn,model.layers.2.self_attn.o_proj.weight,25329.858347859958,4.4036327610927675
adamw_grpo_fp32,AdamW + GRPO (FP32),2,q_proj,attn,model.layers.2.self_attn.q_proj.weight,24251.938307841265,4.384746454804633
adamw_grpo_fp32,AdamW + GRPO (FP32),2,v_proj,attn,model.layers.2.self_attn.v_proj.weight,3.191186322242491,0.5039521618743136
adamw_grpo_fp32,AdamW + GRPO (FP32),20,down_proj,mlp,model.layers.20.mlp.down_proj.weight,7.5162155856936295,0.875999228364938
adamw_grpo_fp32,AdamW + GRPO (FP32),20,gate_proj,mlp,model.layers.20.mlp.gate_proj.weight,19.20435269854532,1.2833996734284252
adamw_grpo_fp32,AdamW + GRPO (FP32),20,up_proj,mlp,model.layers.20.mlp.up_proj.weight,11.187438912926416,1.0487306769406026
adamw_grpo_fp32,AdamW + GRPO (FP32),20,k_proj,attn,model.layers.20.self_attn.k_proj.weight,22.066198564074053,1.343727521886387
adamw_grpo_fp32,AdamW + GRPO (FP32),20,o_proj,attn,model.layers.20.self_attn.o_proj.weight,126837.95809365262,5.10324924190285
adamw_grpo_fp32,AdamW + GRPO (FP32),20,q_proj,attn,model.layers.20.self_attn.q_proj.weight,9063.971196786644,3.9573185167696727
adamw_grpo_fp32,AdamW + GRPO (FP32),20,v_proj,attn,model.layers.20.self_attn.v_proj.weight,6.941010922769828,0.8414227278334112
adamw_grpo_fp32,AdamW + GRPO (FP32),21,down_proj,mlp,model.layers.21.mlp.down_proj.weight,9.390061394106986,0.9726684317799257
adamw_grpo_fp32,AdamW + GRPO (FP32),21,gate_proj,mlp,model.layers.21.mlp.gate_proj.weight,17.630076078779837,1.246254186407262
adamw_grpo_fp32,AdamW + GRPO (FP32),21,up_proj,mlp,model.layers.21.mlp.up_proj.weight,8.167132981176133,0.9120696270371136
adamw_grpo_fp32,AdamW + GRPO (FP32),21,k_proj,attn,model.layers.21.self_attn.k_proj.weight,29.998931606590535,1.4771057878655083
adamw_grpo_fp32,AdamW + GRPO (FP32),21,o_proj,attn,model.layers.21.self_attn.o_proj.weight,385876.0053615174,5.5864477740026635
adamw_grpo_fp32,AdamW + GRPO (FP32),21,q_proj,attn,model.layers.21.self_attn.q_proj.weight,14698.50125353271,4.167273053761505
adamw_grpo_fp32,AdamW + GRPO (FP32),21,v_proj,attn,model.layers.21.self_attn.v_proj.weight,4.366099348159767,0.6400936136146881
adamw_grpo_fp32,AdamW + GRPO (FP32),22,down_proj,mlp,model.layers.22.mlp.down_proj.weight,9.905024980610959,0.9958555751726793
adamw_grpo_fp32,AdamW + GRPO (FP32),22,gate_proj,mlp,model.layers.22.mlp.gate_proj.weight,22.904694994109917,1.3599245129530995
adamw_grpo_fp32,AdamW + GRPO (FP32),22,up_proj,mlp,model.layers.22.mlp.up_proj.weight,12.798889734657584,1.1071722975365417
adamw_grpo_fp32,AdamW + GRPO (FP32),22,k_proj,attn,model.layers.22.self_attn.k_proj.weight,20.395077041816627,1.30952535019112
adamw_grpo_fp32,AdamW + GRPO (FP32),22,o_proj,attn,model.layers.22.self_attn.o_proj.weight,26929.50089670812,4.430228304402442
adamw_grpo_fp32,AdamW + GRPO (FP32),22,q_proj,attn,model.layers.22.self_attn.q_proj.weight,53858.78659342816,4.731256564788179
adamw_grpo_fp32,AdamW + GRPO (FP32),22,v_proj,attn,model.layers.22.self_attn.v_proj.weight,5.233463048355291,0.7187891621137952
adamw_grpo_fp32,AdamW + GRPO (FP32),23,down_proj,mlp,model.layers.23.mlp.down_proj.weight,11.802684312657195,1.0719807911702237
adamw_grpo_fp32,AdamW + GRPO (FP32),23,gate_proj,mlp,model.layers.23.mlp.gate_proj.weight,19.843601389994923,1.2976204945249852
adamw_grpo_fp32,AdamW + GRPO (FP32),23,up_proj,mlp,model.layers.23.mlp.up_proj.weight,10.792525056875814,1.0331230656257588
adamw_grpo_fp32,AdamW + GRPO (FP32),23,k_proj,attn,model.layers.23.self_attn.k_proj.weight,15.995136965689232,1.203987963281543
adamw_grpo_fp32,AdamW + GRPO (FP32),23,o_proj,attn,model.layers.23.self_attn.o_proj.weight,13023.55018270197,4.114729387810483
adamw_grpo_fp32,AdamW + GRPO (FP32),23,q_proj,attn,model.layers.23.self_attn.q_proj.weight,419414.0722350768,5.622642997878286
adamw_grpo_fp32,AdamW + GRPO (FP32),23,v_proj,attn,model.layers.23.self_attn.v_proj.weight,4.04037149831031,0.6064212988355213
adamw_grpo_fp32,AdamW + GRPO (FP32),24,down_proj,mlp,model.layers.24.mlp.down_proj.weight,10.012006700663658,1.0005211315934248
adamw_grpo_fp32,AdamW + GRPO (FP32),24,gate_proj,mlp,model.layers.24.mlp.gate_proj.weight,21.048928265508344,1.3232299880469813
adamw_grpo_fp32,AdamW + GRPO (FP32),24,up_proj,mlp,model.layers.24.mlp.up_proj.weight,13.894434661300188,1.1428408808382835
adamw_grpo_fp32,AdamW + GRPO (FP32),24,k_proj,attn,model.layers.24.self_attn.k_proj.weight,31.22033917423841,1.4944376168782247
adamw_grpo_fp32,AdamW + GRPO (FP32),24,o_proj,attn,model.layers.24.self_attn.o_proj.weight,16882.874091435413,4.227446381614263
adamw_grpo_fp32,AdamW + GRPO (FP32),24,q_proj,attn,model.layers.24.self_attn.q_proj.weight,149984.46988027028,5.176046292425838
adamw_grpo_fp32,AdamW + GRPO (FP32),24,v_proj,attn,model.layers.24.self_attn.v_proj.weight,3.599078617274102,0.5561913333646135
adamw_grpo_fp32,AdamW + GRPO (FP32),25,down_proj,mlp,model.layers.25.mlp.down_proj.weight,9.42889942589401,0.9744610033253001
adamw_grpo_fp32,AdamW + GRPO (FP32),25,gate_proj,mlp,model.layers.25.mlp.gate_proj.weight,21.338903171566425,1.3291720927464505
adamw_grpo_fp32,AdamW + GRPO (FP32),25,up_proj,mlp,model.layers.25.mlp.up_proj.weight,18.111893396966128,1.2579638533439983
adamw_grpo_fp32,AdamW + GRPO (FP32),25,k_proj,attn,model.layers.25.self_attn.k_proj.weight,22.473176215883036,1.3516644571787197
adamw_grpo_fp32,AdamW + GRPO (FP32),25,o_proj,attn,model.layers.25.self_attn.o_proj.weight,16450.144462969936,4.216169716218832
adamw_grpo_fp32,AdamW + GRPO (FP32),25,q_proj,attn,model.layers.25.self_attn.q_proj.weight,22526.721448212684,4.352697988858349
adamw_grpo_fp32,AdamW + GRPO (FP32),25,v_proj,attn,model.layers.25.self_attn.v_proj.weight,4.337102598265283,0.6371996959171345
adamw_grpo_fp32,AdamW + GRPO (FP32),26,down_proj,mlp,model.layers.26.mlp.down_proj.weight,8.742963709912905,0.9416586757328642
adamw_grpo_fp32,AdamW + GRPO (FP32),26,gate_proj,mlp,model.layers.26.mlp.gate_proj.weight,20.033495122292933,1.3017567246259387
adamw_grpo_fp32,AdamW + GRPO (FP32),26,up_proj,mlp,model.layers.26.mlp.up_proj.weight,18.547369981618584,1.268282335328492
adamw_grpo_fp32,AdamW + GRPO (FP32),26,k_proj,attn,model.layers.26.self_attn.k_proj.weight,18.958018684470822,1.2777929469596399
adamw_grpo_fp32,AdamW + GRPO (FP32),26,o_proj,attn,model.layers.26.self_attn.o_proj.weight,32608.703610339373,4.51333353336384
adamw_grpo_fp32,AdamW + GRPO (FP32),26,q_proj,attn,model.layers.26.self_attn.q_proj.weight,59760.7654155474,4.776416151284247
adamw_grpo_fp32,AdamW + GRPO (FP32),26,v_proj,attn,model.layers.26.self_attn.v_proj.weight,4.8317252817222744,0.6841022335551685
adamw_grpo_fp32,AdamW + GRPO (FP32),27,down_proj,mlp,model.layers.27.mlp.down_proj.weight,11.961116512340505,1.077771720832697
adamw_grpo_fp32,AdamW + GRPO (FP32),27,gate_proj,mlp,model.layers.27.mlp.gate_proj.weight,34.00975088401717,1.5316034508067906
adamw_grpo_fp32,AdamW + GRPO (FP32),27,up_proj,mlp,model.layers.27.mlp.up_proj.weight,27.060133165552656,1.4323299294723357
adamw_grpo_fp32,AdamW + GRPO (FP32),27,k_proj,attn,model.layers.27.self_attn.k_proj.weight,16.943212619938265,1.2289957608251743
adamw_grpo_fp32,AdamW + GRPO (FP32),27,o_proj,attn,model.layers.27.self_attn.o_proj.weight,114162.96678536652,5.0575252463870015
adamw_grpo_fp32,AdamW + GRPO (FP32),27,q_proj,attn,model.layers.27.self_attn.q_proj.weight,81353.9173580697,4.910378469946909
adamw_grpo_fp32,AdamW + GRPO (FP32),27,v_proj,attn,model.layers.27.self_attn.v_proj.weight,7.849177294916179,0.8948241389105593
adamw_grpo_fp32,AdamW + GRPO (FP32),3,down_proj,mlp,model.layers.3.mlp.down_proj.weight,10.762709216905067,1.0319216068184363
adamw_grpo_fp32,AdamW + GRPO (FP32),3,gate_proj,mlp,model.layers.3.mlp.gate_proj.weight,14.000250848047218,1.1461358171744322
adamw_grpo_fp32,AdamW + GRPO (FP32),3,up_proj,mlp,model.layers.3.mlp.up_proj.weight,7.591685621280479,0.8803382152556358
adamw_grpo_fp32,AdamW + GRPO (FP32),3,k_proj,attn,model.layers.3.self_attn.k_proj.weight,15.505643602221653,1.1904897974738526
adamw_grpo_fp32,AdamW + GRPO (FP32),3,o_proj,attn,model.layers.3.self_attn.o_proj.weight,18607.8346916673,4.2696958392150055
adamw_grpo_fp32,AdamW + GRPO (FP32),3,q_proj,attn,model.layers.3.self_attn.q_proj.weight,63522.83601092974,4.8029298791608985
adamw_grpo_fp32,AdamW + GRPO (FP32),3,v_proj,attn,model.layers.3.self_attn.v_proj.weight,3.8918637556094122,0.5901576283016816
adamw_grpo_fp32,AdamW + GRPO (FP32),4,down_proj,mlp,model.layers.4.mlp.down_proj.weight,11.165086310666954,1.0478620846937534
adamw_grpo_fp32,AdamW + GRPO (FP32),4,gate_proj,mlp,model.layers.4.mlp.gate_proj.weight,17.49490147912063,1.2429115011376026
adamw_grpo_fp32,AdamW + GRPO (FP32),4,up_proj,mlp,model.layers.4.mlp.up_proj.weight,8.781253520908885,0.9435565157188102
adamw_grpo_fp32,AdamW + GRPO (FP32),4,k_proj,attn,model.layers.4.self_attn.k_proj.weight,23.91144502886192,1.378605822418484
adamw_grpo_fp32,AdamW + GRPO (FP32),4,o_proj,attn,model.layers.4.self_attn.o_proj.weight,9491.388211714468,3.977329737042211
adamw_grpo_fp32,AdamW + GRPO (FP32),4,q_proj,attn,model.layers.4.self_attn.q_proj.weight,20299.590291278095,4.307487272591404
adamw_grpo_fp32,AdamW + GRPO (FP32),4,v_proj,attn,model.layers.4.self_attn.v_proj.weight,3.787674383862548,0.5783726368122286
adamw_grpo_fp32,AdamW + GRPO (FP32),5,down_proj,mlp,model.layers.5.mlp.down_proj.weight,12.389064942203905,1.093038529478126
adamw_grpo_fp32,AdamW + GRPO (FP32),5,gate_proj,mlp,model.layers.5.mlp.gate_proj.weight,20.635519665325564,1.3146154102108445
adamw_grpo_fp32,AdamW + GRPO (FP32),5,up_proj,mlp,model.layers.5.mlp.up_proj.weight,8.09568116752695,0.9082533959988995
adamw_grpo_fp32,AdamW + GRPO (FP32),5,k_proj,attn,model.layers.5.self_attn.k_proj.weight,22.339534962304544,1.3490741282510712
adamw_grpo_fp32,AdamW + GRPO (FP32),5,o_proj,attn,model.layers.5.self_attn.o_proj.weight,13567.993752762812,4.132515634946449
adamw_grpo_fp32,AdamW + GRPO (FP32),5,q_proj,attn,model.layers.5.self_attn.q_proj.weight,14475.363967268822,4.160629492398727
adamw_grpo_fp32,AdamW + GRPO (FP32),5,v_proj,attn,model.layers.5.self_attn.v_proj.weight,3.355993161754332,0.5258210672295515
adamw_grpo_fp32,AdamW + GRPO (FP32),6,down_proj,mlp,model.layers.6.mlp.down_proj.weight,9.163922412566501,0.9620814035273034
adamw_grpo_fp32,AdamW + GRPO (FP32),6,gate_proj,mlp,model.layers.6.mlp.gate_proj.weight,19.226051149688022,1.28389009339048
adamw_grpo_fp32,AdamW + GRPO (FP32),6,up_proj,mlp,model.layers.6.mlp.up_proj.weight,7.420375536799,0.8704258849869109
adamw_grpo_fp32,AdamW + GRPO (FP32),6,k_proj,attn,model.layers.6.self_attn.k_proj.weight,22.19886477818892,1.3463307657490937
adamw_grpo_fp32,AdamW + GRPO (FP32),6,o_proj,attn,model.layers.6.self_attn.o_proj.weight,84007.37580032749,4.924317418547061
adamw_grpo_fp32,AdamW + GRPO (FP32),6,q_proj,attn,model.layers.6.self_attn.q_proj.weight,18638.79832220346,4.270417909152133
adamw_grpo_fp32,AdamW + GRPO (FP32),6,v_proj,attn,model.layers.6.self_attn.v_proj.weight,3.280282560343453,0.5159112550264856
adamw_grpo_fp32,AdamW + GRPO (FP32),7,down_proj,mlp,model.layers.7.mlp.down_proj.weight,7.968177406058957,0.9013589947950049
adamw_grpo_fp32,AdamW + GRPO (FP32),7,gate_proj,mlp,model.layers.7.mlp.gate_proj.weight,16.823432083168367,1.2259145992343075
adamw_grpo_fp32,AdamW + GRPO (FP32),7,up_proj,mlp,model.layers.7.mlp.up_proj.weight,8.451995691278341,0.9269592669824389
adamw_grpo_fp32,AdamW + GRPO (FP32),7,k_proj,attn,model.layers.7.self_attn.k_proj.weight,30.444008895681428,1.4835018401693947
adamw_grpo_fp32,AdamW + GRPO (FP32),7,o_proj,attn,model.layers.7.self_attn.o_proj.weight,9104.948441644194,3.959277490869783
adamw_grpo_fp32,AdamW + GRPO (FP32),7,q_proj,attn,model.layers.7.self_attn.q_proj.weight,8911.931844151399,3.9499718564851585
adamw_grpo_fp32,AdamW + GRPO (FP32),7,v_proj,attn,model.layers.7.self_attn.v_proj.weight,4.615156904068245,0.6641864705651104
adamw_grpo_fp32,AdamW + GRPO (FP32),8,down_proj,mlp,model.layers.8.mlp.down_proj.weight,8.061757539245662,0.9064297324239372
adamw_grpo_fp32,AdamW + GRPO (FP32),8,gate_proj,mlp,model.layers.8.mlp.gate_proj.weight,15.703983733062463,1.1960098367291843
adamw_grpo_fp32,AdamW + GRPO (FP32),8,up_proj,mlp,model.layers.8.mlp.up_proj.weight,11.03844850419025,1.0429080359457479
adamw_grpo_fp32,AdamW + GRPO (FP32),8,k_proj,attn,model.layers.8.self_attn.k_proj.weight,26.2383910723442,1.4189372007559953
adamw_grpo_fp32,AdamW + GRPO (FP32),8,o_proj,attn,model.layers.8.self_attn.o_proj.weight,8845.239442994696,3.9467095938725154
adamw_grpo_fp32,AdamW + GRPO (FP32),8,q_proj,attn,model.layers.8.self_attn.q_proj.weight,19926.8966868172,4.299439669160525
adamw_grpo_fp32,AdamW + GRPO (FP32),8,v_proj,attn,model.layers.8.self_attn.v_proj.weight,2.6146386380684183,0.4174116747186646
adamw_grpo_fp32,AdamW + GRPO (FP32),9,down_proj,mlp,model.layers.9.mlp.down_proj.weight,11.961883362234355,1.0777995633841502
adamw_grpo_fp32,AdamW + GRPO (FP32),9,gate_proj,mlp,model.layers.9.mlp.gate_proj.weight,17.044269184400605,1.2315783845038109
adamw_grpo_fp32,AdamW + GRPO (FP32),9,up_proj,mlp,model.layers.9.mlp.up_proj.weight,8.608322825545269,0.9349185453488021
adamw_grpo_fp32,AdamW + GRPO (FP32),9,k_proj,attn,model.layers.9.self_attn.k_proj.weight,29.975796040304992,1.4767707250926996
adamw_grpo_fp32,AdamW + GRPO (FP32),9,o_proj,attn,model.layers.9.self_attn.o_proj.weight,22746.07041842387,4.356906379322765
adamw_grpo_fp32,AdamW + GRPO (FP32),9,q_proj,attn,model.layers.9.self_attn.q_proj.weight,39417.88739221865,4.595693344487107
adamw_grpo_fp32,AdamW + GRPO (FP32),9,v_proj,attn,model.layers.9.self_attn.v_proj.weight,3.9121346942560953,0.5924137990718863
adamw_grpo_bf16,AdamW + GRPO (BF16),99,lm_head,head,lm_head.weight,69.18701239736127,1.8400245774982225
adamw_grpo_bf16,AdamW + GRPO (BF16),-1,embed,embed,model.embed_tokens.weight,69.18701239736127,1.8400245774982225
adamw_grpo_bf16,AdamW + GRPO (BF16),0,down_proj,mlp,model.layers.0.mlp.down_proj.weight,10.547083603010856,1.0231323885232846
adamw_grpo_bf16,AdamW + GRPO (BF16),0,gate_proj,mlp,model.layers.0.mlp.gate_proj.weight,50.78366060074325,1.7057240025913554
adamw_grpo_bf16,AdamW + GRPO (BF16),0,up_proj,mlp,model.layers.0.mlp.up_proj.weight,30.55501783408827,1.4850825415411626
adamw_grpo_bf16,AdamW + GRPO (BF16),0,k_proj,attn,model.layers.0.self_attn.k_proj.weight,18.739266416399275,1.272752585615492
adamw_grpo_bf16,AdamW + GRPO (BF16),0,o_proj,attn,model.layers.0.self_attn.o_proj.weight,47282.820281410604,4.674703373036576
adamw_grpo_bf16,AdamW + GRPO (BF16),0,q_proj,attn,model.layers.0.self_attn.q_proj.weight,185417.52774759103,5.268150786142093
adamw_grpo_bf16,AdamW + GRPO (BF16),0,v_proj,attn,model.layers.0.self_attn.v_proj.weight,7.774856501667939,0.8906923821221692
adamw_grpo_bf16,AdamW + GRPO (BF16),1,down_proj,mlp,model.layers.1.mlp.down_proj.weight,8.998721661052889,0.9541808188857266
adamw_grpo_bf16,AdamW + GRPO (BF16),1,gate_proj,mlp,model.layers.1.mlp.gate_proj.weight,33.9184391219871,1.530435858434168
adamw_grpo_bf16,AdamW + GRPO (BF16),1,up_proj,mlp,model.layers.1.mlp.up_proj.weight,37.73443727978823,1.5767378778969137
adamw_grpo_bf16,AdamW + GRPO (BF16),1,k_proj,attn,model.layers.1.self_attn.k_proj.weight,30.08814370649731,1.4783953946894608
adamw_grpo_bf16,AdamW + GRPO (BF16),1,o_proj,attn,model.layers.1.self_attn.o_proj.weight,48898.985062339205,4.689299845086812
adamw_grpo_bf16,AdamW + GRPO (BF16),1,q_proj,attn,model.layers.1.self_attn.q_proj.weight,2079793.932425361,6.318020306864692
adamw_grpo_bf16,AdamW + GRPO (BF16),1,v_proj,attn,model.layers.1.self_attn.v_proj.weight,3.3420507444936893,0.5240130397782841
adamw_grpo_bf16,AdamW + GRPO (BF16),10,down_proj,mlp,model.layers.10.mlp.down_proj.weight,13.49169676475263,1.1300665715569955
adamw_grpo_bf16,AdamW + GRPO (BF16),10,gate_proj,mlp,model.layers.10.mlp.gate_proj.weight,16.20965540052557,1.2097737823228532
adamw_grpo_bf16,AdamW + GRPO (BF16),10,up_proj,mlp,model.layers.10.mlp.up_proj.weight,8.53800446789354,0.9313563777320416
adamw_grpo_bf16,AdamW + GRPO (BF16),10,k_proj,attn,model.layers.10.self_attn.k_proj.weight,24.035380884946218,1.38085100871637
adamw_grpo_bf16,AdamW + GRPO (BF16),10,o_proj,attn,model.layers.10.self_attn.o_proj.weight,16064.016869132534,4.205854151526139
adamw_grpo_bf16,AdamW + GRPO (BF16),10,q_proj,attn,model.layers.10.self_attn.q_proj.weight,12907.827348257415,4.110853147760643
adamw_grpo_bf16,AdamW + GRPO (BF16),10,v_proj,attn,model.layers.10.self_attn.v_proj.weight,3.2994740488127317,0.5184447168770315
adamw_grpo_bf16,AdamW + GRPO (BF16),11,down_proj,mlp,model.layers.11.mlp.down_proj.weight,16.054746226931492,1.2056034451803568
adamw_grpo_bf16,AdamW + GRPO (BF16),11,gate_proj,mlp,model.layers.11.mlp.gate_proj.weight,13.226490784718205,1.1214446336817667
adamw_grpo_bf16,AdamW + GRPO (BF16),11,up_proj,mlp,model.layers.11.mlp.up_proj.weight,6.605615200620181,0.8199132709729032
adamw_grpo_bf16,AdamW + GRPO (BF16),11,k_proj,attn,model.layers.11.self_attn.k_proj.weight,21.610973050756,1.33467432176802
adamw_grpo_bf16,AdamW + GRPO (BF16),11,o_proj,attn,model.layers.11.self_attn.o_proj.weight,163896.74541684007,5.214570329644075
adamw_grpo_bf16,AdamW + GRPO (BF16),11,q_proj,attn,model.layers.11.self_attn.q_proj.weight,27652.223772590958,4.441730062705124
adamw_grpo_bf16,AdamW + GRPO (BF16),11,v_proj,attn,model.layers.11.self_attn.v_proj.weight,2.8678672806298655,0.4575590491492534
adamw_grpo_bf16,AdamW + GRPO (BF16),12,down_proj,mlp,model.layers.12.mlp.down_proj.weight,14.145577600831253,1.1506206855315941
adamw_grpo_bf16,AdamW + GRPO (BF16),12,gate_proj,mlp,model.layers.12.mlp.gate_proj.weight,18.889040966631736,1.2762099085055842
adamw_grpo_bf16,AdamW + GRPO (BF16),12,up_proj,mlp,model.layers.12.mlp.up_proj.weight,8.061252633205441,0.9064025318075668
adamw_grpo_bf16,AdamW + GRPO (BF16),12,k_proj,attn,model.layers.12.self_attn.k_proj.weight,20.867445920423105,1.3194692966674808
adamw_grpo_bf16,AdamW + GRPO (BF16),12,o_proj,attn,model.layers.12.self_attn.o_proj.weight,91513.8242334338,4.961486704282872
adamw_grpo_bf16,AdamW + GRPO (BF16),12,q_proj,attn,model.layers.12.self_attn.q_proj.weight,15185.500865469445,4.181429120885316
adamw_grpo_bf16,AdamW + GRPO (BF16),12,v_proj,attn,model.layers.12.self_attn.v_proj.weight,2.550731838776507,0.40666480315653963
adamw_grpo_bf16,AdamW + GRPO (BF16),13,down_proj,mlp,model.layers.13.mlp.down_proj.weight,30.00594572479241,1.477207319373607
adamw_grpo_bf16,AdamW + GRPO (BF16),13,gate_proj,mlp,model.layers.13.mlp.gate_proj.weight,12.316710851770727,1.0904947460067806
adamw_grpo_bf16,AdamW + GRPO (BF16),13,up_proj,mlp,model.layers.13.mlp.up_proj.weight,6.310861679556498,0.8000886614830208
adamw_grpo_bf16,AdamW + GRPO (BF16),13,k_proj,attn,model.layers.13.self_attn.k_proj.weight,41.90596853765027,1.622275882593149
adamw_grpo_bf16,AdamW + GRPO (BF16),13,o_proj,attn,model.layers.13.self_attn.o_proj.weight,9515.109130846706,3.978413773669044
adamw_grpo_bf16,AdamW + GRPO (BF16),13,q_proj,attn,model.layers.13.self_attn.q_proj.weight,55542.68352386128,4.7446268586956695
adamw_grpo_bf16,AdamW + GRPO (BF16),13,v_proj,attn,model.layers.13.self_attn.v_proj.weight,3.700196667141746,0.5682248076303904
adamw_grpo_bf16,AdamW + GRPO (BF16),14,down_proj,mlp,model.layers.14.mlp.down_proj.weight,12.148596662360273,1.084526113572798
adamw_grpo_bf16,AdamW + GRPO (BF16),14,gate_proj,mlp,model.layers.14.mlp.gate_proj.weight,13.416031092463317,1.127624056102919
adamw_grpo_bf16,AdamW + GRPO (BF16),14,up_proj,mlp,model.layers.14.mlp.up_proj.weight,6.926829445343259,0.8405344944279204
adamw_grpo_bf16,AdamW + GRPO (BF16),14,k_proj,attn,model.layers.14.self_attn.k_proj.weight,23.13634200377588,1.364294695447375
adamw_grpo_bf16,AdamW + GRPO (BF16),14,o_proj,attn,model.layers.14.self_attn.o_proj.weight,6542.151911768596,3.81572062442315
adamw_grpo_bf16,AdamW + GRPO (BF16),14,q_proj,attn,model.layers.14.self_attn.q_proj.weight,11848.011425584784,4.073645464323587
adamw_grpo_bf16,AdamW + GRPO (BF16),14,v_proj,attn,model.layers.14.self_attn.v_proj.weight,6.80980574128387,0.8331347232649461
adamw_grpo_bf16,AdamW + GRPO (BF16),15,down_proj,mlp,model.layers.15.mlp.down_proj.weight,12.831002153657575,1.1082605778719237
adamw_grpo_bf16,AdamW + GRPO (BF16),15,gate_proj,mlp,model.layers.15.mlp.gate_proj.weight,16.830891842058488,1.2261071291560235
adamw_grpo_bf16,AdamW + GRPO (BF16),15,up_proj,mlp,model.layers.15.mlp.up_proj.weight,9.399831322602113,0.9731200603741246
adamw_grpo_bf16,AdamW + GRPO (BF16),15,k_proj,attn,model.layers.15.self_attn.k_proj.weight,25.441600635699558,1.405544431087387
adamw_grpo_bf16,AdamW + GRPO (BF16),15,o_proj,attn,model.layers.15.self_attn.o_proj.weight,29275.247152287135,4.466500570231895
adamw_grpo_bf16,AdamW + GRPO (BF16),15,q_proj,attn,model.layers.15.self_attn.q_proj.weight,24898.601607273762,4.396174956280529
adamw_grpo_bf16,AdamW + GRPO (BF16),15,v_proj,attn,model.layers.15.self_attn.v_proj.weight,3.357550234866959,0.5260225191999668
adamw_grpo_bf16,AdamW + GRPO (BF16),16,down_proj,mlp,model.layers.16.mlp.down_proj.weight,9.686312754332308,0.986158487556677
adamw_grpo_bf16,AdamW + GRPO (BF16),16,gate_proj,mlp,model.layers.16.mlp.gate_proj.weight,12.919853953151984,1.111257604394461
adamw_grpo_bf16,AdamW + GRPO (BF16),16,up_proj,mlp,model.layers.16.mlp.up_proj.weight,6.159820147104032,0.7895680319273204
adamw_grpo_bf16,AdamW + GRPO (BF16),16,k_proj,attn,model.layers.16.self_attn.k_proj.weight,20.6719315173557,1.3153810575725466
adamw_grpo_bf16,AdamW + GRPO (BF16),16,o_proj,attn,model.layers.16.self_attn.o_proj.weight,39459.038422519494,4.596146497720987
adamw_grpo_bf16,AdamW + GRPO (BF16),16,q_proj,attn,model.layers.16.self_attn.q_proj.weight,98259.42850832955,4.992374233883877
adamw_grpo_bf16,AdamW + GRPO (BF16),16,v_proj,attn,model.layers.16.self_attn.v_proj.weight,2.7887030016881003,0.44540226414191253
adamw_grpo_bf16,AdamW + GRPO (BF16),17,down_proj,mlp,model.layers.17.mlp.down_proj.weight,6.799594741558418,0.8324830293606925
adamw_grpo_bf16,AdamW + GRPO (BF16),17,gate_proj,mlp,model.layers.17.mlp.gate_proj.weight,17.968141759988868,1.2545031653052976
adamw_grpo_bf16,AdamW + GRPO (BF16),17,up_proj,mlp,model.layers.17.mlp.up_proj.weight,12.572816759125285,1.0994325860314624
adamw_grpo_bf16,AdamW + GRPO (BF16),17,k_proj,attn,model.layers.17.self_attn.k_proj.weight,15.489066441645235,1.1900252427133637
adamw_grpo_bf16,AdamW + GRPO (BF16),17,o_proj,attn,model.layers.17.self_attn.o_proj.weight,59273.28234580195,4.772858977605123
adamw_grpo_bf16,AdamW + GRPO (BF16),17,q_proj,attn,model.layers.17.self_attn.q_proj.weight,13047.016366215208,4.115511207165599
adamw_grpo_bf16,AdamW + GRPO (BF16),17,v_proj,attn,model.layers.17.self_attn.v_proj.weight,4.045421457818953,0.6069637737283347
adamw_grpo_bf16,AdamW + GRPO (BF16),18,down_proj,mlp,model.layers.18.mlp.down_proj.weight,6.643990519850429,0.8224290040954941
adamw_grpo_bf16,AdamW + GRPO (BF16),18,gate_proj,mlp,model.layers.18.mlp.gate_proj.weight,18.4556850028501,1.266130169143539
adamw_grpo_bf16,AdamW + GRPO (BF16),18,up_proj,mlp,model.layers.18.mlp.up_proj.weight,10.673585776288691,1.0283103445643682
adamw_grpo_bf16,AdamW + GRPO (BF16),18,k_proj,attn,model.layers.18.self_attn.k_proj.weight,22.8518488555045,1.3589213429293199
adamw_grpo_bf16,AdamW + GRPO (BF16),18,o_proj,attn,model.layers.18.self_attn.o_proj.weight,22351.229901465522,4.349301425665883
adamw_grpo_bf16,AdamW + GRPO (BF16),18,q_proj,attn,model.layers.18.self_attn.q_proj.weight,33713.28572905395,4.527801081339061
adamw_grpo_bf16,AdamW + GRPO (BF16),18,v_proj,attn,model.layers.18.self_attn.v_proj.weight,2.143459255724136,0.33111523257146835
adamw_grpo_bf16,AdamW + GRPO (BF16),19,down_proj,mlp,model.layers.19.mlp.down_proj.weight,7.114524308331534,0.852145867572366
adamw_grpo_bf16,AdamW + GRPO (BF16),19,gate_proj,mlp,model.layers.19.mlp.gate_proj.weight,18.805176137831726,1.2742774055770898
adamw_grpo_bf16,AdamW + GRPO (BF16),19,up_proj,mlp,model.layers.19.mlp.up_proj.weight,10.390415019509444,1.0166328947259118
adamw_grpo_bf16,AdamW + GRPO (BF16),19,k_proj,attn,model.layers.19.self_attn.k_proj.weight,22.401613398892472,1.3502792980218015
adamw_grpo_bf16,AdamW + GRPO (BF16),19,o_proj,attn,model.layers.19.self_attn.o_proj.weight,24662.8104533876,4.392042565157136
adamw_grpo_bf16,AdamW + GRPO (BF16),19,q_proj,attn,model.layers.19.self_attn.q_proj.weight,25199.84883518321,4.401397935613184
adamw_grpo_bf16,AdamW + GRPO (BF16),19,v_proj,attn,model.layers.19.self_attn.v_proj.weight,3.008912768343216,0.47840959725276394
adamw_grpo_bf16,AdamW + GRPO (BF16),2,down_proj,mlp,model.layers.2.mlp.down_proj.weight,13.203217384630426,1.1206797737914496
adamw_grpo_bf16,AdamW + GRPO (BF16),2,gate_proj,mlp,model.layers.2.mlp.gate_proj.weight,17.386302362633216,1.2402072281064425
adamw_grpo_bf16,AdamW + GRPO (BF16),2,up_proj,mlp,model.layers.2.mlp.up_proj.weight,8.915316857357547,0.9501367829523752
adamw_grpo_bf16,AdamW + GRPO (BF16),2,k_proj,attn,model.layers.2.self_attn.k_proj.weight,17.246482690836505,1.236700536874971
adamw_grpo_bf16,AdamW + GRPO (BF16),2,o_proj,attn,model.layers.2.self_attn.o_proj.weight,29931.99607492937,4.476135679600689
adamw_grpo_bf16,AdamW + GRPO (BF16),2,q_proj,attn,model.layers.2.self_attn.q_proj.weight,24487.508785345206,4.388944604813973
adamw_grpo_bf16,AdamW + GRPO (BF16),2,v_proj,attn,model.layers.2.self_attn.v_proj.weight,3.1912096141096304,0.5039553316962653
adamw_grpo_bf16,AdamW + GRPO (BF16),20,down_proj,mlp,model.layers.20.mlp.down_proj.weight,7.516616220750925,0.8760223768438037
adamw_grpo_bf16,AdamW + GRPO (BF16),20,gate_proj,mlp,model.layers.20.mlp.gate_proj.weight,19.205171918517845,1.2834181991830202
adamw_grpo_bf16,AdamW + GRPO (BF16),20,up_proj,mlp,model.layers.20.mlp.up_proj.weight,11.187883561925943,1.048747937796362
adamw_grpo_bf16,AdamW + GRPO (BF16),20,k_proj,attn,model.layers.20.self_attn.k_proj.weight,22.073189691512006,1.3438650955236289
adamw_grpo_bf16,AdamW + GRPO (BF16),20,o_proj,attn,model.layers.20.self_attn.o_proj.weight,122086.41154524141,5.086667328815274
adamw_grpo_bf16,AdamW + GRPO (BF16),20,q_proj,attn,model.layers.20.self_attn.q_proj.weight,9293.72674836786,3.968189899322044
adamw_grpo_bf16,AdamW + GRPO (BF16),20,v_proj,attn,model.layers.20.self_attn.v_proj.weight,6.942473134218556,0.8415142078053404
adamw_grpo_bf16,AdamW + GRPO (BF16),21,down_proj,mlp,model.layers.21.mlp.down_proj.weight,9.389999657070804,0.9726655764053803
adamw_grpo_bf16,AdamW + GRPO (BF16),21,gate_proj,mlp,model.layers.21.mlp.gate_proj.weight,17.630690291865264,1.246269316501199
adamw_grpo_bf16,AdamW + GRPO (BF16),21,up_proj,mlp,model.layers.21.mlp.up_proj.weight,8.167309702861235,0.9120790242665336
adamw_grpo_bf16,AdamW + GRPO (BF16),21,k_proj,attn,model.layers.21.self_attn.k_proj.weight,29.99091876012603,1.4769897704057782
adamw_grpo_bf16,AdamW + GRPO (BF16),21,o_proj,attn,model.layers.21.self_attn.o_proj.weight,453054.17426857934,5.656150136183219
adamw_grpo_bf16,AdamW + GRPO (BF16),21,q_proj,attn,model.layers.21.self_attn.q_proj.weight,14131.786988088677,4.1501970825842855
adamw_grpo_bf16,AdamW + GRPO (BF16),21,v_proj,attn,model.layers.21.self_attn.v_proj.weight,4.366597887305532,0.6401432003103941
adamw_grpo_bf16,AdamW + GRPO (BF16),22,down_proj,mlp,model.layers.22.mlp.down_proj.weight,9.904572435710232,0.995835732492477
adamw_grpo_bf16,AdamW + GRPO (BF16),22,gate_proj,mlp,model.layers.22.mlp.gate_proj.weight,22.9033518620194,1.3598990451632424
adamw_grpo_bf16,AdamW + GRPO (BF16),22,up_proj,mlp,model.layers.22.mlp.up_proj.weight,12.798996980312285,1.1071759366022633
adamw_grpo_bf16,AdamW + GRPO (BF16),22,k_proj,attn,model.layers.22.self_attn.k_proj.weight,20.393762430567048,1.3094973558466314
adamw_grpo_bf16,AdamW + GRPO (BF16),22,o_proj,attn,model.layers.22.self_attn.o_proj.weight,34798.55662285518,4.541561230621023
adamw_grpo_bf16,AdamW + GRPO (BF16),22,q_proj,attn,model.layers.22.self_attn.q_proj.weight,50034.66011085276,4.699270953936311
adamw_grpo_bf16,AdamW + GRPO (BF16),22,v_proj,attn,model.layers.22.self_attn.v_proj.weight,5.2334552572876545,0.7187885155781897
adamw_grpo_bf16,AdamW + GRPO (BF16),23,down_proj,mlp,model.layers.23.mlp.down_proj.weight,11.806624311590738,1.0721257441494627
adamw_grpo_bf16,AdamW + GRPO (BF16),23,gate_proj,mlp,model.layers.23.mlp.gate_proj.weight,19.843924919957633,1.297627575201994
adamw_grpo_bf16,AdamW + GRPO (BF16),23,up_proj,mlp,model.layers.23.mlp.up_proj.weight,10.792816819992533,1.0331348061033796
adamw_grpo_bf16,AdamW + GRPO (BF16),23,k_proj,attn,model.layers.23.self_attn.k_proj.weight,16.001314206180652,1.2041556532217637
adamw_grpo_bf16,AdamW + GRPO (BF16),23,o_proj,attn,model.layers.23.self_attn.o_proj.weight,12751.607504603962,4.105564936642375
adamw_grpo_bf16,AdamW + GRPO (BF16),23,q_proj,attn,model.layers.23.self_attn.q_proj.weight,913719.0722886076,5.960812690144617
adamw_grpo_bf16,AdamW + GRPO (BF16),23,v_proj,attn,model.layers.23.self_attn.v_proj.weight,4.042228369024644,0.6066208456972408
adamw_grpo_bf16,AdamW + GRPO (BF16),24,down_proj,mlp,model.layers.24.mlp.down_proj.weight,10.013373997933224,1.0005804372984353
adamw_grpo_bf16,AdamW + GRPO (BF16),24,gate_proj,mlp,model.layers.24.mlp.gate_proj.weight,21.048503899133806,1.3232212321697083
adamw_grpo_bf16,AdamW + GRPO (BF16),24,up_proj,mlp,model.layers.24.mlp.up_proj.weight,13.894585601899585,1.142845598721015
adamw_grpo_bf16,AdamW + GRPO (BF16),24,k_proj,attn,model.layers.24.self_attn.k_proj.weight,31.212503147278312,1.4943285991510111
adamw_grpo_bf16,AdamW + GRPO (BF16),24,o_proj,attn,model.layers.24.self_attn.o_proj.weight,13244.912476135558,4.122049092776175
adamw_grpo_bf16,AdamW + GRPO (BF16),24,q_proj,attn,model.layers.24.self_attn.q_proj.weight,112028.7881240984,5.049329637999745
adamw_grpo_bf16,AdamW + GRPO (BF16),24,v_proj,attn,model.layers.24.self_attn.v_proj.weight,3.6003430361148774,0.5563438817657065
adamw_grpo_bf16,AdamW + GRPO (BF16),25,down_proj,mlp,model.layers.25.mlp.down_proj.weight,9.428137218248592,0.9744258946726633
adamw_grpo_bf16,AdamW + GRPO (BF16),25,gate_proj,mlp,model.layers.25.mlp.gate_proj.weight,21.338575340793298,1.3291654206045747
adamw_grpo_bf16,AdamW + GRPO (BF16),25,up_proj,mlp,model.layers.25.mlp.up_proj.weight,18.112860228398876,1.2579870358098124
adamw_grpo_bf16,AdamW + GRPO (BF16),25,k_proj,attn,model.layers.25.self_attn.k_proj.weight,22.46390054099529,1.3514851676135047
adamw_grpo_bf16,AdamW + GRPO (BF16),25,o_proj,attn,model.layers.25.self_attn.o_proj.weight,15831.20777777842,4.199514048862074
adamw_grpo_bf16,AdamW + GRPO (BF16),25,q_proj,attn,model.layers.25.self_attn.q_proj.weight,24381.779335594892,4.387065396419054
adamw_grpo_bf16,AdamW + GRPO (BF16),25,v_proj,attn,model.layers.25.self_attn.v_proj.weight,4.337211460734709,0.6372105966914065
adamw_grpo_bf16,AdamW + GRPO (BF16),26,down_proj,mlp,model.layers.26.mlp.down_proj.weight,8.741709886470803,0.9415963893424301
adamw_grpo_bf16,AdamW + GRPO (BF16),26,gate_proj,mlp,model.layers.26.mlp.gate_proj.weight,20.034016611589763,1.3017680295417768
adamw_grpo_bf16,AdamW + GRPO (BF16),26,up_proj,mlp,model.layers.26.mlp.up_proj.weight,18.549560380014764,1.2683336214014078
adamw_grpo_bf16,AdamW + GRPO (BF16),26,k_proj,attn,model.layers.26.self_attn.k_proj.weight,18.92374997985917,1.2770072015259244
adamw_grpo_bf16,AdamW + GRPO (BF16),26,o_proj,attn,model.layers.26.self_attn.o_proj.weight,32358.03937213035,4.50998219910646
adamw_grpo_bf16,AdamW + GRPO (BF16),26,q_proj,attn,model.layers.26.self_attn.q_proj.weight,47433.93126089771,4.67608911989038
adamw_grpo_bf16,AdamW + GRPO (BF16),26,v_proj,attn,model.layers.26.self_attn.v_proj.weight,4.835626862609133,0.6844527814852657
adamw_grpo_bf16,AdamW + GRPO (BF16),27,down_proj,mlp,model.layers.27.mlp.down_proj.weight,11.983340122022819,1.0785778860317465
adamw_grpo_bf16,AdamW + GRPO (BF16),27,gate_proj,mlp,model.layers.27.mlp.gate_proj.weight,34.012038845271604,1.5316326664140816
adamw_grpo_bf16,AdamW + GRPO (BF16),27,up_proj,mlp,model.layers.27.mlp.up_proj.weight,27.058991427001516,1.4323116050535154
adamw_grpo_bf16,AdamW + GRPO (BF16),27,k_proj,attn,model.layers.27.self_attn.k_proj.weight,16.960417005291863,1.2294365260380755
adamw_grpo_bf16,AdamW + GRPO (BF16),27,o_proj,attn,model.layers.27.self_attn.o_proj.weight,103462.32363759073,5.0147822279069265
adamw_grpo_bf16,AdamW + GRPO (BF16),27,q_proj,attn,model.layers.27.self_attn.q_proj.weight,86491.87536851663,4.936975313842388
adamw_grpo_bf16,AdamW + GRPO (BF16),27,v_proj,attn,model.layers.27.self_attn.v_proj.weight,7.8537722509470935,0.8950783031489329
adamw_grpo_bf16,AdamW + GRPO (BF16),3,down_proj,mlp,model.layers.3.mlp.down_proj.weight,10.758056687976703,1.0317338284019157
adamw_grpo_bf16,AdamW + GRPO (BF16),3,gate_proj,mlp,model.layers.3.mlp.gate_proj.weight,13.999886150952166,1.146124503948646
adamw_grpo_bf16,AdamW + GRPO (BF16),3,up_proj,mlp,model.layers.3.mlp.up_proj.weight,7.592309964948722,0.8803739303621824
adamw_grpo_bf16,AdamW + GRPO (BF16),3,k_proj,attn,model.layers.3.self_attn.k_proj.weight,15.502556087084868,1.1904033112666839
adamw_grpo_bf16,AdamW + GRPO (BF16),3,o_proj,attn,model.layers.3.self_attn.o_proj.weight,16337.97790710178,4.213198304452812
adamw_grpo_bf16,AdamW + GRPO (BF16),3,q_proj,attn,model.layers.3.self_attn.q_proj.weight,74946.0862865692,4.874748958751669
adamw_grpo_bf16,AdamW + GRPO (BF16),3,v_proj,attn,model.layers.3.self_attn.v_proj.weight,3.891679244980708,0.5901370382059097
adamw_grpo_bf16,AdamW + GRPO (BF16),4,down_proj,mlp,model.layers.4.mlp.down_proj.weight,11.156966749320961,1.0475461387694172
adamw_grpo_bf16,AdamW + GRPO (BF16),4,gate_proj,mlp,model.layers.4.mlp.gate_proj.weight,17.495791930299458,1.2429336051884672
adamw_grpo_bf16,AdamW + GRPO (BF16),4,up_proj,mlp,model.layers.4.mlp.up_proj.weight,8.781392049382012,0.943563366867884
adamw_grpo_bf16,AdamW + GRPO (BF16),4,k_proj,attn,model.layers.4.self_attn.k_proj.weight,23.93850616888025,1.3790970457005463
adamw_grpo_bf16,AdamW + GRPO (BF16),4,o_proj,attn,model.layers.4.self_attn.o_proj.weight,8606.14816907751,3.9348088189088433
adamw_grpo_bf16,AdamW + GRPO (BF16),4,q_proj,attn,model.layers.4.self_attn.q_proj.weight,19375.846489092757,4.287260684985392
adamw_grpo_bf16,AdamW + GRPO (BF16),4,v_proj,attn,model.layers.4.self_attn.v_proj.weight,3.7874918416831846,0.5783517060342451
adamw_grpo_bf16,AdamW + GRPO (BF16),5,down_proj,mlp,model.layers.5.mlp.down_proj.weight,12.388204015056175,1.0930083489194555
adamw_grpo_bf16,AdamW + GRPO (BF16),5,gate_proj,mlp,model.layers.5.mlp.gate_proj.weight,20.63480148019496,1.3146002950466984
adamw_grpo_bf16,AdamW + GRPO (BF16),5,up_proj,mlp,model.layers.5.mlp.up_proj.weight,8.094820202443419,0.9082072068937326
adamw_grpo_bf16,AdamW + GRPO (BF16),5,k_proj,attn,model.layers.5.self_attn.k_proj.weight,22.35068094267574,1.3492907590179162
adamw_grpo_bf16,AdamW + GRPO (BF16),5,o_proj,attn,model.layers.5.self_attn.o_proj.weight,14986.216653869278,4.175692006848748
adamw_grpo_bf16,AdamW + GRPO (BF16),5,q_proj,attn,model.layers.5.self_attn.q_proj.weight,15256.801705692586,4.183463501695681
adamw_grpo_bf16,AdamW + GRPO (BF16),5,v_proj,attn,model.layers.5.self_attn.v_proj.weight,3.3559018227771027,0.5258092470166645
adamw_grpo_bf16,AdamW + GRPO (BF16),6,down_proj,mlp,model.layers.6.mlp.down_proj.weight,9.162165405642407,0.961998127879854
adamw_grpo_bf16,AdamW + GRPO (BF16),6,gate_proj,mlp,model.layers.6.mlp.gate_proj.weight,19.22781543475546,1.2839299447416126
adamw_grpo_bf16,AdamW + GRPO (BF16),6,up_proj,mlp,model.layers.6.mlp.up_proj.weight,7.420350255585374,0.8704244053434316
adamw_grpo_bf16,AdamW + GRPO (BF16),6,k_proj,attn,model.layers.6.self_attn.k_proj.weight,22.194512150979993,1.3462456034066257
adamw_grpo_bf16,AdamW + GRPO (BF16),6,o_proj,attn,model.layers.6.self_attn.o_proj.weight,81774.90937426288,4.912620071497363
adamw_grpo_bf16,AdamW + GRPO (BF16),6,q_proj,attn,model.layers.6.self_attn.q_proj.weight,17934.644086132033,4.253692762502779
adamw_grpo_bf16,AdamW + GRPO (BF16),6,v_proj,attn,model.layers.6.self_attn.v_proj.weight,3.2802316988736737,0.5159045211471601
adamw_grpo_bf16,AdamW + GRPO (BF16),7,down_proj,mlp,model.layers.7.mlp.down_proj.weight,7.967896505951931,0.9013436844535577
adamw_grpo_bf16,AdamW + GRPO (BF16),7,gate_proj,mlp,model.layers.7.mlp.gate_proj.weight,16.824217884939205,1.225934884120374
adamw_grpo_bf16,AdamW + GRPO (BF16),7,up_proj,mlp,model.layers.7.mlp.up_proj.weight,8.451395641712713,0.9269284331444005
adamw_grpo_bf16,AdamW + GRPO (BF16),7,k_proj,attn,model.layers.7.self_attn.k_proj.weight,30.443826421756732,1.4834992371069546
adamw_grpo_bf16,AdamW + GRPO (BF16),7,o_proj,attn,model.layers.7.self_attn.o_proj.weight,9694.102792022273,3.986507620479723
adamw_grpo_bf16,AdamW + GRPO (BF16),7,q_proj,attn,model.layers.7.self_attn.q_proj.weight,9115.093221735578,3.9597611146232854
adamw_grpo_bf16,AdamW + GRPO (BF16),7,v_proj,attn,model.layers.7.self_attn.v_proj.weight,4.6150279291231255,0.6641743336235463
adamw_grpo_bf16,AdamW + GRPO (BF16),8,down_proj,mlp,model.layers.8.mlp.down_proj.weight,8.058860823802192,0.9062736555889237
adamw_grpo_bf16,AdamW + GRPO (BF16),8,gate_proj,mlp,model.layers.8.mlp.gate_proj.weight,15.703069794897313,1.19598456098648
adamw_grpo_bf16,AdamW + GRPO (BF16),8,up_proj,mlp,model.layers.8.mlp.up_proj.weight,11.036995494465316,1.042850865262645
adamw_grpo_bf16,AdamW + GRPO (BF16),8,k_proj,attn,model.layers.8.self_attn.k_proj.weight,26.244039978389388,1.419030690660505
adamw_grpo_bf16,AdamW + GRPO (BF16),8,o_proj,attn,model.layers.8.self_attn.o_proj.weight,8698.453566717428,3.939442049499336
adamw_grpo_bf16,AdamW + GRPO (BF16),8,q_proj,attn,model.layers.8.self_attn.q_proj.weight,20121.691994321653,4.303664496905832
adamw_grpo_bf16,AdamW + GRPO (BF16),8,v_proj,attn,model.layers.8.self_attn.v_proj.weight,2.614991526728046,0.41747028597529484
adamw_grpo_bf16,AdamW + GRPO (BF16),9,down_proj,mlp,model.layers.9.mlp.down_proj.weight,11.961218168359123,1.077775411830965
adamw_grpo_bf16,AdamW + GRPO (BF16),9,gate_proj,mlp,model.layers.9.mlp.gate_proj.weight,17.04483882483752,1.2315928989169411
adamw_grpo_bf16,AdamW + GRPO (BF16),9,up_proj,mlp,model.layers.9.mlp.up_proj.weight,8.608063394406525,0.9349054567121324
adamw_grpo_bf16,AdamW + GRPO (BF16),9,k_proj,attn,model.layers.9.self_attn.k_proj.weight,29.978422532557286,1.4768087764965814
adamw_grpo_bf16,AdamW + GRPO (BF16),9,o_proj,attn,model.layers.9.self_attn.o_proj.weight,26136.96919618216,4.417255226026212
adamw_grpo_bf16,AdamW + GRPO (BF16),9,q_proj,attn,model.layers.9.self_attn.q_proj.weight,36395.68792546577,4.561049932519701
adamw_grpo_bf16,AdamW + GRPO (BF16),9,v_proj,attn,model.layers.9.self_attn.v_proj.weight,3.9116317872359194,0.5923579666938136
adamw_grpo_mixed,AdamW + GRPO (Mixed),-1,embed,embed,model.embed_tokens.weight,69.18239915197503,1.8399956186843747
adamw_grpo_mixed,AdamW + GRPO (Mixed),0,down_proj,mlp,model.layers.0.mlp.down_proj.weight,10.547299271509672,1.0231412689574282
adamw_grpo_mixed,AdamW + GRPO (Mixed),0,gate_proj,mlp,model.layers.0.mlp.gate_proj.weight,50.78283879264871,1.7057169745511496
adamw_grpo_mixed,AdamW + GRPO (Mixed),0,up_proj,mlp,model.layers.0.mlp.up_proj.weight,30.556436968030077,1.4851027119672182
adamw_grpo_mixed,AdamW + GRPO (Mixed),0,k_proj,attn,model.layers.0.self_attn.k_proj.weight,18.738901746722156,1.2727441340803045
adamw_grpo_mixed,AdamW + GRPO (Mixed),0,o_proj,attn,model.layers.0.self_attn.o_proj.weight,36230.54901642265,4.559074915127451
adamw_grpo_mixed,AdamW + GRPO (Mixed),0,q_proj,attn,model.layers.0.self_attn.q_proj.weight,184233.4869124715,5.265368571895102
adamw_grpo_mixed,AdamW + GRPO (Mixed),0,v_proj,attn,model.layers.0.self_attn.v_proj.weight,7.77010677186167,0.8904269866402641
adamw_grpo_mixed,AdamW + GRPO (Mixed),1,down_proj,mlp,model.layers.1.mlp.down_proj.weight,8.99911639008417,0.9541998688004634
adamw_grpo_mixed,AdamW + GRPO (Mixed),1,gate_proj,mlp,model.layers.1.mlp.gate_proj.weight,33.919911753728236,1.5304547137226854
adamw_grpo_mixed,AdamW + GRPO (Mixed),1,up_proj,mlp,model.layers.1.mlp.up_proj.weight,37.730977298422786,1.5766980543347175
adamw_grpo_mixed,AdamW + GRPO (Mixed),1,k_proj,attn,model.layers.1.self_attn.k_proj.weight,30.08892887256687,1.4784067276864576
adamw_grpo_mixed,AdamW + GRPO (Mixed),1,o_proj,attn,model.layers.1.self_attn.o_proj.weight,70217.20895402436,4.84644356281153
adamw_grpo_mixed,AdamW + GRPO (Mixed),1,q_proj,attn,model.layers.1.self_attn.q_proj.weight,720251.0955444509,5.857483927540508
adamw_grpo_mixed,AdamW + GRPO (Mixed),1,v_proj,attn,model.layers.1.self_attn.v_proj.weight,3.342012590783358,0.5240080817325475
adamw_grpo_mixed,AdamW + GRPO (Mixed),10,down_proj,mlp,model.layers.10.mlp.down_proj.weight,13.492442324444688,1.1300905702815205
adamw_grpo_mixed,AdamW + GRPO (Mixed),10,gate_proj,mlp,model.layers.10.mlp.gate_proj.weight,16.210572770210483,1.2097983601012716
adamw_grpo_mixed,AdamW + GRPO (Mixed),10,up_proj,mlp,model.layers.10.mlp.up_proj.weight,8.537936340795472,0.9313529123624797
adamw_grpo_mixed,AdamW + GRPO (Mixed),10,k_proj,attn,model.layers.10.self_attn.k_proj.weight,24.046231563096853,1.3810470250097429
adamw_grpo_mixed,AdamW + GRPO (Mixed),10,o_proj,attn,model.layers.10.self_attn.o_proj.weight,14892.758087136373,4.172975135032287
adamw_grpo_mixed,AdamW + GRPO (Mixed),10,q_proj,attn,model.layers.10.self_attn.q_proj.weight,12557.403860368431,4.098899861880656
adamw_grpo_mixed,AdamW + GRPO (Mixed),10,v_proj,attn,model.layers.10.self_attn.v_proj.weight,3.2996380245004184,0.5184662997007667
adamw_grpo_mixed,AdamW + GRPO (Mixed),11,down_proj,mlp,model.layers.11.mlp.down_proj.weight,16.05284188256881,1.2055519279971598
adamw_grpo_mixed,AdamW + GRPO (Mixed),11,gate_proj,mlp,model.layers.11.mlp.gate_proj.weight,13.225716699403137,1.1214192156911393
adamw_grpo_mixed,AdamW + GRPO (Mixed),11,up_proj,mlp,model.layers.11.mlp.up_proj.weight,6.605575924952274,0.8199106887370271
adamw_grpo_mixed,AdamW + GRPO (Mixed),11,k_proj,attn,model.layers.11.self_attn.k_proj.weight,21.592907649142067,1.3343111273250925
adamw_grpo_mixed,AdamW + GRPO (Mixed),11,o_proj,attn,model.layers.11.self_attn.o_proj.weight,155092.0808783487,5.190589622967454
adamw_grpo_mixed,AdamW + GRPO (Mixed),11,q_proj,attn,model.layers.11.self_attn.q_proj.weight,29924.167392143612,4.476022075468487
adamw_grpo_mixed,AdamW + GRPO (Mixed),11,v_proj,attn,model.layers.11.self_attn.v_proj.weight,2.8678465633869825,0.4575559118294676
adamw_grpo_mixed,AdamW + GRPO (Mixed),12,down_proj,mlp,model.layers.12.mlp.down_proj.weight,14.146438201564754,1.150647106706558
adamw_grpo_mixed,AdamW + GRPO (Mixed),12,gate_proj,mlp,model.layers.12.mlp.gate_proj.weight,18.8877599669446,1.2761804549212727
adamw_grpo_mixed,AdamW + GRPO (Mixed),12,up_proj,mlp,model.layers.12.mlp.up_proj.weight,8.061015014959741,0.9063897300981341
adamw_grpo_mixed,AdamW + GRPO (Mixed),12,k_proj,attn,model.layers.12.self_attn.k_proj.weight,20.878540068698214,1.3197001273630107
adamw_grpo_mixed,AdamW + GRPO (Mixed),12,o_proj,attn,model.layers.12.self_attn.o_proj.weight,47471.59829965011,4.676433854027884
adamw_grpo_mixed,AdamW + GRPO (Mixed),12,q_proj,attn,model.layers.12.self_attn.q_proj.weight,14966.896095693499,4.175131743677646
adamw_grpo_mixed,AdamW + GRPO (Mixed),12,v_proj,attn,model.layers.12.self_attn.v_proj.weight,2.5508354247733953,0.4066824396296206
adamw_grpo_mixed,AdamW + GRPO (Mixed),13,down_proj,mlp,model.layers.13.mlp.down_proj.weight,30.002929393520485,1.4771636599640443
adamw_grpo_mixed,AdamW + GRPO (Mixed),13,gate_proj,mlp,model.layers.13.mlp.gate_proj.weight,12.317163107867572,1.0905106925304668
adamw_grpo_mixed,AdamW + GRPO (Mixed),13,up_proj,mlp,model.layers.13.mlp.up_proj.weight,6.310891821633657,0.8000907357649789
adamw_grpo_mixed,AdamW + GRPO (Mixed),13,k_proj,attn,model.layers.13.self_attn.k_proj.weight,41.91260194806826,1.6223446228145595
adamw_grpo_mixed,AdamW + GRPO (Mixed),13,o_proj,attn,model.layers.13.self_attn.o_proj.weight,9356.823852950636,3.971128453735478
adamw_grpo_mixed,AdamW + GRPO (Mixed),13,q_proj,attn,model.layers.13.self_attn.q_proj.weight,48700.974885634074,4.687537654915121
adamw_grpo_mixed,AdamW + GRPO (Mixed),13,v_proj,attn,model.layers.13.self_attn.v_proj.weight,3.700010806696854,0.5682029925215781
adamw_grpo_mixed,AdamW + GRPO (Mixed),14,down_proj,mlp,model.layers.14.mlp.down_proj.weight,12.149156581971313,1.084546129415002
adamw_grpo_mixed,AdamW + GRPO (Mixed),14,gate_proj,mlp,model.layers.14.mlp.gate_proj.weight,13.416250025798698,1.1276311432036425
adamw_grpo_mixed,AdamW + GRPO (Mixed),14,up_proj,mlp,model.layers.14.mlp.up_proj.weight,6.927161390141289,0.8405553060187205
adamw_grpo_mixed,AdamW + GRPO (Mixed),14,k_proj,attn,model.layers.14.self_attn.k_proj.weight,23.138314777434914,1.3643317249911586
adamw_grpo_mixed,AdamW + GRPO (Mixed),14,o_proj,attn,model.layers.14.self_attn.o_proj.weight,6596.427209730591,3.8193087744467853
adamw_grpo_mixed,AdamW + GRPO (Mixed),14,q_proj,attn,model.layers.14.self_attn.q_proj.weight,11948.679111255475,4.077319898054061
adamw_grpo_mixed,AdamW + GRPO (Mixed),14,v_proj,attn,model.layers.14.self_attn.v_proj.weight,6.809836902992151,0.8331367105943213
adamw_grpo_mixed,AdamW + GRPO (Mixed),15,down_proj,mlp,model.layers.15.mlp.down_proj.weight,12.830768185430715,1.1082526586123773
adamw_grpo_mixed,AdamW + GRPO (Mixed),15,gate_proj,mlp,model.layers.15.mlp.gate_proj.weight,16.831233627832678,1.226115948306547
adamw_grpo_mixed,AdamW + GRPO (Mixed),15,up_proj,mlp,model.layers.15.mlp.up_proj.weight,9.399903186497024,0.9731233806436733
adamw_grpo_mixed,AdamW + GRPO (Mixed),15,k_proj,attn,model.layers.15.self_attn.k_proj.weight,25.437258746414972,1.4054703076268846
adamw_grpo_mixed,AdamW + GRPO (Mixed),15,o_proj,attn,model.layers.15.self_attn.o_proj.weight,32583.53961393398,4.512998260798155
adamw_grpo_mixed,AdamW + GRPO (Mixed),15,q_proj,attn,model.layers.15.self_attn.q_proj.weight,26627.88176789793,4.425336619946168
adamw_grpo_mixed,AdamW + GRPO (Mixed),15,v_proj,attn,model.layers.15.self_attn.v_proj.weight,3.357498821871308,0.5260158689491283
adamw_grpo_mixed,AdamW + GRPO (Mixed),16,down_proj,mlp,model.layers.16.mlp.down_proj.weight,9.686404347214912,0.9861625941859421
adamw_grpo_mixed,AdamW + GRPO (Mixed),16,gate_proj,mlp,model.layers.16.mlp.gate_proj.weight,12.919240859980393,1.1112369950826189
adamw_grpo_mixed,AdamW + GRPO (Mixed),16,up_proj,mlp,model.layers.16.mlp.up_proj.weight,6.158544103839597,0.7894780559306529
adamw_grpo_mixed,AdamW + GRPO (Mixed),16,k_proj,attn,model.layers.16.self_attn.k_proj.weight,20.64961708539292,1.3149120027603254
adamw_grpo_mixed,AdamW + GRPO (Mixed),16,o_proj,attn,model.layers.16.self_attn.o_proj.weight,47552.01611341499,4.6771689349089565
adamw_grpo_mixed,AdamW + GRPO (Mixed),16,q_proj,attn,model.layers.16.self_attn.q_proj.weight,86045.28860627046,4.934727095601224
adamw_grpo_mixed,AdamW + GRPO (Mixed),16,v_proj,attn,model.layers.16.self_attn.v_proj.weight,2.7889124484732917,0.4454348807982298
adamw_grpo_mixed,AdamW + GRPO (Mixed),17,down_proj,mlp,model.layers.17.mlp.down_proj.weight,6.799608669487809,0.8324839189455742
adamw_grpo_mixed,AdamW + GRPO (Mixed),17,gate_proj,mlp,model.layers.17.mlp.gate_proj.weight,17.968512902761063,1.2545121358263147
adamw_grpo_mixed,AdamW + GRPO (Mixed),17,up_proj,mlp,model.layers.17.mlp.up_proj.weight,12.572140329421112,1.099409219939649
adamw_grpo_mixed,AdamW + GRPO (Mixed),17,k_proj,attn,model.layers.17.self_attn.k_proj.weight,15.489689582984873,1.1900427144830545
adamw_grpo_mixed,AdamW + GRPO (Mixed),17,o_proj,attn,model.layers.17.self_attn.o_proj.weight,154737.52126963733,5.1895956356420365
adamw_grpo_mixed,AdamW + GRPO (Mixed),17,q_proj,attn,model.layers.17.self_attn.q_proj.weight,13088.426057834782,4.116887423823805
adamw_grpo_mixed,AdamW + GRPO (Mixed),17,v_proj,attn,model.layers.17.self_attn.v_proj.weight,4.045573948434539,0.606980143984298
adamw_grpo_mixed,AdamW + GRPO (Mixed),18,down_proj,mlp,model.layers.18.mlp.down_proj.weight,6.64400212306604,0.8224297625565572
adamw_grpo_mixed,AdamW + GRPO (Mixed),18,gate_proj,mlp,model.layers.18.mlp.gate_proj.weight,18.45585784036395,1.2661342362928776
adamw_grpo_mixed,AdamW + GRPO (Mixed),18,up_proj,mlp,model.layers.18.mlp.up_proj.weight,10.672569352369473,1.0282689856126448
adamw_grpo_mixed,AdamW + GRPO (Mixed),18,k_proj,attn,model.layers.18.self_attn.k_proj.weight,22.848129213319258,1.3588506461741994
adamw_grpo_mixed,AdamW + GRPO (Mixed),18,o_proj,attn,model.layers.18.self_attn.o_proj.weight,17661.699145689858,4.2470324825993995
adamw_grpo_mixed,AdamW + GRPO (Mixed),18,q_proj,attn,model.layers.18.self_attn.q_proj.weight,31158.930411166173,4.493582541282265
adamw_grpo_mixed,AdamW + GRPO (Mixed),18,v_proj,attn,model.layers.18.self_attn.v_proj.weight,2.1433703817588614,0.3310972251039583
adamw_grpo_mixed,AdamW + GRPO (Mixed),19,down_proj,mlp,model.layers.19.mlp.down_proj.weight,7.114489831992427,0.8521437630156227
adamw_grpo_mixed,AdamW + GRPO (Mixed),19,gate_proj,mlp,model.layers.19.mlp.gate_proj.weight,18.805794657908365,1.274291689699545
adamw_grpo_mixed,AdamW + GRPO (Mixed),19,up_proj,mlp,model.layers.19.mlp.up_proj.weight,10.389841688244273,1.0166089301899264
adamw_grpo_mixed,AdamW + GRPO (Mixed),19,k_proj,attn,model.layers.19.self_attn.k_proj.weight,22.402147133280746,1.350289645273768
adamw_grpo_mixed,AdamW + GRPO (Mixed),19,o_proj,attn,model.layers.19.self_attn.o_proj.weight,19588.769202135376,4.292007149342705
adamw_grpo_mixed,AdamW + GRPO (Mixed),19,q_proj,attn,model.layers.19.self_attn.q_proj.weight,24222.122727091337,4.384212200254842
adamw_grpo_mixed,AdamW + GRPO (Mixed),19,v_proj,attn,model.layers.19.self_attn.v_proj.weight,3.008776098227489,0.4783898703847162
adamw_grpo_mixed,AdamW + GRPO (Mixed),2,down_proj,mlp,model.layers.2.mlp.down_proj.weight,13.20334424537715,1.120683946612057
adamw_grpo_mixed,AdamW + GRPO (Mixed),2,gate_proj,mlp,model.layers.2.mlp.gate_proj.weight,17.387133563005783,1.2402279902615545
adamw_grpo_mixed,AdamW + GRPO (Mixed),2,up_proj,mlp,model.layers.2.mlp.up_proj.weight,8.91740646915166,0.9502385629058956
adamw_grpo_mixed,AdamW + GRPO (Mixed),2,k_proj,attn,model.layers.2.self_attn.k_proj.weight,17.24106438714549,1.2365640737389685
adamw_grpo_mixed,AdamW + GRPO (Mixed),2,o_proj,attn,model.layers.2.self_attn.o_proj.weight,35478.174064167295,4.549961260137637
adamw_grpo_mixed,AdamW + GRPO (Mixed),2,q_proj,attn,model.layers.2.self_attn.q_proj.weight,26035.236397653553,4.415561525385261
adamw_grpo_mixed,AdamW + GRPO (Mixed),2,v_proj,attn,model.layers.2.self_attn.v_proj.weight,3.1914743350650365,0.503991356306338
adamw_grpo_mixed,AdamW + GRPO (Mixed),20,down_proj,mlp,model.layers.20.mlp.down_proj.weight,7.516453771524715,0.8760129907633063
adamw_grpo_mixed,AdamW + GRPO (Mixed),20,gate_proj,mlp,model.layers.20.mlp.gate_proj.weight,19.20632268881945,1.2834442212473625
adamw_grpo_mixed,AdamW + GRPO (Mixed),20,up_proj,mlp,model.layers.20.mlp.up_proj.weight,11.18701065292558,1.0487140516417628
adamw_grpo_mixed,AdamW + GRPO (Mixed),20,k_proj,attn,model.layers.20.self_attn.k_proj.weight,22.076475683539407,1.3439297432710393
adamw_grpo_mixed,AdamW + GRPO (Mixed),20,o_proj,attn,model.layers.20.self_attn.o_proj.weight,95336.66731514018,4.979259966219699
adamw_grpo_mixed,AdamW + GRPO (Mixed),20,q_proj,attn,model.layers.20.self_attn.q_proj.weight,8996.302635738644,3.9540640566814016
adamw_grpo_mixed,AdamW + GRPO (Mixed),20,v_proj,attn,model.layers.20.self_attn.v_proj.weight,6.94317497196655,0.8415581098629288
adamw_grpo_mixed,AdamW + GRPO (Mixed),21,down_proj,mlp,model.layers.21.mlp.down_proj.weight,9.390390505647698,0.9726836530671279
adamw_grpo_mixed,AdamW + GRPO (Mixed),21,gate_proj,mlp,model.layers.21.mlp.gate_proj.weight,17.62998936634937,1.2462520503516656
adamw_grpo_mixed,AdamW + GRPO (Mixed),21,up_proj,mlp,model.layers.21.mlp.up_proj.weight,8.167617689564368,0.9120954010672959
adamw_grpo_mixed,AdamW + GRPO (Mixed),21,k_proj,attn,model.layers.21.self_attn.k_proj.weight,30.003855130264242,1.4771770598608303
adamw_grpo_mixed,AdamW + GRPO (Mixed),21,o_proj,attn,model.layers.21.self_attn.o_proj.weight,183850.20535503884,5.264464119298764
adamw_grpo_mixed,AdamW + GRPO (Mixed),21,q_proj,attn,model.layers.21.self_attn.q_proj.weight,15223.948086633485,4.182527294345763
adamw_grpo_mixed,AdamW + GRPO (Mixed),21,v_proj,attn,model.layers.21.self_attn.v_proj.weight,4.367873165234558,0.6402700187904309
adamw_grpo_mixed,AdamW + GRPO (Mixed),22,down_proj,mlp,model.layers.22.mlp.down_proj.weight,9.904102255495463,0.9958151155985157
adamw_grpo_mixed,AdamW + GRPO (Mixed),22,gate_proj,mlp,model.layers.22.mlp.gate_proj.weight,22.904316718840285,1.359917340440264
adamw_grpo_mixed,AdamW + GRPO (Mixed),22,up_proj,mlp,model.layers.22.mlp.up_proj.weight,12.79990169621422,1.1072066342607079
adamw_grpo_mixed,AdamW + GRPO (Mixed),22,k_proj,attn,model.layers.22.self_attn.k_proj.weight,20.396355792029674,1.309552579151853
adamw_grpo_mixed,AdamW + GRPO (Mixed),22,o_proj,attn,model.layers.22.self_attn.o_proj.weight,37505.06717206202,4.574089947626336
adamw_grpo_mixed,AdamW + GRPO (Mixed),22,q_proj,attn,model.layers.22.self_attn.q_proj.weight,50309.9142695731,4.701653577268442
adamw_grpo_mixed,AdamW + GRPO (Mixed),22,v_proj,attn,model.layers.22.self_attn.v_proj.weight,5.233247644313575,0.7187712866246455
adamw_grpo_mixed,AdamW + GRPO (Mixed),23,down_proj,mlp,model.layers.23.mlp.down_proj.weight,11.80673897311861,1.0721299618348674
adamw_grpo_mixed,AdamW + GRPO (Mixed),23,gate_proj,mlp,model.layers.23.mlp.gate_proj.weight,19.843866948045424,1.2976263064550875
adamw_grpo_mixed,AdamW + GRPO (Mixed),23,up_proj,mlp,model.layers.23.mlp.up_proj.weight,10.791986622024222,1.0331013983035198
adamw_grpo_mixed,AdamW + GRPO (Mixed),23,k_proj,attn,model.layers.23.self_attn.k_proj.weight,16.003035456797427,1.2042023674748843
adamw_grpo_mixed,AdamW + GRPO (Mixed),23,o_proj,attn,model.layers.23.self_attn.o_proj.weight,13915.962780949081,4.143513258531282
adamw_grpo_mixed,AdamW + GRPO (Mixed),23,q_proj,attn,model.layers.23.self_attn.q_proj.weight,718221.4107545839,5.856258347648825
adamw_grpo_mixed,AdamW + GRPO (Mixed),23,v_proj,attn,model.layers.23.self_attn.v_proj.weight,4.043187891097478,0.6067239239136358
adamw_grpo_mixed,AdamW + GRPO (Mixed),24,down_proj,mlp,model.layers.24.mlp.down_proj.weight,10.011522852787783,1.0005001430397282
adamw_grpo_mixed,AdamW + GRPO (Mixed),24,gate_proj,mlp,model.layers.24.mlp.gate_proj.weight,21.047894822473136,1.323208664888856
adamw_grpo_mixed,AdamW + GRPO (Mixed),24,up_proj,mlp,model.layers.24.mlp.up_proj.weight,13.894403316932094,1.142839901114978
adamw_grpo_mixed,AdamW + GRPO (Mixed),24,k_proj,attn,model.layers.24.self_attn.k_proj.weight,31.207600200616987,1.4942603736092306
adamw_grpo_mixed,AdamW + GRPO (Mixed),24,o_proj,attn,model.layers.24.self_attn.o_proj.weight,12481.687420263064,4.096273302315148
adamw_grpo_mixed,AdamW + GRPO (Mixed),24,q_proj,attn,model.layers.24.self_attn.q_proj.weight,134368.28832409804,5.128296784857036
adamw_grpo_mixed,AdamW + GRPO (Mixed),24,v_proj,attn,model.layers.24.self_attn.v_proj.weight,3.6002595590905204,0.556333812160957
adamw_grpo_mixed,AdamW + GRPO (Mixed),25,down_proj,mlp,model.layers.25.mlp.down_proj.weight,9.427178662791896,0.9743817378578502
adamw_grpo_mixed,AdamW + GRPO (Mixed),25,gate_proj,mlp,model.layers.25.mlp.gate_proj.weight,21.336967910891904,1.329132704070309
adamw_grpo_mixed,AdamW + GRPO (Mixed),25,up_proj,mlp,model.layers.25.mlp.up_proj.weight,18.11075573760076,1.2579365732197316
adamw_grpo_mixed,AdamW + GRPO (Mixed),25,k_proj,attn,model.layers.25.self_attn.k_proj.weight,22.452325718306263,1.3512613339501374
adamw_grpo_mixed,AdamW + GRPO (Mixed),25,o_proj,attn,model.layers.25.self_attn.o_proj.weight,16426.736015844508,4.215551277912865
adamw_grpo_mixed,AdamW + GRPO (Mixed),25,q_proj,attn,model.layers.25.self_attn.q_proj.weight,26248.616759613717,4.4191064220469185
adamw_grpo_mixed,AdamW + GRPO (Mixed),25,v_proj,attn,model.layers.25.self_attn.v_proj.weight,4.337246916204197,0.6372141469107016
adamw_grpo_mixed,AdamW + GRPO (Mixed),26,down_proj,mlp,model.layers.26.mlp.down_proj.weight,8.742037372772117,0.9416126587944493
adamw_grpo_mixed,AdamW + GRPO (Mixed),26,gate_proj,mlp,model.layers.26.mlp.gate_proj.weight,20.034530798187856,1.3017791758606065
adamw_grpo_mixed,AdamW + GRPO (Mixed),26,up_proj,mlp,model.layers.26.mlp.up_proj.weight,18.547196573145804,1.2682782748770653
adamw_grpo_mixed,AdamW + GRPO (Mixed),26,k_proj,attn,model.layers.26.self_attn.k_proj.weight,18.903832798091948,1.2765498673638829
adamw_grpo_mixed,AdamW + GRPO (Mixed),26,o_proj,attn,model.layers.26.self_attn.o_proj.weight,31373.021659839527,4.496556349331999
adamw_grpo_mixed,AdamW + GRPO (Mixed),26,q_proj,attn,model.layers.26.self_attn.q_proj.weight,41933.0980016537,4.622556949103339
adamw_grpo_mixed,AdamW + GRPO (Mixed),26,v_proj,attn,model.layers.26.self_attn.v_proj.weight,4.837981061735418,0.6846641639845416
adamw_grpo_mixed,AdamW + GRPO (Mixed),27,down_proj,mlp,model.layers.27.mlp.down_proj.weight,11.982621010372503,1.0785518235492135
adamw_grpo_mixed,AdamW + GRPO (Mixed),27,gate_proj,mlp,model.layers.27.mlp.gate_proj.weight,34.01125812522837,1.5316226974057625
adamw_grpo_mixed,AdamW + GRPO (Mixed),27,up_proj,mlp,model.layers.27.mlp.up_proj.weight,27.06171260580318,1.432355277542998
adamw_grpo_mixed,AdamW + GRPO (Mixed),27,k_proj,attn,model.layers.27.self_attn.k_proj.weight,16.965529315595294,1.2295674139520256
adamw_grpo_mixed,AdamW + GRPO (Mixed),27,o_proj,attn,model.layers.27.self_attn.o_proj.weight,115860.15949582211,5.063934122023454
adamw_grpo_mixed,AdamW + GRPO (Mixed),27,q_proj,attn,model.layers.27.self_attn.q_proj.weight,79902.6258512733,4.902561051829381
adamw_grpo_mixed,AdamW + GRPO (Mixed),27,v_proj,attn,model.layers.27.self_attn.v_proj.weight,7.852859961151365,0.8950278528144148
adamw_grpo_mixed,AdamW + GRPO (Mixed),3,down_proj,mlp,model.layers.3.mlp.down_proj.weight,10.758502987447558,1.03175184479491
adamw_grpo_mixed,AdamW + GRPO (Mixed),3,gate_proj,mlp,model.layers.3.mlp.gate_proj.weight,14.000600262780004,1.1461466560514186
adamw_grpo_mixed,AdamW + GRPO (Mixed),3,up_proj,mlp,model.layers.3.mlp.up_proj.weight,7.59249111598776,0.8803842924204311
adamw_grpo_mixed,AdamW + GRPO (Mixed),3,k_proj,attn,model.layers.3.self_attn.k_proj.weight,15.49701790397243,1.1902481347864016
adamw_grpo_mixed,AdamW + GRPO (Mixed),3,o_proj,attn,model.layers.3.self_attn.o_proj.weight,18422.71966607792,4.265353743601492
adamw_grpo_mixed,AdamW + GRPO (Mixed),3,q_proj,attn,model.layers.3.self_attn.q_proj.weight,83330.55715900491,4.920804285585074
adamw_grpo_mixed,AdamW + GRPO (Mixed),3,v_proj,attn,model.layers.3.self_attn.v_proj.weight,3.891413017604504,0.5901073273720762
adamw_grpo_mixed,AdamW + GRPO (Mixed),4,down_proj,mlp,model.layers.4.mlp.down_proj.weight,11.156526471649457,1.04752900024598
adamw_grpo_mixed,AdamW + GRPO (Mixed),4,gate_proj,mlp,model.layers.4.mlp.gate_proj.weight,17.496402438608165,1.242948759447549
adamw_grpo_mixed,AdamW + GRPO (Mixed),4,up_proj,mlp,model.layers.4.mlp.up_proj.weight,8.781816055776698,0.9435843361163764
adamw_grpo_mixed,AdamW + GRPO (Mixed),4,k_proj,attn,model.layers.4.self_attn.k_proj.weight,23.941581216397996,1.3791528298999207
adamw_grpo_mixed,AdamW + GRPO (Mixed),4,o_proj,attn,model.layers.4.self_attn.o_proj.weight,8581.581082645782,3.9335673102507362
adamw_grpo_mixed,AdamW + GRPO (Mixed),4,q_proj,attn,model.layers.4.self_attn.q_proj.weight,20237.178851487664,4.306149969895664
adamw_grpo_mixed,AdamW + GRPO (Mixed),4,v_proj,attn,model.layers.4.self_attn.v_proj.weight,3.7875595182888913,0.5783594661338184
adamw_grpo_mixed,AdamW + GRPO (Mixed),5,down_proj,mlp,model.layers.5.mlp.down_proj.weight,12.388568737487091,1.0930211348412353
adamw_grpo_mixed,AdamW + GRPO (Mixed),5,gate_proj,mlp,model.layers.5.mlp.gate_proj.weight,20.635323550814135,1.3146112827715437
adamw_grpo_mixed,AdamW + GRPO (Mixed),5,up_proj,mlp,model.layers.5.mlp.up_proj.weight,8.094593174542874,0.908195026469136
adamw_grpo_mixed,AdamW + GRPO (Mixed),5,k_proj,attn,model.layers.5.self_attn.k_proj.weight,22.335690885052625,1.348999390563193
adamw_grpo_mixed,AdamW + GRPO (Mixed),5,o_proj,attn,model.layers.5.self_attn.o_proj.weight,14689.496801666768,4.167006919003161
adamw_grpo_mixed,AdamW + GRPO (Mixed),5,q_proj,attn,model.layers.5.self_attn.q_proj.weight,14661.574652141706,4.166180616008475
adamw_grpo_mixed,AdamW + GRPO (Mixed),5,v_proj,attn,model.layers.5.self_attn.v_proj.weight,3.356045114020855,0.5258277902492206
adamw_grpo_mixed,AdamW + GRPO (Mixed),6,down_proj,mlp,model.layers.6.mlp.down_proj.weight,9.162334234148574,0.9620061304218125
adamw_grpo_mixed,AdamW + GRPO (Mixed),6,gate_proj,mlp,model.layers.6.mlp.gate_proj.weight,19.227920612399984,1.283932320359678
adamw_grpo_mixed,AdamW + GRPO (Mixed),6,up_proj,mlp,model.layers.6.mlp.up_proj.weight,7.420405985453511,0.8704276670605322
adamw_grpo_mixed,AdamW + GRPO (Mixed),6,k_proj,attn,model.layers.6.self_attn.k_proj.weight,22.19865958347283,1.3463267513390924
adamw_grpo_mixed,AdamW + GRPO (Mixed),6,o_proj,attn,model.layers.6.self_attn.o_proj.weight,43186.66302773471,4.635349648024587
adamw_grpo_mixed,AdamW + GRPO (Mixed),6,q_proj,attn,model.layers.6.self_attn.q_proj.weight,19339.203210627667,4.28643857686404
adamw_grpo_mixed,AdamW + GRPO (Mixed),6,v_proj,attn,model.layers.6.self_attn.v_proj.weight,3.2805039613770552,0.5159405665265319
adamw_grpo_mixed,AdamW + GRPO (Mixed),7,down_proj,mlp,model.layers.7.mlp.down_proj.weight,7.968315257816453,0.901366508149275
adamw_grpo_mixed,AdamW + GRPO (Mixed),7,gate_proj,mlp,model.layers.7.mlp.gate_proj.weight,16.823351823799324,1.2259125273452856
adamw_grpo_mixed,AdamW + GRPO (Mixed),7,up_proj,mlp,model.layers.7.mlp.up_proj.weight,8.45124730724166,0.9269208105681619
adamw_grpo_mixed,AdamW + GRPO (Mixed),7,k_proj,attn,model.layers.7.self_attn.k_proj.weight,30.444261894791282,1.4835054492755793
adamw_grpo_mixed,AdamW + GRPO (Mixed),7,o_proj,attn,model.layers.7.self_attn.o_proj.weight,9372.916076921096,3.971874728464093
adamw_grpo_mixed,AdamW + GRPO (Mixed),7,q_proj,attn,model.layers.7.self_attn.q_proj.weight,9459.48625703968,3.9758675505887524
adamw_grpo_mixed,AdamW + GRPO (Mixed),7,v_proj,attn,model.layers.7.self_attn.v_proj.weight,4.615596039188643,0.6642277919959654
adamw_grpo_mixed,AdamW + GRPO (Mixed),8,down_proj,mlp,model.layers.8.mlp.down_proj.weight,8.059122991910307,0.906287783678888
adamw_grpo_mixed,AdamW + GRPO (Mixed),8,gate_proj,mlp,model.layers.8.mlp.gate_proj.weight,15.70222957600144,1.1959613227153942
adamw_grpo_mixed,AdamW + GRPO (Mixed),8,up_proj,mlp,model.layers.8.mlp.up_proj.weight,11.036899808623417,1.0428471001063313
adamw_grpo_mixed,AdamW + GRPO (Mixed),8,k_proj,attn,model.layers.8.self_attn.k_proj.weight,26.248564267050376,1.4191055535343562
adamw_grpo_mixed,AdamW + GRPO (Mixed),8,o_proj,attn,model.layers.8.self_attn.o_proj.weight,8754.198785366727,3.942216404101137
adamw_grpo_mixed,AdamW + GRPO (Mixed),8,q_proj,attn,model.layers.8.self_attn.q_proj.weight,19240.454406277408,4.284215324656493
adamw_grpo_mixed,AdamW + GRPO (Mixed),8,v_proj,attn,model.layers.8.self_attn.v_proj.weight,2.6150915723207007,0.41748690110282194
adamw_grpo_mixed,AdamW + GRPO (Mixed),9,down_proj,mlp,model.layers.9.mlp.down_proj.weight,11.961303291618824,1.0777785025220556
adamw_grpo_mixed,AdamW + GRPO (Mixed),9,gate_proj,mlp,model.layers.9.mlp.gate_proj.weight,17.045724447143602,1.2316154635708365
adamw_grpo_mixed,AdamW + GRPO (Mixed),9,up_proj,mlp,model.layers.9.mlp.up_proj.weight,8.608033504834651,0.9349039487192108
adamw_grpo_mixed,AdamW + GRPO (Mixed),9,k_proj,attn,model.layers.9.self_attn.k_proj.weight,29.9754563775001,1.4767658039717582
adamw_grpo_mixed,AdamW + GRPO (Mixed),9,o_proj,attn,model.layers.9.self_attn.o_proj.weight,24033.922675633174,4.380824659582457
adamw_grpo_mixed,AdamW + GRPO (Mixed),9,q_proj,attn,model.layers.9.self_attn.q_proj.weight,40227.62767809638,4.604524421915266
adamw_grpo_mixed,AdamW + GRPO (Mixed),9,v_proj,attn,model.layers.9.self_attn.v_proj.weight,3.911999483915787,0.5923987888219696
muon_grpo_fp32,Muon + GRPO (FP32),99,lm_head,head,lm_head.weight,69.18251597378801,1.839996352036015
muon_grpo_fp32,Muon + GRPO (FP32),-1,embed,embed,model.embed_tokens.weight,69.18251597378801,1.839996352036015
muon_grpo_fp32,Muon + GRPO (FP32),0,down_proj,mlp,model.layers.0.mlp.down_proj.weight,10.547186579857366,1.0231366287530546
muon_grpo_fp32,Muon + GRPO (FP32),0,gate_proj,mlp,model.layers.0.mlp.gate_proj.weight,50.78717050716553,1.7057540177635298
muon_grpo_fp32,Muon + GRPO (FP32),0,up_proj,mlp,model.layers.0.mlp.up_proj.weight,30.558449388009034,1.4851313132768027
muon_grpo_fp32,Muon + GRPO (FP32),0,k_proj,attn,model.layers.0.self_attn.k_proj.weight,18.741862032436316,1.2728127365111817
muon_grpo_fp32,Muon + GRPO (FP32),0,o_proj,attn,model.layers.0.self_attn.o_proj.weight,37567.20262806982,4.574808857335836
muon_grpo_fp32,Muon + GRPO (FP32),0,q_proj,attn,model.layers.0.self_attn.q_proj.weight,189763.18660917293,5.278211964660349
muon_grpo_fp32,Muon + GRPO (FP32),0,v_proj,attn,model.layers.0.self_attn.v_proj.weight,7.772807534133377,0.890577914084146
muon_grpo_fp32,Muon + GRPO (FP32),1,down_proj,mlp,model.layers.1.mlp.down_proj.weight,8.998752220633756,0.9541822937435236
muon_grpo_fp32,Muon + GRPO (FP32),1,gate_proj,mlp,model.layers.1.mlp.gate_proj.weight,33.91573846724577,1.5304012776522087
muon_grpo_fp32,Muon + GRPO (FP32),1,up_proj,mlp,model.layers.1.mlp.up_proj.weight,37.73337179853847,1.576725614850377
muon_grpo_fp32,Muon + GRPO (FP32),1,k_proj,attn,model.layers.1.self_attn.k_proj.weight,30.088317590315246,1.478397904534041
muon_grpo_fp32,Muon + GRPO (FP32),1,o_proj,attn,model.layers.1.self_attn.o_proj.weight,64992.31115123082,4.8128619809181385
muon_grpo_fp32,Muon + GRPO (FP32),1,q_proj,attn,model.layers.1.self_attn.q_proj.weight,685684.2549458704,5.8361241770741925
muon_grpo_fp32,Muon + GRPO (FP32),1,v_proj,attn,model.layers.1.self_attn.v_proj.weight,3.341859085779044,0.5239881333015913
muon_grpo_fp32,Muon + GRPO (FP32),10,down_proj,mlp,model.layers.10.mlp.down_proj.weight,13.491557912844627,1.1300621019243906
muon_grpo_fp32,Muon + GRPO (FP32),10,gate_proj,mlp,model.layers.10.mlp.gate_proj.weight,16.209262131521783,1.2097632456010092
muon_grpo_fp32,Muon + GRPO (FP32),10,up_proj,mlp,model.layers.10.mlp.up_proj.weight,8.538101728550348,0.9313613249683814
muon_grpo_fp32,Muon + GRPO (FP32),10,k_proj,attn,model.layers.10.self_attn.k_proj.weight,24.038623127431755,1.3809095887348861
muon_grpo_fp32,Muon + GRPO (FP32),10,o_proj,attn,model.layers.10.self_attn.o_proj.weight,15265.008872730963,4.1836970610668445
muon_grpo_fp32,Muon + GRPO (FP32),10,q_proj,attn,model.layers.10.self_attn.q_proj.weight,12573.509965574565,4.099456530342623
muon_grpo_fp32,Muon + GRPO (FP32),10,v_proj,attn,model.layers.10.self_attn.v_proj.weight,3.2994465377089783,0.5184410957028124
muon_grpo_fp32,Muon + GRPO (FP32),11,down_proj,mlp,model.layers.11.mlp.down_proj.weight,16.053545780911147,1.2055709708847715
muon_grpo_fp32,Muon + GRPO (FP32),11,gate_proj,mlp,model.layers.11.mlp.gate_proj.weight,13.226170408956186,1.121434113951856
muon_grpo_fp32,Muon + GRPO (FP32),11,up_proj,mlp,model.layers.11.mlp.up_proj.weight,6.60512944418635,0.8198813331307105
muon_grpo_fp32,Muon + GRPO (FP32),11,k_proj,attn,model.layers.11.self_attn.k_proj.weight,21.61129968084048,1.3346808856821482
muon_grpo_fp32,Muon + GRPO (FP32),11,o_proj,attn,model.layers.11.self_attn.o_proj.weight,335966.33664440026,5.526295763871996
muon_grpo_fp32,Muon + GRPO (FP32),11,q_proj,attn,model.layers.11.self_attn.q_proj.weight,28394.090912313535,4.453227968526221
muon_grpo_fp32,Muon + GRPO (FP32),11,v_proj,attn,model.layers.11.self_attn.v_proj.weight,2.867927034017083,0.45756809778835056
muon_grpo_fp32,Muon + GRPO (FP32),12,down_proj,mlp,model.layers.12.mlp.down_proj.weight,14.145334799407074,1.1506132310305
muon_grpo_fp32,Muon + GRPO (FP32),12,gate_proj,mlp,model.layers.12.mlp.gate_proj.weight,18.88797254924639,1.2761853428911132
muon_grpo_fp32,Muon + GRPO (FP32),12,up_proj,mlp,model.layers.12.mlp.up_proj.weight,8.060892135635395,0.9063831098128283
muon_grpo_fp32,Muon + GRPO (FP32),12,k_proj,attn,model.layers.12.self_attn.k_proj.weight,20.865102943986585,1.3194205317697516
muon_grpo_fp32,Muon + GRPO (FP32),12,o_proj,attn,model.layers.12.self_attn.o_proj.weight,83205.96748230913,4.920154474748656
muon_grpo_fp32,Muon + GRPO (FP32),12,q_proj,attn,model.layers.12.self_attn.q_proj.weight,14142.30925312476,4.150520329828992
muon_grpo_fp32,Muon + GRPO (FP32),12,v_proj,attn,model.layers.12.self_attn.v_proj.weight,2.550692005883539,0.4066580210478024
muon_grpo_fp32,Muon + GRPO (FP32),13,down_proj,mlp,model.layers.13.mlp.down_proj.weight,30.004894849953143,1.4771921091502693
muon_grpo_fp32,Muon + GRPO (FP32),13,gate_proj,mlp,model.layers.13.mlp.gate_proj.weight,12.31659455443381,1.090490645274796
muon_grpo_fp32,Muon + GRPO (FP32),13,up_proj,mlp,model.layers.13.mlp.up_proj.weight,6.311111550144868,0.8001058564834789
muon_grpo_fp32,Muon + GRPO (FP32),13,k_proj,attn,model.layers.13.self_attn.k_proj.weight,41.90211577665736,1.6222359524872605
muon_grpo_fp32,Muon + GRPO (FP32),13,o_proj,attn,model.layers.13.self_attn.o_proj.weight,9715.256243688864,3.987454259773937
muon_grpo_fp32,Muon + GRPO (FP32),13,q_proj,attn,model.layers.13.self_attn.q_proj.weight,51758.391679802364,4.7139807727719445
muon_grpo_fp32,Muon + GRPO (FP32),13,v_proj,attn,model.layers.13.self_attn.v_proj.weight,3.7000953673606483,0.5682129178466504
muon_grpo_fp32,Muon + GRPO (FP32),14,down_proj,mlp,model.layers.14.mlp.down_proj.weight,12.148938421338961,1.0845383307823284
muon_grpo_fp32,Muon + GRPO (FP32),14,gate_proj,mlp,model.layers.14.mlp.gate_proj.weight,13.416212816706015,1.127629938714608
muon_grpo_fp32,Muon + GRPO (FP32),14,up_proj,mlp,model.layers.14.mlp.up_proj.weight,6.92764389799894,0.8405855555236078
muon_grpo_fp32,Muon + GRPO (FP32),14,k_proj,attn,model.layers.14.self_attn.k_proj.weight,23.13654386766871,1.3642984846372255
muon_grpo_fp32,Muon + GRPO (FP32),14,o_proj,attn,model.layers.14.self_attn.o_proj.weight,6486.388602800444,3.812002963917018
muon_grpo_fp32,Muon + GRPO (FP32),14,q_proj,attn,model.layers.14.self_attn.q_proj.weight,12381.664752008326,4.092779040807242
muon_grpo_fp32,Muon + GRPO (FP32),14,v_proj,attn,model.layers.14.self_attn.v_proj.weight,6.809562170356507,0.8331191892826932
muon_grpo_fp32,Muon + GRPO (FP32),15,down_proj,mlp,model.layers.15.mlp.down_proj.weight,12.83092193825749,1.1082578627905841
muon_grpo_fp32,Muon + GRPO (FP32),15,gate_proj,mlp,model.layers.15.mlp.gate_proj.weight,16.830880516595165,1.2261068369202985
muon_grpo_fp32,Muon + GRPO (FP32),15,up_proj,mlp,model.layers.15.mlp.up_proj.weight,9.40048798790086,0.9731503988073298
muon_grpo_fp32,Muon + GRPO (FP32),15,k_proj,attn,model.layers.15.self_attn.k_proj.weight,25.439654792943823,1.4055112137948984
muon_grpo_fp32,Muon + GRPO (FP32),15,o_proj,attn,model.layers.15.self_attn.o_proj.weight,31784.537806377193,4.50221590053604
muon_grpo_fp32,Muon + GRPO (FP32),15,q_proj,attn,model.layers.15.self_attn.q_proj.weight,22067.721098505248,4.343757486517097
muon_grpo_fp32,Muon + GRPO (FP32),15,v_proj,attn,model.layers.15.self_attn.v_proj.weight,3.3575605186631003,0.5260238493927457
muon_grpo_fp32,Muon + GRPO (FP32),16,down_proj,mlp,model.layers.16.mlp.down_proj.weight,9.686369952911363,0.9861610520984735
muon_grpo_fp32,Muon + GRPO (FP32),16,gate_proj,mlp,model.layers.16.mlp.gate_proj.weight,12.918817758957013,1.1112227718437548
muon_grpo_fp32,Muon + GRPO (FP32),16,up_proj,mlp,model.layers.16.mlp.up_proj.weight,6.159296621365971,0.7895311194856925
muon_grpo_fp32,Muon + GRPO (FP32),16,k_proj,attn,model.layers.16.self_attn.k_proj.weight,20.667269640482736,1.3152831056357353
muon_grpo_fp32,Muon + GRPO (FP32),16,o_proj,attn,model.layers.16.self_attn.o_proj.weight,35697.46974770331,4.552637434219933
muon_grpo_fp32,Muon + GRPO (FP32),16,q_proj,attn,model.layers.16.self_attn.q_proj.weight,102273.45779916784,5.0097629394110745
muon_grpo_fp32,Muon + GRPO (FP32),16,v_proj,attn,model.layers.16.self_attn.v_proj.weight,2.78852698049782,0.44537485088052425
muon_grpo_fp32,Muon + GRPO (FP32),17,down_proj,mlp,model.layers.17.mlp.down_proj.weight,6.79974724050608,0.8324927694571701
muon_grpo_fp32,Muon + GRPO (FP32),17,gate_proj,mlp,model.layers.17.mlp.gate_proj.weight,17.968032363478976,1.2545005211562337
muon_grpo_fp32,Muon + GRPO (FP32),17,up_proj,mlp,model.layers.17.mlp.up_proj.weight,12.572340298233721,1.0994161276466052
muon_grpo_fp32,Muon + GRPO (FP32),17,k_proj,attn,model.layers.17.self_attn.k_proj.weight,15.489386104561582,1.1900342055781443
muon_grpo_fp32,Muon + GRPO (FP32),17,o_proj,attn,model.layers.17.self_attn.o_proj.weight,50828.71000959021,4.7061090878096135
muon_grpo_fp32,Muon + GRPO (FP32),17,q_proj,attn,model.layers.17.self_attn.q_proj.weight,13636.93652781589,4.134716819111272
muon_grpo_fp32,Muon + GRPO (FP32),17,v_proj,attn,model.layers.17.self_attn.v_proj.weight,4.045173445130521,0.6069371476165707
muon_grpo_fp32,Muon + GRPO (FP32),18,down_proj,mlp,model.layers.18.mlp.down_proj.weight,6.643986550055815,0.8224287446037919
muon_grpo_fp32,Muon + GRPO (FP32),18,gate_proj,mlp,model.layers.18.mlp.gate_proj.weight,18.45566368960845,1.2661296676054716
muon_grpo_fp32,Muon + GRPO (FP32),18,up_proj,mlp,model.layers.18.mlp.up_proj.weight,10.67401681303978,1.0283278825414537
muon_grpo_fp32,Muon + GRPO (FP32),18,k_proj,attn,model.layers.18.self_attn.k_proj.weight,22.84773081819294,1.3588430734617103
muon_grpo_fp32,Muon + GRPO (FP32),18,o_proj,attn,model.layers.18.self_attn.o_proj.weight,25351.48916916642,4.404003475265262
muon_grpo_fp32,Muon + GRPO (FP32),18,q_proj,attn,model.layers.18.self_attn.q_proj.weight,35665.64634317184,4.552250098838391
muon_grpo_fp32,Muon + GRPO (FP32),18,v_proj,attn,model.layers.18.self_attn.v_proj.weight,2.1434846640801997,0.3311203806252051
muon_grpo_fp32,Muon + GRPO (FP32),19,down_proj,mlp,model.layers.19.mlp.down_proj.weight,7.114444305456766,0.8521409839004722
muon_grpo_fp32,Muon + GRPO (FP32),19,gate_proj,mlp,model.layers.19.mlp.gate_proj.weight,18.805639138028823,1.27428809816268
muon_grpo_fp32,Muon + GRPO (FP32),19,up_proj,mlp,model.layers.19.mlp.up_proj.weight,10.3907893483228,1.0166485404926535
muon_grpo_fp32,Muon + GRPO (FP32),19,k_proj,attn,model.layers.19.self_attn.k_proj.weight,22.399445617289672,1.3502372697479403
muon_grpo_fp32,Muon + GRPO (FP32),19,o_proj,attn,model.layers.19.self_attn.o_proj.weight,25664.897677804653,4.409339537131619
muon_grpo_fp32,Muon + GRPO (FP32),19,q_proj,attn,model.layers.19.self_attn.q_proj.weight,27885.019411563495,4.445370951152556
muon_grpo_fp32,Muon + GRPO (FP32),19,v_proj,attn,model.layers.19.self_attn.v_proj.weight,3.008804943872565,0.47839403401937136
muon_grpo_fp32,Muon + GRPO (FP32),2,down_proj,mlp,model.layers.2.mlp.down_proj.weight,13.203256461198512,1.1206810591382166
muon_grpo_fp32,Muon + GRPO (FP32),2,gate_proj,mlp,model.layers.2.mlp.gate_proj.weight,17.387794615448648,1.2402445016646404
muon_grpo_fp32,Muon + GRPO (FP32),2,up_proj,mlp,model.layers.2.mlp.up_proj.weight,8.916730536571034,0.9502056424691006
muon_grpo_fp32,Muon + GRPO (FP32),2,k_proj,attn,model.layers.2.self_attn.k_proj.weight,17.246486903088588,1.2367006429463159
muon_grpo_fp32,Muon + GRPO (FP32),2,o_proj,attn,model.layers.2.self_attn.o_proj.weight,26331.688686303245,4.42047871188336
muon_grpo_fp32,Muon + GRPO (FP32),2,q_proj,attn,model.layers.2.self_attn.q_proj.weight,23257.346259671725,4.3665601587788965
muon_grpo_fp32,Muon + GRPO (FP32),2,v_proj,attn,model.layers.2.self_attn.v_proj.weight,3.191206551158898,0.5039549148564457
muon_grpo_fp32,Muon + GRPO (FP32),20,down_proj,mlp,model.layers.20.mlp.down_proj.weight,7.516651587584946,0.87602442026125
muon_grpo_fp32,Muon + GRPO (FP32),20,gate_proj,mlp,model.layers.20.mlp.gate_proj.weight,19.204875550196707,1.2834114972321005
muon_grpo_fp32,Muon + GRPO (FP32),20,up_proj,mlp,model.layers.20.mlp.up_proj.weight,11.188444079688047,1.0487696955910315
muon_grpo_fp32,Muon + GRPO (FP32),20,k_proj,attn,model.layers.20.self_attn.k_proj.weight,22.072402659119383,1.343849610225685
muon_grpo_fp32,Muon + GRPO (FP32),20,o_proj,attn,model.layers.20.self_attn.o_proj.weight,104524.72530483743,5.019219034880668
muon_grpo_fp32,Muon + GRPO (FP32),20,q_proj,attn,model.layers.20.self_attn.q_proj.weight,9460.656536147773,3.9759212759506735
muon_grpo_fp32,Muon + GRPO (FP32),20,v_proj,attn,model.layers.20.self_attn.v_proj.weight,6.94243449406458,0.8415117906188382
muon_grpo_fp32,Muon + GRPO (FP32),21,down_proj,mlp,model.layers.21.mlp.down_proj.weight,9.390663836598938,0.9726962941171672
muon_grpo_fp32,Muon + GRPO (FP32),21,gate_proj,mlp,model.layers.21.mlp.gate_proj.weight,17.630477942092366,1.2462640856855896
muon_grpo_fp32,Muon + GRPO (FP32),21,up_proj,mlp,model.layers.21.mlp.up_proj.weight,8.16770417252639,0.9120999995776287
muon_grpo_fp32,Muon + GRPO (FP32),21,k_proj,attn,model.layers.21.self_attn.k_proj.weight,29.99375349565924,1.4770308178918892
muon_grpo_fp32,Muon + GRPO (FP32),21,o_proj,attn,model.layers.21.self_attn.o_proj.weight,967051.379173251,5.9854495486421095
muon_grpo_fp32,Muon + GRPO (FP32),21,q_proj,attn,model.layers.21.self_attn.q_proj.weight,14189.899710306734,4.151979326013197
muon_grpo_fp32,Muon + GRPO (FP32),21,v_proj,attn,model.layers.21.self_attn.v_proj.weight,4.366749425606658,0.6401582717934405
muon_grpo_fp32,Muon + GRPO (FP32),22,down_proj,mlp,model.layers.22.mlp.down_proj.weight,9.904916362894083,0.9958508127077876
muon_grpo_fp32,Muon + GRPO (FP32),22,gate_proj,mlp,model.layers.22.mlp.gate_proj.weight,22.903653812666683,1.3599047707284915
muon_grpo_fp32,Muon + GRPO (FP32),22,up_proj,mlp,model.layers.22.mlp.up_proj.weight,12.799841583823271,1.1072045946715292
muon_grpo_fp32,Muon + GRPO (FP32),22,k_proj,attn,model.layers.22.self_attn.k_proj.weight,20.393311018940725,1.3094877427235605
muon_grpo_fp32,Muon + GRPO (FP32),22,o_proj,attn,model.layers.22.self_attn.o_proj.weight,38784.168085288766,4.588654480327237
muon_grpo_fp32,Muon + GRPO (FP32),22,q_proj,attn,model.layers.22.self_attn.q_proj.weight,43720.41628055601,4.64068428839861
muon_grpo_fp32,Muon + GRPO (FP32),22,v_proj,attn,model.layers.22.self_attn.v_proj.weight,5.233362898217175,0.7187808511602036
muon_grpo_fp32,Muon + GRPO (FP32),23,down_proj,mlp,model.layers.23.mlp.down_proj.weight,11.805505640850877,1.0720845930520622
muon_grpo_fp32,Muon + GRPO (FP32),23,gate_proj,mlp,model.layers.23.mlp.gate_proj.weight,19.843007890957974,1.2976075050879206
muon_grpo_fp32,Muon + GRPO (FP32),23,up_proj,mlp,model.layers.23.mlp.up_proj.weight,10.792423604796834,1.0331189831441399
muon_grpo_fp32,Muon + GRPO (FP32),23,k_proj,attn,model.layers.23.self_attn.k_proj.weight,16.000009241275137,1.2041202334955272
muon_grpo_fp32,Muon + GRPO (FP32),23,o_proj,attn,model.layers.23.self_attn.o_proj.weight,13296.126623326723,4.123725142386954
muon_grpo_fp32,Muon + GRPO (FP32),23,q_proj,attn,model.layers.23.self_attn.q_proj.weight,186170.44067104414,5.2699107267391065
muon_grpo_fp32,Muon + GRPO (FP32),23,v_proj,attn,model.layers.23.self_attn.v_proj.weight,4.041986146902116,0.606594820724491
muon_grpo_fp32,Muon + GRPO (FP32),24,down_proj,mlp,model.layers.24.mlp.down_proj.weight,10.012000985775481,1.0005208836965562
muon_grpo_fp32,Muon + GRPO (FP32),24,gate_proj,mlp,model.layers.24.mlp.gate_proj.weight,21.04850895816188,1.3232213365527905
muon_grpo_fp32,Muon + GRPO (FP32),24,up_proj,mlp,model.layers.24.mlp.up_proj.weight,13.894766309228913,1.1428512469416876
muon_grpo_fp32,Muon + GRPO (FP32),24,k_proj,attn,model.layers.24.self_attn.k_proj.weight,31.21152405271918,1.4943149756991643
muon_grpo_fp32,Muon + GRPO (FP32),24,o_proj,attn,model.layers.24.self_attn.o_proj.weight,14673.858121634312,4.166544315659486
muon_grpo_fp32,Muon + GRPO (FP32),24,q_proj,attn,model.layers.24.self_attn.q_proj.weight,106003.33595813738,5.025319532863014
muon_grpo_fp32,Muon + GRPO (FP32),24,v_proj,attn,model.layers.24.self_attn.v_proj.weight,3.59961671487386,0.5562562598014059
muon_grpo_fp32,Muon + GRPO (FP32),25,down_proj,mlp,model.layers.25.mlp.down_proj.weight,9.42883663841474,0.9744581113285422
muon_grpo_fp32,Muon + GRPO (FP32),25,gate_proj,mlp,model.layers.25.mlp.gate_proj.weight,21.33846695635009,1.3291632146988663
muon_grpo_fp32,Muon + GRPO (FP32),25,up_proj,mlp,model.layers.25.mlp.up_proj.weight,18.11361852687265,1.2580052172535607
muon_grpo_fp32,Muon + GRPO (FP32),25,k_proj,attn,model.layers.25.self_attn.k_proj.weight,22.46238791880883,1.3514559231113856
muon_grpo_fp32,Muon + GRPO (FP32),25,o_proj,attn,model.layers.25.self_attn.o_proj.weight,16039.39919835827,4.205188096508961
muon_grpo_fp32,Muon + GRPO (FP32),25,q_proj,attn,model.layers.25.self_attn.q_proj.weight,23796.3250371492,4.376509892379177
muon_grpo_fp32,Muon + GRPO (FP32),25,v_proj,attn,model.layers.25.self_attn.v_proj.weight,4.337337883579207,0.6372232555031964
muon_grpo_fp32,Muon + GRPO (FP32),26,down_proj,mlp,model.layers.26.mlp.down_proj.weight,8.741655821298094,0.941593703337165
muon_grpo_fp32,Muon + GRPO (FP32),26,gate_proj,mlp,model.layers.26.mlp.gate_proj.weight,20.033384465880392,1.3017543257633446
muon_grpo_fp32,Muon + GRPO (FP32),26,up_proj,mlp,model.layers.26.mlp.up_proj.weight,18.54924227964545,1.2683261737629297
muon_grpo_fp32,Muon + GRPO (FP32),26,k_proj,attn,model.layers.26.self_attn.k_proj.weight,18.924384622192466,1.2770217661361096
muon_grpo_fp32,Muon + GRPO (FP32),26,o_proj,attn,model.layers.26.self_attn.o_proj.weight,32892.73008021823,4.5170999212043945
muon_grpo_fp32,Muon + GRPO (FP32),26,q_proj,attn,model.layers.26.self_attn.q_proj.weight,51270.485913464305,4.709867433464121
muon_grpo_fp32,Muon + GRPO (FP32),26,v_proj,attn,model.layers.26.self_attn.v_proj.weight,4.8338244535607915,0.6842908744054743
muon_grpo_fp32,Muon + GRPO (FP32),27,down_proj,mlp,model.layers.27.mlp.down_proj.weight,11.983529287036863,1.0785847416056111
muon_grpo_fp32,Muon + GRPO (FP32),27,gate_proj,mlp,model.layers.27.mlp.gate_proj.weight,34.01168035434983,1.53162808887463
muon_grpo_fp32,Muon + GRPO (FP32),27,up_proj,mlp,model.layers.27.mlp.up_proj.weight,27.05983096134565,1.4323250792984072
muon_grpo_fp32,Muon + GRPO (FP32),27,k_proj,attn,model.layers.27.self_attn.k_proj.weight,16.960897988634095,1.2294488420943057
muon_grpo_fp32,Muon + GRPO (FP32),27,o_proj,attn,model.layers.27.self_attn.o_proj.weight,100210.40671513964,5.000912824767511
muon_grpo_fp32,Muon + GRPO (FP32),27,q_proj,attn,model.layers.27.self_attn.q_proj.weight,60823.97446839752,4.784074795178348
muon_grpo_fp32,Muon + GRPO (FP32),27,v_proj,attn,model.layers.27.self_attn.v_proj.weight,7.852980018199512,0.8950344923973461
muon_grpo_fp32,Muon + GRPO (FP32),3,down_proj,mlp,model.layers.3.mlp.down_proj.weight,10.758499662838153,1.0317517105885297
muon_grpo_fp32,Muon + GRPO (FP32),3,gate_proj,mlp,model.layers.3.mlp.gate_proj.weight,14.000004018189387,1.1461281603266114
muon_grpo_fp32,Muon + GRPO (FP32),3,up_proj,mlp,model.layers.3.mlp.up_proj.weight,7.592096860282031,0.8803617402013307
muon_grpo_fp32,Muon + GRPO (FP32),3,k_proj,attn,model.layers.3.self_attn.k_proj.weight,15.505948221826765,1.1904983294198639
muon_grpo_fp32,Muon + GRPO (FP32),3,o_proj,attn,model.layers.3.self_attn.o_proj.weight,15259.298496787202,4.183534568613805
muon_grpo_fp32,Muon + GRPO (FP32),3,q_proj,attn,model.layers.3.self_attn.q_proj.weight,87860.01851936385,4.943791290471035
muon_grpo_fp32,Muon + GRPO (FP32),3,v_proj,attn,model.layers.3.self_attn.v_proj.weight,3.8920147154941755,0.5901744736430351
muon_grpo_fp32,Muon + GRPO (FP32),4,down_proj,mlp,model.layers.4.mlp.down_proj.weight,11.15743107086987,1.0475642125071154
muon_grpo_fp32,Muon + GRPO (FP32),4,gate_proj,mlp,model.layers.4.mlp.gate_proj.weight,17.495474502437183,1.2429257256697732
muon_grpo_fp32,Muon + GRPO (FP32),4,up_proj,mlp,model.layers.4.mlp.up_proj.weight,8.780487971243677,0.9435186522762146
muon_grpo_fp32,Muon + GRPO (FP32),4,k_proj,attn,model.layers.4.self_attn.k_proj.weight,23.940676376191263,1.379136416007653
muon_grpo_fp32,Muon + GRPO (FP32),4,o_proj,attn,model.layers.4.self_attn.o_proj.weight,8773.388923407565,3.9431673820139728
muon_grpo_fp32,Muon + GRPO (FP32),4,q_proj,attn,model.layers.4.self_attn.q_proj.weight,19317.3682669006,4.285947959294019
muon_grpo_fp32,Muon + GRPO (FP32),4,v_proj,attn,model.layers.4.self_attn.v_proj.weight,3.7875693442802048,0.5783605928140068
muon_grpo_fp32,Muon + GRPO (FP32),5,down_proj,mlp,model.layers.5.mlp.down_proj.weight,12.388271828829517,1.0930107262670448
muon_grpo_fp32,Muon + GRPO (FP32),5,gate_proj,mlp,model.layers.5.mlp.gate_proj.weight,20.635275793389603,1.3146102776596105
muon_grpo_fp32,Muon + GRPO (FP32),5,up_proj,mlp,model.layers.5.mlp.up_proj.weight,8.096030263950915,0.9082721229446267
muon_grpo_fp32,Muon + GRPO (FP32),5,k_proj,attn,model.layers.5.self_attn.k_proj.weight,22.35092919526092,1.349295582769344
muon_grpo_fp32,Muon + GRPO (FP32),5,o_proj,attn,model.layers.5.self_attn.o_proj.weight,15096.416444960141,4.178873867632075
muon_grpo_fp32,Muon + GRPO (FP32),5,q_proj,attn,model.layers.5.self_attn.q_proj.weight,15160.124759042668,4.180702775302687
muon_grpo_fp32,Muon + GRPO (FP32),5,v_proj,attn,model.layers.5.self_attn.v_proj.weight,3.3557559796638396,0.5257903727351717
muon_grpo_fp32,Muon + GRPO (FP32),6,down_proj,mlp,model.layers.6.mlp.down_proj.weight,9.162674787219128,0.9620222723313943
muon_grpo_fp32,Muon + GRPO (FP32),6,gate_proj,mlp,model.layers.6.mlp.gate_proj.weight,19.227754109369936,1.2839285595962695
muon_grpo_fp32,Muon + GRPO (FP32),6,up_proj,mlp,model.layers.6.mlp.up_proj.weight,7.420295473939152,0.8704211990992967
muon_grpo_fp32,Muon + GRPO (FP32),6,k_proj,attn,model.layers.6.self_attn.k_proj.weight,22.19785453459015,1.346311001080569
muon_grpo_fp32,Muon + GRPO (FP32),6,o_proj,attn,model.layers.6.self_attn.o_proj.weight,82180.4649314872,4.91476859393009
muon_grpo_fp32,Muon + GRPO (FP32),6,q_proj,attn,model.layers.6.self_attn.q_proj.weight,17857.89843109509,4.2518303485345434
muon_grpo_fp32,Muon + GRPO (FP32),6,v_proj,attn,model.layers.6.self_attn.v_proj.weight,3.2804177400029473,0.5159291518294196
muon_grpo_fp32,Muon + GRPO (FP32),7,down_proj,mlp,model.layers.7.mlp.down_proj.weight,7.968167068647983,0.9013584313683608
muon_grpo_fp32,Muon + GRPO (FP32),7,gate_proj,mlp,model.layers.7.mlp.gate_proj.weight,16.82332152647297,1.2259117452197237
muon_grpo_fp32,Muon + GRPO (FP32),7,up_proj,mlp,model.layers.7.mlp.up_proj.weight,8.451054350178364,0.9269108947366337
muon_grpo_fp32,Muon + GRPO (FP32),7,k_proj,attn,model.layers.7.self_attn.k_proj.weight,30.438094297053834,1.4834174581451212
muon_grpo_fp32,Muon + GRPO (FP32),7,o_proj,attn,model.layers.7.self_attn.o_proj.weight,9748.138626975155,3.988921696600322
muon_grpo_fp32,Muon + GRPO (FP32),7,q_proj,attn,model.layers.7.self_attn.q_proj.weight,8654.360232349327,3.9372349684760017
muon_grpo_fp32,Muon + GRPO (FP32),7,v_proj,attn,model.layers.7.self_attn.v_proj.weight,4.615063675462604,0.6641776974987166
muon_grpo_fp32,Muon + GRPO (FP32),8,down_proj,mlp,model.layers.8.mlp.down_proj.weight,8.059631625339902,0.9063151923338496
muon_grpo_fp32,Muon + GRPO (FP32),8,gate_proj,mlp,model.layers.8.mlp.gate_proj.weight,15.70333594529096,1.1959919217553803
muon_grpo_fp32,Muon + GRPO (FP32),8,up_proj,mlp,model.layers.8.mlp.up_proj.weight,11.03686946303755,1.0428459060265773
muon_grpo_fp32,Muon + GRPO (FP32),8,k_proj,attn,model.layers.8.self_attn.k_proj.weight,26.246703194580583,1.4190747601488387
muon_grpo_fp32,Muon + GRPO (FP32),8,o_proj,attn,model.layers.8.self_attn.o_proj.weight,8835.181984998075,3.946215499430386
muon_grpo_fp32,Muon + GRPO (FP32),8,q_proj,attn,model.layers.8.self_attn.q_proj.weight,19521.655269915518,4.290516639361016
muon_grpo_fp32,Muon + GRPO (FP32),8,v_proj,attn,model.layers.8.self_attn.v_proj.weight,2.614944185190374,0.4174624234814866
muon_grpo_fp32,Muon + GRPO (FP32),9,down_proj,mlp,model.layers.9.mlp.down_proj.weight,11.961278926129252,1.0777776178518663
muon_grpo_fp32,Muon + GRPO (FP32),9,gate_proj,mlp,model.layers.9.mlp.gate_proj.weight,17.04615095297145,1.2316263300383083
muon_grpo_fp32,Muon + GRPO (FP32),9,up_proj,mlp,model.layers.9.mlp.up_proj.weight,8.607478735528117,0.9348759584688742
muon_grpo_fp32,Muon + GRPO (FP32),9,k_proj,attn,model.layers.9.self_attn.k_proj.weight,29.977999985208562,1.4768026550512319
muon_grpo_fp32,Muon + GRPO (FP32),9,o_proj,attn,model.layers.9.self_attn.o_proj.weight,24278.351127410984,4.385219188145263
muon_grpo_fp32,Muon + GRPO (FP32),9,q_proj,attn,model.layers.9.self_attn.q_proj.weight,34923.118852190375,4.54311302196972
muon_grpo_fp32,Muon + GRPO (FP32),9,v_proj,attn,model.layers.9.self_attn.v_proj.weight,3.911935433944062,0.5923916781929629
muon_grpo_bf16,Muon + GRPO (BF16),99,lm_head,head,lm_head.weight,69.18863694108522,1.8400347748180301
muon_grpo_bf16,Muon + GRPO (BF16),-1,embed,embed,model.embed_tokens.weight,69.18863694108522,1.8400347748180301
muon_grpo_bf16,Muon + GRPO (BF16),0,down_proj,mlp,model.layers.0.mlp.down_proj.weight,10.54681680475172,1.0231214025027295
muon_grpo_bf16,Muon + GRPO (BF16),0,gate_proj,mlp,model.layers.0.mlp.gate_proj.weight,50.78067361419596,1.7056984575654286
muon_grpo_bf16,Muon + GRPO (BF16),0,up_proj,mlp,model.layers.0.mlp.up_proj.weight,30.556909599077002,1.4851094293560436
muon_grpo_bf16,Muon + GRPO (BF16),0,k_proj,attn,model.layers.0.self_attn.k_proj.weight,18.739046327583253,1.2727474848864926
muon_grpo_bf16,Muon + GRPO (BF16),0,o_proj,attn,model.layers.0.self_attn.o_proj.weight,38634.50895758165,4.586975396757884
muon_grpo_bf16,Muon + GRPO (BF16),0,q_proj,attn,model.layers.0.self_attn.q_proj.weight,184784.45594615306,5.266665435603037
muon_grpo_bf16,Muon + GRPO (BF16),0,v_proj,attn,model.layers.0.self_attn.v_proj.weight,7.775365628446808,0.8907208204234205
muon_grpo_bf16,Muon + GRPO (BF16),1,down_proj,mlp,model.layers.1.mlp.down_proj.weight,8.998457420813315,0.9541680659895722
muon_grpo_bf16,Muon + GRPO (BF16),1,gate_proj,mlp,model.layers.1.mlp.gate_proj.weight,33.915379558180284,1.5303966817607892
muon_grpo_bf16,Muon + GRPO (BF16),1,up_proj,mlp,model.layers.1.mlp.up_proj.weight,37.734279957606596,1.5767360672352815
muon_grpo_bf16,Muon + GRPO (BF16),1,k_proj,attn,model.layers.1.self_attn.k_proj.weight,30.087389995803694,1.4783845154375432
muon_grpo_bf16,Muon + GRPO (BF16),1,o_proj,attn,model.layers.1.self_attn.o_proj.weight,48244.99438861096,4.683452260225369
muon_grpo_bf16,Muon + GRPO (BF16),1,q_proj,attn,model.layers.1.self_attn.q_proj.weight,1065245.6796804671,6.02744978150686
muon_grpo_bf16,Muon + GRPO (BF16),1,v_proj,attn,model.layers.1.self_attn.v_proj.weight,3.3419931878568168,0.5240055603152391
muon_grpo_bf16,Muon + GRPO (BF16),10,down_proj,mlp,model.layers.10.mlp.down_proj.weight,13.491540294314474,1.130061534781925
muon_grpo_bf16,Muon + GRPO (BF16),10,gate_proj,mlp,model.layers.10.mlp.gate_proj.weight,16.20961132771757,1.2097726015079089
muon_grpo_bf16,Muon + GRPO (BF16),10,up_proj,mlp,model.layers.10.mlp.up_proj.weight,8.537118447936438,0.9313113070663173
muon_grpo_bf16,Muon + GRPO (BF16),10,k_proj,attn,model.layers.10.self_attn.k_proj.weight,24.034011071445356,1.3808262568973595
muon_grpo_bf16,Muon + GRPO (BF16),10,o_proj,attn,model.layers.10.self_attn.o_proj.weight,15560.593607271936,4.1920261604843425
muon_grpo_bf16,Muon + GRPO (BF16),10,q_proj,attn,model.layers.10.self_attn.q_proj.weight,12822.883857081806,4.10798570867499
muon_grpo_bf16,Muon + GRPO (BF16),10,v_proj,attn,model.layers.10.self_attn.v_proj.weight,3.299474833335575,0.5184448201401263
muon_grpo_bf16,Muon + GRPO (BF16),11,down_proj,mlp,model.layers.11.mlp.down_proj.weight,16.054004090089915,1.2055833692862787
muon_grpo_bf16,Muon + GRPO (BF16),11,gate_proj,mlp,model.layers.11.mlp.gate_proj.weight,13.225499567556307,1.1214120856475167
muon_grpo_bf16,Muon + GRPO (BF16),11,up_proj,mlp,model.layers.11.mlp.up_proj.weight,6.605438960854814,0.8199016837132251
muon_grpo_bf16,Muon + GRPO (BF16),11,k_proj,attn,model.layers.11.self_attn.k_proj.weight,21.6107650110563,1.334670140978554
muon_grpo_bf16,Muon + GRPO (BF16),11,o_proj,attn,model.layers.11.self_attn.o_proj.weight,135904.18625291705,5.133232834499533
muon_grpo_bf16,Muon + GRPO (BF16),11,q_proj,attn,model.layers.11.self_attn.q_proj.weight,28410.641576992668,4.45348104119219
muon_grpo_bf16,Muon + GRPO (BF16),11,v_proj,attn,model.layers.11.self_attn.v_proj.weight,2.8677960506903553,0.45754826233423646
muon_grpo_bf16,Muon + GRPO (BF16),12,down_proj,mlp,model.layers.12.mlp.down_proj.weight,14.14556632976326,1.1506203394895504
muon_grpo_bf16,Muon + GRPO (BF16),12,gate_proj,mlp,model.layers.12.mlp.gate_proj.weight,18.88765913219053,1.2761781363777163
muon_grpo_bf16,Muon + GRPO (BF16),12,up_proj,mlp,model.layers.12.mlp.up_proj.weight,8.06105018085557,0.9063916246884764
muon_grpo_bf16,Muon + GRPO (BF16),12,k_proj,attn,model.layers.12.self_attn.k_proj.weight,20.86766775058889,1.3194739133850815
muon_grpo_bf16,Muon + GRPO (BF16),12,o_proj,attn,model.layers.12.self_attn.o_proj.weight,102646.12053794428,5.011342540060222
muon_grpo_bf16,Muon + GRPO (BF16),12,q_proj,attn,model.layers.12.self_attn.q_proj.weight,14727.587218816576,4.168131603367875
muon_grpo_bf16,Muon + GRPO (BF16),12,v_proj,attn,model.layers.12.self_attn.v_proj.weight,2.5506893649863427,0.4066575713942689
muon_grpo_bf16,Muon + GRPO (BF16),13,down_proj,mlp,model.layers.13.mlp.down_proj.weight,30.005527159559563,1.477201261179658
muon_grpo_bf16,Muon + GRPO (BF16),13,gate_proj,mlp,model.layers.13.mlp.gate_proj.weight,12.316968435118442,1.0905038284524229
muon_grpo_bf16,Muon + GRPO (BF16),13,up_proj,mlp,model.layers.13.mlp.up_proj.weight,6.311329395993558,0.8001208471260027
muon_grpo_bf16,Muon + GRPO (BF16),13,k_proj,attn,model.layers.13.self_attn.k_proj.weight,41.90584265718393,1.622274578023038
muon_grpo_bf16,Muon + GRPO (BF16),13,o_proj,attn,model.layers.13.self_attn.o_proj.weight,9633.265126095303,3.9837735130750893
muon_grpo_bf16,Muon + GRPO (BF16),13,q_proj,attn,model.layers.13.self_attn.q_proj.weight,57251.81735273139,4.757789277103382
muon_grpo_bf16,Muon + GRPO (BF16),13,v_proj,attn,model.layers.13.self_attn.v_proj.weight,3.7001004133338697,0.5682135101116096
muon_grpo_bf16,Muon + GRPO (BF16),14,down_proj,mlp,model.layers.14.mlp.down_proj.weight,12.148803867101835,1.0845335207747147
muon_grpo_bf16,Muon + GRPO (BF16),14,gate_proj,mlp,model.layers.14.mlp.gate_proj.weight,13.417143039613448,1.1276600497956046
muon_grpo_bf16,Muon + GRPO (BF16),14,up_proj,mlp,model.layers.14.mlp.up_proj.weight,6.927095229674985,0.8405511581057398
muon_grpo_bf16,Muon + GRPO (BF16),14,k_proj,attn,model.layers.14.self_attn.k_proj.weight,23.136586869440695,1.364299291819795
muon_grpo_bf16,Muon + GRPO (BF16),14,o_proj,attn,model.layers.14.self_attn.o_proj.weight,6459.27901070544,3.8101840444429294
muon_grpo_bf16,Muon + GRPO (BF16),14,q_proj,attn,model.layers.14.self_attn.q_proj.weight,12012.610069191309,4.0796373800500385
muon_grpo_bf16,Muon + GRPO (BF16),14,v_proj,attn,model.layers.14.self_attn.v_proj.weight,6.809958744681301,0.8331444809272446
muon_grpo_bf16,Muon + GRPO (BF16),15,down_proj,mlp,model.layers.15.mlp.down_proj.weight,12.8310551478615,1.1082623715777102
muon_grpo_bf16,Muon + GRPO (BF16),15,gate_proj,mlp,model.layers.15.mlp.gate_proj.weight,16.83162907188302,1.226126151786299
muon_grpo_bf16,Muon + GRPO (BF16),15,up_proj,mlp,model.layers.15.mlp.up_proj.weight,9.40033730004819,0.9731434371019893
muon_grpo_bf16,Muon + GRPO (BF16),15,k_proj,attn,model.layers.15.self_attn.k_proj.weight,25.44179162649229,1.405547691335719
muon_grpo_bf16,Muon + GRPO (BF16),15,o_proj,attn,model.layers.15.self_attn.o_proj.weight,29394.52608553588,4.468266462650774
muon_grpo_bf16,Muon + GRPO (BF16),15,q_proj,attn,model.layers.15.self_attn.q_proj.weight,23817.852140026607,4.37690259485488
muon_grpo_bf16,Muon + GRPO (BF16),15,v_proj,attn,model.layers.15.self_attn.v_proj.weight,3.3575950707315445,0.5260283186183546
muon_grpo_bf16,Muon + GRPO (BF16),16,down_proj,mlp,model.layers.16.mlp.down_proj.weight,9.686449163034958,0.9861646035196046
muon_grpo_bf16,Muon + GRPO (BF16),16,gate_proj,mlp,model.layers.16.mlp.gate_proj.weight,12.91949929581198,1.1112456826002695
muon_grpo_bf16,Muon + GRPO (BF16),16,up_proj,mlp,model.layers.16.mlp.up_proj.weight,6.159088258195789,0.7895164274662541
muon_grpo_bf16,Muon + GRPO (BF16),16,k_proj,attn,model.layers.16.self_attn.k_proj.weight,20.67162501911214,1.3153746183347526
muon_grpo_bf16,Muon + GRPO (BF16),16,o_proj,attn,model.layers.16.self_attn.o_proj.weight,41398.38763102624,4.616983426710649
muon_grpo_bf16,Muon + GRPO (BF16),16,q_proj,attn,model.layers.16.self_attn.q_proj.weight,104081.16845714061,5.017372159145767
muon_grpo_bf16,Muon + GRPO (BF16),16,v_proj,attn,model.layers.16.self_attn.v_proj.weight,2.7886335389949592,0.4453914463387871
muon_grpo_bf16,Muon + GRPO (BF16),17,down_proj,mlp,model.layers.17.mlp.down_proj.weight,6.79961975444207,0.8324846269466927
muon_grpo_bf16,Muon + GRPO (BF16),17,gate_proj,mlp,model.layers.17.mlp.gate_proj.weight,17.96843907393627,1.2545103513983402
muon_grpo_bf16,Muon + GRPO (BF16),17,up_proj,mlp,model.layers.17.mlp.up_proj.weight,12.572445366363485,1.0994197570677973
muon_grpo_bf16,Muon + GRPO (BF16),17,k_proj,attn,model.layers.17.self_attn.k_proj.weight,15.488827839899512,1.190018552560663
muon_grpo_bf16,Muon + GRPO (BF16),17,o_proj,attn,model.layers.17.self_attn.o_proj.weight,57800.80082877565,4.761933855602343
muon_grpo_bf16,Muon + GRPO (BF16),17,q_proj,attn,model.layers.17.self_attn.q_proj.weight,13001.217192714883,4.113984013486347
muon_grpo_bf16,Muon + GRPO (BF16),17,v_proj,attn,model.layers.17.self_attn.v_proj.weight,4.045399984848571,0.6069614685007103
muon_grpo_bf16,Muon + GRPO (BF16),18,down_proj,mlp,model.layers.18.mlp.down_proj.weight,6.644060982765282,0.8224336099859957
muon_grpo_bf16,Muon + GRPO (BF16),18,gate_proj,mlp,model.layers.18.mlp.gate_proj.weight,18.455818398481355,1.2661333081642359
muon_grpo_bf16,Muon + GRPO (BF16),18,up_proj,mlp,model.layers.18.mlp.up_proj.weight,10.673714051639093,1.028315563892086
muon_grpo_bf16,Muon + GRPO (BF16),18,k_proj,attn,model.layers.18.self_attn.k_proj.weight,22.85246723633528,1.3589330949652545
muon_grpo_bf16,Muon + GRPO (BF16),18,o_proj,attn,model.layers.18.self_attn.o_proj.weight,21950.37749267413,4.341441993442633
muon_grpo_bf16,Muon + GRPO (BF16),18,q_proj,attn,model.layers.18.self_attn.q_proj.weight,33901.23148646495,4.530215474547099
muon_grpo_bf16,Muon + GRPO (BF16),18,v_proj,attn,model.layers.18.self_attn.v_proj.weight,2.143484892387252,0.33112042688281984
muon_grpo_bf16,Muon + GRPO (BF16),19,down_proj,mlp,model.layers.19.mlp.down_proj.weight,7.114590208187365,0.8521498903024822
muon_grpo_bf16,Muon + GRPO (BF16),19,gate_proj,mlp,model.layers.19.mlp.gate_proj.weight,18.80525673735562,1.2742792669716974
muon_grpo_bf16,Muon + GRPO (BF16),19,up_proj,mlp,model.layers.19.mlp.up_proj.weight,10.390488927502085,1.016635983892144
muon_grpo_bf16,Muon + GRPO (BF16),19,k_proj,attn,model.layers.19.self_attn.k_proj.weight,22.401954111275696,1.3502859032774173
muon_grpo_bf16,Muon + GRPO (BF16),19,o_proj,attn,model.layers.19.self_attn.o_proj.weight,23815.9006722411,4.376867010352661
muon_grpo_bf16,Muon + GRPO (BF16),19,q_proj,attn,model.layers.19.self_attn.q_proj.weight,25540.75596832149,4.407233747587211
muon_grpo_bf16,Muon + GRPO (BF16),19,v_proj,attn,model.layers.19.self_attn.v_proj.weight,3.0089151818737485,0.4784099456120061
muon_grpo_bf16,Muon + GRPO (BF16),2,down_proj,mlp,model.layers.2.mlp.down_proj.weight,13.202556931950655,1.1206580489254407
muon_grpo_bf16,Muon + GRPO (BF16),2,gate_proj,mlp,model.layers.2.mlp.gate_proj.weight,17.385985738034073,1.2401993190315006
muon_grpo_bf16,Muon + GRPO (BF16),2,up_proj,mlp,model.layers.2.mlp.up_proj.weight,8.91531552318895,0.9501367179606186
muon_grpo_bf16,Muon + GRPO (BF16),2,k_proj,attn,model.layers.2.self_attn.k_proj.weight,17.24626850390792,1.2366951432662874
muon_grpo_bf16,Muon + GRPO (BF16),2,o_proj,attn,model.layers.2.self_attn.o_proj.weight,31015.880657331956,4.491584116927387
muon_grpo_bf16,Muon + GRPO (BF16),2,q_proj,attn,model.layers.2.self_attn.q_proj.weight,24677.552709934364,4.392302088210844
muon_grpo_bf16,Muon + GRPO (BF16),2,v_proj,attn,model.layers.2.self_attn.v_proj.weight,3.1911143711635948,0.5039423698077738
muon_grpo_bf16,Muon + GRPO (BF16),20,down_proj,mlp,model.layers.20.mlp.down_proj.weight,7.516644134492935,0.8760239896388778
muon_grpo_bf16,Muon + GRPO (BF16),20,gate_proj,mlp,model.layers.20.mlp.gate_proj.weight,19.20492190536096,1.28341254549548
muon_grpo_bf16,Muon + GRPO (BF16),20,up_proj,mlp,model.layers.20.mlp.up_proj.weight,11.187652095357269,1.0487389525675779
muon_grpo_bf16,Muon + GRPO (BF16),20,k_proj,attn,model.layers.20.self_attn.k_proj.weight,22.072971086870346,1.3438607944116898
muon_grpo_bf16,Muon + GRPO (BF16),20,o_proj,attn,model.layers.20.self_attn.o_proj.weight,126621.7639505753,5.102508359324966
muon_grpo_bf16,Muon + GRPO (BF16),20,q_proj,attn,model.layers.20.self_attn.q_proj.weight,9231.745793290947,3.965283837179616
muon_grpo_bf16,Muon + GRPO (BF16),20,v_proj,attn,model.layers.20.self_attn.v_proj.weight,6.942419362896748,0.8415108440647352
muon_grpo_bf16,Muon + GRPO (BF16),21,down_proj,mlp,model.layers.21.mlp.down_proj.weight,9.3901503590611,0.9726725464288085
muon_grpo_bf16,Muon + GRPO (BF16),21,gate_proj,mlp,model.layers.21.mlp.gate_proj.weight,17.629515570153714,1.2462403787712675
muon_grpo_bf16,Muon + GRPO (BF16),21,up_proj,mlp,model.layers.21.mlp.up_proj.weight,8.16730045543781,0.9120785325370186
muon_grpo_bf16,Muon + GRPO (BF16),21,k_proj,attn,model.layers.21.self_attn.k_proj.weight,29.991457648064102,1.4769975738998007
muon_grpo_bf16,Muon + GRPO (BF16),21,o_proj,attn,model.layers.21.self_attn.o_proj.weight,295051.3801825129,5.469897650509495
muon_grpo_bf16,Muon + GRPO (BF16),21,q_proj,attn,model.layers.21.self_attn.q_proj.weight,14006.673765912417,4.146335013471343
muon_grpo_bf16,Muon + GRPO (BF16),21,v_proj,attn,model.layers.21.self_attn.v_proj.weight,4.366586539579409,0.6401420716831725
muon_grpo_bf16,Muon + GRPO (BF16),22,down_proj,mlp,model.layers.22.mlp.down_proj.weight,9.904790417364175,0.9958452904202277
muon_grpo_bf16,Muon + GRPO (BF16),22,gate_proj,mlp,model.layers.22.mlp.gate_proj.weight,22.904603680515752,1.3599227815583297
muon_grpo_bf16,Muon + GRPO (BF16),22,up_proj,mlp,model.layers.22.mlp.up_proj.weight,12.799824254250483,1.1072040066843358
muon_grpo_bf16,Muon + GRPO (BF16),22,k_proj,attn,model.layers.22.self_attn.k_proj.weight,20.393906775576088,1.3095004297286226
muon_grpo_bf16,Muon + GRPO (BF16),22,o_proj,attn,model.layers.22.self_attn.o_proj.weight,35503.36353550945,4.550269499413233
muon_grpo_bf16,Muon + GRPO (BF16),22,q_proj,attn,model.layers.22.self_attn.q_proj.weight,47901.505498863124,4.680349163092518
muon_grpo_bf16,Muon + GRPO (BF16),22,v_proj,attn,model.layers.22.self_attn.v_proj.weight,5.233557706388764,0.7187970171591934
muon_grpo_bf16,Muon + GRPO (BF16),23,down_proj,mlp,model.layers.23.mlp.down_proj.weight,11.8065341536582,1.0721224277703634
muon_grpo_bf16,Muon + GRPO (BF16),23,gate_proj,mlp,model.layers.23.mlp.gate_proj.weight,19.842881894612365,1.297604747457038
muon_grpo_bf16,Muon + GRPO (BF16),23,up_proj,mlp,model.layers.23.mlp.up_proj.weight,10.792406252104756,1.0331182848594218
muon_grpo_bf16,Muon + GRPO (BF16),23,k_proj,attn,model.layers.23.self_attn.k_proj.weight,16.001859538098408,1.2041704539190072
muon_grpo_bf16,Muon + GRPO (BF16),23,o_proj,attn,model.layers.23.self_attn.o_proj.weight,13040.886073280479,4.115307100879233
muon_grpo_bf16,Muon + GRPO (BF16),23,q_proj,attn,model.layers.23.self_attn.q_proj.weight,690022.0561077108,5.838862972900703
muon_grpo_bf16,Muon + GRPO (BF16),23,v_proj,attn,model.layers.23.self_attn.v_proj.weight,4.042206524496232,0.606618498728461
muon_grpo_bf16,Muon + GRPO (BF16),24,down_proj,mlp,model.layers.24.mlp.down_proj.weight,10.012695202243991,1.0005509959518244
muon_grpo_bf16,Muon + GRPO (BF16),24,gate_proj,mlp,model.layers.24.mlp.gate_proj.weight,21.04860131287091,1.323223242105939
muon_grpo_bf16,Muon + GRPO (BF16),24,up_proj,mlp,model.layers.24.mlp.up_proj.weight,13.894858582896026,1.1428541310356333
muon_grpo_bf16,Muon + GRPO (BF16),24,k_proj,attn,model.layers.24.self_attn.k_proj.weight,31.2108842622777,1.4943060732083497
muon_grpo_bf16,Muon + GRPO (BF16),24,o_proj,attn,model.layers.24.self_attn.o_proj.weight,13569.563470954014,4.13256587675294
muon_grpo_bf16,Muon + GRPO (BF16),24,q_proj,attn,model.layers.24.self_attn.q_proj.weight,119955.70959009729,5.079020924120939
muon_grpo_bf16,Muon + GRPO (BF16),24,v_proj,attn,model.layers.24.self_attn.v_proj.weight,3.6003284405482154,0.5563421211593291
muon_grpo_bf16,Muon + GRPO (BF16),25,down_proj,mlp,model.layers.25.mlp.down_proj.weight,9.427939751212714,0.9744167985235351
muon_grpo_bf16,Muon + GRPO (BF16),25,gate_proj,mlp,model.layers.25.mlp.gate_proj.weight,21.338246782302097,1.3291587335490436
muon_grpo_bf16,Muon + GRPO (BF16),25,up_proj,mlp,model.layers.25.mlp.up_proj.weight,18.11201945787565,1.2579668760741824
muon_grpo_bf16,Muon + GRPO (BF16),25,k_proj,attn,model.layers.25.self_attn.k_proj.weight,22.463313624251725,1.3514738206066708
muon_grpo_bf16,Muon + GRPO (BF16),25,o_proj,attn,model.layers.25.self_attn.o_proj.weight,16309.22546266659,4.21243333655976
muon_grpo_bf16,Muon + GRPO (BF16),25,q_proj,attn,model.layers.25.self_attn.q_proj.weight,24779.887072007314,4.394099322858615
muon_grpo_bf16,Muon + GRPO (BF16),25,v_proj,attn,model.layers.25.self_attn.v_proj.weight,4.337249557593633,0.6372144113965676
muon_grpo_bf16,Muon + GRPO (BF16),26,down_proj,mlp,model.layers.26.mlp.down_proj.weight,8.74205027347231,0.9416132996861013
muon_grpo_bf16,Muon + GRPO (BF16),26,gate_proj,mlp,model.layers.26.mlp.gate_proj.weight,20.033864304942437,1.3017647278480025
muon_grpo_bf16,Muon + GRPO (BF16),26,up_proj,mlp,model.layers.26.mlp.up_proj.weight,18.550326856216827,1.2683515662745548
muon_grpo_bf16,Muon + GRPO (BF16),26,k_proj,attn,model.layers.26.self_attn.k_proj.weight,18.92438806868718,1.2770218452294873
muon_grpo_bf16,Muon + GRPO (BF16),26,o_proj,attn,model.layers.26.self_attn.o_proj.weight,32921.58462994785,4.51748073114167
muon_grpo_bf16,Muon + GRPO (BF16),26,q_proj,attn,model.layers.26.self_attn.q_proj.weight,47884.57567356043,4.680195643297259
muon_grpo_bf16,Muon + GRPO (BF16),26,v_proj,attn,model.layers.26.self_attn.v_proj.weight,4.8357069919571,0.684459977955615
muon_grpo_bf16,Muon + GRPO (BF16),27,down_proj,mlp,model.layers.27.mlp.down_proj.weight,11.983651595000744,1.078589174139756
muon_grpo_bf16,Muon + GRPO (BF16),27,gate_proj,mlp,model.layers.27.mlp.gate_proj.weight,34.01175599028566,1.531629054667343
muon_grpo_bf16,Muon + GRPO (BF16),27,up_proj,mlp,model.layers.27.mlp.up_proj.weight,27.058851892080046,1.4323093655242694
muon_grpo_bf16,Muon + GRPO (BF16),27,k_proj,attn,model.layers.27.self_attn.k_proj.weight,16.960079311082755,1.229427878833729
muon_grpo_bf16,Muon + GRPO (BF16),27,o_proj,attn,model.layers.27.self_attn.o_proj.weight,100622.30524080594,5.002694262720333
muon_grpo_bf16,Muon + GRPO (BF16),27,q_proj,attn,model.layers.27.self_attn.q_proj.weight,89918.85821727752,4.9538507836221815
muon_grpo_bf16,Muon + GRPO (BF16),27,v_proj,attn,model.layers.27.self_attn.v_proj.weight,7.853872586458581,0.895083851422965
muon_grpo_bf16,Muon + GRPO (BF16),3,down_proj,mlp,model.layers.3.mlp.down_proj.weight,10.75809417047121,1.031735341538781
muon_grpo_bf16,Muon + GRPO (BF16),3,gate_proj,mlp,model.layers.3.mlp.gate_proj.weight,14.000243199246867,1.1461355799049198
muon_grpo_bf16,Muon + GRPO (BF16),3,up_proj,mlp,model.layers.3.mlp.up_proj.weight,7.592186081576066,0.8803668439412724
muon_grpo_bf16,Muon + GRPO (BF16),3,k_proj,attn,model.layers.3.self_attn.k_proj.weight,15.502778157786734,1.1904095323949357
muon_grpo_bf16,Muon + GRPO (BF16),3,o_proj,attn,model.layers.3.self_attn.o_proj.weight,16604.801676179166,4.220233692854887
muon_grpo_bf16,Muon + GRPO (BF16),3,q_proj,attn,model.layers.3.self_attn.q_proj.weight,76604.58787001028,4.884254780428462
muon_grpo_bf16,Muon + GRPO (BF16),3,v_proj,attn,model.layers.3.self_attn.v_proj.weight,3.8915559668908277,0.5901232806892159
muon_grpo_bf16,Muon + GRPO (BF16),4,down_proj,mlp,model.layers.4.mlp.down_proj.weight,11.156852088727781,1.0475416754847349
muon_grpo_bf16,Muon + GRPO (BF16),4,gate_proj,mlp,model.layers.4.mlp.gate_proj.weight,17.495035664317555,1.2429148321461918
muon_grpo_bf16,Muon + GRPO (BF16),4,up_proj,mlp,model.layers.4.mlp.up_proj.weight,8.781722791315866,0.9435797238066306
muon_grpo_bf16,Muon + GRPO (BF16),4,k_proj,attn,model.layers.4.self_attn.k_proj.weight,23.936878628636627,1.3790675177186766
muon_grpo_bf16,Muon + GRPO (BF16),4,o_proj,attn,model.layers.4.self_attn.o_proj.weight,8590.744596330193,3.934030807610397
muon_grpo_bf16,Muon + GRPO (BF16),4,q_proj,attn,model.layers.4.self_attn.q_proj.weight,19330.872397864227,4.286251454081786
muon_grpo_bf16,Muon + GRPO (BF16),4,v_proj,attn,model.layers.4.self_attn.v_proj.weight,3.787528658341467,0.5783559276126644
muon_grpo_bf16,Muon + GRPO (BF16),5,down_proj,mlp,model.layers.5.mlp.down_proj.weight,12.388120624868865,1.0930054254916493
muon_grpo_bf16,Muon + GRPO (BF16),5,gate_proj,mlp,model.layers.5.mlp.gate_proj.weight,20.635169222700274,1.3146080347440185
muon_grpo_bf16,Muon + GRPO (BF16),5,up_proj,mlp,model.layers.5.mlp.up_proj.weight,8.095058759088149,0.9082200054865672
muon_grpo_bf16,Muon + GRPO (BF16),5,k_proj,attn,model.layers.5.self_attn.k_proj.weight,22.350949077878308,1.3492959691025965
muon_grpo_bf16,Muon + GRPO (BF16),5,o_proj,attn,model.layers.5.self_attn.o_proj.weight,14938.322110615401,4.174301819766961
muon_grpo_bf16,Muon + GRPO (BF16),5,q_proj,attn,model.layers.5.self_attn.q_proj.weight,14957.227878038715,4.174851110317946
muon_grpo_bf16,Muon + GRPO (BF16),5,v_proj,attn,model.layers.5.self_attn.v_proj.weight,3.355893886043534,0.525808219905667
muon_grpo_bf16,Muon + GRPO (BF16),6,down_proj,mlp,model.layers.6.mlp.down_proj.weight,9.16228010340894,0.9620035646181245
muon_grpo_bf16,Muon + GRPO (BF16),6,gate_proj,mlp,model.layers.6.mlp.gate_proj.weight,19.22758545593748,1.2839247502290452
muon_grpo_bf16,Muon + GRPO (BF16),6,up_proj,mlp,model.layers.6.mlp.up_proj.weight,7.42069209876112,0.8704444121059465
muon_grpo_bf16,Muon + GRPO (BF16),6,k_proj,attn,model.layers.6.self_attn.k_proj.weight,22.194177495031653,1.346239054926242
muon_grpo_bf16,Muon + GRPO (BF16),6,o_proj,attn,model.layers.6.self_attn.o_proj.weight,71670.9271749153,4.855343022780478
muon_grpo_bf16,Muon + GRPO (BF16),6,q_proj,attn,model.layers.6.self_attn.q_proj.weight,18560.00889516717,4.268578180025144
muon_grpo_bf16,Muon + GRPO (BF16),6,v_proj,attn,model.layers.6.self_attn.v_proj.weight,3.2802570299578044,0.5159078749064648
muon_grpo_bf16,Muon + GRPO (BF16),7,down_proj,mlp,model.layers.7.mlp.down_proj.weight,7.96797899562878,0.9013481805744601
muon_grpo_bf16,Muon + GRPO (BF16),7,gate_proj,mlp,model.layers.7.mlp.gate_proj.weight,16.82314108922018,1.2259070872023794
muon_grpo_bf16,Muon + GRPO (BF16),7,up_proj,mlp,model.layers.7.mlp.up_proj.weight,8.4520239491424,0.9269607189725209
muon_grpo_bf16,Muon + GRPO (BF16),7,k_proj,attn,model.layers.7.self_attn.k_proj.weight,30.44226883228674,1.4834770168443736
muon_grpo_bf16,Muon + GRPO (BF16),7,o_proj,attn,model.layers.7.self_attn.o_proj.weight,9462.433072983862,3.976002820789599
muon_grpo_bf16,Muon + GRPO (BF16),7,q_proj,attn,model.layers.7.self_attn.q_proj.weight,9027.101635525787,3.9555483321794207
muon_grpo_bf16,Muon + GRPO (BF16),7,v_proj,attn,model.layers.7.self_attn.v_proj.weight,4.614849544160199,0.6641575464873601
muon_grpo_bf16,Muon + GRPO (BF16),8,down_proj,mlp,model.layers.8.mlp.down_proj.weight,8.05895442261908,0.9062786996285861
muon_grpo_bf16,Muon + GRPO (BF16),8,gate_proj,mlp,model.layers.8.mlp.gate_proj.weight,15.703120695183818,1.1959859687161798
muon_grpo_bf16,Muon + GRPO (BF16),8,up_proj,mlp,model.layers.8.mlp.up_proj.weight,11.036699230572347,1.0428392074250683
muon_grpo_bf16,Muon + GRPO (BF16),8,k_proj,attn,model.layers.8.self_attn.k_proj.weight,26.24452976547235,1.4190387957328467
muon_grpo_bf16,Muon + GRPO (BF16),8,o_proj,attn,model.layers.8.self_attn.o_proj.weight,8729.494376356732,3.940989089534032
muon_grpo_bf16,Muon + GRPO (BF16),8,q_proj,attn,model.layers.8.self_attn.q_proj.weight,20594.18083846106,4.313744521982583
muon_grpo_bf16,Muon + GRPO (BF16),8,v_proj,attn,model.layers.8.self_attn.v_proj.weight,2.61494936251594,0.41746328333987714
muon_grpo_bf16,Muon + GRPO (BF16),9,down_proj,mlp,model.layers.9.mlp.down_proj.weight,11.961283345767269,1.077777778321667
muon_grpo_bf16,Muon + GRPO (BF16),9,gate_proj,mlp,model.layers.9.mlp.gate_proj.weight,17.045618929536637,1.23161277516317
muon_grpo_bf16,Muon + GRPO (BF16),9,up_proj,mlp,model.layers.9.mlp.up_proj.weight,8.607902944456118,0.9348973616070755
muon_grpo_bf16,Muon + GRPO (BF16),9,k_proj,attn,model.layers.9.self_attn.k_proj.weight,29.9790626171198,1.4768180492401852
muon_grpo_bf16,Muon + GRPO (BF16),9,o_proj,attn,model.layers.9.self_attn.o_proj.weight,26482.892610388855,4.422965419442912
muon_grpo_bf16,Muon + GRPO (BF16),9,q_proj,attn,model.layers.9.self_attn.q_proj.weight,35096.2343226416,4.54526052100626
muon_grpo_bf16,Muon + GRPO (BF16),9,v_proj,attn,model.layers.9.self_attn.v_proj.weight,3.9117558543145585,0.59237174119921
muon_grpo_mixed,Muon + GRPO (Mixed),-1,embed,embed,model.embed_tokens.weight,69.17524803890788,1.839950725048058
muon_grpo_mixed,Muon + GRPO (Mixed),0,down_proj,mlp,model.layers.0.mlp.down_proj.weight,10.546495377313889,1.023108166633333
muon_grpo_mixed,Muon + GRPO (Mixed),0,gate_proj,mlp,model.layers.0.mlp.gate_proj.weight,50.78369257417309,1.7057242760233926
muon_grpo_mixed,Muon + GRPO (Mixed),0,up_proj,mlp,model.layers.0.mlp.up_proj.weight,30.563025142958814,1.485196338708345
muon_grpo_mixed,Muon + GRPO (Mixed),0,k_proj,attn,model.layers.0.self_attn.k_proj.weight,18.737319214087016,1.2727074556120033
muon_grpo_mixed,Muon + GRPO (Mixed),0,o_proj,attn,model.layers.0.self_attn.o_proj.weight,36880.447982344136,4.566796187736212
muon_grpo_mixed,Muon + GRPO (Mixed),0,q_proj,attn,model.layers.0.self_attn.q_proj.weight,185876.26747486583,5.2692239429581935
muon_grpo_mixed,Muon + GRPO (Mixed),0,v_proj,attn,model.layers.0.self_attn.v_proj.weight,7.774772221790742,0.8906876743202976
muon_grpo_mixed,Muon + GRPO (Mixed),1,down_proj,mlp,model.layers.1.mlp.down_proj.weight,8.998146309713102,0.9541530505081938
muon_grpo_mixed,Muon + GRPO (Mixed),1,gate_proj,mlp,model.layers.1.mlp.gate_proj.weight,33.91622968565776,1.5304075677084032
muon_grpo_mixed,Muon + GRPO (Mixed),1,up_proj,mlp,model.layers.1.mlp.up_proj.weight,37.73463188445039,1.5767401176418014
muon_grpo_mixed,Muon + GRPO (Mixed),1,k_proj,attn,model.layers.1.self_attn.k_proj.weight,30.086675598878944,1.4783742033989846
muon_grpo_mixed,Muon + GRPO (Mixed),1,o_proj,attn,model.layers.1.self_attn.o_proj.weight,51375.23030304566,4.710753781728266
muon_grpo_mixed,Muon + GRPO (Mixed),1,q_proj,attn,model.layers.1.self_attn.q_proj.weight,852946.3141767111,5.930921696829245
muon_grpo_mixed,Muon + GRPO (Mixed),1,v_proj,attn,model.layers.1.self_attn.v_proj.weight,3.342156707754129,0.5240268093267687
muon_grpo_mixed,Muon + GRPO (Mixed),10,down_proj,mlp,model.layers.10.mlp.down_proj.weight,13.491866818590644,1.130072045514744
muon_grpo_mixed,Muon + GRPO (Mixed),10,gate_proj,mlp,model.layers.10.mlp.gate_proj.weight,16.209424167116236,1.2097675869962092
muon_grpo_mixed,Muon + GRPO (Mixed),10,up_proj,mlp,model.layers.10.mlp.up_proj.weight,8.537339047283147,0.9313225291012217
muon_grpo_mixed,Muon + GRPO (Mixed),10,k_proj,attn,model.layers.10.self_attn.k_proj.weight,24.0411492505461,1.38095522461359
muon_grpo_mixed,Muon + GRPO (Mixed),10,o_proj,attn,model.layers.10.self_attn.o_proj.weight,16349.44940803082,4.213503131731455
muon_grpo_mixed,Muon + GRPO (Mixed),10,q_proj,attn,model.layers.10.self_attn.q_proj.weight,12548.208335262894,4.098581720585474
muon_grpo_mixed,Muon + GRPO (Mixed),10,v_proj,attn,model.layers.10.self_attn.v_proj.weight,3.299305482082944,0.5184225286526024
muon_grpo_mixed,Muon + GRPO (Mixed),11,down_proj,mlp,model.layers.11.mlp.down_proj.weight,16.053257498278704,1.20556317194226
muon_grpo_mixed,Muon + GRPO (Mixed),11,gate_proj,mlp,model.layers.11.mlp.gate_proj.weight,13.22578387854838,1.1214214216553713
muon_grpo_mixed,Muon + GRPO (Mixed),11,up_proj,mlp,model.layers.11.mlp.up_proj.weight,6.605215092069362,0.819886964536141
muon_grpo_mixed,Muon + GRPO (Mixed),11,k_proj,attn,model.layers.11.self_attn.k_proj.weight,21.606266832493283,1.3345797352263653
muon_grpo_mixed,Muon + GRPO (Mixed),11,o_proj,attn,model.layers.11.self_attn.o_proj.weight,87298.55943351373,4.941007077208002
muon_grpo_mixed,Muon + GRPO (Mixed),11,q_proj,attn,model.layers.11.self_attn.q_proj.weight,28586.765042303916,4.4561650121692455
muon_grpo_mixed,Muon + GRPO (Mixed),11,v_proj,attn,model.layers.11.self_attn.v_proj.weight,2.867739565266463,0.45753970818705725
muon_grpo_mixed,Muon + GRPO (Mixed),12,down_proj,mlp,model.layers.12.mlp.down_proj.weight,14.14593298760298,1.150631596402785
muon_grpo_mixed,Muon + GRPO (Mixed),12,gate_proj,mlp,model.layers.12.mlp.gate_proj.weight,18.88775889932994,1.2761804303731437
muon_grpo_mixed,Muon + GRPO (Mixed),12,up_proj,mlp,model.layers.12.mlp.up_proj.weight,8.060979282200718,0.9063878049591244
muon_grpo_mixed,Muon + GRPO (Mixed),12,k_proj,attn,model.layers.12.self_attn.k_proj.weight,20.86457650365118,1.3194095740947462
muon_grpo_mixed,Muon + GRPO (Mixed),12,o_proj,attn,model.layers.12.self_attn.o_proj.weight,82488.77510456822,4.916394854709749
muon_grpo_mixed,Muon + GRPO (Mixed),12,q_proj,attn,model.layers.12.self_attn.q_proj.weight,15581.957181387392,4.192622006590232
muon_grpo_mixed,Muon + GRPO (Mixed),12,v_proj,attn,model.layers.12.self_attn.v_proj.weight,2.5508989478570103,0.4066932546672819
muon_grpo_mixed,Muon + GRPO (Mixed),13,down_proj,mlp,model.layers.13.mlp.down_proj.weight,30.006403298904903,1.4772139420742796
muon_grpo_mixed,Muon + GRPO (Mixed),13,gate_proj,mlp,model.layers.13.mlp.gate_proj.weight,12.316203007498842,1.0904768387493415
muon_grpo_mixed,Muon + GRPO (Mixed),13,up_proj,mlp,model.layers.13.mlp.up_proj.weight,6.310732448966241,0.8000797681322013
muon_grpo_mixed,Muon + GRPO (Mixed),13,k_proj,attn,model.layers.13.self_attn.k_proj.weight,41.91139433720267,1.622332109482853
muon_grpo_mixed,Muon + GRPO (Mixed),13,o_proj,attn,model.layers.13.self_attn.o_proj.weight,9323.161668671888,3.9695632151876286
muon_grpo_mixed,Muon + GRPO (Mixed),13,q_proj,attn,model.layers.13.self_attn.q_proj.weight,60449.81572254789,4.781394981279461
muon_grpo_mixed,Muon + GRPO (Mixed),13,v_proj,attn,model.layers.13.self_attn.v_proj.weight,3.7001849292478757,0.5682234299439912
muon_grpo_mixed,Muon + GRPO (Mixed),14,down_proj,mlp,model.layers.14.mlp.down_proj.weight,12.148236631754324,1.0845132428168769
muon_grpo_mixed,Muon + GRPO (Mixed),14,gate_proj,mlp,model.layers.14.mlp.gate_proj.weight,13.416105212021616,1.127626455443382
muon_grpo_mixed,Muon + GRPO (Mixed),14,up_proj,mlp,model.layers.14.mlp.up_proj.weight,6.926906240305967,0.8405393092488899
muon_grpo_mixed,Muon + GRPO (Mixed),14,k_proj,attn,model.layers.14.self_attn.k_proj.weight,23.13899860813302,1.3643445599583182
muon_grpo_mixed,Muon + GRPO (Mixed),14,o_proj,attn,model.layers.14.self_attn.o_proj.weight,6594.167344771072,3.819159964340112
muon_grpo_mixed,Muon + GRPO (Mixed),14,q_proj,attn,model.layers.14.self_attn.q_proj.weight,11604.942103042174,4.064642978105851
muon_grpo_mixed,Muon + GRPO (Mixed),14,v_proj,attn,model.layers.14.self_attn.v_proj.weight,6.809465539407089,0.8331130263922126
muon_grpo_mixed,Muon + GRPO (Mixed),15,down_proj,mlp,model.layers.15.mlp.down_proj.weight,12.830688335764002,1.1082499558609098
muon_grpo_mixed,Muon + GRPO (Mixed),15,gate_proj,mlp,model.layers.15.mlp.gate_proj.weight,16.831767355023565,1.2261297197925758
muon_grpo_mixed,Muon + GRPO (Mixed),15,up_proj,mlp,model.layers.15.mlp.up_proj.weight,9.400135152690718,0.9731340978173404
muon_grpo_mixed,Muon + GRPO (Mixed),15,k_proj,attn,model.layers.15.self_attn.k_proj.weight,25.441385921916037,1.4055407658539687
muon_grpo_mixed,Muon + GRPO (Mixed),15,o_proj,attn,model.layers.15.self_attn.o_proj.weight,34139.55840141363,4.533257899172692
muon_grpo_mixed,Muon + GRPO (Mixed),15,q_proj,attn,model.layers.15.self_attn.q_proj.weight,24781.61035172814,4.394129524160542
muon_grpo_mixed,Muon + GRPO (Mixed),15,v_proj,attn,model.layers.15.self_attn.v_proj.weight,3.357636068784018,0.5260336215565821
muon_grpo_mixed,Muon + GRPO (Mixed),16,down_proj,mlp,model.layers.16.mlp.down_proj.weight,9.686748220575554,0.9861780116356827
muon_grpo_mixed,Muon + GRPO (Mixed),16,gate_proj,mlp,model.layers.16.mlp.gate_proj.weight,12.91898735491703,1.1112284731476594
muon_grpo_mixed,Muon + GRPO (Mixed),16,up_proj,mlp,model.layers.16.mlp.up_proj.weight,6.158685541376381,0.7894880298523107
muon_grpo_mixed,Muon + GRPO (Mixed),16,k_proj,attn,model.layers.16.self_attn.k_proj.weight,20.6721184696149,1.3153849852155606
muon_grpo_mixed,Muon + GRPO (Mixed),16,o_proj,attn,model.layers.16.self_attn.o_proj.weight,34133.95455182,4.533186605903717
muon_grpo_mixed,Muon + GRPO (Mixed),16,q_proj,attn,model.layers.16.self_attn.q_proj.weight,96419.20652413311,4.98416355316225
muon_grpo_mixed,Muon + GRPO (Mixed),16,v_proj,attn,model.layers.16.self_attn.v_proj.weight,2.788705620934436,0.44540267204612305
muon_grpo_mixed,Muon + GRPO (Mixed),17,down_proj,mlp,model.layers.17.mlp.down_proj.weight,6.799593609435998,0.8324829570513006
muon_grpo_mixed,Muon + GRPO (Mixed),17,gate_proj,mlp,model.layers.17.mlp.gate_proj.weight,17.970647052128353,1.2545637146220363
muon_grpo_mixed,Muon + GRPO (Mixed),17,up_proj,mlp,model.layers.17.mlp.up_proj.weight,12.572429923051377,1.09941922360361
muon_grpo_mixed,Muon + GRPO (Mixed),17,k_proj,attn,model.layers.17.self_attn.k_proj.weight,15.488641919955295,1.1900133394811911
muon_grpo_mixed,Muon + GRPO (Mixed),17,o_proj,attn,model.layers.17.self_attn.o_proj.weight,60628.38661520059,4.782676011358198
muon_grpo_mixed,Muon + GRPO (Mixed),17,q_proj,attn,model.layers.17.self_attn.q_proj.weight,13295.347631238237,4.123699697241466
muon_grpo_mixed,Muon + GRPO (Mixed),17,v_proj,attn,model.layers.17.self_attn.v_proj.weight,4.045290532069351,0.6069497180233072
muon_grpo_mixed,Muon + GRPO (Mixed),18,down_proj,mlp,model.layers.18.mlp.down_proj.weight,6.64400587769,0.8224300079827289
muon_grpo_mixed,Muon + GRPO (Mixed),18,gate_proj,mlp,model.layers.18.mlp.gate_proj.weight,18.456060748184996,1.2661390109971133
muon_grpo_mixed,Muon + GRPO (Mixed),18,up_proj,mlp,model.layers.18.mlp.up_proj.weight,10.671929232286681,1.028242936687795
muon_grpo_mixed,Muon + GRPO (Mixed),18,k_proj,attn,model.layers.18.self_attn.k_proj.weight,22.84963055874776,1.358879182629313
muon_grpo_mixed,Muon + GRPO (Mixed),18,o_proj,attn,model.layers.18.self_attn.o_proj.weight,25313.38677491234,4.4033502549668535
muon_grpo_mixed,Muon + GRPO (Mixed),18,q_proj,attn,model.layers.18.self_attn.q_proj.weight,32956.295477972235,4.517938387979731
muon_grpo_mixed,Muon + GRPO (Mixed),18,v_proj,attn,model.layers.18.self_attn.v_proj.weight,2.143488766579259,0.3311212118375894
muon_grpo_mixed,Muon + GRPO (Mixed),19,down_proj,mlp,model.layers.19.mlp.down_proj.weight,7.114365695769122,0.8521361852203907
muon_grpo_mixed,Muon + GRPO (Mixed),19,gate_proj,mlp,model.layers.19.mlp.gate_proj.weight,18.805340495286266,1.274281201299242
muon_grpo_mixed,Muon + GRPO (Mixed),19,up_proj,mlp,model.layers.19.mlp.up_proj.weight,10.389750989504861,1.0166051389739337
muon_grpo_mixed,Muon + GRPO (Mixed),19,k_proj,attn,model.layers.19.self_attn.k_proj.weight,22.405674169745062,1.3503580160372886
muon_grpo_mixed,Muon + GRPO (Mixed),19,o_proj,attn,model.layers.19.self_attn.o_proj.weight,26858.8834288165,4.429087954319926
muon_grpo_mixed,Muon + GRPO (Mixed),19,q_proj,attn,model.layers.19.self_attn.q_proj.weight,30762.615913956637,4.488023263141478
muon_grpo_mixed,Muon + GRPO (Mixed),19,v_proj,attn,model.layers.19.self_attn.v_proj.weight,3.0088295703610797,0.4783975886214481
muon_grpo_mixed,Muon + GRPO (Mixed),2,down_proj,mlp,model.layers.2.mlp.down_proj.weight,13.20274344086799,1.120664184041685
muon_grpo_mixed,Muon + GRPO (Mixed),2,gate_proj,mlp,model.layers.2.mlp.gate_proj.weight,17.385458478470767,1.2401861481135792
muon_grpo_mixed,Muon + GRPO (Mixed),2,up_proj,mlp,model.layers.2.mlp.up_proj.weight,8.916387385281588,0.9501889287668601
muon_grpo_mixed,Muon + GRPO (Mixed),2,k_proj,attn,model.layers.2.self_attn.k_proj.weight,17.247804915844245,1.236733831374717
muon_grpo_mixed,Muon + GRPO (Mixed),2,o_proj,attn,model.layers.2.self_attn.o_proj.weight,27941.488526967474,4.446249538565151
muon_grpo_mixed,Muon + GRPO (Mixed),2,q_proj,attn,model.layers.2.self_attn.q_proj.weight,24251.247681473415,4.384734087154364
muon_grpo_mixed,Muon + GRPO (Mixed),2,v_proj,attn,model.layers.2.self_attn.v_proj.weight,3.1913544083154703,0.5039750364181914
muon_grpo_mixed,Muon + GRPO (Mixed),20,down_proj,mlp,model.layers.20.mlp.down_proj.weight,7.516572993444131,0.8760198792525687
muon_grpo_mixed,Muon + GRPO (Mixed),20,gate_proj,mlp,model.layers.20.mlp.gate_proj.weight,19.205875088446483,1.2834340999638465
muon_grpo_mixed,Muon + GRPO (Mixed),20,up_proj,mlp,model.layers.20.mlp.up_proj.weight,11.187221197351489,1.0487222251766561
muon_grpo_mixed,Muon + GRPO (Mixed),20,k_proj,attn,model.layers.20.self_attn.k_proj.weight,22.079394853326935,1.34398716618296
muon_grpo_mixed,Muon + GRPO (Mixed),20,o_proj,attn,model.layers.20.self_attn.o_proj.weight,156173.05722385124,5.1936061120747015
muon_grpo_mixed,Muon + GRPO (Mixed),20,q_proj,attn,model.layers.20.self_attn.q_proj.weight,9303.222855346017,3.9686334244491746
muon_grpo_mixed,Muon + GRPO (Mixed),20,v_proj,attn,model.layers.20.self_attn.v_proj.weight,6.942544263145632,0.8415186573353121
muon_grpo_mixed,Muon + GRPO (Mixed),21,down_proj,mlp,model.layers.21.mlp.down_proj.weight,9.389772003381635,0.9726550471249628
muon_grpo_mixed,Muon + GRPO (Mixed),21,gate_proj,mlp,model.layers.21.mlp.gate_proj.weight,17.6299962828305,1.2462522207311784
muon_grpo_mixed,Muon + GRPO (Mixed),21,up_proj,mlp,model.layers.21.mlp.up_proj.weight,8.167486192817695,0.9120884089707803
muon_grpo_mixed,Muon + GRPO (Mixed),21,k_proj,attn,model.layers.21.self_attn.k_proj.weight,29.994289969896904,1.4770385856998605
muon_grpo_mixed,Muon + GRPO (Mixed),21,o_proj,attn,model.layers.21.self_attn.o_proj.weight,258085.6363669411,5.411763834764085
muon_grpo_mixed,Muon + GRPO (Mixed),21,q_proj,attn,model.layers.21.self_attn.q_proj.weight,14105.587873396758,4.149391190799926
muon_grpo_mixed,Muon + GRPO (Mixed),21,v_proj,attn,model.layers.21.self_attn.v_proj.weight,4.366754678766858,0.6401587942454735
muon_grpo_mixed,Muon + GRPO (Mixed),22,down_proj,mlp,model.layers.22.mlp.down_proj.weight,9.903998852753974,0.9958105813688287
muon_grpo_mixed,Muon + GRPO (Mixed),22,gate_proj,mlp,model.layers.22.mlp.gate_proj.weight,22.90409253336992,1.3599130895826468
muon_grpo_mixed,Muon + GRPO (Mixed),22,up_proj,mlp,model.layers.22.mlp.up_proj.weight,12.799610045063153,1.1071967385652872
muon_grpo_mixed,Muon + GRPO (Mixed),22,k_proj,attn,model.layers.22.self_attn.k_proj.weight,20.39407254915926,1.3095039599134275
muon_grpo_mixed,Muon + GRPO (Mixed),22,o_proj,attn,model.layers.22.self_attn.o_proj.weight,34601.17656391855,4.539090866611558
muon_grpo_mixed,Muon + GRPO (Mixed),22,q_proj,attn,model.layers.22.self_attn.q_proj.weight,45382.63747968323,4.656889731954103
muon_grpo_mixed,Muon + GRPO (Mixed),22,v_proj,attn,model.layers.22.self_attn.v_proj.weight,5.233651475907488,0.7188047983325405
muon_grpo_mixed,Muon + GRPO (Mixed),23,down_proj,mlp,model.layers.23.mlp.down_proj.weight,11.80668953714522,1.0721281433974947
muon_grpo_mixed,Muon + GRPO (Mixed),23,gate_proj,mlp,model.layers.23.mlp.gate_proj.weight,19.842633075895538,1.2975993016113285
muon_grpo_mixed,Muon + GRPO (Mixed),23,up_proj,mlp,model.layers.23.mlp.up_proj.weight,10.793187385366922,1.0331497171073585
muon_grpo_mixed,Muon + GRPO (Mixed),23,k_proj,attn,model.layers.23.self_attn.k_proj.weight,16.009002374034033,1.2043642690241414
muon_grpo_mixed,Muon + GRPO (Mixed),23,o_proj,attn,model.layers.23.self_attn.o_proj.weight,12710.22114716965,4.104153106978865
muon_grpo_mixed,Muon + GRPO (Mixed),23,q_proj,attn,model.layers.23.self_attn.q_proj.weight,180936.86865230187,5.2575270700151995
muon_grpo_mixed,Muon + GRPO (Mixed),23,v_proj,attn,model.layers.23.self_attn.v_proj.weight,4.042264322786676,0.6066247085297152
muon_grpo_mixed,Muon + GRPO (Mixed),24,down_proj,mlp,model.layers.24.mlp.down_proj.weight,10.011114440893497,1.0004824259898255
muon_grpo_mixed,Muon + GRPO (Mixed),24,gate_proj,mlp,model.layers.24.mlp.gate_proj.weight,21.04868035012248,1.3232248728735736
muon_grpo_mixed,Muon + GRPO (Mixed),24,up_proj,mlp,model.layers.24.mlp.up_proj.weight,13.894785908887355,1.1428518595477088
muon_grpo_mixed,Muon + GRPO (Mixed),24,k_proj,attn,model.layers.24.self_attn.k_proj.weight,31.204060455868994,1.4942111106478904
muon_grpo_mixed,Muon + GRPO (Mixed),24,o_proj,attn,model.layers.24.self_attn.o_proj.weight,12939.076257019437,4.111903272406935
muon_grpo_mixed,Muon + GRPO (Mixed),24,q_proj,attn,model.layers.24.self_attn.q_proj.weight,111124.01582182376,5.0458079276336685
muon_grpo_mixed,Muon + GRPO (Mixed),24,v_proj,attn,model.layers.24.self_attn.v_proj.weight,3.600317435083845,0.5563407936082928
muon_grpo_mixed,Muon + GRPO (Mixed),25,down_proj,mlp,model.layers.25.mlp.down_proj.weight,9.427957998370932,0.9744176390711695
muon_grpo_mixed,Muon + GRPO (Mixed),25,gate_proj,mlp,model.layers.25.mlp.gate_proj.weight,21.33898356454223,1.3291737289205185
muon_grpo_mixed,Muon + GRPO (Mixed),25,up_proj,mlp,model.layers.25.mlp.up_proj.weight,18.11293575302012,1.2579888466700222
muon_grpo_mixed,Muon + GRPO (Mixed),25,k_proj,attn,model.layers.25.self_attn.k_proj.weight,22.46351788330552,1.3514777696312055
muon_grpo_mixed,Muon + GRPO (Mixed),25,o_proj,attn,model.layers.25.self_attn.o_proj.weight,17174.49829647246,4.2348840592538
muon_grpo_mixed,Muon + GRPO (Mixed),25,q_proj,attn,model.layers.25.self_attn.q_proj.weight,25226.952930681517,4.40186479687875
muon_grpo_mixed,Muon + GRPO (Mixed),25,v_proj,attn,model.layers.25.self_attn.v_proj.weight,4.337236714700017,0.6372131254188962
muon_grpo_mixed,Muon + GRPO (Mixed),26,down_proj,mlp,model.layers.26.mlp.down_proj.weight,8.741593634666543,0.9415906138301487
muon_grpo_mixed,Muon + GRPO (Mixed),26,gate_proj,mlp,model.layers.26.mlp.gate_proj.weight,20.032651896762673,1.3017384444456823
muon_grpo_mixed,Muon + GRPO (Mixed),26,up_proj,mlp,model.layers.26.mlp.up_proj.weight,18.54899843529801,1.2683204645835995
muon_grpo_mixed,Muon + GRPO (Mixed),26,k_proj,attn,model.layers.26.self_attn.k_proj.weight,18.92162519235876,1.276958435541525
muon_grpo_mixed,Muon + GRPO (Mixed),26,o_proj,attn,model.layers.26.self_attn.o_proj.weight,32949.47883911779,4.5178485497620375
muon_grpo_mixed,Muon + GRPO (Mixed),26,q_proj,attn,model.layers.26.self_attn.q_proj.weight,49140.1504688752,4.691436481971131
muon_grpo_mixed,Muon + GRPO (Mixed),26,v_proj,attn,model.layers.26.self_attn.v_proj.weight,4.836418465084041,0.6845238706036132
muon_grpo_mixed,Muon + GRPO (Mixed),27,down_proj,mlp,model.layers.27.mlp.down_proj.weight,11.98476174649822,1.078629404810256
muon_grpo_mixed,Muon + GRPO (Mixed),27,gate_proj,mlp,model.layers.27.mlp.gate_proj.weight,34.01160178524901,1.531627085626158
muon_grpo_mixed,Muon + GRPO (Mixed),27,up_proj,mlp,model.layers.27.mlp.up_proj.weight,27.05813088325645,1.4322977931808958
muon_grpo_mixed,Muon + GRPO (Mixed),27,k_proj,attn,model.layers.27.self_attn.k_proj.weight,16.95767627895468,1.2293663403517954
muon_grpo_mixed,Muon + GRPO (Mixed),27,o_proj,attn,model.layers.27.self_attn.o_proj.weight,104800.60349663954,5.02036378354948
muon_grpo_mixed,Muon + GRPO (Mixed),27,q_proj,attn,model.layers.27.self_attn.q_proj.weight,78172.02961276387,4.893051387870908
muon_grpo_mixed,Muon + GRPO (Mixed),27,v_proj,attn,model.layers.27.self_attn.v_proj.weight,7.8540538093952135,0.8950938723664548
muon_grpo_mixed,Muon + GRPO (Mixed),3,down_proj,mlp,model.layers.3.mlp.down_proj.weight,10.75758948347284,1.031714967305543
muon_grpo_mixed,Muon + GRPO (Mixed),3,gate_proj,mlp,model.layers.3.mlp.gate_proj.weight,14.00087961762178,1.1461553214695894
muon_grpo_mixed,Muon + GRPO (Mixed),3,up_proj,mlp,model.layers.3.mlp.up_proj.weight,7.59207476690991,0.8803604763813695
muon_grpo_mixed,Muon + GRPO (Mixed),3,k_proj,attn,model.layers.3.self_attn.k_proj.weight,15.501893177294413,1.1903847398634906
muon_grpo_mixed,Muon + GRPO (Mixed),3,o_proj,attn,model.layers.3.self_attn.o_proj.weight,16488.73524678201,4.217187344764662
muon_grpo_mixed,Muon + GRPO (Mixed),3,q_proj,attn,model.layers.3.self_attn.q_proj.weight,106777.38542719588,5.028479282428958
muon_grpo_mixed,Muon + GRPO (Mixed),3,v_proj,attn,model.layers.3.self_attn.v_proj.weight,3.891691570812782,0.5901384137129956
muon_grpo_mixed,Muon + GRPO (Mixed),4,down_proj,mlp,model.layers.4.mlp.down_proj.weight,11.156913774789714,1.0475440766855426
muon_grpo_mixed,Muon + GRPO (Mixed),4,gate_proj,mlp,model.layers.4.mlp.gate_proj.weight,17.49565463538517,1.2429301971313835
muon_grpo_mixed,Muon + GRPO (Mixed),4,up_proj,mlp,model.layers.4.mlp.up_proj.weight,8.78172108548229,0.9435796394457143
muon_grpo_mixed,Muon + GRPO (Mixed),4,k_proj,attn,model.layers.4.self_attn.k_proj.weight,23.934330929883068,1.3790212915413367
muon_grpo_mixed,Muon + GRPO (Mixed),4,o_proj,attn,model.layers.4.self_attn.o_proj.weight,8741.35033683503,3.941578526288615
muon_grpo_mixed,Muon + GRPO (Mixed),4,q_proj,attn,model.layers.4.self_attn.q_proj.weight,18080.25203358203,4.257204480123361
muon_grpo_mixed,Muon + GRPO (Mixed),4,v_proj,attn,model.layers.4.self_attn.v_proj.weight,3.7873864916729127,0.5783396258591931
muon_grpo_mixed,Muon + GRPO (Mixed),5,down_proj,mlp,model.layers.5.mlp.down_proj.weight,12.387991794272736,1.0930009090109316
muon_grpo_mixed,Muon + GRPO (Mixed),5,gate_proj,mlp,model.layers.5.mlp.gate_proj.weight,20.634325688114547,1.3145902810779406
muon_grpo_mixed,Muon + GRPO (Mixed),5,up_proj,mlp,model.layers.5.mlp.up_proj.weight,8.095523120926064,0.9082449174737166
muon_grpo_mixed,Muon + GRPO (Mixed),5,k_proj,attn,model.layers.5.self_attn.k_proj.weight,22.35037890781669,1.3492848901605303
muon_grpo_mixed,Muon + GRPO (Mixed),5,o_proj,attn,model.layers.5.self_attn.o_proj.weight,14421.0825658792,4.158997863347379
muon_grpo_mixed,Muon + GRPO (Mixed),5,q_proj,attn,model.layers.5.self_attn.q_proj.weight,14508.366184024122,4.1616185084257715
muon_grpo_mixed,Muon + GRPO (Mixed),5,v_proj,attn,model.layers.5.self_attn.v_proj.weight,3.3559208949965926,0.5258117151866477
muon_grpo_mixed,Muon + GRPO (Mixed),6,down_proj,mlp,model.layers.6.mlp.down_proj.weight,9.161723553186334,0.9619771831902244
muon_grpo_mixed,Muon + GRPO (Mixed),6,gate_proj,mlp,model.layers.6.mlp.gate_proj.weight,19.226618731707937,1.283902914229192
muon_grpo_mixed,Muon + GRPO (Mixed),6,up_proj,mlp,model.layers.6.mlp.up_proj.weight,7.420318526434765,0.8704225483118884
muon_grpo_mixed,Muon + GRPO (Mixed),6,k_proj,attn,model.layers.6.self_attn.k_proj.weight,22.197906614536528,1.346312020008176
muon_grpo_mixed,Muon + GRPO (Mixed),6,o_proj,attn,model.layers.6.self_attn.o_proj.weight,107400.9584780875,5.031008157153918
muon_grpo_mixed,Muon + GRPO (Mixed),6,q_proj,attn,model.layers.6.self_attn.q_proj.weight,18163.73448142241,4.259205144732127
muon_grpo_mixed,Muon + GRPO (Mixed),6,v_proj,attn,model.layers.6.self_attn.v_proj.weight,3.2805764717012416,0.5159501658094541
muon_grpo_mixed,Muon + GRPO (Mixed),7,down_proj,mlp,model.layers.7.mlp.down_proj.weight,7.968454794360702,0.9013741131973486
muon_grpo_mixed,Muon + GRPO (Mixed),7,gate_proj,mlp,model.layers.7.mlp.gate_proj.weight,16.82328230952399,1.2259107328319878
muon_grpo_mixed,Muon + GRPO (Mixed),7,up_proj,mlp,model.layers.7.mlp.up_proj.weight,8.451928368334974,0.9269558076693578
muon_grpo_mixed,Muon + GRPO (Mixed),7,k_proj,attn,model.layers.7.self_attn.k_proj.weight,30.44673628393368,1.483540745578263
muon_grpo_mixed,Muon + GRPO (Mixed),7,o_proj,attn,model.layers.7.self_attn.o_proj.weight,9464.650881494796,3.97610459896155
muon_grpo_mixed,Muon + GRPO (Mixed),7,q_proj,attn,model.layers.7.self_attn.q_proj.weight,9116.701375880177,3.9598377294040326
muon_grpo_mixed,Muon + GRPO (Mixed),7,v_proj,attn,model.layers.7.self_attn.v_proj.weight,4.615429731406883,0.6642121433446198
muon_grpo_mixed,Muon + GRPO (Mixed),8,down_proj,mlp,model.layers.8.mlp.down_proj.weight,8.059110071862815,0.9062870874356571
muon_grpo_mixed,Muon + GRPO (Mixed),8,gate_proj,mlp,model.layers.8.mlp.gate_proj.weight,15.703714036770887,1.196002378200254
muon_grpo_mixed,Muon + GRPO (Mixed),8,up_proj,mlp,model.layers.8.mlp.up_proj.weight,11.037309697187732,1.0428632286423636
muon_grpo_mixed,Muon + GRPO (Mixed),8,k_proj,attn,model.layers.8.self_attn.k_proj.weight,26.2394753727877,1.4189551475869662
muon_grpo_mixed,Muon + GRPO (Mixed),8,o_proj,attn,model.layers.8.self_attn.o_proj.weight,8593.53546940602,3.9341718738386646
muon_grpo_mixed,Muon + GRPO (Mixed),8,q_proj,attn,model.layers.8.self_attn.q_proj.weight,21743.08184528364,4.337321100630794
muon_grpo_mixed,Muon + GRPO (Mixed),8,v_proj,attn,model.layers.8.self_attn.v_proj.weight,2.6149645842070877,0.417465811372475
muon_grpo_mixed,Muon + GRPO (Mixed),9,down_proj,mlp,model.layers.9.mlp.down_proj.weight,11.961757595106567,1.0777949971920975
muon_grpo_mixed,Muon + GRPO (Mixed),9,gate_proj,mlp,model.layers.9.mlp.gate_proj.weight,17.046283743642405,1.2316297132085723
muon_grpo_mixed,Muon + GRPO (Mixed),9,up_proj,mlp,model.layers.9.mlp.up_proj.weight,8.607340975364444,0.9348690076578967
muon_grpo_mixed,Muon + GRPO (Mixed),9,k_proj,attn,model.layers.9.self_attn.k_proj.weight,29.975981517789112,1.476773412314035
muon_grpo_mixed,Muon + GRPO (Mixed),9,o_proj,attn,model.layers.9.self_attn.o_proj.weight,29939.48864378579,4.476244378469337
muon_grpo_mixed,Muon + GRPO (Mixed),9,q_proj,attn,model.layers.9.self_attn.q_proj.weight,33612.63812227413,4.526502599853693
muon_grpo_mixed,Muon + GRPO (Mixed),9,v_proj,attn,model.layers.9.self_attn.v_proj.weight,3.9117267179567428,0.5923685063842014
adamw_sft_fp32,AdamW + SFT (FP32),99,lm_head,head,lm_head.weight,69.22728621255379,1.8402773071131908
adamw_sft_fp32,AdamW + SFT (FP32),-1,embed,embed,model.embed_tokens.weight,69.22728621255379,1.8402773071131908
adamw_sft_fp32,AdamW + SFT (FP32),0,down_proj,mlp,model.layers.0.mlp.down_proj.weight,10.549143021872368,1.0232171803930559
adamw_sft_fp32,AdamW + SFT (FP32),0,gate_proj,mlp,model.layers.0.mlp.gate_proj.weight,50.78694585239876,1.705752096677154
adamw_sft_fp32,AdamW + SFT (FP32),0,up_proj,mlp,model.layers.0.mlp.up_proj.weight,30.559121437715017,1.4851408642937998
adamw_sft_fp32,AdamW + SFT (FP32),0,k_proj,attn,model.layers.0.self_attn.k_proj.weight,18.74050645117419,1.2727813232635141
adamw_sft_fp32,AdamW + SFT (FP32),0,o_proj,attn,model.layers.0.self_attn.o_proj.weight,32319.251226240554,4.509461290466445
adamw_sft_fp32,AdamW + SFT (FP32),0,q_proj,attn,model.layers.0.self_attn.q_proj.weight,189435.9014084866,5.277462288849131
adamw_sft_fp32,AdamW + SFT (FP32),0,v_proj,attn,model.layers.0.self_attn.v_proj.weight,7.780479750469306,0.891006376752899
adamw_sft_fp32,AdamW + SFT (FP32),1,down_proj,mlp,model.layers.1.mlp.down_proj.weight,8.999623775259847,0.9542243543566779
adamw_sft_fp32,AdamW + SFT (FP32),1,gate_proj,mlp,model.layers.1.mlp.gate_proj.weight,33.91622620059815,1.5304075230825045
adamw_sft_fp32,AdamW + SFT (FP32),1,up_proj,mlp,model.layers.1.mlp.up_proj.weight,37.73280501446257,1.576719091366427
adamw_sft_fp32,AdamW + SFT (FP32),1,k_proj,attn,model.layers.1.self_attn.k_proj.weight,30.086091109108807,1.4783657663369782
adamw_sft_fp32,AdamW + SFT (FP32),1,o_proj,attn,model.layers.1.self_attn.o_proj.weight,87509.49048413387,4.942055155209544
adamw_sft_fp32,AdamW + SFT (FP32),1,q_proj,attn,model.layers.1.self_attn.q_proj.weight,509028.80550265074,5.706742359383666
adamw_sft_fp32,AdamW + SFT (FP32),1,v_proj,attn,model.layers.1.self_attn.v_proj.weight,3.341436387421382,0.5239331976593702
adamw_sft_fp32,AdamW + SFT (FP32),10,down_proj,mlp,model.layers.10.mlp.down_proj.weight,13.490909082605281,1.13004121551747
adamw_sft_fp32,AdamW + SFT (FP32),10,gate_proj,mlp,model.layers.10.mlp.gate_proj.weight,16.209853179229988,1.209779081243394
adamw_sft_fp32,AdamW + SFT (FP32),10,up_proj,mlp,model.layers.10.mlp.up_proj.weight,8.537993640053006,0.9313558269623162
adamw_sft_fp32,AdamW + SFT (FP32),10,k_proj,attn,model.layers.10.self_attn.k_proj.weight,24.013008553570593,1.380446575565563
adamw_sft_fp32,AdamW + SFT (FP32),10,o_proj,attn,model.layers.10.self_attn.o_proj.weight,17005.294229983087,4.230584150608793
adamw_sft_fp32,AdamW + SFT (FP32),10,q_proj,attn,model.layers.10.self_attn.q_proj.weight,12938.24141410878,4.1118752503627585
adamw_sft_fp32,AdamW + SFT (FP32),10,v_proj,attn,model.layers.10.self_attn.v_proj.weight,3.2995539436257766,0.518455232933784
adamw_sft_fp32,AdamW + SFT (FP32),11,down_proj,mlp,model.layers.11.mlp.down_proj.weight,16.053116247987305,1.2055593506311018
adamw_sft_fp32,AdamW + SFT (FP32),11,gate_proj,mlp,model.layers.11.mlp.gate_proj.weight,13.22583010201266,1.1214229394905768
adamw_sft_fp32,AdamW + SFT (FP32),11,up_proj,mlp,model.layers.11.mlp.up_proj.weight,6.605391641799022,0.8198985725682203
adamw_sft_fp32,AdamW + SFT (FP32),11,k_proj,attn,model.layers.11.self_attn.k_proj.weight,21.61337351359074,1.3347225588310216
adamw_sft_fp32,AdamW + SFT (FP32),11,o_proj,attn,model.layers.11.self_attn.o_proj.weight,136650.149232123,5.135610110310803
adamw_sft_fp32,AdamW + SFT (FP32),11,q_proj,attn,model.layers.11.self_attn.q_proj.weight,23020.60684694305,4.3621167678952055
adamw_sft_fp32,AdamW + SFT (FP32),11,v_proj,attn,model.layers.11.self_attn.v_proj.weight,2.8677384507524737,0.45753953940347053
adamw_sft_fp32,AdamW + SFT (FP32),12,down_proj,mlp,model.layers.12.mlp.down_proj.weight,14.145333936130282,1.1506132045259059
adamw_sft_fp32,AdamW + SFT (FP32),12,gate_proj,mlp,model.layers.12.mlp.gate_proj.weight,18.888019978345536,1.2761864334353803
adamw_sft_fp32,AdamW + SFT (FP32),12,up_proj,mlp,model.layers.12.mlp.up_proj.weight,8.061591215268926,0.9064207723020163
adamw_sft_fp32,AdamW + SFT (FP32),12,k_proj,attn,model.layers.12.self_attn.k_proj.weight,20.879638595088757,1.3197229772077603
adamw_sft_fp32,AdamW + SFT (FP32),12,o_proj,attn,model.layers.12.self_attn.o_proj.weight,53570.29026278875,4.728923999540415
adamw_sft_fp32,AdamW + SFT (FP32),12,q_proj,attn,model.layers.12.self_attn.q_proj.weight,17419.213873844765,4.241028551477897
adamw_sft_fp32,AdamW + SFT (FP32),12,v_proj,attn,model.layers.12.self_attn.v_proj.weight,2.550862270678382,0.40668701027613613
adamw_sft_fp32,AdamW + SFT (FP32),13,down_proj,mlp,model.layers.13.mlp.down_proj.weight,29.99925005399733,1.4771103980036064
adamw_sft_fp32,AdamW + SFT (FP32),13,gate_proj,mlp,model.layers.13.mlp.gate_proj.weight,12.316825495795117,1.090498788403818
adamw_sft_fp32,AdamW + SFT (FP32),13,up_proj,mlp,model.layers.13.mlp.up_proj.weight,6.310844252711366,0.8000874622184019
adamw_sft_fp32,AdamW + SFT (FP32),13,k_proj,attn,model.layers.13.self_attn.k_proj.weight,41.95452027837048,1.6227787595912495
adamw_sft_fp32,AdamW + SFT (FP32),13,o_proj,attn,model.layers.13.self_attn.o_proj.weight,9926.658472740017,3.996803080209732
adamw_sft_fp32,AdamW + SFT (FP32),13,q_proj,attn,model.layers.13.self_attn.q_proj.weight,120622.4335647564,5.08142808614027
adamw_sft_fp32,AdamW + SFT (FP32),13,v_proj,attn,model.layers.13.self_attn.v_proj.weight,3.7000665383275586,0.5682095340585255
adamw_sft_fp32,AdamW + SFT (FP32),14,down_proj,mlp,model.layers.14.mlp.down_proj.weight,12.148457276530692,1.0845211307055915
adamw_sft_fp32,AdamW + SFT (FP32),14,gate_proj,mlp,model.layers.14.mlp.gate_proj.weight,13.41554177747954,1.1276082160477408
adamw_sft_fp32,AdamW + SFT (FP32),14,up_proj,mlp,model.layers.14.mlp.up_proj.weight,6.927177792232907,0.8405563343373993
adamw_sft_fp32,AdamW + SFT (FP32),14,k_proj,attn,model.layers.14.self_attn.k_proj.weight,23.1355076385602,1.364279033215936
adamw_sft_fp32,AdamW + SFT (FP32),14,o_proj,attn,model.layers.14.self_attn.o_proj.weight,6672.949122044222,3.824317813581525
adamw_sft_fp32,AdamW + SFT (FP32),14,q_proj,attn,model.layers.14.self_attn.q_proj.weight,12195.409113495187,4.086196373961204
adamw_sft_fp32,AdamW + SFT (FP32),14,v_proj,attn,model.layers.14.self_attn.v_proj.weight,6.809461800909309,0.8331127879580223
adamw_sft_fp32,AdamW + SFT (FP32),15,down_proj,mlp,model.layers.15.mlp.down_proj.weight,12.831249457647974,1.108268948357882
adamw_sft_fp32,AdamW + SFT (FP32),15,gate_proj,mlp,model.layers.15.mlp.gate_proj.weight,16.83032281167403,1.2260924459808278
adamw_sft_fp32,AdamW + SFT (FP32),15,up_proj,mlp,model.layers.15.mlp.up_proj.weight,9.400373102059474,0.9731450911475662
adamw_sft_fp32,AdamW + SFT (FP32),15,k_proj,attn,model.layers.15.self_attn.k_proj.weight,25.466858424740202,1.405975373980098
adamw_sft_fp32,AdamW + SFT (FP32),15,o_proj,attn,model.layers.15.self_attn.o_proj.weight,32824.38559392903,4.516196605723786
adamw_sft_fp32,AdamW + SFT (FP32),15,q_proj,attn,model.layers.15.self_attn.q_proj.weight,26140.48024338323,4.4173135620178785
adamw_sft_fp32,AdamW + SFT (FP32),15,v_proj,attn,model.layers.15.self_attn.v_proj.weight,3.3578017624954044,0.526055052732438
adamw_sft_fp32,AdamW + SFT (FP32),16,down_proj,mlp,model.layers.16.mlp.down_proj.weight,9.686325295120994,0.9861590498337723
adamw_sft_fp32,AdamW + SFT (FP32),16,gate_proj,mlp,model.layers.16.mlp.gate_proj.weight,12.918401791928334,1.1112087879717776
adamw_sft_fp32,AdamW + SFT (FP32),16,up_proj,mlp,model.layers.16.mlp.up_proj.weight,6.158429528859407,0.7894699761404144
adamw_sft_fp32,AdamW + SFT (FP32),16,k_proj,attn,model.layers.16.self_attn.k_proj.weight,20.662982762774597,1.315193013403936
adamw_sft_fp32,AdamW + SFT (FP32),16,o_proj,attn,model.layers.16.self_attn.o_proj.weight,43803.61488809358,4.641509952083346
adamw_sft_fp32,AdamW + SFT (FP32),16,q_proj,attn,model.layers.16.self_attn.q_proj.weight,111935.37168362479,5.048967345684722
adamw_sft_fp32,AdamW + SFT (FP32),16,v_proj,attn,model.layers.16.self_attn.v_proj.weight,2.788953945241285,0.445441342701791
adamw_sft_fp32,AdamW + SFT (FP32),17,down_proj,mlp,model.layers.17.mlp.down_proj.weight,6.799312493084235,0.8324650015952602
adamw_sft_fp32,AdamW + SFT (FP32),17,gate_proj,mlp,model.layers.17.mlp.gate_proj.weight,17.968196659632106,1.2545044922413833
adamw_sft_fp32,AdamW + SFT (FP32),17,up_proj,mlp,model.layers.17.mlp.up_proj.weight,12.572898668626328,1.0994354153678894
adamw_sft_fp32,AdamW + SFT (FP32),17,k_proj,attn,model.layers.17.self_attn.k_proj.weight,15.490432609117851,1.1900635466894303
adamw_sft_fp32,AdamW + SFT (FP32),17,o_proj,attn,model.layers.17.self_attn.o_proj.weight,33478.55340267579,4.524766684004362
adamw_sft_fp32,AdamW + SFT (FP32),17,q_proj,attn,model.layers.17.self_attn.q_proj.weight,12782.788779635663,4.106625612780197
adamw_sft_fp32,AdamW + SFT (FP32),17,v_proj,attn,model.layers.17.self_attn.v_proj.weight,4.045294537292994,0.6069501480160734
adamw_sft_fp32,AdamW + SFT (FP32),18,down_proj,mlp,model.layers.18.mlp.down_proj.weight,6.643879760833689,0.8224217641046189
adamw_sft_fp32,AdamW + SFT (FP32),18,gate_proj,mlp,model.layers.18.mlp.gate_proj.weight,18.454465640866886,1.2661014744797834
adamw_sft_fp32,AdamW + SFT (FP32),18,up_proj,mlp,model.layers.18.mlp.up_proj.weight,10.673077436195234,1.0282896603669962
adamw_sft_fp32,AdamW + SFT (FP32),18,k_proj,attn,model.layers.18.self_attn.k_proj.weight,22.878188618645385,1.3594216362019071
adamw_sft_fp32,AdamW + SFT (FP32),18,o_proj,attn,model.layers.18.self_attn.o_proj.weight,15792.254662716987,4.198444138727346
adamw_sft_fp32,AdamW + SFT (FP32),18,q_proj,attn,model.layers.18.self_attn.q_proj.weight,26681.22480123758,4.426205761984006
adamw_sft_fp32,AdamW + SFT (FP32),18,v_proj,attn,model.layers.18.self_attn.v_proj.weight,2.1433057027646654,0.3310841195043176
adamw_sft_fp32,AdamW + SFT (FP32),19,down_proj,mlp,model.layers.19.mlp.down_proj.weight,7.114299079406702,0.8521321186239728
adamw_sft_fp32,AdamW + SFT (FP32),19,gate_proj,mlp,model.layers.19.mlp.gate_proj.weight,18.80505327571243,1.2742745681394418
adamw_sft_fp32,AdamW + SFT (FP32),19,up_proj,mlp,model.layers.19.mlp.up_proj.weight,10.389369380010008,1.0165891872979311
adamw_sft_fp32,AdamW + SFT (FP32),19,k_proj,attn,model.layers.19.self_attn.k_proj.weight,22.398449211416743,1.3502179503770602
adamw_sft_fp32,AdamW + SFT (FP32),19,o_proj,attn,model.layers.19.self_attn.o_proj.weight,23211.65967183553,4.365706194335738
adamw_sft_fp32,AdamW + SFT (FP32),19,q_proj,attn,model.layers.19.self_attn.q_proj.weight,28615.084345909327,4.456595030374025
adamw_sft_fp32,AdamW + SFT (FP32),19,v_proj,attn,model.layers.19.self_attn.v_proj.weight,3.0090763122826667,0.47843320189196087
adamw_sft_fp32,AdamW + SFT (FP32),2,down_proj,mlp,model.layers.2.mlp.down_proj.weight,13.204726570277062,1.120729412718307
adamw_sft_fp32,AdamW + SFT (FP32),2,gate_proj,mlp,model.layers.2.mlp.gate_proj.weight,17.38480450925432,1.2401698114397857
adamw_sft_fp32,AdamW + SFT (FP32),2,up_proj,mlp,model.layers.2.mlp.up_proj.weight,8.914158820895489,0.9500803675136829
adamw_sft_fp32,AdamW + SFT (FP32),2,k_proj,attn,model.layers.2.self_attn.k_proj.weight,17.244931053461734,1.2366614623647043
adamw_sft_fp32,AdamW + SFT (FP32),2,o_proj,attn,model.layers.2.self_attn.o_proj.weight,30803.172446065582,4.488595447178003
adamw_sft_fp32,AdamW + SFT (FP32),2,q_proj,attn,model.layers.2.self_attn.q_proj.weight,23931.11840027718,4.378962995467554
adamw_sft_fp32,AdamW + SFT (FP32),2,v_proj,attn,model.layers.2.self_attn.v_proj.weight,3.191550354032152,0.5040017008121319
adamw_sft_fp32,AdamW + SFT (FP32),20,down_proj,mlp,model.layers.20.mlp.down_proj.weight,7.516672727464771,0.8760256416721588
adamw_sft_fp32,AdamW + SFT (FP32),20,gate_proj,mlp,model.layers.20.mlp.gate_proj.weight,19.20455110251228,1.2834041601874582
adamw_sft_fp32,AdamW + SFT (FP32),20,up_proj,mlp,model.layers.20.mlp.up_proj.weight,11.188097286876362,1.0487562341537144
adamw_sft_fp32,AdamW + SFT (FP32),20,k_proj,attn,model.layers.20.self_attn.k_proj.weight,22.071658795500785,1.3438349737896964
adamw_sft_fp32,AdamW + SFT (FP32),20,o_proj,attn,model.layers.20.self_attn.o_proj.weight,60236.924242946654,4.779862788252096
adamw_sft_fp32,AdamW + SFT (FP32),20,q_proj,attn,model.layers.20.self_attn.q_proj.weight,9460.734586194125,3.9759248588483813
adamw_sft_fp32,AdamW + SFT (FP32),20,v_proj,attn,model.layers.20.self_attn.v_proj.weight,6.9409595154217,0.8414195112975857
adamw_sft_fp32,AdamW + SFT (FP32),21,down_proj,mlp,model.layers.21.mlp.down_proj.weight,9.387941470784186,0.9725703733216663
adamw_sft_fp32,AdamW + SFT (FP32),21,gate_proj,mlp,model.layers.21.mlp.gate_proj.weight,17.630523561513726,1.2462652094348945
adamw_sft_fp32,AdamW + SFT (FP32),21,up_proj,mlp,model.layers.21.mlp.up_proj.weight,8.167311449508091,0.9120791171439974
adamw_sft_fp32,AdamW + SFT (FP32),21,k_proj,attn,model.layers.21.self_attn.k_proj.weight,30.02500268365441,1.4774830548924707
adamw_sft_fp32,AdamW + SFT (FP32),21,o_proj,attn,model.layers.21.self_attn.o_proj.weight,132770.83237719827,5.123102677976753
adamw_sft_fp32,AdamW + SFT (FP32),21,q_proj,attn,model.layers.21.self_attn.q_proj.weight,13866.319362975402,4.141961198457641
adamw_sft_fp32,AdamW + SFT (FP32),21,v_proj,attn,model.layers.21.self_attn.v_proj.weight,4.364186994074132,0.6399033507051882
adamw_sft_fp32,AdamW + SFT (FP32),22,down_proj,mlp,model.layers.22.mlp.down_proj.weight,9.903448910678106,0.9957864655098014
adamw_sft_fp32,AdamW + SFT (FP32),22,gate_proj,mlp,model.layers.22.mlp.gate_proj.weight,22.90349461270308,1.3599017520002759
adamw_sft_fp32,AdamW + SFT (FP32),22,up_proj,mlp,model.layers.22.mlp.up_proj.weight,12.799000762460217,1.1071760649377678
adamw_sft_fp32,AdamW + SFT (FP32),22,k_proj,attn,model.layers.22.self_attn.k_proj.weight,20.391059272314283,1.3094397870420815
adamw_sft_fp32,AdamW + SFT (FP32),22,o_proj,attn,model.layers.22.self_attn.o_proj.weight,31526.611841071586,4.498677299711042
adamw_sft_fp32,AdamW + SFT (FP32),22,q_proj,attn,model.layers.22.self_attn.q_proj.weight,53232.494212778736,4.726176815552218
adamw_sft_fp32,AdamW + SFT (FP32),22,v_proj,attn,model.layers.22.self_attn.v_proj.weight,5.233178161769471,0.7187655203991828
adamw_sft_fp32,AdamW + SFT (FP32),23,down_proj,mlp,model.layers.23.mlp.down_proj.weight,11.80504273058936,1.0720675634287722
adamw_sft_fp32,AdamW + SFT (FP32),23,gate_proj,mlp,model.layers.23.mlp.gate_proj.weight,19.84425521523441,1.2976348038234937
adamw_sft_fp32,AdamW + SFT (FP32),23,up_proj,mlp,model.layers.23.mlp.up_proj.weight,10.79307981249845,1.0331453885865678
adamw_sft_fp32,AdamW + SFT (FP32),23,k_proj,attn,model.layers.23.self_attn.k_proj.weight,15.998301711997659,1.2040738828900415
adamw_sft_fp32,AdamW + SFT (FP32),23,o_proj,attn,model.layers.23.self_attn.o_proj.weight,11463.855144345984,4.059330689740241
adamw_sft_fp32,AdamW + SFT (FP32),23,q_proj,attn,model.layers.23.self_attn.q_proj.weight,629404.4275394321,5.79892979362833
adamw_sft_fp32,AdamW + SFT (FP32),23,v_proj,attn,model.layers.23.self_attn.v_proj.weight,4.042360276584447,0.6066350175315444
adamw_sft_fp32,AdamW + SFT (FP32),24,down_proj,mlp,model.layers.24.mlp.down_proj.weight,10.01097084077662,1.0004761963951072
adamw_sft_fp32,AdamW + SFT (FP32),24,gate_proj,mlp,model.layers.24.mlp.gate_proj.weight,21.048799203158325,1.323227325144739
adamw_sft_fp32,AdamW + SFT (FP32),24,up_proj,mlp,model.layers.24.mlp.up_proj.weight,13.894952002347635,1.1428570509225617
adamw_sft_fp32,AdamW + SFT (FP32),24,k_proj,attn,model.layers.24.self_attn.k_proj.weight,31.23858778169915,1.494691392283419
adamw_sft_fp32,AdamW + SFT (FP32),24,o_proj,attn,model.layers.24.self_attn.o_proj.weight,14690.224378798512,4.167028429264038
adamw_sft_fp32,AdamW + SFT (FP32),24,q_proj,attn,model.layers.24.self_attn.q_proj.weight,113978.87816145882,5.05682437810995
adamw_sft_fp32,AdamW + SFT (FP32),24,v_proj,attn,model.layers.24.self_attn.v_proj.weight,3.598516602870506,0.5561235107801912
adamw_sft_fp32,AdamW + SFT (FP32),25,down_proj,mlp,model.layers.25.mlp.down_proj.weight,9.427167013054184,0.9743812011734284
adamw_sft_fp32,AdamW + SFT (FP32),25,gate_proj,mlp,model.layers.25.mlp.gate_proj.weight,21.339072086785176,1.3291755305359412
adamw_sft_fp32,AdamW + SFT (FP32),25,up_proj,mlp,model.layers.25.mlp.up_proj.weight,18.112166332287686,1.257970397850879
adamw_sft_fp32,AdamW + SFT (FP32),25,k_proj,attn,model.layers.25.self_attn.k_proj.weight,22.430147903716566,1.350832137317082
adamw_sft_fp32,AdamW + SFT (FP32),25,o_proj,attn,model.layers.25.self_attn.o_proj.weight,15758.865642533505,4.197524952816061
adamw_sft_fp32,AdamW + SFT (FP32),25,q_proj,attn,model.layers.25.self_attn.q_proj.weight,22196.785011154472,4.346290075665644
adamw_sft_fp32,AdamW + SFT (FP32),25,v_proj,attn,model.layers.25.self_attn.v_proj.weight,4.3372473897352615,0.6372141943260138
adamw_sft_fp32,AdamW + SFT (FP32),26,down_proj,mlp,model.layers.26.mlp.down_proj.weight,8.741014628512445,0.9415618470495838
adamw_sft_fp32,AdamW + SFT (FP32),26,gate_proj,mlp,model.layers.26.mlp.gate_proj.weight,20.03325459296825,1.3017515102993868
adamw_sft_fp32,AdamW + SFT (FP32),26,up_proj,mlp,model.layers.26.mlp.up_proj.weight,18.549557816805294,1.2683335613898612
adamw_sft_fp32,AdamW + SFT (FP32),26,k_proj,attn,model.layers.26.self_attn.k_proj.weight,18.933592817598733,1.2772330330237003
adamw_sft_fp32,AdamW + SFT (FP32),26,o_proj,attn,model.layers.26.self_attn.o_proj.weight,30910.211190224825,4.490101972337195
adamw_sft_fp32,AdamW + SFT (FP32),26,q_proj,attn,model.layers.26.self_attn.q_proj.weight,74122.43454076789,4.869949675221303
adamw_sft_fp32,AdamW + SFT (FP32),26,v_proj,attn,model.layers.26.self_attn.v_proj.weight,4.834660620994017,0.6843659932892088
adamw_sft_fp32,AdamW + SFT (FP32),27,down_proj,mlp,model.layers.27.mlp.down_proj.weight,11.983520891516875,1.078584437343887
adamw_sft_fp32,AdamW + SFT (FP32),27,gate_proj,mlp,model.layers.27.mlp.gate_proj.weight,34.012259973401996,1.5316354899559186
adamw_sft_fp32,AdamW + SFT (FP32),27,up_proj,mlp,model.layers.27.mlp.up_proj.weight,27.058909682429057,1.4323102930581861
adamw_sft_fp32,AdamW + SFT (FP32),27,k_proj,attn,model.layers.27.self_attn.k_proj.weight,16.95196709901549,1.229220100809281
adamw_sft_fp32,AdamW + SFT (FP32),27,o_proj,attn,model.layers.27.self_attn.o_proj.weight,110670.91763717336,5.044033510950428
adamw_sft_fp32,AdamW + SFT (FP32),27,q_proj,attn,model.layers.27.self_attn.q_proj.weight,54520.97551899538,4.736563617865616
adamw_sft_fp32,AdamW + SFT (FP32),27,v_proj,attn,model.layers.27.self_attn.v_proj.weight,7.8533221190193485,0.8950534112360434
adamw_sft_fp32,AdamW + SFT (FP32),3,down_proj,mlp,model.layers.3.mlp.down_proj.weight,10.75879602706518,1.031763673927259
adamw_sft_fp32,AdamW + SFT (FP32),3,gate_proj,mlp,model.layers.3.mlp.gate_proj.weight,13.999877538680556,1.1461242367848172
adamw_sft_fp32,AdamW + SFT (FP32),3,up_proj,mlp,model.layers.3.mlp.up_proj.weight,7.592873257425412,0.8804061505614191
adamw_sft_fp32,AdamW + SFT (FP32),3,k_proj,attn,model.layers.3.self_attn.k_proj.weight,15.48907721771504,1.1900255448610781
adamw_sft_fp32,AdamW + SFT (FP32),3,o_proj,attn,model.layers.3.self_attn.o_proj.weight,18860.53524190543,4.275554013391108
adamw_sft_fp32,AdamW + SFT (FP32),3,q_proj,attn,model.layers.3.self_attn.q_proj.weight,152717.94057188352,5.183890058888116
adamw_sft_fp32,AdamW + SFT (FP32),3,v_proj,attn,model.layers.3.self_attn.v_proj.weight,3.890888100419789,0.5900487409376357
adamw_sft_fp32,AdamW + SFT (FP32),4,down_proj,mlp,model.layers.4.mlp.down_proj.weight,11.160017481132067,1.047664874884109
adamw_sft_fp32,AdamW + SFT (FP32),4,gate_proj,mlp,model.layers.4.mlp.gate_proj.weight,17.496342167936938,1.2429472634105716
adamw_sft_fp32,AdamW + SFT (FP32),4,up_proj,mlp,model.layers.4.mlp.up_proj.weight,8.780277340460541,0.9435082340757301
adamw_sft_fp32,AdamW + SFT (FP32),4,k_proj,attn,model.layers.4.self_attn.k_proj.weight,23.943406101989886,1.379185931620833
adamw_sft_fp32,AdamW + SFT (FP32),4,o_proj,attn,model.layers.4.self_attn.o_proj.weight,8816.52593498066,3.945297489385101
adamw_sft_fp32,AdamW + SFT (FP32),4,q_proj,attn,model.layers.4.self_attn.q_proj.weight,19135.216415650797,4.281833378376115
adamw_sft_fp32,AdamW + SFT (FP32),4,v_proj,attn,model.layers.4.self_attn.v_proj.weight,3.787547051483933,0.578358036645124
adamw_sft_fp32,AdamW + SFT (FP32),5,down_proj,mlp,model.layers.5.mlp.down_proj.weight,12.389753995435218,1.093062683334444
adamw_sft_fp32,AdamW + SFT (FP32),5,gate_proj,mlp,model.layers.5.mlp.gate_proj.weight,20.635876542972916,1.3146229209813638
adamw_sft_fp32,AdamW + SFT (FP32),5,up_proj,mlp,model.layers.5.mlp.up_proj.weight,8.095146643127734,0.9082247203808494
adamw_sft_fp32,AdamW + SFT (FP32),5,k_proj,attn,model.layers.5.self_attn.k_proj.weight,22.34734646190386,1.349225962127046
adamw_sft_fp32,AdamW + SFT (FP32),5,o_proj,attn,model.layers.5.self_attn.o_proj.weight,14608.802878598537,4.164614629040386
adamw_sft_fp32,AdamW + SFT (FP32),5,q_proj,attn,model.layers.5.self_attn.q_proj.weight,15187.744576025236,4.1814932846650485
adamw_sft_fp32,AdamW + SFT (FP32),5,v_proj,attn,model.layers.5.self_attn.v_proj.weight,3.355755094399303,0.5257902581661874
adamw_sft_fp32,AdamW + SFT (FP32),6,down_proj,mlp,model.layers.6.mlp.down_proj.weight,9.162738097300892,0.9620252731062562
adamw_sft_fp32,AdamW + SFT (FP32),6,gate_proj,mlp,model.layers.6.mlp.gate_proj.weight,19.22635733292545,1.2838970096641658
adamw_sft_fp32,AdamW + SFT (FP32),6,up_proj,mlp,model.layers.6.mlp.up_proj.weight,7.4208453724615255,0.8704533823251625
adamw_sft_fp32,AdamW + SFT (FP32),6,k_proj,attn,model.layers.6.self_attn.k_proj.weight,22.20474235719913,1.3464457383970685
adamw_sft_fp32,AdamW + SFT (FP32),6,o_proj,attn,model.layers.6.self_attn.o_proj.weight,124194.25864271495,5.094101519371793
adamw_sft_fp32,AdamW + SFT (FP32),6,q_proj,attn,model.layers.6.self_attn.q_proj.weight,16883.947962567367,4.227474004960417
adamw_sft_fp32,AdamW + SFT (FP32),6,v_proj,attn,model.layers.6.self_attn.v_proj.weight,3.2801762292374654,0.5158971770438108
adamw_sft_fp32,AdamW + SFT (FP32),7,down_proj,mlp,model.layers.7.mlp.down_proj.weight,7.9683227330804405,0.9013669155709535
adamw_sft_fp32,AdamW + SFT (FP32),7,gate_proj,mlp,model.layers.7.mlp.gate_proj.weight,16.82320896339928,1.225908839391333
adamw_sft_fp32,AdamW + SFT (FP32),7,up_proj,mlp,model.layers.7.mlp.up_proj.weight,8.45134357217543,0.9269257574227401
adamw_sft_fp32,AdamW + SFT (FP32),7,k_proj,attn,model.layers.7.self_attn.k_proj.weight,30.471391891365542,1.4838922926517217
adamw_sft_fp32,AdamW + SFT (FP32),7,o_proj,attn,model.layers.7.self_attn.o_proj.weight,10301.591948520847,4.0129043432522415
adamw_sft_fp32,AdamW + SFT (FP32),7,q_proj,attn,model.layers.7.self_attn.q_proj.weight,9085.752621716942,3.9583609080799906
adamw_sft_fp32,AdamW + SFT (FP32),7,v_proj,attn,model.layers.7.self_attn.v_proj.weight,4.614150628525199,0.664091767920127
adamw_sft_fp32,AdamW + SFT (FP32),8,down_proj,mlp,model.layers.8.mlp.down_proj.weight,8.060455547383455,0.9063595872299207
adamw_sft_fp32,AdamW + SFT (FP32),8,gate_proj,mlp,model.layers.8.mlp.gate_proj.weight,15.702862542282322,1.195978829033288
adamw_sft_fp32,AdamW + SFT (FP32),8,up_proj,mlp,model.layers.8.mlp.up_proj.weight,11.037688221996648,1.0428781225269648
adamw_sft_fp32,AdamW + SFT (FP32),8,k_proj,attn,model.layers.8.self_attn.k_proj.weight,26.24658328431603,1.4190727760335466
adamw_sft_fp32,AdamW + SFT (FP32),8,o_proj,attn,model.layers.8.self_attn.o_proj.weight,8610.049069710454,3.9350056265574587
adamw_sft_fp32,AdamW + SFT (FP32),8,q_proj,attn,model.layers.8.self_attn.q_proj.weight,21785.764164459146,4.338172797991643
adamw_sft_fp32,AdamW + SFT (FP32),8,v_proj,attn,model.layers.8.self_attn.v_proj.weight,2.614957819327401,0.41746468785679275
adamw_sft_fp32,AdamW + SFT (FP32),9,down_proj,mlp,model.layers.9.mlp.down_proj.weight,11.96156356097653,1.0777879523548504
adamw_sft_fp32,AdamW + SFT (FP32),9,gate_proj,mlp,model.layers.9.mlp.gate_proj.weight,17.044719793991323,1.2315898660563365
adamw_sft_fp32,AdamW + SFT (FP32),9,up_proj,mlp,model.layers.9.mlp.up_proj.weight,8.60714656537976,0.9348591983407876
adamw_sft_fp32,AdamW + SFT (FP32),9,k_proj,attn,model.layers.9.self_attn.k_proj.weight,29.984273584537785,1.4768935318448586
adamw_sft_fp32,AdamW + SFT (FP32),9,o_proj,attn,model.layers.9.self_attn.o_proj.weight,22034.931600283424,4.343111706733136
adamw_sft_fp32,AdamW + SFT (FP32),9,q_proj,attn,model.layers.9.self_attn.q_proj.weight,34662.46868687223,4.539859490256318
adamw_sft_fp32,AdamW + SFT (FP32),9,v_proj,attn,model.layers.9.self_attn.v_proj.weight,3.911621813710706,0.5923568593675818
adamw_sft_bf16,AdamW + SFT (BF16),99,lm_head,head,lm_head.weight,69.18649336888268,1.84002131948719
adamw_sft_bf16,AdamW + SFT (BF16),-1,embed,embed,model.embed_tokens.weight,69.18649336888268,1.84002131948719
adamw_sft_bf16,AdamW + SFT (BF16),0,down_proj,mlp,model.layers.0.mlp.down_proj.weight,10.547025036252457,1.023129976928613
adamw_sft_bf16,AdamW + SFT (BF16),0,gate_proj,mlp,model.layers.0.mlp.gate_proj.weight,50.78534815671496,1.7057384340848878
adamw_sft_bf16,AdamW + SFT (BF16),0,up_proj,mlp,model.layers.0.mlp.up_proj.weight,30.555035405791035,1.4850827912969111
adamw_sft_bf16,AdamW + SFT (BF16),0,k_proj,attn,model.layers.0.self_attn.k_proj.weight,18.74046959234218,1.2727804690921962
adamw_sft_bf16,AdamW + SFT (BF16),0,o_proj,attn,model.layers.0.self_attn.o_proj.weight,39823.87990604157,4.600143569596426
adamw_sft_bf16,AdamW + SFT (BF16),0,q_proj,attn,model.layers.0.self_attn.q_proj.weight,183265.3854082881,5.263080444527026
adamw_sft_bf16,AdamW + SFT (BF16),0,v_proj,attn,model.layers.0.self_attn.v_proj.weight,7.77457134887366,0.8906764535251481
adamw_sft_bf16,AdamW + SFT (BF16),1,down_proj,mlp,model.layers.1.mlp.down_proj.weight,8.998699167619106,0.9541797333108252
adamw_sft_bf16,AdamW + SFT (BF16),1,gate_proj,mlp,model.layers.1.mlp.gate_proj.weight,33.915214796717606,1.5303945719460441
adamw_sft_bf16,AdamW + SFT (BF16),1,up_proj,mlp,model.layers.1.mlp.up_proj.weight,37.73417519115947,1.576734861446988
adamw_sft_bf16,AdamW + SFT (BF16),1,k_proj,attn,model.layers.1.self_attn.k_proj.weight,30.0819664694215,1.4783062228406136
adamw_sft_bf16,AdamW + SFT (BF16),1,o_proj,attn,model.layers.1.self_attn.o_proj.weight,60010.35998659032,4.778226231993905
adamw_sft_bf16,AdamW + SFT (BF16),1,q_proj,attn,model.layers.1.self_attn.q_proj.weight,718936.5759165585,5.856690578916386
adamw_sft_bf16,AdamW + SFT (BF16),1,v_proj,attn,model.layers.1.self_attn.v_proj.weight,3.3419002896613326,0.5239934879583664
adamw_sft_bf16,AdamW + SFT (BF16),10,down_proj,mlp,model.layers.10.mlp.down_proj.weight,13.491437941474988,1.1300582400178698
adamw_sft_bf16,AdamW + SFT (BF16),10,gate_proj,mlp,model.layers.10.mlp.gate_proj.weight,16.210400661089416,1.209793749132898
adamw_sft_bf16,AdamW + SFT (BF16),10,up_proj,mlp,model.layers.10.mlp.up_proj.weight,8.537965027578922,0.9313543715547633
adamw_sft_bf16,AdamW + SFT (BF16),10,k_proj,attn,model.layers.10.self_attn.k_proj.weight,24.03859865266969,1.3809091465606624
adamw_sft_bf16,AdamW + SFT (BF16),10,o_proj,attn,model.layers.10.self_attn.o_proj.weight,16608.90624138567,4.220341033476615
adamw_sft_bf16,AdamW + SFT (BF16),10,q_proj,attn,model.layers.10.self_attn.q_proj.weight,12733.221137525721,4.104938281524391
adamw_sft_bf16,AdamW + SFT (BF16),10,v_proj,attn,model.layers.10.self_attn.v_proj.weight,3.2994098213432315,0.518436262830517
adamw_sft_bf16,AdamW + SFT (BF16),11,down_proj,mlp,model.layers.11.mlp.down_proj.weight,16.053046878210527,1.2055574739253025
adamw_sft_bf16,AdamW + SFT (BF16),11,gate_proj,mlp,model.layers.11.mlp.gate_proj.weight,13.22600190414421,1.121428580893236
adamw_sft_bf16,AdamW + SFT (BF16),11,up_proj,mlp,model.layers.11.mlp.up_proj.weight,6.605594095445421,0.8199118833844194
adamw_sft_bf16,AdamW + SFT (BF16),11,k_proj,attn,model.layers.11.self_attn.k_proj.weight,21.60802791409802,1.3346151322184034
adamw_sft_bf16,AdamW + SFT (BF16),11,o_proj,attn,model.layers.11.self_attn.o_proj.weight,1205253.865433425,6.0810785330060835
adamw_sft_bf16,AdamW + SFT (BF16),11,q_proj,attn,model.layers.11.self_attn.q_proj.weight,26051.051151703283,4.415825251634555
adamw_sft_bf16,AdamW + SFT (BF16),11,v_proj,attn,model.layers.11.self_attn.v_proj.weight,2.8680426157977372,0.457585600157651
adamw_sft_bf16,AdamW + SFT (BF16),12,down_proj,mlp,model.layers.12.mlp.down_proj.weight,14.145272493474929,1.150611318090121
adamw_sft_bf16,AdamW + SFT (BF16),12,gate_proj,mlp,model.layers.12.mlp.gate_proj.weight,18.888564943461663,1.2761989637021192
adamw_sft_bf16,AdamW + SFT (BF16),12,up_proj,mlp,model.layers.12.mlp.up_proj.weight,8.061258892098946,0.9064028690010503
adamw_sft_bf16,AdamW + SFT (BF16),12,k_proj,attn,model.layers.12.self_attn.k_proj.weight,20.86792173132457,1.3194791991583692
adamw_sft_bf16,AdamW + SFT (BF16),12,o_proj,attn,model.layers.12.self_attn.o_proj.weight,69154.95225058678,4.839823285791575
adamw_sft_bf16,AdamW + SFT (BF16),12,q_proj,attn,model.layers.12.self_attn.q_proj.weight,15560.137565983401,4.192013432234865
adamw_sft_bf16,AdamW + SFT (BF16),12,v_proj,attn,model.layers.12.self_attn.v_proj.weight,2.5507192318739285,0.40666265666600276
adamw_sft_bf16,AdamW + SFT (BF16),13,down_proj,mlp,model.layers.13.mlp.down_proj.weight,30.004612451308844,1.4771880216588555
adamw_sft_bf16,AdamW + SFT (BF16),13,gate_proj,mlp,model.layers.13.mlp.gate_proj.weight,12.316862317103844,1.090500086730834
adamw_sft_bf16,AdamW + SFT (BF16),13,up_proj,mlp,model.layers.13.mlp.up_proj.weight,6.3109981429537525,0.8000980523812316
adamw_sft_bf16,AdamW + SFT (BF16),13,k_proj,attn,model.layers.13.self_attn.k_proj.weight,41.90716141426716,1.622288244850295
adamw_sft_bf16,AdamW + SFT (BF16),13,o_proj,attn,model.layers.13.self_attn.o_proj.weight,9113.480649349045,3.9596842757772057
adamw_sft_bf16,AdamW + SFT (BF16),13,q_proj,attn,model.layers.13.self_attn.q_proj.weight,57625.83185819723,4.760617207704728
adamw_sft_bf16,AdamW + SFT (BF16),13,v_proj,attn,model.layers.13.self_attn.v_proj.weight,3.7000624169789886,0.56820905031589
adamw_sft_bf16,AdamW + SFT (BF16),14,down_proj,mlp,model.layers.14.mlp.down_proj.weight,12.148977801683364,1.0845397385298992
adamw_sft_bf16,AdamW + SFT (BF16),14,gate_proj,mlp,model.layers.14.mlp.gate_proj.weight,13.416050045921638,1.1276246696507328
adamw_sft_bf16,AdamW + SFT (BF16),14,up_proj,mlp,model.layers.14.mlp.up_proj.weight,6.926793970323437,0.8405322702292553
adamw_sft_bf16,AdamW + SFT (BF16),14,k_proj,attn,model.layers.14.self_attn.k_proj.weight,23.139001104232268,1.3643446068074532
adamw_sft_bf16,AdamW + SFT (BF16),14,o_proj,attn,model.layers.14.self_attn.o_proj.weight,6673.235639785982,3.8243364605696275
adamw_sft_bf16,AdamW + SFT (BF16),14,q_proj,attn,model.layers.14.self_attn.q_proj.weight,12545.871737230023,4.098500843212635
adamw_sft_bf16,AdamW + SFT (BF16),14,v_proj,attn,model.layers.14.self_attn.v_proj.weight,6.810121969801104,0.8331548902295576
adamw_sft_bf16,AdamW + SFT (BF16),15,down_proj,mlp,model.layers.15.mlp.down_proj.weight,12.830806781255973,1.1082539649978158
adamw_sft_bf16,AdamW + SFT (BF16),15,gate_proj,mlp,model.layers.15.mlp.gate_proj.weight,16.831376977620447,1.2261196471297036
adamw_sft_bf16,AdamW + SFT (BF16),15,up_proj,mlp,model.layers.15.mlp.up_proj.weight,9.401196704480244,0.9731831396712302
adamw_sft_bf16,AdamW + SFT (BF16),15,k_proj,attn,model.layers.15.self_attn.k_proj.weight,25.446069285707065,1.4056207053615992
adamw_sft_bf16,AdamW + SFT (BF16),15,o_proj,attn,model.layers.15.self_attn.o_proj.weight,27851.46267357664,4.444848007925643
adamw_sft_bf16,AdamW + SFT (BF16),15,q_proj,attn,model.layers.15.self_attn.q_proj.weight,27216.176825857998,4.434827117926523
adamw_sft_bf16,AdamW + SFT (BF16),15,v_proj,attn,model.layers.15.self_attn.v_proj.weight,3.357505121584558,0.5260166838200429
adamw_sft_bf16,AdamW + SFT (BF16),16,down_proj,mlp,model.layers.16.mlp.down_proj.weight,9.687068936117694,0.9861923903189436
adamw_sft_bf16,AdamW + SFT (BF16),16,gate_proj,mlp,model.layers.16.mlp.gate_proj.weight,12.920000790575536,1.1112625402335685
adamw_sft_bf16,AdamW + SFT (BF16),16,up_proj,mlp,model.layers.16.mlp.up_proj.weight,6.158899981530812,0.7895031513508551
adamw_sft_bf16,AdamW + SFT (BF16),16,k_proj,attn,model.layers.16.self_attn.k_proj.weight,20.669923483623588,1.315338868949419
adamw_sft_bf16,AdamW + SFT (BF16),16,o_proj,attn,model.layers.16.self_attn.o_proj.weight,52802.21161092364,4.722652113259286
adamw_sft_bf16,AdamW + SFT (BF16),16,q_proj,attn,model.layers.16.self_attn.q_proj.weight,108107.22809783903,5.033854732048243
adamw_sft_bf16,AdamW + SFT (BF16),16,v_proj,attn,model.layers.16.self_attn.v_proj.weight,2.788698932512032,0.44540163043441466
adamw_sft_bf16,AdamW + SFT (BF16),17,down_proj,mlp,model.layers.17.mlp.down_proj.weight,6.799472403400563,0.8324752154737078
adamw_sft_bf16,AdamW + SFT (BF16),17,gate_proj,mlp,model.layers.17.mlp.gate_proj.weight,17.968304457283264,1.254507097721806
adamw_sft_bf16,AdamW + SFT (BF16),17,up_proj,mlp,model.layers.17.mlp.up_proj.weight,12.572240743930877,1.099412688664321
adamw_sft_bf16,AdamW + SFT (BF16),17,k_proj,attn,model.layers.17.self_attn.k_proj.weight,15.48890240252037,1.1900206432325453
adamw_sft_bf16,AdamW + SFT (BF16),17,o_proj,attn,model.layers.17.self_attn.o_proj.weight,58083.3731930676,4.76405183008522
adamw_sft_bf16,AdamW + SFT (BF16),17,q_proj,attn,model.layers.17.self_attn.q_proj.weight,13375.427650186977,4.126307676536052
adamw_sft_bf16,AdamW + SFT (BF16),17,v_proj,attn,model.layers.17.self_attn.v_proj.weight,4.045327121944027,0.6069536462229441
adamw_sft_bf16,AdamW + SFT (BF16),18,down_proj,mlp,model.layers.18.mlp.down_proj.weight,6.644192848144107,0.822442229388832
adamw_sft_bf16,AdamW + SFT (BF16),18,gate_proj,mlp,model.layers.18.mlp.gate_proj.weight,18.45579996539955,1.266132874404565
adamw_sft_bf16,AdamW + SFT (BF16),18,up_proj,mlp,model.layers.18.mlp.up_proj.weight,10.672686358079176,1.0282737468518415
adamw_sft_bf16,AdamW + SFT (BF16),18,k_proj,attn,model.layers.18.self_attn.k_proj.weight,22.853642032446928,1.3589554205351586
adamw_sft_bf16,AdamW + SFT (BF16),18,o_proj,attn,model.layers.18.self_attn.o_proj.weight,24518.127294277383,4.389487295502939
adamw_sft_bf16,AdamW + SFT (BF16),18,q_proj,attn,model.layers.18.self_attn.q_proj.weight,34470.9569656045,4.537453340243237
adamw_sft_bf16,AdamW + SFT (BF16),18,v_proj,attn,model.layers.18.self_attn.v_proj.weight,2.143511429985988,0.3311258036696549
adamw_sft_bf16,AdamW + SFT (BF16),19,down_proj,mlp,model.layers.19.mlp.down_proj.weight,7.11480699965682,0.8521631236584059
adamw_sft_bf16,AdamW + SFT (BF16),19,gate_proj,mlp,model.layers.19.mlp.gate_proj.weight,18.805282086705258,1.2742798523971133
adamw_sft_bf16,AdamW + SFT (BF16),19,up_proj,mlp,model.layers.19.mlp.up_proj.weight,10.389915392492403,1.0166120110101817
adamw_sft_bf16,AdamW + SFT (BF16),19,k_proj,attn,model.layers.19.self_attn.k_proj.weight,22.4023684264265,1.350293935305292
adamw_sft_bf16,AdamW + SFT (BF16),19,o_proj,attn,model.layers.19.self_attn.o_proj.weight,23238.606091166756,4.3662100744467836
adamw_sft_bf16,AdamW + SFT (BF16),19,q_proj,attn,model.layers.19.self_attn.q_proj.weight,25264.087331137664,4.402503613905734
adamw_sft_bf16,AdamW + SFT (BF16),19,v_proj,attn,model.layers.19.self_attn.v_proj.weight,3.008945343212432,0.4784142989541624
adamw_sft_bf16,AdamW + SFT (BF16),2,down_proj,mlp,model.layers.2.mlp.down_proj.weight,13.204136852137196,1.1207100168563975
adamw_sft_bf16,AdamW + SFT (BF16),2,gate_proj,mlp,model.layers.2.mlp.gate_proj.weight,17.387130963149993,1.240227925322552
adamw_sft_bf16,AdamW + SFT (BF16),2,up_proj,mlp,model.layers.2.mlp.up_proj.weight,8.914296016358774,0.9500870515738767
adamw_sft_bf16,AdamW + SFT (BF16),2,k_proj,attn,model.layers.2.self_attn.k_proj.weight,17.24691787397189,1.2367114953557952
adamw_sft_bf16,AdamW + SFT (BF16),2,o_proj,attn,model.layers.2.self_attn.o_proj.weight,32679.821187004014,4.514279671553465
adamw_sft_bf16,AdamW + SFT (BF16),2,q_proj,attn,model.layers.2.self_attn.q_proj.weight,24424.739979475136,4.38782994900984
adamw_sft_bf16,AdamW + SFT (BF16),2,v_proj,attn,model.layers.2.self_attn.v_proj.weight,3.190990188375293,0.5039254688312353
adamw_sft_bf16,AdamW + SFT (BF16),20,down_proj,mlp,model.layers.20.mlp.down_proj.weight,7.516325498700829,0.8760055792023977
adamw_sft_bf16,AdamW + SFT (BF16),20,gate_proj,mlp,model.layers.20.mlp.gate_proj.weight,19.205592623378948,1.2834277126515425
adamw_sft_bf16,AdamW + SFT (BF16),20,up_proj,mlp,model.layers.20.mlp.up_proj.weight,11.187470049401945,1.048731885651622
adamw_sft_bf16,AdamW + SFT (BF16),20,k_proj,attn,model.layers.20.self_attn.k_proj.weight,22.07494719667515,1.3438996734174415
adamw_sft_bf16,AdamW + SFT (BF16),20,o_proj,attn,model.layers.20.self_attn.o_proj.weight,224366.48354714888,5.350957981382344
adamw_sft_bf16,AdamW + SFT (BF16),20,q_proj,attn,model.layers.20.self_attn.q_proj.weight,9138.722829191856,3.9608855056910413
adamw_sft_bf16,AdamW + SFT (BF16),20,v_proj,attn,model.layers.20.self_attn.v_proj.weight,6.94262248336023,0.8415235504141196
adamw_sft_bf16,AdamW + SFT (BF16),21,down_proj,mlp,model.layers.21.mlp.down_proj.weight,9.389518020551204,0.9726432997860995
adamw_sft_bf16,AdamW + SFT (BF16),21,gate_proj,mlp,model.layers.21.mlp.gate_proj.weight,17.629920587213867,1.246250356053577
adamw_sft_bf16,AdamW + SFT (BF16),21,up_proj,mlp,model.layers.21.mlp.up_proj.weight,8.166834522278533,0.912053755932645
adamw_sft_bf16,AdamW + SFT (BF16),21,k_proj,attn,model.layers.21.self_attn.k_proj.weight,29.991996493411563,1.477005376636884
adamw_sft_bf16,AdamW + SFT (BF16),21,o_proj,attn,model.layers.21.self_attn.o_proj.weight,2264854.5193917314,6.355040310783928
adamw_sft_bf16,AdamW + SFT (BF16),21,q_proj,attn,model.layers.21.self_attn.q_proj.weight,14293.193811750254,4.155129282663555
adamw_sft_bf16,AdamW + SFT (BF16),21,v_proj,attn,model.layers.21.self_attn.v_proj.weight,4.366578433870977,0.6401412655002011
adamw_sft_bf16,AdamW + SFT (BF16),22,down_proj,mlp,model.layers.22.mlp.down_proj.weight,9.904858827040561,0.9958482899629856
adamw_sft_bf16,AdamW + SFT (BF16),22,gate_proj,mlp,model.layers.22.mlp.gate_proj.weight,22.903478414901027,1.3599014448585642
adamw_sft_bf16,AdamW + SFT (BF16),22,up_proj,mlp,model.layers.22.mlp.up_proj.weight,12.799372824281123,1.1071886895207483
adamw_sft_bf16,AdamW + SFT (BF16),22,k_proj,attn,model.layers.22.self_attn.k_proj.weight,20.393335750570433,1.309488269406245
adamw_sft_bf16,AdamW + SFT (BF16),22,o_proj,attn,model.layers.22.self_attn.o_proj.weight,33462.810154825565,4.524562409533952
adamw_sft_bf16,AdamW + SFT (BF16),22,q_proj,attn,model.layers.22.self_attn.q_proj.weight,50162.247037374116,4.700376982648707
adamw_sft_bf16,AdamW + SFT (BF16),22,v_proj,attn,model.layers.22.self_attn.v_proj.weight,5.233271008585985,0.7187732255644053
adamw_sft_bf16,AdamW + SFT (BF16),23,down_proj,mlp,model.layers.23.mlp.down_proj.weight,11.806193224447489,1.0721098867646106
adamw_sft_bf16,AdamW + SFT (BF16),23,gate_proj,mlp,model.layers.23.mlp.gate_proj.weight,19.843939005381394,1.297627883468613
adamw_sft_bf16,AdamW + SFT (BF16),23,up_proj,mlp,model.layers.23.mlp.up_proj.weight,10.792904253706629,1.0331383243531924
adamw_sft_bf16,AdamW + SFT (BF16),23,k_proj,attn,model.layers.23.self_attn.k_proj.weight,16.002924442129622,1.204199354719898
adamw_sft_bf16,AdamW + SFT (BF16),23,o_proj,attn,model.layers.23.self_attn.o_proj.weight,13108.047398847479,4.11753800312693
adamw_sft_bf16,AdamW + SFT (BF16),23,q_proj,attn,model.layers.23.self_attn.q_proj.weight,698306.6154104254,5.844046156350961
adamw_sft_bf16,AdamW + SFT (BF16),23,v_proj,attn,model.layers.23.self_attn.v_proj.weight,4.04243299410806,0.6066428299314873
adamw_sft_bf16,AdamW + SFT (BF16),24,down_proj,mlp,model.layers.24.mlp.down_proj.weight,10.011928509955272,1.0005177398731828
adamw_sft_bf16,AdamW + SFT (BF16),24,gate_proj,mlp,model.layers.24.mlp.gate_proj.weight,21.048936700120688,1.3232301620750753
adamw_sft_bf16,AdamW + SFT (BF16),24,up_proj,mlp,model.layers.24.mlp.up_proj.weight,13.895763613699541,1.1428824175476284
adamw_sft_bf16,AdamW + SFT (BF16),24,k_proj,attn,model.layers.24.self_attn.k_proj.weight,31.216714561516486,1.4943871933168378
adamw_sft_bf16,AdamW + SFT (BF16),24,o_proj,attn,model.layers.24.self_attn.o_proj.weight,14175.982148951363,4.151553157659737
adamw_sft_bf16,AdamW + SFT (BF16),24,q_proj,attn,model.layers.24.self_attn.q_proj.weight,104738.90631838651,5.0201080346946485
adamw_sft_bf16,AdamW + SFT (BF16),24,v_proj,attn,model.layers.24.self_attn.v_proj.weight,3.600495592675404,0.5563622836424433
adamw_sft_bf16,AdamW + SFT (BF16),25,down_proj,mlp,model.layers.25.mlp.down_proj.weight,9.428505082596736,0.9744428395193606
adamw_sft_bf16,AdamW + SFT (BF16),25,gate_proj,mlp,model.layers.25.mlp.gate_proj.weight,21.3402613481829,1.3291997338034778
adamw_sft_bf16,AdamW + SFT (BF16),25,up_proj,mlp,model.layers.25.mlp.up_proj.weight,18.112621921637064,1.257981321858996
adamw_sft_bf16,AdamW + SFT (BF16),25,k_proj,attn,model.layers.25.self_attn.k_proj.weight,22.458983331037334,1.3513900928108402
adamw_sft_bf16,AdamW + SFT (BF16),25,o_proj,attn,model.layers.25.self_attn.o_proj.weight,16184.675953423517,4.2091040084621705
adamw_sft_bf16,AdamW + SFT (BF16),25,q_proj,attn,model.layers.25.self_attn.q_proj.weight,23517.794243573902,4.37139658641914
adamw_sft_bf16,AdamW + SFT (BF16),25,v_proj,attn,model.layers.25.self_attn.v_proj.weight,4.337287275387251,0.6372181881122478
adamw_sft_bf16,AdamW + SFT (BF16),26,down_proj,mlp,model.layers.26.mlp.down_proj.weight,8.741607623151012,0.94159130879688
adamw_sft_bf16,AdamW + SFT (BF16),26,gate_proj,mlp,model.layers.26.mlp.gate_proj.weight,20.03407026981112,1.3017691927352937
adamw_sft_bf16,AdamW + SFT (BF16),26,up_proj,mlp,model.layers.26.mlp.up_proj.weight,18.550703151220855,1.2683603758867834
adamw_sft_bf16,AdamW + SFT (BF16),26,k_proj,attn,model.layers.26.self_attn.k_proj.weight,18.921161421306778,1.2769477908069917
adamw_sft_bf16,AdamW + SFT (BF16),26,o_proj,attn,model.layers.26.self_attn.o_proj.weight,37161.040346364956,4.570087863835088
adamw_sft_bf16,AdamW + SFT (BF16),26,q_proj,attn,model.layers.26.self_attn.q_proj.weight,40430.32453346525,4.606707227421418
adamw_sft_bf16,AdamW + SFT (BF16),26,v_proj,attn,model.layers.26.self_attn.v_proj.weight,4.835594214181911,0.6844498492739818
adamw_sft_bf16,AdamW + SFT (BF16),27,down_proj,mlp,model.layers.27.mlp.down_proj.weight,11.983219038868384,1.078573497771799
adamw_sft_bf16,AdamW + SFT (BF16),27,gate_proj,mlp,model.layers.27.mlp.gate_proj.weight,34.0118901914144,1.5316307682717423
adamw_sft_bf16,AdamW + SFT (BF16),27,up_proj,mlp,model.layers.27.mlp.up_proj.weight,27.057812615108073,1.4322926848120243
adamw_sft_bf16,AdamW + SFT (BF16),27,k_proj,attn,model.layers.27.self_attn.k_proj.weight,16.96043467931556,1.2294369786051889
adamw_sft_bf16,AdamW + SFT (BF16),27,o_proj,attn,model.layers.27.self_attn.o_proj.weight,78986.22295103848,4.897551346757225
adamw_sft_bf16,AdamW + SFT (BF16),27,q_proj,attn,model.layers.27.self_attn.q_proj.weight,89137.30418071365,4.950059495386861
adamw_sft_bf16,AdamW + SFT (BF16),27,v_proj,attn,model.layers.27.self_attn.v_proj.weight,7.854051364448537,0.8950937371716826
adamw_sft_bf16,AdamW + SFT (BF16),3,down_proj,mlp,model.layers.3.mlp.down_proj.weight,10.758212942880863,1.0317401362465202
adamw_sft_bf16,AdamW + SFT (BF16),3,gate_proj,mlp,model.layers.3.mlp.gate_proj.weight,13.999586509889943,1.146115208597876
adamw_sft_bf16,AdamW + SFT (BF16),3,up_proj,mlp,model.layers.3.mlp.up_proj.weight,7.591972909956175,0.8803546497514889
adamw_sft_bf16,AdamW + SFT (BF16),3,k_proj,attn,model.layers.3.self_attn.k_proj.weight,15.498931932564243,1.1903017709589383
adamw_sft_bf16,AdamW + SFT (BF16),3,o_proj,attn,model.layers.3.self_attn.o_proj.weight,17823.487577243286,4.250992687767948
adamw_sft_bf16,AdamW + SFT (BF16),3,q_proj,attn,model.layers.3.self_attn.q_proj.weight,86326.24472704508,4.936142849103042
adamw_sft_bf16,AdamW + SFT (BF16),3,v_proj,attn,model.layers.3.self_attn.v_proj.weight,3.8916736679248034,0.590136415830275
adamw_sft_bf16,AdamW + SFT (BF16),4,down_proj,mlp,model.layers.4.mlp.down_proj.weight,11.157631135811805,1.0475719998123447
adamw_sft_bf16,AdamW + SFT (BF16),4,gate_proj,mlp,model.layers.4.mlp.gate_proj.weight,17.49537779200054,1.2429233249960987
adamw_sft_bf16,AdamW + SFT (BF16),4,up_proj,mlp,model.layers.4.mlp.up_proj.weight,8.780663607184849,0.9435273393739526
adamw_sft_bf16,AdamW + SFT (BF16),4,k_proj,attn,model.layers.4.self_attn.k_proj.weight,23.94116860822383,1.3791453452231264
adamw_sft_bf16,AdamW + SFT (BF16),4,o_proj,attn,model.layers.4.self_attn.o_proj.weight,8682.751280460338,3.9386573607289215
adamw_sft_bf16,AdamW + SFT (BF16),4,q_proj,attn,model.layers.4.self_attn.q_proj.weight,19863.480962874455,4.298055358484457
adamw_sft_bf16,AdamW + SFT (BF16),4,v_proj,attn,model.layers.4.self_attn.v_proj.weight,3.787493138127026,0.5783518546915448
adamw_sft_bf16,AdamW + SFT (BF16),5,down_proj,mlp,model.layers.5.mlp.down_proj.weight,12.388505863074014,1.0930189307060747
adamw_sft_bf16,AdamW + SFT (BF16),5,gate_proj,mlp,model.layers.5.mlp.gate_proj.weight,20.634866658057522,1.3146016668234697
adamw_sft_bf16,AdamW + SFT (BF16),5,up_proj,mlp,model.layers.5.mlp.up_proj.weight,8.095093074029254,0.908221846456278
adamw_sft_bf16,AdamW + SFT (BF16),5,k_proj,attn,model.layers.5.self_attn.k_proj.weight,22.350465417445044,1.3492865711423907
adamw_sft_bf16,AdamW + SFT (BF16),5,o_proj,attn,model.layers.5.self_attn.o_proj.weight,14995.865661589312,4.175971541199247
adamw_sft_bf16,AdamW + SFT (BF16),5,q_proj,attn,model.layers.5.self_attn.q_proj.weight,14797.975044242816,4.1702022905788
adamw_sft_bf16,AdamW + SFT (BF16),5,v_proj,attn,model.layers.5.self_attn.v_proj.weight,3.356038069151194,0.5258268785954355
adamw_sft_bf16,AdamW + SFT (BF16),6,down_proj,mlp,model.layers.6.mlp.down_proj.weight,9.162685314464232,0.9620227713037947
adamw_sft_bf16,AdamW + SFT (BF16),6,gate_proj,mlp,model.layers.6.mlp.gate_proj.weight,19.22625930619986,1.2838947953822923
adamw_sft_bf16,AdamW + SFT (BF16),6,up_proj,mlp,model.layers.6.mlp.up_proj.weight,7.420612153838407,0.8704397333205514
adamw_sft_bf16,AdamW + SFT (BF16),6,k_proj,attn,model.layers.6.self_attn.k_proj.weight,22.19414994605797,1.3462385158490593
adamw_sft_bf16,AdamW + SFT (BF16),6,o_proj,attn,model.layers.6.self_attn.o_proj.weight,82747.18401769295,4.917753223156079
adamw_sft_bf16,AdamW + SFT (BF16),6,q_proj,attn,model.layers.6.self_attn.q_proj.weight,16817.60719779562,4.225764204617824
adamw_sft_bf16,AdamW + SFT (BF16),6,v_proj,attn,model.layers.6.self_attn.v_proj.weight,3.2802584711405975,0.5159080657139506
adamw_sft_bf16,AdamW + SFT (BF16),7,down_proj,mlp,model.layers.7.mlp.down_proj.weight,7.967938556666558,0.9013459764443134
adamw_sft_bf16,AdamW + SFT (BF16),7,gate_proj,mlp,model.layers.7.mlp.gate_proj.weight,16.823291757180176,1.2259109767239775
adamw_sft_bf16,AdamW + SFT (BF16),7,up_proj,mlp,model.layers.7.mlp.up_proj.weight,8.451664026799907,0.9269422245129089
adamw_sft_bf16,AdamW + SFT (BF16),7,k_proj,attn,model.layers.7.self_attn.k_proj.weight,30.435742870001853,1.4833839063980552
adamw_sft_bf16,AdamW + SFT (BF16),7,o_proj,attn,model.layers.7.self_attn.o_proj.weight,9344.347778387975,3.970548993662172
adamw_sft_bf16,AdamW + SFT (BF16),7,q_proj,attn,model.layers.7.self_attn.q_proj.weight,9020.333239329826,3.955222582035155
adamw_sft_bf16,AdamW + SFT (BF16),7,v_proj,attn,model.layers.7.self_attn.v_proj.weight,4.614600175239452,0.6641340782309509
adamw_sft_bf16,AdamW + SFT (BF16),8,down_proj,mlp,model.layers.8.mlp.down_proj.weight,8.059239137029268,0.9062940425262649
adamw_sft_bf16,AdamW + SFT (BF16),8,gate_proj,mlp,model.layers.8.mlp.gate_proj.weight,15.704028013622077,1.196011061308623
adamw_sft_bf16,AdamW + SFT (BF16),8,up_proj,mlp,model.layers.8.mlp.up_proj.weight,11.03777343321076,1.0428814752776945
adamw_sft_bf16,AdamW + SFT (BF16),8,k_proj,attn,model.layers.8.self_attn.k_proj.weight,26.244798990068382,1.4190432508386455
adamw_sft_bf16,AdamW + SFT (BF16),8,o_proj,attn,model.layers.8.self_attn.o_proj.weight,8457.584841380767,3.9272463630616965
adamw_sft_bf16,AdamW + SFT (BF16),8,q_proj,attn,model.layers.8.self_attn.q_proj.weight,20059.65666805837,4.3023234955615814
adamw_sft_bf16,AdamW + SFT (BF16),8,v_proj,attn,model.layers.8.self_attn.v_proj.weight,2.614859838772698,0.4174484148556948
adamw_sft_bf16,AdamW + SFT (BF16),9,down_proj,mlp,model.layers.9.mlp.down_proj.weight,11.961553208230136,1.0777875764723368
adamw_sft_bf16,AdamW + SFT (BF16),9,gate_proj,mlp,model.layers.9.mlp.gate_proj.weight,17.047060898750093,1.2316495126256404
adamw_sft_bf16,AdamW + SFT (BF16),9,up_proj,mlp,model.layers.9.mlp.up_proj.weight,8.607525978089855,0.9348783421085205
adamw_sft_bf16,AdamW + SFT (BF16),9,k_proj,attn,model.layers.9.self_attn.k_proj.weight,29.984203366063415,1.4768925147939846
adamw_sft_bf16,AdamW + SFT (BF16),9,o_proj,attn,model.layers.9.self_attn.o_proj.weight,22829.067160114068,4.358488165739382
adamw_sft_bf16,AdamW + SFT (BF16),9,q_proj,attn,model.layers.9.self_attn.q_proj.weight,42246.71496327321,4.625792944556959
adamw_sft_bf16,AdamW + SFT (BF16),9,v_proj,attn,model.layers.9.self_attn.v_proj.weight,3.9119457445341226,0.5923928228505225
adamw_sft_mixed,AdamW + SFT (Mixed),99,lm_head,head,lm_head.weight,69.23705492061366,1.8403385863707677
adamw_sft_mixed,AdamW + SFT (Mixed),-1,embed,embed,model.embed_tokens.weight,69.23705492061366,1.8403385863707677
adamw_sft_mixed,AdamW + SFT (Mixed),0,down_proj,mlp,model.layers.0.mlp.down_proj.weight,10.547966259555439,1.0231687319184837
adamw_sft_mixed,AdamW + SFT (Mixed),0,gate_proj,mlp,model.layers.0.mlp.gate_proj.weight,50.78313085779451,1.7057194722830498
adamw_sft_mixed,AdamW + SFT (Mixed),0,up_proj,mlp,model.layers.0.mlp.up_proj.weight,30.558972708128124,1.4851387506009635
adamw_sft_mixed,AdamW + SFT (Mixed),0,k_proj,attn,model.layers.0.self_attn.k_proj.weight,18.747832152693423,1.2729510566742148
adamw_sft_mixed,AdamW + SFT (Mixed),0,o_proj,attn,model.layers.0.self_attn.o_proj.weight,28218.52679327886,4.450534336765934
adamw_sft_mixed,AdamW + SFT (Mixed),0,q_proj,attn,model.layers.0.self_attn.q_proj.weight,192584.5883131357,5.284621529525957
adamw_sft_mixed,AdamW + SFT (Mixed),0,v_proj,attn,model.layers.0.self_attn.v_proj.weight,7.781682932643157,0.8910735313496616
adamw_sft_mixed,AdamW + SFT (Mixed),1,down_proj,mlp,model.layers.1.mlp.down_proj.weight,8.998917741281305,0.9541902819668909
adamw_sft_mixed,AdamW + SFT (Mixed),1,gate_proj,mlp,model.layers.1.mlp.gate_proj.weight,33.91553632486709,1.5303986891907684
adamw_sft_mixed,AdamW + SFT (Mixed),1,up_proj,mlp,model.layers.1.mlp.up_proj.weight,37.733227142477354,1.576723949919666
adamw_sft_mixed,AdamW + SFT (Mixed),1,k_proj,attn,model.layers.1.self_attn.k_proj.weight,30.086197647516926,1.4783673042223973
adamw_sft_mixed,AdamW + SFT (Mixed),1,o_proj,attn,model.layers.1.self_attn.o_proj.weight,117068.92541519747,5.068441631949705
adamw_sft_mixed,AdamW + SFT (Mixed),1,q_proj,attn,model.layers.1.self_attn.q_proj.weight,406010.95678380755,5.608537753790345
adamw_sft_mixed,AdamW + SFT (Mixed),1,v_proj,attn,model.layers.1.self_attn.v_proj.weight,3.341390880270055,0.5239272829457566
adamw_sft_mixed,AdamW + SFT (Mixed),10,down_proj,mlp,model.layers.10.mlp.down_proj.weight,13.491339790084234,1.130055080476045
adamw_sft_mixed,AdamW + SFT (Mixed),10,gate_proj,mlp,model.layers.10.mlp.gate_proj.weight,16.209760768596908,1.2097766053701104
adamw_sft_mixed,AdamW + SFT (Mixed),10,up_proj,mlp,model.layers.10.mlp.up_proj.weight,8.53814380012221,0.9313634649530137
adamw_sft_mixed,AdamW + SFT (Mixed),10,k_proj,attn,model.layers.10.self_attn.k_proj.weight,24.017514103724707,1.3805280544030751
adamw_sft_mixed,AdamW + SFT (Mixed),10,o_proj,attn,model.layers.10.self_attn.o_proj.weight,15013.88253906315,4.176493013845788
adamw_sft_mixed,AdamW + SFT (Mixed),10,q_proj,attn,model.layers.10.self_attn.q_proj.weight,12843.147839868117,4.108671481827458
adamw_sft_mixed,AdamW + SFT (Mixed),10,v_proj,attn,model.layers.10.self_attn.v_proj.weight,3.2992997379957454,0.5184217725457311
adamw_sft_mixed,AdamW + SFT (Mixed),11,down_proj,mlp,model.layers.11.mlp.down_proj.weight,16.053597943015795,1.205572382017098
adamw_sft_mixed,AdamW + SFT (Mixed),11,gate_proj,mlp,model.layers.11.mlp.gate_proj.weight,13.224979256113615,1.1213949995002324
adamw_sft_mixed,AdamW + SFT (Mixed),11,up_proj,mlp,model.layers.11.mlp.up_proj.weight,6.605017774542473,0.8198739906674768
adamw_sft_mixed,AdamW + SFT (Mixed),11,k_proj,attn,model.layers.11.self_attn.k_proj.weight,21.609179158147548,1.3346382701753434
adamw_sft_mixed,AdamW + SFT (Mixed),11,o_proj,attn,model.layers.11.self_attn.o_proj.weight,232348.88822082488,5.366140598739931
adamw_sft_mixed,AdamW + SFT (Mixed),11,q_proj,attn,model.layers.11.self_attn.q_proj.weight,21672.490322716552,4.335908817700697
adamw_sft_mixed,AdamW + SFT (Mixed),11,v_proj,attn,model.layers.11.self_attn.v_proj.weight,2.867814790116624,0.4575511001939339
adamw_sft_mixed,AdamW + SFT (Mixed),12,down_proj,mlp,model.layers.12.mlp.down_proj.weight,14.145476019047894,1.1506175667783256
adamw_sft_mixed,AdamW + SFT (Mixed),12,gate_proj,mlp,model.layers.12.mlp.gate_proj.weight,18.88831927627145,1.276193315173539
adamw_sft_mixed,AdamW + SFT (Mixed),12,up_proj,mlp,model.layers.12.mlp.up_proj.weight,8.062099643401629,0.9064481615064467
adamw_sft_mixed,AdamW + SFT (Mixed),12,k_proj,attn,model.layers.12.self_attn.k_proj.weight,20.887610187576172,1.3198887539238335
adamw_sft_mixed,AdamW + SFT (Mixed),12,o_proj,attn,model.layers.12.self_attn.o_proj.weight,41454.76905004786,4.617574499976255
adamw_sft_mixed,AdamW + SFT (Mixed),12,q_proj,attn,model.layers.12.self_attn.q_proj.weight,18583.947885328198,4.2691379789087245
adamw_sft_mixed,AdamW + SFT (Mixed),12,v_proj,attn,model.layers.12.self_attn.v_proj.weight,2.550880469380813,0.4066901086668024
adamw_sft_mixed,AdamW + SFT (Mixed),13,down_proj,mlp,model.layers.13.mlp.down_proj.weight,29.998965400221895,1.4771062770955765
adamw_sft_mixed,AdamW + SFT (Mixed),13,gate_proj,mlp,model.layers.13.mlp.gate_proj.weight,12.315530896893232,1.0904531381094718
adamw_sft_mixed,AdamW + SFT (Mixed),13,up_proj,mlp,model.layers.13.mlp.up_proj.weight,6.310510724994056,0.8000645091761208
adamw_sft_mixed,AdamW + SFT (Mixed),13,k_proj,attn,model.layers.13.self_attn.k_proj.weight,41.94049131243409,1.6226335137075134
adamw_sft_mixed,AdamW + SFT (Mixed),13,o_proj,attn,model.layers.13.self_attn.o_proj.weight,9422.13512199551,3.974149328125124
adamw_sft_mixed,AdamW + SFT (Mixed),13,q_proj,attn,model.layers.13.self_attn.q_proj.weight,145399.17125554266,5.16256193114358
adamw_sft_mixed,AdamW + SFT (Mixed),13,v_proj,attn,model.layers.13.self_attn.v_proj.weight,3.7002250733476054,0.5682281416723921
adamw_sft_mixed,AdamW + SFT (Mixed),14,down_proj,mlp,model.layers.14.mlp.down_proj.weight,12.14849708487616,1.0845225538094516
adamw_sft_mixed,AdamW + SFT (Mixed),14,gate_proj,mlp,model.layers.14.mlp.gate_proj.weight,13.416890887181141,1.1276518878911925
adamw_sft_mixed,AdamW + SFT (Mixed),14,up_proj,mlp,model.layers.14.mlp.up_proj.weight,6.926913864445836,0.8405397872573885
adamw_sft_mixed,AdamW + SFT (Mixed),14,k_proj,attn,model.layers.14.self_attn.k_proj.weight,23.137091897849448,1.3643087715524196
adamw_sft_mixed,AdamW + SFT (Mixed),14,o_proj,attn,model.layers.14.self_attn.o_proj.weight,6936.433833198405,3.8411362478868387
adamw_sft_mixed,AdamW + SFT (Mixed),14,q_proj,attn,model.layers.14.self_attn.q_proj.weight,12131.411250809673,4.083911325416326
adamw_sft_mixed,AdamW + SFT (Mixed),14,v_proj,attn,model.layers.14.self_attn.v_proj.weight,6.808775846400229,0.8330690368844844
adamw_sft_mixed,AdamW + SFT (Mixed),15,down_proj,mlp,model.layers.15.mlp.down_proj.weight,12.831477746774594,1.1082766751054864
adamw_sft_mixed,AdamW + SFT (Mixed),15,gate_proj,mlp,model.layers.15.mlp.gate_proj.weight,16.831357333945824,1.2261191402701352
adamw_sft_mixed,AdamW + SFT (Mixed),15,up_proj,mlp,model.layers.15.mlp.up_proj.weight,9.400074231317634,0.9731312831873945
adamw_sft_mixed,AdamW + SFT (Mixed),15,k_proj,attn,model.layers.15.self_attn.k_proj.weight,25.477498577256885,1.406156786009368
adamw_sft_mixed,AdamW + SFT (Mixed),15,o_proj,attn,model.layers.15.self_attn.o_proj.weight,41214.606382289334,4.6150511564952374
adamw_sft_mixed,AdamW + SFT (Mixed),15,q_proj,attn,model.layers.15.self_attn.q_proj.weight,27528.586625282926,4.439783914386514
adamw_sft_mixed,AdamW + SFT (Mixed),15,v_proj,attn,model.layers.15.self_attn.v_proj.weight,3.357750664013282,0.526048443659227
adamw_sft_mixed,AdamW + SFT (Mixed),16,down_proj,mlp,model.layers.16.mlp.down_proj.weight,9.686391181172947,0.9861620038798745
adamw_sft_mixed,AdamW + SFT (Mixed),16,gate_proj,mlp,model.layers.16.mlp.gate_proj.weight,12.91879310246651,1.1112219429607886
adamw_sft_mixed,AdamW + SFT (Mixed),16,up_proj,mlp,model.layers.16.mlp.up_proj.weight,6.158405963735363,0.7894683143169138
adamw_sft_mixed,AdamW + SFT (Mixed),16,k_proj,attn,model.layers.16.self_attn.k_proj.weight,20.659439893447264,1.315118543007293
adamw_sft_mixed,AdamW + SFT (Mixed),16,o_proj,attn,model.layers.16.self_attn.o_proj.weight,56765.467174310776,4.754084216406502
adamw_sft_mixed,AdamW + SFT (Mixed),16,q_proj,attn,model.layers.16.self_attn.q_proj.weight,106817.12869587213,5.028640899711584
adamw_sft_mixed,AdamW + SFT (Mixed),16,v_proj,attn,model.layers.16.self_attn.v_proj.weight,2.7889344619657184,0.44543830876548735
adamw_sft_mixed,AdamW + SFT (Mixed),17,down_proj,mlp,model.layers.17.mlp.down_proj.weight,6.799001737357687,0.8324451521499545
adamw_sft_mixed,AdamW + SFT (Mixed),17,gate_proj,mlp,model.layers.17.mlp.gate_proj.weight,17.968384105196474,1.254509022810098
adamw_sft_mixed,AdamW + SFT (Mixed),17,up_proj,mlp,model.layers.17.mlp.up_proj.weight,12.572179852917492,1.0994105852449154
adamw_sft_mixed,AdamW + SFT (Mixed),17,k_proj,attn,model.layers.17.self_attn.k_proj.weight,15.490244178673674,1.1900582637640318
adamw_sft_mixed,AdamW + SFT (Mixed),17,o_proj,attn,model.layers.17.self_attn.o_proj.weight,31531.24028130157,4.4987410540568575
adamw_sft_mixed,AdamW + SFT (Mixed),17,q_proj,attn,model.layers.17.self_attn.q_proj.weight,12750.90489260049,4.105541006410612
adamw_sft_mixed,AdamW + SFT (Mixed),17,v_proj,attn,model.layers.17.self_attn.v_proj.weight,4.045316931332969,0.6069525521873839
adamw_sft_mixed,AdamW + SFT (Mixed),18,down_proj,mlp,model.layers.18.mlp.down_proj.weight,6.643817628647881,0.8224177026536911
adamw_sft_mixed,AdamW + SFT (Mixed),18,gate_proj,mlp,model.layers.18.mlp.gate_proj.weight,18.45413229367734,1.266093629649414
adamw_sft_mixed,AdamW + SFT (Mixed),18,up_proj,mlp,model.layers.18.mlp.up_proj.weight,10.672365579712372,1.0282606934964282
adamw_sft_mixed,AdamW + SFT (Mixed),18,k_proj,attn,model.layers.18.self_attn.k_proj.weight,22.880655658774778,1.3594684652655684
adamw_sft_mixed,AdamW + SFT (Mixed),18,o_proj,attn,model.layers.18.self_attn.o_proj.weight,14127.368263276227,4.150061266223063
adamw_sft_mixed,AdamW + SFT (Mixed),18,q_proj,attn,model.layers.18.self_attn.q_proj.weight,26589.026108814607,4.424702430475095
adamw_sft_mixed,AdamW + SFT (Mixed),18,v_proj,attn,model.layers.18.self_attn.v_proj.weight,2.1432506817263484,0.33107297053942003
adamw_sft_mixed,AdamW + SFT (Mixed),19,down_proj,mlp,model.layers.19.mlp.down_proj.weight,7.11438606200677,0.8521374284699432
adamw_sft_mixed,AdamW + SFT (Mixed),19,gate_proj,mlp,model.layers.19.mlp.gate_proj.weight,18.80406609768761,1.274251769096227
adamw_sft_mixed,AdamW + SFT (Mixed),19,up_proj,mlp,model.layers.19.mlp.up_proj.weight,10.389239760010835,1.0165837689130905
adamw_sft_mixed,AdamW + SFT (Mixed),19,k_proj,attn,model.layers.19.self_attn.k_proj.weight,22.39165956649882,1.3500862826751958
adamw_sft_mixed,AdamW + SFT (Mixed),19,o_proj,attn,model.layers.19.self_attn.o_proj.weight,21201.477303114098,4.326366123298443
adamw_sft_mixed,AdamW + SFT (Mixed),19,q_proj,attn,model.layers.19.self_attn.q_proj.weight,28947.18141775751,4.461606282940563
adamw_sft_mixed,AdamW + SFT (Mixed),19,v_proj,attn,model.layers.19.self_attn.v_proj.weight,3.009154351972573,0.47844446507165217
adamw_sft_mixed,AdamW + SFT (Mixed),2,down_proj,mlp,model.layers.2.mlp.down_proj.weight,13.20509501830111,1.1207415305543313
adamw_sft_mixed,AdamW + SFT (Mixed),2,gate_proj,mlp,model.layers.2.mlp.gate_proj.weight,17.385648412283984,1.240190892696906
adamw_sft_mixed,AdamW + SFT (Mixed),2,up_proj,mlp,model.layers.2.mlp.up_proj.weight,8.913318843171439,0.9500394421850838
adamw_sft_mixed,AdamW + SFT (Mixed),2,k_proj,attn,model.layers.2.self_attn.k_proj.weight,17.24523002419263,1.236668991546049
adamw_sft_mixed,AdamW + SFT (Mixed),2,o_proj,attn,model.layers.2.self_attn.o_proj.weight,24393.168100136892,4.387268208639106
adamw_sft_mixed,AdamW + SFT (Mixed),2,q_proj,attn,model.layers.2.self_attn.q_proj.weight,22323.397623747147,4.348760294967529
adamw_sft_mixed,AdamW + SFT (Mixed),2,v_proj,attn,model.layers.2.self_attn.v_proj.weight,3.191840437709062,0.5040411725425552
adamw_sft_mixed,AdamW + SFT (Mixed),20,down_proj,mlp,model.layers.20.mlp.down_proj.weight,7.51654720330499,0.8760183891407396
adamw_sft_mixed,AdamW + SFT (Mixed),20,gate_proj,mlp,model.layers.20.mlp.gate_proj.weight,19.204990900099755,1.2834141057195028
adamw_sft_mixed,AdamW + SFT (Mixed),20,up_proj,mlp,model.layers.20.mlp.up_proj.weight,11.188096660415125,1.0487562098360257
adamw_sft_mixed,AdamW + SFT (Mixed),20,k_proj,attn,model.layers.20.self_attn.k_proj.weight,22.089145814112157,1.3441789220556732
adamw_sft_mixed,AdamW + SFT (Mixed),20,o_proj,attn,model.layers.20.self_attn.o_proj.weight,86765.17200860046,4.938345432090977
adamw_sft_mixed,AdamW + SFT (Mixed),20,q_proj,attn,model.layers.20.self_attn.q_proj.weight,9477.519456424674,3.976694684663674
adamw_sft_mixed,AdamW + SFT (Mixed),20,v_proj,attn,model.layers.20.self_attn.v_proj.weight,6.940426599831696,0.8413861655930212
adamw_sft_mixed,AdamW + SFT (Mixed),21,down_proj,mlp,model.layers.21.mlp.down_proj.weight,9.38827628070219,0.9725858616486356
adamw_sft_mixed,AdamW + SFT (Mixed),21,gate_proj,mlp,model.layers.21.mlp.gate_proj.weight,17.62981657107785,1.2462477937183163
adamw_sft_mixed,AdamW + SFT (Mixed),21,up_proj,mlp,model.layers.21.mlp.up_proj.weight,8.167129732755024,0.9120694542994288
adamw_sft_mixed,AdamW + SFT (Mixed),21,k_proj,attn,model.layers.21.self_attn.k_proj.weight,30.021878301733466,1.4774378601444145
adamw_sft_mixed,AdamW + SFT (Mixed),21,o_proj,attn,model.layers.21.self_attn.o_proj.weight,98871.43915743942,4.995070855725735
adamw_sft_mixed,AdamW + SFT (Mixed),21,q_proj,attn,model.layers.21.self_attn.q_proj.weight,14326.126951904977,4.15612879536843
adamw_sft_mixed,AdamW + SFT (Mixed),21,v_proj,attn,model.layers.21.self_attn.v_proj.weight,4.3638879837813915,0.6398735941963247
adamw_sft_mixed,AdamW + SFT (Mixed),22,down_proj,mlp,model.layers.22.mlp.down_proj.weight,9.903868513536652,0.9958048659021597
adamw_sft_mixed,AdamW + SFT (Mixed),22,gate_proj,mlp,model.layers.22.mlp.gate_proj.weight,22.903741524543506,1.3599064339002924
adamw_sft_mixed,AdamW + SFT (Mixed),22,up_proj,mlp,model.layers.22.mlp.up_proj.weight,12.799388807193228,1.107189231835305
adamw_sft_mixed,AdamW + SFT (Mixed),22,k_proj,attn,model.layers.22.self_attn.k_proj.weight,20.39591441622931,1.3095431809460865
adamw_sft_mixed,AdamW + SFT (Mixed),22,o_proj,attn,model.layers.22.self_attn.o_proj.weight,31770.490260239025,4.502023916611022
adamw_sft_mixed,AdamW + SFT (Mixed),22,q_proj,attn,model.layers.22.self_attn.q_proj.weight,53379.67141603093,4.727375896116086
adamw_sft_mixed,AdamW + SFT (Mixed),22,v_proj,attn,model.layers.22.self_attn.v_proj.weight,5.232981668611821,0.7187492133877302
adamw_sft_mixed,AdamW + SFT (Mixed),23,down_proj,mlp,model.layers.23.mlp.down_proj.weight,11.80528034446511,1.0720763048928121
adamw_sft_mixed,AdamW + SFT (Mixed),23,gate_proj,mlp,model.layers.23.mlp.gate_proj.weight,19.843989826204464,1.2976289957061962
adamw_sft_mixed,AdamW + SFT (Mixed),23,up_proj,mlp,model.layers.23.mlp.up_proj.weight,10.79274953488896,1.033132098595157
adamw_sft_mixed,AdamW + SFT (Mixed),23,k_proj,attn,model.layers.23.self_attn.k_proj.weight,15.994285731440925,1.2039648502456852
adamw_sft_mixed,AdamW + SFT (Mixed),23,o_proj,attn,model.layers.23.self_attn.o_proj.weight,11234.456697366919,4.05055207461533
adamw_sft_mixed,AdamW + SFT (Mixed),23,q_proj,attn,model.layers.23.self_attn.q_proj.weight,1582511.0057844021,6.199346739058943
adamw_sft_mixed,AdamW + SFT (Mixed),23,v_proj,attn,model.layers.23.self_attn.v_proj.weight,4.042321335094492,0.6066308337986487
adamw_sft_mixed,AdamW + SFT (Mixed),24,down_proj,mlp,model.layers.24.mlp.down_proj.weight,10.010204636987046,1.000442955781602
adamw_sft_mixed,AdamW + SFT (Mixed),24,gate_proj,mlp,model.layers.24.mlp.gate_proj.weight,21.048517676987508,1.3232215164485295
adamw_sft_mixed,AdamW + SFT (Mixed),24,up_proj,mlp,model.layers.24.mlp.up_proj.weight,13.895018815281517,1.142859139193089
adamw_sft_mixed,AdamW + SFT (Mixed),24,k_proj,attn,model.layers.24.self_attn.k_proj.weight,31.236064912362753,1.4946563166748417
adamw_sft_mixed,AdamW + SFT (Mixed),24,o_proj,attn,model.layers.24.self_attn.o_proj.weight,13145.395872283543,4.1187736693742565
adamw_sft_mixed,AdamW + SFT (Mixed),24,q_proj,attn,model.layers.24.self_attn.q_proj.weight,96737.63759112117,4.985595477370531
adamw_sft_mixed,AdamW + SFT (Mixed),24,v_proj,attn,model.layers.24.self_attn.v_proj.weight,3.598158847662698,0.5560803322003541
adamw_sft_mixed,AdamW + SFT (Mixed),25,down_proj,mlp,model.layers.25.mlp.down_proj.weight,9.427719862807992,0.9744066693291431
adamw_sft_mixed,AdamW + SFT (Mixed),25,gate_proj,mlp,model.layers.25.mlp.gate_proj.weight,21.338791521771903,1.329169820417075
adamw_sft_mixed,AdamW + SFT (Mixed),25,up_proj,mlp,model.layers.25.mlp.up_proj.weight,18.11111236820604,1.2579451251090767
adamw_sft_mixed,AdamW + SFT (Mixed),25,k_proj,attn,model.layers.25.self_attn.k_proj.weight,22.419836205678212,1.3506324354119443
adamw_sft_mixed,AdamW + SFT (Mixed),25,o_proj,attn,model.layers.25.self_attn.o_proj.weight,15232.139730425426,4.182760915013244
adamw_sft_mixed,AdamW + SFT (Mixed),25,q_proj,attn,model.layers.25.self_attn.q_proj.weight,21932.534316364196,4.3410888175425555
adamw_sft_mixed,AdamW + SFT (Mixed),25,v_proj,attn,model.layers.25.self_attn.v_proj.weight,4.337215203654393,0.6372109714779896
adamw_sft_mixed,AdamW + SFT (Mixed),26,down_proj,mlp,model.layers.26.mlp.down_proj.weight,8.74106368421583,0.9415642843594854
adamw_sft_mixed,AdamW + SFT (Mixed),26,gate_proj,mlp,model.layers.26.mlp.gate_proj.weight,20.03332948406482,1.3017531338363433
adamw_sft_mixed,AdamW + SFT (Mixed),26,up_proj,mlp,model.layers.26.mlp.up_proj.weight,18.54952592207582,1.2683328146487767
adamw_sft_mixed,AdamW + SFT (Mixed),26,k_proj,attn,model.layers.26.self_attn.k_proj.weight,18.94078701215941,1.277398020492858
adamw_sft_mixed,AdamW + SFT (Mixed),26,o_proj,attn,model.layers.26.self_attn.o_proj.weight,31279.284504030635,4.495256810260405
adamw_sft_mixed,AdamW + SFT (Mixed),26,q_proj,attn,model.layers.26.self_attn.q_proj.weight,56586.42069334489,4.752712224023833
adamw_sft_mixed,AdamW + SFT (Mixed),26,v_proj,attn,model.layers.26.self_attn.v_proj.weight,4.834094104037264,0.684315100450265
adamw_sft_mixed,AdamW + SFT (Mixed),27,down_proj,mlp,model.layers.27.mlp.down_proj.weight,11.983994395020828,1.0786015972335543
adamw_sft_mixed,AdamW + SFT (Mixed),27,gate_proj,mlp,model.layers.27.mlp.gate_proj.weight,34.0112946708022,1.531623164061023
adamw_sft_mixed,AdamW + SFT (Mixed),27,up_proj,mlp,model.layers.27.mlp.up_proj.weight,27.05740348540271,1.4322861179797641
adamw_sft_mixed,AdamW + SFT (Mixed),27,k_proj,attn,model.layers.27.self_attn.k_proj.weight,16.947920134174627,1.229116408753015
adamw_sft_mixed,AdamW + SFT (Mixed),27,o_proj,attn,model.layers.27.self_attn.o_proj.weight,120614.73348795202,5.0814003615495
adamw_sft_mixed,AdamW + SFT (Mixed),27,q_proj,attn,model.layers.27.self_attn.q_proj.weight,58784.809957462676,4.769265118526661
adamw_sft_mixed,AdamW + SFT (Mixed),27,v_proj,attn,model.layers.27.self_attn.v_proj.weight,7.853311382326199,0.8950528174886196
adamw_sft_mixed,AdamW + SFT (Mixed),3,down_proj,mlp,model.layers.3.mlp.down_proj.weight,10.756945200774839,1.031688956199589
adamw_sft_mixed,AdamW + SFT (Mixed),3,gate_proj,mlp,model.layers.3.mlp.gate_proj.weight,14.000099883717748,1.1461311341634313
adamw_sft_mixed,AdamW + SFT (Mixed),3,up_proj,mlp,model.layers.3.mlp.up_proj.weight,7.592956239053333,0.8804108968893184
adamw_sft_mixed,AdamW + SFT (Mixed),3,k_proj,attn,model.layers.3.self_attn.k_proj.weight,15.48090971638003,1.1897964778711234
adamw_sft_mixed,AdamW + SFT (Mixed),3,o_proj,attn,model.layers.3.self_attn.o_proj.weight,18135.136191880283,4.258520821408595
adamw_sft_mixed,AdamW + SFT (Mixed),3,q_proj,attn,model.layers.3.self_attn.q_proj.weight,113686.60591654314,5.055709300930585
adamw_sft_mixed,AdamW + SFT (Mixed),3,v_proj,attn,model.layers.3.self_attn.v_proj.weight,3.890769149938026,0.5900354636790284
adamw_sft_mixed,AdamW + SFT (Mixed),4,down_proj,mlp,model.layers.4.mlp.down_proj.weight,11.159011536873644,1.0476257265824085
adamw_sft_mixed,AdamW + SFT (Mixed),4,gate_proj,mlp,model.layers.4.mlp.gate_proj.weight,17.495751222354237,1.2429325947022534
adamw_sft_mixed,AdamW + SFT (Mixed),4,up_proj,mlp,model.layers.4.mlp.up_proj.weight,8.780301341746133,0.9435094212377343
adamw_sft_mixed,AdamW + SFT (Mixed),4,k_proj,attn,model.layers.4.self_attn.k_proj.weight,23.950703285278838,1.3793182705034595
adamw_sft_mixed,AdamW + SFT (Mixed),4,o_proj,attn,model.layers.4.self_attn.o_proj.weight,8911.634578857314,3.949957369970638
adamw_sft_mixed,AdamW + SFT (Mixed),4,q_proj,attn,model.layers.4.self_attn.q_proj.weight,18528.769828181146,4.267846586368673
adamw_sft_mixed,AdamW + SFT (Mixed),4,v_proj,attn,model.layers.4.self_attn.v_proj.weight,3.787493312714665,0.5783518747107089
adamw_sft_mixed,AdamW + SFT (Mixed),5,down_proj,mlp,model.layers.5.mlp.down_proj.weight,12.38994442171165,1.0930693582406252
adamw_sft_mixed,AdamW + SFT (Mixed),5,gate_proj,mlp,model.layers.5.mlp.gate_proj.weight,20.63518430083474,1.314608352083224
adamw_sft_mixed,AdamW + SFT (Mixed),5,up_proj,mlp,model.layers.5.mlp.up_proj.weight,8.094251252702337,0.9081766811487795
adamw_sft_mixed,AdamW + SFT (Mixed),5,k_proj,attn,model.layers.5.self_attn.k_proj.weight,22.35665746508663,1.3494068728735793
adamw_sft_mixed,AdamW + SFT (Mixed),5,o_proj,attn,model.layers.5.self_attn.o_proj.weight,13389.25448055455,4.126756395981754
adamw_sft_mixed,AdamW + SFT (Mixed),5,q_proj,attn,model.layers.5.self_attn.q_proj.weight,15074.404323502355,4.178240159676056
adamw_sft_mixed,AdamW + SFT (Mixed),5,v_proj,attn,model.layers.5.self_attn.v_proj.weight,3.3555764468672327,0.5257671373780323
adamw_sft_mixed,AdamW + SFT (Mixed),6,down_proj,mlp,model.layers.6.mlp.down_proj.weight,9.162830943312164,0.962029673789288
adamw_sft_mixed,AdamW + SFT (Mixed),6,gate_proj,mlp,model.layers.6.mlp.gate_proj.weight,19.22619675104019,1.2838933823458603
adamw_sft_mixed,AdamW + SFT (Mixed),6,up_proj,mlp,model.layers.6.mlp.up_proj.weight,7.420463984142838,0.870431061539533
adamw_sft_mixed,AdamW + SFT (Mixed),6,k_proj,attn,model.layers.6.self_attn.k_proj.weight,22.208828493951273,1.346525650307539
adamw_sft_mixed,AdamW + SFT (Mixed),6,o_proj,attn,model.layers.6.self_attn.o_proj.weight,207174.15070567044,5.316335567162911
adamw_sft_mixed,AdamW + SFT (Mixed),6,q_proj,attn,model.layers.6.self_attn.q_proj.weight,15978.310394769775,4.203530853512182
adamw_sft_mixed,AdamW + SFT (Mixed),6,v_proj,attn,model.layers.6.self_attn.v_proj.weight,3.280165833365139,0.5158958006308302
adamw_sft_mixed,AdamW + SFT (Mixed),7,down_proj,mlp,model.layers.7.mlp.down_proj.weight,7.968275031742024,0.901364315715155
adamw_sft_mixed,AdamW + SFT (Mixed),7,gate_proj,mlp,model.layers.7.mlp.gate_proj.weight,16.823104273752502,1.2259061367988924
adamw_sft_mixed,AdamW + SFT (Mixed),7,up_proj,mlp,model.layers.7.mlp.up_proj.weight,8.451235786036591,0.9269202185136385
adamw_sft_mixed,AdamW + SFT (Mixed),7,k_proj,attn,model.layers.7.self_attn.k_proj.weight,30.472408562237096,1.4839067825439236
adamw_sft_mixed,AdamW + SFT (Mixed),7,o_proj,attn,model.layers.7.self_attn.o_proj.weight,10684.458751452348,4.028752526761081
adamw_sft_mixed,AdamW + SFT (Mixed),7,q_proj,attn,model.layers.7.self_attn.q_proj.weight,9053.736785645935,3.956827864336041
adamw_sft_mixed,AdamW + SFT (Mixed),7,v_proj,attn,model.layers.7.self_attn.v_proj.weight,4.613768726903068,0.6640558209724288
adamw_sft_mixed,AdamW + SFT (Mixed),8,down_proj,mlp,model.layers.8.mlp.down_proj.weight,8.060159993715347,0.906343662611304
adamw_sft_mixed,AdamW + SFT (Mixed),8,gate_proj,mlp,model.layers.8.mlp.gate_proj.weight,15.703357428857876,1.1959925159086362
adamw_sft_mixed,AdamW + SFT (Mixed),8,up_proj,mlp,model.layers.8.mlp.up_proj.weight,11.037066454038797,1.0428536574402942
adamw_sft_mixed,AdamW + SFT (Mixed),8,k_proj,attn,model.layers.8.self_attn.k_proj.weight,26.231427735820148,1.4188219292069608
adamw_sft_mixed,AdamW + SFT (Mixed),8,o_proj,attn,model.layers.8.self_attn.o_proj.weight,8531.490898253549,3.9310249317895853
adamw_sft_mixed,AdamW + SFT (Mixed),8,q_proj,attn,model.layers.8.self_attn.q_proj.weight,22764.63200052038,4.357260634155075
adamw_sft_mixed,AdamW + SFT (Mixed),8,v_proj,attn,model.layers.8.self_attn.v_proj.weight,2.6150112125895575,0.4174735553659442
adamw_sft_mixed,AdamW + SFT (Mixed),9,down_proj,mlp,model.layers.9.mlp.down_proj.weight,11.961533997329267,1.0777868789713692
adamw_sft_mixed,AdamW + SFT (Mixed),9,gate_proj,mlp,model.layers.9.mlp.gate_proj.weight,17.045288167724273,1.2316043478115875
adamw_sft_mixed,AdamW + SFT (Mixed),9,up_proj,mlp,model.layers.9.mlp.up_proj.weight,8.607101653480944,0.9348569321959547
adamw_sft_mixed,AdamW + SFT (Mixed),9,k_proj,attn,model.layers.9.self_attn.k_proj.weight,29.98599088256732,1.4769184046068797
adamw_sft_mixed,AdamW + SFT (Mixed),9,o_proj,attn,model.layers.9.self_attn.o_proj.weight,21844.218349295243,4.339336508983269
adamw_sft_mixed,AdamW + SFT (Mixed),9,q_proj,attn,model.layers.9.self_attn.q_proj.weight,36690.495360025365,4.5645535752248305
adamw_sft_mixed,AdamW + SFT (Mixed),9,v_proj,attn,model.layers.9.self_attn.v_proj.weight,3.9117759948067916,0.5923739772493235
muon_sft_fp32,Muon + SFT (FP32),99,lm_head,head,lm_head.weight,69.24287902444597,1.8403751169508429
muon_sft_fp32,Muon + SFT (FP32),-1,embed,embed,model.embed_tokens.weight,69.24287902444597,1.8403751169508429
muon_sft_fp32,Muon + SFT (FP32),0,down_proj,mlp,model.layers.0.mlp.down_proj.weight,10.548386209995483,1.0231860223158709
muon_sft_fp32,Muon + SFT (FP32),0,gate_proj,mlp,model.layers.0.mlp.gate_proj.weight,50.78545202057177,1.7057393222830668
muon_sft_fp32,Muon + SFT (FP32),0,up_proj,mlp,model.layers.0.mlp.up_proj.weight,30.564908065265595,1.485223093834031
muon_sft_fp32,Muon + SFT (FP32),0,k_proj,attn,model.layers.0.self_attn.k_proj.weight,18.744256367734085,1.2728682155340008
muon_sft_fp32,Muon + SFT (FP32),0,o_proj,attn,model.layers.0.self_attn.o_proj.weight,35157.776849039044,4.546021405289101
muon_sft_fp32,Muon + SFT (FP32),0,q_proj,attn,model.layers.0.self_attn.q_proj.weight,186454.06475892427,5.270571855560715
muon_sft_fp32,Muon + SFT (FP32),0,v_proj,attn,model.layers.0.self_attn.v_proj.weight,7.774516761408584,0.8906734042100121
muon_sft_fp32,Muon + SFT (FP32),1,down_proj,mlp,model.layers.1.mlp.down_proj.weight,8.999385661492873,0.9542128635582057
muon_sft_fp32,Muon + SFT (FP32),1,gate_proj,mlp,model.layers.1.mlp.gate_proj.weight,33.91763681671284,1.530425585530006
muon_sft_fp32,Muon + SFT (FP32),1,up_proj,mlp,model.layers.1.mlp.up_proj.weight,37.735308280908164,1.5767479023372328
muon_sft_fp32,Muon + SFT (FP32),1,k_proj,attn,model.layers.1.self_attn.k_proj.weight,30.092396594323723,1.478456776847514
muon_sft_fp32,Muon + SFT (FP32),1,o_proj,attn,model.layers.1.self_attn.o_proj.weight,67176.43913455316,4.827216979184109
muon_sft_fp32,Muon + SFT (FP32),1,q_proj,attn,model.layers.1.self_attn.q_proj.weight,1316986.0718133703,6.119581181972731
muon_sft_fp32,Muon + SFT (FP32),1,v_proj,attn,model.layers.1.self_attn.v_proj.weight,3.3418187602502067,0.5239828927274471
muon_sft_fp32,Muon + SFT (FP32),10,down_proj,mlp,model.layers.10.mlp.down_proj.weight,13.491774507120684,1.130069074057961
muon_sft_fp32,Muon + SFT (FP32),10,gate_proj,mlp,model.layers.10.mlp.gate_proj.weight,16.209743230146124,1.2097761354769008
muon_sft_fp32,Muon + SFT (FP32),10,up_proj,mlp,model.layers.10.mlp.up_proj.weight,8.537454418540351,0.9313283979980227
muon_sft_fp32,Muon + SFT (FP32),10,k_proj,attn,model.layers.10.self_attn.k_proj.weight,24.037794718555062,1.3808946220039997
muon_sft_fp32,Muon + SFT (FP32),10,o_proj,attn,model.layers.10.self_attn.o_proj.weight,16051.590063570624,4.205518059895432
muon_sft_fp32,Muon + SFT (FP32),10,q_proj,attn,model.layers.10.self_attn.q_proj.weight,12486.721177477864,4.096448414237295
muon_sft_fp32,Muon + SFT (FP32),10,v_proj,attn,model.layers.10.self_attn.v_proj.weight,3.2993728014179595,0.5184313899470822
muon_sft_fp32,Muon + SFT (FP32),11,down_proj,mlp,model.layers.11.mlp.down_proj.weight,16.053893789130708,1.205580385403739
muon_sft_fp32,Muon + SFT (FP32),11,gate_proj,mlp,model.layers.11.mlp.gate_proj.weight,13.224388924013093,1.1213756131790134
muon_sft_fp32,Muon + SFT (FP32),11,up_proj,mlp,model.layers.11.mlp.up_proj.weight,6.605353363252766,0.8198960558045695
muon_sft_fp32,Muon + SFT (FP32),11,k_proj,attn,model.layers.11.self_attn.k_proj.weight,21.606532222840393,1.3345850696442147
muon_sft_fp32,Muon + SFT (FP32),11,o_proj,attn,model.layers.11.self_attn.o_proj.weight,92447.05754397278,4.96589309275044
muon_sft_fp32,Muon + SFT (FP32),11,q_proj,attn,model.layers.11.self_attn.q_proj.weight,25998.192814709622,4.414943160360163
muon_sft_fp32,Muon + SFT (FP32),11,v_proj,attn,model.layers.11.self_attn.v_proj.weight,2.8678990692087822,0.4575638630149408
muon_sft_fp32,Muon + SFT (FP32),12,down_proj,mlp,model.layers.12.mlp.down_proj.weight,14.14541209604122,1.1506156042093916
muon_sft_fp32,Muon + SFT (FP32),12,gate_proj,mlp,model.layers.12.mlp.gate_proj.weight,18.887676305191455,1.276178531245926
muon_sft_fp32,Muon + SFT (FP32),12,up_proj,mlp,model.layers.12.mlp.up_proj.weight,8.060996458351411,0.9063887303429095
muon_sft_fp32,Muon + SFT (FP32),12,k_proj,attn,model.layers.12.self_attn.k_proj.weight,20.875012350055485,1.319626741092615
muon_sft_fp32,Muon + SFT (FP32),12,o_proj,attn,model.layers.12.self_attn.o_proj.weight,67031.75735122779,4.826280605309533
muon_sft_fp32,Muon + SFT (FP32),12,q_proj,attn,model.layers.12.self_attn.q_proj.weight,16228.841620426274,4.2102875219327816
muon_sft_fp32,Muon + SFT (FP32),12,v_proj,attn,model.layers.12.self_attn.v_proj.weight,2.5508536300774236,0.40668553917684735
muon_sft_fp32,Muon + SFT (FP32),13,down_proj,mlp,model.layers.13.mlp.down_proj.weight,30.001950805875854,1.4771494946090682
muon_sft_fp32,Muon + SFT (FP32),13,gate_proj,mlp,model.layers.13.mlp.gate_proj.weight,12.316156952274993,1.0904752147450145
muon_sft_fp32,Muon + SFT (FP32),13,up_proj,mlp,model.layers.13.mlp.up_proj.weight,6.310243159427629,0.8000460947057766
muon_sft_fp32,Muon + SFT (FP32),13,k_proj,attn,model.layers.13.self_attn.k_proj.weight,41.92095861494281,1.6224312051879757
muon_sft_fp32,Muon + SFT (FP32),13,o_proj,attn,model.layers.13.self_attn.o_proj.weight,10155.909523317112,4.006718823188377
muon_sft_fp32,Muon + SFT (FP32),13,q_proj,attn,model.layers.13.self_attn.q_proj.weight,86841.28469853503,4.938726239625286
muon_sft_fp32,Muon + SFT (FP32),13,v_proj,attn,model.layers.13.self_attn.v_proj.weight,3.7002380236527723,0.5682296616437774
muon_sft_fp32,Muon + SFT (FP32),14,down_proj,mlp,model.layers.14.mlp.down_proj.weight,12.149323000390801,1.0845520783140703
muon_sft_fp32,Muon + SFT (FP32),14,gate_proj,mlp,model.layers.14.mlp.gate_proj.weight,13.41594239143757,1.1276211847251543
muon_sft_fp32,Muon + SFT (FP32),14,up_proj,mlp,model.layers.14.mlp.up_proj.weight,6.9266985961992384,0.8405262904439185
muon_sft_fp32,Muon + SFT (FP32),14,k_proj,attn,model.layers.14.self_attn.k_proj.weight,23.138123645483734,1.3643281375261531
muon_sft_fp32,Muon + SFT (FP32),14,o_proj,attn,model.layers.14.self_attn.o_proj.weight,6488.1414891010645,3.812120312113369
muon_sft_fp32,Muon + SFT (FP32),14,q_proj,attn,model.layers.14.self_attn.q_proj.weight,12153.623051703276,4.084705762445401
muon_sft_fp32,Muon + SFT (FP32),14,v_proj,attn,model.layers.14.self_attn.v_proj.weight,6.809593488801278,0.8331211866793141
muon_sft_fp32,Muon + SFT (FP32),15,down_proj,mlp,model.layers.15.mlp.down_proj.weight,12.831392860572247,1.1082738020356857
muon_sft_fp32,Muon + SFT (FP32),15,gate_proj,mlp,model.layers.15.mlp.gate_proj.weight,16.83256254394373,1.2261502368301167
muon_sft_fp32,Muon + SFT (FP32),15,up_proj,mlp,model.layers.15.mlp.up_proj.weight,9.400340492276927,0.9731435845825579
muon_sft_fp32,Muon + SFT (FP32),15,k_proj,attn,model.layers.15.self_attn.k_proj.weight,25.445477210852342,1.405610600153171
muon_sft_fp32,Muon + SFT (FP32),15,o_proj,attn,model.layers.15.self_attn.o_proj.weight,28332.00473691317,4.4522773057373595
muon_sft_fp32,Muon + SFT (FP32),15,q_proj,attn,model.layers.15.self_attn.q_proj.weight,24243.594812623956,4.384597016960145
muon_sft_fp32,Muon + SFT (FP32),15,v_proj,attn,model.layers.15.self_attn.v_proj.weight,3.3576007724851715,0.5260290561218304
muon_sft_fp32,Muon + SFT (FP32),16,down_proj,mlp,model.layers.16.mlp.down_proj.weight,9.68697182408835,0.9861880365324524
muon_sft_fp32,Muon + SFT (FP32),16,gate_proj,mlp,model.layers.16.mlp.gate_proj.weight,12.918516831275237,1.1112126553798296
muon_sft_fp32,Muon + SFT (FP32),16,up_proj,mlp,model.layers.16.mlp.up_proj.weight,6.158542525886584,0.7894779446549418
muon_sft_fp32,Muon + SFT (FP32),16,k_proj,attn,model.layers.16.self_attn.k_proj.weight,20.668622726621418,1.315311537964645
muon_sft_fp32,Muon + SFT (FP32),16,o_proj,attn,model.layers.16.self_attn.o_proj.weight,43271.02634368544,4.636197196333757
muon_sft_fp32,Muon + SFT (FP32),16,q_proj,attn,model.layers.16.self_attn.q_proj.weight,98998.2368200418,4.995627459788
muon_sft_fp32,Muon + SFT (FP32),16,v_proj,attn,model.layers.16.self_attn.v_proj.weight,2.7888458198750414,0.4454245051486708
muon_sft_fp32,Muon + SFT (FP32),17,down_proj,mlp,model.layers.17.mlp.down_proj.weight,6.799600785215839,0.8324834153728008
muon_sft_fp32,Muon + SFT (FP32),17,gate_proj,mlp,model.layers.17.mlp.gate_proj.weight,17.96799474600391,1.2544996119259622
muon_sft_fp32,Muon + SFT (FP32),17,up_proj,mlp,model.layers.17.mlp.up_proj.weight,12.572276660743558,1.0994139293700624
muon_sft_fp32,Muon + SFT (FP32),17,k_proj,attn,model.layers.17.self_attn.k_proj.weight,15.486443508310575,1.1899516926424718
muon_sft_fp32,Muon + SFT (FP32),17,o_proj,attn,model.layers.17.self_attn.o_proj.weight,51725.224991628704,4.713702388412887
muon_sft_fp32,Muon + SFT (FP32),17,q_proj,attn,model.layers.17.self_attn.q_proj.weight,12709.560437186543,4.104130530647994
muon_sft_fp32,Muon + SFT (FP32),17,v_proj,attn,model.layers.17.self_attn.v_proj.weight,4.04557206247593,0.6069799415256065
muon_sft_fp32,Muon + SFT (FP32),18,down_proj,mlp,model.layers.18.mlp.down_proj.weight,6.644090033418267,0.822435508901544
muon_sft_fp32,Muon + SFT (FP32),18,gate_proj,mlp,model.layers.18.mlp.gate_proj.weight,18.456854608643084,1.2661576911372794
muon_sft_fp32,Muon + SFT (FP32),18,up_proj,mlp,model.layers.18.mlp.up_proj.weight,10.671918521367877,1.0282425008064124
muon_sft_fp32,Muon + SFT (FP32),18,k_proj,attn,model.layers.18.self_attn.k_proj.weight,22.864398408259685,1.359159779020427
muon_sft_fp32,Muon + SFT (FP32),18,o_proj,attn,model.layers.18.self_attn.o_proj.weight,20474.35231345305,4.311210172159322
muon_sft_fp32,Muon + SFT (FP32),18,q_proj,attn,model.layers.18.self_attn.q_proj.weight,39776.1241449588,4.599622462436873
muon_sft_fp32,Muon + SFT (FP32),18,v_proj,attn,model.layers.18.self_attn.v_proj.weight,2.1435258434414712,0.3311287239541229
muon_sft_fp32,Muon + SFT (FP32),19,down_proj,mlp,model.layers.19.mlp.down_proj.weight,7.114062177504887,0.8521176566368384
muon_sft_fp32,Muon + SFT (FP32),19,gate_proj,mlp,model.layers.19.mlp.gate_proj.weight,18.805202416138734,1.2742780124587094
muon_sft_fp32,Muon + SFT (FP32),19,up_proj,mlp,model.layers.19.mlp.up_proj.weight,10.389975680557773,1.0166145310209
muon_sft_fp32,Muon + SFT (FP32),19,k_proj,attn,model.layers.19.self_attn.k_proj.weight,22.394766113502058,1.3501465311189131
muon_sft_fp32,Muon + SFT (FP32),19,o_proj,attn,model.layers.19.self_attn.o_proj.weight,23618.450052538275,4.373251393882221
muon_sft_fp32,Muon + SFT (FP32),19,q_proj,attn,model.layers.19.self_attn.q_proj.weight,27123.11832068253,4.4333396185140765
muon_sft_fp32,Muon + SFT (FP32),19,v_proj,attn,model.layers.19.self_attn.v_proj.weight,3.009027452509412,0.4784261499929769
muon_sft_fp32,Muon + SFT (FP32),2,down_proj,mlp,model.layers.2.mlp.down_proj.weight,13.20423384689885,1.12071320707894
muon_sft_fp32,Muon + SFT (FP32),2,gate_proj,mlp,model.layers.2.mlp.gate_proj.weight,17.38676769166262,1.2402188514591943
muon_sft_fp32,Muon + SFT (FP32),2,up_proj,mlp,model.layers.2.mlp.up_proj.weight,8.914675771145404,0.9501055524061514
muon_sft_fp32,Muon + SFT (FP32),2,k_proj,attn,model.layers.2.self_attn.k_proj.weight,17.24434770604905,1.2366467711579585
muon_sft_fp32,Muon + SFT (FP32),2,o_proj,attn,model.layers.2.self_attn.o_proj.weight,30194.7705503123,4.479931733758482
muon_sft_fp32,Muon + SFT (FP32),2,q_proj,attn,model.layers.2.self_attn.q_proj.weight,23105.240848858983,4.3637104999607725
muon_sft_fp32,Muon + SFT (FP32),2,v_proj,attn,model.layers.2.self_attn.v_proj.weight,3.1912568294706696,0.503961757228132
muon_sft_fp32,Muon + SFT (FP32),20,down_proj,mlp,model.layers.20.mlp.down_proj.weight,7.516505369641557,0.8760159720495868
muon_sft_fp32,Muon + SFT (FP32),20,gate_proj,mlp,model.layers.20.mlp.gate_proj.weight,19.205234442687757,1.2834196130655875
muon_sft_fp32,Muon + SFT (FP32),20,up_proj,mlp,model.layers.20.mlp.up_proj.weight,11.18856367743548,1.048774337913394
muon_sft_fp32,Muon + SFT (FP32),20,k_proj,attn,model.layers.20.self_attn.k_proj.weight,22.081571193122965,1.3440299719659645
muon_sft_fp32,Muon + SFT (FP32),20,o_proj,attn,model.layers.20.self_attn.o_proj.weight,82152.98384697162,4.914623341900612
muon_sft_fp32,Muon + SFT (FP32),20,q_proj,attn,model.layers.20.self_attn.q_proj.weight,8988.969287700489,3.9537098965912008
muon_sft_fp32,Muon + SFT (FP32),20,v_proj,attn,model.layers.20.self_attn.v_proj.weight,6.9426913684204745,0.8415278594851092
muon_sft_fp32,Muon + SFT (FP32),21,down_proj,mlp,model.layers.21.mlp.down_proj.weight,9.389687148879508,0.9726511224281181
muon_sft_fp32,Muon + SFT (FP32),21,gate_proj,mlp,model.layers.21.mlp.gate_proj.weight,17.629043697668873,1.2462287542681343
muon_sft_fp32,Muon + SFT (FP32),21,up_proj,mlp,model.layers.21.mlp.up_proj.weight,8.167340452269176,0.9120806593548966
muon_sft_fp32,Muon + SFT (FP32),21,k_proj,attn,model.layers.21.self_attn.k_proj.weight,29.99581188750379,1.4770606213490178
muon_sft_fp32,Muon + SFT (FP32),21,o_proj,attn,model.layers.21.self_attn.o_proj.weight,160605.61815851703,5.2057607332998606
muon_sft_fp32,Muon + SFT (FP32),21,q_proj,attn,model.layers.21.self_attn.q_proj.weight,14356.245407891916,4.157040873622078
muon_sft_fp32,Muon + SFT (FP32),21,v_proj,attn,model.layers.21.self_attn.v_proj.weight,4.365314420147287,0.6400155300615602
muon_sft_fp32,Muon + SFT (FP32),22,down_proj,mlp,model.layers.22.mlp.down_proj.weight,9.904531425734403,0.9958339342883452
muon_sft_fp32,Muon + SFT (FP32),22,gate_proj,mlp,model.layers.22.mlp.gate_proj.weight,22.90425312559301,1.3599161346311122
muon_sft_fp32,Muon + SFT (FP32),22,up_proj,mlp,model.layers.22.mlp.up_proj.weight,12.799775778605746,1.107202361916059
muon_sft_fp32,Muon + SFT (FP32),22,k_proj,attn,model.layers.22.self_attn.k_proj.weight,20.394937632156118,1.309522381579965
muon_sft_fp32,Muon + SFT (FP32),22,o_proj,attn,model.layers.22.self_attn.o_proj.weight,30860.960052708982,4.489409432391692
muon_sft_fp32,Muon + SFT (FP32),22,q_proj,attn,model.layers.22.self_attn.q_proj.weight,53653.48022421301,4.729597897656131
muon_sft_fp32,Muon + SFT (FP32),22,v_proj,attn,model.layers.22.self_attn.v_proj.weight,5.232960089728012,0.7187474225139837
muon_sft_fp32,Muon + SFT (FP32),23,down_proj,mlp,model.layers.23.mlp.down_proj.weight,11.805813865658502,1.0720959317096166
muon_sft_fp32,Muon + SFT (FP32),23,gate_proj,mlp,model.layers.23.mlp.gate_proj.weight,19.843827921794876,1.2976254523422286
muon_sft_fp32,Muon + SFT (FP32),23,up_proj,mlp,model.layers.23.mlp.up_proj.weight,10.792524534498625,1.0331230446051418
muon_sft_fp32,Muon + SFT (FP32),23,k_proj,attn,model.layers.23.self_attn.k_proj.weight,15.996016289606137,1.204011837727204
muon_sft_fp32,Muon + SFT (FP32),23,o_proj,attn,model.layers.23.self_attn.o_proj.weight,12907.113941257452,4.11082914393123
muon_sft_fp32,Muon + SFT (FP32),23,q_proj,attn,model.layers.23.self_attn.q_proj.weight,513304.5568226559,5.710375119694525
muon_sft_fp32,Muon + SFT (FP32),23,v_proj,attn,model.layers.23.self_attn.v_proj.weight,4.042286229828555,0.6066270621812486
muon_sft_fp32,Muon + SFT (FP32),24,down_proj,mlp,model.layers.24.mlp.down_proj.weight,10.01166124479437,1.0005061463691196
muon_sft_fp32,Muon + SFT (FP32),24,gate_proj,mlp,model.layers.24.mlp.gate_proj.weight,21.047964698665012,1.3232101066859776
muon_sft_fp32,Muon + SFT (FP32),24,up_proj,mlp,model.layers.24.mlp.up_proj.weight,13.89495816870091,1.142857243655333
muon_sft_fp32,Muon + SFT (FP32),24,k_proj,attn,model.layers.24.self_attn.k_proj.weight,31.21132809395362,1.4943122490114966
muon_sft_fp32,Muon + SFT (FP32),24,o_proj,attn,model.layers.24.self_attn.o_proj.weight,15184.35731962929,4.181396415059336
muon_sft_fp32,Muon + SFT (FP32),24,q_proj,attn,model.layers.24.self_attn.q_proj.weight,132582.5305428632,5.122486303943192
muon_sft_fp32,Muon + SFT (FP32),24,v_proj,attn,model.layers.24.self_attn.v_proj.weight,3.5990562346183097,0.556188632480537
muon_sft_fp32,Muon + SFT (FP32),25,down_proj,mlp,model.layers.25.mlp.down_proj.weight,9.428214020029404,0.9744294324291661
muon_sft_fp32,Muon + SFT (FP32),25,gate_proj,mlp,model.layers.25.mlp.gate_proj.weight,21.33947191313856,1.329183667757258
muon_sft_fp32,Muon + SFT (FP32),25,up_proj,mlp,model.layers.25.mlp.up_proj.weight,18.11282180876725,1.257986114616169
muon_sft_fp32,Muon + SFT (FP32),25,k_proj,attn,model.layers.25.self_attn.k_proj.weight,22.457885453700182,1.3513688623875124
muon_sft_fp32,Muon + SFT (FP32),25,o_proj,attn,model.layers.25.self_attn.o_proj.weight,16406.651845366792,4.215019962318089
muon_sft_fp32,Muon + SFT (FP32),25,q_proj,attn,model.layers.25.self_attn.q_proj.weight,23949.275560933263,4.379292381022083
muon_sft_fp32,Muon + SFT (FP32),25,v_proj,attn,model.layers.25.self_attn.v_proj.weight,4.337192418743982,0.637208689970988
muon_sft_fp32,Muon + SFT (FP32),26,down_proj,mlp,model.layers.26.mlp.down_proj.weight,8.741248542993276,0.9415734688593314
muon_sft_fp32,Muon + SFT (FP32),26,gate_proj,mlp,model.layers.26.mlp.gate_proj.weight,20.034291643490768,1.3017739916021762
muon_sft_fp32,Muon + SFT (FP32),26,up_proj,mlp,model.layers.26.mlp.up_proj.weight,18.549087821011646,1.2683225573989498
muon_sft_fp32,Muon + SFT (FP32),26,k_proj,attn,model.layers.26.self_attn.k_proj.weight,18.927287106409754,1.2770883699517026
muon_sft_fp32,Muon + SFT (FP32),26,o_proj,attn,model.layers.26.self_attn.o_proj.weight,32868.59908170724,4.516781194070984
muon_sft_fp32,Muon + SFT (FP32),26,q_proj,attn,model.layers.26.self_attn.q_proj.weight,54428.834273429944,4.7358290329384545
muon_sft_fp32,Muon + SFT (FP32),26,v_proj,attn,model.layers.26.self_attn.v_proj.weight,4.834377665335852,0.6843405748189618
muon_sft_fp32,Muon + SFT (FP32),27,down_proj,mlp,model.layers.27.mlp.down_proj.weight,11.983376208552118,1.0785791938605145
muon_sft_fp32,Muon + SFT (FP32),27,gate_proj,mlp,model.layers.27.mlp.gate_proj.weight,34.012091139767236,1.5316333341539232
muon_sft_fp32,Muon + SFT (FP32),27,up_proj,mlp,model.layers.27.mlp.up_proj.weight,27.059421073792105,1.4323185007927548
muon_sft_fp32,Muon + SFT (FP32),27,k_proj,attn,model.layers.27.self_attn.k_proj.weight,16.961115700546898,1.229454416709259
muon_sft_fp32,Muon + SFT (FP32),27,o_proj,attn,model.layers.27.self_attn.o_proj.weight,101847.76189060899,5.007951489799234
muon_sft_fp32,Muon + SFT (FP32),27,q_proj,attn,model.layers.27.self_attn.q_proj.weight,80119.31447116371,4.903737224662172
muon_sft_fp32,Muon + SFT (FP32),27,v_proj,attn,model.layers.27.self_attn.v_proj.weight,7.853599258527411,0.8950687369839972
muon_sft_fp32,Muon + SFT (FP32),3,down_proj,mlp,model.layers.3.mlp.down_proj.weight,10.759458910426053,1.0317904313559354
muon_sft_fp32,Muon + SFT (FP32),3,gate_proj,mlp,model.layers.3.mlp.gate_proj.weight,13.999681415532972,1.1461181527460715
muon_sft_fp32,Muon + SFT (FP32),3,up_proj,mlp,model.layers.3.mlp.up_proj.weight,7.59213212162974,0.8803637572690071
muon_sft_fp32,Muon + SFT (FP32),3,k_proj,attn,model.layers.3.self_attn.k_proj.weight,15.499076958281364,1.1903058346953481
muon_sft_fp32,Muon + SFT (FP32),3,o_proj,attn,model.layers.3.self_attn.o_proj.weight,18788.233661306112,4.273885952681366
muon_sft_fp32,Muon + SFT (FP32),3,q_proj,attn,model.layers.3.self_attn.q_proj.weight,95020.87517327307,4.9778190260955295
muon_sft_fp32,Muon + SFT (FP32),3,v_proj,attn,model.layers.3.self_attn.v_proj.weight,3.891196960996194,0.5900832140751103
muon_sft_fp32,Muon + SFT (FP32),4,down_proj,mlp,model.layers.4.mlp.down_proj.weight,11.159702118044223,1.0476526022882777
muon_sft_fp32,Muon + SFT (FP32),4,gate_proj,mlp,model.layers.4.mlp.gate_proj.weight,17.495396885322602,1.2429237989567061
muon_sft_fp32,Muon + SFT (FP32),4,up_proj,mlp,model.layers.4.mlp.up_proj.weight,8.781345291042863,0.9435610543708874
muon_sft_fp32,Muon + SFT (FP32),4,k_proj,attn,model.layers.4.self_attn.k_proj.weight,23.942372058777522,1.3791671753521244
muon_sft_fp32,Muon + SFT (FP32),4,o_proj,attn,model.layers.4.self_attn.o_proj.weight,8613.790963169937,3.935194328229535
muon_sft_fp32,Muon + SFT (FP32),4,q_proj,attn,model.layers.4.self_attn.q_proj.weight,18807.848406340156,4.274339115662008
muon_sft_fp32,Muon + SFT (FP32),4,v_proj,attn,model.layers.4.self_attn.v_proj.weight,3.7878305828608587,0.578390546209253
muon_sft_fp32,Muon + SFT (FP32),5,down_proj,mlp,model.layers.5.mlp.down_proj.weight,12.389786062901495,1.093063807384658
muon_sft_fp32,Muon + SFT (FP32),5,gate_proj,mlp,model.layers.5.mlp.gate_proj.weight,20.63518891045236,1.3146084490986536
muon_sft_fp32,Muon + SFT (FP32),5,up_proj,mlp,model.layers.5.mlp.up_proj.weight,8.095047080757109,0.9082193789514749
muon_sft_fp32,Muon + SFT (FP32),5,k_proj,attn,model.layers.5.self_attn.k_proj.weight,22.35510357753315,1.349376686418181
muon_sft_fp32,Muon + SFT (FP32),5,o_proj,attn,model.layers.5.self_attn.o_proj.weight,12897.872803637272,4.1105180896930555
muon_sft_fp32,Muon + SFT (FP32),5,q_proj,attn,model.layers.5.self_attn.q_proj.weight,15041.213029754652,4.17728286224534
muon_sft_fp32,Muon + SFT (FP32),5,v_proj,attn,model.layers.5.self_attn.v_proj.weight,3.355743989138254,0.5257888209452227
muon_sft_fp32,Muon + SFT (FP32),6,down_proj,mlp,model.layers.6.mlp.down_proj.weight,9.163049007645386,0.9620400093515503
muon_sft_fp32,Muon + SFT (FP32),6,gate_proj,mlp,model.layers.6.mlp.gate_proj.weight,19.22653518950968,1.2839010271581972
muon_sft_fp32,Muon + SFT (FP32),6,up_proj,mlp,model.layers.6.mlp.up_proj.weight,7.420631921023163,0.8704408902019043
muon_sft_fp32,Muon + SFT (FP32),6,k_proj,attn,model.layers.6.self_attn.k_proj.weight,22.191540144141076,1.3461874443181054
muon_sft_fp32,Muon + SFT (FP32),6,o_proj,attn,model.layers.6.self_attn.o_proj.weight,86232.83882247163,4.9356726834987645
muon_sft_fp32,Muon + SFT (FP32),6,q_proj,attn,model.layers.6.self_attn.q_proj.weight,17419.2545520049,4.241029565661429
muon_sft_fp32,Muon + SFT (FP32),6,v_proj,attn,model.layers.6.self_attn.v_proj.weight,3.279987236848298,0.5158721537796241
muon_sft_fp32,Muon + SFT (FP32),7,down_proj,mlp,model.layers.7.mlp.down_proj.weight,7.968029462401207,0.9013509312558295
muon_sft_fp32,Muon + SFT (FP32),7,gate_proj,mlp,model.layers.7.mlp.gate_proj.weight,16.823265237001756,1.2259102921031322
muon_sft_fp32,Muon + SFT (FP32),7,up_proj,mlp,model.layers.7.mlp.up_proj.weight,8.451684551313614,0.92694327917767
muon_sft_fp32,Muon + SFT (FP32),7,k_proj,attn,model.layers.7.self_attn.k_proj.weight,30.446768944389706,1.483541211449156
muon_sft_fp32,Muon + SFT (FP32),7,o_proj,attn,model.layers.7.self_attn.o_proj.weight,10223.664976205491,4.009606609459748
muon_sft_fp32,Muon + SFT (FP32),7,q_proj,attn,model.layers.7.self_attn.q_proj.weight,9208.305874058746,3.9641797369042693
muon_sft_fp32,Muon + SFT (FP32),7,v_proj,attn,model.layers.7.self_attn.v_proj.weight,4.614317490662083,0.6641074730847023
muon_sft_fp32,Muon + SFT (FP32),8,down_proj,mlp,model.layers.8.mlp.down_proj.weight,8.059672397986676,0.9063173893685952
muon_sft_fp32,Muon + SFT (FP32),8,gate_proj,mlp,model.layers.8.mlp.gate_proj.weight,15.703283440079641,1.1959904696587207
muon_sft_fp32,Muon + SFT (FP32),8,up_proj,mlp,model.layers.8.mlp.up_proj.weight,11.036233241718309,1.0428208703610446
muon_sft_fp32,Muon + SFT (FP32),8,k_proj,attn,model.layers.8.self_attn.k_proj.weight,26.237256008316333,1.418918412915486
muon_sft_fp32,Muon + SFT (FP32),8,o_proj,attn,model.layers.8.self_attn.o_proj.weight,8741.46085285991,3.9415840169959444
muon_sft_fp32,Muon + SFT (FP32),8,q_proj,attn,model.layers.8.self_attn.q_proj.weight,20863.33833988828,4.319383801050869
muon_sft_fp32,Muon + SFT (FP32),8,v_proj,attn,model.layers.8.self_attn.v_proj.weight,2.614955518615305,0.4174643057523474
muon_sft_fp32,Muon + SFT (FP32),9,down_proj,mlp,model.layers.9.mlp.down_proj.weight,11.961864394267211,1.0777988747225284
muon_sft_fp32,Muon + SFT (FP32),9,gate_proj,mlp,model.layers.9.mlp.gate_proj.weight,17.04679857818325,1.231642829640703
muon_sft_fp32,Muon + SFT (FP32),9,up_proj,mlp,model.layers.9.mlp.up_proj.weight,8.607542142222975,0.9348791576723939
muon_sft_fp32,Muon + SFT (FP32),9,k_proj,attn,model.layers.9.self_attn.k_proj.weight,29.978833174035874,1.4768147253788673
muon_sft_fp32,Muon + SFT (FP32),9,o_proj,attn,model.layers.9.self_attn.o_proj.weight,26196.098975694742,4.418236622637695
muon_sft_fp32,Muon + SFT (FP32),9,q_proj,attn,model.layers.9.self_attn.q_proj.weight,31877.750063540647,4.503487661235013
muon_sft_fp32,Muon + SFT (FP32),9,v_proj,attn,model.layers.9.self_attn.v_proj.weight,3.912338196968978,0.5924363897579314
muon_sft_bf16,Muon + SFT (BF16),99,lm_head,head,lm_head.weight,69.18832868022072,1.8400328398718224
muon_sft_bf16,Muon + SFT (BF16),-1,embed,embed,model.embed_tokens.weight,69.18832868022072,1.8400328398718224
muon_sft_bf16,Muon + SFT (BF16),0,down_proj,mlp,model.layers.0.mlp.down_proj.weight,10.54683867424137,1.0231223030387877
muon_sft_bf16,Muon + SFT (BF16),0,gate_proj,mlp,model.layers.0.mlp.gate_proj.weight,50.784980292680835,1.7057352882582955
muon_sft_bf16,Muon + SFT (BF16),0,up_proj,mlp,model.layers.0.mlp.up_proj.weight,30.55810746922457,1.485126453924477
muon_sft_bf16,Muon + SFT (BF16),0,k_proj,attn,model.layers.0.self_attn.k_proj.weight,18.73904045789763,1.272747348851156
muon_sft_bf16,Muon + SFT (BF16),0,o_proj,attn,model.layers.0.self_attn.o_proj.weight,39447.27345393802,4.5960169906929424
muon_sft_bf16,Muon + SFT (BF16),0,q_proj,attn,model.layers.0.self_attn.q_proj.weight,184606.56074520582,5.266247131385499
muon_sft_bf16,Muon + SFT (BF16),0,v_proj,attn,model.layers.0.self_attn.v_proj.weight,7.775284547517307,0.8907162916095289
muon_sft_bf16,Muon + SFT (BF16),1,down_proj,mlp,model.layers.1.mlp.down_proj.weight,8.998403683263753,0.9541654724349393
muon_sft_bf16,Muon + SFT (BF16),1,gate_proj,mlp,model.layers.1.mlp.gate_proj.weight,33.91571853815837,1.5304010224581417
muon_sft_bf16,Muon + SFT (BF16),1,up_proj,mlp,model.layers.1.mlp.up_proj.weight,37.73430624745028,1.5767363698124097
muon_sft_bf16,Muon + SFT (BF16),1,k_proj,attn,model.layers.1.self_attn.k_proj.weight,30.0873305236362,1.4783836569895457
muon_sft_bf16,Muon + SFT (BF16),1,o_proj,attn,model.layers.1.self_attn.o_proj.weight,48197.37390470363,4.683023375795564
muon_sft_bf16,Muon + SFT (BF16),1,q_proj,attn,model.layers.1.self_attn.q_proj.weight,1059690.6947169243,6.025179120755346
muon_sft_bf16,Muon + SFT (BF16),1,v_proj,attn,model.layers.1.self_attn.v_proj.weight,3.34193200761703,0.5239976098251411
muon_sft_bf16,Muon + SFT (BF16),10,down_proj,mlp,model.layers.10.mlp.down_proj.weight,13.491414231720174,1.1300574767912384
muon_sft_bf16,Muon + SFT (BF16),10,gate_proj,mlp,model.layers.10.mlp.gate_proj.weight,16.20948281856404,1.209769158424891
muon_sft_bf16,Muon + SFT (BF16),10,up_proj,mlp,model.layers.10.mlp.up_proj.weight,8.538185008675056,0.9313655610296715
muon_sft_bf16,Muon + SFT (BF16),10,k_proj,attn,model.layers.10.self_attn.k_proj.weight,24.034742781691957,1.3808394786972609
muon_sft_bf16,Muon + SFT (BF16),10,o_proj,attn,model.layers.10.self_attn.o_proj.weight,15528.972676517464,4.191142725807295
muon_sft_bf16,Muon + SFT (BF16),10,q_proj,attn,model.layers.10.self_attn.q_proj.weight,12830.988350252539,4.108260110664001
muon_sft_bf16,Muon + SFT (BF16),10,v_proj,attn,model.layers.10.self_attn.v_proj.weight,3.299477578858119,0.518445181520302
muon_sft_bf16,Muon + SFT (BF16),11,down_proj,mlp,model.layers.11.mlp.down_proj.weight,16.05321759927288,1.20556209253893
muon_sft_bf16,Muon + SFT (BF16),11,gate_proj,mlp,model.layers.11.mlp.gate_proj.weight,13.225541962152986,1.1214134777847133
muon_sft_bf16,Muon + SFT (BF16),11,up_proj,mlp,model.layers.11.mlp.up_proj.weight,6.605711132984385,0.8199195781210817
muon_sft_bf16,Muon + SFT (BF16),11,k_proj,attn,model.layers.11.self_attn.k_proj.weight,21.61091365625624,1.3346731281735027
muon_sft_bf16,Muon + SFT (BF16),11,o_proj,attn,model.layers.11.self_attn.o_proj.weight,142351.39507540216,5.1533617276865575
muon_sft_bf16,Muon + SFT (BF16),11,q_proj,attn,model.layers.11.self_attn.q_proj.weight,28376.666182620243,4.452961371264555
muon_sft_bf16,Muon + SFT (BF16),11,v_proj,attn,model.layers.11.self_attn.v_proj.weight,2.8678439321192455,0.45755551336129374
muon_sft_bf16,Muon + SFT (BF16),12,down_proj,mlp,model.layers.12.mlp.down_proj.weight,14.145701893255021,1.1506245015140983
muon_sft_bf16,Muon + SFT (BF16),12,gate_proj,mlp,model.layers.12.mlp.gate_proj.weight,18.888365465803936,1.2761943771968063
muon_sft_bf16,Muon + SFT (BF16),12,up_proj,mlp,model.layers.12.mlp.up_proj.weight,8.061288829942596,0.9064044818776901
muon_sft_bf16,Muon + SFT (BF16),12,k_proj,attn,model.layers.12.self_attn.k_proj.weight,20.867511138018664,1.319470653977701
muon_sft_bf16,Muon + SFT (BF16),12,o_proj,attn,model.layers.12.self_attn.o_proj.weight,98534.13598306646,4.993586712739224
muon_sft_bf16,Muon + SFT (BF16),12,q_proj,attn,model.layers.12.self_attn.q_proj.weight,14769.92192273398,4.169378199535686
muon_sft_bf16,Muon + SFT (BF16),12,v_proj,attn,model.layers.12.self_attn.v_proj.weight,2.5507294685744264,0.4066643995993537
muon_sft_bf16,Muon + SFT (BF16),13,down_proj,mlp,model.layers.13.mlp.down_proj.weight,30.005821158508283,1.477205516445527
muon_sft_bf16,Muon + SFT (BF16),13,gate_proj,mlp,model.layers.13.mlp.gate_proj.weight,12.316571030202013,1.0904898157878975
muon_sft_bf16,Muon + SFT (BF16),13,up_proj,mlp,model.layers.13.mlp.up_proj.weight,6.3105659780568555,0.800068311720206
muon_sft_bf16,Muon + SFT (BF16),13,k_proj,attn,model.layers.13.self_attn.k_proj.weight,41.90553452708673,1.622271384680907
muon_sft_bf16,Muon + SFT (BF16),13,o_proj,attn,model.layers.13.self_attn.o_proj.weight,9640.893977336169,3.984117306871997
muon_sft_bf16,Muon + SFT (BF16),13,q_proj,attn,model.layers.13.self_attn.q_proj.weight,57474.62600732541,4.759476153956396
muon_sft_bf16,Muon + SFT (BF16),13,v_proj,attn,model.layers.13.self_attn.v_proj.weight,3.700058519976592,0.5682085929053554
muon_sft_bf16,Muon + SFT (BF16),14,down_proj,mlp,model.layers.14.mlp.down_proj.weight,12.1490968464468,1.084543994050932
muon_sft_bf16,Muon + SFT (BF16),14,gate_proj,mlp,model.layers.14.mlp.gate_proj.weight,13.415808154295268,1.1276168392427328
muon_sft_bf16,Muon + SFT (BF16),14,up_proj,mlp,model.layers.14.mlp.up_proj.weight,6.9276278897577495,0.8405845519646852
muon_sft_bf16,Muon + SFT (BF16),14,k_proj,attn,model.layers.14.self_attn.k_proj.weight,23.13655069982706,1.3642986128831833
muon_sft_bf16,Muon + SFT (BF16),14,o_proj,attn,model.layers.14.self_attn.o_proj.weight,6472.201651126157,3.8110520399093866
muon_sft_bf16,Muon + SFT (BF16),14,q_proj,attn,model.layers.14.self_attn.q_proj.weight,12043.038538083616,4.080736076110702
muon_sft_bf16,Muon + SFT (BF16),14,v_proj,attn,model.layers.14.self_attn.v_proj.weight,6.81002579958151,0.8331487572277133
muon_sft_bf16,Muon + SFT (BF16),15,down_proj,mlp,model.layers.15.mlp.down_proj.weight,12.831098211397473,1.1082638291526676
muon_sft_bf16,Muon + SFT (BF16),15,gate_proj,mlp,model.layers.15.mlp.gate_proj.weight,16.831207139996625,1.2261152648432703
muon_sft_bf16,Muon + SFT (BF16),15,up_proj,mlp,model.layers.15.mlp.up_proj.weight,9.400273277131,0.9731404792406436
muon_sft_bf16,Muon + SFT (BF16),15,k_proj,attn,model.layers.15.self_attn.k_proj.weight,25.443502390375954,1.4055768933017938
muon_sft_bf16,Muon + SFT (BF16),15,o_proj,attn,model.layers.15.self_attn.o_proj.weight,29435.091180321266,4.468865385453065
muon_sft_bf16,Muon + SFT (BF16),15,q_proj,attn,model.layers.15.self_attn.q_proj.weight,23988.3781781273,4.380000886896575
muon_sft_bf16,Muon + SFT (BF16),15,v_proj,attn,model.layers.15.self_attn.v_proj.weight,3.357548447790371,0.5260222880440187
muon_sft_bf16,Muon + SFT (BF16),16,down_proj,mlp,model.layers.16.mlp.down_proj.weight,9.686238430618728,0.9861551551738252
muon_sft_bf16,Muon + SFT (BF16),16,gate_proj,mlp,model.layers.16.mlp.gate_proj.weight,12.919287017032326,1.111238546699882
muon_sft_bf16,Muon + SFT (BF16),16,up_proj,mlp,model.layers.16.mlp.up_proj.weight,6.159084990398442,0.7895161970446929
muon_sft_bf16,Muon + SFT (BF16),16,k_proj,attn,model.layers.16.self_attn.k_proj.weight,20.671403713714092,1.3153699688585951
muon_sft_bf16,Muon + SFT (BF16),16,o_proj,attn,model.layers.16.self_attn.o_proj.weight,42096.93311407561,4.624250457352296
muon_sft_bf16,Muon + SFT (BF16),16,q_proj,attn,model.layers.16.self_attn.q_proj.weight,104190.57419868915,5.017828431452394
muon_sft_bf16,Muon + SFT (BF16),16,v_proj,attn,model.layers.16.self_attn.v_proj.weight,2.7886497742991554,0.4453939747751703
muon_sft_bf16,Muon + SFT (BF16),17,down_proj,mlp,model.layers.17.mlp.down_proj.weight,6.7996227444907085,0.8324848179222746
muon_sft_bf16,Muon + SFT (BF16),17,gate_proj,mlp,model.layers.17.mlp.gate_proj.weight,17.96850651362362,1.2545119814024264
muon_sft_bf16,Muon + SFT (BF16),17,up_proj,mlp,model.layers.17.mlp.up_proj.weight,12.572228548203439,1.0994122673758802
muon_sft_bf16,Muon + SFT (BF16),17,k_proj,attn,model.layers.17.self_attn.k_proj.weight,15.488825303760397,1.1900184814493224
muon_sft_bf16,Muon + SFT (BF16),17,o_proj,attn,model.layers.17.self_attn.o_proj.weight,58278.193564449546,4.765506081581991
muon_sft_bf16,Muon + SFT (BF16),17,q_proj,attn,model.layers.17.self_attn.q_proj.weight,13049.158272728244,4.115582498701184
muon_sft_bf16,Muon + SFT (BF16),17,v_proj,attn,model.layers.17.self_attn.v_proj.weight,4.045342286405358,0.6069552742320852
muon_sft_bf16,Muon + SFT (BF16),18,down_proj,mlp,model.layers.18.mlp.down_proj.weight,6.643987393644545,0.8224287997462736
muon_sft_bf16,Muon + SFT (BF16),18,gate_proj,mlp,model.layers.18.mlp.gate_proj.weight,18.455834506311003,1.266133687206678
muon_sft_bf16,Muon + SFT (BF16),18,up_proj,mlp,model.layers.18.mlp.up_proj.weight,10.673010445625735,1.0282869344684773
muon_sft_bf16,Muon + SFT (BF16),18,k_proj,attn,model.layers.18.self_attn.k_proj.weight,22.851775024556098,1.3589199397857281
muon_sft_bf16,Muon + SFT (BF16),18,o_proj,attn,model.layers.18.self_attn.o_proj.weight,21948.007665807,4.3413951032106235
muon_sft_bf16,Muon + SFT (BF16),18,q_proj,attn,model.layers.18.self_attn.q_proj.weight,33688.77539976424,4.527485224492813
muon_sft_bf16,Muon + SFT (BF16),18,v_proj,attn,model.layers.18.self_attn.v_proj.weight,2.1434377506617612,0.331110875326632
muon_sft_bf16,Muon + SFT (BF16),19,down_proj,mlp,model.layers.19.mlp.down_proj.weight,7.114314313560595,0.8521330485963867
muon_sft_bf16,Muon + SFT (BF16),19,gate_proj,mlp,model.layers.19.mlp.gate_proj.weight,18.805640765943938,1.2742881357574949
muon_sft_bf16,Muon + SFT (BF16),19,up_proj,mlp,model.layers.19.mlp.up_proj.weight,10.38987323987333,1.0166102490432833
muon_sft_bf16,Muon + SFT (BF16),19,k_proj,attn,model.layers.19.self_attn.k_proj.weight,22.402116732847045,1.3502890559217973
muon_sft_bf16,Muon + SFT (BF16),19,o_proj,attn,model.layers.19.self_attn.o_proj.weight,24231.29520407133,4.384376628538973
muon_sft_bf16,Muon + SFT (BF16),19,q_proj,attn,model.layers.19.self_attn.q_proj.weight,25620.61223194154,4.4085895034639755
muon_sft_bf16,Muon + SFT (BF16),19,v_proj,attn,model.layers.19.self_attn.v_proj.weight,3.0089009363613655,0.4784078894682828
muon_sft_bf16,Muon + SFT (BF16),2,down_proj,mlp,model.layers.2.mlp.down_proj.weight,13.202699074389308,1.1206627246367262
muon_sft_bf16,Muon + SFT (BF16),2,gate_proj,mlp,model.layers.2.mlp.gate_proj.weight,17.385984910103645,1.2401992983501524
muon_sft_bf16,Muon + SFT (BF16),2,up_proj,mlp,model.layers.2.mlp.up_proj.weight,8.915604813323617,0.950150810010473
muon_sft_bf16,Muon + SFT (BF16),2,k_proj,attn,model.layers.2.self_attn.k_proj.weight,17.246278746790548,1.2366954012018567
muon_sft_bf16,Muon + SFT (BF16),2,o_proj,attn,model.layers.2.self_attn.o_proj.weight,31324.33134168197,4.495881809188384
muon_sft_bf16,Muon + SFT (BF16),2,q_proj,attn,model.layers.2.self_attn.q_proj.weight,24556.972507744795,4.3901748240234575
muon_sft_bf16,Muon + SFT (BF16),2,v_proj,attn,model.layers.2.self_attn.v_proj.weight,3.191151078794408,0.5039473655014287
muon_sft_bf16,Muon + SFT (BF16),20,down_proj,mlp,model.layers.20.mlp.down_proj.weight,7.516525257981421,0.8760171211720055
muon_sft_bf16,Muon + SFT (BF16),20,gate_proj,mlp,model.layers.20.mlp.gate_proj.weight,19.20513157928163,1.2834172869742588
muon_sft_bf16,Muon + SFT (BF16),20,up_proj,mlp,model.layers.20.mlp.up_proj.weight,11.187072278399274,1.0487164440171957
muon_sft_bf16,Muon + SFT (BF16),20,k_proj,attn,model.layers.20.self_attn.k_proj.weight,22.07352330589251,1.3438716594045932
muon_sft_bf16,Muon + SFT (BF16),20,o_proj,attn,model.layers.20.self_attn.o_proj.weight,121990.74637092021,5.086326888441417
muon_sft_bf16,Muon + SFT (BF16),20,q_proj,attn,model.layers.20.self_attn.q_proj.weight,9251.788034060031,3.9662256741750403
muon_sft_bf16,Muon + SFT (BF16),20,v_proj,attn,model.layers.20.self_attn.v_proj.weight,6.942559897092212,0.8415196353239035
muon_sft_bf16,Muon + SFT (BF16),21,down_proj,mlp,model.layers.21.mlp.down_proj.weight,9.390093415207518,0.9726699127674263
muon_sft_bf16,Muon + SFT (BF16),21,gate_proj,mlp,model.layers.21.mlp.gate_proj.weight,17.63065616773188,1.246268475925083
muon_sft_bf16,Muon + SFT (BF16),21,up_proj,mlp,model.layers.21.mlp.up_proj.weight,8.167640915529091,0.912096636053354
muon_sft_bf16,Muon + SFT (BF16),21,k_proj,attn,model.layers.21.self_attn.k_proj.weight,29.991497525812107,1.476998151353374
muon_sft_bf16,Muon + SFT (BF16),21,o_proj,attn,model.layers.21.self_attn.o_proj.weight,350383.1165439647,5.544543171216229
muon_sft_bf16,Muon + SFT (BF16),21,q_proj,attn,model.layers.21.self_attn.q_proj.weight,14019.759991218474,4.146740578867328
muon_sft_bf16,Muon + SFT (BF16),21,v_proj,attn,model.layers.21.self_attn.v_proj.weight,4.366631155172141,0.6401465090638512
muon_sft_bf16,Muon + SFT (BF16),22,down_proj,mlp,model.layers.22.mlp.down_proj.weight,9.904766580590444,0.9958442452500303
muon_sft_bf16,Muon + SFT (BF16),22,gate_proj,mlp,model.layers.22.mlp.gate_proj.weight,22.903913800615598,1.3599097005397631
muon_sft_bf16,Muon + SFT (BF16),22,up_proj,mlp,model.layers.22.mlp.up_proj.weight,12.799338727888946,1.107187532597288
muon_sft_bf16,Muon + SFT (BF16),22,k_proj,attn,model.layers.22.self_attn.k_proj.weight,20.39356447639314,1.309493140301661
muon_sft_bf16,Muon + SFT (BF16),22,o_proj,attn,model.layers.22.self_attn.o_proj.weight,35291.8501304334,4.547674426293559
muon_sft_bf16,Muon + SFT (BF16),22,q_proj,attn,model.layers.22.self_attn.q_proj.weight,47227.20152316971,4.674192211952882
muon_sft_bf16,Muon + SFT (BF16),22,v_proj,attn,model.layers.22.self_attn.v_proj.weight,5.2334910290031935,0.7187914840578669
muon_sft_bf16,Muon + SFT (BF16),23,down_proj,mlp,model.layers.23.mlp.down_proj.weight,11.806266327393597,1.072112575870846
muon_sft_bf16,Muon + SFT (BF16),23,gate_proj,mlp,model.layers.23.mlp.gate_proj.weight,19.842938365371463,1.2976059834117897
muon_sft_bf16,Muon + SFT (BF16),23,up_proj,mlp,model.layers.23.mlp.up_proj.weight,10.79339158268458,1.0331579334873984
muon_sft_bf16,Muon + SFT (BF16),23,k_proj,attn,model.layers.23.self_attn.k_proj.weight,16.000959298104313,1.204146020492444
muon_sft_bf16,Muon + SFT (BF16),23,o_proj,attn,model.layers.23.self_attn.o_proj.weight,12983.595608058602,4.113394980329906
muon_sft_bf16,Muon + SFT (BF16),23,q_proj,attn,model.layers.23.self_attn.q_proj.weight,804028.0503229249,5.90527120035039
muon_sft_bf16,Muon + SFT (BF16),23,v_proj,attn,model.layers.23.self_attn.v_proj.weight,4.042189583958591,0.6066166786340669
muon_sft_bf16,Muon + SFT (BF16),24,down_proj,mlp,model.layers.24.mlp.down_proj.weight,10.011775304772664,1.0005110941331117
muon_sft_bf16,Muon + SFT (BF16),24,gate_proj,mlp,model.layers.24.mlp.gate_proj.weight,21.048383009178256,1.3232187378360665
muon_sft_bf16,Muon + SFT (BF16),24,up_proj,mlp,model.layers.24.mlp.up_proj.weight,13.895547883438024,1.1428756751193576
muon_sft_bf16,Muon + SFT (BF16),24,k_proj,attn,model.layers.24.self_attn.k_proj.weight,31.209971636839214,1.4942933739851079
muon_sft_bf16,Muon + SFT (BF16),24,o_proj,attn,model.layers.24.self_attn.o_proj.weight,13665.136295890687,4.135613967697764
muon_sft_bf16,Muon + SFT (BF16),24,q_proj,attn,model.layers.24.self_attn.q_proj.weight,122789.51304401862,5.089161277052733
muon_sft_bf16,Muon + SFT (BF16),24,v_proj,attn,model.layers.24.self_attn.v_proj.weight,3.6003481465086646,0.5563444982109242
muon_sft_bf16,Muon + SFT (BF16),25,down_proj,mlp,model.layers.25.mlp.down_proj.weight,9.42798860329651,0.9744190488704841
muon_sft_bf16,Muon + SFT (BF16),25,gate_proj,mlp,model.layers.25.mlp.gate_proj.weight,21.34016575500839,1.3291977883876975
muon_sft_bf16,Muon + SFT (BF16),25,up_proj,mlp,model.layers.25.mlp.up_proj.weight,18.113301352256475,1.257997612566987
muon_sft_bf16,Muon + SFT (BF16),25,k_proj,attn,model.layers.25.self_attn.k_proj.weight,22.463382224837034,1.351475146894086
muon_sft_bf16,Muon + SFT (BF16),25,o_proj,attn,model.layers.25.self_attn.o_proj.weight,16253.752015008256,4.2109536293964425
muon_sft_bf16,Muon + SFT (BF16),25,q_proj,attn,model.layers.25.self_attn.q_proj.weight,24729.521105834676,4.3932157062073465
muon_sft_bf16,Muon + SFT (BF16),25,v_proj,attn,model.layers.25.self_attn.v_proj.weight,4.337189226884825,0.6372083703616198
muon_sft_bf16,Muon + SFT (BF16),26,down_proj,mlp,model.layers.26.mlp.down_proj.weight,8.741885793019053,0.9416051284192926
muon_sft_bf16,Muon + SFT (BF16),26,gate_proj,mlp,model.layers.26.mlp.gate_proj.weight,20.033399416858288,1.3017546498785628
muon_sft_bf16,Muon + SFT (BF16),26,up_proj,mlp,model.layers.26.mlp.up_proj.weight,18.549583040014785,1.2683341519318763
muon_sft_bf16,Muon + SFT (BF16),26,k_proj,attn,model.layers.26.self_attn.k_proj.weight,18.923731567619132,1.2770067789702393
muon_sft_bf16,Muon + SFT (BF16),26,o_proj,attn,model.layers.26.self_attn.o_proj.weight,33102.32088959098,4.519858444355981
muon_sft_bf16,Muon + SFT (BF16),26,q_proj,attn,model.layers.26.self_attn.q_proj.weight,47857.00159779913,4.6799454851189815
muon_sft_bf16,Muon + SFT (BF16),26,v_proj,attn,model.layers.26.self_attn.v_proj.weight,4.83559423317406,0.684449850979705
muon_sft_bf16,Muon + SFT (BF16),27,down_proj,mlp,model.layers.27.mlp.down_proj.weight,11.983341551512275,1.0785779378386167
muon_sft_bf16,Muon + SFT (BF16),27,gate_proj,mlp,model.layers.27.mlp.gate_proj.weight,34.011285697607505,1.531623049481161
muon_sft_bf16,Muon + SFT (BF16),27,up_proj,mlp,model.layers.27.mlp.up_proj.weight,27.059065161963794,1.432312788491697
muon_sft_bf16,Muon + SFT (BF16),27,k_proj,attn,model.layers.27.self_attn.k_proj.weight,16.96002948604396,1.2294266029687524
muon_sft_bf16,Muon + SFT (BF16),27,o_proj,attn,model.layers.27.self_attn.o_proj.weight,100448.28519818747,5.001942527094009
muon_sft_bf16,Muon + SFT (BF16),27,q_proj,attn,model.layers.27.self_attn.q_proj.weight,91655.1907787542,4.962157065727401
muon_sft_bf16,Muon + SFT (BF16),27,v_proj,attn,model.layers.27.self_attn.v_proj.weight,7.853809825354527,0.8950803809172018
muon_sft_bf16,Muon + SFT (BF16),3,down_proj,mlp,model.layers.3.mlp.down_proj.weight,10.757820155902005,1.0317242796788417
muon_sft_bf16,Muon + SFT (BF16),3,gate_proj,mlp,model.layers.3.mlp.gate_proj.weight,13.999904135482396,1.146125061851556
muon_sft_bf16,Muon + SFT (BF16),3,up_proj,mlp,model.layers.3.mlp.up_proj.weight,7.592111027491793,0.8803625506145006
muon_sft_bf16,Muon + SFT (BF16),3,k_proj,attn,model.layers.3.self_attn.k_proj.weight,15.502838498433288,1.1904112227731742
muon_sft_bf16,Muon + SFT (BF16),3,o_proj,attn,model.layers.3.self_attn.o_proj.weight,16495.932635225494,4.217376874405883
muon_sft_bf16,Muon + SFT (BF16),3,q_proj,attn,model.layers.3.self_attn.q_proj.weight,76996.96435226043,4.886473603210786
muon_sft_bf16,Muon + SFT (BF16),3,v_proj,attn,model.layers.3.self_attn.v_proj.weight,3.8916929936083875,0.5901385724902666
muon_sft_bf16,Muon + SFT (BF16),4,down_proj,mlp,model.layers.4.mlp.down_proj.weight,11.15698403146727,1.0475468114912359
muon_sft_bf16,Muon + SFT (BF16),4,gate_proj,mlp,model.layers.4.mlp.gate_proj.weight,17.496361107288234,1.2429477335231947
muon_sft_bf16,Muon + SFT (BF16),4,up_proj,mlp,model.layers.4.mlp.up_proj.weight,8.7807447074468,0.9435313506007991
muon_sft_bf16,Muon + SFT (BF16),4,k_proj,attn,model.layers.4.self_attn.k_proj.weight,23.936391918584928,1.3790586870920105
muon_sft_bf16,Muon + SFT (BF16),4,o_proj,attn,model.layers.4.self_attn.o_proj.weight,8579.09194726963,3.933441322445448
muon_sft_bf16,Muon + SFT (BF16),4,q_proj,attn,model.layers.4.self_attn.q_proj.weight,19293.569867917126,4.285412592107166
muon_sft_bf16,Muon + SFT (BF16),4,v_proj,attn,model.layers.4.self_attn.v_proj.weight,3.7875391872550233,0.5783571349019326
muon_sft_bf16,Muon + SFT (BF16),5,down_proj,mlp,model.layers.5.mlp.down_proj.weight,12.388540190596755,1.0930201340984138
muon_sft_bf16,Muon + SFT (BF16),5,gate_proj,mlp,model.layers.5.mlp.gate_proj.weight,20.63467997277083,1.3145977377088327
muon_sft_bf16,Muon + SFT (BF16),5,up_proj,mlp,model.layers.5.mlp.up_proj.weight,8.094845875997047,0.9082085843011006
muon_sft_bf16,Muon + SFT (BF16),5,k_proj,attn,model.layers.5.self_attn.k_proj.weight,22.350837140077264,1.349293794067842
muon_sft_bf16,Muon + SFT (BF16),5,o_proj,attn,model.layers.5.self_attn.o_proj.weight,14961.8698141791,4.17498587155226
muon_sft_bf16,Muon + SFT (BF16),5,q_proj,attn,model.layers.5.self_attn.q_proj.weight,15051.106271171102,4.17756842217624
muon_sft_bf16,Muon + SFT (BF16),5,v_proj,attn,model.layers.5.self_attn.v_proj.weight,3.3559093115623906,0.5258102161554147
muon_sft_bf16,Muon + SFT (BF16),6,down_proj,mlp,model.layers.6.mlp.down_proj.weight,9.162244179093298,0.962001861792795
muon_sft_bf16,Muon + SFT (BF16),6,gate_proj,mlp,model.layers.6.mlp.gate_proj.weight,19.227716788179215,1.2839277166271519
muon_sft_bf16,Muon + SFT (BF16),6,up_proj,mlp,model.layers.6.mlp.up_proj.weight,7.420948824233981,0.8704594366516577
muon_sft_bf16,Muon + SFT (BF16),6,k_proj,attn,model.layers.6.self_attn.k_proj.weight,22.1939220205576,1.3462340557865824
muon_sft_bf16,Muon + SFT (BF16),6,o_proj,attn,model.layers.6.self_attn.o_proj.weight,67622.64481647522,4.830092152628187
muon_sft_bf16,Muon + SFT (BF16),6,q_proj,attn,model.layers.6.self_attn.q_proj.weight,18574.666527678604,4.268921025582595
muon_sft_bf16,Muon + SFT (BF16),6,v_proj,attn,model.layers.6.self_attn.v_proj.weight,3.280267697231275,0.5159092872136195
muon_sft_bf16,Muon + SFT (BF16),7,down_proj,mlp,model.layers.7.mlp.down_proj.weight,7.968058035631074,0.9013524886263025
muon_sft_bf16,Muon + SFT (BF16),7,gate_proj,mlp,model.layers.7.mlp.gate_proj.weight,16.823632104467233,1.2259197627247014
muon_sft_bf16,Muon + SFT (BF16),7,up_proj,mlp,model.layers.7.mlp.up_proj.weight,8.451257005168083,0.9269213089269677
muon_sft_bf16,Muon + SFT (BF16),7,k_proj,attn,model.layers.7.self_attn.k_proj.weight,30.440384756324015,1.4834501374708204
muon_sft_bf16,Muon + SFT (BF16),7,o_proj,attn,model.layers.7.self_attn.o_proj.weight,9429.555473233257,3.9744912197710205
muon_sft_bf16,Muon + SFT (BF16),7,q_proj,attn,model.layers.7.self_attn.q_proj.weight,9032.473966005162,3.9558067184895376
muon_sft_bf16,Muon + SFT (BF16),7,v_proj,attn,model.layers.7.self_attn.v_proj.weight,4.614826242984922,0.6641553536537053
muon_sft_bf16,Muon + SFT (BF16),8,down_proj,mlp,model.layers.8.mlp.down_proj.weight,8.059029522170897,0.9062827467006095
muon_sft_bf16,Muon + SFT (BF16),8,gate_proj,mlp,model.layers.8.mlp.gate_proj.weight,15.703719339373508,1.1960025248464974
muon_sft_bf16,Muon + SFT (BF16),8,up_proj,mlp,model.layers.8.mlp.up_proj.weight,11.03715137637649,1.0428569990130678
muon_sft_bf16,Muon + SFT (BF16),8,k_proj,attn,model.layers.8.self_attn.k_proj.weight,26.244757657361912,1.4190425668714912
muon_sft_bf16,Muon + SFT (BF16),8,o_proj,attn,model.layers.8.self_attn.o_proj.weight,8764.30599046468,3.9427175317880843
muon_sft_bf16,Muon + SFT (BF16),8,q_proj,attn,model.layers.8.self_attn.q_proj.weight,20576.063698750997,4.3133622957218325
muon_sft_bf16,Muon + SFT (BF16),8,v_proj,attn,model.layers.8.self_attn.v_proj.weight,2.6149561480786887,0.4174644102942561
muon_sft_bf16,Muon + SFT (BF16),9,down_proj,mlp,model.layers.9.mlp.down_proj.weight,11.961580609635421,1.0777885713486104
muon_sft_bf16,Muon + SFT (BF16),9,gate_proj,mlp,model.layers.9.mlp.gate_proj.weight,17.04665959997737,1.2316392889340018
muon_sft_bf16,Muon + SFT (BF16),9,up_proj,mlp,model.layers.9.mlp.up_proj.weight,8.607204043345636,0.9348620985214542
muon_sft_bf16,Muon + SFT (BF16),9,k_proj,attn,model.layers.9.self_attn.k_proj.weight,29.979232434215838,1.4768205093043907
muon_sft_bf16,Muon + SFT (BF16),9,o_proj,attn,model.layers.9.self_attn.o_proj.weight,26379.359206259323,4.421264241681701
muon_sft_bf16,Muon + SFT (BF16),9,q_proj,attn,model.layers.9.self_attn.q_proj.weight,35296.85706462486,4.5477360362586845
muon_sft_bf16,Muon + SFT (BF16),9,v_proj,attn,model.layers.9.self_attn.v_proj.weight,3.9117557311882187,0.5923717275293664
muon_sft_mixed,Muon + SFT (Mixed),99,lm_head,head,lm_head.weight,69.24273643815434,1.8403742226422255
muon_sft_mixed,Muon + SFT (Mixed),-1,embed,embed,model.embed_tokens.weight,69.24273643815434,1.8403742226422255
muon_sft_mixed,Muon + SFT (Mixed),0,down_proj,mlp,model.layers.0.mlp.down_proj.weight,10.548133353032222,1.0231756116522983
muon_sft_mixed,Muon + SFT (Mixed),0,gate_proj,mlp,model.layers.0.mlp.gate_proj.weight,50.786755696953556,1.7057504705975823
muon_sft_mixed,Muon + SFT (Mixed),0,up_proj,mlp,model.layers.0.mlp.up_proj.weight,30.561510762828206,1.4851748191360616
muon_sft_mixed,Muon + SFT (Mixed),0,k_proj,attn,model.layers.0.self_attn.k_proj.weight,18.745066287214534,1.2728869805335412
muon_sft_mixed,Muon + SFT (Mixed),0,o_proj,attn,model.layers.0.self_attn.o_proj.weight,34842.55061268957,4.542109939575319
muon_sft_mixed,Muon + SFT (Mixed),0,q_proj,attn,model.layers.0.self_attn.q_proj.weight,184524.80366370524,5.266054751905691
muon_sft_mixed,Muon + SFT (Mixed),0,v_proj,attn,model.layers.0.self_attn.v_proj.weight,7.774612461739794,0.8906787501204055
muon_sft_mixed,Muon + SFT (Mixed),1,down_proj,mlp,model.layers.1.mlp.down_proj.weight,8.999136209900547,0.9542008252974162
muon_sft_mixed,Muon + SFT (Mixed),1,gate_proj,mlp,model.layers.1.mlp.gate_proj.weight,33.91522293534961,1.5303946761636518
muon_sft_mixed,Muon + SFT (Mixed),1,up_proj,mlp,model.layers.1.mlp.up_proj.weight,37.73417042644314,1.5767348066083666
muon_sft_mixed,Muon + SFT (Mixed),1,k_proj,attn,model.layers.1.self_attn.k_proj.weight,30.091617045692384,1.478445526229667
muon_sft_mixed,Muon + SFT (Mixed),1,o_proj,attn,model.layers.1.self_attn.o_proj.weight,70870.67079870374,4.8504665434260685
muon_sft_mixed,Muon + SFT (Mixed),1,q_proj,attn,model.layers.1.self_attn.q_proj.weight,1613878.2503536579,6.207870768803672
muon_sft_mixed,Muon + SFT (Mixed),1,v_proj,attn,model.layers.1.self_attn.v_proj.weight,3.3419235652609314,0.5239965127132636
muon_sft_mixed,Muon + SFT (Mixed),10,down_proj,mlp,model.layers.10.mlp.down_proj.weight,13.491499344557624,1.1300602166017886
muon_sft_mixed,Muon + SFT (Mixed),10,gate_proj,mlp,model.layers.10.mlp.gate_proj.weight,16.20998856268073,1.209782708422457
muon_sft_mixed,Muon + SFT (Mixed),10,up_proj,mlp,model.layers.10.mlp.up_proj.weight,8.537905493388209,0.9313513432616547
muon_sft_mixed,Muon + SFT (Mixed),10,k_proj,attn,model.layers.10.self_attn.k_proj.weight,24.040207049007908,1.3809382037572573
muon_sft_mixed,Muon + SFT (Mixed),10,o_proj,attn,model.layers.10.self_attn.o_proj.weight,16348.515328931027,4.213478318847713
muon_sft_mixed,Muon + SFT (Mixed),10,q_proj,attn,model.layers.10.self_attn.q_proj.weight,12521.708891279397,4.097663602948492
muon_sft_mixed,Muon + SFT (Mixed),10,v_proj,attn,model.layers.10.self_attn.v_proj.weight,3.2994202462442614,0.5184376350364823
muon_sft_mixed,Muon + SFT (Mixed),11,down_proj,mlp,model.layers.11.mlp.down_proj.weight,16.05357669693425,1.2055718072511101
muon_sft_mixed,Muon + SFT (Mixed),11,gate_proj,mlp,model.layers.11.mlp.gate_proj.weight,13.225744051691994,1.1214201138606754
muon_sft_mixed,Muon + SFT (Mixed),11,up_proj,mlp,model.layers.11.mlp.up_proj.weight,6.605423399092787,0.8199006605570991
muon_sft_mixed,Muon + SFT (Mixed),11,k_proj,attn,model.layers.11.self_attn.k_proj.weight,21.60793272648277,1.334613219061531
muon_sft_mixed,Muon + SFT (Mixed),11,o_proj,attn,model.layers.11.self_attn.o_proj.weight,83374.64918294417,4.921034019539514
muon_sft_mixed,Muon + SFT (Mixed),11,q_proj,attn,model.layers.11.self_attn.q_proj.weight,26295.104822873956,4.419874906425574
muon_sft_mixed,Muon + SFT (Mixed),11,v_proj,attn,model.layers.11.self_attn.v_proj.weight,2.8679136361047717,0.4575660689177036
muon_sft_mixed,Muon + SFT (Mixed),12,down_proj,mlp,model.layers.12.mlp.down_proj.weight,14.145042301797824,1.1506042505848018
muon_sft_mixed,Muon + SFT (Mixed),12,gate_proj,mlp,model.layers.12.mlp.gate_proj.weight,18.88853357536247,1.2761982424719072
muon_sft_mixed,Muon + SFT (Mixed),12,up_proj,mlp,model.layers.12.mlp.up_proj.weight,8.060820597560655,0.9063792555584299
muon_sft_mixed,Muon + SFT (Mixed),12,k_proj,attn,model.layers.12.self_attn.k_proj.weight,20.877779713124998,1.3196843109198235
muon_sft_mixed,Muon + SFT (Mixed),12,o_proj,attn,model.layers.12.self_attn.o_proj.weight,61371.798122570486,4.787968847795421
muon_sft_mixed,Muon + SFT (Mixed),12,q_proj,attn,model.layers.12.self_attn.q_proj.weight,15784.17474209705,4.198221880221101
muon_sft_mixed,Muon + SFT (Mixed),12,v_proj,attn,model.layers.12.self_attn.v_proj.weight,2.550912994705769,0.4066956461583728
muon_sft_mixed,Muon + SFT (Mixed),13,down_proj,mlp,model.layers.13.mlp.down_proj.weight,30.000098328100208,1.4771226781623743
muon_sft_mixed,Muon + SFT (Mixed),13,gate_proj,mlp,model.layers.13.mlp.gate_proj.weight,12.316995709354364,1.0905047901368754
muon_sft_mixed,Muon + SFT (Mixed),13,up_proj,mlp,model.layers.13.mlp.up_proj.weight,6.310517803838007,0.8000649963476472
muon_sft_mixed,Muon + SFT (Mixed),13,k_proj,attn,model.layers.13.self_attn.k_proj.weight,41.90880874844749,1.6223053162543024
muon_sft_mixed,Muon + SFT (Mixed),13,o_proj,attn,model.layers.13.self_attn.o_proj.weight,10142.607133602143,4.006149603735151
muon_sft_mixed,Muon + SFT (Mixed),13,q_proj,attn,model.layers.13.self_attn.q_proj.weight,77739.63610932684,4.890642503415376
muon_sft_mixed,Muon + SFT (Mixed),13,v_proj,attn,model.layers.13.self_attn.v_proj.weight,3.7004923458406815,0.5682595102444867
muon_sft_mixed,Muon + SFT (Mixed),14,down_proj,mlp,model.layers.14.mlp.down_proj.weight,12.149365807629739,1.0845536085157863
muon_sft_mixed,Muon + SFT (Mixed),14,gate_proj,mlp,model.layers.14.mlp.gate_proj.weight,13.415859828165205,1.1276185120180957
muon_sft_mixed,Muon + SFT (Mixed),14,up_proj,mlp,model.layers.14.mlp.up_proj.weight,6.927576948251944,0.8405813584189916
muon_sft_mixed,Muon + SFT (Mixed),14,k_proj,attn,model.layers.14.self_attn.k_proj.weight,23.141340196995106,1.3643885068761157
muon_sft_mixed,Muon + SFT (Mixed),14,o_proj,attn,model.layers.14.self_attn.o_proj.weight,6549.571076712902,3.8162128595160265
muon_sft_mixed,Muon + SFT (Mixed),14,q_proj,attn,model.layers.14.self_attn.q_proj.weight,12206.7356531798,4.086599539673431
muon_sft_mixed,Muon + SFT (Mixed),14,v_proj,attn,model.layers.14.self_attn.v_proj.weight,6.809362757087717,0.833106471086107
muon_sft_mixed,Muon + SFT (Mixed),15,down_proj,mlp,model.layers.15.mlp.down_proj.weight,12.831370071245995,1.1082730307018536
muon_sft_mixed,Muon + SFT (Mixed),15,gate_proj,mlp,model.layers.15.mlp.gate_proj.weight,16.83207341685407,1.2261376167503242
muon_sft_mixed,Muon + SFT (Mixed),15,up_proj,mlp,model.layers.15.mlp.up_proj.weight,9.399942286217533,0.9731251871258474
muon_sft_mixed,Muon + SFT (Mixed),15,k_proj,attn,model.layers.15.self_attn.k_proj.weight,25.444334787744225,1.405591101238459
muon_sft_mixed,Muon + SFT (Mixed),15,o_proj,attn,model.layers.15.self_attn.o_proj.weight,30762.916566205633,4.488027507610641
muon_sft_mixed,Muon + SFT (Mixed),15,q_proj,attn,model.layers.15.self_attn.q_proj.weight,24405.088802590242,4.387480392259074
muon_sft_mixed,Muon + SFT (Mixed),15,v_proj,attn,model.layers.15.self_attn.v_proj.weight,3.357415093055908,0.5260050384417034
muon_sft_mixed,Muon + SFT (Mixed),16,down_proj,mlp,model.layers.16.mlp.down_proj.weight,9.686661624385803,0.9861741291753762
muon_sft_mixed,Muon + SFT (Mixed),16,gate_proj,mlp,model.layers.16.mlp.gate_proj.weight,12.918334057721601,1.1112065108581057
muon_sft_mixed,Muon + SFT (Mixed),16,up_proj,mlp,model.layers.16.mlp.up_proj.weight,6.158651397966703,0.7894856221412139
muon_sft_mixed,Muon + SFT (Mixed),16,k_proj,attn,model.layers.16.self_attn.k_proj.weight,20.665239769172793,1.3152404485639928
muon_sft_mixed,Muon + SFT (Mixed),16,o_proj,attn,model.layers.16.self_attn.o_proj.weight,43627.98164686754,4.6397651217673905
muon_sft_mixed,Muon + SFT (Mixed),16,q_proj,attn,model.layers.16.self_attn.q_proj.weight,103479.42903181365,5.014854023745542
muon_sft_mixed,Muon + SFT (Mixed),16,v_proj,attn,model.layers.16.self_attn.v_proj.weight,2.788815389244017,0.4454197662967975
muon_sft_mixed,Muon + SFT (Mixed),17,down_proj,mlp,model.layers.17.mlp.down_proj.weight,6.799549532379959,0.8324801418118378
muon_sft_mixed,Muon + SFT (Mixed),17,gate_proj,mlp,model.layers.17.mlp.gate_proj.weight,17.968224893517426,1.2545051746588343
muon_sft_mixed,Muon + SFT (Mixed),17,up_proj,mlp,model.layers.17.mlp.up_proj.weight,12.572371354198147,1.0994172004315443
muon_sft_mixed,Muon + SFT (Mixed),17,k_proj,attn,model.layers.17.self_attn.k_proj.weight,15.485289237302812,1.1899193216070092
muon_sft_mixed,Muon + SFT (Mixed),17,o_proj,attn,model.layers.17.self_attn.o_proj.weight,49925.855127089606,4.698325512176608
muon_sft_mixed,Muon + SFT (Mixed),17,q_proj,attn,model.layers.17.self_attn.q_proj.weight,12987.154715439496,4.113514014295921
muon_sft_mixed,Muon + SFT (Mixed),17,v_proj,attn,model.layers.17.self_attn.v_proj.weight,4.045558614774927,0.6069784979047893
muon_sft_mixed,Muon + SFT (Mixed),18,down_proj,mlp,model.layers.18.mlp.down_proj.weight,6.643959705606624,0.8224269898712051
muon_sft_mixed,Muon + SFT (Mixed),18,gate_proj,mlp,model.layers.18.mlp.gate_proj.weight,18.45587491405515,1.2661346380626846
muon_sft_mixed,Muon + SFT (Mixed),18,up_proj,mlp,model.layers.18.mlp.up_proj.weight,10.673158880749593,1.0282929743863873
muon_sft_mixed,Muon + SFT (Mixed),18,k_proj,attn,model.layers.18.self_attn.k_proj.weight,22.861209324345364,1.359099200206181
muon_sft_mixed,Muon + SFT (Mixed),18,o_proj,attn,model.layers.18.self_attn.o_proj.weight,19351.945034957822,4.286724621835406
muon_sft_mixed,Muon + SFT (Mixed),18,q_proj,attn,model.layers.18.self_attn.q_proj.weight,36930.80143690651,4.567388732396428
muon_sft_mixed,Muon + SFT (Mixed),18,v_proj,attn,model.layers.18.self_attn.v_proj.weight,2.143488811851073,0.33112122101015856
muon_sft_mixed,Muon + SFT (Mixed),19,down_proj,mlp,model.layers.19.mlp.down_proj.weight,7.114288252824716,0.8521314577115849
muon_sft_mixed,Muon + SFT (Mixed),19,gate_proj,mlp,model.layers.19.mlp.gate_proj.weight,18.805080400150384,1.274275194566023
muon_sft_mixed,Muon + SFT (Mixed),19,up_proj,mlp,model.layers.19.mlp.up_proj.weight,10.389927193114225,1.0166125042713716
muon_sft_mixed,Muon + SFT (Mixed),19,k_proj,attn,model.layers.19.self_attn.k_proj.weight,22.39265647466657,1.3501056176457642
muon_sft_mixed,Muon + SFT (Mixed),19,o_proj,attn,model.layers.19.self_attn.o_proj.weight,21528.96724237111,4.333023196953208
muon_sft_mixed,Muon + SFT (Mixed),19,q_proj,attn,model.layers.19.self_attn.q_proj.weight,25737.028003386487,4.410558395083908
muon_sft_mixed,Muon + SFT (Mixed),19,v_proj,attn,model.layers.19.self_attn.v_proj.weight,3.008962863741521,0.4784168277627921
muon_sft_mixed,Muon + SFT (Mixed),2,down_proj,mlp,model.layers.2.mlp.down_proj.weight,13.203032998715319,1.120673708728496
muon_sft_mixed,Muon + SFT (Mixed),2,gate_proj,mlp,model.layers.2.mlp.gate_proj.weight,17.386139571428213,1.2402031617068396
muon_sft_mixed,Muon + SFT (Mixed),2,up_proj,mlp,model.layers.2.mlp.up_proj.weight,8.914240632929276,0.9500843533470629
muon_sft_mixed,Muon + SFT (Mixed),2,k_proj,attn,model.layers.2.self_attn.k_proj.weight,17.246548879743557,1.2367022036160944
muon_sft_mixed,Muon + SFT (Mixed),2,o_proj,attn,model.layers.2.self_attn.o_proj.weight,30056.518534603718,4.4779386745618
muon_sft_mixed,Muon + SFT (Mixed),2,q_proj,attn,model.layers.2.self_attn.q_proj.weight,23329.104862461878,4.367898075238181
muon_sft_mixed,Muon + SFT (Mixed),2,v_proj,attn,model.layers.2.self_attn.v_proj.weight,3.1914920863870466,0.5039937718920348
muon_sft_mixed,Muon + SFT (Mixed),20,down_proj,mlp,model.layers.20.mlp.down_proj.weight,7.516626278836623,0.8760229579787275
muon_sft_mixed,Muon + SFT (Mixed),20,gate_proj,mlp,model.layers.20.mlp.gate_proj.weight,19.20573845069097,1.2834310102200024
muon_sft_mixed,Muon + SFT (Mixed),20,up_proj,mlp,model.layers.20.mlp.up_proj.weight,11.187580400075522,1.048736169413012
muon_sft_mixed,Muon + SFT (Mixed),20,k_proj,attn,model.layers.20.self_attn.k_proj.weight,22.085446786629426,1.3441061894221238
muon_sft_mixed,Muon + SFT (Mixed),20,o_proj,attn,model.layers.20.self_attn.o_proj.weight,77109.40067948787,4.8871073276534425
muon_sft_mixed,Muon + SFT (Mixed),20,q_proj,attn,model.layers.20.self_attn.q_proj.weight,9077.745037388142,3.9579779807410005
muon_sft_mixed,Muon + SFT (Mixed),20,v_proj,attn,model.layers.20.self_attn.v_proj.weight,6.943760688277909,0.8415947447791347
muon_sft_mixed,Muon + SFT (Mixed),21,down_proj,mlp,model.layers.21.mlp.down_proj.weight,9.389520575370751,0.9726434179544525
muon_sft_mixed,Muon + SFT (Mixed),21,gate_proj,mlp,model.layers.21.mlp.gate_proj.weight,17.62905683292823,1.2462290778573561
muon_sft_mixed,Muon + SFT (Mixed),21,up_proj,mlp,model.layers.21.mlp.up_proj.weight,8.166849878297878,0.9120545725315583
muon_sft_mixed,Muon + SFT (Mixed),21,k_proj,attn,model.layers.21.self_attn.k_proj.weight,29.988989712436247,1.4769618352258613
muon_sft_mixed,Muon + SFT (Mixed),21,o_proj,attn,model.layers.21.self_attn.o_proj.weight,307113.5489162838,5.487298976618188
muon_sft_mixed,Muon + SFT (Mixed),21,q_proj,attn,model.layers.21.self_attn.q_proj.weight,14604.418863048846,4.1644842802693445
muon_sft_mixed,Muon + SFT (Mixed),21,v_proj,attn,model.layers.21.self_attn.v_proj.weight,4.365983103309035,0.6400820506232697
muon_sft_mixed,Muon + SFT (Mixed),22,down_proj,mlp,model.layers.22.mlp.down_proj.weight,9.90485658993613,0.995848191873529
muon_sft_mixed,Muon + SFT (Mixed),22,gate_proj,mlp,model.layers.22.mlp.gate_proj.weight,22.904068267057397,1.3599126294582742
muon_sft_mixed,Muon + SFT (Mixed),22,up_proj,mlp,model.layers.22.mlp.up_proj.weight,12.799569159570053,1.10719535130643
muon_sft_mixed,Muon + SFT (Mixed),22,k_proj,attn,model.layers.22.self_attn.k_proj.weight,20.397350314124935,1.3095737547448263
muon_sft_mixed,Muon + SFT (Mixed),22,o_proj,attn,model.layers.22.self_attn.o_proj.weight,31389.460140513293,4.496783846441926
muon_sft_mixed,Muon + SFT (Mixed),22,q_proj,attn,model.layers.22.self_attn.q_proj.weight,55521.34392676529,4.7444599699272425
muon_sft_mixed,Muon + SFT (Mixed),22,v_proj,attn,model.layers.22.self_attn.v_proj.weight,5.232763207905739,0.718731082565644
muon_sft_mixed,Muon + SFT (Mixed),23,down_proj,mlp,model.layers.23.mlp.down_proj.weight,11.806136781734908,1.072107810496948
muon_sft_mixed,Muon + SFT (Mixed),23,gate_proj,mlp,model.layers.23.mlp.gate_proj.weight,19.84428471591135,1.2976354494497238
muon_sft_mixed,Muon + SFT (Mixed),23,up_proj,mlp,model.layers.23.mlp.up_proj.weight,10.792214510571496,1.0331105689684859
muon_sft_mixed,Muon + SFT (Mixed),23,k_proj,attn,model.layers.23.self_attn.k_proj.weight,15.99238720862623,1.203913296401076
muon_sft_mixed,Muon + SFT (Mixed),23,o_proj,attn,model.layers.23.self_attn.o_proj.weight,13416.86955772516,4.12765119747249
muon_sft_mixed,Muon + SFT (Mixed),23,q_proj,attn,model.layers.23.self_attn.q_proj.weight,766864.2561817277,5.884718495619669
muon_sft_mixed,Muon + SFT (Mixed),23,v_proj,attn,model.layers.23.self_attn.v_proj.weight,4.0423716944616315,0.6066362442193489
muon_sft_mixed,Muon + SFT (Mixed),24,down_proj,mlp,model.layers.24.mlp.down_proj.weight,10.012160000607604,1.0005277812903361
muon_sft_mixed,Muon + SFT (Mixed),24,gate_proj,mlp,model.layers.24.mlp.gate_proj.weight,21.04816312297225,1.3232142008668997
muon_sft_mixed,Muon + SFT (Mixed),24,up_proj,mlp,model.layers.24.mlp.up_proj.weight,13.894937789217972,1.1428566066830321
muon_sft_mixed,Muon + SFT (Mixed),24,k_proj,attn,model.layers.24.self_attn.k_proj.weight,31.21417165075597,1.4943518142863967
muon_sft_mixed,Muon + SFT (Mixed),24,o_proj,attn,model.layers.24.self_attn.o_proj.weight,14623.755465429604,4.165058916293034
muon_sft_mixed,Muon + SFT (Mixed),24,q_proj,attn,model.layers.24.self_attn.q_proj.weight,130481.43281781736,5.115548717050116
muon_sft_mixed,Muon + SFT (Mixed),24,v_proj,attn,model.layers.24.self_attn.v_proj.weight,3.5992010140860065,0.5562061025213398
muon_sft_mixed,Muon + SFT (Mixed),25,down_proj,mlp,model.layers.25.mlp.down_proj.weight,9.428466981166334,0.9744410844930584
muon_sft_mixed,Muon + SFT (Mixed),25,gate_proj,mlp,model.layers.25.mlp.gate_proj.weight,21.338538636536896,1.3291646735786147
muon_sft_mixed,Muon + SFT (Mixed),25,up_proj,mlp,model.layers.25.mlp.up_proj.weight,18.112661694417476,1.2579822755077923
muon_sft_mixed,Muon + SFT (Mixed),25,k_proj,attn,model.layers.25.self_attn.k_proj.weight,22.456364788110246,1.351339454497089
muon_sft_mixed,Muon + SFT (Mixed),25,o_proj,attn,model.layers.25.self_attn.o_proj.weight,16058.700524373437,4.2057103991041025
muon_sft_mixed,Muon + SFT (Mixed),25,q_proj,attn,model.layers.25.self_attn.q_proj.weight,25293.555408460445,4.403009880579944
muon_sft_mixed,Muon + SFT (Mixed),25,v_proj,attn,model.layers.25.self_attn.v_proj.weight,4.337172037556299,0.6372066491442763
muon_sft_mixed,Muon + SFT (Mixed),26,down_proj,mlp,model.layers.26.mlp.down_proj.weight,8.741277795764983,0.941574922232498
muon_sft_mixed,Muon + SFT (Mixed),26,gate_proj,mlp,model.layers.26.mlp.gate_proj.weight,20.03326582292759,1.3017517537499945
muon_sft_mixed,Muon + SFT (Mixed),26,up_proj,mlp,model.layers.26.mlp.up_proj.weight,18.54927284440913,1.2683268893769193
muon_sft_mixed,Muon + SFT (Mixed),26,k_proj,attn,model.layers.26.self_attn.k_proj.weight,18.92872938436369,1.277121462358941
muon_sft_mixed,Muon + SFT (Mixed),26,o_proj,attn,model.layers.26.self_attn.o_proj.weight,32778.935601702375,4.515594847043741
muon_sft_mixed,Muon + SFT (Mixed),26,q_proj,attn,model.layers.26.self_attn.q_proj.weight,50606.112298784516,4.704202974889551
muon_sft_mixed,Muon + SFT (Mixed),26,v_proj,attn,model.layers.26.self_attn.v_proj.weight,4.834078003791005,0.6843136540035056
muon_sft_mixed,Muon + SFT (Mixed),27,down_proj,mlp,model.layers.27.mlp.down_proj.weight,11.983285838490806,1.0785759187094834
muon_sft_mixed,Muon + SFT (Mixed),27,gate_proj,mlp,model.layers.27.mlp.gate_proj.weight,34.011204853070595,1.5316220171656432
muon_sft_mixed,Muon + SFT (Mixed),27,up_proj,mlp,model.layers.27.mlp.up_proj.weight,27.058221633813307,1.4322992497633977
muon_sft_mixed,Muon + SFT (Mixed),27,k_proj,attn,model.layers.27.self_attn.k_proj.weight,16.96072720530109,1.2294444690574184
muon_sft_mixed,Muon + SFT (Mixed),27,o_proj,attn,model.layers.27.self_attn.o_proj.weight,102189.83524719144,5.009407698972854
muon_sft_mixed,Muon + SFT (Mixed),27,q_proj,attn,model.layers.27.self_attn.q_proj.weight,82894.17562251973,4.918524016872797
muon_sft_mixed,Muon + SFT (Mixed),27,v_proj,attn,model.layers.27.self_attn.v_proj.weight,7.8541043849690375,0.8950966689632752
muon_sft_mixed,Muon + SFT (Mixed),3,down_proj,mlp,model.layers.3.mlp.down_proj.weight,10.759097112432174,1.0317758275068525
muon_sft_mixed,Muon + SFT (Mixed),3,gate_proj,mlp,model.layers.3.mlp.gate_proj.weight,13.999968619394974,1.1461270622183184
muon_sft_mixed,Muon + SFT (Mixed),3,up_proj,mlp,model.layers.3.mlp.up_proj.weight,7.59210335527203,0.8803621117373058
muon_sft_mixed,Muon + SFT (Mixed),3,k_proj,attn,model.layers.3.self_attn.k_proj.weight,15.497343038869227,1.190257246398144
muon_sft_mixed,Muon + SFT (Mixed),3,o_proj,attn,model.layers.3.self_attn.o_proj.weight,18889.237429800804,4.276214425538855
muon_sft_mixed,Muon + SFT (Mixed),3,q_proj,attn,model.layers.3.self_attn.q_proj.weight,89000.47079764798,4.949392303996372
muon_sft_mixed,Muon + SFT (Mixed),3,v_proj,attn,model.layers.3.self_attn.v_proj.weight,3.8911503325829386,0.5900780098708226
muon_sft_mixed,Muon + SFT (Mixed),4,down_proj,mlp,model.layers.4.mlp.down_proj.weight,11.159727492614477,1.0476535897719217
muon_sft_mixed,Muon + SFT (Mixed),4,gate_proj,mlp,model.layers.4.mlp.gate_proj.weight,17.49578221120624,1.2429333639333275
muon_sft_mixed,Muon + SFT (Mixed),4,up_proj,mlp,model.layers.4.mlp.up_proj.weight,8.780574849279759,0.9435229493568702
muon_sft_mixed,Muon + SFT (Mixed),4,k_proj,attn,model.layers.4.self_attn.k_proj.weight,23.9407296092015,1.379137381676982
muon_sft_mixed,Muon + SFT (Mixed),4,o_proj,attn,model.layers.4.self_attn.o_proj.weight,8586.888357991556,3.93383581647699
muon_sft_mixed,Muon + SFT (Mixed),4,q_proj,attn,model.layers.4.self_attn.q_proj.weight,19239.974115451038,4.284204483422982
muon_sft_mixed,Muon + SFT (Mixed),4,v_proj,attn,model.layers.4.self_attn.v_proj.weight,3.787978573332288,0.5784075137552404
muon_sft_mixed,Muon + SFT (Mixed),5,down_proj,mlp,model.layers.5.mlp.down_proj.weight,12.389222023640901,1.0930440358798714
muon_sft_mixed,Muon + SFT (Mixed),5,gate_proj,mlp,model.layers.5.mlp.gate_proj.weight,20.634146336375032,1.314586506212191
muon_sft_mixed,Muon + SFT (Mixed),5,up_proj,mlp,model.layers.5.mlp.up_proj.weight,8.09459330168012,0.9081950332903563
muon_sft_mixed,Muon + SFT (Mixed),5,k_proj,attn,model.layers.5.self_attn.k_proj.weight,22.35778607455369,1.3494287963875524
muon_sft_mixed,Muon + SFT (Mixed),5,o_proj,attn,model.layers.5.self_attn.o_proj.weight,13198.378135803852,4.120520566815959
muon_sft_mixed,Muon + SFT (Mixed),5,q_proj,attn,model.layers.5.self_attn.q_proj.weight,14818.736424225663,4.170811173455602
muon_sft_mixed,Muon + SFT (Mixed),5,v_proj,attn,model.layers.5.self_attn.v_proj.weight,3.3557137442033764,0.525784906681334
muon_sft_mixed,Muon + SFT (Mixed),6,down_proj,mlp,model.layers.6.mlp.down_proj.weight,9.16239224786502,0.9620088802622483
muon_sft_mixed,Muon + SFT (Mixed),6,gate_proj,mlp,model.layers.6.mlp.gate_proj.weight,19.225663022208042,1.283881325946611
muon_sft_mixed,Muon + SFT (Mixed),6,up_proj,mlp,model.layers.6.mlp.up_proj.weight,7.421053196353325,0.8704655447542484
muon_sft_mixed,Muon + SFT (Mixed),6,k_proj,attn,model.layers.6.self_attn.k_proj.weight,22.18934435150991,1.3461444699324105
muon_sft_mixed,Muon + SFT (Mixed),6,o_proj,attn,model.layers.6.self_attn.o_proj.weight,86437.13061161329,4.936700341503355
muon_sft_mixed,Muon + SFT (Mixed),6,q_proj,attn,model.layers.6.self_attn.q_proj.weight,17421.31278433732,4.241080878198154
muon_sft_mixed,Muon + SFT (Mixed),6,v_proj,attn,model.layers.6.self_attn.v_proj.weight,3.2798958144887287,0.5158600486167804
muon_sft_mixed,Muon + SFT (Mixed),7,down_proj,mlp,model.layers.7.mlp.down_proj.weight,7.9682004393782195,0.9013602501923798
muon_sft_mixed,Muon + SFT (Mixed),7,gate_proj,mlp,model.layers.7.mlp.gate_proj.weight,16.823468272590645,1.2259155334580387
muon_sft_mixed,Muon + SFT (Mixed),7,up_proj,mlp,model.layers.7.mlp.up_proj.weight,8.451823760558746,0.9269504324627607
muon_sft_mixed,Muon + SFT (Mixed),7,k_proj,attn,model.layers.7.self_attn.k_proj.weight,30.434578408665804,1.4833672901186574
muon_sft_mixed,Muon + SFT (Mixed),7,o_proj,attn,model.layers.7.self_attn.o_proj.weight,9977.848960650348,3.999036925534955
muon_sft_mixed,Muon + SFT (Mixed),7,q_proj,attn,model.layers.7.self_attn.q_proj.weight,9132.885474716786,3.96060801168159
muon_sft_mixed,Muon + SFT (Mixed),7,v_proj,attn,model.layers.7.self_attn.v_proj.weight,4.614423750003973,0.6641174739818198
muon_sft_mixed,Muon + SFT (Mixed),8,down_proj,mlp,model.layers.8.mlp.down_proj.weight,8.05923233054508,0.9062936757398076
muon_sft_mixed,Muon + SFT (Mixed),8,gate_proj,mlp,model.layers.8.mlp.gate_proj.weight,15.702533171367865,1.195969719517716
muon_sft_mixed,Muon + SFT (Mixed),8,up_proj,mlp,model.layers.8.mlp.up_proj.weight,11.036474526071745,1.042830365205481
muon_sft_mixed,Muon + SFT (Mixed),8,k_proj,attn,model.layers.8.self_attn.k_proj.weight,26.23799794737806,1.418930693753258
muon_sft_mixed,Muon + SFT (Mixed),8,o_proj,attn,model.layers.8.self_attn.o_proj.weight,8959.055418840264,3.9522622230538276
muon_sft_mixed,Muon + SFT (Mixed),8,q_proj,attn,model.layers.8.self_attn.q_proj.weight,21311.099539799136,4.328605857586015
muon_sft_mixed,Muon + SFT (Mixed),8,v_proj,attn,model.layers.8.self_attn.v_proj.weight,2.6150603607612655,0.4174817176939237
muon_sft_mixed,Muon + SFT (Mixed),9,down_proj,mlp,model.layers.9.mlp.down_proj.weight,11.961928731936382,1.0778012105974921
muon_sft_mixed,Muon + SFT (Mixed),9,gate_proj,mlp,model.layers.9.mlp.gate_proj.weight,17.04688701631443,1.2316450827378198
muon_sft_mixed,Muon + SFT (Mixed),9,up_proj,mlp,model.layers.9.mlp.up_proj.weight,8.607403685610159,0.9348721717726378
muon_sft_mixed,Muon + SFT (Mixed),9,k_proj,attn,model.layers.9.self_attn.k_proj.weight,29.979055604969904,1.476817947658011
muon_sft_mixed,Muon + SFT (Mixed),9,o_proj,attn,model.layers.9.self_attn.o_proj.weight,25677.787464085835,4.4095575998666305
muon_sft_mixed,Muon + SFT (Mixed),9,q_proj,attn,model.layers.9.self_attn.q_proj.weight,34025.934337867635,4.531810059583201
muon_sft_mixed,Muon + SFT (Mixed),9,v_proj,attn,model.layers.9.self_attn.v_proj.weight,3.912486337395849,0.5924528339784151
