experiment,experiment_label,layer,component,type,param_name,condition_number_base,condition_number_exp,condition_number_diff,condition_number_log_ratio
adamw_grpo_fp32,AdamW + GRPO (FP32),-1,embed,embed,model.embed_tokens.weight,69.18641058154057,69.18169439546166,-0.0047161860789088905,-2.9605284987205186e-05
adamw_grpo_fp32,AdamW + GRPO (FP32),0,down_proj,mlp,model.layers.0.mlp.down_proj.weight,10.546793843948734,10.548639744724957,0.0018459007762228197,7.600360712477458e-05
adamw_grpo_fp32,AdamW + GRPO (FP32),0,gate_proj,mlp,model.layers.0.mlp.gate_proj.weight,50.790417231602824,50.788118339731525,-0.002298891871298281,-1.9657618585496558e-05
adamw_grpo_fp32,AdamW + GRPO (FP32),0,up_proj,mlp,model.layers.0.mlp.up_proj.weight,30.557746350661454,30.55625963630976,-0.001486714351692342,-2.113007742845573e-05
adamw_grpo_fp32,AdamW + GRPO (FP32),0,k_proj,attn,model.layers.0.self_attn.k_proj.weight,18.73935745084044,18.750332693506003,0.01097524266556249,0.00025428257449022236
adamw_grpo_fp32,AdamW + GRPO (FP32),0,o_proj,attn,model.layers.0.self_attn.o_proj.weight,38555.79005042446,40732.06057115682,2176.2705207323597,0.023846774197130115
adamw_grpo_fp32,AdamW + GRPO (FP32),0,q_proj,attn,model.layers.0.self_attn.q_proj.weight,184976.8751259078,183562.896970384,-1413.9781555238005,-0.0033325354285156624
adamw_grpo_fp32,AdamW + GRPO (FP32),0,v_proj,attn,model.layers.0.self_attn.v_proj.weight,7.7755061789352835,7.7690884236842805,-0.006417755251002966,-0.00035860643797161495
adamw_grpo_fp32,AdamW + GRPO (FP32),1,down_proj,mlp,model.layers.1.mlp.down_proj.weight,8.998430005007657,8.99979178492839,0.0013617799207334969,6.571910416178731e-05
adamw_grpo_fp32,AdamW + GRPO (FP32),1,gate_proj,mlp,model.layers.1.mlp.gate_proj.weight,33.91668364456576,33.9162891318224,-0.00039451274335533526,-5.051664418340235e-06
adamw_grpo_fp32,AdamW + GRPO (FP32),1,up_proj,mlp,model.layers.1.mlp.up_proj.weight,37.735381088331756,37.73276330403634,-0.002617784295416925,-3.012898445884388e-05
adamw_grpo_fp32,AdamW + GRPO (FP32),1,k_proj,attn,model.layers.1.self_attn.k_proj.weight,30.087513316132128,30.087700202467936,0.00018688633580765668,2.6975792735934803e-06
adamw_grpo_fp32,AdamW + GRPO (FP32),1,o_proj,attn,model.layers.1.self_attn.o_proj.weight,49034.98587834326,40830.079315160074,-8204.906563183184,-0.07952583099307382
adamw_grpo_fp32,AdamW + GRPO (FP32),1,q_proj,attn,model.layers.1.self_attn.q_proj.weight,1074758.1049613138,921739.404925859,-153018.70003545482,-0.06670257465841976
adamw_grpo_fp32,AdamW + GRPO (FP32),1,v_proj,attn,model.layers.1.self_attn.v_proj.weight,3.341969736117407,3.341773213353008,-0.00019652276439918737,-2.5539208439581554e-05
adamw_grpo_fp32,AdamW + GRPO (FP32),10,down_proj,mlp,model.layers.10.mlp.down_proj.weight,13.491719978091211,13.491268320542094,-0.0004516575491173569,-1.4538966488007476e-05
adamw_grpo_fp32,AdamW + GRPO (FP32),10,gate_proj,mlp,model.layers.10.mlp.gate_proj.weight,16.210019773701827,16.209258494057107,-0.0007612796447205028,-2.0396478059618163e-05
adamw_grpo_fp32,AdamW + GRPO (FP32),10,up_proj,mlp,model.layers.10.mlp.up_proj.weight,8.538043575643336,8.537431782538142,-0.0006117931051932146,-3.112046536828896e-05
adamw_grpo_fp32,AdamW + GRPO (FP32),10,k_proj,attn,model.layers.10.self_attn.k_proj.weight,24.034098760920294,24.04701881632376,0.01292005540346608,0.00023340176707203986
adamw_grpo_fp32,AdamW + GRPO (FP32),10,o_proj,attn,model.layers.10.self_attn.o_proj.weight,15508.710116684786,15392.459768109858,-116.25034857492756,-0.0032676512423688775
adamw_grpo_fp32,AdamW + GRPO (FP32),10,q_proj,attn,model.layers.10.self_attn.q_proj.weight,12813.850813777506,13306.663155088285,492.8123413107787,0.016389499907920765
adamw_grpo_fp32,AdamW + GRPO (FP32),10,v_proj,attn,model.layers.10.self_attn.v_proj.weight,3.2994636012714755,3.299786237834307,0.0003226365628314909,4.246521420635841e-05
adamw_grpo_fp32,AdamW + GRPO (FP32),11,down_proj,mlp,model.layers.11.mlp.down_proj.weight,16.054627449194015,16.05258026248668,-0.0020471867073368344,-5.538207492912096e-05
adamw_grpo_fp32,AdamW + GRPO (FP32),11,gate_proj,mlp,model.layers.11.mlp.gate_proj.weight,13.225697438590451,13.225966958750783,0.000269520160331993,8.850189284058383e-06
adamw_grpo_fp32,AdamW + GRPO (FP32),11,up_proj,mlp,model.layers.11.mlp.up_proj.weight,6.605510357941471,6.605246218305786,-0.00026413963568483467,-1.7366815531425986e-05
adamw_grpo_fp32,AdamW + GRPO (FP32),11,k_proj,attn,model.layers.11.self_attn.k_proj.weight,21.610944081803808,21.605254368654467,-0.005689713149340747,-0.00011435577988104105
adamw_grpo_fp32,AdamW + GRPO (FP32),11,o_proj,attn,model.layers.11.self_attn.o_proj.weight,139258.46738802953,81434.29559027015,-57824.17179775938,-0.23301426716492227
adamw_grpo_fp32,AdamW + GRPO (FP32),11,q_proj,attn,model.layers.11.self_attn.q_proj.weight,28543.812668067454,28765.53910947007,221.72644140261764,0.0033605353220317624
adamw_grpo_fp32,AdamW + GRPO (FP32),11,v_proj,attn,model.layers.11.self_attn.v_proj.weight,2.8678401021237847,2.86795601205188,0.00011590992809518141,1.755259119196564e-05
adamw_grpo_fp32,AdamW + GRPO (FP32),12,down_proj,mlp,model.layers.12.mlp.down_proj.weight,14.145448240851502,14.144917151560705,-0.0005310892907974818,-1.6305844425787195e-05
adamw_grpo_fp32,AdamW + GRPO (FP32),12,gate_proj,mlp,model.layers.12.mlp.gate_proj.weight,18.888272791501652,18.88920256752499,0.0009297760233373253,2.137763800176816e-05
adamw_grpo_fp32,AdamW + GRPO (FP32),12,up_proj,mlp,model.layers.12.mlp.up_proj.weight,8.061255117094625,8.061220665489914,-3.4451604710383776e-05,-1.8560600766743002e-06
adamw_grpo_fp32,AdamW + GRPO (FP32),12,k_proj,attn,model.layers.12.self_attn.k_proj.weight,20.867707840632306,20.86940133730573,0.001693496673425443,3.524327751868813e-05
adamw_grpo_fp32,AdamW + GRPO (FP32),12,o_proj,attn,model.layers.12.self_attn.o_proj.weight,102000.14319866779,71700.37367019507,-30299.769528472723,-0.15307936244942005
adamw_grpo_fp32,AdamW + GRPO (FP32),12,q_proj,attn,model.layers.12.self_attn.q_proj.weight,14798.684955393119,14574.719443806809,-223.96551158630973,-0.006622921163928664
adamw_grpo_fp32,AdamW + GRPO (FP32),12,v_proj,attn,model.layers.12.self_attn.v_proj.weight,2.550671517667282,2.550623260989406,-4.825667787589083e-05,-8.216584152261235e-06
adamw_grpo_fp32,AdamW + GRPO (FP32),13,down_proj,mlp,model.layers.13.mlp.down_proj.weight,30.005646690345184,30.006566841341535,0.000920150996350344,1.3317839044652561e-05
adamw_grpo_fp32,AdamW + GRPO (FP32),13,gate_proj,mlp,model.layers.13.mlp.gate_proj.weight,12.316046719506732,12.316777254237342,0.000730534730610799,2.5759710114772792e-05
adamw_grpo_fp32,AdamW + GRPO (FP32),13,up_proj,mlp,model.layers.13.mlp.up_proj.weight,6.311217662216599,6.3107594314684174,-0.00045823074818152065,-3.153342522871317e-05
adamw_grpo_fp32,AdamW + GRPO (FP32),13,k_proj,attn,model.layers.13.self_attn.k_proj.weight,41.906820743475016,41.89613978667302,-0.01068095680199832,-0.00011070445712963642
adamw_grpo_fp32,AdamW + GRPO (FP32),13,o_proj,attn,model.layers.13.self_attn.o_proj.weight,9641.296136551193,9238.247358842145,-403.0487777090475,-0.018545836082333445
adamw_grpo_fp32,AdamW + GRPO (FP32),13,q_proj,attn,model.layers.13.self_attn.q_proj.weight,57124.68510683214,75013.33351181076,17888.648404978623,0.11831464638399118
adamw_grpo_fp32,AdamW + GRPO (FP32),13,v_proj,attn,model.layers.13.self_attn.v_proj.weight,3.7001013163270056,3.7000698572495523,-3.145907745327747e-05,-3.692483166514302e-06
adamw_grpo_fp32,AdamW + GRPO (FP32),14,down_proj,mlp,model.layers.14.mlp.down_proj.weight,12.14858893422566,12.148210132553164,-0.0003788016724968202,-1.3541822991784329e-05
adamw_grpo_fp32,AdamW + GRPO (FP32),14,gate_proj,mlp,model.layers.14.mlp.gate_proj.weight,13.416229041756727,13.417619406611756,0.0013903648550286363,4.5004933680964586e-05
adamw_grpo_fp32,AdamW + GRPO (FP32),14,up_proj,mlp,model.layers.14.mlp.up_proj.weight,6.92702720942221,6.9274095152562305,0.0003823058340204355,2.3968251825219126e-05
adamw_grpo_fp32,AdamW + GRPO (FP32),14,k_proj,attn,model.layers.14.self_attn.k_proj.weight,23.136335100841148,23.145632438770292,0.009297337929144334,0.00017448621257842766
adamw_grpo_fp32,AdamW + GRPO (FP32),14,o_proj,attn,model.layers.14.self_attn.o_proj.weight,6453.263467239998,6678.614937417185,225.35147017718646,0.014907008080528524
adamw_grpo_fp32,AdamW + GRPO (FP32),14,q_proj,attn,model.layers.14.self_attn.q_proj.weight,12016.462412922161,12237.543237625416,221.08082470325462,0.007917606924730607
adamw_grpo_fp32,AdamW + GRPO (FP32),14,v_proj,attn,model.layers.14.self_attn.v_proj.weight,6.809948120874071,6.809510682656975,-0.0004374382170961866,-2.7897878566870318e-05
adamw_grpo_fp32,AdamW + GRPO (FP32),15,down_proj,mlp,model.layers.15.mlp.down_proj.weight,12.83113835849419,12.830833656089725,-0.0003047024044651181,-1.0313359613445307e-05
adamw_grpo_fp32,AdamW + GRPO (FP32),15,gate_proj,mlp,model.layers.15.mlp.gate_proj.weight,16.831657108500657,16.832548870979718,0.0008917624790605316,2.3008861349683267e-05
adamw_grpo_fp32,AdamW + GRPO (FP32),15,up_proj,mlp,model.layers.15.mlp.up_proj.weight,9.399973299687645,9.400354307774554,0.00038100808690977317,1.760285386331824e-05
adamw_grpo_fp32,AdamW + GRPO (FP32),15,k_proj,attn,model.layers.15.self_attn.k_proj.weight,25.442585553328566,25.431018199760448,-0.011567353568118222,-0.0001974948712425349
adamw_grpo_fp32,AdamW + GRPO (FP32),15,o_proj,attn,model.layers.15.self_attn.o_proj.weight,29248.74824238646,29458.46013182888,209.71188944242022,0.0031027570988425676
adamw_grpo_fp32,AdamW + GRPO (FP32),15,q_proj,attn,model.layers.15.self_attn.q_proj.weight,23869.157071525828,28671.43447081316,4802.2773992873335,0.07961233946834292
adamw_grpo_fp32,AdamW + GRPO (FP32),15,v_proj,attn,model.layers.15.self_attn.v_proj.weight,3.3575600712900404,3.357637316256731,7.724496669059278e-05,9.991385466079643e-06
adamw_grpo_fp32,AdamW + GRPO (FP32),16,down_proj,mlp,model.layers.16.mlp.down_proj.weight,9.686499227673869,9.686269542691578,-0.00022968498229047896,-1.0298055127962185e-05
adamw_grpo_fp32,AdamW + GRPO (FP32),16,gate_proj,mlp,model.layers.16.mlp.gate_proj.weight,12.919883539201004,12.918835751007732,-0.0010477881932722255,-3.522222798120867e-05
adamw_grpo_fp32,AdamW + GRPO (FP32),16,up_proj,mlp,model.layers.16.mlp.up_proj.weight,6.159145316251316,6.160452236765084,0.0013069205137679063,9.214397907105473e-05
adamw_grpo_fp32,AdamW + GRPO (FP32),16,k_proj,attn,model.layers.16.self_attn.k_proj.weight,20.671141321487564,20.62846660000247,-0.042674721485095546,-0.0008975098596098788
adamw_grpo_fp32,AdamW + GRPO (FP32),16,o_proj,attn,model.layers.16.self_attn.o_proj.weight,41529.00729033527,33682.58931915771,-7846.417971177558,-0.09094607974202894
adamw_grpo_fp32,AdamW + GRPO (FP32),16,q_proj,attn,model.layers.16.self_attn.q_proj.weight,103943.38985456145,76847.4447954404,-27095.945059121048,-0.13116744451815496
adamw_grpo_fp32,AdamW + GRPO (FP32),16,v_proj,attn,model.layers.16.self_attn.v_proj.weight,2.78870242790059,2.788553222990397,-0.00014920491019276838,-2.323682945201911e-05
adamw_grpo_fp32,AdamW + GRPO (FP32),17,down_proj,mlp,model.layers.17.mlp.down_proj.weight,6.7996349709306605,6.799381328572712,-0.0002536423579488911,-1.6200506569126887e-05
adamw_grpo_fp32,AdamW + GRPO (FP32),17,gate_proj,mlp,model.layers.17.mlp.gate_proj.weight,17.968770886906377,17.968759025102287,-1.1861804090074202e-05,-2.8669282915713475e-07
adamw_grpo_fp32,AdamW + GRPO (FP32),17,up_proj,mlp,model.layers.17.mlp.up_proj.weight,12.572357420855843,12.572859593690138,0.0005021728342953224,1.7346510932766957e-05
adamw_grpo_fp32,AdamW + GRPO (FP32),17,k_proj,attn,model.layers.17.self_attn.k_proj.weight,15.488632202364206,15.489303591317942,0.00067138895373553,1.8825045013032615e-05
adamw_grpo_fp32,AdamW + GRPO (FP32),17,o_proj,attn,model.layers.17.self_attn.o_proj.weight,57591.66094582242,47309.643353792715,-10282.017592029704,-0.08540992967151666
adamw_grpo_fp32,AdamW + GRPO (FP32),17,q_proj,attn,model.layers.17.self_attn.q_proj.weight,13024.993728263826,13062.669126000636,37.67539773680983,0.0012544035705624348
adamw_grpo_fp32,AdamW + GRPO (FP32),17,v_proj,attn,model.layers.17.self_attn.v_proj.weight,4.045377579425002,4.045435827448841,5.824802383891381e-05,6.253214371198179e-06
adamw_grpo_fp32,AdamW + GRPO (FP32),18,down_proj,mlp,model.layers.18.mlp.down_proj.weight,6.643981466821017,6.64376921041074,-0.0002122564102764457,-1.3874701592282797e-05
adamw_grpo_fp32,AdamW + GRPO (FP32),18,gate_proj,mlp,model.layers.18.mlp.gate_proj.weight,18.455846043796296,18.456668831178977,0.000822787382681156,1.936102275054387e-05
adamw_grpo_fp32,AdamW + GRPO (FP32),18,up_proj,mlp,model.layers.18.mlp.up_proj.weight,10.672724442726581,10.673655992189596,0.0009315494630151022,3.7904954696933584e-05
adamw_grpo_fp32,AdamW + GRPO (FP32),18,k_proj,attn,model.layers.18.self_attn.k_proj.weight,22.852605445749074,22.843916457831046,-0.008688987918027635,-0.0001651582831430331
adamw_grpo_fp32,AdamW + GRPO (FP32),18,o_proj,attn,model.layers.18.self_attn.o_proj.weight,21937.349567301397,23860.45536426138,1923.1057969599824,0.03649457199687112
adamw_grpo_fp32,AdamW + GRPO (FP32),18,q_proj,attn,model.layers.18.self_attn.q_proj.weight,33741.713223670544,28728.46470861707,-5013.248515053474,-0.06985471268654812
adamw_grpo_fp32,AdamW + GRPO (FP32),18,v_proj,attn,model.layers.18.self_attn.v_proj.weight,2.1434580875579408,2.1431528800306574,-0.00030520752728335765,-6.184370177778619e-05
adamw_grpo_fp32,AdamW + GRPO (FP32),19,down_proj,mlp,model.layers.19.mlp.down_proj.weight,7.114441587440737,7.1140114395732885,-0.0004301478674486603,-2.6258771060736356e-05
adamw_grpo_fp32,AdamW + GRPO (FP32),19,gate_proj,mlp,model.layers.19.mlp.gate_proj.weight,18.805480505433707,18.805806327030414,0.0003258215967072431,7.524471160426789e-06
adamw_grpo_fp32,AdamW + GRPO (FP32),19,up_proj,mlp,model.layers.19.mlp.up_proj.weight,10.390484231630769,10.390240672835821,-0.00024355879494741828,-1.0180226258292449e-05
adamw_grpo_fp32,AdamW + GRPO (FP32),19,k_proj,attn,model.layers.19.self_attn.k_proj.weight,22.401692950673606,22.402718270064796,0.0010253193911893277,1.987708539078774e-05
adamw_grpo_fp32,AdamW + GRPO (FP32),19,o_proj,attn,model.layers.19.self_attn.o_proj.weight,24022.826455842358,26321.175064854986,2298.348609012628,0.03968116982790796
adamw_grpo_fp32,AdamW + GRPO (FP32),19,q_proj,attn,model.layers.19.self_attn.q_proj.weight,25682.89091427411,29421.12251739402,3738.231603119908,0.059015331393304955
adamw_grpo_fp32,AdamW + GRPO (FP32),19,v_proj,attn,model.layers.19.self_attn.v_proj.weight,3.008918396896258,3.008715516520634,-0.0002028803756242148,-2.9283877657270563e-05
adamw_grpo_fp32,AdamW + GRPO (FP32),2,down_proj,mlp,model.layers.2.mlp.down_proj.weight,13.20255066881167,13.204144736908477,0.0015940680968071774,5.2433291513777314e-05
adamw_grpo_fp32,AdamW + GRPO (FP32),2,gate_proj,mlp,model.layers.2.mlp.gate_proj.weight,17.38657445257771,17.386730497150342,0.0001560445726305204,3.897777155327894e-06
adamw_grpo_fp32,AdamW + GRPO (FP32),2,up_proj,mlp,model.layers.2.mlp.up_proj.weight,8.916099391549464,8.915174682219192,-0.000924709330272222,-4.504402301264392e-05
adamw_grpo_fp32,AdamW + GRPO (FP32),2,k_proj,attn,model.layers.2.self_attn.k_proj.weight,17.246031056628958,17.24395346890953,-0.0020775877194267878,-5.232155918426121e-05
adamw_grpo_fp32,AdamW + GRPO (FP32),2,o_proj,attn,model.layers.2.self_attn.o_proj.weight,31093.030750193404,25329.858347859958,-5763.172402333446,-0.08903029526800883
adamw_grpo_fp32,AdamW + GRPO (FP32),2,q_proj,attn,model.layers.2.self_attn.q_proj.weight,24610.069351651575,24251.938307841265,-358.1310438103101,-0.006366382750146526
adamw_grpo_fp32,AdamW + GRPO (FP32),2,v_proj,attn,model.layers.2.self_attn.v_proj.weight,3.1911166787384015,3.191186322242491,6.964350408944497e-05,9.47801742506079e-06
adamw_grpo_fp32,AdamW + GRPO (FP32),20,down_proj,mlp,model.layers.20.mlp.down_proj.weight,7.516513788547348,7.5162155856936295,-0.000298202853718621,-1.7230118450323507e-05
adamw_grpo_fp32,AdamW + GRPO (FP32),20,gate_proj,mlp,model.layers.20.mlp.gate_proj.weight,19.204884886797178,19.20435269854532,-0.0005321882518565246,-1.2034939283339484e-05
adamw_grpo_fp32,AdamW + GRPO (FP32),20,up_proj,mlp,model.layers.20.mlp.up_proj.weight,11.187456334212877,11.187438912926416,-1.74212864614276e-05,-6.76290860304796e-07
adamw_grpo_fp32,AdamW + GRPO (FP32),20,k_proj,attn,model.layers.20.self_attn.k_proj.weight,22.072850031907265,22.066198564074053,-0.00665146783321191,-0.0001308907142438903
adamw_grpo_fp32,AdamW + GRPO (FP32),20,o_proj,attn,model.layers.20.self_attn.o_proj.weight,123534.76145527787,126837.95809365262,3303.1966383747495,0.011460060955109132
adamw_grpo_fp32,AdamW + GRPO (FP32),20,q_proj,attn,model.layers.20.self_attn.q_proj.weight,9243.896257866112,9063.971196786644,-179.92506107946792,-0.00853654607708902
adamw_grpo_fp32,AdamW + GRPO (FP32),20,v_proj,attn,model.layers.20.self_attn.v_proj.weight,6.942409244310096,6.941010922769828,-0.0013983215402681992,-8.748324600281446e-05
adamw_grpo_fp32,AdamW + GRPO (FP32),21,down_proj,mlp,model.layers.21.mlp.down_proj.weight,9.390981919055381,9.390061394106986,-0.0009205249483947853,-4.2572598251987336e-05
adamw_grpo_fp32,AdamW + GRPO (FP32),21,gate_proj,mlp,model.layers.21.mlp.gate_proj.weight,17.629945642520745,17.630076078779837,0.00013043625909148204,3.21314308945782e-06
adamw_grpo_fp32,AdamW + GRPO (FP32),21,up_proj,mlp,model.layers.21.mlp.up_proj.weight,8.16699577216017,8.167132981176133,0.00013720901596236956,7.296271432789638e-06
adamw_grpo_fp32,AdamW + GRPO (FP32),21,k_proj,attn,model.layers.21.self_attn.k_proj.weight,29.992183020775197,29.998931606590535,0.006748585815337549,9.771025628776427e-05
adamw_grpo_fp32,AdamW + GRPO (FP32),21,o_proj,attn,model.layers.21.self_attn.o_proj.weight,298850.6543733745,385876.0053615174,87025.35098814295,0.11099356288621912
adamw_grpo_fp32,AdamW + GRPO (FP32),21,q_proj,attn,model.layers.21.self_attn.q_proj.weight,14032.644030663625,14698.50125353271,665.8572228690846,0.020133545260571966
adamw_grpo_fp32,AdamW + GRPO (FP32),21,v_proj,attn,model.layers.21.self_attn.v_proj.weight,4.366601968716395,4.366099348159767,-0.0005026205566283082,-4.999262577642829e-05
adamw_grpo_fp32,AdamW + GRPO (FP32),22,down_proj,mlp,model.layers.22.mlp.down_proj.weight,9.904782336268656,9.905024980610959,0.00024264434230225618,1.063908368685789e-05
adamw_grpo_fp32,AdamW + GRPO (FP32),22,gate_proj,mlp,model.layers.22.mlp.gate_proj.weight,22.904187063530273,22.904694994109917,0.0005079305796442668,9.630946577608582e-06
adamw_grpo_fp32,AdamW + GRPO (FP32),22,up_proj,mlp,model.layers.22.mlp.up_proj.weight,12.79968858450657,12.798889734657584,-0.0007988498489872597,-2.710588666852163e-05
adamw_grpo_fp32,AdamW + GRPO (FP32),22,k_proj,attn,model.layers.22.self_attn.k_proj.weight,20.39377999771742,20.395077041816627,0.0012970440992070564,2.7620244161968197e-05
adamw_grpo_fp32,AdamW + GRPO (FP32),22,o_proj,attn,model.layers.22.self_attn.o_proj.weight,35374.77308841131,26929.50089670812,-8445.272191703192,-0.11846535835557505
adamw_grpo_fp32,AdamW + GRPO (FP32),22,q_proj,attn,model.layers.22.self_attn.q_proj.weight,47977.340735145204,53858.78659342816,5881.445858282954,0.05022039235391859
adamw_grpo_fp32,AdamW + GRPO (FP32),22,v_proj,attn,model.layers.22.self_attn.v_proj.weight,5.233505964972921,5.233463048355291,-4.2916617630339715e-05,-3.5613844266247905e-06
adamw_grpo_fp32,AdamW + GRPO (FP32),23,down_proj,mlp,model.layers.23.mlp.down_proj.weight,11.80645745879601,11.802684312657195,-0.0037731461388137433,-0.00013881542813502532
adamw_grpo_fp32,AdamW + GRPO (FP32),23,gate_proj,mlp,model.layers.23.mlp.gate_proj.weight,19.84423847022627,19.843601389994923,-0.000637080231346232,-1.3942831355962758e-05
adamw_grpo_fp32,AdamW + GRPO (FP32),23,up_proj,mlp,model.layers.23.mlp.up_proj.weight,10.79189058648552,10.792525056875814,0.0006344703902936288,2.5532031449671062e-05
adamw_grpo_fp32,AdamW + GRPO (FP32),23,k_proj,attn,model.layers.23.self_attn.k_proj.weight,16.001526800630636,15.995136965689232,-0.006389834941403549,-0.00017345996523153117
adamw_grpo_fp32,AdamW + GRPO (FP32),23,o_proj,attn,model.layers.23.self_attn.o_proj.weight,13053.866526333686,13023.55018270197,-30.316343631715426,-0.0010097799815943736
adamw_grpo_fp32,AdamW + GRPO (FP32),23,q_proj,attn,model.layers.23.self_attn.q_proj.weight,764874.9518123881,419414.0722350768,-345460.87957731134,-0.2609474409655902
adamw_grpo_fp32,AdamW + GRPO (FP32),23,v_proj,attn,model.layers.23.self_attn.v_proj.weight,4.042193780833294,4.04037149831031,-0.001822282522984331,-0.00019583071222511656
adamw_grpo_fp32,AdamW + GRPO (FP32),24,down_proj,mlp,model.layers.24.mlp.down_proj.weight,10.013056479364716,10.012006700663658,-0.001049778701057491,-4.5534248097773345e-05
adamw_grpo_fp32,AdamW + GRPO (FP32),24,gate_proj,mlp,model.layers.24.mlp.gate_proj.weight,21.0475855955308,21.048928265508344,0.001342669977542954,2.7703679425215032e-05
adamw_grpo_fp32,AdamW + GRPO (FP32),24,up_proj,mlp,model.layers.24.mlp.up_proj.weight,13.895235392599337,13.894434661300188,-0.0008007312991491489,-2.5027514477846297e-05
adamw_grpo_fp32,AdamW + GRPO (FP32),24,k_proj,attn,model.layers.24.self_attn.k_proj.weight,31.211181081905732,31.22033917423841,0.009158092332679502,0.0001274134916802491
adamw_grpo_fp32,AdamW + GRPO (FP32),24,o_proj,attn,model.layers.24.self_attn.o_proj.weight,13596.107700858232,16882.874091435413,3286.7663905771806,0.094031785448522
adamw_grpo_fp32,AdamW + GRPO (FP32),24,q_proj,attn,model.layers.24.self_attn.q_proj.weight,119825.2524376554,149984.46988027028,30159.21744261487,0.09749793982635382
adamw_grpo_fp32,AdamW + GRPO (FP32),24,v_proj,attn,model.layers.24.self_attn.v_proj.weight,3.6003445004354857,3.599078617274102,-0.0012658831613836519,-0.00015272503599253636
adamw_grpo_fp32,AdamW + GRPO (FP32),25,down_proj,mlp,model.layers.25.mlp.down_proj.weight,9.428473935149443,9.42889942589401,0.0004254907445666589,1.959851766831989e-05
adamw_grpo_fp32,AdamW + GRPO (FP32),25,gate_proj,mlp,model.layers.25.mlp.gate_proj.weight,21.338091581274373,21.338903171566425,0.0008115902920522444,1.6517994647370395e-05
adamw_grpo_fp32,AdamW + GRPO (FP32),25,up_proj,mlp,model.layers.25.mlp.up_proj.weight,18.112209505291784,18.111893396966128,-0.00031610832565576175,-7.579710221666552e-06
adamw_grpo_fp32,AdamW + GRPO (FP32),25,k_proj,attn,model.layers.25.self_attn.k_proj.weight,22.462953951457504,22.473176215883036,0.010222264425532757,0.00019759036181406074
adamw_grpo_fp32,AdamW + GRPO (FP32),25,o_proj,attn,model.layers.25.self_attn.o_proj.weight,16296.613319126418,16450.144462969936,153.5311438435183,0.004072355350682928
adamw_grpo_fp32,AdamW + GRPO (FP32),25,q_proj,attn,model.layers.25.self_attn.q_proj.weight,24555.210708810777,22526.721448212684,-2028.489260598093,-0.03744567631589931
adamw_grpo_fp32,AdamW + GRPO (FP32),25,v_proj,attn,model.layers.25.self_attn.v_proj.weight,4.337190824833435,4.337102598265283,-8.822656815166141e-05,-8.834451369795832e-06
adamw_grpo_fp32,AdamW + GRPO (FP32),26,down_proj,mlp,model.layers.26.mlp.down_proj.weight,8.741682232718533,8.742963709912905,0.0012814771943716607,6.366025105949093e-05
adamw_grpo_fp32,AdamW + GRPO (FP32),26,gate_proj,mlp,model.layers.26.mlp.gate_proj.weight,20.0336868429297,20.033495122292933,-0.00019172063676720086,-4.156180221907744e-06
adamw_grpo_fp32,AdamW + GRPO (FP32),26,up_proj,mlp,model.layers.26.mlp.up_proj.weight,18.54966977174175,18.547369981618584,-0.002299790123167611,-5.3847216271000174e-05
adamw_grpo_fp32,AdamW + GRPO (FP32),26,k_proj,attn,model.layers.26.self_attn.k_proj.weight,18.924022446774764,18.958018684470822,0.03399623769605853,0.0007794924433617372
adamw_grpo_fp32,AdamW + GRPO (FP32),26,o_proj,attn,model.layers.26.self_attn.o_proj.weight,32723.99759321507,32608.703610339373,-115.29398287569711,-0.00153281868392113
adamw_grpo_fp32,AdamW + GRPO (FP32),26,q_proj,attn,model.layers.26.self_attn.q_proj.weight,48120.87790718429,59760.7654155474,11639.887508363114,0.0940826093669002
adamw_grpo_fp32,AdamW + GRPO (FP32),26,v_proj,attn,model.layers.26.self_attn.v_proj.weight,4.835564685889436,4.8317252817222744,-0.00383940416716122,-0.0003449637151362268
adamw_grpo_fp32,AdamW + GRPO (FP32),27,down_proj,mlp,model.layers.27.mlp.down_proj.weight,11.983131396493501,11.961116512340505,-0.022014884152996572,-0.0007986006023547645
adamw_grpo_fp32,AdamW + GRPO (FP32),27,gate_proj,mlp,model.layers.27.mlp.gate_proj.weight,34.01131673372879,34.00975088401717,-0.0015658497116177728,-1.99949784142671e-05
adamw_grpo_fp32,AdamW + GRPO (FP32),27,up_proj,mlp,model.layers.27.mlp.up_proj.weight,27.05991417573715,27.060133165552656,0.00021898981550805274,3.5146336021723537e-06
adamw_grpo_fp32,AdamW + GRPO (FP32),27,k_proj,attn,model.layers.27.self_attn.k_proj.weight,16.960271595775623,16.943212619938265,-0.017058975837358048,-0.0004370417890484632
adamw_grpo_fp32,AdamW + GRPO (FP32),27,o_proj,attn,model.layers.27.self_attn.o_proj.weight,99634.79632267175,114162.96678536652,14528.170462694761,0.05911420904966512
adamw_grpo_fp32,AdamW + GRPO (FP32),27,q_proj,attn,model.layers.27.self_attn.q_proj.weight,91711.44628086085,81353.9173580697,-10357.528922791156,-0.05204507233587782
adamw_grpo_fp32,AdamW + GRPO (FP32),27,v_proj,attn,model.layers.27.self_attn.v_proj.weight,7.853791579470053,7.849177294916179,-0.004614284553873915,-0.000255233057313868
adamw_grpo_fp32,AdamW + GRPO (FP32),3,down_proj,mlp,model.layers.3.mlp.down_proj.weight,10.758270959803003,10.762709216905067,0.004438257102064469,0.00017912851368236492
adamw_grpo_fp32,AdamW + GRPO (FP32),3,gate_proj,mlp,model.layers.3.mlp.gate_proj.weight,13.999766940935217,14.000250848047218,0.00048390711200063663,1.5011289642792373e-05
adamw_grpo_fp32,AdamW + GRPO (FP32),3,up_proj,mlp,model.layers.3.mlp.up_proj.weight,7.592358408260811,7.591685621280479,-0.0006727869803322406,-3.8486146731062526e-05
adamw_grpo_fp32,AdamW + GRPO (FP32),3,k_proj,attn,model.layers.3.self_attn.k_proj.weight,15.502942945207748,15.505643602221653,0.0027006570139054276,7.564875231087053e-05
adamw_grpo_fp32,AdamW + GRPO (FP32),3,o_proj,attn,model.layers.3.self_attn.o_proj.weight,16528.241725287102,18607.8346916673,2079.592966380198,0.051469183442735766
adamw_grpo_fp32,AdamW + GRPO (FP32),3,q_proj,attn,model.layers.3.self_attn.q_proj.weight,75355.26316454641,63522.83601092974,-11832.42715361667,-0.07418371170997515
adamw_grpo_fp32,AdamW + GRPO (FP32),3,v_proj,attn,model.layers.3.self_attn.v_proj.weight,3.891617107326821,3.8918637556094122,0.0002466482825913552,2.7524443118056675e-05
adamw_grpo_fp32,AdamW + GRPO (FP32),4,down_proj,mlp,model.layers.4.mlp.down_proj.weight,11.15720155550664,11.165086310666954,0.007884755160313617,0.000306805988725246
adamw_grpo_fp32,AdamW + GRPO (FP32),4,gate_proj,mlp,model.layers.4.mlp.gate_proj.weight,17.495981170242754,17.49490147912063,-0.0010796911221220284,-2.680149005355062e-05
adamw_grpo_fp32,AdamW + GRPO (FP32),4,up_proj,mlp,model.layers.4.mlp.up_proj.weight,8.782003015120793,8.781253520908885,-0.0007494942119077308,-3.706615569610626e-05
adamw_grpo_fp32,AdamW + GRPO (FP32),4,k_proj,attn,model.layers.4.self_attn.k_proj.weight,23.93670634239095,23.91144502886192,-0.02526131352902894,-0.0004585694442177749
adamw_grpo_fp32,AdamW + GRPO (FP32),4,o_proj,attn,model.layers.4.self_attn.o_proj.weight,8582.208719375358,9491.388211714468,909.1794923391099,0.043730664672320445
adamw_grpo_fp32,AdamW + GRPO (FP32),4,q_proj,attn,model.layers.4.self_attn.q_proj.weight,19385.367499083055,20299.590291278095,914.2227921950398,0.02001323401056686
adamw_grpo_fp32,AdamW + GRPO (FP32),4,v_proj,attn,model.layers.4.self_attn.v_proj.weight,3.7875720759658726,3.787674383862548,0.00010230789667531326,1.1730774759466681e-05
adamw_grpo_fp32,AdamW + GRPO (FP32),5,down_proj,mlp,model.layers.5.mlp.down_proj.weight,12.388049471794826,12.389064942203905,0.0010154704090794553,3.559843071937382e-05
adamw_grpo_fp32,AdamW + GRPO (FP32),5,gate_proj,mlp,model.layers.5.mlp.gate_proj.weight,20.634483011844836,20.635519665325564,0.0010366534807282335,2.1817923780785626e-05
adamw_grpo_fp32,AdamW + GRPO (FP32),5,up_proj,mlp,model.layers.5.mlp.up_proj.weight,8.094579137228608,8.09568116752695,0.0011020302983411057,5.9122666243758365e-05
adamw_grpo_fp32,AdamW + GRPO (FP32),5,k_proj,attn,model.layers.5.self_attn.k_proj.weight,22.35050954040556,22.339534962304544,-0.010974578101016874,-0.00021330024882870775
adamw_grpo_fp32,AdamW + GRPO (FP32),5,o_proj,attn,model.layers.5.self_attn.o_proj.weight,14934.50156341116,13567.993752762812,-1366.5078106483488,-0.04167509772705159
adamw_grpo_fp32,AdamW + GRPO (FP32),5,q_proj,attn,model.layers.5.self_attn.q_proj.weight,14969.234018258956,14475.363967268822,-493.8700509901337,-0.014570085489118664
adamw_grpo_fp32,AdamW + GRPO (FP32),5,v_proj,attn,model.layers.5.self_attn.v_proj.weight,3.3558693468749854,3.355993161754332,0.0001238148793465399,1.6023009653300747e-05
adamw_grpo_fp32,AdamW + GRPO (FP32),6,down_proj,mlp,model.layers.6.mlp.down_proj.weight,9.162314837809912,9.163922412566501,0.0016075747565889031,7.619249257617527e-05
adamw_grpo_fp32,AdamW + GRPO (FP32),6,gate_proj,mlp,model.layers.6.mlp.gate_proj.weight,19.228406692239826,19.226051149688022,-0.002355542551804035,-5.3205749909206404e-05
adamw_grpo_fp32,AdamW + GRPO (FP32),6,up_proj,mlp,model.layers.6.mlp.up_proj.weight,7.421489572866498,7.420375536799,-0.0011140360674977146,-6.519661970908745e-05
adamw_grpo_fp32,AdamW + GRPO (FP32),6,k_proj,attn,model.layers.6.self_attn.k_proj.weight,22.193674123897594,22.19886477818892,0.005190654291325814,0.00010156087406650668
adamw_grpo_fp32,AdamW + GRPO (FP32),6,o_proj,attn,model.layers.6.self_attn.o_proj.weight,70513.61868597266,84007.37580032749,13493.757114354827,0.07604441575452955
adamw_grpo_fp32,AdamW + GRPO (FP32),6,q_proj,attn,model.layers.6.self_attn.q_proj.weight,18604.75910456698,18638.79832220346,34.039217636480316,0.0007938580267540249
adamw_grpo_fp32,AdamW + GRPO (FP32),6,v_proj,attn,model.layers.6.self_attn.v_proj.weight,3.2802787964379356,3.280282560343453,3.7639055174842895e-06,4.98324246297035e-07
adamw_grpo_fp32,AdamW + GRPO (FP32),7,down_proj,mlp,model.layers.7.mlp.down_proj.weight,7.967968298583799,7.968177406058957,0.00020910747515756611,1.139726308654666e-05
adamw_grpo_fp32,AdamW + GRPO (FP32),7,gate_proj,mlp,model.layers.7.mlp.gate_proj.weight,16.82272426896548,16.823432083168367,0.0007078142028866807,1.8272506336477782e-05
adamw_grpo_fp32,AdamW + GRPO (FP32),7,up_proj,mlp,model.layers.7.mlp.up_proj.weight,8.451906164480205,8.451995691278341,8.95267981366743e-05,4.600239015245587e-06
adamw_grpo_fp32,AdamW + GRPO (FP32),7,k_proj,attn,model.layers.7.self_attn.k_proj.weight,30.442592542837964,30.444008895681428,0.0014163528434636419,2.020524088792088e-05
adamw_grpo_fp32,AdamW + GRPO (FP32),7,o_proj,attn,model.layers.7.self_attn.o_proj.weight,9457.463639954845,9104.948441644194,-352.5151983106516,-0.01649718941513286
adamw_grpo_fp32,AdamW + GRPO (FP32),7,q_proj,attn,model.layers.7.self_attn.q_proj.weight,9030.470682093728,8911.931844151399,-118.53883794232934,-0.005738530518130399
adamw_grpo_fp32,AdamW + GRPO (FP32),7,v_proj,attn,model.layers.7.self_attn.v_proj.weight,4.6148320901395445,4.615156904068245,0.00032481392870042924,3.056664466811388e-05
adamw_grpo_fp32,AdamW + GRPO (FP32),8,down_proj,mlp,model.layers.8.mlp.down_proj.weight,8.059006885143106,8.061757539245662,0.0027506541025559272,0.00014820561587645158
adamw_grpo_fp32,AdamW + GRPO (FP32),8,gate_proj,mlp,model.layers.8.mlp.gate_proj.weight,15.70276662952571,15.703983733062463,0.0012171035367529726,3.3660365627022886e-05
adamw_grpo_fp32,AdamW + GRPO (FP32),8,up_proj,mlp,model.layers.8.mlp.up_proj.weight,11.03707620181019,11.03844850419025,0.0013723023800586986,5.399494325654717e-05
adamw_grpo_fp32,AdamW + GRPO (FP32),8,k_proj,attn,model.layers.8.self_attn.k_proj.weight,26.24428190856445,26.2383910723442,-0.00589083622024944,-9.749342134018828e-05
adamw_grpo_fp32,AdamW + GRPO (FP32),8,o_proj,attn,model.layers.8.self_attn.o_proj.weight,8728.55329977634,8845.239442994696,116.68614321835594,0.005767325652514801
adamw_grpo_fp32,AdamW + GRPO (FP32),8,q_proj,attn,model.layers.8.self_attn.q_proj.weight,20459.276858621644,19926.8966868172,-532.3801718044451,-0.011450610173562805
adamw_grpo_fp32,AdamW + GRPO (FP32),8,v_proj,attn,model.layers.8.self_attn.v_proj.weight,2.614956506444022,2.6146386380684183,-0.00031786837560376924,-5.2795093253516954e-05
adamw_grpo_fp32,AdamW + GRPO (FP32),9,down_proj,mlp,model.layers.9.mlp.down_proj.weight,11.96143651469935,11.961883362234355,0.00044684753500412455,1.6223786642064087e-05
adamw_grpo_fp32,AdamW + GRPO (FP32),9,gate_proj,mlp,model.layers.9.mlp.gate_proj.weight,17.04541620966512,17.044269184400605,-0.0011470252645153778,-2.9225657990822173e-05
adamw_grpo_fp32,AdamW + GRPO (FP32),9,up_proj,mlp,model.layers.9.mlp.up_proj.weight,8.607523542303687,8.608322825545269,0.0007992832415819606,4.0326138387763454e-05
adamw_grpo_fp32,AdamW + GRPO (FP32),9,k_proj,attn,model.layers.9.self_attn.k_proj.weight,29.979145885547403,29.975796040304992,-0.00334984524241122,-4.853042163970559e-05
adamw_grpo_fp32,AdamW + GRPO (FP32),9,o_proj,attn,model.layers.9.self_attn.o_proj.weight,26480.436490575365,22746.07041842387,-3734.3660721514934,-0.06601876020191862
adamw_grpo_fp32,AdamW + GRPO (FP32),9,q_proj,attn,model.layers.9.self_attn.q_proj.weight,35295.52653603585,39417.88739221865,4122.360856182793,0.04797367943434651
adamw_grpo_fp32,AdamW + GRPO (FP32),9,v_proj,attn,model.layers.9.self_attn.v_proj.weight,3.911800039733773,3.9121346942560953,0.0003346545223221753,3.71523069704748e-05
adamw_grpo_bf16,AdamW + GRPO (BF16),-1,embed,embed,model.embed_tokens.weight,69.18641058154057,69.18701239736127,0.0006018158207012902,3.777680488464225e-06
adamw_grpo_bf16,AdamW + GRPO (BF16),0,down_proj,mlp,model.layers.0.mlp.down_proj.weight,10.546793843948734,10.547083603010856,0.0002897590621220303,1.1931496433994757e-05
adamw_grpo_bf16,AdamW + GRPO (BF16),0,gate_proj,mlp,model.layers.0.mlp.gate_proj.weight,50.790417231602824,50.78366060074325,-0.006756630859577228,-5.777788123744154e-05
adamw_grpo_bf16,AdamW + GRPO (BF16),0,up_proj,mlp,model.layers.0.mlp.up_proj.weight,30.557746350661454,30.55501783408827,-0.0027285165731818495,-3.878010455293082e-05
adamw_grpo_bf16,AdamW + GRPO (BF16),0,k_proj,attn,model.layers.0.self_attn.k_proj.weight,18.73935745084044,18.739266416399275,-9.103444116576043e-05,-2.109776260790515e-06
adamw_grpo_bf16,AdamW + GRPO (BF16),0,o_proj,attn,model.layers.0.self_attn.o_proj.weight,38555.79005042446,47282.820281410604,8727.030230986144,0.08861376631424596
adamw_grpo_bf16,AdamW + GRPO (BF16),0,q_proj,attn,model.layers.0.self_attn.q_proj.weight,184976.8751259078,185417.52774759103,440.65262168322806,0.001033347646914982
adamw_grpo_bf16,AdamW + GRPO (BF16),0,v_proj,attn,model.layers.0.self_attn.v_proj.weight,7.7755061789352835,7.774856501667939,-0.0006496772673445506,-3.6288703766614276e-05
adamw_grpo_bf16,AdamW + GRPO (BF16),1,down_proj,mlp,model.layers.1.mlp.down_proj.weight,8.998430005007657,8.998721661052889,0.0002916560452312922,1.4076073082975758e-05
adamw_grpo_bf16,AdamW + GRPO (BF16),1,gate_proj,mlp,model.layers.1.mlp.gate_proj.weight,33.91668364456576,33.9184391219871,0.0017554774213408564,2.2477858851610824e-05
adamw_grpo_bf16,AdamW + GRPO (BF16),1,up_proj,mlp,model.layers.1.mlp.up_proj.weight,37.735381088331756,37.73443727978823,-0.0009438085435249377,-1.086237786999494e-05
adamw_grpo_bf16,AdamW + GRPO (BF16),1,k_proj,attn,model.layers.1.self_attn.k_proj.weight,30.087513316132128,30.08814370649731,0.0006303903651811993,9.09919627305281e-06
adamw_grpo_bf16,AdamW + GRPO (BF16),1,o_proj,attn,model.layers.1.self_attn.o_proj.weight,49034.98587834326,48898.985062339205,-136.00081600405247,-0.0012062094761580483
adamw_grpo_bf16,AdamW + GRPO (BF16),1,q_proj,attn,model.layers.1.self_attn.q_proj.weight,1074758.1049613138,2079793.932425361,1005035.8274640471,0.28670957796357205
adamw_grpo_bf16,AdamW + GRPO (BF16),1,v_proj,attn,model.layers.1.self_attn.v_proj.weight,3.341969736117407,3.3420507444936893,8.10083762821101e-05,1.0527044586709261e-05
adamw_grpo_bf16,AdamW + GRPO (BF16),10,down_proj,mlp,model.layers.10.mlp.down_proj.weight,13.491719978091211,13.49169676475263,-2.3213338581129506e-05,-7.472311567275232e-07
adamw_grpo_bf16,AdamW + GRPO (BF16),10,gate_proj,mlp,model.layers.10.mlp.gate_proj.weight,16.210019773701827,16.20965540052557,-0.00036437317625725996,-9.762297676222538e-06
adamw_grpo_bf16,AdamW + GRPO (BF16),10,up_proj,mlp,model.layers.10.mlp.up_proj.weight,8.538043575643336,8.53800446789354,-3.9107749795874724e-05,-1.989251833078291e-06
adamw_grpo_bf16,AdamW + GRPO (BF16),10,k_proj,attn,model.layers.10.self_attn.k_proj.weight,24.034098760920294,24.035380884946218,0.0012821240259235367,2.3167273447021923e-05
adamw_grpo_bf16,AdamW + GRPO (BF16),10,o_proj,attn,model.layers.10.self_attn.o_proj.weight,15508.710116684786,16064.016869132534,555.3067524477483,0.015278473151692154
adamw_grpo_bf16,AdamW + GRPO (BF16),10,q_proj,attn,model.layers.10.self_attn.q_proj.weight,12813.850813777506,12907.827348257415,93.97653447990888,0.00317348438155888
adamw_grpo_bf16,AdamW + GRPO (BF16),10,v_proj,attn,model.layers.10.self_attn.v_proj.weight,3.2994636012714755,3.2994740488127317,1.0447541256120019e-05,1.375163627126894e-06
adamw_grpo_bf16,AdamW + GRPO (BF16),11,down_proj,mlp,model.layers.11.mlp.down_proj.weight,16.054627449194015,16.054746226931492,0.00011877773747670517,3.2130502749759065e-06
adamw_grpo_bf16,AdamW + GRPO (BF16),11,gate_proj,mlp,model.layers.11.mlp.gate_proj.weight,13.225697438590451,13.226490784718205,0.0007933461277538356,2.6050460757194527e-05
adamw_grpo_bf16,AdamW + GRPO (BF16),11,up_proj,mlp,model.layers.11.mlp.up_proj.weight,6.605510357941471,6.605615200620181,0.00010484267871024855,6.893068517318e-06
adamw_grpo_bf16,AdamW + GRPO (BF16),11,k_proj,attn,model.layers.11.self_attn.k_proj.weight,21.610944081803808,21.610973050756,2.8968952193508812e-05,5.821609460924436e-07
adamw_grpo_bf16,AdamW + GRPO (BF16),11,o_proj,attn,model.layers.11.self_attn.o_proj.weight,139258.46738802953,163896.74541684007,24638.278028810542,0.07074871841520082
adamw_grpo_bf16,AdamW + GRPO (BF16),11,q_proj,attn,model.layers.11.self_attn.q_proj.weight,28543.812668067454,27652.223772590958,-891.588895476496,-0.013781919742461709
adamw_grpo_bf16,AdamW + GRPO (BF16),11,v_proj,attn,model.layers.11.self_attn.v_proj.weight,2.8678401021237847,2.8678672806298655,2.7178506080804965e-05,4.115787096425225e-06
adamw_grpo_bf16,AdamW + GRPO (BF16),12,down_proj,mlp,model.layers.12.mlp.down_proj.weight,14.145448240851502,14.145577600831253,0.00012935997975027647,3.971600443192533e-06
adamw_grpo_bf16,AdamW + GRPO (BF16),12,gate_proj,mlp,model.layers.12.mlp.gate_proj.weight,18.888272791501652,18.889040966631736,0.0007681751300836481,1.7662146245327034e-05
adamw_grpo_bf16,AdamW + GRPO (BF16),12,up_proj,mlp,model.layers.12.mlp.up_proj.weight,8.061255117094625,8.061252633205441,-2.483889183224619e-06,-1.338178132896892e-07
adamw_grpo_bf16,AdamW + GRPO (BF16),12,k_proj,attn,model.layers.12.self_attn.k_proj.weight,20.867707840632306,20.867445920423105,-0.0002619202092013495,-5.451064213525245e-06
adamw_grpo_bf16,AdamW + GRPO (BF16),12,o_proj,attn,model.layers.12.self_attn.o_proj.weight,102000.14319866779,91513.8242334338,-10486.318965233993,-0.04711407718833545
adamw_grpo_bf16,AdamW + GRPO (BF16),12,q_proj,attn,model.layers.12.self_attn.q_proj.weight,14798.684955393119,15185.500865469445,386.81591007632596,0.011205996165414641
adamw_grpo_bf16,AdamW + GRPO (BF16),12,v_proj,attn,model.layers.12.self_attn.v_proj.weight,2.550671517667282,2.550731838776507,6.032110922538081e-05,1.0270556178222094e-05
adamw_grpo_bf16,AdamW + GRPO (BF16),13,down_proj,mlp,model.layers.13.mlp.down_proj.weight,30.005646690345184,30.00594572479241,0.00029903444722734207,4.328130786176143e-06
adamw_grpo_bf16,AdamW + GRPO (BF16),13,gate_proj,mlp,model.layers.13.mlp.gate_proj.weight,12.316046719506732,12.316710851770727,0.0006641322639957536,2.341832632769374e-05
adamw_grpo_bf16,AdamW + GRPO (BF16),13,up_proj,mlp,model.layers.13.mlp.up_proj.weight,6.311217662216599,6.310861679556498,-0.00035598266010072876,-2.4496962947203154e-05
adamw_grpo_bf16,AdamW + GRPO (BF16),13,k_proj,attn,model.layers.13.self_attn.k_proj.weight,41.906820743475016,41.90596853765027,-0.0008522058247493192,-8.83178546667155e-06
adamw_grpo_bf16,AdamW + GRPO (BF16),13,o_proj,attn,model.layers.13.self_attn.o_proj.weight,9641.296136551193,9515.109130846706,-126.18700570448709,-0.005721648938450116
adamw_grpo_bf16,AdamW + GRPO (BF16),13,q_proj,attn,model.layers.13.self_attn.q_proj.weight,57124.68510683214,55542.68352386128,-1582.0015829708645,-0.012196960391127793
adamw_grpo_bf16,AdamW + GRPO (BF16),13,v_proj,attn,model.layers.13.self_attn.v_proj.weight,3.7001013163270056,3.700196667141746,9.535081474032481e-05,1.119153114689843e-05
adamw_grpo_bf16,AdamW + GRPO (BF16),14,down_proj,mlp,model.layers.14.mlp.down_proj.weight,12.14858893422566,12.148596662360273,7.728134612250415e-06,2.7626954606855156e-07
adamw_grpo_bf16,AdamW + GRPO (BF16),14,gate_proj,mlp,model.layers.14.mlp.gate_proj.weight,13.416229041756727,13.416031092463317,-0.0001979492934101046,-6.407830380033807e-06
adamw_grpo_bf16,AdamW + GRPO (BF16),14,up_proj,mlp,model.layers.14.mlp.up_proj.weight,6.92702720942221,6.926829445343259,-0.0001977640789512236,-1.2399124713567167e-05
adamw_grpo_bf16,AdamW + GRPO (BF16),14,k_proj,attn,model.layers.14.self_attn.k_proj.weight,23.136335100841148,23.13634200377588,6.9029347322668855e-06,1.2957566542899564e-07
adamw_grpo_bf16,AdamW + GRPO (BF16),14,o_proj,attn,model.layers.14.self_attn.o_proj.weight,6453.263467239998,6542.151911768596,88.88844452859757,0.005941228023184252
adamw_grpo_bf16,AdamW + GRPO (BF16),14,q_proj,attn,model.layers.14.self_attn.q_proj.weight,12016.462412922161,11848.011425584784,-168.45098733737723,-0.006131168012638251
adamw_grpo_bf16,AdamW + GRPO (BF16),14,v_proj,attn,model.layers.14.self_attn.v_proj.weight,6.809948120874071,6.80980574128387,-0.00014237959020135804,-9.08014505816276e-06
adamw_grpo_bf16,AdamW + GRPO (BF16),15,down_proj,mlp,model.layers.15.mlp.down_proj.weight,12.83113835849419,12.831002153657575,-0.00013620483661469507,-4.610138341574425e-06
adamw_grpo_bf16,AdamW + GRPO (BF16),15,gate_proj,mlp,model.layers.15.mlp.gate_proj.weight,16.831657108500657,16.830891842058488,-0.0007652664421691213,-1.9746038457474483e-05
adamw_grpo_bf16,AdamW + GRPO (BF16),15,up_proj,mlp,model.layers.15.mlp.up_proj.weight,9.399973299687645,9.399831322602113,-0.0001419770855317637,-6.559628256063488e-06
adamw_grpo_bf16,AdamW + GRPO (BF16),15,k_proj,attn,model.layers.15.self_attn.k_proj.weight,25.442585553328566,25.441600635699558,-0.0009849176290082085,-1.6812464677003162e-05
adamw_grpo_bf16,AdamW + GRPO (BF16),15,o_proj,attn,model.layers.15.self_attn.o_proj.weight,29248.74824238646,29275.247152287135,26.498909900674334,0.0003932859011135464
adamw_grpo_bf16,AdamW + GRPO (BF16),15,q_proj,attn,model.layers.15.self_attn.q_proj.weight,23869.157071525828,24898.601607273762,1029.4445357479344,0.018337873915955066
adamw_grpo_bf16,AdamW + GRPO (BF16),15,v_proj,attn,model.layers.15.self_attn.v_proj.weight,3.3575600712900404,3.357550234866959,-9.836423081388546e-06,-1.2723258654529075e-06
adamw_grpo_bf16,AdamW + GRPO (BF16),16,down_proj,mlp,model.layers.16.mlp.down_proj.weight,9.686499227673869,9.686312754332308,-0.0001864733415608555,-8.360618307728979e-06
adamw_grpo_bf16,AdamW + GRPO (BF16),16,gate_proj,mlp,model.layers.16.mlp.gate_proj.weight,12.919883539201004,12.919853953151984,-2.9586049020480232e-05,-9.945192233391502e-07
adamw_grpo_bf16,AdamW + GRPO (BF16),16,up_proj,mlp,model.layers.16.mlp.up_proj.weight,6.159145316251316,6.159820147104032,0.00067483085271558,4.758115715432933e-05
adamw_grpo_bf16,AdamW + GRPO (BF16),16,k_proj,attn,model.layers.16.self_attn.k_proj.weight,20.671141321487564,20.6719315173557,0.0007901958681344468,1.660146097672674e-05
adamw_grpo_bf16,AdamW + GRPO (BF16),16,o_proj,attn,model.layers.16.self_attn.o_proj.weight,41529.00729033527,39459.038422519494,-2069.9688678157763,-0.022205052134801645
adamw_grpo_bf16,AdamW + GRPO (BF16),16,q_proj,attn,model.layers.16.self_attn.q_proj.weight,103943.38985456145,98259.42850832955,-5683.961346231896,-0.024422642265887713
adamw_grpo_bf16,AdamW + GRPO (BF16),16,v_proj,attn,model.layers.16.self_attn.v_proj.weight,2.78870242790059,2.7887030016881003,5.737875103939416e-07,8.935794707541507e-08
adamw_grpo_bf16,AdamW + GRPO (BF16),17,down_proj,mlp,model.layers.17.mlp.down_proj.weight,6.7996349709306605,6.799594741558418,-4.022937224235079e-05,-2.5694682338380544e-06
adamw_grpo_bf16,AdamW + GRPO (BF16),17,gate_proj,mlp,model.layers.17.mlp.gate_proj.weight,17.968770886906377,17.968141759988868,-0.0006291269175093817,-1.5205888797600394e-05
adamw_grpo_bf16,AdamW + GRPO (BF16),17,up_proj,mlp,model.layers.17.mlp.up_proj.weight,12.572357420855843,12.572816759125285,0.00045933826944200007,1.586690745028409e-05
adamw_grpo_bf16,AdamW + GRPO (BF16),17,k_proj,attn,model.layers.17.self_attn.k_proj.weight,15.488632202364206,15.489066441645235,0.0004342392810290363,1.2175709096777254e-05
adamw_grpo_bf16,AdamW + GRPO (BF16),17,o_proj,attn,model.layers.17.self_attn.o_proj.weight,57591.66094582242,59273.28234580195,1681.621399979529,0.012499373824242882
adamw_grpo_bf16,AdamW + GRPO (BF16),17,q_proj,attn,model.layers.17.self_attn.q_proj.weight,13024.993728263826,13047.016366215208,22.02263795138242,0.0007336843135047702
adamw_grpo_bf16,AdamW + GRPO (BF16),17,v_proj,attn,model.layers.17.self_attn.v_proj.weight,4.045377579425002,4.045421457818953,4.38783939502585e-05,4.710571670324003e-06
adamw_grpo_bf16,AdamW + GRPO (BF16),18,down_proj,mlp,model.layers.18.mlp.down_proj.weight,6.643981466821017,6.643990519850429,9.05302941234254e-06,5.917653532878814e-07
adamw_grpo_bf16,AdamW + GRPO (BF16),18,gate_proj,mlp,model.layers.18.mlp.gate_proj.weight,18.455846043796296,18.4556850028501,-0.00016104094619606713,-3.7895580221695786e-06
adamw_grpo_bf16,AdamW + GRPO (BF16),18,up_proj,mlp,model.layers.18.mlp.up_proj.weight,10.672724442726581,10.673585776288691,0.0008613335621099338,3.5047969364914725e-05
adamw_grpo_bf16,AdamW + GRPO (BF16),18,k_proj,attn,model.layers.18.self_attn.k_proj.weight,22.852605445749074,22.8518488555045,-0.0007565902445740846,-1.4378597155744814e-05
adamw_grpo_bf16,AdamW + GRPO (BF16),18,o_proj,attn,model.layers.18.self_attn.o_proj.weight,21937.349567301397,22351.229901465522,413.8803341641251,0.008117269967204235
adamw_grpo_bf16,AdamW + GRPO (BF16),18,q_proj,attn,model.layers.18.self_attn.q_proj.weight,33741.713223670544,33713.28572905395,-28.42749461659696,-0.0003660486240867577
adamw_grpo_bf16,AdamW + GRPO (BF16),18,v_proj,attn,model.layers.18.self_attn.v_proj.weight,2.1434580875579408,2.143459255724136,1.1681661953311107e-06,2.366866874265112e-07
adamw_grpo_bf16,AdamW + GRPO (BF16),19,down_proj,mlp,model.layers.19.mlp.down_proj.weight,7.114441587440737,7.114524308331534,8.272089079675027e-05,5.049590627298335e-06
adamw_grpo_bf16,AdamW + GRPO (BF16),19,gate_proj,mlp,model.layers.19.mlp.gate_proj.weight,18.805480505433707,18.805176137831726,-0.0003043676019807151,-7.029133857824394e-06
adamw_grpo_bf16,AdamW + GRPO (BF16),19,up_proj,mlp,model.layers.19.mlp.up_proj.weight,10.390484231630769,10.390415019509444,-6.921212132482424e-05,-2.8928914008082664e-06
adamw_grpo_bf16,AdamW + GRPO (BF16),19,k_proj,attn,model.layers.19.self_attn.k_proj.weight,22.401692950673606,22.401613398892472,-7.955178113405736e-05,-1.5422477664080823e-06
adamw_grpo_bf16,AdamW + GRPO (BF16),19,o_proj,attn,model.layers.19.self_attn.o_proj.weight,24022.826455842358,24662.8104533876,639.9839975452414,0.011418461259275854
adamw_grpo_bf16,AdamW + GRPO (BF16),19,q_proj,attn,model.layers.19.self_attn.q_proj.weight,25682.89091427411,25199.84883518321,-483.0420790909011,-0.008245971534920593
adamw_grpo_bf16,AdamW + GRPO (BF16),19,v_proj,attn,model.layers.19.self_attn.v_proj.weight,3.008918396896258,3.008912768343216,-5.6285530418698215e-06,-8.124021628605167e-07
adamw_grpo_bf16,AdamW + GRPO (BF16),2,down_proj,mlp,model.layers.2.mlp.down_proj.weight,13.20255066881167,13.203217384630426,0.0006667158187561029,2.1930890293323315e-05
adamw_grpo_bf16,AdamW + GRPO (BF16),2,gate_proj,mlp,model.layers.2.mlp.gate_proj.weight,17.38657445257771,17.386302362633216,-0.00027208994449523516,-6.796513392092082e-06
adamw_grpo_bf16,AdamW + GRPO (BF16),2,up_proj,mlp,model.layers.2.mlp.up_proj.weight,8.916099391549464,8.915316857357547,-0.0007825341919165396,-3.811814798379933e-05
adamw_grpo_bf16,AdamW + GRPO (BF16),2,k_proj,attn,model.layers.2.self_attn.k_proj.weight,17.246031056628958,17.246482690836505,0.00045163420754690264,1.1373032746990479e-05
adamw_grpo_bf16,AdamW + GRPO (BF16),2,o_proj,attn,model.layers.2.self_attn.o_proj.weight,31093.030750193404,29931.99607492937,-1161.0346752640326,-0.016527376760087097
adamw_grpo_bf16,AdamW + GRPO (BF16),2,q_proj,attn,model.layers.2.self_attn.q_proj.weight,24610.069351651575,24487.508785345206,-122.56056630636886,-0.002168232740807056
adamw_grpo_bf16,AdamW + GRPO (BF16),2,v_proj,attn,model.layers.2.self_attn.v_proj.weight,3.1911166787384015,3.1912096141096304,9.293537122889717e-05,1.2647839376800038e-05
adamw_grpo_bf16,AdamW + GRPO (BF16),20,down_proj,mlp,model.layers.20.mlp.down_proj.weight,7.516513788547348,7.516616220750925,0.00010243220357697425,5.918360415433698e-06
adamw_grpo_bf16,AdamW + GRPO (BF16),20,gate_proj,mlp,model.layers.20.mlp.gate_proj.weight,19.204884886797178,19.205171918517845,0.00028703172066713023,6.490815311739145e-06
adamw_grpo_bf16,AdamW + GRPO (BF16),20,up_proj,mlp,model.layers.20.mlp.up_proj.weight,11.187456334212877,11.187883561925943,0.0004272277130663582,1.6584564899078807e-05
adamw_grpo_bf16,AdamW + GRPO (BF16),20,k_proj,attn,model.layers.20.self_attn.k_proj.weight,22.072850031907265,22.073189691512006,0.00033965960474091617,6.6829229978864084e-06
adamw_grpo_bf16,AdamW + GRPO (BF16),20,o_proj,attn,model.layers.20.self_attn.o_proj.weight,123534.76145527787,122086.41154524141,-1448.349910036457,-0.005121852132466892
adamw_grpo_bf16,AdamW + GRPO (BF16),20,q_proj,attn,model.layers.20.self_attn.q_proj.weight,9243.896257866112,9293.72674836786,49.8304905017485,0.0023348364752823294
adamw_grpo_bf16,AdamW + GRPO (BF16),20,v_proj,attn,model.layers.20.self_attn.v_proj.weight,6.942409244310096,6.942473134218556,6.388990845973552e-05,3.996725926359337e-06
adamw_grpo_bf16,AdamW + GRPO (BF16),21,down_proj,mlp,model.layers.21.mlp.down_proj.weight,9.390981919055381,9.389999657070804,-0.0009822619845767377,-4.5427972797370534e-05
adamw_grpo_bf16,AdamW + GRPO (BF16),21,gate_proj,mlp,model.layers.21.mlp.gate_proj.weight,17.629945642520745,17.630690291865264,0.0007446493445186775,1.8343237026575424e-05
adamw_grpo_bf16,AdamW + GRPO (BF16),21,up_proj,mlp,model.layers.21.mlp.up_proj.weight,8.16699577216017,8.167309702861235,0.0003139307010648906,1.6693500852871764e-05
adamw_grpo_bf16,AdamW + GRPO (BF16),21,k_proj,attn,model.layers.21.self_attn.k_proj.weight,29.992183020775197,29.99091876012603,-0.0012642606491688468,-1.830720344235379e-05
adamw_grpo_bf16,AdamW + GRPO (BF16),21,o_proj,attn,model.layers.21.self_attn.o_proj.weight,298850.6543733745,453054.17426857934,154203.51989520487,0.18069592506677434
adamw_grpo_bf16,AdamW + GRPO (BF16),21,q_proj,attn,model.layers.21.self_attn.q_proj.weight,14032.644030663625,14131.786988088677,99.14295742505237,0.0030575740833526806
adamw_grpo_bf16,AdamW + GRPO (BF16),21,v_proj,attn,model.layers.21.self_attn.v_proj.weight,4.366601968716395,4.366597887305532,-4.081410863499002e-06,-4.059300704290676e-07
adamw_grpo_bf16,AdamW + GRPO (BF16),22,down_proj,mlp,model.layers.22.mlp.down_proj.weight,9.904782336268656,9.904572435710232,-0.00020990055842418087,-9.203596515380336e-06
adamw_grpo_bf16,AdamW + GRPO (BF16),22,gate_proj,mlp,model.layers.22.mlp.gate_proj.weight,22.904187063530273,22.9033518620194,-0.0008352015108741284,-1.58368432794196e-05
adamw_grpo_bf16,AdamW + GRPO (BF16),22,up_proj,mlp,model.layers.22.mlp.up_proj.weight,12.79968858450657,12.798996980312285,-0.0006916041942854889,-2.3466820946869057e-05
adamw_grpo_bf16,AdamW + GRPO (BF16),22,k_proj,attn,model.layers.22.self_attn.k_proj.weight,20.39377999771742,20.393762430567048,-1.756715037259937e-05,-3.741003264759869e-07
adamw_grpo_bf16,AdamW + GRPO (BF16),22,o_proj,attn,model.layers.22.self_attn.o_proj.weight,35374.77308841131,34798.55662285518,-576.2164655561282,-0.007132432136993614
adamw_grpo_bf16,AdamW + GRPO (BF16),22,q_proj,attn,model.layers.22.self_attn.q_proj.weight,47977.340735145204,50034.66011085276,2057.319375707557,0.0182347815020502
adamw_grpo_bf16,AdamW + GRPO (BF16),22,v_proj,attn,model.layers.22.self_attn.v_proj.weight,5.233505964972921,5.2334552572876545,-5.070768526671543e-05,-4.207920032182251e-06
adamw_grpo_bf16,AdamW + GRPO (BF16),23,down_proj,mlp,model.layers.23.mlp.down_proj.weight,11.80645745879601,11.806624311590738,0.00016685279472916648,6.137551103824562e-06
adamw_grpo_bf16,AdamW + GRPO (BF16),23,gate_proj,mlp,model.layers.23.mlp.gate_proj.weight,19.84423847022627,19.843924919957633,-0.00031355026863622015,-6.8621543472446585e-06
adamw_grpo_bf16,AdamW + GRPO (BF16),23,up_proj,mlp,model.layers.23.mlp.up_proj.weight,10.79189058648552,10.792816819992533,0.0009262335070125971,3.727250907051806e-05
adamw_grpo_bf16,AdamW + GRPO (BF16),23,k_proj,attn,model.layers.23.self_attn.k_proj.weight,16.001526800630636,16.001314206180652,-0.00021259444998378285,-5.770025010795339e-06
adamw_grpo_bf16,AdamW + GRPO (BF16),23,o_proj,attn,model.layers.23.self_attn.o_proj.weight,13053.866526333686,12751.607504603962,-302.2590217297238,-0.010174231149702326
adamw_grpo_bf16,AdamW + GRPO (BF16),23,q_proj,attn,model.layers.23.self_attn.q_proj.weight,764874.9518123881,913719.0722886076,148844.12047621945,0.0772222513007414
adamw_grpo_bf16,AdamW + GRPO (BF16),23,v_proj,attn,model.layers.23.self_attn.v_proj.weight,4.042193780833294,4.042228369024644,3.458819135016e-05,3.7161494944106933e-06
adamw_grpo_bf16,AdamW + GRPO (BF16),24,down_proj,mlp,model.layers.24.mlp.down_proj.weight,10.013056479364716,10.013373997933224,0.00031751856850803506,1.3771456912709368e-05
adamw_grpo_bf16,AdamW + GRPO (BF16),24,gate_proj,mlp,model.layers.24.mlp.gate_proj.weight,21.0475855955308,21.048503899133806,0.0009183036030044889,1.894780215205478e-05
adamw_grpo_bf16,AdamW + GRPO (BF16),24,up_proj,mlp,model.layers.24.mlp.up_proj.weight,13.895235392599337,13.894585601899585,-0.0006497906997520175,-2.0309631746231904e-05
adamw_grpo_bf16,AdamW + GRPO (BF16),24,k_proj,attn,model.layers.24.self_attn.k_proj.weight,31.211181081905732,31.212503147278312,0.0013220653725802833,1.8395764466722373e-05
adamw_grpo_bf16,AdamW + GRPO (BF16),24,o_proj,attn,model.layers.24.self_attn.o_proj.weight,13596.107700858232,13244.912476135558,-351.19522472267454,-0.01136550338956643
adamw_grpo_bf16,AdamW + GRPO (BF16),24,q_proj,attn,model.layers.24.self_attn.q_proj.weight,119825.2524376554,112028.7881240984,-7796.464313557008,-0.029218714599738845
adamw_grpo_bf16,AdamW + GRPO (BF16),24,v_proj,attn,model.layers.24.self_attn.v_proj.weight,3.6003445004354857,3.6003430361148774,-1.4643206083242433e-06,-1.7663489955231643e-07
adamw_grpo_bf16,AdamW + GRPO (BF16),25,down_proj,mlp,model.layers.25.mlp.down_proj.weight,9.428473935149443,9.428137218248592,-0.0003367169008505755,-1.5510134968464857e-05
adamw_grpo_bf16,AdamW + GRPO (BF16),25,gate_proj,mlp,model.layers.25.mlp.gate_proj.weight,21.338091581274373,21.338575340793298,0.0004837595189250976,9.845852771445908e-06
adamw_grpo_bf16,AdamW + GRPO (BF16),25,up_proj,mlp,model.layers.25.mlp.up_proj.weight,18.112209505291784,18.112860228398876,0.0006507231070926878,1.560275559245369e-05
adamw_grpo_bf16,AdamW + GRPO (BF16),25,k_proj,attn,model.layers.25.self_attn.k_proj.weight,22.462953951457504,22.46390054099529,0.0009465895377864797,1.8300796598925408e-05
adamw_grpo_bf16,AdamW + GRPO (BF16),25,o_proj,attn,model.layers.25.self_attn.o_proj.weight,16296.613319126418,15831.20777777842,-465.4055413479982,-0.012583312006075183
adamw_grpo_bf16,AdamW + GRPO (BF16),25,q_proj,attn,model.layers.25.self_attn.q_proj.weight,24555.210708810777,24381.779335594892,-173.43137321588438,-0.0030782687551942642
adamw_grpo_bf16,AdamW + GRPO (BF16),25,v_proj,attn,model.layers.25.self_attn.v_proj.weight,4.337190824833435,4.337211460734709,2.0635901273990953e-05,2.0663229020706327e-06
adamw_grpo_bf16,AdamW + GRPO (BF16),26,down_proj,mlp,model.layers.26.mlp.down_proj.weight,8.741682232718533,8.741709886470803,2.7653752269429788e-05,1.3738606253241452e-06
adamw_grpo_bf16,AdamW + GRPO (BF16),26,gate_proj,mlp,model.layers.26.mlp.gate_proj.weight,20.0336868429297,20.034016611589763,0.0003297686600625127,7.1487356162486544e-06
adamw_grpo_bf16,AdamW + GRPO (BF16),26,up_proj,mlp,model.layers.26.mlp.up_proj.weight,18.54966977174175,18.549560380014764,-0.00010939172698698485,-2.5611433553869867e-06
adamw_grpo_bf16,AdamW + GRPO (BF16),26,k_proj,attn,model.layers.26.self_attn.k_proj.weight,18.924022446774764,18.92374997985917,-0.0002724669155931281,-6.252990353633836e-06
adamw_grpo_bf16,AdamW + GRPO (BF16),26,o_proj,attn,model.layers.26.self_attn.o_proj.weight,32723.99759321507,32358.03937213035,-365.9582210847184,-0.004884152941300116
adamw_grpo_bf16,AdamW + GRPO (BF16),26,q_proj,attn,model.layers.26.self_attn.q_proj.weight,48120.87790718429,47433.93126089771,-686.9466462865748,-0.006244422026966853
adamw_grpo_bf16,AdamW + GRPO (BF16),26,v_proj,attn,model.layers.26.self_attn.v_proj.weight,4.835564685889436,4.835626862609133,6.217671969732663e-05,5.584214961007685e-06
adamw_grpo_bf16,AdamW + GRPO (BF16),27,down_proj,mlp,model.layers.27.mlp.down_proj.weight,11.983131396493501,11.983340122022819,0.0002087255293172774,7.564596694727615e-06
adamw_grpo_bf16,AdamW + GRPO (BF16),27,gate_proj,mlp,model.layers.27.mlp.gate_proj.weight,34.01131673372879,34.012038845271604,0.0007221115428137637,9.220628876812055e-06
adamw_grpo_bf16,AdamW + GRPO (BF16),27,up_proj,mlp,model.layers.27.mlp.up_proj.weight,27.05991417573715,27.058991427001516,-0.0009227487356326947,-1.480978521806692e-05
adamw_grpo_bf16,AdamW + GRPO (BF16),27,k_proj,attn,model.layers.27.self_attn.k_proj.weight,16.960271595775623,16.960417005291863,0.00014540951623942533,3.7234238527421473e-06
adamw_grpo_bf16,AdamW + GRPO (BF16),27,o_proj,attn,model.layers.27.self_attn.o_proj.weight,99634.79632267175,103462.32363759073,3827.5273149189743,0.016371190569589876
adamw_grpo_bf16,AdamW + GRPO (BF16),27,q_proj,attn,model.layers.27.self_attn.q_proj.weight,91711.44628086085,86491.87536851663,-5219.570912344221,-0.025448228440398696
adamw_grpo_bf16,AdamW + GRPO (BF16),27,v_proj,attn,model.layers.27.self_attn.v_proj.weight,7.853791579470053,7.8537722509470935,-1.9328522959050076e-05,-1.06881894037942e-06
adamw_grpo_bf16,AdamW + GRPO (BF16),3,down_proj,mlp,model.layers.3.mlp.down_proj.weight,10.758270959803003,10.758056687976703,-0.00021427182629984998,-8.649902838034505e-06
adamw_grpo_bf16,AdamW + GRPO (BF16),3,gate_proj,mlp,model.layers.3.mlp.gate_proj.weight,13.999766940935217,13.999886150952166,0.00011921001694936706,3.6980638566826255e-06
adamw_grpo_bf16,AdamW + GRPO (BF16),3,up_proj,mlp,model.layers.3.mlp.up_proj.weight,7.592358408260811,7.592309964948722,-4.844331208886388e-05,-2.771040184542163e-06
adamw_grpo_bf16,AdamW + GRPO (BF16),3,k_proj,attn,model.layers.3.self_attn.k_proj.weight,15.502942945207748,15.502556087084868,-0.0003868581228800849,-1.0837454857940306e-05
adamw_grpo_bf16,AdamW + GRPO (BF16),3,o_proj,attn,model.layers.3.self_attn.o_proj.weight,16528.241725287102,16337.97790710178,-190.26381818532172,-0.005028351319457783
adamw_grpo_bf16,AdamW + GRPO (BF16),3,q_proj,attn,model.layers.3.self_attn.q_proj.weight,75355.26316454641,74946.0862865692,-409.1768779772101,-0.0023646321192045947
adamw_grpo_bf16,AdamW + GRPO (BF16),3,v_proj,attn,model.layers.3.self_attn.v_proj.weight,3.891617107326821,3.891679244980708,6.213765388718429e-05,6.934347346093514e-06
adamw_grpo_bf16,AdamW + GRPO (BF16),4,down_proj,mlp,model.layers.4.mlp.down_proj.weight,11.15720155550664,11.156966749320961,-0.0002348061856789485,-9.139935611093756e-06
adamw_grpo_bf16,AdamW + GRPO (BF16),4,gate_proj,mlp,model.layers.4.mlp.gate_proj.weight,17.495981170242754,17.495791930299458,-0.0001892399432961156,-4.6974391891335626e-06
adamw_grpo_bf16,AdamW + GRPO (BF16),4,up_proj,mlp,model.layers.4.mlp.up_proj.weight,8.782003015120793,8.781392049382012,-0.0006109657387813883,-3.0215006622245762e-05
adamw_grpo_bf16,AdamW + GRPO (BF16),4,k_proj,attn,model.layers.4.self_attn.k_proj.weight,23.93670634239095,23.93850616888025,0.0017998264893002158,3.265383784437439e-05
adamw_grpo_bf16,AdamW + GRPO (BF16),4,o_proj,attn,model.layers.4.self_attn.o_proj.weight,8582.208719375358,8606.14816907751,23.93944970215307,0.001209746538952878
adamw_grpo_bf16,AdamW + GRPO (BF16),4,q_proj,attn,model.layers.4.self_attn.q_proj.weight,19385.367499083055,19375.846489092757,-9.521009990297898,-0.00021335359544485136
adamw_grpo_bf16,AdamW + GRPO (BF16),4,v_proj,attn,model.layers.4.self_attn.v_proj.weight,3.7875720759658726,3.7874918416831846,-8.023428268799648e-05,-9.20000322400605e-06
adamw_grpo_bf16,AdamW + GRPO (BF16),5,down_proj,mlp,model.layers.5.mlp.down_proj.weight,12.388049471794826,12.388204015056175,0.00015454326134900498,5.41787204881034e-06
adamw_grpo_bf16,AdamW + GRPO (BF16),5,gate_proj,mlp,model.layers.5.mlp.gate_proj.weight,20.634483011844836,20.63480148019496,0.0003184683501231689,6.702759634696197e-06
adamw_grpo_bf16,AdamW + GRPO (BF16),5,up_proj,mlp,model.layers.5.mlp.up_proj.weight,8.094579137228608,8.094820202443419,0.00024106521481037646,1.2933561076820966e-05
adamw_grpo_bf16,AdamW + GRPO (BF16),5,k_proj,attn,model.layers.5.self_attn.k_proj.weight,22.35050954040556,22.35068094267574,0.00017140227017975462,3.330518016245309e-06
adamw_grpo_bf16,AdamW + GRPO (BF16),5,o_proj,attn,model.layers.5.self_attn.o_proj.weight,14934.50156341116,14986.216653869278,51.71509045811763,0.0015012741752475378
adamw_grpo_bf16,AdamW + GRPO (BF16),5,q_proj,attn,model.layers.5.self_attn.q_proj.weight,14969.234018258956,15256.801705692586,287.56768743362954,0.008263923807835185
adamw_grpo_bf16,AdamW + GRPO (BF16),5,v_proj,attn,model.layers.5.self_attn.v_proj.weight,3.3558693468749854,3.3559018227771027,3.247590211730156e-05,4.202796766485754e-06
adamw_grpo_bf16,AdamW + GRPO (BF16),6,down_proj,mlp,model.layers.6.mlp.down_proj.weight,9.162314837809912,9.162165405642407,-0.0001494321675057364,-7.08315487324842e-06
adamw_grpo_bf16,AdamW + GRPO (BF16),6,gate_proj,mlp,model.layers.6.mlp.gate_proj.weight,19.228406692239826,19.22781543475546,-0.000591257484366281,-1.3354398776699405e-05
adamw_grpo_bf16,AdamW + GRPO (BF16),6,up_proj,mlp,model.layers.6.mlp.up_proj.weight,7.421489572866498,7.420350255585374,-0.0011393172811233754,-6.667626318839427e-05
adamw_grpo_bf16,AdamW + GRPO (BF16),6,k_proj,attn,model.layers.6.self_attn.k_proj.weight,22.193674123897594,22.194512150979993,0.0008380270823984404,1.6398531598501053e-05
adamw_grpo_bf16,AdamW + GRPO (BF16),6,o_proj,attn,model.layers.6.self_attn.o_proj.weight,70513.61868597266,81774.90937426288,11261.290688290217,0.06434706870483141
adamw_grpo_bf16,AdamW + GRPO (BF16),6,q_proj,attn,model.layers.6.self_attn.q_proj.weight,18604.75910456698,17934.644086132033,-670.1150184349463,-0.015931288622600764
adamw_grpo_bf16,AdamW + GRPO (BF16),6,v_proj,attn,model.layers.6.self_attn.v_proj.weight,3.2802787964379356,3.2802316988736737,-4.709756426191092e-05,-6.235555079135811e-06
adamw_grpo_bf16,AdamW + GRPO (BF16),7,down_proj,mlp,model.layers.7.mlp.down_proj.weight,7.967968298583799,7.967896505951931,-7.179263186873897e-05,-3.913078360619089e-06
adamw_grpo_bf16,AdamW + GRPO (BF16),7,gate_proj,mlp,model.layers.7.mlp.gate_proj.weight,16.82272426896548,16.824217884939205,0.0014936159737253263,3.855739240314882e-05
adamw_grpo_bf16,AdamW + GRPO (BF16),7,up_proj,mlp,model.layers.7.mlp.up_proj.weight,8.451906164480205,8.451395641712713,-0.0005105227674917501,-2.62335990231171e-05
adamw_grpo_bf16,AdamW + GRPO (BF16),7,k_proj,attn,model.layers.7.self_attn.k_proj.weight,30.442592542837964,30.443826421756732,0.0012338789187680277,1.760217844777119e-05
adamw_grpo_bf16,AdamW + GRPO (BF16),7,o_proj,attn,model.layers.7.self_attn.o_proj.weight,9457.463639954845,9694.102792022273,236.63915206742786,0.01073294019480686
adamw_grpo_bf16,AdamW + GRPO (BF16),7,q_proj,attn,model.layers.7.self_attn.q_proj.weight,9030.470682093728,9115.093221735578,84.62253964185038,0.0040507276199967445
adamw_grpo_bf16,AdamW + GRPO (BF16),7,v_proj,attn,model.layers.7.self_attn.v_proj.weight,4.6148320901395445,4.6150279291231255,0.00019583898358099816,1.842970310405939e-05
adamw_grpo_bf16,AdamW + GRPO (BF16),8,down_proj,mlp,model.layers.8.mlp.down_proj.weight,8.059006885143106,8.058860823802192,-0.0001460613409136613,-7.871219137116388e-06
adamw_grpo_bf16,AdamW + GRPO (BF16),8,gate_proj,mlp,model.layers.8.mlp.gate_proj.weight,15.70276662952571,15.703069794897313,0.0003031653716032423,8.384622922669968e-06
adamw_grpo_bf16,AdamW + GRPO (BF16),8,up_proj,mlp,model.layers.8.mlp.up_proj.weight,11.03707620181019,11.036995494465316,-8.070734487475306e-05,-3.1757398463449354e-06
adamw_grpo_bf16,AdamW + GRPO (BF16),8,k_proj,attn,model.layers.8.self_attn.k_proj.weight,26.24428190856445,26.244039978389388,-0.0002419301750613556,-4.003516830358438e-06
adamw_grpo_bf16,AdamW + GRPO (BF16),8,o_proj,attn,model.layers.8.self_attn.o_proj.weight,8728.55329977634,8698.453566717428,-30.099733058912534,-0.00150021872066474
adamw_grpo_bf16,AdamW + GRPO (BF16),8,q_proj,attn,model.layers.8.self_attn.q_proj.weight,20459.276858621644,20121.691994321653,-337.58486429999175,-0.00722578242825572
adamw_grpo_bf16,AdamW + GRPO (BF16),8,v_proj,attn,model.layers.8.self_attn.v_proj.weight,2.614956506444022,2.614991526728046,3.5020284023801196e-05,5.816163376807073e-06
adamw_grpo_bf16,AdamW + GRPO (BF16),9,down_proj,mlp,model.layers.9.mlp.down_proj.weight,11.96143651469935,11.961218168359123,-0.0002183463402278818,-7.927766542945e-06
adamw_grpo_bf16,AdamW + GRPO (BF16),9,gate_proj,mlp,model.layers.9.mlp.gate_proj.weight,17.04541620966512,17.04483882483752,-0.0005773848276007243,-1.4711244860534152e-05
adamw_grpo_bf16,AdamW + GRPO (BF16),9,up_proj,mlp,model.layers.9.mlp.up_proj.weight,8.607523542303687,8.608063394406525,0.0005398521028379122,2.7237501718053276e-05
adamw_grpo_bf16,AdamW + GRPO (BF16),9,k_proj,attn,model.layers.9.self_attn.k_proj.weight,29.979145885547403,29.978422532557286,-0.0007233529901178315,-1.0479017758055212e-05
adamw_grpo_bf16,AdamW + GRPO (BF16),9,o_proj,attn,model.layers.9.self_attn.o_proj.weight,26480.436490575365,26136.96919618216,-343.4672943932055,-0.005669913498471737
adamw_grpo_bf16,AdamW + GRPO (BF16),9,q_proj,attn,model.layers.9.self_attn.q_proj.weight,35295.52653603585,36395.68792546577,1100.1613894299153,0.013330267466940993
adamw_grpo_bf16,AdamW + GRPO (BF16),9,v_proj,attn,model.layers.9.self_attn.v_proj.weight,3.911800039733773,3.9116317872359194,-0.00016825249785368257,-1.8680071102211583e-05
adamw_grpo_mixed,AdamW + GRPO (Mixed),-1,embed,embed,model.embed_tokens.weight,69.18641058154057,69.18239915197503,-0.004011429565537128,-2.5181133359466887e-05
adamw_grpo_mixed,AdamW + GRPO (Mixed),0,down_proj,mlp,model.layers.0.mlp.down_proj.weight,10.546793843948734,10.547299271509672,0.0005054275609381875,2.081193057771965e-05
adamw_grpo_mixed,AdamW + GRPO (Mixed),0,gate_proj,mlp,model.layers.0.mlp.gate_proj.weight,50.790417231602824,50.78283879264871,-0.007578438954112698,-6.480592144318578e-05
adamw_grpo_mixed,AdamW + GRPO (Mixed),0,up_proj,mlp,model.layers.0.mlp.up_proj.weight,30.557746350661454,30.556436968030077,-0.0013093826313763657,-1.8609678497343315e-05
adamw_grpo_mixed,AdamW + GRPO (Mixed),0,k_proj,attn,model.layers.0.self_attn.k_proj.weight,18.73935745084044,18.738901746722156,-0.000455704118284217,-1.0561311448234376e-05
adamw_grpo_mixed,AdamW + GRPO (Mixed),0,o_proj,attn,model.layers.0.self_attn.o_proj.weight,38555.79005042446,36230.54901642265,-2325.2410340018105,-0.02701469159487953
adamw_grpo_mixed,AdamW + GRPO (Mixed),0,q_proj,attn,model.layers.0.self_attn.q_proj.weight,184976.8751259078,184233.4869124715,-743.3882134362939,-0.001748866600075465
adamw_grpo_mixed,AdamW + GRPO (Mixed),0,v_proj,attn,model.layers.0.self_attn.v_proj.weight,7.7755061789352835,7.77010677186167,-0.005399407073613638,-0.00030168418567165734
adamw_grpo_mixed,AdamW + GRPO (Mixed),1,down_proj,mlp,model.layers.1.mlp.down_proj.weight,8.998430005007657,8.99911639008417,0.0006863850765128632,3.312598781974989e-05
adamw_grpo_mixed,AdamW + GRPO (Mixed),1,gate_proj,mlp,model.layers.1.mlp.gate_proj.weight,33.91668364456576,33.919911753728236,0.0032281091624781766,4.1333147368966116e-05
adamw_grpo_mixed,AdamW + GRPO (Mixed),1,up_proj,mlp,model.layers.1.mlp.up_proj.weight,37.735381088331756,37.730977298422786,-0.004403789908970168,-5.068594006605528e-05
adamw_grpo_mixed,AdamW + GRPO (Mixed),1,k_proj,attn,model.layers.1.self_attn.k_proj.weight,30.087513316132128,30.08892887256687,0.001415556434743337,2.043219326984747e-05
adamw_grpo_mixed,AdamW + GRPO (Mixed),1,o_proj,attn,model.layers.1.self_attn.o_proj.weight,49034.98587834326,70217.20895402436,21182.223075681104,0.15593750824855995
adamw_grpo_mixed,AdamW + GRPO (Mixed),1,q_proj,attn,model.layers.1.self_attn.q_proj.weight,1074758.1049613138,720251.0955444509,-354507.00941686286,-0.17382680136061196
adamw_grpo_mixed,AdamW + GRPO (Mixed),1,v_proj,attn,model.layers.1.self_attn.v_proj.weight,3.341969736117407,3.342012590783358,4.285466595099763e-05,5.568998850172584e-06
adamw_grpo_mixed,AdamW + GRPO (Mixed),10,down_proj,mlp,model.layers.10.mlp.down_proj.weight,13.491719978091211,13.492442324444688,0.0007223463534771213,2.3251493368315963e-05
adamw_grpo_mixed,AdamW + GRPO (Mixed),10,gate_proj,mlp,model.layers.10.mlp.gate_proj.weight,16.210019773701827,16.210572770210483,0.000552996508655923,1.481548074230339e-05
adamw_grpo_mixed,AdamW + GRPO (Mixed),10,up_proj,mlp,model.layers.10.mlp.up_proj.weight,8.538043575643336,8.537936340795472,-0.00010723484786367976,-5.4546213949001755e-06
adamw_grpo_mixed,AdamW + GRPO (Mixed),10,k_proj,attn,model.layers.10.self_attn.k_proj.weight,24.034098760920294,24.046231563096853,0.01213280217655921,0.00021918356681982918
adamw_grpo_mixed,AdamW + GRPO (Mixed),10,o_proj,attn,model.layers.10.self_attn.o_proj.weight,15508.710116684786,14892.758087136373,-615.9520295484126,-0.017600543342159665
adamw_grpo_mixed,AdamW + GRPO (Mixed),10,q_proj,attn,model.layers.10.self_attn.q_proj.weight,12813.850813777506,12557.403860368431,-256.4469534090749,-0.008779801498428145
adamw_grpo_mixed,AdamW + GRPO (Mixed),10,v_proj,attn,model.layers.10.self_attn.v_proj.weight,3.2994636012714755,3.2996380245004184,0.0001744232289428993,2.2957987362264788e-05
adamw_grpo_mixed,AdamW + GRPO (Mixed),11,down_proj,mlp,model.layers.11.mlp.down_proj.weight,16.054627449194015,16.05284188256881,-0.0017855666252053481,-4.83041329220807e-05
adamw_grpo_mixed,AdamW + GRPO (Mixed),11,gate_proj,mlp,model.layers.11.mlp.gate_proj.weight,13.225697438590451,13.225716699403137,1.9260812685217843e-05,6.32470129740035e-07
adamw_grpo_mixed,AdamW + GRPO (Mixed),11,up_proj,mlp,model.layers.11.mlp.up_proj.weight,6.605510357941471,6.605575924952274,6.556701080295824e-05,4.3108326411340205e-06
adamw_grpo_mixed,AdamW + GRPO (Mixed),11,k_proj,attn,model.layers.11.self_attn.k_proj.weight,21.610944081803808,21.592907649142067,-0.018036432661741486,-0.00036261228198156213
adamw_grpo_mixed,AdamW + GRPO (Mixed),11,o_proj,attn,model.layers.11.self_attn.o_proj.weight,139258.46738802953,155092.0808783487,15833.61349031917,0.04676801173857962
adamw_grpo_mixed,AdamW + GRPO (Mixed),11,q_proj,attn,model.layers.11.self_attn.q_proj.weight,28543.812668067454,29924.167392143612,1380.3547240761582,0.02051009302090096
adamw_grpo_mixed,AdamW + GRPO (Mixed),11,v_proj,attn,model.layers.11.self_attn.v_proj.weight,2.8678401021237847,2.8678465633869825,6.461263197810041e-06,9.784673105893014e-07
adamw_grpo_mixed,AdamW + GRPO (Mixed),12,down_proj,mlp,model.layers.12.mlp.down_proj.weight,14.145448240851502,14.146438201564754,0.0009899607132517474,3.039277540694303e-05
adamw_grpo_mixed,AdamW + GRPO (Mixed),12,gate_proj,mlp,model.layers.12.mlp.gate_proj.weight,18.888272791501652,18.8877599669446,-0.0005128245570524825,-1.1791438066043194e-05
adamw_grpo_mixed,AdamW + GRPO (Mixed),12,up_proj,mlp,model.layers.12.mlp.up_proj.weight,8.061255117094625,8.061015014959741,-0.00024010213488345755,-1.2935527246068403e-05
adamw_grpo_mixed,AdamW + GRPO (Mixed),12,k_proj,attn,model.layers.12.self_attn.k_proj.weight,20.867707840632306,20.878540068698214,0.010832228065908112,0.00022537963131628427
adamw_grpo_mixed,AdamW + GRPO (Mixed),12,o_proj,attn,model.layers.12.self_attn.o_proj.weight,102000.14319866779,47471.59829965011,-54528.54489901768,-0.3321669274433232
adamw_grpo_mixed,AdamW + GRPO (Mixed),12,q_proj,attn,model.layers.12.self_attn.q_proj.weight,14798.684955393119,14966.896095693499,168.21114030038007,0.004908618957744538
adamw_grpo_mixed,AdamW + GRPO (Mixed),12,v_proj,attn,model.layers.12.self_attn.v_proj.weight,2.550671517667282,2.5508354247733953,0.00016390710611347004,2.790702925920857e-05
adamw_grpo_mixed,AdamW + GRPO (Mixed),13,down_proj,mlp,model.layers.13.mlp.down_proj.weight,30.005646690345184,30.002929393520485,-0.0027172968246986784,-3.9331278776458366e-05
adamw_grpo_mixed,AdamW + GRPO (Mixed),13,gate_proj,mlp,model.layers.13.mlp.gate_proj.weight,12.316046719506732,12.317163107867572,0.0011163883608400482,3.936485001377539e-05
adamw_grpo_mixed,AdamW + GRPO (Mixed),13,up_proj,mlp,model.layers.13.mlp.up_proj.weight,6.311217662216599,6.310891821633657,-0.00032584058294204965,-2.2422680989160607e-05
adamw_grpo_mixed,AdamW + GRPO (Mixed),13,k_proj,attn,model.layers.13.self_attn.k_proj.weight,41.906820743475016,41.91260194806826,0.00578120459324083,5.9908435943713674e-05
adamw_grpo_mixed,AdamW + GRPO (Mixed),13,o_proj,attn,model.layers.13.self_attn.o_proj.weight,9641.296136551193,9356.823852950636,-284.4722836005567,-0.013006968872016685
adamw_grpo_mixed,AdamW + GRPO (Mixed),13,q_proj,attn,model.layers.13.self_attn.q_proj.weight,57124.68510683214,48700.974885634074,-8423.710221198067,-0.06928616417167646
adamw_grpo_mixed,AdamW + GRPO (Mixed),13,v_proj,attn,model.layers.13.self_attn.v_proj.weight,3.7001013163270056,3.700010806696854,-9.050963015155844e-05,-1.0623577665401514e-05
adamw_grpo_mixed,AdamW + GRPO (Mixed),14,down_proj,mlp,model.layers.14.mlp.down_proj.weight,12.14858893422566,12.149156581971313,0.0005676477456528772,2.029211175019025e-05
adamw_grpo_mixed,AdamW + GRPO (Mixed),14,gate_proj,mlp,model.layers.14.mlp.gate_proj.weight,13.416229041756727,13.416250025798698,2.0984041970706357e-05,6.792703434458776e-07
adamw_grpo_mixed,AdamW + GRPO (Mixed),14,up_proj,mlp,model.layers.14.mlp.up_proj.weight,6.92702720942221,6.927161390141289,0.00013418071907889129,8.41246608658029e-06
adamw_grpo_mixed,AdamW + GRPO (Mixed),14,k_proj,attn,model.layers.14.self_attn.k_proj.weight,23.136335100841148,23.138314777434914,0.0019796765937662997,3.7159119449304487e-05
adamw_grpo_mixed,AdamW + GRPO (Mixed),14,o_proj,attn,model.layers.14.self_attn.o_proj.weight,6453.263467239998,6596.427209730591,143.163742490593,0.009529378046819534
adamw_grpo_mixed,AdamW + GRPO (Mixed),14,q_proj,attn,model.layers.14.self_attn.q_proj.weight,12016.462412922161,11948.679111255475,-67.78330166668638,-0.0024567342821643938
adamw_grpo_mixed,AdamW + GRPO (Mixed),14,v_proj,attn,model.layers.14.self_attn.v_proj.weight,6.809948120874071,6.809836902992151,-0.00011121788192003379,-7.092815682957552e-06
adamw_grpo_mixed,AdamW + GRPO (Mixed),15,down_proj,mlp,model.layers.15.mlp.down_proj.weight,12.83113835849419,12.830768185430715,-0.00037017306347486567,-1.2529397888036658e-05
adamw_grpo_mixed,AdamW + GRPO (Mixed),15,gate_proj,mlp,model.layers.15.mlp.gate_proj.weight,16.831657108500657,16.831233627832678,-0.0004234806679797032,-1.0926887934068212e-05
adamw_grpo_mixed,AdamW + GRPO (Mixed),15,up_proj,mlp,model.layers.15.mlp.up_proj.weight,9.399973299687645,9.399903186497024,-7.011319062044663e-05,-3.239358707243713e-06
adamw_grpo_mixed,AdamW + GRPO (Mixed),15,k_proj,attn,model.layers.15.self_attn.k_proj.weight,25.442585553328566,25.437258746414972,-0.0053268069135938845,-9.093592517939503e-05
adamw_grpo_mixed,AdamW + GRPO (Mixed),15,o_proj,attn,model.layers.15.self_attn.o_proj.weight,29248.74824238646,32583.53961393398,3334.791371547519,0.04689097646737344
adamw_grpo_mixed,AdamW + GRPO (Mixed),15,q_proj,attn,model.layers.15.self_attn.q_proj.weight,23869.157071525828,26627.88176789793,2758.724696372101,0.04749953758159436
adamw_grpo_mixed,AdamW + GRPO (Mixed),15,v_proj,attn,model.layers.15.self_attn.v_proj.weight,3.3575600712900404,3.357498821871308,-6.124941873242307e-05,-7.922576703872657e-06
adamw_grpo_mixed,AdamW + GRPO (Mixed),16,down_proj,mlp,model.layers.16.mlp.down_proj.weight,9.686499227673869,9.686404347214912,-9.488045895622577e-05,-4.253989042612332e-06
adamw_grpo_mixed,AdamW + GRPO (Mixed),16,gate_proj,mlp,model.layers.16.mlp.gate_proj.weight,12.919883539201004,12.919240859980393,-0.0006426792206113419,-2.160383106569842e-05
adamw_grpo_mixed,AdamW + GRPO (Mixed),16,up_proj,mlp,model.layers.16.mlp.up_proj.weight,6.159145316251316,6.158544103839597,-0.0006012124117189543,-4.239483951310335e-05
adamw_grpo_mixed,AdamW + GRPO (Mixed),16,k_proj,attn,model.layers.16.self_attn.k_proj.weight,20.671141321487564,20.64961708539292,-0.021524236094645488,-0.00045245335124455006
adamw_grpo_mixed,AdamW + GRPO (Mixed),16,o_proj,attn,model.layers.16.self_attn.o_proj.weight,41529.00729033527,47552.01611341499,6023.008823079719,0.05881738505316784
adamw_grpo_mixed,AdamW + GRPO (Mixed),16,q_proj,attn,model.layers.16.self_attn.q_proj.weight,103943.38985456145,86045.28860627046,-17898.101248290986,-0.0820697805485392
adamw_grpo_mixed,AdamW + GRPO (Mixed),16,v_proj,attn,model.layers.16.self_attn.v_proj.weight,2.78870242790059,2.7889124484732917,0.00021002057270180785,3.2706014264240554e-05
adamw_grpo_mixed,AdamW + GRPO (Mixed),17,down_proj,mlp,model.layers.17.mlp.down_proj.weight,6.7996349709306605,6.799608669487809,-2.6301442851206502e-05,-1.6798833521207985e-06
adamw_grpo_mixed,AdamW + GRPO (Mixed),17,gate_proj,mlp,model.layers.17.mlp.gate_proj.weight,17.968770886906377,17.968512902761063,-0.000257984145314083,-6.235367780474845e-06
adamw_grpo_mixed,AdamW + GRPO (Mixed),17,up_proj,mlp,model.layers.17.mlp.up_proj.weight,12.572357420855843,12.572140329421112,-0.00021709143473103154,-7.49918436318285e-06
adamw_grpo_mixed,AdamW + GRPO (Mixed),17,k_proj,attn,model.layers.17.self_attn.k_proj.weight,15.488632202364206,15.489689582984873,0.001057380620666848,2.9647478787754133e-05
adamw_grpo_mixed,AdamW + GRPO (Mixed),17,o_proj,attn,model.layers.17.self_attn.o_proj.weight,57591.66094582242,154737.52126963733,97145.86032381491,0.4292360318611561
adamw_grpo_mixed,AdamW + GRPO (Mixed),17,q_proj,attn,model.layers.17.self_attn.q_proj.weight,13024.993728263826,13088.426057834782,63.432329570956426,0.0021099009717105454
adamw_grpo_mixed,AdamW + GRPO (Mixed),17,v_proj,attn,model.layers.17.self_attn.v_proj.weight,4.045377579425002,4.045573948434539,0.00019636900953656777,2.1080827633571246e-05
adamw_grpo_mixed,AdamW + GRPO (Mixed),18,down_proj,mlp,model.layers.18.mlp.down_proj.weight,6.643981466821017,6.64400212306604,2.0656245023786823e-05,1.3502264161831657e-06
adamw_grpo_mixed,AdamW + GRPO (Mixed),18,gate_proj,mlp,model.layers.18.mlp.gate_proj.weight,18.455846043796296,18.45585784036395,1.1796567655153467e-05,2.775913164827183e-07
adamw_grpo_mixed,AdamW + GRPO (Mixed),18,up_proj,mlp,model.layers.18.mlp.up_proj.weight,10.672724442726581,10.672569352369473,-0.00015509035710792318,-6.310982358578144e-06
adamw_grpo_mixed,AdamW + GRPO (Mixed),18,k_proj,attn,model.layers.18.self_attn.k_proj.weight,22.852605445749074,22.848129213319258,-0.004476232429816207,-8.507535227624287e-05
adamw_grpo_mixed,AdamW + GRPO (Mixed),18,o_proj,attn,model.layers.18.self_attn.o_proj.weight,21937.349567301397,17661.699145689858,-4275.650421611539,-0.09415167309927959
adamw_grpo_mixed,AdamW + GRPO (Mixed),18,q_proj,attn,model.layers.18.self_attn.q_proj.weight,33741.713223670544,31158.930411166173,-2582.7828125043707,-0.03458458868088277
adamw_grpo_mixed,AdamW + GRPO (Mixed),18,v_proj,attn,model.layers.18.self_attn.v_proj.weight,2.1434580875579408,2.1433703817588614,-8.770579907935172e-05,-1.777078082270668e-05
adamw_grpo_mixed,AdamW + GRPO (Mixed),19,down_proj,mlp,model.layers.19.mlp.down_proj.weight,7.114441587440737,7.114489831992427,4.82445516896135e-05,2.9450338839156955e-06
adamw_grpo_mixed,AdamW + GRPO (Mixed),19,gate_proj,mlp,model.layers.19.mlp.gate_proj.weight,18.805480505433707,18.805794657908365,0.0003141524746581581,7.254988597467533e-06
adamw_grpo_mixed,AdamW + GRPO (Mixed),19,up_proj,mlp,model.layers.19.mlp.up_proj.weight,10.390484231630769,10.389841688244273,-0.0006425433864958308,-2.6857427386213192e-05
adamw_grpo_mixed,AdamW + GRPO (Mixed),19,k_proj,attn,model.layers.19.self_attn.k_proj.weight,22.401692950673606,22.402147133280746,0.000454182607139586,8.805004200283436e-06
adamw_grpo_mixed,AdamW + GRPO (Mixed),19,o_proj,attn,model.layers.19.self_attn.o_proj.weight,24022.826455842358,19588.769202135376,-4434.057253706982,-0.08861695455515549
adamw_grpo_mixed,AdamW + GRPO (Mixed),19,q_proj,attn,model.layers.19.self_attn.q_proj.weight,25682.89091427411,24222.122727091337,-1460.7681871827735,-0.025431706893262292
adamw_grpo_mixed,AdamW + GRPO (Mixed),19,v_proj,attn,model.layers.19.self_attn.v_proj.weight,3.008918396896258,3.008776098227489,-0.00014229866876913633,-2.0539270210635213e-05
adamw_grpo_mixed,AdamW + GRPO (Mixed),2,down_proj,mlp,model.layers.2.mlp.down_proj.weight,13.20255066881167,13.20334424537715,0.0007935765654796256,2.610371090083555e-05
adamw_grpo_mixed,AdamW + GRPO (Mixed),2,gate_proj,mlp,model.layers.2.mlp.gate_proj.weight,17.38657445257771,17.387133563005783,0.0005591104280711079,1.396564171979024e-05
adamw_grpo_mixed,AdamW + GRPO (Mixed),2,up_proj,mlp,model.layers.2.mlp.up_proj.weight,8.916099391549464,8.91740646915166,0.0013070776021955055,6.366180553655358e-05
adamw_grpo_mixed,AdamW + GRPO (Mixed),2,k_proj,attn,model.layers.2.self_attn.k_proj.weight,17.246031056628958,17.24106438714549,-0.004966669483469133,-0.00012509010325541437
adamw_grpo_mixed,AdamW + GRPO (Mixed),2,o_proj,attn,model.layers.2.self_attn.o_proj.weight,31093.030750193404,35478.174064167295,4385.143313973891,0.057298203776861
adamw_grpo_mixed,AdamW + GRPO (Mixed),2,q_proj,attn,model.layers.2.self_attn.q_proj.weight,24610.069351651575,26035.236397653553,1425.1670460019777,0.02444868783048165
adamw_grpo_mixed,AdamW + GRPO (Mixed),2,v_proj,attn,model.layers.2.self_attn.v_proj.weight,3.1911166787384015,3.1914743350650365,0.0003576563266349808,4.867244944946924e-05
adamw_grpo_mixed,AdamW + GRPO (Mixed),20,down_proj,mlp,model.layers.20.mlp.down_proj.weight,7.516513788547348,7.516453771524715,-6.001702263347397e-05,-3.4677200819932306e-06
adamw_grpo_mixed,AdamW + GRPO (Mixed),20,gate_proj,mlp,model.layers.20.mlp.gate_proj.weight,19.204884886797178,19.20632268881945,0.0014378020222736154,3.251287965396572e-05
adamw_grpo_mixed,AdamW + GRPO (Mixed),20,up_proj,mlp,model.layers.20.mlp.up_proj.weight,11.187456334212877,11.18701065292558,-0.0004456812872977167,-1.7301589700247244e-05
adamw_grpo_mixed,AdamW + GRPO (Mixed),20,k_proj,attn,model.layers.20.self_attn.k_proj.weight,22.072850031907265,22.076475683539407,0.003625651632141569,7.133067040851124e-05
adamw_grpo_mixed,AdamW + GRPO (Mixed),20,o_proj,attn,model.layers.20.self_attn.o_proj.weight,123534.76145527787,95336.66731514018,-28198.09414013769,-0.1125292147280419
adamw_grpo_mixed,AdamW + GRPO (Mixed),20,q_proj,attn,model.layers.20.self_attn.q_proj.weight,9243.896257866112,8996.302635738644,-247.59362212746782,-0.011791006165360182
adamw_grpo_mixed,AdamW + GRPO (Mixed),20,v_proj,attn,model.layers.20.self_attn.v_proj.weight,6.942409244310096,6.94317497196655,0.000765727656453663,4.7898783514727986e-05
adamw_grpo_mixed,AdamW + GRPO (Mixed),21,down_proj,mlp,model.layers.21.mlp.down_proj.weight,9.390981919055381,9.390390505647698,-0.0005914134076832056,-2.7351311049835275e-05
adamw_grpo_mixed,AdamW + GRPO (Mixed),21,gate_proj,mlp,model.layers.21.mlp.gate_proj.weight,17.629945642520745,17.62998936634937,4.372382862527502e-05,1.077087492902844e-06
adamw_grpo_mixed,AdamW + GRPO (Mixed),21,up_proj,mlp,model.layers.21.mlp.up_proj.weight,8.16699577216017,8.167617689564368,0.0006219174041977027,3.3070301615119775e-05
adamw_grpo_mixed,AdamW + GRPO (Mixed),21,k_proj,attn,model.layers.21.self_attn.k_proj.weight,29.992183020775197,30.003855130264242,0.011672109489044402,0.00016898225160983348
adamw_grpo_mixed,AdamW + GRPO (Mixed),21,o_proj,attn,model.layers.21.self_attn.o_proj.weight,298850.6543733745,183850.20535503884,-115000.44901833564,-0.21099009181768041
adamw_grpo_mixed,AdamW + GRPO (Mixed),21,q_proj,attn,model.layers.21.self_attn.q_proj.weight,14032.644030663625,15223.948086633485,1191.3040559698602,0.035387785844829954
adamw_grpo_mixed,AdamW + GRPO (Mixed),21,v_proj,attn,model.layers.21.self_attn.v_proj.weight,4.366601968716395,4.367873165234558,0.0012711965181626539,0.00012641254996640473
adamw_grpo_mixed,AdamW + GRPO (Mixed),22,down_proj,mlp,model.layers.22.mlp.down_proj.weight,9.904782336268656,9.904102255495463,-0.000680080773193481,-2.9820490476800958e-05
adamw_grpo_mixed,AdamW + GRPO (Mixed),22,gate_proj,mlp,model.layers.22.mlp.gate_proj.weight,22.904187063530273,22.904316718840285,0.00012965531001185582,2.4584337421825448e-06
adamw_grpo_mixed,AdamW + GRPO (Mixed),22,up_proj,mlp,model.layers.22.mlp.up_proj.weight,12.79968858450657,12.79990169621422,0.00021311170764981568,7.230837497634741e-06
adamw_grpo_mixed,AdamW + GRPO (Mixed),22,k_proj,attn,model.layers.22.self_attn.k_proj.weight,20.39377999771742,20.396355792029674,0.002575794312253521,5.484920489516263e-05
adamw_grpo_mixed,AdamW + GRPO (Mixed),22,o_proj,attn,model.layers.22.self_attn.o_proj.weight,35374.77308841131,37505.06717206202,2130.2940836507114,0.025396284868319643
adamw_grpo_mixed,AdamW + GRPO (Mixed),22,q_proj,attn,model.layers.22.self_attn.q_proj.weight,47977.340735145204,50309.9142695731,2332.5735344278946,0.020617404834181483
adamw_grpo_mixed,AdamW + GRPO (Mixed),22,v_proj,attn,model.layers.22.self_attn.v_proj.weight,5.233505964972921,5.233247644313575,-0.00025832065934583426,-2.143687357628608e-05
adamw_grpo_mixed,AdamW + GRPO (Mixed),23,down_proj,mlp,model.layers.23.mlp.down_proj.weight,11.80645745879601,11.80673897311861,0.0002815143226015948,1.0355236508609712e-05
adamw_grpo_mixed,AdamW + GRPO (Mixed),23,gate_proj,mlp,model.layers.23.mlp.gate_proj.weight,19.84423847022627,19.843866948045424,-0.00037152218084557376,-8.130901253653884e-06
adamw_grpo_mixed,AdamW + GRPO (Mixed),23,up_proj,mlp,model.layers.23.mlp.up_proj.weight,10.79189058648552,10.791986622024222,9.603553870185522e-05,3.864709210712937e-06
adamw_grpo_mixed,AdamW + GRPO (Mixed),23,k_proj,attn,model.layers.23.self_attn.k_proj.weight,16.001526800630636,16.003035456797427,0.0015086561667914111,4.0944228109878927e-05
adamw_grpo_mixed,AdamW + GRPO (Mixed),23,o_proj,attn,model.layers.23.self_attn.o_proj.weight,13053.866526333686,13915.962780949081,862.0962546153951,0.027774090739204508
adamw_grpo_mixed,AdamW + GRPO (Mixed),23,q_proj,attn,model.layers.23.self_attn.q_proj.weight,764874.9518123881,718221.4107545839,-46653.54105780425,-0.02733209119505088
adamw_grpo_mixed,AdamW + GRPO (Mixed),23,v_proj,attn,model.layers.23.self_attn.v_proj.weight,4.042193780833294,4.043187891097478,0.000994110264183945,0.00010679436588942807
adamw_grpo_mixed,AdamW + GRPO (Mixed),24,down_proj,mlp,model.layers.24.mlp.down_proj.weight,10.013056479364716,10.011522852787783,-0.0015336265769327895,-6.652280179440143e-05
adamw_grpo_mixed,AdamW + GRPO (Mixed),24,gate_proj,mlp,model.layers.24.mlp.gate_proj.weight,21.0475855955308,21.047894822473136,0.00030922694233481707,6.380521299691667e-06
adamw_grpo_mixed,AdamW + GRPO (Mixed),24,up_proj,mlp,model.layers.24.mlp.up_proj.weight,13.895235392599337,13.894403316932094,-0.00083207566724397,-2.6007237783501077e-05
adamw_grpo_mixed,AdamW + GRPO (Mixed),24,k_proj,attn,model.layers.24.self_attn.k_proj.weight,31.211181081905732,31.207600200616987,-0.003580881288744564,-4.9829777313979446e-05
adamw_grpo_mixed,AdamW + GRPO (Mixed),24,o_proj,attn,model.layers.24.self_attn.o_proj.weight,13596.107700858232,12481.687420263064,-1114.4202805951682,-0.03714129385059326
adamw_grpo_mixed,AdamW + GRPO (Mixed),24,q_proj,attn,model.layers.24.self_attn.q_proj.weight,119825.2524376554,134368.28832409804,14543.035886442638,0.049748432257552114
adamw_grpo_mixed,AdamW + GRPO (Mixed),24,v_proj,attn,model.layers.24.self_attn.v_proj.weight,3.6003445004354857,3.6002595590905204,-8.49413449652836e-05,-1.0246239648957135e-05
adamw_grpo_mixed,AdamW + GRPO (Mixed),25,down_proj,mlp,model.layers.25.mlp.down_proj.weight,9.428473935149443,9.427178662791896,-0.001295272357547006,-5.966694978150811e-05
adamw_grpo_mixed,AdamW + GRPO (Mixed),25,gate_proj,mlp,model.layers.25.mlp.gate_proj.weight,21.338091581274373,21.336967910891904,-0.0011236703824692995,-2.2870681494292743e-05
adamw_grpo_mixed,AdamW + GRPO (Mixed),25,up_proj,mlp,model.layers.25.mlp.up_proj.weight,18.112209505291784,18.11075573760076,-0.0014537676910251207,-3.485983448826259e-05
adamw_grpo_mixed,AdamW + GRPO (Mixed),25,k_proj,attn,model.layers.25.self_attn.k_proj.weight,22.462953951457504,22.452325718306263,-0.010628233151241062,-0.00020553286676838788
adamw_grpo_mixed,AdamW + GRPO (Mixed),25,o_proj,attn,model.layers.25.self_attn.o_proj.weight,16296.613319126418,16426.736015844508,130.12269671809008,0.0034539170447155276
adamw_grpo_mixed,AdamW + GRPO (Mixed),25,q_proj,attn,model.layers.25.self_attn.q_proj.weight,24555.210708810777,26248.616759613717,1693.4060508029397,0.028962756872670293
adamw_grpo_mixed,AdamW + GRPO (Mixed),25,v_proj,attn,model.layers.25.self_attn.v_proj.weight,4.337190824833435,4.337246916204197,5.6091370762345605e-05,5.616542197174233e-06
adamw_grpo_mixed,AdamW + GRPO (Mixed),26,down_proj,mlp,model.layers.26.mlp.down_proj.weight,8.741682232718533,8.742037372772117,0.0003551400535837246,1.764331264462087e-05
adamw_grpo_mixed,AdamW + GRPO (Mixed),26,gate_proj,mlp,model.layers.26.mlp.gate_proj.weight,20.0336868429297,20.034530798187856,0.0008439552581549492,1.8295054445727627e-05
adamw_grpo_mixed,AdamW + GRPO (Mixed),26,up_proj,mlp,model.layers.26.mlp.up_proj.weight,18.54966977174175,18.547196573145804,-0.0024731985959469682,-5.790766769765548e-05
adamw_grpo_mixed,AdamW + GRPO (Mixed),26,k_proj,attn,model.layers.26.self_attn.k_proj.weight,18.924022446774764,18.903832798091948,-0.02018964868281614,-0.00046358715239516247
adamw_grpo_mixed,AdamW + GRPO (Mixed),26,o_proj,attn,model.layers.26.self_attn.o_proj.weight,32723.99759321507,31373.021659839527,-1350.9759333755428,-0.01831000271576198
adamw_grpo_mixed,AdamW + GRPO (Mixed),26,q_proj,attn,model.layers.26.self_attn.q_proj.weight,48120.87790718429,41933.0980016537,-6187.779905530588,-0.05977659281400679
adamw_grpo_mixed,AdamW + GRPO (Mixed),26,v_proj,attn,model.layers.26.self_attn.v_proj.weight,4.835564685889436,4.837981061735418,0.0024163758459820883,0.00021696671423686211
adamw_grpo_mixed,AdamW + GRPO (Mixed),27,down_proj,mlp,model.layers.27.mlp.down_proj.weight,11.983131396493501,11.982621010372503,-0.0005103861209985183,-1.8497885838088544e-05
adamw_grpo_mixed,AdamW + GRPO (Mixed),27,gate_proj,mlp,model.layers.27.mlp.gate_proj.weight,34.01131673372879,34.01125812522837,-5.860850041727872e-05,-7.483794424842203e-07
adamw_grpo_mixed,AdamW + GRPO (Mixed),27,up_proj,mlp,model.layers.27.mlp.up_proj.weight,27.05991417573715,27.06171260580318,0.0017984300660316421,2.8862704264437772e-05
adamw_grpo_mixed,AdamW + GRPO (Mixed),27,k_proj,attn,model.layers.27.self_attn.k_proj.weight,16.960271595775623,16.965529315595294,0.005257719819670825,0.0001346113378028728
adamw_grpo_mixed,AdamW + GRPO (Mixed),27,o_proj,attn,model.layers.27.self_attn.o_proj.weight,99634.79632267175,115860.15949582211,16225.363173150356,0.0655230846861172
adamw_grpo_mixed,AdamW + GRPO (Mixed),27,q_proj,attn,model.layers.27.self_attn.q_proj.weight,91711.44628086085,79902.6258512733,-11808.820429587548,-0.05986249045340522
adamw_grpo_mixed,AdamW + GRPO (Mixed),27,v_proj,attn,model.layers.27.self_attn.v_proj.weight,7.853791579470053,7.852859961151365,-0.0009316183186873772,-5.1519153458501554e-05
adamw_grpo_mixed,AdamW + GRPO (Mixed),3,down_proj,mlp,model.layers.3.mlp.down_proj.weight,10.758270959803003,10.758502987447558,0.0002320276445555436,9.366490156020142e-06
adamw_grpo_mixed,AdamW + GRPO (Mixed),3,gate_proj,mlp,model.layers.3.mlp.gate_proj.weight,13.999766940935217,14.000600262780004,0.0008333218447873492,2.5850166629187687e-05
adamw_grpo_mixed,AdamW + GRPO (Mixed),3,up_proj,mlp,model.layers.3.mlp.up_proj.weight,7.592358408260811,7.59249111598776,0.00013270772694884414,7.59101806433911e-06
adamw_grpo_mixed,AdamW + GRPO (Mixed),3,k_proj,attn,model.layers.3.self_attn.k_proj.weight,15.502942945207748,15.49701790397243,-0.005925041235316897,-0.00016601393514013393
adamw_grpo_mixed,AdamW + GRPO (Mixed),3,o_proj,attn,model.layers.3.self_attn.o_proj.weight,16528.241725287102,18422.71966607792,1894.4779407908172,0.04712708782922203
adamw_grpo_mixed,AdamW + GRPO (Mixed),3,q_proj,attn,model.layers.3.self_attn.q_proj.weight,75355.26316454641,83330.55715900491,7975.293994458494,0.043690694714200465
adamw_grpo_mixed,AdamW + GRPO (Mixed),3,v_proj,attn,model.layers.3.self_attn.v_proj.weight,3.891617107326821,3.891413017604504,-0.00020408972231678035,-2.2776486487374443e-05
adamw_grpo_mixed,AdamW + GRPO (Mixed),4,down_proj,mlp,model.layers.4.mlp.down_proj.weight,11.15720155550664,11.156526471649457,-0.0006750838571836226,-2.6278459048122585e-05
adamw_grpo_mixed,AdamW + GRPO (Mixed),4,gate_proj,mlp,model.layers.4.mlp.gate_proj.weight,17.495981170242754,17.496402438608165,0.0004212683654110094,1.0456819892695897e-05
adamw_grpo_mixed,AdamW + GRPO (Mixed),4,up_proj,mlp,model.layers.4.mlp.up_proj.weight,8.782003015120793,8.781816055776698,-0.0001869593440950723,-9.24575812992852e-06
adamw_grpo_mixed,AdamW + GRPO (Mixed),4,k_proj,attn,model.layers.4.self_attn.k_proj.weight,23.93670634239095,23.941581216397996,0.004874874007047225,8.843803721890679e-05
adamw_grpo_mixed,AdamW + GRPO (Mixed),4,o_proj,attn,model.layers.4.self_attn.o_proj.weight,8582.208719375358,8581.581082645782,-0.6276367295758973,-3.176211915437561e-05
adamw_grpo_mixed,AdamW + GRPO (Mixed),4,q_proj,attn,model.layers.4.self_attn.q_proj.weight,19385.367499083055,20237.178851487664,851.8113524046094,0.018675931314827667
adamw_grpo_mixed,AdamW + GRPO (Mixed),4,v_proj,attn,model.layers.4.self_attn.v_proj.weight,3.7875720759658726,3.7875595182888913,-1.2557676981383992e-05,-1.4399036506961618e-06
adamw_grpo_mixed,AdamW + GRPO (Mixed),5,down_proj,mlp,model.layers.5.mlp.down_proj.weight,12.388049471794826,12.388568737487091,0.0005192656922652361,1.8203793828543662e-05
adamw_grpo_mixed,AdamW + GRPO (Mixed),5,gate_proj,mlp,model.layers.5.mlp.gate_proj.weight,20.634483011844836,20.635323550814135,0.0008405389692995868,1.769048447988903e-05
adamw_grpo_mixed,AdamW + GRPO (Mixed),5,up_proj,mlp,model.layers.5.mlp.up_proj.weight,8.094579137228608,8.094593174542874,1.4037314265635814e-05,7.531364801987754e-07
adamw_grpo_mixed,AdamW + GRPO (Mixed),5,k_proj,attn,model.layers.5.self_attn.k_proj.weight,22.35050954040556,22.335690885052625,-0.01481865535293636,-0.00028803793670710207
adamw_grpo_mixed,AdamW + GRPO (Mixed),5,o_proj,attn,model.layers.5.self_attn.o_proj.weight,14934.50156341116,14689.496801666768,-245.00476174439245,-0.007183813670339509
adamw_grpo_mixed,AdamW + GRPO (Mixed),5,q_proj,attn,model.layers.5.self_attn.q_proj.weight,14969.234018258956,14661.574652141706,-307.6593661172501,-0.00901896187937097
adamw_grpo_mixed,AdamW + GRPO (Mixed),5,v_proj,attn,model.layers.5.self_attn.v_proj.weight,3.3558693468749854,3.356045114020855,0.00017576714586953202,2.2746029322377766e-05
adamw_grpo_mixed,AdamW + GRPO (Mixed),6,down_proj,mlp,model.layers.6.mlp.down_proj.weight,9.162314837809912,9.162334234148574,1.9396338661437085e-05,9.193870853223272e-07
adamw_grpo_mixed,AdamW + GRPO (Mixed),6,gate_proj,mlp,model.layers.6.mlp.gate_proj.weight,19.228406692239826,19.227920612399984,-0.00048607983984183534,-1.0978780711235239e-05
adamw_grpo_mixed,AdamW + GRPO (Mixed),6,up_proj,mlp,model.layers.6.mlp.up_proj.weight,7.421489572866498,7.420405985453511,-0.0010835874129861978,-6.341454608771068e-05
adamw_grpo_mixed,AdamW + GRPO (Mixed),6,k_proj,attn,model.layers.6.self_attn.k_proj.weight,22.193674123897594,22.19865958347283,0.00498545957523433,9.75464640651944e-05
adamw_grpo_mixed,AdamW + GRPO (Mixed),6,o_proj,attn,model.layers.6.self_attn.o_proj.weight,70513.61868597266,43186.66302773471,-27326.955658237952,-0.21292335476794527
adamw_grpo_mixed,AdamW + GRPO (Mixed),6,q_proj,attn,model.layers.6.self_attn.q_proj.weight,18604.75910456698,19339.203210627667,734.4441060606878,0.01681452573866002
adamw_grpo_mixed,AdamW + GRPO (Mixed),6,v_proj,attn,model.layers.6.self_attn.v_proj.weight,3.2802787964379356,3.2805039613770552,0.00022516493911961533,2.980982429256663e-05
adamw_grpo_mixed,AdamW + GRPO (Mixed),7,down_proj,mlp,model.layers.7.mlp.down_proj.weight,7.967968298583799,7.968315257816453,0.00034695923265370965,1.8910617356621946e-05
adamw_grpo_mixed,AdamW + GRPO (Mixed),7,gate_proj,mlp,model.layers.7.mlp.gate_proj.weight,16.82272426896548,16.823351823799324,0.0006275548338443571,1.620061731480679e-05
adamw_grpo_mixed,AdamW + GRPO (Mixed),7,up_proj,mlp,model.layers.7.mlp.up_proj.weight,8.451906164480205,8.45124730724166,-0.0006588572385446412,-3.38561752616999e-05
adamw_grpo_mixed,AdamW + GRPO (Mixed),7,k_proj,attn,model.layers.7.self_attn.k_proj.weight,30.442592542837964,30.444261894791282,0.0016693519533177437,2.3814347072379608e-05
adamw_grpo_mixed,AdamW + GRPO (Mixed),7,o_proj,attn,model.layers.7.self_attn.o_proj.weight,9457.463639954845,9372.916076921096,-84.54756303374961,-0.0038999518208229045
adamw_grpo_mixed,AdamW + GRPO (Mixed),7,q_proj,attn,model.layers.7.self_attn.q_proj.weight,9030.470682093728,9459.48625703968,429.0155749459518,0.020157163585463655
adamw_grpo_mixed,AdamW + GRPO (Mixed),7,v_proj,attn,model.layers.7.self_attn.v_proj.weight,4.6148320901395445,4.615596039188643,0.000763949049098045,7.18880755231909e-05
adamw_grpo_mixed,AdamW + GRPO (Mixed),8,down_proj,mlp,model.layers.8.mlp.down_proj.weight,8.059006885143106,8.059122991910307,0.00011610676720152924,6.256870827167595e-06
adamw_grpo_mixed,AdamW + GRPO (Mixed),8,gate_proj,mlp,model.layers.8.mlp.gate_proj.weight,15.70276662952571,15.70222957600144,-0.000537053524270803,-1.4853648163121257e-05
adamw_grpo_mixed,AdamW + GRPO (Mixed),8,up_proj,mlp,model.layers.8.mlp.up_proj.weight,11.03707620181019,11.036899808623417,-0.000176393186773538,-6.940896159939152e-06
adamw_grpo_mixed,AdamW + GRPO (Mixed),8,k_proj,attn,model.layers.8.self_attn.k_proj.weight,26.24428190856445,26.248564267050376,0.0042823584859270625,7.085935702074589e-05
adamw_grpo_mixed,AdamW + GRPO (Mixed),8,o_proj,attn,model.layers.8.self_attn.o_proj.weight,8728.55329977634,8754.198785366727,25.64548559038667,0.001274135881136454
adamw_grpo_mixed,AdamW + GRPO (Mixed),8,q_proj,attn,model.layers.8.self_attn.q_proj.weight,20459.276858621644,19240.454406277408,-1218.8224523442368,-0.026674954677594308
adamw_grpo_mixed,AdamW + GRPO (Mixed),8,v_proj,attn,model.layers.8.self_attn.v_proj.weight,2.614956506444022,2.6150915723207007,0.00013506587667855285,2.2431290903859638e-05
adamw_grpo_mixed,AdamW + GRPO (Mixed),9,down_proj,mlp,model.layers.9.mlp.down_proj.weight,11.96143651469935,11.961303291618824,-0.0001332230805264345,-4.8370754523799884e-06
adamw_grpo_mixed,AdamW + GRPO (Mixed),9,gate_proj,mlp,model.layers.9.mlp.gate_proj.weight,17.04541620966512,17.045724447143602,0.0003082374784817432,7.853409034969001e-06
adamw_grpo_mixed,AdamW + GRPO (Mixed),9,up_proj,mlp,model.layers.9.mlp.up_proj.weight,8.607523542303687,8.608033504834651,0.0005099625309643585,2.5729508796458738e-05
adamw_grpo_mixed,AdamW + GRPO (Mixed),9,k_proj,attn,model.layers.9.self_attn.k_proj.weight,29.979145885547403,29.9754563775001,-0.003689508047301615,-5.345154258125776e-05
adamw_grpo_mixed,AdamW + GRPO (Mixed),9,o_proj,attn,model.layers.9.self_attn.o_proj.weight,26480.436490575365,24033.922675633174,-2446.513814942191,-0.04210047994222654
adamw_grpo_mixed,AdamW + GRPO (Mixed),9,q_proj,attn,model.layers.9.self_attn.q_proj.weight,35295.52653603585,40227.62767809638,4932.101142060528,0.056804756862505634
adamw_grpo_mixed,AdamW + GRPO (Mixed),9,v_proj,attn,model.layers.9.self_attn.v_proj.weight,3.911800039733773,3.911999483915787,0.00019944418201367498,2.2142057053829728e-05
muon_grpo_fp32,Muon + GRPO (FP32),-1,embed,embed,model.embed_tokens.weight,69.18641058154057,69.18251597378801,-0.003894607752556567,-2.444778171903218e-05
muon_grpo_fp32,Muon + GRPO (FP32),0,down_proj,mlp,model.layers.0.mlp.down_proj.weight,10.546793843948734,10.547186579857366,0.0003927359086315363,1.617172620405044e-05
muon_grpo_fp32,Muon + GRPO (FP32),0,gate_proj,mlp,model.layers.0.mlp.gate_proj.weight,50.790417231602824,50.78717050716553,-0.0032467244372966775,-2.7762709063065573e-05
muon_grpo_fp32,Muon + GRPO (FP32),0,up_proj,mlp,model.layers.0.mlp.up_proj.weight,30.557746350661454,30.558449388009034,0.0007030373475807039,9.991631087267166e-06
muon_grpo_fp32,Muon + GRPO (FP32),0,k_proj,attn,model.layers.0.self_attn.k_proj.weight,18.73935745084044,18.741862032436316,0.0025045815958755213,5.804111942885996e-05
muon_grpo_fp32,Muon + GRPO (FP32),0,o_proj,attn,model.layers.0.self_attn.o_proj.weight,38555.79005042446,37567.20262806982,-988.5874223546416,-0.011280749386494123
muon_grpo_fp32,Muon + GRPO (FP32),0,q_proj,attn,model.layers.0.self_attn.q_proj.weight,184976.8751259078,189763.18660917293,4786.311483265134,0.011094526165170726
muon_grpo_fp32,Muon + GRPO (FP32),0,v_proj,attn,model.layers.0.self_attn.v_proj.weight,7.7755061789352835,7.772807534133377,-0.0026986448019066245,-0.00015075674178976876
muon_grpo_fp32,Muon + GRPO (FP32),1,down_proj,mlp,model.layers.1.mlp.down_proj.weight,8.998430005007657,8.998752220633756,0.0003222156260989095,1.5550930879993194e-05
muon_grpo_fp32,Muon + GRPO (FP32),1,gate_proj,mlp,model.layers.1.mlp.gate_proj.weight,33.91668364456576,33.91573846724577,-0.0009451773199913305,-1.2102923107825256e-05
muon_grpo_fp32,Muon + GRPO (FP32),1,up_proj,mlp,model.layers.1.mlp.up_proj.weight,37.735381088331756,37.73337179853847,-0.002009289793285518,-2.3125424406664377e-05
muon_grpo_fp32,Muon + GRPO (FP32),1,k_proj,attn,model.layers.1.self_attn.k_proj.weight,30.087513316132128,30.088317590315246,0.0008042741831175704,1.1609040853222228e-05
muon_grpo_fp32,Muon + GRPO (FP32),1,o_proj,attn,model.layers.1.self_attn.o_proj.weight,49034.98587834326,64992.31115123082,15957.32527288756,0.12235592635516807
muon_grpo_fp32,Muon + GRPO (FP32),1,q_proj,attn,model.layers.1.self_attn.q_proj.weight,1074758.1049613138,685684.2549458704,-389073.8500154434,-0.19518655182692715
muon_grpo_fp32,Muon + GRPO (FP32),1,v_proj,attn,model.layers.1.self_attn.v_proj.weight,3.341969736117407,3.341859085779044,-0.0001106503383634383,-1.4379432106016672e-05
muon_grpo_fp32,Muon + GRPO (FP32),10,down_proj,mlp,model.layers.10.mlp.down_proj.weight,13.491719978091211,13.491557912844627,-0.0001620652465845751,-5.216863761733547e-06
muon_grpo_fp32,Muon + GRPO (FP32),10,gate_proj,mlp,model.layers.10.mlp.gate_proj.weight,16.210019773701827,16.209262131521783,-0.0007576421800443711,-2.0299019520063822e-05
muon_grpo_fp32,Muon + GRPO (FP32),10,up_proj,mlp,model.layers.10.mlp.up_proj.weight,8.538043575643336,8.538101728550348,5.8152907012498645e-05,2.9579845067363586e-06
muon_grpo_fp32,Muon + GRPO (FP32),10,k_proj,attn,model.layers.10.self_attn.k_proj.weight,24.034098760920294,24.038623127431755,0.004524366511461153,8.174729196323091e-05
muon_grpo_fp32,Muon + GRPO (FP32),10,o_proj,attn,model.layers.10.self_attn.o_proj.weight,15508.710116684786,15265.008872730963,-243.701243953823,-0.006878617307602112
muon_grpo_fp32,Muon + GRPO (FP32),10,q_proj,attn,model.layers.10.self_attn.q_proj.weight,12813.850813777506,12573.509965574565,-240.34084820294083,-0.008223133036461475
muon_grpo_fp32,Muon + GRPO (FP32),10,v_proj,attn,model.layers.10.self_attn.v_proj.weight,3.2994636012714755,3.2994465377089783,-1.7063562497199314e-05,-2.246010592093105e-06
muon_grpo_fp32,Muon + GRPO (FP32),11,down_proj,mlp,model.layers.11.mlp.down_proj.weight,16.054627449194015,16.053545780911147,-0.0010816682828682644,-2.9261245310384368e-05
muon_grpo_fp32,Muon + GRPO (FP32),11,gate_proj,mlp,model.layers.11.mlp.gate_proj.weight,13.225697438590451,13.226170408956186,0.00047297036573468176,1.5530730846582572e-05
muon_grpo_fp32,Muon + GRPO (FP32),11,up_proj,mlp,model.layers.11.mlp.up_proj.weight,6.605510357941471,6.60512944418635,-0.00038091375512117054,-2.5044773675431703e-05
muon_grpo_fp32,Muon + GRPO (FP32),11,k_proj,attn,model.layers.11.self_attn.k_proj.weight,21.610944081803808,21.61129968084048,0.0003555990366734818,7.146075074190128e-06
muon_grpo_fp32,Muon + GRPO (FP32),11,o_proj,attn,model.layers.11.self_attn.o_proj.weight,139258.46738802953,335966.33664440026,196707.86925637073,0.38247415264312173
muon_grpo_fp32,Muon + GRPO (FP32),11,q_proj,attn,model.layers.11.self_attn.q_proj.weight,28543.812668067454,28394.090912313535,-149.72175575391884,-0.0022840139213649367
muon_grpo_fp32,Muon + GRPO (FP32),11,v_proj,attn,model.layers.11.self_attn.v_proj.weight,2.8678401021237847,2.867927034017083,8.693189329811446e-05,1.3164426193586832e-05
muon_grpo_fp32,Muon + GRPO (FP32),12,down_proj,mlp,model.layers.12.mlp.down_proj.weight,14.145448240851502,14.145334799407074,-0.0001134414444283749,-3.4829006510296987e-06
muon_grpo_fp32,Muon + GRPO (FP32),12,gate_proj,mlp,model.layers.12.mlp.gate_proj.weight,18.888272791501652,18.88797254924639,-0.00030024225526403825,-6.903468225723565e-06
muon_grpo_fp32,Muon + GRPO (FP32),12,up_proj,mlp,model.layers.12.mlp.up_proj.weight,8.061255117094625,8.060892135635395,-0.0003629814592294167,-1.9555812551749445e-05
muon_grpo_fp32,Muon + GRPO (FP32),12,k_proj,attn,model.layers.12.self_attn.k_proj.weight,20.867707840632306,20.865102943986585,-0.0026048966457210554,-5.421596194287575e-05
muon_grpo_fp32,Muon + GRPO (FP32),12,o_proj,attn,model.layers.12.self_attn.o_proj.weight,102000.14319866779,83205.96748230913,-18794.17571635866,-0.0884463067225523
muon_grpo_fp32,Muon + GRPO (FP32),12,q_proj,attn,model.layers.12.self_attn.q_proj.weight,14798.684955393119,14142.30925312476,-656.3757022683585,-0.019702794890909685
muon_grpo_fp32,Muon + GRPO (FP32),12,v_proj,attn,model.layers.12.self_attn.v_proj.weight,2.550671517667282,2.550692005883539,2.048821625733055e-05,3.4884474409661945e-06
muon_grpo_fp32,Muon + GRPO (FP32),13,down_proj,mlp,model.layers.13.mlp.down_proj.weight,30.005646690345184,30.004894849953143,-0.0007518403920414585,-1.0882092551447041e-05
muon_grpo_fp32,Muon + GRPO (FP32),13,gate_proj,mlp,model.layers.13.mlp.gate_proj.weight,12.316046719506732,12.31659455443381,0.0005478349270777727,1.931759434299923e-05
muon_grpo_fp32,Muon + GRPO (FP32),13,up_proj,mlp,model.layers.13.mlp.up_proj.weight,6.311217662216599,6.311111550144868,-0.0001061120717311681,-7.301962489161759e-06
muon_grpo_fp32,Muon + GRPO (FP32),13,k_proj,attn,model.layers.13.self_attn.k_proj.weight,41.906820743475016,41.90211577665736,-0.0047049668176555315,-4.876189135512457e-05
muon_grpo_fp32,Muon + GRPO (FP32),13,o_proj,attn,model.layers.13.self_attn.o_proj.weight,9641.296136551193,9715.256243688864,73.960107137671,0.003318837166442559
muon_grpo_fp32,Muon + GRPO (FP32),13,q_proj,attn,model.layers.13.self_attn.q_proj.weight,57124.68510683214,51758.391679802364,-5366.293427029777,-0.04284304631485269
muon_grpo_fp32,Muon + GRPO (FP32),13,v_proj,attn,model.layers.13.self_attn.v_proj.weight,3.7001013163270056,3.7000953673606483,-5.948966357305352e-06,-6.98252593122763e-07
muon_grpo_fp32,Muon + GRPO (FP32),14,down_proj,mlp,model.layers.14.mlp.down_proj.weight,12.14858893422566,12.148938421338961,0.00034948711330073934,1.2493479076436313e-05
muon_grpo_fp32,Muon + GRPO (FP32),14,gate_proj,mlp,model.layers.14.mlp.gate_proj.weight,13.416229041756727,13.416212816706015,-1.6225050712748157e-05,-5.252186908875701e-07
muon_grpo_fp32,Muon + GRPO (FP32),14,up_proj,mlp,model.layers.14.mlp.up_proj.weight,6.92702720942221,6.92764389799894,0.0006166885767298069,3.866197097376484e-05
muon_grpo_fp32,Muon + GRPO (FP32),14,k_proj,attn,model.layers.14.self_attn.k_proj.weight,23.136335100841148,23.13654386766871,0.0002087668275621013,3.918765516054442e-06
muon_grpo_fp32,Muon + GRPO (FP32),14,o_proj,attn,model.layers.14.self_attn.o_proj.weight,6453.263467239998,6486.388602800444,33.125135560445415,0.002223567517052024
muon_grpo_fp32,Muon + GRPO (FP32),14,q_proj,attn,model.layers.14.self_attn.q_proj.weight,12016.462412922161,12381.664752008326,365.202339086165,0.013002408471017093
muon_grpo_fp32,Muon + GRPO (FP32),14,v_proj,attn,model.layers.14.self_attn.v_proj.weight,6.809948120874071,6.809562170356507,-0.0003859505175638489,-2.4614127310928288e-05
muon_grpo_fp32,Muon + GRPO (FP32),15,down_proj,mlp,model.layers.15.mlp.down_proj.weight,12.83113835849419,12.83092193825749,-0.000216420236700543,-7.325219681223915e-06
muon_grpo_fp32,Muon + GRPO (FP32),15,gate_proj,mlp,model.layers.15.mlp.gate_proj.weight,16.831657108500657,16.830880516595165,-0.0007765919054918413,-2.0038274182512025e-05
muon_grpo_fp32,Muon + GRPO (FP32),15,up_proj,mlp,model.layers.15.mlp.up_proj.weight,9.399973299687645,9.40048798790086,0.0005146882132152086,2.37788049491396e-05
muon_grpo_fp32,Muon + GRPO (FP32),15,k_proj,attn,model.layers.15.self_attn.k_proj.weight,25.442585553328566,25.439654792943823,-0.0029307603847428254,-5.002975716558947e-05
muon_grpo_fp32,Muon + GRPO (FP32),15,o_proj,attn,model.layers.15.self_attn.o_proj.weight,29248.74824238646,31784.537806377193,2535.789563990733,0.036108616205258626
muon_grpo_fp32,Muon + GRPO (FP32),15,q_proj,attn,model.layers.15.self_attn.q_proj.weight,23869.157071525828,22067.721098505248,-1801.4359730205797,-0.03407959584747661
muon_grpo_fp32,Muon + GRPO (FP32),15,v_proj,attn,model.layers.15.self_attn.v_proj.weight,3.3575600712900404,3.3575605186631003,4.473730599308112e-07,5.786691352774335e-08
muon_grpo_fp32,Muon + GRPO (FP32),16,down_proj,mlp,model.layers.16.mlp.down_proj.weight,9.686499227673869,9.686369952911363,-0.00012927476250546022,-5.79607651121232e-06
muon_grpo_fp32,Muon + GRPO (FP32),16,gate_proj,mlp,model.layers.16.mlp.gate_proj.weight,12.919883539201004,12.918817758957013,-0.0010657802439908437,-3.582706992956045e-05
muon_grpo_fp32,Muon + GRPO (FP32),16,up_proj,mlp,model.layers.16.mlp.up_proj.weight,6.159145316251316,6.159296621365971,0.00015130511465422103,1.0668715526579705e-05
muon_grpo_fp32,Muon + GRPO (FP32),16,k_proj,attn,model.layers.16.self_attn.k_proj.weight,20.671141321487564,20.667269640482736,-0.0038716810048278205,-8.135047583468627e-05
muon_grpo_fp32,Muon + GRPO (FP32),16,o_proj,attn,model.layers.16.self_attn.o_proj.weight,41529.00729033527,35697.46974770331,-5831.537542631959,-0.06571411563585647
muon_grpo_fp32,Muon + GRPO (FP32),16,q_proj,attn,model.layers.16.self_attn.q_proj.weight,103943.38985456145,102273.45779916784,-1669.9320553936122,-0.007033936738689278
muon_grpo_fp32,Muon + GRPO (FP32),16,v_proj,attn,model.layers.16.self_attn.v_proj.weight,2.78870242790059,2.78852698049782,-0.00017544740276997928,-2.732390344124337e-05
muon_grpo_fp32,Muon + GRPO (FP32),17,down_proj,mlp,model.layers.17.mlp.down_proj.weight,6.7996349709306605,6.79974724050608,0.0001122695754194325,7.170628243710174e-06
muon_grpo_fp32,Muon + GRPO (FP32),17,gate_proj,mlp,model.layers.17.mlp.gate_proj.weight,17.968770886906377,17.968032363478976,-0.0007385234274011054,-1.7850037861588878e-05
muon_grpo_fp32,Muon + GRPO (FP32),17,up_proj,mlp,model.layers.17.mlp.up_proj.weight,12.572357420855843,12.572340298233721,-1.7122622121945597e-05,-5.914774069914707e-07
muon_grpo_fp32,Muon + GRPO (FP32),17,k_proj,attn,model.layers.17.self_attn.k_proj.weight,15.488632202364206,15.489386104561582,0.0007539021973759219,2.113857387745713e-05
muon_grpo_fp32,Muon + GRPO (FP32),17,o_proj,attn,model.layers.17.self_attn.o_proj.weight,57591.66094582242,50828.71000959021,-6762.950936232206,-0.05425051597126687
muon_grpo_fp32,Muon + GRPO (FP32),17,q_proj,attn,model.layers.17.self_attn.q_proj.weight,13024.993728263826,13636.93652781589,611.9427995520637,0.01993929625917773
muon_grpo_fp32,Muon + GRPO (FP32),17,v_proj,attn,model.layers.17.self_attn.v_proj.weight,4.045377579425002,4.045173445130521,-0.0002041342944814062,-2.1915540093680106e-05
muon_grpo_fp32,Muon + GRPO (FP32),18,down_proj,mlp,model.layers.18.mlp.down_proj.weight,6.643981466821017,6.643986550055815,5.083234798419767e-06,3.3227365088015305e-07
muon_grpo_fp32,Muon + GRPO (FP32),18,gate_proj,mlp,model.layers.18.mlp.gate_proj.weight,18.455846043796296,18.45566368960845,-0.00018235418784584567,-4.291096089325978e-06
muon_grpo_fp32,Muon + GRPO (FP32),18,up_proj,mlp,model.layers.18.mlp.up_proj.weight,10.672724442726581,10.67401681303978,0.0012923703131981767,5.2585946450387056e-05
muon_grpo_fp32,Muon + GRPO (FP32),18,k_proj,attn,model.layers.18.self_attn.k_proj.weight,22.852605445749074,22.84773081819294,-0.0048746275561342145,-9.264806476542501e-05
muon_grpo_fp32,Muon + GRPO (FP32),18,o_proj,attn,model.layers.18.self_attn.o_proj.weight,21937.349567301397,25351.48916916642,3414.139601865023,0.06281931956658311
muon_grpo_fp32,Muon + GRPO (FP32),18,q_proj,attn,model.layers.18.self_attn.q_proj.weight,33741.713223670544,35665.64634317184,1923.9331195012928,0.02408296887524349
muon_grpo_fp32,Muon + GRPO (FP32),18,v_proj,attn,model.layers.18.self_attn.v_proj.weight,2.1434580875579408,2.1434846640801997,2.6576522258903168e-05,5.384740424102409e-06
muon_grpo_fp32,Muon + GRPO (FP32),19,down_proj,mlp,model.layers.19.mlp.down_proj.weight,7.114441587440737,7.114444305456766,2.7180160291351285e-06,1.6591873346745753e-07
muon_grpo_fp32,Muon + GRPO (FP32),19,gate_proj,mlp,model.layers.19.mlp.gate_proj.weight,18.805480505433707,18.805639138028823,0.00015863259511661454,3.6634517325102763e-06
muon_grpo_fp32,Muon + GRPO (FP32),19,up_proj,mlp,model.layers.19.mlp.up_proj.weight,10.390484231630769,10.3907893483228,0.0003051166920311488,1.275287534094966e-05
muon_grpo_fp32,Muon + GRPO (FP32),19,k_proj,attn,model.layers.19.self_attn.k_proj.weight,22.401692950673606,22.399445617289672,-0.002247333383934347,-4.357052162758383e-05
muon_grpo_fp32,Muon + GRPO (FP32),19,o_proj,attn,model.layers.19.self_attn.o_proj.weight,24022.826455842358,25664.897677804653,1642.0712219622947,0.028715433233758542
muon_grpo_fp32,Muon + GRPO (FP32),19,q_proj,attn,model.layers.19.self_attn.q_proj.weight,25682.89091427411,27885.019411563495,2202.1284972893845,0.035727044004452806
muon_grpo_fp32,Muon + GRPO (FP32),19,v_proj,attn,model.layers.19.self_attn.v_proj.weight,3.008918396896258,3.008804943872565,-0.00011345302369303312,-1.637563555542625e-05
muon_grpo_fp32,Muon + GRPO (FP32),2,down_proj,mlp,model.layers.2.mlp.down_proj.weight,13.20255066881167,13.203256461198512,0.0007057923868423188,2.3216237060151358e-05
muon_grpo_fp32,Muon + GRPO (FP32),2,gate_proj,mlp,model.layers.2.mlp.gate_proj.weight,17.38657445257771,17.387794615448648,0.0012201628709362922,3.0477044805740003e-05
muon_grpo_fp32,Muon + GRPO (FP32),2,up_proj,mlp,model.layers.2.mlp.up_proj.weight,8.916099391549464,8.916730536571034,0.0006311450215701342,3.074136874161459e-05
muon_grpo_fp32,Muon + GRPO (FP32),2,k_proj,attn,model.layers.2.self_attn.k_proj.weight,17.246031056628958,17.246486903088588,0.0004558464596300382,1.147910409184877e-05
muon_grpo_fp32,Muon + GRPO (FP32),2,o_proj,attn,model.layers.2.self_attn.o_proj.weight,31093.030750193404,26331.688686303245,-4761.342063890159,-0.07218434447741531
muon_grpo_fp32,Muon + GRPO (FP32),2,q_proj,attn,model.layers.2.self_attn.q_proj.weight,24610.069351651575,23257.346259671725,-1352.7230919798494,-0.02455267877588301
muon_grpo_fp32,Muon + GRPO (FP32),2,v_proj,attn,model.layers.2.self_attn.v_proj.weight,3.1911166787384015,3.191206551158898,8.987242049629529e-05,1.2230999557192954e-05
muon_grpo_fp32,Muon + GRPO (FP32),20,down_proj,mlp,model.layers.20.mlp.down_proj.weight,7.516513788547348,7.516651587584946,0.0001377990375974747,7.961777861737483e-06
muon_grpo_fp32,Muon + GRPO (FP32),20,gate_proj,mlp,model.layers.20.mlp.gate_proj.weight,19.204884886797178,19.204875550196707,-9.336600470533085e-06,-2.1113560814661735e-07
muon_grpo_fp32,Muon + GRPO (FP32),20,up_proj,mlp,model.layers.20.mlp.up_proj.weight,11.187456334212877,11.188444079688047,0.0009877454751698878,3.834235956851961e-05
muon_grpo_fp32,Muon + GRPO (FP32),20,k_proj,attn,model.layers.20.self_attn.k_proj.weight,22.072850031907265,22.072402659119383,-0.00044737278788176127,-8.802374946044227e-06
muon_grpo_fp32,Muon + GRPO (FP32),20,o_proj,attn,model.layers.20.self_attn.o_proj.weight,123534.76145527787,104524.72530483743,-19010.036150440443,-0.07257014606707345
muon_grpo_fp32,Muon + GRPO (FP32),20,q_proj,attn,model.layers.20.self_attn.q_proj.weight,9243.896257866112,9460.656536147773,216.76027828166116,0.010066213103911807
muon_grpo_fp32,Muon + GRPO (FP32),20,v_proj,attn,model.layers.20.self_attn.v_proj.weight,6.942409244310096,6.94243449406458,2.5249754483702702e-05,1.5795394241589736e-06
muon_grpo_fp32,Muon + GRPO (FP32),21,down_proj,mlp,model.layers.21.mlp.down_proj.weight,9.390981919055381,9.390663836598938,-0.0003180824564434914,-1.4710261010587917e-05
muon_grpo_fp32,Muon + GRPO (FP32),21,gate_proj,mlp,model.layers.21.mlp.gate_proj.weight,17.629945642520745,17.630477942092366,0.000532299571620598,1.3112421416980331e-05
muon_grpo_fp32,Muon + GRPO (FP32),21,up_proj,mlp,model.layers.21.mlp.up_proj.weight,8.16699577216017,8.16770417252639,0.0007084003662196636,3.766881194785168e-05
muon_grpo_fp32,Muon + GRPO (FP32),21,k_proj,attn,model.layers.21.self_attn.k_proj.weight,29.992183020775197,29.99375349565924,0.0015704748840441596,2.2740282668659258e-05
muon_grpo_fp32,Muon + GRPO (FP32),21,o_proj,attn,model.layers.21.self_attn.o_proj.weight,298850.6543733745,967051.379173251,668200.7247998766,0.5099953375256646
muon_grpo_fp32,Muon + GRPO (FP32),21,q_proj,attn,model.layers.21.self_attn.q_proj.weight,14032.644030663625,14189.899710306734,157.25567964310903,0.00483981751226383
muon_grpo_fp32,Muon + GRPO (FP32),21,v_proj,attn,model.layers.21.self_attn.v_proj.weight,4.366601968716395,4.366749425606658,0.00014745689026263165,1.4665552976001958e-05
muon_grpo_fp32,Muon + GRPO (FP32),22,down_proj,mlp,model.layers.22.mlp.down_proj.weight,9.904782336268656,9.904916362894083,0.00013402662542638666,5.876618795253978e-06
muon_grpo_fp32,Muon + GRPO (FP32),22,gate_proj,mlp,model.layers.22.mlp.gate_proj.weight,22.904187063530273,22.903653812666683,-0.00053325086359024,-1.0111278030512335e-05
muon_grpo_fp32,Muon + GRPO (FP32),22,up_proj,mlp,model.layers.22.mlp.up_proj.weight,12.79968858450657,12.799841583823271,0.00015299931670043065,5.191248319134015e-06
muon_grpo_fp32,Muon + GRPO (FP32),22,k_proj,attn,model.layers.22.self_attn.k_proj.weight,20.39377999771742,20.393311018940725,-0.00046897877669493937,-9.98722339742096e-06
muon_grpo_fp32,Muon + GRPO (FP32),22,o_proj,attn,model.layers.22.self_attn.o_proj.weight,35374.77308841131,38784.168085288766,3409.394996877454,0.03996081756921946
muon_grpo_fp32,Muon + GRPO (FP32),22,q_proj,attn,model.layers.22.self_attn.q_proj.weight,47977.340735145204,43720.41628055601,-4256.9244545891925,-0.04035188403565063
muon_grpo_fp32,Muon + GRPO (FP32),22,v_proj,attn,model.layers.22.self_attn.v_proj.weight,5.233505964972921,5.233362898217175,-0.00014306675574626837,-1.1872338018237536e-05
muon_grpo_fp32,Muon + GRPO (FP32),23,down_proj,mlp,model.layers.23.mlp.down_proj.weight,11.80645745879601,11.805505640850877,-0.0009518179451326603,-3.5013546296593376e-05
muon_grpo_fp32,Muon + GRPO (FP32),23,gate_proj,mlp,model.layers.23.mlp.gate_proj.weight,19.84423847022627,19.843007890957974,-0.0012305792682951733,-2.6932268420572057e-05
muon_grpo_fp32,Muon + GRPO (FP32),23,up_proj,mlp,model.layers.23.mlp.up_proj.weight,10.79189058648552,10.792423604796834,0.0005330183113141373,2.1449549830776467e-05
muon_grpo_fp32,Muon + GRPO (FP32),23,k_proj,attn,model.layers.23.self_attn.k_proj.weight,16.001526800630636,16.000009241275137,-0.0015175593554985767,-4.1189751247226016e-05
muon_grpo_fp32,Muon + GRPO (FP32),23,o_proj,attn,model.layers.23.self_attn.o_proj.weight,13053.866526333686,13296.126623326723,242.26009699303722,0.00798597459487632
muon_grpo_fp32,Muon + GRPO (FP32),23,q_proj,attn,model.layers.23.self_attn.q_proj.weight,764874.9518123881,186170.44067104414,-578704.511141344,-0.6136797121047695
muon_grpo_fp32,Muon + GRPO (FP32),23,v_proj,attn,model.layers.23.self_attn.v_proj.weight,4.042193780833294,4.041986146902116,-0.000207633931178286,-2.2308823255444227e-05
muon_grpo_fp32,Muon + GRPO (FP32),24,down_proj,mlp,model.layers.24.mlp.down_proj.weight,10.013056479364716,10.012000985775481,-0.001055493589234402,-4.5782144966259784e-05
muon_grpo_fp32,Muon + GRPO (FP32),24,gate_proj,mlp,model.layers.24.mlp.gate_proj.weight,21.0475855955308,21.04850895816188,0.0009233626310773957,1.9052185234212107e-05
muon_grpo_fp32,Muon + GRPO (FP32),24,up_proj,mlp,model.layers.24.mlp.up_proj.weight,13.895235392599337,13.894766309228913,-0.0004690833704241726,-1.4661411073866786e-05
muon_grpo_fp32,Muon + GRPO (FP32),24,k_proj,attn,model.layers.24.self_attn.k_proj.weight,31.211181081905732,31.21152405271918,0.00034297081344902836,4.772312619782721e-06
muon_grpo_fp32,Muon + GRPO (FP32),24,o_proj,attn,model.layers.24.self_attn.o_proj.weight,13596.107700858232,14673.858121634312,1077.7504207760794,0.03312971949374407
muon_grpo_fp32,Muon + GRPO (FP32),24,q_proj,attn,model.layers.24.self_attn.q_proj.weight,119825.2524376554,106003.33595813738,-13821.916479518026,-0.05322881973647062
muon_grpo_fp32,Muon + GRPO (FP32),24,v_proj,attn,model.layers.24.self_attn.v_proj.weight,3.6003445004354857,3.59961671487386,-0.0007277855616258933,-8.779859920004584e-05
muon_grpo_fp32,Muon + GRPO (FP32),25,down_proj,mlp,model.layers.25.mlp.down_proj.weight,9.428473935149443,9.42883663841474,0.00036270326529752595,1.670652091052604e-05
muon_grpo_fp32,Muon + GRPO (FP32),25,gate_proj,mlp,model.layers.25.mlp.gate_proj.weight,21.338091581274373,21.33846695635009,0.0003753750757162777,7.639947063098416e-06
muon_grpo_fp32,Muon + GRPO (FP32),25,up_proj,mlp,model.layers.25.mlp.up_proj.weight,18.112209505291784,18.11361852687265,0.0014090215808657547,3.378419934078043e-05
muon_grpo_fp32,Muon + GRPO (FP32),25,k_proj,attn,model.layers.25.self_attn.k_proj.weight,22.462953951457504,22.46238791880883,-0.000566032648674053,-1.0943705520093985e-05
muon_grpo_fp32,Muon + GRPO (FP32),25,o_proj,attn,model.layers.25.self_attn.o_proj.weight,16296.613319126418,16039.39919835827,-257.21412076814886,-0.006909264359187817
muon_grpo_fp32,Muon + GRPO (FP32),25,q_proj,attn,model.layers.25.self_attn.q_proj.weight,24555.210708810777,23796.3250371492,-758.8856716615774,-0.013633772795071001
muon_grpo_fp32,Muon + GRPO (FP32),25,v_proj,attn,model.layers.25.self_attn.v_proj.weight,4.337190824833435,4.337337883579207,0.0001470587457719219,1.4725134692021568e-05
muon_grpo_fp32,Muon + GRPO (FP32),26,down_proj,mlp,model.layers.26.mlp.down_proj.weight,8.741682232718533,8.741655821298094,-2.6411420439131916e-05,-1.3121446397252844e-06
muon_grpo_fp32,Muon + GRPO (FP32),26,gate_proj,mlp,model.layers.26.mlp.gate_proj.weight,20.0336868429297,20.033384465880392,-0.0003023770493086886,-6.555042816042148e-06
muon_grpo_fp32,Muon + GRPO (FP32),26,up_proj,mlp,model.layers.26.mlp.up_proj.weight,18.54966977174175,18.54924227964545,-0.00042749209629988627,-1.0008781833367366e-05
muon_grpo_fp32,Muon + GRPO (FP32),26,k_proj,attn,model.layers.26.self_attn.k_proj.weight,18.924022446774764,18.924384622192466,0.00036217541770255934,8.311619831601666e-06
muon_grpo_fp32,Muon + GRPO (FP32),26,o_proj,attn,model.layers.26.self_attn.o_proj.weight,32723.99759321507,32892.73008021823,168.7324870031589,0.0022335691566339444
muon_grpo_fp32,Muon + GRPO (FP32),26,q_proj,attn,model.layers.26.self_attn.q_proj.weight,48120.87790718429,51270.485913464305,3149.6080062800174,0.027533891546774655
muon_grpo_fp32,Muon + GRPO (FP32),26,v_proj,attn,model.layers.26.self_attn.v_proj.weight,4.835564685889436,4.8338244535607915,-0.0017402323286441757,-0.00015632286483048687
muon_grpo_fp32,Muon + GRPO (FP32),27,down_proj,mlp,model.layers.27.mlp.down_proj.weight,11.983131396493501,11.983529287036863,0.00039789054336125673,1.4420170559514475e-05
muon_grpo_fp32,Muon + GRPO (FP32),27,gate_proj,mlp,model.layers.27.mlp.gate_proj.weight,34.01131673372879,34.01168035434983,0.0003636206210373416,4.643089425150098e-06
muon_grpo_fp32,Muon + GRPO (FP32),27,up_proj,mlp,model.layers.27.mlp.up_proj.weight,27.05991417573715,27.05983096134565,-8.321439149838739e-05,-1.3355403263906043e-06
muon_grpo_fp32,Muon + GRPO (FP32),27,k_proj,attn,model.layers.27.self_attn.k_proj.weight,16.960271595775623,16.960897988634095,0.0006263928584715472,1.6039480082936448e-05
muon_grpo_fp32,Muon + GRPO (FP32),27,o_proj,attn,model.layers.27.self_attn.o_proj.weight,99634.79632267175,100210.40671513964,575.61039246789,0.0025017874301744357
muon_grpo_fp32,Muon + GRPO (FP32),27,q_proj,attn,model.layers.27.self_attn.q_proj.weight,91711.44628086085,60823.97446839752,-30887.47181246333,-0.1783487471044379
muon_grpo_fp32,Muon + GRPO (FP32),27,v_proj,attn,model.layers.27.self_attn.v_proj.weight,7.853791579470053,7.852980018199512,-0.0008115612705408282,-4.4879570527171596e-05
muon_grpo_fp32,Muon + GRPO (FP32),3,down_proj,mlp,model.layers.3.mlp.down_proj.weight,10.758270959803003,10.758499662838153,0.0002287030351499908,9.23228377582768e-06
muon_grpo_fp32,Muon + GRPO (FP32),3,gate_proj,mlp,model.layers.3.mlp.gate_proj.weight,13.999766940935217,14.000004018189387,0.00023707725416954872,7.354441821924801e-06
muon_grpo_fp32,Muon + GRPO (FP32),3,up_proj,mlp,model.layers.3.mlp.up_proj.weight,7.592358408260811,7.592096860282031,-0.00026154797877975255,-1.4961201036114122e-05
muon_grpo_fp32,Muon + GRPO (FP32),3,k_proj,attn,model.layers.3.self_attn.k_proj.weight,15.502942945207748,15.505948221826765,0.003005276619017394,8.418069832212519e-05
muon_grpo_fp32,Muon + GRPO (FP32),3,o_proj,attn,model.layers.3.self_attn.o_proj.weight,16528.241725287102,15259.298496787202,-1268.9432284999002,-0.03469208715846459
muon_grpo_fp32,Muon + GRPO (FP32),3,q_proj,attn,model.layers.3.self_attn.q_proj.weight,75355.26316454641,87860.01851936385,12504.755354817433,0.06667769960016134
muon_grpo_fp32,Muon + GRPO (FP32),3,v_proj,attn,model.layers.3.self_attn.v_proj.weight,3.891617107326821,3.8920147154941755,0.0003976081673546794,4.436978447152226e-05
muon_grpo_fp32,Muon + GRPO (FP32),4,down_proj,mlp,model.layers.4.mlp.down_proj.weight,11.15720155550664,11.15743107086987,0.00022951536323034816,8.933802087232084e-06
muon_grpo_fp32,Muon + GRPO (FP32),4,gate_proj,mlp,model.layers.4.mlp.gate_proj.weight,17.495981170242754,17.495474502437183,-0.0005066678055705154,-1.2576957883140418e-05
muon_grpo_fp32,Muon + GRPO (FP32),4,up_proj,mlp,model.layers.4.mlp.up_proj.weight,8.782003015120793,8.780487971243677,-0.0015150438771165398,-7.4929598291749e-05
muon_grpo_fp32,Muon + GRPO (FP32),4,k_proj,attn,model.layers.4.self_attn.k_proj.weight,23.93670634239095,23.940676376191263,0.003970033800314354,7.202414495093712e-05
muon_grpo_fp32,Muon + GRPO (FP32),4,o_proj,attn,model.layers.4.self_attn.o_proj.weight,8582.208719375358,8773.388923407565,191.18020403220726,0.009568309644082413
muon_grpo_fp32,Muon + GRPO (FP32),4,q_proj,attn,model.layers.4.self_attn.q_proj.weight,19385.367499083055,19317.3682669006,-67.99923218245385,-0.0015260792868179726
muon_grpo_fp32,Muon + GRPO (FP32),4,v_proj,attn,model.layers.4.self_attn.v_proj.weight,3.7875720759658726,3.7875693442802048,-2.731685667889394e-06,-3.132234623980854e-07
muon_grpo_fp32,Muon + GRPO (FP32),5,down_proj,mlp,model.layers.5.mlp.down_proj.weight,12.388049471794826,12.388271828829517,0.0002223570346906456,7.795219638129528e-06
muon_grpo_fp32,Muon + GRPO (FP32),5,gate_proj,mlp,model.layers.5.mlp.gate_proj.weight,20.634483011844836,20.635275793389603,0.0007927815447672515,1.668537254670697e-05
muon_grpo_fp32,Muon + GRPO (FP32),5,up_proj,mlp,model.layers.5.mlp.up_proj.weight,8.094579137228608,8.096030263950915,0.0014511267223067392,7.784961197100228e-05
muon_grpo_fp32,Muon + GRPO (FP32),5,k_proj,attn,model.layers.5.self_attn.k_proj.weight,22.35050954040556,22.35092919526092,0.0004196548553601076,8.15426944401894e-06
muon_grpo_fp32,Muon + GRPO (FP32),5,o_proj,attn,model.layers.5.self_attn.o_proj.weight,14934.50156341116,15096.416444960141,161.9148815489807,0.00468313495857409
muon_grpo_fp32,Muon + GRPO (FP32),5,q_proj,attn,model.layers.5.self_attn.q_proj.weight,14969.234018258956,15160.124759042668,190.89074078371232,0.005503197414841705
muon_grpo_fp32,Muon + GRPO (FP32),5,v_proj,attn,model.layers.5.self_attn.v_proj.weight,3.3558693468749854,3.3557559796638396,-0.00011336721114574289,-1.4671484726456638e-05
muon_grpo_fp32,Muon + GRPO (FP32),6,down_proj,mlp,model.layers.6.mlp.down_proj.weight,9.162314837809912,9.162674787219128,0.0003599494092156874,1.706129666706951e-05
muon_grpo_fp32,Muon + GRPO (FP32),6,gate_proj,mlp,model.layers.6.mlp.gate_proj.weight,19.228406692239826,19.227754109369936,-0.000652582869889784,-1.4739544119726395e-05
muon_grpo_fp32,Muon + GRPO (FP32),6,up_proj,mlp,model.layers.6.mlp.up_proj.weight,7.421489572866498,7.420295473939152,-0.001194098927345344,-6.988250732323287e-05
muon_grpo_fp32,Muon + GRPO (FP32),6,k_proj,attn,model.layers.6.self_attn.k_proj.weight,22.193674123897594,22.19785453459015,0.00418041069255537,8.179620554179706e-05
muon_grpo_fp32,Muon + GRPO (FP32),6,o_proj,attn,model.layers.6.self_attn.o_proj.weight,70513.61868597266,82180.4649314872,11666.846245514535,0.06649559113755733
muon_grpo_fp32,Muon + GRPO (FP32),6,q_proj,attn,model.layers.6.self_attn.q_proj.weight,18604.75910456698,17857.89843109509,-746.8606734718887,-0.01779370259083652
muon_grpo_fp32,Muon + GRPO (FP32),6,v_proj,attn,model.layers.6.self_attn.v_proj.weight,3.2802787964379356,3.2804177400029473,0.00013894356501165106,1.8395127180301493e-05
muon_grpo_fp32,Muon + GRPO (FP32),7,down_proj,mlp,model.layers.7.mlp.down_proj.weight,7.967968298583799,7.968167068647983,0.00019877006418322907,1.0833836442438339e-05
muon_grpo_fp32,Muon + GRPO (FP32),7,gate_proj,mlp,model.layers.7.mlp.gate_proj.weight,16.82272426896548,16.82332152647297,0.0005972575074899567,1.541849175275676e-05
muon_grpo_fp32,Muon + GRPO (FP32),7,up_proj,mlp,model.layers.7.mlp.up_proj.weight,8.451906164480205,8.451054350178364,-0.0008518143018410029,-4.377200678995252e-05
muon_grpo_fp32,Muon + GRPO (FP32),7,k_proj,attn,model.layers.7.self_attn.k_proj.weight,30.442592542837964,30.438094297053834,-0.004498245784130717,-6.417678338569615e-05
muon_grpo_fp32,Muon + GRPO (FP32),7,o_proj,attn,model.layers.7.self_attn.o_proj.weight,9457.463639954845,9748.138626975155,290.67498702030935,0.013147016315405598
muon_grpo_fp32,Muon + GRPO (FP32),7,q_proj,attn,model.layers.7.self_attn.q_proj.weight,9030.470682093728,8654.360232349327,-376.1104497444012,-0.01847541852728688
muon_grpo_fp32,Muon + GRPO (FP32),7,v_proj,attn,model.layers.7.self_attn.v_proj.weight,4.6148320901395445,4.615063675462604,0.00023158532305966872,2.1793578274316733e-05
muon_grpo_fp32,Muon + GRPO (FP32),8,down_proj,mlp,model.layers.8.mlp.down_proj.weight,8.059006885143106,8.059631625339902,0.0006247401967964805,3.366552578882679e-05
muon_grpo_fp32,Muon + GRPO (FP32),8,gate_proj,mlp,model.layers.8.mlp.gate_proj.weight,15.70276662952571,15.70333594529096,0.000569315765249101,1.574539182292534e-05
muon_grpo_fp32,Muon + GRPO (FP32),8,up_proj,mlp,model.layers.8.mlp.up_proj.weight,11.03707620181019,11.03686946303755,-0.0002067387726398806,-8.134975914037293e-06
muon_grpo_fp32,Muon + GRPO (FP32),8,k_proj,attn,model.layers.8.self_attn.k_proj.weight,26.24428190856445,26.246703194580583,0.0024212860161334504,4.006597150333077e-05
muon_grpo_fp32,Muon + GRPO (FP32),8,o_proj,attn,model.layers.8.self_attn.o_proj.weight,8728.55329977634,8835.181984998075,106.62868522173449,0.0052732312103854016
muon_grpo_fp32,Muon + GRPO (FP32),8,q_proj,attn,model.layers.8.self_attn.q_proj.weight,20459.276858621644,19521.655269915518,-937.6215887061262,-0.020373639973072108
muon_grpo_fp32,Muon + GRPO (FP32),8,v_proj,attn,model.layers.8.self_attn.v_proj.weight,2.614956506444022,2.614944185190374,-1.232125364802883e-05,-2.046330431469524e-06
muon_grpo_fp32,Muon + GRPO (FP32),9,down_proj,mlp,model.layers.9.mlp.down_proj.weight,11.96143651469935,11.961278926129252,-0.00015758857009906535,-5.721745641735024e-06
muon_grpo_fp32,Muon + GRPO (FP32),9,gate_proj,mlp,model.layers.9.mlp.gate_proj.weight,17.04541620966512,17.04615095297145,0.0007347433063280562,1.8719876506784137e-05
muon_grpo_fp32,Muon + GRPO (FP32),9,up_proj,mlp,model.layers.9.mlp.up_proj.weight,8.607523542303687,8.607478735528117,-4.480677556983892e-05,-2.2607415401588946e-06
muon_grpo_fp32,Muon + GRPO (FP32),9,k_proj,attn,model.layers.9.self_attn.k_proj.weight,29.979145885547403,29.977999985208562,-0.0011459003388409883,-1.6600463107530562e-05
muon_grpo_fp32,Muon + GRPO (FP32),9,o_proj,attn,model.layers.9.self_attn.o_proj.weight,26480.436490575365,24278.351127410984,-2202.0853631643804,-0.0377059513794201
muon_grpo_fp32,Muon + GRPO (FP32),9,q_proj,attn,model.layers.9.self_attn.q_proj.weight,35295.52653603585,34923.118852190375,-372.40768384547846,-0.004606643083039937
muon_grpo_fp32,Muon + GRPO (FP32),9,v_proj,attn,model.layers.9.self_attn.v_proj.weight,3.911800039733773,3.911935433944062,0.00013539421028907483,1.5031428047063576e-05
muon_grpo_bf16,Muon + GRPO (BF16),-1,embed,embed,model.embed_tokens.weight,69.18641058154057,69.18863694108522,0.002226359544650336,1.397500029616714e-05
muon_grpo_bf16,Muon + GRPO (BF16),0,down_proj,mlp,model.layers.0.mlp.down_proj.weight,10.546793843948734,10.54681680475172,2.296080298513914e-05,9.45475879208283e-07
muon_grpo_bf16,Muon + GRPO (BF16),0,gate_proj,mlp,model.layers.0.mlp.gate_proj.weight,50.790417231602824,50.78067361419596,-0.009743617406861915,-8.332290716423113e-05
muon_grpo_bf16,Muon + GRPO (BF16),0,up_proj,mlp,model.layers.0.mlp.up_proj.weight,30.557746350661454,30.556909599077002,-0.0008367515844511786,-1.1892289671805239e-05
muon_grpo_bf16,Muon + GRPO (BF16),0,k_proj,attn,model.layers.0.self_attn.k_proj.weight,18.73935745084044,18.739046327583253,-0.00031112325718751777,-7.21050526004198e-06
muon_grpo_bf16,Muon + GRPO (BF16),0,o_proj,attn,model.layers.0.self_attn.o_proj.weight,38555.79005042446,38634.50895758165,78.718907157192,0.0008857900355542239
muon_grpo_bf16,Muon + GRPO (BF16),0,q_proj,attn,model.layers.0.self_attn.q_proj.weight,184976.8751259078,184784.45594615306,-192.41917975473916,-0.0004520028921408134
muon_grpo_bf16,Muon + GRPO (BF16),0,v_proj,attn,model.layers.0.self_attn.v_proj.weight,7.7755061789352835,7.775365628446808,-0.0001405504884752773,-7.850402515219544e-06
muon_grpo_bf16,Muon + GRPO (BF16),1,down_proj,mlp,model.layers.1.mlp.down_proj.weight,8.998430005007657,8.998457420813315,2.7415805657682313e-05,1.323176928561091e-06
muon_grpo_bf16,Muon + GRPO (BF16),1,gate_proj,mlp,model.layers.1.mlp.gate_proj.weight,33.91668364456576,33.915379558180284,-0.0013040863854740792,-1.6698814527098894e-05
muon_grpo_bf16,Muon + GRPO (BF16),1,up_proj,mlp,model.layers.1.mlp.up_proj.weight,37.735381088331756,37.734279957606596,-0.001101130725160715,-1.2673039502192404e-05
muon_grpo_bf16,Muon + GRPO (BF16),1,k_proj,attn,model.layers.1.self_attn.k_proj.weight,30.087513316132128,30.087389995803694,-0.00012332032843431762,-1.7800556443805348e-06
muon_grpo_bf16,Muon + GRPO (BF16),1,o_proj,attn,model.layers.1.self_attn.o_proj.weight,49034.98587834326,48244.99438861096,-789.991489732296,-0.007053794337600558
muon_grpo_bf16,Muon + GRPO (BF16),1,q_proj,attn,model.layers.1.self_attn.q_proj.weight,1074758.1049613138,1065245.6796804671,-9512.425280846655,-0.0038609473942590134
muon_grpo_bf16,Muon + GRPO (BF16),1,v_proj,attn,model.layers.1.self_attn.v_proj.weight,3.341969736117407,3.3419931878568168,2.345173940954126e-05,3.0475815418600007e-06
muon_grpo_bf16,Muon + GRPO (BF16),10,down_proj,mlp,model.layers.10.mlp.down_proj.weight,13.491719978091211,13.491540294314474,-0.00017968377673760472,-5.784006227426381e-06
muon_grpo_bf16,Muon + GRPO (BF16),10,gate_proj,mlp,model.layers.10.mlp.gate_proj.weight,16.210019773701827,16.20961132771757,-0.00040844598425593404,-1.0943112620378853e-05
muon_grpo_bf16,Muon + GRPO (BF16),10,up_proj,mlp,model.layers.10.mlp.up_proj.weight,8.538043575643336,8.537118447936438,-0.0009251277068980102,-4.7059917557437505e-05
muon_grpo_bf16,Muon + GRPO (BF16),10,k_proj,attn,model.layers.10.self_attn.k_proj.weight,24.034098760920294,24.034011071445356,-8.768947493820178e-05,-1.5845455633698663e-06
muon_grpo_bf16,Muon + GRPO (BF16),10,o_proj,attn,model.layers.10.self_attn.o_proj.weight,15508.710116684786,15560.593607271936,51.883490587149936,0.00145048210989597
muon_grpo_bf16,Muon + GRPO (BF16),10,q_proj,attn,model.layers.10.self_attn.q_proj.weight,12813.850813777506,12822.883857081806,9.033043304300008,0.0003060452959054153
muon_grpo_bf16,Muon + GRPO (BF16),10,v_proj,attn,model.layers.10.self_attn.v_proj.weight,3.2994636012714755,3.299474833335575,1.1232064099253591e-05,1.4784267218120659e-06
muon_grpo_bf16,Muon + GRPO (BF16),11,down_proj,mlp,model.layers.11.mlp.down_proj.weight,16.054627449194015,16.054004090089915,-0.000623359104100274,-1.6862843803103967e-05
muon_grpo_bf16,Muon + GRPO (BF16),11,gate_proj,mlp,model.layers.11.mlp.gate_proj.weight,13.225697438590451,13.225499567556307,-0.00019787103414437013,-6.49757349270249e-06
muon_grpo_bf16,Muon + GRPO (BF16),11,up_proj,mlp,model.layers.11.mlp.up_proj.weight,6.605510357941471,6.605438960854814,-7.139708665704347e-05,-4.6941911608707075e-06
muon_grpo_bf16,Muon + GRPO (BF16),11,k_proj,attn,model.layers.11.self_attn.k_proj.weight,21.610944081803808,21.6107650110563,-0.00017907074750667107,-3.5986285200009667e-06
muon_grpo_bf16,Muon + GRPO (BF16),11,o_proj,attn,model.layers.11.self_attn.o_proj.weight,139258.46738802953,135904.18625291705,-3354.2811351124838,-0.010588776729341292
muon_grpo_bf16,Muon + GRPO (BF16),11,q_proj,attn,model.layers.11.self_attn.q_proj.weight,28543.812668067454,28410.641576992668,-133.1710910747861,-0.002030941255395579
muon_grpo_bf16,Muon + GRPO (BF16),11,v_proj,attn,model.layers.11.self_attn.v_proj.weight,2.8678401021237847,2.8677960506903553,-4.4051433429448394e-05,-6.671027920536357e-06
muon_grpo_bf16,Muon + GRPO (BF16),12,down_proj,mlp,model.layers.12.mlp.down_proj.weight,14.145448240851502,14.14556632976326,0.0001180889117584627,3.6255583993278505e-06
muon_grpo_bf16,Muon + GRPO (BF16),12,gate_proj,mlp,model.layers.12.mlp.gate_proj.weight,18.888272791501652,18.88765913219053,-0.0006136593111207844,-1.4109981622710276e-05
muon_grpo_bf16,Muon + GRPO (BF16),12,up_proj,mlp,model.layers.12.mlp.up_proj.weight,8.061255117094625,8.06105018085557,-0.0002049362390543763,-1.1040936903668313e-05
muon_grpo_bf16,Muon + GRPO (BF16),12,k_proj,attn,model.layers.12.self_attn.k_proj.weight,20.867707840632306,20.86766775058889,-4.0090043416540766e-05,-8.343466131011007e-07
muon_grpo_bf16,Muon + GRPO (BF16),12,o_proj,attn,model.layers.12.self_attn.o_proj.weight,102000.14319866779,102646.12053794428,645.977339276491,0.0027417585890142427
muon_grpo_bf16,Muon + GRPO (BF16),12,q_proj,attn,model.layers.12.self_attn.q_proj.weight,14798.684955393119,14727.587218816576,-71.09773657654296,-0.0020915213520268294
muon_grpo_bf16,Muon + GRPO (BF16),12,v_proj,attn,model.layers.12.self_attn.v_proj.weight,2.550671517667282,2.5506893649863427,1.7847319060848577e-05,3.0387939073901777e-06
muon_grpo_bf16,Muon + GRPO (BF16),13,down_proj,mlp,model.layers.13.mlp.down_proj.weight,30.005646690345184,30.005527159559563,-0.0001195307856214356,-1.7300631626464648e-06
muon_grpo_bf16,Muon + GRPO (BF16),13,gate_proj,mlp,model.layers.13.mlp.gate_proj.weight,12.316046719506732,12.316968435118442,0.0009217156117102832,3.2500771969982944e-05
muon_grpo_bf16,Muon + GRPO (BF16),13,up_proj,mlp,model.layers.13.mlp.up_proj.weight,6.311217662216599,6.311329395993558,0.00011173377695872233,7.688680034703384e-06
muon_grpo_bf16,Muon + GRPO (BF16),13,k_proj,attn,model.layers.13.self_attn.k_proj.weight,41.906820743475016,41.90584265718393,-0.0009780862910844235,-1.013635557746708e-05
muon_grpo_bf16,Muon + GRPO (BF16),13,o_proj,attn,model.layers.13.self_attn.o_proj.weight,9641.296136551193,9633.265126095303,-8.031010455890282,-0.0003619095324051435
muon_grpo_bf16,Muon + GRPO (BF16),13,q_proj,attn,model.layers.13.self_attn.q_proj.weight,57124.68510683214,57251.81735273139,127.13224589925085,0.0009654580165847571
muon_grpo_bf16,Muon + GRPO (BF16),13,v_proj,attn,model.layers.13.self_attn.v_proj.weight,3.7001013163270056,3.7001004133338697,-9.029931358206511e-07,-1.059876339691756e-07
muon_grpo_bf16,Muon + GRPO (BF16),14,down_proj,mlp,model.layers.14.mlp.down_proj.weight,12.14858893422566,12.148803867101835,0.00021493287617424528,7.683471462798486e-06
muon_grpo_bf16,Muon + GRPO (BF16),14,gate_proj,mlp,model.layers.14.mlp.gate_proj.weight,13.416229041756727,13.417143039613448,0.0009139978567205276,2.9585862305697142e-05
muon_grpo_bf16,Muon + GRPO (BF16),14,up_proj,mlp,model.layers.14.mlp.up_proj.weight,6.92702720942221,6.927095229674985,6.802025277519164e-05,4.264553105840944e-06
muon_grpo_bf16,Muon + GRPO (BF16),14,k_proj,attn,model.layers.14.self_attn.k_proj.weight,23.136335100841148,23.136586869440695,0.0002517685995471197,4.725948085634265e-06
muon_grpo_bf16,Muon + GRPO (BF16),14,o_proj,attn,model.layers.14.self_attn.o_proj.weight,6453.263467239998,6459.27901070544,6.015543465441624,0.0004046480429634741
muon_grpo_bf16,Muon + GRPO (BF16),14,q_proj,attn,model.layers.14.self_attn.q_proj.weight,12016.462412922161,12012.610069191309,-3.852343730852226,-0.00013925228618648418
muon_grpo_bf16,Muon + GRPO (BF16),14,v_proj,attn,model.layers.14.self_attn.v_proj.weight,6.809948120874071,6.809958744681301,1.0623807229492854e-05,6.775172403162182e-07
muon_grpo_bf16,Muon + GRPO (BF16),15,down_proj,mlp,model.layers.15.mlp.down_proj.weight,12.83113835849419,12.8310551478615,-8.321063269001172e-05,-2.816432555068934e-06
muon_grpo_bf16,Muon + GRPO (BF16),15,gate_proj,mlp,model.layers.15.mlp.gate_proj.weight,16.831657108500657,16.83162907188302,-2.8036617635507355e-05,-7.234081821322668e-07
muon_grpo_bf16,Muon + GRPO (BF16),15,up_proj,mlp,model.layers.15.mlp.up_proj.weight,9.399973299687645,9.40033730004819,0.00036400036054473617,1.6817099608707606e-05
muon_grpo_bf16,Muon + GRPO (BF16),15,k_proj,attn,model.layers.15.self_attn.k_proj.weight,25.442585553328566,25.44179162649229,-0.0007939268362768814,-1.3552216344885113e-05
muon_grpo_bf16,Muon + GRPO (BF16),15,o_proj,attn,model.layers.15.self_attn.o_proj.weight,29248.74824238646,29394.52608553588,145.7778431494189,0.0021591783199928424
muon_grpo_bf16,Muon + GRPO (BF16),15,q_proj,attn,model.layers.15.self_attn.q_proj.weight,23869.157071525828,23817.852140026607,-51.3049314992204,-0.0009344875096931371
muon_grpo_bf16,Muon + GRPO (BF16),15,v_proj,attn,model.layers.15.self_attn.v_proj.weight,3.3575600712900404,3.3575950707315445,3.499944150409107e-05,4.5270925223850315e-06
muon_grpo_bf16,Muon + GRPO (BF16),16,down_proj,mlp,model.layers.16.mlp.down_proj.weight,9.686499227673869,9.686449163034958,-5.0064638910995996e-05,-2.2446553801623675e-06
muon_grpo_bf16,Muon + GRPO (BF16),16,gate_proj,mlp,model.layers.16.mlp.gate_proj.weight,12.919883539201004,12.91949929581198,-0.0003842433890248742,-1.2916313414976854e-05
muon_grpo_bf16,Muon + GRPO (BF16),16,up_proj,mlp,model.layers.16.mlp.up_proj.weight,6.159145316251316,6.159088258195789,-5.705805552747023e-05,-4.023303911903566e-06
muon_grpo_bf16,Muon + GRPO (BF16),16,k_proj,attn,model.layers.16.self_attn.k_proj.weight,20.671141321487564,20.67162501911214,0.0004836976245741198,1.01622231827381e-05
muon_grpo_bf16,Muon + GRPO (BF16),16,o_proj,attn,model.layers.16.self_attn.o_proj.weight,41529.00729033527,41398.38763102624,-130.61965930902807,-0.0013681231451391192
muon_grpo_bf16,Muon + GRPO (BF16),16,q_proj,attn,model.layers.16.self_attn.q_proj.weight,103943.38985456145,104081.16845714061,137.77860257915745,0.0005752829960031445
muon_grpo_bf16,Muon + GRPO (BF16),16,v_proj,attn,model.layers.16.self_attn.v_proj.weight,2.78870242790059,2.7886335389949592,-6.888890563061523e-05,-1.0728445178404099e-05
muon_grpo_bf16,Muon + GRPO (BF16),17,down_proj,mlp,model.layers.17.mlp.down_proj.weight,6.7996349709306605,6.79961975444207,-1.5216488590930055e-05,-9.718822336134327e-07
muon_grpo_bf16,Muon + GRPO (BF16),17,gate_proj,mlp,model.layers.17.mlp.gate_proj.weight,17.968770886906377,17.96843907393627,-0.0003318129701064265,-8.019795754978718e-06
muon_grpo_bf16,Muon + GRPO (BF16),17,up_proj,mlp,model.layers.17.mlp.up_proj.weight,12.572357420855843,12.572445366363485,8.79455076425728e-05,3.037943785097789e-06
muon_grpo_bf16,Muon + GRPO (BF16),17,k_proj,attn,model.layers.17.self_attn.k_proj.weight,15.488632202364206,15.488827839899512,0.000195637535306048,5.485556396297304e-06
muon_grpo_bf16,Muon + GRPO (BF16),17,o_proj,attn,model.layers.17.self_attn.o_proj.weight,57591.66094582242,57800.80082877565,209.1398829532336,0.001574251821462948
muon_grpo_bf16,Muon + GRPO (BF16),17,q_proj,attn,model.layers.17.self_attn.q_proj.weight,13024.993728263826,13001.217192714883,-23.776535548942775,-0.0007935093657477549
muon_grpo_bf16,Muon + GRPO (BF16),17,v_proj,attn,model.layers.17.self_attn.v_proj.weight,4.045377579425002,4.045399984848571,2.240542356890529e-05,2.4053440459621143e-06
muon_grpo_bf16,Muon + GRPO (BF16),18,down_proj,mlp,model.layers.18.mlp.down_proj.weight,6.643981466821017,6.644060982765282,7.951594426547359e-05,5.197655854727656e-06
muon_grpo_bf16,Muon + GRPO (BF16),18,gate_proj,mlp,model.layers.18.mlp.gate_proj.weight,18.455846043796296,18.455818398481355,-2.7645314940372145e-05,-6.505373252963054e-07
muon_grpo_bf16,Muon + GRPO (BF16),18,up_proj,mlp,model.layers.18.mlp.up_proj.weight,10.672724442726581,10.673714051639093,0.0009896089125120966,4.02672970825812e-05
muon_grpo_bf16,Muon + GRPO (BF16),18,k_proj,attn,model.layers.18.self_attn.k_proj.weight,22.852605445749074,22.85246723633528,-0.00013820941379449891,-2.6265612211692514e-06
muon_grpo_bf16,Muon + GRPO (BF16),18,o_proj,attn,model.layers.18.self_attn.o_proj.weight,21937.349567301397,21950.37749267413,13.027925372734899,0.0002578377439543585
muon_grpo_bf16,Muon + GRPO (BF16),18,q_proj,attn,model.layers.18.self_attn.q_proj.weight,33741.713223670544,33901.23148646495,159.51826279440866,0.0020483445839508153
muon_grpo_bf16,Muon + GRPO (BF16),18,v_proj,attn,model.layers.18.self_attn.v_proj.weight,2.1434580875579408,2.143484892387252,2.68048293112777e-05,5.430998038879311e-06
muon_grpo_bf16,Muon + GRPO (BF16),19,down_proj,mlp,model.layers.19.mlp.down_proj.weight,7.114441587440737,7.114590208187365,0.0001486207466276923,9.072320743380678e-06
muon_grpo_bf16,Muon + GRPO (BF16),19,gate_proj,mlp,model.layers.19.mlp.gate_proj.weight,18.805480505433707,18.80525673735562,-0.0002237680780865503,-5.167739250235946e-06
muon_grpo_bf16,Muon + GRPO (BF16),19,up_proj,mlp,model.layers.19.mlp.up_proj.weight,10.390484231630769,10.390488927502085,4.6958713166844746e-06,1.9627483132015942e-07
muon_grpo_bf16,Muon + GRPO (BF16),19,k_proj,attn,model.layers.19.self_attn.k_proj.weight,22.401692950673606,22.401954111275696,0.000261160602089916,5.063007849490811e-06
muon_grpo_bf16,Muon + GRPO (BF16),19,o_proj,attn,model.layers.19.self_attn.o_proj.weight,24022.826455842358,23815.9006722411,-206.92578360125844,-0.0037570935451991445
muon_grpo_bf16,Muon + GRPO (BF16),19,q_proj,attn,model.layers.19.self_attn.q_proj.weight,25682.89091427411,25540.75596832149,-142.1349459526209,-0.0024101595608919555
muon_grpo_bf16,Muon + GRPO (BF16),19,v_proj,attn,model.layers.19.self_attn.v_proj.weight,3.008918396896258,3.0089151818737485,-3.2150225095506357e-06,-4.64042920688005e-07
muon_grpo_bf16,Muon + GRPO (BF16),2,down_proj,mlp,model.layers.2.mlp.down_proj.weight,13.20255066881167,13.202556931950655,6.263138985218575e-06,2.060242845317654e-07
muon_grpo_bf16,Muon + GRPO (BF16),2,gate_proj,mlp,model.layers.2.mlp.gate_proj.weight,17.38657445257771,17.385985738034073,-0.0005887145436389574,-1.4705588334127116e-05
muon_grpo_bf16,Muon + GRPO (BF16),2,up_proj,mlp,model.layers.2.mlp.up_proj.weight,8.916099391549464,8.91531552318895,-0.0007838683605143615,-3.818313974039949e-05
muon_grpo_bf16,Muon + GRPO (BF16),2,k_proj,attn,model.layers.2.self_attn.k_proj.weight,17.246031056628958,17.24626850390792,0.000237447278962577,5.979424063433595e-06
muon_grpo_bf16,Muon + GRPO (BF16),2,o_proj,attn,model.layers.2.self_attn.o_proj.weight,31093.030750193404,31015.880657331956,-77.15009286144777,-0.001078939433388729
muon_grpo_bf16,Muon + GRPO (BF16),2,q_proj,attn,model.layers.2.self_attn.q_proj.weight,24610.069351651575,24677.552709934364,67.48335828278869,0.0011892506560641427
muon_grpo_bf16,Muon + GRPO (BF16),2,v_proj,attn,model.layers.2.self_attn.v_proj.weight,3.1911166787384015,3.1911143711635948,-2.307574806792445e-06,-3.1404911457811354e-07
muon_grpo_bf16,Muon + GRPO (BF16),20,down_proj,mlp,model.layers.20.mlp.down_proj.weight,7.516513788547348,7.516644134492935,0.00013034594558725132,7.5311554895604705e-06
muon_grpo_bf16,Muon + GRPO (BF16),20,gate_proj,mlp,model.layers.20.mlp.gate_proj.weight,19.204884886797178,19.20492190536096,3.701856378057755e-05,8.371277713130712e-07
muon_grpo_bf16,Muon + GRPO (BF16),20,up_proj,mlp,model.layers.20.mlp.up_proj.weight,11.187456334212877,11.187652095357269,0.0001957611443916818,7.599336114921883e-06
muon_grpo_bf16,Muon + GRPO (BF16),20,k_proj,attn,model.layers.20.self_attn.k_proj.weight,22.072850031907265,22.072971086870346,0.0001210549630812352,2.3818110589331075e-06
muon_grpo_bf16,Muon + GRPO (BF16),20,o_proj,attn,model.layers.20.self_attn.o_proj.weight,123534.76145527787,126621.7639505753,3087.0024952974345,0.010719178377224551
muon_grpo_bf16,Muon + GRPO (BF16),20,q_proj,attn,model.layers.20.self_attn.q_proj.weight,9243.896257866112,9231.745793290947,-12.150464575164733,-0.000571225667145465
muon_grpo_bf16,Muon + GRPO (BF16),20,v_proj,attn,model.layers.20.self_attn.v_proj.weight,6.942409244310096,6.942419362896748,1.0118586652119177e-05,6.329853211313188e-07
muon_grpo_bf16,Muon + GRPO (BF16),21,down_proj,mlp,model.layers.21.mlp.down_proj.weight,9.390981919055381,9.3901503590611,-0.0008315599942818608,-3.845794936922109e-05
muon_grpo_bf16,Muon + GRPO (BF16),21,gate_proj,mlp,model.layers.21.mlp.gate_proj.weight,17.629945642520745,17.629515570153714,-0.0004300723670311868,-1.0594492905213661e-05
muon_grpo_bf16,Muon + GRPO (BF16),21,up_proj,mlp,model.layers.21.mlp.up_proj.weight,8.16699577216017,8.16730045543781,0.0003046832776387731,1.6201771337883637e-05
muon_grpo_bf16,Muon + GRPO (BF16),21,k_proj,attn,model.layers.21.self_attn.k_proj.weight,29.992183020775197,29.991457648064102,-0.0007253727110949626,-1.0503709419915368e-05
muon_grpo_bf16,Muon + GRPO (BF16),21,o_proj,attn,model.layers.21.self_attn.o_proj.weight,298850.6543733745,295051.3801825129,-3799.274190861557,-0.005556560606949646
muon_grpo_bf16,Muon + GRPO (BF16),21,q_proj,attn,model.layers.21.self_attn.q_proj.weight,14032.644030663625,14006.673765912417,-25.97026475120765,-0.0008044950295902036
muon_grpo_bf16,Muon + GRPO (BF16),21,v_proj,attn,model.layers.21.self_attn.v_proj.weight,4.366601968716395,4.366586539579409,-1.5429136986711e-05,-1.534557291989238e-06
muon_grpo_bf16,Muon + GRPO (BF16),22,down_proj,mlp,model.layers.22.mlp.down_proj.weight,9.904782336268656,9.904790417364175,8.081095518974735e-06,3.543312352241224e-07
muon_grpo_bf16,Muon + GRPO (BF16),22,gate_proj,mlp,model.layers.22.mlp.gate_proj.weight,22.904187063530273,22.904603680515752,0.0004166169854791235,7.899551807691048e-06
muon_grpo_bf16,Muon + GRPO (BF16),22,up_proj,mlp,model.layers.22.mlp.up_proj.weight,12.79968858450657,12.799824254250483,0.0001356697439121035,4.603261125618817e-06
muon_grpo_bf16,Muon + GRPO (BF16),22,k_proj,attn,model.layers.22.self_attn.k_proj.weight,20.39377999771742,20.393906775576088,0.0001267778586679924,2.699781664650642e-06
muon_grpo_bf16,Muon + GRPO (BF16),22,o_proj,attn,model.layers.22.self_attn.o_proj.weight,35374.77308841131,35503.36353550945,128.59044709814043,0.0015758366552155166
muon_grpo_bf16,Muon + GRPO (BF16),22,q_proj,attn,model.layers.22.self_attn.q_proj.weight,47977.340735145204,47901.505498863124,-75.83523628208059,-0.0006870093417428245
muon_grpo_bf16,Muon + GRPO (BF16),22,v_proj,attn,model.layers.22.self_attn.v_proj.weight,5.233505964972921,5.233557706388764,5.174141584252112e-05,4.293660971582144e-06
muon_grpo_bf16,Muon + GRPO (BF16),23,down_proj,mlp,model.layers.23.mlp.down_proj.weight,11.80645745879601,11.8065341536582,7.669486219086252e-05,2.8211720044777718e-06
muon_grpo_bf16,Muon + GRPO (BF16),23,gate_proj,mlp,model.layers.23.mlp.gate_proj.weight,19.84423847022627,19.842881894612365,-0.0013565756139044538,-2.9689899303176242e-05
muon_grpo_bf16,Muon + GRPO (BF16),23,up_proj,mlp,model.layers.23.mlp.up_proj.weight,10.79189058648552,10.792406252104756,0.0005156656192362163,2.0751265112678957e-05
muon_grpo_bf16,Muon + GRPO (BF16),23,k_proj,attn,model.layers.23.self_attn.k_proj.weight,16.001526800630636,16.001859538098408,0.00033273746777240376,9.030672232730512e-06
muon_grpo_bf16,Muon + GRPO (BF16),23,o_proj,attn,model.layers.23.self_attn.o_proj.weight,13053.866526333686,13040.886073280479,-12.980453053207384,-0.0004320669128449155
muon_grpo_bf16,Muon + GRPO (BF16),23,q_proj,attn,model.layers.23.self_attn.q_proj.weight,764874.9518123881,690022.0561077108,-74852.89570467733,-0.04472746594317288
muon_grpo_bf16,Muon + GRPO (BF16),23,v_proj,attn,model.layers.23.self_attn.v_proj.weight,4.042193780833294,4.042206524496232,1.2743662938241584e-05,1.3691807145492817e-06
muon_grpo_bf16,Muon + GRPO (BF16),24,down_proj,mlp,model.layers.24.mlp.down_proj.weight,10.013056479364716,10.012695202243991,-0.00036127712072442364,-1.5669889698026523e-05
muon_grpo_bf16,Muon + GRPO (BF16),24,gate_proj,mlp,model.layers.24.mlp.gate_proj.weight,21.0475855955308,21.04860131287091,0.0010157173401097452,2.095773838274474e-05
muon_grpo_bf16,Muon + GRPO (BF16),24,up_proj,mlp,model.layers.24.mlp.up_proj.weight,13.895235392599337,13.894858582896026,-0.00037680970331166463,-1.177731712817318e-05
muon_grpo_bf16,Muon + GRPO (BF16),24,k_proj,attn,model.layers.24.self_attn.k_proj.weight,31.211181081905732,31.2108842622777,-0.0002968196280335178,-4.130178194716579e-06
muon_grpo_bf16,Muon + GRPO (BF16),24,o_proj,attn,model.layers.24.self_attn.o_proj.weight,13596.107700858232,13569.563470954014,-26.54422990421881,-0.0008487194128013662
muon_grpo_bf16,Muon + GRPO (BF16),24,q_proj,attn,model.layers.24.self_attn.q_proj.weight,119825.2524376554,119955.70959009729,130.45715244188614,0.00047257152145460944
muon_grpo_bf16,Muon + GRPO (BF16),24,v_proj,attn,model.layers.24.self_attn.v_proj.weight,3.6003445004354857,3.6003284405482154,-1.6059887270269968e-05,-1.9372412769177624e-06
muon_grpo_bf16,Muon + GRPO (BF16),25,down_proj,mlp,model.layers.25.mlp.down_proj.weight,9.428473935149443,9.427939751212714,-0.0005341839367289936,-2.460628409660424e-05
muon_grpo_bf16,Muon + GRPO (BF16),25,gate_proj,mlp,model.layers.25.mlp.gate_proj.weight,21.338091581274373,21.338246782302097,0.00015520102772370592,3.1587972403643553e-06
muon_grpo_bf16,Muon + GRPO (BF16),25,up_proj,mlp,model.layers.25.mlp.up_proj.weight,18.112209505291784,18.11201945787565,-0.00019004741613315446,-4.556980037392961e-06
muon_grpo_bf16,Muon + GRPO (BF16),25,k_proj,attn,model.layers.25.self_attn.k_proj.weight,22.462953951457504,22.463313624251725,0.000359672794221666,6.9537897650026515e-06
muon_grpo_bf16,Muon + GRPO (BF16),25,o_proj,attn,model.layers.25.self_attn.o_proj.weight,16296.613319126418,16309.22546266659,12.612143540172838,0.0003359756916114683
muon_grpo_bf16,Muon + GRPO (BF16),25,q_proj,attn,model.layers.25.self_attn.q_proj.weight,24555.210708810777,24779.887072007314,224.67636319653684,0.003955657684366924
muon_grpo_bf16,Muon + GRPO (BF16),25,v_proj,attn,model.layers.25.self_attn.v_proj.weight,4.337190824833435,4.337249557593633,5.8732760198410006e-05,5.881028063409365e-06
muon_grpo_bf16,Muon + GRPO (BF16),26,down_proj,mlp,model.layers.26.mlp.down_proj.weight,8.741682232718533,8.74205027347231,0.0003680407537771657,1.8284204296577993e-05
muon_grpo_bf16,Muon + GRPO (BF16),26,gate_proj,mlp,model.layers.26.mlp.gate_proj.weight,20.0336868429297,20.033864304942437,0.00017746201273638462,3.8470418417047545e-06
muon_grpo_bf16,Muon + GRPO (BF16),26,up_proj,mlp,model.layers.26.mlp.up_proj.weight,18.54966977174175,18.550326856216827,0.0006570844750761751,1.5383729791735962e-05
muon_grpo_bf16,Muon + GRPO (BF16),26,k_proj,attn,model.layers.26.self_attn.k_proj.weight,18.924022446774764,18.92438806868718,0.0003656219124152926,8.390713209182887e-06
muon_grpo_bf16,Muon + GRPO (BF16),26,o_proj,attn,model.layers.26.self_attn.o_proj.weight,32723.99759321507,32921.58462994785,197.5870367327807,0.0026143790939088278
muon_grpo_bf16,Muon + GRPO (BF16),26,q_proj,attn,model.layers.26.self_attn.q_proj.weight,48120.87790718429,47884.57567356043,-236.30223362385732,-0.0021378986200870833
muon_grpo_bf16,Muon + GRPO (BF16),26,v_proj,attn,model.layers.26.self_attn.v_proj.weight,4.835564685889436,4.8357069919571,0.00014230606766396647,1.2780685310290054e-05
muon_grpo_bf16,Muon + GRPO (BF16),27,down_proj,mlp,model.layers.27.mlp.down_proj.weight,11.983131396493501,11.983651595000744,0.0005201985072424975,1.8852704704315865e-05
muon_grpo_bf16,Muon + GRPO (BF16),27,gate_proj,mlp,model.layers.27.mlp.gate_proj.weight,34.01131673372879,34.01175599028566,0.00043925655686649634,5.608882138086414e-06
muon_grpo_bf16,Muon + GRPO (BF16),27,up_proj,mlp,model.layers.27.mlp.up_proj.weight,27.05991417573715,27.058851892080046,-0.0010622836571023697,-1.704931446427659e-05
muon_grpo_bf16,Muon + GRPO (BF16),27,k_proj,attn,model.layers.27.self_attn.k_proj.weight,16.960271595775623,16.960079311082755,-0.00019228469286858285,-4.923780493733897e-06
muon_grpo_bf16,Muon + GRPO (BF16),27,o_proj,attn,model.layers.27.self_attn.o_proj.weight,99634.79632267175,100622.30524080594,987.50891813419,0.004283225382995509
muon_grpo_bf16,Muon + GRPO (BF16),27,q_proj,attn,model.layers.27.self_attn.q_proj.weight,91711.44628086085,89918.85821727752,-1792.588063583331,-0.008572758660604711
muon_grpo_bf16,Muon + GRPO (BF16),27,v_proj,attn,model.layers.27.self_attn.v_proj.weight,7.853791579470053,7.853872586458581,8.100698852864241e-05,4.4794550917655635e-06
muon_grpo_bf16,Muon + GRPO (BF16),3,down_proj,mlp,model.layers.3.mlp.down_proj.weight,10.758270959803003,10.75809417047121,-0.0001767893317925484,-7.136765972673642e-06
muon_grpo_bf16,Muon + GRPO (BF16),3,gate_proj,mlp,model.layers.3.mlp.gate_proj.weight,13.999766940935217,14.000243199246867,0.0004762583116502128,1.4774020130306343e-05
muon_grpo_bf16,Muon + GRPO (BF16),3,up_proj,mlp,model.layers.3.mlp.up_proj.weight,7.592358408260811,7.592186081576066,-0.00017232668474509438,-9.857461094449295e-06
muon_grpo_bf16,Muon + GRPO (BF16),3,k_proj,attn,model.layers.3.self_attn.k_proj.weight,15.502942945207748,15.502778157786734,-0.00016478742101355692,-4.616326606063874e-06
muon_grpo_bf16,Muon + GRPO (BF16),3,o_proj,attn,model.layers.3.self_attn.o_proj.weight,16528.241725287102,16604.801676179166,76.55995089206408,0.002007037082617533
muon_grpo_bf16,Muon + GRPO (BF16),3,q_proj,attn,model.layers.3.self_attn.q_proj.weight,75355.26316454641,76604.58787001028,1249.3247054638632,0.007141189557587897
muon_grpo_bf16,Muon + GRPO (BF16),3,v_proj,attn,model.layers.3.self_attn.v_proj.weight,3.891617107326821,3.8915559668908277,-6.114043599314556e-05,-6.823169347621828e-06
muon_grpo_bf16,Muon + GRPO (BF16),4,down_proj,mlp,model.layers.4.mlp.down_proj.weight,11.15720155550664,11.156852088727781,-0.0003494667788590533,-1.3603220293295273e-05
muon_grpo_bf16,Muon + GRPO (BF16),4,gate_proj,mlp,model.layers.4.mlp.gate_proj.weight,17.495981170242754,17.495035664317555,-0.0009455059251983755,-2.3470481464520735e-05
muon_grpo_bf16,Muon + GRPO (BF16),4,up_proj,mlp,model.layers.4.mlp.up_proj.weight,8.782003015120793,8.781722791315866,-0.0002802238049266492,-1.3858067875721813e-05
muon_grpo_bf16,Muon + GRPO (BF16),4,k_proj,attn,model.layers.4.self_attn.k_proj.weight,23.93670634239095,23.936878628636627,0.0001722862456787766,3.125855974728648e-06
muon_grpo_bf16,Muon + GRPO (BF16),4,o_proj,attn,model.layers.4.self_attn.o_proj.weight,8582.208719375358,8590.744596330193,8.535876954834748,0.0004317352405067188
muon_grpo_bf16,Muon + GRPO (BF16),4,q_proj,attn,model.layers.4.self_attn.q_proj.weight,19385.367499083055,19330.872397864227,-54.495101218828495,-0.0012225844990502773
muon_grpo_bf16,Muon + GRPO (BF16),4,v_proj,attn,model.layers.4.self_attn.v_proj.weight,3.7875720759658726,3.787528658341467,-4.341762440551733e-05,-4.978424804717741e-06
muon_grpo_bf16,Muon + GRPO (BF16),5,down_proj,mlp,model.layers.5.mlp.down_proj.weight,12.388049471794826,12.388120624868865,7.115307403893212e-05,2.494444242593399e-06
muon_grpo_bf16,Muon + GRPO (BF16),5,gate_proj,mlp,model.layers.5.mlp.gate_proj.weight,20.634483011844836,20.635169222700274,0.0006862108554379631,1.4442456954669157e-05
muon_grpo_bf16,Muon + GRPO (BF16),5,up_proj,mlp,model.layers.5.mlp.up_proj.weight,8.094579137228608,8.095058759088149,0.0004796218595402024,2.573215391148385e-05
muon_grpo_bf16,Muon + GRPO (BF16),5,k_proj,attn,model.layers.5.self_attn.k_proj.weight,22.35050954040556,22.350949077878308,0.0004395374727472756,8.540602696681592e-06
muon_grpo_bf16,Muon + GRPO (BF16),5,o_proj,attn,model.layers.5.self_attn.o_proj.weight,14934.50156341116,14938.322110615401,3.8205472042409383,0.00011108709346025839
muon_grpo_bf16,Muon + GRPO (BF16),5,q_proj,attn,model.layers.5.self_attn.q_proj.weight,14969.234018258956,14957.227878038715,-12.006140220240923,-0.00034846756989991267
muon_grpo_bf16,Muon + GRPO (BF16),5,v_proj,attn,model.layers.5.self_attn.v_proj.weight,3.3558693468749854,3.355893886043534,2.4539168548720625e-05,3.1756857687904926e-06
muon_grpo_bf16,Muon + GRPO (BF16),6,down_proj,mlp,model.layers.6.mlp.down_proj.weight,9.162314837809912,9.16228010340894,-3.4734400973235324e-05,-1.6464166027351497e-06
muon_grpo_bf16,Muon + GRPO (BF16),6,gate_proj,mlp,model.layers.6.mlp.gate_proj.weight,19.228406692239826,19.22758545593748,-0.0008212363023467617,-1.8548911344031954e-05
muon_grpo_bf16,Muon + GRPO (BF16),6,up_proj,mlp,model.layers.6.mlp.up_proj.weight,7.421489572866498,7.42069209876112,-0.0007974741053775602,-4.6669500673427396e-05
muon_grpo_bf16,Muon + GRPO (BF16),6,k_proj,attn,model.layers.6.self_attn.k_proj.weight,22.193674123897594,22.194177495031653,0.0005033711340587388,9.85005121482873e-06
muon_grpo_bf16,Muon + GRPO (BF16),6,o_proj,attn,model.layers.6.self_attn.o_proj.weight,70513.61868597266,71670.9271749153,1157.308488942639,0.007070019987946011
muon_grpo_bf16,Muon + GRPO (BF16),6,q_proj,attn,model.layers.6.self_attn.q_proj.weight,18604.75910456698,18560.00889516717,-44.75020939980823,-0.0010458711002361313
muon_grpo_bf16,Muon + GRPO (BF16),6,v_proj,attn,model.layers.6.self_attn.v_proj.weight,3.2802787964379356,3.2802570299578044,-2.17664801311912e-05,-2.881795774487449e-06
muon_grpo_bf16,Muon + GRPO (BF16),7,down_proj,mlp,model.layers.7.mlp.down_proj.weight,7.967968298583799,7.96797899562878,1.0697044980467751e-05,5.830425417586612e-07
muon_grpo_bf16,Muon + GRPO (BF16),7,gate_proj,mlp,model.layers.7.mlp.gate_proj.weight,16.82272426896548,16.82314108922018,0.0004168202546992461,1.0760474408594737e-05
muon_grpo_bf16,Muon + GRPO (BF16),7,up_proj,mlp,model.layers.7.mlp.up_proj.weight,8.451906164480205,8.4520239491424,0.0001177846621960299,6.052229097169286e-06
muon_grpo_bf16,Muon + GRPO (BF16),7,k_proj,attn,model.layers.7.self_attn.k_proj.weight,30.442592542837964,30.44226883228674,-0.0003237105512248206,-4.61808413310945e-06
muon_grpo_bf16,Muon + GRPO (BF16),7,o_proj,attn,model.layers.7.self_attn.o_proj.weight,9457.463639954845,9462.433072983862,4.969433029016727,0.00022814050468298862
muon_grpo_bf16,Muon + GRPO (BF16),7,q_proj,attn,model.layers.7.self_attn.q_proj.weight,9030.470682093728,9027.101635525787,-3.369046567941041,-0.00016205482386816343
muon_grpo_bf16,Muon + GRPO (BF16),7,v_proj,attn,model.layers.7.self_attn.v_proj.weight,4.6148320901395445,4.614849544160199,1.7454020654561475e-05,1.642566917842645e-06
muon_grpo_bf16,Muon + GRPO (BF16),8,down_proj,mlp,model.layers.8.mlp.down_proj.weight,8.059006885143106,8.05895442261908,-5.246252402635321e-05,-2.827179474660894e-06
muon_grpo_bf16,Muon + GRPO (BF16),8,gate_proj,mlp,model.layers.8.mlp.gate_proj.weight,15.70276662952571,15.703120695183818,0.00035406565810802704,9.79235262262536e-06
muon_grpo_bf16,Muon + GRPO (BF16),8,up_proj,mlp,model.layers.8.mlp.up_proj.weight,11.03707620181019,11.036699230572347,-0.0003769712378431933,-1.4833577423026536e-05
muon_grpo_bf16,Muon + GRPO (BF16),8,k_proj,attn,model.layers.8.self_attn.k_proj.weight,26.24428190856445,26.24452976547235,0.00024785690790096737,4.1015555113843055e-06
muon_grpo_bf16,Muon + GRPO (BF16),8,o_proj,attn,model.layers.8.self_attn.o_proj.weight,8728.55329977634,8729.494376356732,0.9410765803913819,4.68213140312308e-05
muon_grpo_bf16,Muon + GRPO (BF16),8,q_proj,attn,model.layers.8.self_attn.q_proj.weight,20459.276858621644,20594.18083846106,134.90397983941511,0.0028542426484955215
muon_grpo_bf16,Muon + GRPO (BF16),8,v_proj,attn,model.layers.8.self_attn.v_proj.weight,2.614956506444022,2.61494936251594,-7.143928081987383e-06,-1.1864720409391431e-06
muon_grpo_bf16,Muon + GRPO (BF16),9,down_proj,mlp,model.layers.9.mlp.down_proj.weight,11.96143651469935,11.961283345767269,-0.00015316893208172644,-5.561275840786067e-06
muon_grpo_bf16,Muon + GRPO (BF16),9,gate_proj,mlp,model.layers.9.mlp.gate_proj.weight,17.04541620966512,17.045618929536637,0.00020271987151687654,5.165001368444086e-06
muon_grpo_bf16,Muon + GRPO (BF16),9,up_proj,mlp,model.layers.9.mlp.up_proj.weight,8.607523542303687,8.607902944456118,0.0003794021524310409,1.9142396661066573e-05
muon_grpo_bf16,Muon + GRPO (BF16),9,k_proj,attn,model.layers.9.self_attn.k_proj.weight,29.979145885547403,29.9790626171198,-8.326842760197906e-05,-1.2062741541774139e-06
muon_grpo_bf16,Muon + GRPO (BF16),9,o_proj,attn,model.layers.9.self_attn.o_proj.weight,26480.436490575365,26482.892610388855,2.456119813490659,4.027991822885917e-05
muon_grpo_bf16,Muon + GRPO (BF16),9,q_proj,attn,model.layers.9.self_attn.q_proj.weight,35295.52653603585,35096.2343226416,-199.29221339425567,-0.0024591440464998013
muon_grpo_bf16,Muon + GRPO (BF16),9,v_proj,attn,model.layers.9.self_attn.v_proj.weight,3.911800039733773,3.9117558543145585,-4.4185419214581856e-05,-4.905565705807797e-06
muon_grpo_mixed,Muon + GRPO (Mixed),-1,embed,embed,model.embed_tokens.weight,69.18641058154057,69.17524803890788,-0.011162542632689565,-7.007476967593889e-05
muon_grpo_mixed,Muon + GRPO (Mixed),0,down_proj,mlp,model.layers.0.mlp.down_proj.weight,10.546793843948734,10.546495377313889,-0.0002984666348453402,-1.2290393517528634e-05
muon_grpo_mixed,Muon + GRPO (Mixed),0,gate_proj,mlp,model.layers.0.mlp.gate_proj.weight,50.790417231602824,50.78369257417309,-0.006724657429735714,-5.7504449200196635e-05
muon_grpo_mixed,Muon + GRPO (Mixed),0,up_proj,mlp,model.layers.0.mlp.up_proj.weight,30.557746350661454,30.563025142958814,0.005278792297360724,7.501706262975788e-05
muon_grpo_mixed,Muon + GRPO (Mixed),0,k_proj,attn,model.layers.0.self_attn.k_proj.weight,18.73935745084044,18.737319214087016,-0.002038236753424627,-4.723977974950744e-05
muon_grpo_mixed,Muon + GRPO (Mixed),0,o_proj,attn,model.layers.0.self_attn.o_proj.weight,38555.79005042446,36880.447982344136,-1675.3420680803247,-0.019293418986117684
muon_grpo_mixed,Muon + GRPO (Mixed),0,q_proj,attn,model.layers.0.self_attn.q_proj.weight,184976.8751259078,185876.26747486583,899.3923489580338,0.00210650446301532
muon_grpo_mixed,Muon + GRPO (Mixed),0,v_proj,attn,model.layers.0.self_attn.v_proj.weight,7.7755061789352835,7.774772221790742,-0.0007339571445417192,-4.099650563807723e-05
muon_grpo_mixed,Muon + GRPO (Mixed),1,down_proj,mlp,model.layers.1.mlp.down_proj.weight,8.998430005007657,8.998146309713102,-0.0002836952945557414,-1.369230444979674e-05
muon_grpo_mixed,Muon + GRPO (Mixed),1,gate_proj,mlp,model.layers.1.mlp.gate_proj.weight,33.91668364456576,33.91622968565776,-0.0004539589079968209,-5.812866913079916e-06
muon_grpo_mixed,Muon + GRPO (Mixed),1,up_proj,mlp,model.layers.1.mlp.up_proj.weight,37.735381088331756,37.73463188445039,-0.0007492038813694535,-8.622632982135297e-06
muon_grpo_mixed,Muon + GRPO (Mixed),1,k_proj,attn,model.layers.1.self_attn.k_proj.weight,30.087513316132128,30.086675598878944,-0.0008377172531837118,-1.2092094203051574e-05
muon_grpo_mixed,Muon + GRPO (Mixed),1,o_proj,attn,model.layers.1.self_attn.o_proj.weight,49034.98587834326,51375.23030304566,2340.244424702403,0.020247727165295916
muon_grpo_mixed,Muon + GRPO (Mixed),1,q_proj,attn,model.layers.1.self_attn.q_proj.weight,1074758.1049613138,852946.3141767111,-221811.79078460264,-0.10038903207187491
muon_grpo_mixed,Muon + GRPO (Mixed),1,v_proj,attn,model.layers.1.self_attn.v_proj.weight,3.341969736117407,3.342156707754129,0.0001869716367219887,2.4296593071298556e-05
muon_grpo_mixed,Muon + GRPO (Mixed),10,down_proj,mlp,model.layers.10.mlp.down_proj.weight,13.491719978091211,13.491866818590644,0.00014684049943269883,4.726726591551203e-06
muon_grpo_mixed,Muon + GRPO (Mixed),10,gate_proj,mlp,model.layers.10.mlp.gate_proj.weight,16.210019773701827,16.209424167116236,-0.0005956065855912129,-1.5957624320077254e-05
muon_grpo_mixed,Muon + GRPO (Mixed),10,up_proj,mlp,model.layers.10.mlp.up_proj.weight,8.538043575643336,8.537339047283147,-0.0007045283601883057,-3.583788265300923e-05
muon_grpo_mixed,Muon + GRPO (Mixed),10,k_proj,attn,model.layers.10.self_attn.k_proj.weight,24.034098760920294,24.0411492505461,0.007050489625804346,0.00012738317066712435
muon_grpo_mixed,Muon + GRPO (Mixed),10,o_proj,attn,model.layers.10.self_attn.o_proj.weight,15508.710116684786,16349.44940803082,840.7392913460335,0.022927453357008742
muon_grpo_mixed,Muon + GRPO (Mixed),10,q_proj,attn,model.layers.10.self_attn.q_proj.weight,12813.850813777506,12548.208335262894,-265.64247851461187,-0.009097942793609952
muon_grpo_mixed,Muon + GRPO (Mixed),10,v_proj,attn,model.layers.10.self_attn.v_proj.weight,3.2994636012714755,3.299305482082944,-0.0001581191885313693,-2.0813060802063734e-05
muon_grpo_mixed,Muon + GRPO (Mixed),11,down_proj,mlp,model.layers.11.mlp.down_proj.weight,16.054627449194015,16.053257498278704,-0.0013699509153113354,-3.706018782190179e-05
muon_grpo_mixed,Muon + GRPO (Mixed),11,gate_proj,mlp,model.layers.11.mlp.gate_proj.weight,13.225697438590451,13.22578387854838,8.643995792922965e-05,2.838434361757494e-06
muon_grpo_mixed,Muon + GRPO (Mixed),11,up_proj,mlp,model.layers.11.mlp.up_proj.weight,6.605510357941471,6.605215092069362,-0.0002952658721087076,-1.9413368245049683e-05
muon_grpo_mixed,Muon + GRPO (Mixed),11,k_proj,attn,model.layers.11.self_attn.k_proj.weight,21.610944081803808,21.606266832493283,-0.004677249310525156,-9.400438070867019e-05
muon_grpo_mixed,Muon + GRPO (Mixed),11,o_proj,attn,model.layers.11.self_attn.o_proj.weight,139258.46738802953,87298.55943351373,-51959.9079545158,-0.20281453402087263
muon_grpo_mixed,Muon + GRPO (Mixed),11,q_proj,attn,model.layers.11.self_attn.q_proj.weight,28543.812668067454,28586.765042303916,42.952374236461765,0.0006530297216597769
muon_grpo_mixed,Muon + GRPO (Mixed),11,v_proj,attn,model.layers.11.self_attn.v_proj.weight,2.8678401021237847,2.867739565266463,-0.00010053685732192008,-1.5225175099754934e-05
muon_grpo_mixed,Muon + GRPO (Mixed),12,down_proj,mlp,model.layers.12.mlp.down_proj.weight,14.145448240851502,14.14593298760298,0.00048474675147680557,1.4882471633829463e-05
muon_grpo_mixed,Muon + GRPO (Mixed),12,gate_proj,mlp,model.layers.12.mlp.gate_proj.weight,18.888272791501652,18.88775889932994,-0.0005138921717140477,-1.181598619511381e-05
muon_grpo_mixed,Muon + GRPO (Mixed),12,up_proj,mlp,model.layers.12.mlp.up_proj.weight,8.061255117094625,8.060979282200718,-0.00027583489390714533,-1.4860666255696614e-05
muon_grpo_mixed,Muon + GRPO (Mixed),12,k_proj,attn,model.layers.12.self_attn.k_proj.weight,20.867707840632306,20.86457650365118,-0.0031313369811272196,-6.517363694815083e-05
muon_grpo_mixed,Muon + GRPO (Mixed),12,o_proj,attn,model.layers.12.self_attn.o_proj.weight,102000.14319866779,82488.77510456822,-19511.36809409957,-0.09220592676145915
muon_grpo_mixed,Muon + GRPO (Mixed),12,q_proj,attn,model.layers.12.self_attn.q_proj.weight,14798.684955393119,15581.957181387392,783.272225994273,0.022398881870331133
muon_grpo_mixed,Muon + GRPO (Mixed),12,v_proj,attn,model.layers.12.self_attn.v_proj.weight,2.550671517667282,2.5508989478570103,0.0002274301897284836,3.872206692043857e-05
muon_grpo_mixed,Muon + GRPO (Mixed),13,down_proj,mlp,model.layers.13.mlp.down_proj.weight,30.005646690345184,30.006403298904903,0.0007566085597190408,1.0950831458820892e-05
muon_grpo_mixed,Muon + GRPO (Mixed),13,gate_proj,mlp,model.layers.13.mlp.gate_proj.weight,12.316046719506732,12.316203007498842,0.0001562879921106486,5.5110688885497645e-06
muon_grpo_mixed,Muon + GRPO (Mixed),13,up_proj,mlp,model.layers.13.mlp.up_proj.weight,6.311217662216599,6.310732448966241,-0.0004852132503581075,-3.3390313766813764e-05
muon_grpo_mixed,Muon + GRPO (Mixed),13,k_proj,attn,model.layers.13.self_attn.k_proj.weight,41.906820743475016,41.91139433720267,0.004573593727656089,4.7395104237136964e-05
muon_grpo_mixed,Muon + GRPO (Mixed),13,o_proj,attn,model.layers.13.self_attn.o_proj.weight,9641.296136551193,9323.161668671888,-318.1344678793048,-0.014572207419865589
muon_grpo_mixed,Muon + GRPO (Mixed),13,q_proj,attn,model.layers.13.self_attn.q_proj.weight,57124.68510683214,60449.81572254789,3325.1306157157524,0.02457116219266377
muon_grpo_mixed,Muon + GRPO (Mixed),13,v_proj,attn,model.layers.13.self_attn.v_proj.weight,3.7001013163270056,3.7001849292478757,8.361292087011307e-05,9.813844747714514e-06
muon_grpo_mixed,Muon + GRPO (Mixed),14,down_proj,mlp,model.layers.14.mlp.down_proj.weight,12.14858893422566,12.148236631754324,-0.00035230247133632986,-1.259448637497821e-05
muon_grpo_mixed,Muon + GRPO (Mixed),14,gate_proj,mlp,model.layers.14.mlp.gate_proj.weight,13.416229041756727,13.416105212021616,-0.00012382973511115836,-4.008489917122416e-06
muon_grpo_mixed,Muon + GRPO (Mixed),14,up_proj,mlp,model.layers.14.mlp.up_proj.weight,6.92702720942221,6.926906240305967,-0.00012096911624315254,-7.58430374406857e-06
muon_grpo_mixed,Muon + GRPO (Mixed),14,k_proj,attn,model.layers.14.self_attn.k_proj.weight,23.136335100841148,23.13899860813302,0.0026635072918708147,4.999408660864481e-05
muon_grpo_mixed,Muon + GRPO (Mixed),14,o_proj,attn,model.layers.14.self_attn.o_proj.weight,6453.263467239998,6594.167344771072,140.9038775310737,0.00938056794014653
muon_grpo_mixed,Muon + GRPO (Mixed),14,q_proj,attn,model.layers.14.self_attn.q_proj.weight,12016.462412922161,11604.942103042174,-411.5203098799866,-0.015133654230374353
muon_grpo_mixed,Muon + GRPO (Mixed),14,v_proj,attn,model.layers.14.self_attn.v_proj.weight,6.809948120874071,6.809465539407089,-0.00048258146698199056,-3.077701779156914e-05
muon_grpo_mixed,Muon + GRPO (Mixed),15,down_proj,mlp,model.layers.15.mlp.down_proj.weight,12.83113835849419,12.830688335764002,-0.0004500227301882376,-1.5232149355576781e-05
muon_grpo_mixed,Muon + GRPO (Mixed),15,gate_proj,mlp,model.layers.15.mlp.gate_proj.weight,16.831657108500657,16.831767355023565,0.00011024652290814174,2.8445980948791587e-06
muon_grpo_mixed,Muon + GRPO (Mixed),15,up_proj,mlp,model.layers.15.mlp.up_proj.weight,9.399973299687645,9.400135152690718,0.0001618530030729204,7.4778149598399055e-06
muon_grpo_mixed,Muon + GRPO (Mixed),15,k_proj,attn,model.layers.15.self_attn.k_proj.weight,25.442585553328566,25.441385921916037,-0.0011996314125291008,-2.0477698095120123e-05
muon_grpo_mixed,Muon + GRPO (Mixed),15,o_proj,attn,model.layers.15.self_attn.o_proj.weight,29248.74824238646,34139.55840141363,4890.810159027173,0.06715061484190961
muon_grpo_mixed,Muon + GRPO (Mixed),15,q_proj,attn,model.layers.15.self_attn.q_proj.weight,23869.157071525828,24781.61035172814,912.4532802023132,0.01629244179596854
muon_grpo_mixed,Muon + GRPO (Mixed),15,v_proj,attn,model.layers.15.self_attn.v_proj.weight,3.3575600712900404,3.357636068784018,7.599749397746436e-05,9.830030749903447e-06
muon_grpo_mixed,Muon + GRPO (Mixed),16,down_proj,mlp,model.layers.16.mlp.down_proj.weight,9.686499227673869,9.686748220575554,0.00024899290168534094,1.1163460698065964e-05
muon_grpo_mixed,Muon + GRPO (Mixed),16,gate_proj,mlp,model.layers.16.mlp.gate_proj.weight,12.919883539201004,12.91898735491703,-0.0008961842839738665,-3.0125766025069447e-05
muon_grpo_mixed,Muon + GRPO (Mixed),16,up_proj,mlp,model.layers.16.mlp.up_proj.weight,6.159145316251316,6.158685541376381,-0.0004597748749350927,-3.2420917855196434e-05
muon_grpo_mixed,Muon + GRPO (Mixed),16,k_proj,attn,model.layers.16.self_attn.k_proj.weight,20.671141321487564,20.6721184696149,0.0009771481273368465,2.0529103990686748e-05
muon_grpo_mixed,Muon + GRPO (Mixed),16,o_proj,attn,model.layers.16.self_attn.o_proj.weight,41529.00729033527,34133.95455182,-7395.052738515267,-0.0851649439520717
muon_grpo_mixed,Muon + GRPO (Mixed),16,q_proj,attn,model.layers.16.self_attn.q_proj.weight,103943.38985456145,96419.20652413311,-7524.1833304283355,-0.03263332298751392
muon_grpo_mixed,Muon + GRPO (Mixed),16,v_proj,attn,model.layers.16.self_attn.v_proj.weight,2.78870242790059,2.788705620934436,3.1930338462160535e-06,4.972621575900615e-07
muon_grpo_mixed,Muon + GRPO (Mixed),17,down_proj,mlp,model.layers.17.mlp.down_proj.weight,6.7996349709306605,6.799593609435998,-4.13614946621621e-05,-2.641777625710117e-06
muon_grpo_mixed,Muon + GRPO (Mixed),17,gate_proj,mlp,model.layers.17.mlp.gate_proj.weight,17.968770886906377,17.970647052128353,0.0018761652219758673,4.5343427941168636e-05
muon_grpo_mixed,Muon + GRPO (Mixed),17,up_proj,mlp,model.layers.17.mlp.up_proj.weight,12.572357420855843,12.572429923051377,7.250219553434079e-05,2.5044795977706584e-06
muon_grpo_mixed,Muon + GRPO (Mixed),17,k_proj,attn,model.layers.17.self_attn.k_proj.weight,15.488632202364206,15.488641919955295,9.717591089142275e-06,2.724769242383604e-07
muon_grpo_mixed,Muon + GRPO (Mixed),17,o_proj,attn,model.layers.17.self_attn.o_proj.weight,57591.66094582242,60628.38661520059,3036.7256693781674,0.022316407577318006
muon_grpo_mixed,Muon + GRPO (Mixed),17,q_proj,attn,model.layers.17.self_attn.q_proj.weight,13024.993728263826,13295.347631238237,270.35390297441154,0.008922174389371663
muon_grpo_mixed,Muon + GRPO (Mixed),17,v_proj,attn,model.layers.17.self_attn.v_proj.weight,4.045377579425002,4.045290532069351,-8.704735565157051e-05,-9.345133357180606e-06
muon_grpo_mixed,Muon + GRPO (Mixed),18,down_proj,mlp,model.layers.18.mlp.down_proj.weight,6.643981466821017,6.64400587769,2.4410868983082423e-05,1.5956525880172538e-06
muon_grpo_mixed,Muon + GRPO (Mixed),18,gate_proj,mlp,model.layers.18.mlp.gate_proj.weight,18.455846043796296,18.456060748184996,0.0002147043886999711,5.052295552223003e-06
muon_grpo_mixed,Muon + GRPO (Mixed),18,up_proj,mlp,model.layers.18.mlp.up_proj.weight,10.672724442726581,10.671929232286681,-0.0007952104399002735,-3.235990720850275e-05
muon_grpo_mixed,Muon + GRPO (Mixed),18,k_proj,attn,model.layers.18.self_attn.k_proj.weight,22.852605445749074,22.84963055874776,-0.0029748870013150963,-5.653889716268473e-05
muon_grpo_mixed,Muon + GRPO (Mixed),18,o_proj,attn,model.layers.18.self_attn.o_proj.weight,21937.349567301397,25313.38677491234,3376.0372076109416,0.06216609926817506
muon_grpo_mixed,Muon + GRPO (Mixed),18,q_proj,attn,model.layers.18.self_attn.q_proj.weight,33741.713223670544,32956.295477972235,-785.4177456983089,-0.010228741983416655
muon_grpo_mixed,Muon + GRPO (Mixed),18,v_proj,attn,model.layers.18.self_attn.v_proj.weight,2.1434580875579408,2.143488766579259,3.067902131803635e-05,6.215952808427011e-06
muon_grpo_mixed,Muon + GRPO (Mixed),19,down_proj,mlp,model.layers.19.mlp.down_proj.weight,7.114441587440737,7.114365695769122,-7.589167161548005e-05,-4.6327613480679675e-06
muon_grpo_mixed,Muon + GRPO (Mixed),19,gate_proj,mlp,model.layers.19.mlp.gate_proj.weight,18.805480505433707,18.805340495286266,-0.00014001014744025042,-3.233411705778172e-06
muon_grpo_mixed,Muon + GRPO (Mixed),19,up_proj,mlp,model.layers.19.mlp.up_proj.weight,10.390484231630769,10.389750989504861,-0.0007332421259071964,-3.0648643379035596e-05
muon_grpo_mixed,Muon + GRPO (Mixed),19,k_proj,attn,model.layers.19.self_attn.k_proj.weight,22.401692950673606,22.405674169745062,0.003981219071455655,7.717576772071729e-05
muon_grpo_mixed,Muon + GRPO (Mixed),19,o_proj,attn,model.layers.19.self_attn.o_proj.weight,24022.826455842358,26858.8834288165,2836.0569729741437,0.04846385042206587
muon_grpo_mixed,Muon + GRPO (Mixed),19,q_proj,attn,model.layers.19.self_attn.q_proj.weight,25682.89091427411,30762.615913956637,5079.724999682527,0.07837935599337367
muon_grpo_mixed,Muon + GRPO (Mixed),19,v_proj,attn,model.layers.19.self_attn.v_proj.weight,3.008918396896258,3.0088295703610797,-8.88265351783879e-05,-1.2821033478745368e-05
muon_grpo_mixed,Muon + GRPO (Mixed),2,down_proj,mlp,model.layers.2.mlp.down_proj.weight,13.20255066881167,13.20274344086799,0.00019277205631951233,6.3411405287774846e-06
muon_grpo_mixed,Muon + GRPO (Mixed),2,gate_proj,mlp,model.layers.2.mlp.gate_proj.weight,17.38657445257771,17.385458478470767,-0.0011159741069448614,-2.787650625549035e-05
muon_grpo_mixed,Muon + GRPO (Mixed),2,up_proj,mlp,model.layers.2.mlp.up_proj.weight,8.916099391549464,8.916387385281588,0.000287993732124292,1.4027666501059741e-05
muon_grpo_mixed,Muon + GRPO (Mixed),2,k_proj,attn,model.layers.2.self_attn.k_proj.weight,17.246031056628958,17.247804915844245,0.0017738592152873878,4.46675324928861e-05
muon_grpo_mixed,Muon + GRPO (Mixed),2,o_proj,attn,model.layers.2.self_attn.o_proj.weight,31093.030750193404,27941.488526967474,-3151.54222322593,-0.04641351779562563
muon_grpo_mixed,Muon + GRPO (Mixed),2,q_proj,attn,model.layers.2.self_attn.q_proj.weight,24610.069351651575,24251.247681473415,-358.8216701781603,-0.0063787504004159485
muon_grpo_mixed,Muon + GRPO (Mixed),2,v_proj,attn,model.layers.2.self_attn.v_proj.weight,3.1911166787384015,3.1913544083154703,0.0002377295770688015,3.235256130289993e-05
muon_grpo_mixed,Muon + GRPO (Mixed),20,down_proj,mlp,model.layers.20.mlp.down_proj.weight,7.516513788547348,7.516572993444131,5.920489678334917e-05,3.4207691803970293e-06
muon_grpo_mixed,Muon + GRPO (Mixed),20,gate_proj,mlp,model.layers.20.mlp.gate_proj.weight,19.204884886797178,19.205875088446483,0.000990201649305078,2.2391596138012377e-05
muon_grpo_mixed,Muon + GRPO (Mixed),20,up_proj,mlp,model.layers.20.mlp.up_proj.weight,11.187456334212877,11.187221197351489,-0.00023513686138798562,-9.128054806814143e-06
muon_grpo_mixed,Muon + GRPO (Mixed),20,k_proj,attn,model.layers.20.self_attn.k_proj.weight,22.072850031907265,22.079394853326935,0.006544821419669944,0.0001287535823291049
muon_grpo_mixed,Muon + GRPO (Mixed),20,o_proj,attn,model.layers.20.self_attn.o_proj.weight,123534.76145527787,156173.05722385124,32638.29576857337,0.10181693112696036
muon_grpo_mixed,Muon + GRPO (Mixed),20,q_proj,attn,model.layers.20.self_attn.q_proj.weight,9243.896257866112,9303.222855346017,59.326597479905104,0.002778361602413152
muon_grpo_mixed,Muon + GRPO (Mixed),20,v_proj,attn,model.layers.20.self_attn.v_proj.weight,6.942409244310096,6.942544263145632,0.000135018835536016,8.446255898051257e-06
muon_grpo_mixed,Muon + GRPO (Mixed),21,down_proj,mlp,model.layers.21.mlp.down_proj.weight,9.390981919055381,9.389772003381635,-0.0012099156737459538,-5.595725321497201e-05
muon_grpo_mixed,Muon + GRPO (Mixed),21,gate_proj,mlp,model.layers.21.mlp.gate_proj.weight,17.629945642520745,17.6299962828305,5.064030975532319e-05,1.2474670057318108e-06
muon_grpo_mixed,Muon + GRPO (Mixed),21,up_proj,mlp,model.layers.21.mlp.up_proj.weight,8.16699577216017,8.167486192817695,0.0004904206575240266,2.6078205099460178e-05
muon_grpo_mixed,Muon + GRPO (Mixed),21,k_proj,attn,model.layers.21.self_attn.k_proj.weight,29.992183020775197,29.994289969896904,0.002106949121706947,3.050809063990337e-05
muon_grpo_mixed,Muon + GRPO (Mixed),21,o_proj,attn,model.layers.21.self_attn.o_proj.weight,298850.6543733745,258085.6363669411,-40765.01800643338,-0.06369037635235915
muon_grpo_mixed,Muon + GRPO (Mixed),21,q_proj,attn,model.layers.21.self_attn.q_proj.weight,14032.644030663625,14105.587873396758,72.94384273313335,0.002251682298992469
muon_grpo_mixed,Muon + GRPO (Mixed),21,v_proj,attn,model.layers.21.self_attn.v_proj.weight,4.366601968716395,4.366754678766858,0.00015271005046280095,1.5188005009038194e-05
muon_grpo_mixed,Muon + GRPO (Mixed),22,down_proj,mlp,model.layers.22.mlp.down_proj.weight,9.904782336268656,9.903998852753974,-0.0007834835146827146,-3.4354720163709574e-05
muon_grpo_mixed,Muon + GRPO (Mixed),22,gate_proj,mlp,model.layers.22.mlp.gate_proj.weight,22.904187063530273,22.90409253336992,-9.453016035365636e-05,-1.792423875197505e-06
muon_grpo_mixed,Muon + GRPO (Mixed),22,up_proj,mlp,model.layers.22.mlp.up_proj.weight,12.79968858450657,12.799610045063153,-7.853944341817964e-05,-2.6648579230219657e-06
muon_grpo_mixed,Muon + GRPO (Mixed),22,k_proj,attn,model.layers.22.self_attn.k_proj.weight,20.39377999771742,20.39407254915926,0.0002925514418414821,6.229966469626737e-06
muon_grpo_mixed,Muon + GRPO (Mixed),22,o_proj,attn,model.layers.22.self_attn.o_proj.weight,35374.77308841131,34601.17656391855,-773.5965244927647,-0.009602796146458962
muon_grpo_mixed,Muon + GRPO (Mixed),22,q_proj,attn,model.layers.22.self_attn.q_proj.weight,47977.340735145204,45382.63747968323,-2594.7032554619727,-0.024146440480157363
muon_grpo_mixed,Muon + GRPO (Mixed),22,v_proj,attn,model.layers.22.self_attn.v_proj.weight,5.233505964972921,5.233651475907488,0.0001455109345664951,1.2074834318651858e-05
muon_grpo_mixed,Muon + GRPO (Mixed),23,down_proj,mlp,model.layers.23.mlp.down_proj.weight,11.80645745879601,11.80668953714522,0.00023207834921024073,8.536799135775739e-06
muon_grpo_mixed,Muon + GRPO (Mixed),23,gate_proj,mlp,model.layers.23.mlp.gate_proj.weight,19.84423847022627,19.842633075895538,-0.001605394330731258,-3.513574501256068e-05
muon_grpo_mixed,Muon + GRPO (Mixed),23,up_proj,mlp,model.layers.23.mlp.up_proj.weight,10.79189058648552,10.793187385366922,0.0012967988814018838,5.218351304948906e-05
muon_grpo_mixed,Muon + GRPO (Mixed),23,k_proj,attn,model.layers.23.self_attn.k_proj.weight,16.001526800630636,16.009002374034033,0.007475573403397107,0.00020284577736688587
muon_grpo_mixed,Muon + GRPO (Mixed),23,o_proj,attn,model.layers.23.self_attn.o_proj.weight,13053.866526333686,12710.22114716965,-343.64537916403606,-0.011586060813212683
muon_grpo_mixed,Muon + GRPO (Mixed),23,q_proj,attn,model.layers.23.self_attn.q_proj.weight,764874.9518123881,180936.86865230187,-583938.0831600863,-0.626063368828676
muon_grpo_mixed,Muon + GRPO (Mixed),23,v_proj,attn,model.layers.23.self_attn.v_proj.weight,4.042193780833294,4.042264322786676,7.054195338174196e-05,7.578981968723023e-06
muon_grpo_mixed,Muon + GRPO (Mixed),24,down_proj,mlp,model.layers.24.mlp.down_proj.weight,10.013056479364716,10.011114440893497,-0.0019420384712187655,-8.423985169695357e-05
muon_grpo_mixed,Muon + GRPO (Mixed),24,gate_proj,mlp,model.layers.24.mlp.gate_proj.weight,21.0475855955308,21.04868035012248,0.0010947545916799584,2.258850601742722e-05
muon_grpo_mixed,Muon + GRPO (Mixed),24,up_proj,mlp,model.layers.24.mlp.up_proj.weight,13.895235392599337,13.894785908887355,-0.0004494837119821682,-1.4048805052636202e-05
muon_grpo_mixed,Muon + GRPO (Mixed),24,k_proj,attn,model.layers.24.self_attn.k_proj.weight,31.211181081905732,31.204060455868994,-0.007120626036737576,-9.909273865413472e-05
muon_grpo_mixed,Muon + GRPO (Mixed),24,o_proj,attn,model.layers.24.self_attn.o_proj.weight,13596.107700858232,12939.076257019437,-657.0314438387959,-0.02151132375880624
muon_grpo_mixed,Muon + GRPO (Mixed),24,q_proj,attn,model.layers.24.self_attn.q_proj.weight,119825.2524376554,111124.01582182376,-8701.236615831644,-0.032740424965815904
muon_grpo_mixed,Muon + GRPO (Mixed),24,v_proj,attn,model.layers.24.self_attn.v_proj.weight,3.6003445004354857,3.600317435083845,-2.7065351640764845e-05,-3.264792313163183e-06
muon_grpo_mixed,Muon + GRPO (Mixed),25,down_proj,mlp,model.layers.25.mlp.down_proj.weight,9.428473935149443,9.427957998370932,-0.000515936778510806,-2.376573646213072e-05
muon_grpo_mixed,Muon + GRPO (Mixed),25,gate_proj,mlp,model.layers.25.mlp.gate_proj.weight,21.338091581274373,21.33898356454223,0.0008919832678557782,1.8154168715340953e-05
muon_grpo_mixed,Muon + GRPO (Mixed),25,up_proj,mlp,model.layers.25.mlp.up_proj.weight,18.112209505291784,18.11293575302012,0.0007262477283376256,1.74136158021933e-05
muon_grpo_mixed,Muon + GRPO (Mixed),25,k_proj,attn,model.layers.25.self_attn.k_proj.weight,22.462953951457504,22.46351788330552,0.000563931848017063,1.090281429965098e-05
muon_grpo_mixed,Muon + GRPO (Mixed),25,o_proj,attn,model.layers.25.self_attn.o_proj.weight,16296.613319126418,17174.49829647246,877.8849773460406,0.02278669838565139
muon_grpo_mixed,Muon + GRPO (Mixed),25,q_proj,attn,model.layers.25.self_attn.q_proj.weight,24555.210708810777,25226.952930681517,671.7422218707397,0.011721131704502253
muon_grpo_mixed,Muon + GRPO (Mixed),25,v_proj,attn,model.layers.25.self_attn.v_proj.weight,4.337190824833435,4.337236714700017,4.5889866582271566e-05,4.595050391775615e-06
muon_grpo_mixed,Muon + GRPO (Mixed),26,down_proj,mlp,model.layers.26.mlp.down_proj.weight,8.741682232718533,8.741593634666543,-8.859805199001869e-05,-4.4016516559950505e-06
muon_grpo_mixed,Muon + GRPO (Mixed),26,gate_proj,mlp,model.layers.26.mlp.gate_proj.weight,20.0336868429297,20.032651896762673,-0.001034946167028039,-2.243636047842878e-05
muon_grpo_mixed,Muon + GRPO (Mixed),26,up_proj,mlp,model.layers.26.mlp.up_proj.weight,18.54966977174175,18.54899843529801,-0.0006713364437409552,-1.5717961163569954e-05
muon_grpo_mixed,Muon + GRPO (Mixed),26,k_proj,attn,model.layers.26.self_attn.k_proj.weight,18.924022446774764,18.92162519235876,-0.002397254416003136,-5.501897475282115e-05
muon_grpo_mixed,Muon + GRPO (Mixed),26,o_proj,attn,model.layers.26.self_attn.o_proj.weight,32723.99759321507,32949.47883911779,225.48124590272346,0.0029821977142770978
muon_grpo_mixed,Muon + GRPO (Mixed),26,q_proj,attn,model.layers.26.self_attn.q_proj.weight,48120.87790718429,49140.1504688752,1019.2725616909156,0.009102940053784262
muon_grpo_mixed,Muon + GRPO (Mixed),26,v_proj,attn,model.layers.26.self_attn.v_proj.weight,4.835564685889436,4.836418465084041,0.0008537791946050532,7.667333330837548e-05
muon_grpo_mixed,Muon + GRPO (Mixed),27,down_proj,mlp,model.layers.27.mlp.down_proj.weight,11.983131396493501,11.98476174649822,0.0016303500047190056,5.9083375204344024e-05
muon_grpo_mixed,Muon + GRPO (Mixed),27,gate_proj,mlp,model.layers.27.mlp.gate_proj.weight,34.01131673372879,34.01160178524901,0.00028505152022262337,3.6398409532531685e-06
muon_grpo_mixed,Muon + GRPO (Mixed),27,up_proj,mlp,model.layers.27.mlp.up_proj.weight,27.05991417573715,27.05813088325645,-0.0017832924806988615,-2.8621657837912564e-05
muon_grpo_mixed,Muon + GRPO (Mixed),27,k_proj,attn,model.layers.27.self_attn.k_proj.weight,16.960271595775623,16.95767627895468,-0.002595316820944049,-6.646226242748523e-05
muon_grpo_mixed,Muon + GRPO (Mixed),27,o_proj,attn,model.layers.27.self_attn.o_proj.weight,99634.79632267175,104800.60349663954,5165.8071739677835,0.021952746212143617
muon_grpo_mixed,Muon + GRPO (Mixed),27,q_proj,attn,model.layers.27.self_attn.q_proj.weight,91711.44628086085,78172.02961276387,-13539.41666809698,-0.06937215441187893
muon_grpo_mixed,Muon + GRPO (Mixed),27,v_proj,attn,model.layers.27.self_attn.v_proj.weight,7.853791579470053,7.8540538093952135,0.00026222992516089505,1.4500398581521478e-05
muon_grpo_mixed,Muon + GRPO (Mixed),3,down_proj,mlp,model.layers.3.mlp.down_proj.weight,10.758270959803003,10.75758948347284,-0.0006814763301630222,-2.751099921071052e-05
muon_grpo_mixed,Muon + GRPO (Mixed),3,gate_proj,mlp,model.layers.3.mlp.gate_proj.weight,13.999766940935217,14.00087961762178,0.001112676686563674,3.451558479985452e-05
muon_grpo_mixed,Muon + GRPO (Mixed),3,up_proj,mlp,model.layers.3.mlp.up_proj.weight,7.592358408260811,7.59207476690991,-0.00028364135090086506,-1.6225020997386587e-05
muon_grpo_mixed,Muon + GRPO (Mixed),3,k_proj,attn,model.layers.3.self_attn.k_proj.weight,15.502942945207748,15.501893177294413,-0.001049767913334776,-2.9408858051254395e-05
muon_grpo_mixed,Muon + GRPO (Mixed),3,o_proj,attn,model.layers.3.self_attn.o_proj.weight,16528.241725287102,16488.73524678201,-39.50647850509267,-0.0010393110076071803
muon_grpo_mixed,Muon + GRPO (Mixed),3,q_proj,attn,model.layers.3.self_attn.q_proj.weight,75355.26316454641,106777.38542719588,31422.12226264947,0.15136569155808513
muon_grpo_mixed,Muon + GRPO (Mixed),3,v_proj,attn,model.layers.3.self_attn.v_proj.weight,3.891617107326821,3.891691570812782,7.446348596129582e-05,8.30985443194028e-06
muon_grpo_mixed,Muon + GRPO (Mixed),4,down_proj,mlp,model.layers.4.mlp.down_proj.weight,11.15720155550664,11.156913774789714,-0.0002877807169259228,-1.1202019485500164e-05
muon_grpo_mixed,Muon + GRPO (Mixed),4,gate_proj,mlp,model.layers.4.mlp.gate_proj.weight,17.495981170242754,17.49565463538517,-0.000326534857585159,-8.105496272871364e-06
muon_grpo_mixed,Muon + GRPO (Mixed),4,up_proj,mlp,model.layers.4.mlp.up_proj.weight,8.782003015120793,8.78172108548229,-0.0002819296385023762,-1.3942428791963423e-05
muon_grpo_mixed,Muon + GRPO (Mixed),4,k_proj,attn,model.layers.4.self_attn.k_proj.weight,23.93670634239095,23.934330929883068,-0.0023754125078809807,-4.310032136534748e-05
muon_grpo_mixed,Muon + GRPO (Mixed),4,o_proj,attn,model.layers.4.self_attn.o_proj.weight,8582.208719375358,8741.35033683503,159.1416174596725,0.007979453918724759
muon_grpo_mixed,Muon + GRPO (Mixed),4,q_proj,attn,model.layers.4.self_attn.q_proj.weight,19385.367499083055,18080.25203358203,-1305.115465501025,-0.030269558457475015
muon_grpo_mixed,Muon + GRPO (Mixed),4,v_proj,attn,model.layers.4.self_attn.v_proj.weight,3.7875720759658726,3.7873864916729127,-0.00018558429295989498,-2.1280178276029013e-05
muon_grpo_mixed,Muon + GRPO (Mixed),5,down_proj,mlp,model.layers.5.mlp.down_proj.weight,12.388049471794826,12.387991794272736,-5.7677522089960576e-05,-2.0220364750276642e-06
muon_grpo_mixed,Muon + GRPO (Mixed),5,gate_proj,mlp,model.layers.5.mlp.gate_proj.weight,20.634483011844836,20.634325688114547,-0.00015732373028853885,-3.3112091232939745e-06
muon_grpo_mixed,Muon + GRPO (Mixed),5,up_proj,mlp,model.layers.5.mlp.up_proj.weight,8.094579137228608,8.095523120926064,0.0009439836974554083,5.064414106086667e-05
muon_grpo_mixed,Muon + GRPO (Mixed),5,k_proj,attn,model.layers.5.self_attn.k_proj.weight,22.35050954040556,22.35037890781669,-0.00013063258887058282,-2.53833936965956e-06
muon_grpo_mixed,Muon + GRPO (Mixed),5,o_proj,attn,model.layers.5.self_attn.o_proj.weight,14934.50156341116,14421.0825658792,-513.4189975319605,-0.015192869326121674
muon_grpo_mixed,Muon + GRPO (Mixed),5,q_proj,attn,model.layers.5.self_attn.q_proj.weight,14969.234018258956,14508.366184024122,-460.86783423483394,-0.01358106946207372
muon_grpo_mixed,Muon + GRPO (Mixed),5,v_proj,attn,model.layers.5.self_attn.v_proj.weight,3.3558693468749854,3.3559208949965926,5.154812160723665e-05,6.670966749577476e-06
muon_grpo_mixed,Muon + GRPO (Mixed),6,down_proj,mlp,model.layers.6.mlp.down_proj.weight,9.162314837809912,9.161723553186334,-0.0005912846235780478,-2.802784450282778e-05
muon_grpo_mixed,Muon + GRPO (Mixed),6,gate_proj,mlp,model.layers.6.mlp.gate_proj.weight,19.228406692239826,19.226618731707937,-0.0017879605318888991,-4.0384911197388543e-05
muon_grpo_mixed,Muon + GRPO (Mixed),6,up_proj,mlp,model.layers.6.mlp.up_proj.weight,7.421489572866498,7.420318526434765,-0.001171046431732492,-6.853329473156518e-05
muon_grpo_mixed,Muon + GRPO (Mixed),6,k_proj,attn,model.layers.6.self_attn.k_proj.weight,22.193674123897594,22.197906614536528,0.004232490638933939,8.281513314864506e-05
muon_grpo_mixed,Muon + GRPO (Mixed),6,o_proj,attn,model.layers.6.self_attn.o_proj.weight,70513.61868597266,107400.9584780875,36887.33979211484,0.18273515436138654
muon_grpo_mixed,Muon + GRPO (Mixed),6,q_proj,attn,model.layers.6.self_attn.q_proj.weight,18604.75910456698,18163.73448142241,-441.0246231445708,-0.01041890639325275
muon_grpo_mixed,Muon + GRPO (Mixed),6,v_proj,attn,model.layers.6.self_attn.v_proj.weight,3.2802787964379356,3.2805764717012416,0.00029767526330592986,3.94091072148107e-05
muon_grpo_mixed,Muon + GRPO (Mixed),7,down_proj,mlp,model.layers.7.mlp.down_proj.weight,7.967968298583799,7.968454794360702,0.000486495776902629,2.6515665430277584e-05
muon_grpo_mixed,Muon + GRPO (Mixed),7,gate_proj,mlp,model.layers.7.mlp.gate_proj.weight,16.82272426896548,16.82328230952399,0.0005580405585092763,1.4406104016891994e-05
muon_grpo_mixed,Muon + GRPO (Mixed),7,up_proj,mlp,model.layers.7.mlp.up_proj.weight,8.451906164480205,8.451928368334974,2.220385476903175e-05,1.1409259342093476e-06
muon_grpo_mixed,Muon + GRPO (Mixed),7,k_proj,attn,model.layers.7.self_attn.k_proj.weight,30.442592542837964,30.44673628393368,0.004143741095717246,5.9110649756132384e-05
muon_grpo_mixed,Muon + GRPO (Mixed),7,o_proj,attn,model.layers.7.self_attn.o_proj.weight,9457.463639954845,9464.650881494796,7.187241539950264,0.0003299186766339338
muon_grpo_mixed,Muon + GRPO (Mixed),7,q_proj,attn,model.layers.7.self_attn.q_proj.weight,9030.470682093728,9116.701375880177,86.23069378644868,0.004127342400743664
muon_grpo_mixed,Muon + GRPO (Mixed),7,v_proj,attn,model.layers.7.self_attn.v_proj.weight,4.6148320901395445,4.615429731406883,0.0005976412673387443,5.6239424177454834e-05
muon_grpo_mixed,Muon + GRPO (Mixed),8,down_proj,mlp,model.layers.8.mlp.down_proj.weight,8.059006885143106,8.059110071862815,0.000103186719709214,5.560627596370756e-06
muon_grpo_mixed,Muon + GRPO (Mixed),8,gate_proj,mlp,model.layers.8.mlp.gate_proj.weight,15.70276662952571,15.703714036770887,0.0009474072451762794,2.6201836696772052e-05
muon_grpo_mixed,Muon + GRPO (Mixed),8,up_proj,mlp,model.layers.8.mlp.up_proj.weight,11.03707620181019,11.037309697187732,0.00023349537754135952,9.187639872196272e-06
muon_grpo_mixed,Muon + GRPO (Mixed),8,k_proj,attn,model.layers.8.self_attn.k_proj.weight,26.24428190856445,26.2394753727877,-0.004806535776747722,-7.954659036920373e-05
muon_grpo_mixed,Muon + GRPO (Mixed),8,o_proj,attn,model.layers.8.self_attn.o_proj.weight,8728.55329977634,8593.53546940602,-135.01783037031964,-0.00677039438133625
muon_grpo_mixed,Muon + GRPO (Mixed),8,q_proj,attn,model.layers.8.self_attn.q_proj.weight,20459.276858621644,21743.08184528364,1283.804986661995,0.026430821296705317
muon_grpo_mixed,Muon + GRPO (Mixed),8,v_proj,attn,model.layers.8.self_attn.v_proj.weight,2.614956506444022,2.6149645842070877,8.077763065550414e-06,1.3415605568840951e-06
muon_grpo_mixed,Muon + GRPO (Mixed),9,down_proj,mlp,model.layers.9.mlp.down_proj.weight,11.96143651469935,11.961757595106567,0.00032108040721645636,1.1657594589547381e-05
muon_grpo_mixed,Muon + GRPO (Mixed),9,gate_proj,mlp,model.layers.9.mlp.gate_proj.weight,17.04541620966512,17.046283743642405,0.0008675339772850066,2.2103046770664864e-05
muon_grpo_mixed,Muon + GRPO (Mixed),9,up_proj,mlp,model.layers.9.mlp.up_proj.weight,8.607523542303687,8.607340975364444,-0.00018256693924278977,-9.21155251762281e-06
muon_grpo_mixed,Muon + GRPO (Mixed),9,k_proj,attn,model.layers.9.self_attn.k_proj.weight,29.979145885547403,29.975981517789112,-0.00316436775829132,-4.584320030442364e-05
muon_grpo_mixed,Muon + GRPO (Mixed),9,o_proj,attn,model.layers.9.self_attn.o_proj.weight,26480.436490575365,29939.48864378579,3459.052153210425,0.05331923894465371
muon_grpo_mixed,Muon + GRPO (Mixed),9,q_proj,attn,model.layers.9.self_attn.q_proj.weight,35295.52653603585,33612.63812227413,-1682.8884137617206,-0.021217065199067187
muon_grpo_mixed,Muon + GRPO (Mixed),9,v_proj,attn,model.layers.9.self_attn.v_proj.weight,3.911800039733773,3.9117267179567428,-7.332177703034404e-05,-8.140380714440888e-06
adamw_sft_fp32,AdamW + SFT (FP32),-1,embed,embed,model.embed_tokens.weight,69.18641058154057,69.22728621255379,0.04087563101322189,0.00025650729545679624
adamw_sft_fp32,AdamW + SFT (FP32),0,down_proj,mlp,model.layers.0.mlp.down_proj.weight,10.546793843948734,10.549143021872368,0.0023491779236337607,9.672336620547437e-05
adamw_sft_fp32,AdamW + SFT (FP32),0,gate_proj,mlp,model.layers.0.mlp.gate_proj.weight,50.790417231602824,50.78694585239876,-0.0034713792040648173,-2.9683795438947552e-05
adamw_sft_fp32,AdamW + SFT (FP32),0,up_proj,mlp,model.layers.0.mlp.up_proj.weight,30.557746350661454,30.559121437715017,0.001375087053563817,1.9542648084249332e-05
adamw_sft_fp32,AdamW + SFT (FP32),0,k_proj,attn,model.layers.0.self_attn.k_proj.weight,18.73935745084044,18.74050645117419,0.0011490003337506494,2.6627871761456836e-05
adamw_sft_fp32,AdamW + SFT (FP32),0,o_proj,attn,model.layers.0.self_attn.o_proj.weight,38555.79005042446,32319.251226240554,-6236.538824183906,-0.07662831625588572
adamw_sft_fp32,AdamW + SFT (FP32),0,q_proj,attn,model.layers.0.self_attn.q_proj.weight,184976.8751259078,189435.9014084866,4459.026282578794,0.010344850353953472
adamw_sft_fp32,AdamW + SFT (FP32),0,v_proj,attn,model.layers.0.self_attn.v_proj.weight,7.7755061789352835,7.780479750469306,0.004973571534022447,0.0002777059269632108
adamw_sft_fp32,AdamW + SFT (FP32),1,down_proj,mlp,model.layers.1.mlp.down_proj.weight,8.998430005007657,8.999623775259847,0.0011937702521898075,5.76115440342802e-05
adamw_sft_fp32,AdamW + SFT (FP32),1,gate_proj,mlp,model.layers.1.mlp.gate_proj.weight,33.91668364456576,33.91622620059815,-0.0004574439676048314,-5.857492811900841e-06
adamw_sft_fp32,AdamW + SFT (FP32),1,up_proj,mlp,model.layers.1.mlp.up_proj.weight,37.735381088331756,37.73280501446257,-0.002576073869185791,-2.9648908356534364e-05
adamw_sft_fp32,AdamW + SFT (FP32),1,k_proj,attn,model.layers.1.self_attn.k_proj.weight,30.087513316132128,30.086091109108807,-0.001422207023320965,-2.052915620951106e-05
adamw_sft_fp32,AdamW + SFT (FP32),1,o_proj,attn,model.layers.1.self_attn.o_proj.weight,49034.98587834326,87509.49048413387,38474.504605790615,0.2515491006465739
adamw_sft_fp32,AdamW + SFT (FP32),1,q_proj,attn,model.layers.1.self_attn.q_proj.weight,1074758.1049613138,509028.80550265074,-565729.299458663,-0.324568369517453
adamw_sft_fp32,AdamW + SFT (FP32),1,v_proj,attn,model.layers.1.self_attn.v_proj.weight,3.341969736117407,3.341436387421382,-0.000533348696025282,-6.931507432716081e-05
adamw_sft_fp32,AdamW + SFT (FP32),10,down_proj,mlp,model.layers.10.mlp.down_proj.weight,13.491719978091211,13.490909082605281,-0.0008108954859302742,-2.6103270682320932e-05
adamw_sft_fp32,AdamW + SFT (FP32),10,gate_proj,mlp,model.layers.10.mlp.gate_proj.weight,16.210019773701827,16.209853179229988,-0.0001665944718389767,-4.463377135410222e-06
adamw_sft_fp32,AdamW + SFT (FP32),10,up_proj,mlp,model.layers.10.mlp.up_proj.weight,8.538043575643336,8.537993640053006,-4.993559032939743e-05,-2.5400215584991005e-06
adamw_sft_fp32,AdamW + SFT (FP32),10,k_proj,attn,model.layers.10.self_attn.k_proj.weight,24.034098760920294,24.013008553570593,-0.021090207349701018,-0.00038126587735991653
adamw_sft_fp32,AdamW + SFT (FP32),10,o_proj,attn,model.layers.10.self_attn.o_proj.weight,15508.710116684786,17005.294229983087,1496.5841132983005,0.04000847223434733
adamw_sft_fp32,AdamW + SFT (FP32),10,q_proj,attn,model.layers.10.self_attn.q_proj.weight,12813.850813777506,12938.24141410878,124.39060033127316,0.004195586983674118
adamw_sft_fp32,AdamW + SFT (FP32),10,v_proj,attn,model.layers.10.self_attn.v_proj.weight,3.2994636012714755,3.2995539436257766,9.034235430105397e-05,1.1891220379533287e-05
adamw_sft_fp32,AdamW + SFT (FP32),11,down_proj,mlp,model.layers.11.mlp.down_proj.weight,16.054627449194015,16.053116247987305,-0.0015112012067106662,-4.088149898006713e-05
adamw_sft_fp32,AdamW + SFT (FP32),11,gate_proj,mlp,model.layers.11.mlp.gate_proj.weight,13.225697438590451,13.22583010201266,0.00013266342220852323,4.3562695671943445e-06
adamw_sft_fp32,AdamW + SFT (FP32),11,up_proj,mlp,model.layers.11.mlp.up_proj.weight,6.605510357941471,6.605391641799022,-0.00011871614244896023,-7.805336165650669e-06
adamw_sft_fp32,AdamW + SFT (FP32),11,k_proj,attn,model.layers.11.self_attn.k_proj.weight,21.610944081803808,21.61337351359074,0.0024294317869326676,4.881922394761813e-05
adamw_sft_fp32,AdamW + SFT (FP32),11,o_proj,attn,model.layers.11.self_attn.o_proj.weight,139258.46738802953,136650.149232123,-2608.3181559065415,-0.008211500918071168
adamw_sft_fp32,AdamW + SFT (FP32),11,q_proj,attn,model.layers.11.self_attn.q_proj.weight,28543.812668067454,23020.60684694305,-5523.205821124404,-0.09339521455238078
adamw_sft_fp32,AdamW + SFT (FP32),11,v_proj,attn,model.layers.11.self_attn.v_proj.weight,2.8678401021237847,2.8677384507524737,-0.00010165137131101787,-1.539395868642603e-05
adamw_sft_fp32,AdamW + SFT (FP32),12,down_proj,mlp,model.layers.12.mlp.down_proj.weight,14.145448240851502,14.145333936130282,-0.00011430472122064828,-3.5094052452178714e-06
adamw_sft_fp32,AdamW + SFT (FP32),12,gate_proj,mlp,model.layers.12.mlp.gate_proj.weight,18.888272791501652,18.888019978345536,-0.00025281315611636046,-5.8129239586347315e-06
adamw_sft_fp32,AdamW + SFT (FP32),12,up_proj,mlp,model.layers.12.mlp.up_proj.weight,8.061255117094625,8.061591215268926,0.00033609817430146904,1.8106676636251277e-05
adamw_sft_fp32,AdamW + SFT (FP32),12,k_proj,attn,model.layers.12.self_attn.k_proj.weight,20.867707840632306,20.879638595088757,0.011930754456450643,0.0002482294760659514
adamw_sft_fp32,AdamW + SFT (FP32),12,o_proj,attn,model.layers.12.self_attn.o_proj.weight,102000.14319866779,53570.29026278875,-48429.85293587904,-0.2796767819307929
adamw_sft_fp32,AdamW + SFT (FP32),12,q_proj,attn,model.layers.12.self_attn.q_proj.weight,14798.684955393119,17419.213873844765,2620.528918451646,0.07080542675799596
adamw_sft_fp32,AdamW + SFT (FP32),12,v_proj,attn,model.layers.12.self_attn.v_proj.weight,2.550671517667282,2.550862270678382,0.00019075301110005327,3.2477675774686414e-05
adamw_sft_fp32,AdamW + SFT (FP32),13,down_proj,mlp,model.layers.13.mlp.down_proj.weight,30.005646690345184,29.99925005399733,-0.006396636347854923,-9.259323921429206e-05
adamw_sft_fp32,AdamW + SFT (FP32),13,gate_proj,mlp,model.layers.13.mlp.gate_proj.weight,12.316046719506732,12.316825495795117,0.0007787762883850746,2.7460723365033896e-05
adamw_sft_fp32,AdamW + SFT (FP32),13,up_proj,mlp,model.layers.13.mlp.up_proj.weight,6.311217662216599,6.310844252711366,-0.0003734095052330133,-2.569622756616406e-05
adamw_sft_fp32,AdamW + SFT (FP32),13,k_proj,attn,model.layers.13.self_attn.k_proj.weight,41.906820743475016,41.95452027837048,0.047699534895464524,0.0004940452126337829
adamw_sft_fp32,AdamW + SFT (FP32),13,o_proj,attn,model.layers.13.self_attn.o_proj.weight,9641.296136551193,9926.658472740017,285.362336188824,0.012667657602237802
adamw_sft_fp32,AdamW + SFT (FP32),13,q_proj,attn,model.layers.13.self_attn.q_proj.weight,57124.68510683214,120622.4335647564,63497.74845792426,0.32460426705347273
adamw_sft_fp32,AdamW + SFT (FP32),13,v_proj,attn,model.layers.13.self_attn.v_proj.weight,3.7001013163270056,3.7000665383275586,-3.4777999446955477e-05,-4.082040718074388e-06
adamw_sft_fp32,AdamW + SFT (FP32),14,down_proj,mlp,model.layers.14.mlp.down_proj.weight,12.14858893422566,12.148457276530692,-0.00013165769496836788,-4.706597660435759e-06
adamw_sft_fp32,AdamW + SFT (FP32),14,gate_proj,mlp,model.layers.14.mlp.gate_proj.weight,13.416229041756727,13.41554177747954,-0.0006872642771877935,-2.224788555834103e-05
adamw_sft_fp32,AdamW + SFT (FP32),14,up_proj,mlp,model.layers.14.mlp.up_proj.weight,6.92702720942221,6.927177792232907,0.00015058281069713075,9.440784765372877e-06
adamw_sft_fp32,AdamW + SFT (FP32),14,k_proj,attn,model.layers.14.self_attn.k_proj.weight,23.136335100841148,23.1355076385602,-0.0008274622809487653,-1.5532655773456303e-05
adamw_sft_fp32,AdamW + SFT (FP32),14,o_proj,attn,model.layers.14.self_attn.o_proj.weight,6453.263467239998,6672.949122044222,219.6856548042242,0.014538417181559158
adamw_sft_fp32,AdamW + SFT (FP32),14,q_proj,attn,model.layers.14.self_attn.q_proj.weight,12016.462412922161,12195.409113495187,178.94670057302574,0.006419741624979612
adamw_sft_fp32,AdamW + SFT (FP32),14,v_proj,attn,model.layers.14.self_attn.v_proj.weight,6.809948120874071,6.809461800909309,-0.0004863199647617833,-3.1015451981862785e-05
adamw_sft_fp32,AdamW + SFT (FP32),15,down_proj,mlp,model.layers.15.mlp.down_proj.weight,12.83113835849419,12.831249457647974,0.00011109915378426649,3.76034761680957e-06
adamw_sft_fp32,AdamW + SFT (FP32),15,gate_proj,mlp,model.layers.15.mlp.gate_proj.weight,16.831657108500657,16.83032281167403,-0.0013342968266272237,-3.442921365307157e-05
adamw_sft_fp32,AdamW + SFT (FP32),15,up_proj,mlp,model.layers.15.mlp.up_proj.weight,9.399973299687645,9.400373102059474,0.0003998023718292387,1.8471145185634128e-05
adamw_sft_fp32,AdamW + SFT (FP32),15,k_proj,attn,model.layers.15.self_attn.k_proj.weight,25.442585553328566,25.466858424740202,0.024272871411636032,0.00041413042803405673
adamw_sft_fp32,AdamW + SFT (FP32),15,o_proj,attn,model.layers.15.self_attn.o_proj.weight,29248.74824238646,32824.38559392903,3575.6373515425694,0.05008932139300352
adamw_sft_fp32,AdamW + SFT (FP32),15,q_proj,attn,model.layers.15.self_attn.q_proj.weight,23869.157071525828,26140.48024338323,2271.3231718574025,0.03947647965330436
adamw_sft_fp32,AdamW + SFT (FP32),15,v_proj,attn,model.layers.15.self_attn.v_proj.weight,3.3575600712900404,3.3578017624954044,0.0002416912053639919,3.1261206605787726e-05
adamw_sft_fp32,AdamW + SFT (FP32),16,down_proj,mlp,model.layers.16.mlp.down_proj.weight,9.686499227673869,9.686325295120994,-0.00017393255287423415,-7.798341212409642e-06
adamw_sft_fp32,AdamW + SFT (FP32),16,gate_proj,mlp,model.layers.16.mlp.gate_proj.weight,12.919883539201004,12.918401791928334,-0.001481747272670475,-4.981094190691565e-05
adamw_sft_fp32,AdamW + SFT (FP32),16,up_proj,mlp,model.layers.16.mlp.up_proj.weight,6.159145316251316,6.158429528859407,-0.0007157873919094726,-5.047462975159417e-05
adamw_sft_fp32,AdamW + SFT (FP32),16,k_proj,attn,model.layers.16.self_attn.k_proj.weight,20.671141321487564,20.662982762774597,-0.008158558712967334,-0.00017144270763382738
adamw_sft_fp32,AdamW + SFT (FP32),16,o_proj,attn,model.layers.16.self_attn.o_proj.weight,41529.00729033527,43803.61488809358,2274.6075977583096,0.02315840222755689
adamw_sft_fp32,AdamW + SFT (FP32),16,q_proj,attn,model.layers.16.self_attn.q_proj.weight,103943.38985456145,111935.37168362479,7991.981829063341,0.032170469534958016
adamw_sft_fp32,AdamW + SFT (FP32),16,v_proj,attn,model.layers.16.self_attn.v_proj.weight,2.78870242790059,2.788953945241285,0.0002515173406951732,3.916791782546331e-05
adamw_sft_fp32,AdamW + SFT (FP32),17,down_proj,mlp,model.layers.17.mlp.down_proj.weight,6.7996349709306605,6.799312493084235,-0.0003224778464252509,-2.059723366610776e-05
adamw_sft_fp32,AdamW + SFT (FP32),17,gate_proj,mlp,model.layers.17.mlp.gate_proj.weight,17.968770886906377,17.968196659632106,-0.000574227274270811,-1.3878952711988376e-05
adamw_sft_fp32,AdamW + SFT (FP32),17,up_proj,mlp,model.layers.17.mlp.up_proj.weight,12.572357420855843,12.572898668626328,0.0005412477704851426,1.86962438770551e-05
adamw_sft_fp32,AdamW + SFT (FP32),17,k_proj,attn,model.layers.17.self_attn.k_proj.weight,15.488632202364206,15.490432609117851,0.001800406753645234,5.047968516339487e-05
adamw_sft_fp32,AdamW + SFT (FP32),17,o_proj,attn,model.layers.17.self_attn.o_proj.weight,57591.66094582242,33478.55340267579,-24113.10754314663,-0.2355929197765176
adamw_sft_fp32,AdamW + SFT (FP32),17,q_proj,attn,model.layers.17.self_attn.q_proj.weight,13024.993728263826,12782.788779635663,-242.20494862816304,-0.008151910071896667
adamw_sft_fp32,AdamW + SFT (FP32),17,v_proj,attn,model.layers.17.self_attn.v_proj.weight,4.045377579425002,4.045294537292994,-8.30421320081598e-05,-8.915140590958265e-06
adamw_sft_fp32,AdamW + SFT (FP32),18,down_proj,mlp,model.layers.18.mlp.down_proj.weight,6.643981466821017,6.643879760833689,-0.00010170598732806013,-6.648225522084495e-06
adamw_sft_fp32,AdamW + SFT (FP32),18,gate_proj,mlp,model.layers.18.mlp.gate_proj.weight,18.455846043796296,18.454465640866886,-0.0013804029294099962,-3.248422177776686e-05
adamw_sft_fp32,AdamW + SFT (FP32),18,up_proj,mlp,model.layers.18.mlp.up_proj.weight,10.672724442726581,10.673077436195234,0.00035299346865258485,1.43637719929445e-05
adamw_sft_fp32,AdamW + SFT (FP32),18,k_proj,attn,model.layers.18.self_attn.k_proj.weight,22.852605445749074,22.878188618645385,0.025583172896311623,0.0004859146754314933
adamw_sft_fp32,AdamW + SFT (FP32),18,o_proj,attn,model.layers.18.self_attn.o_proj.weight,21937.349567301397,15792.254662716987,-6145.09490458441,-0.14274001697133243
adamw_sft_fp32,AdamW + SFT (FP32),18,q_proj,attn,model.layers.18.self_attn.q_proj.weight,33741.713223670544,26681.22480123758,-7060.488422432965,-0.10196136797914103
adamw_sft_fp32,AdamW + SFT (FP32),18,v_proj,attn,model.layers.18.self_attn.v_proj.weight,2.1434580875579408,2.1433057027646654,-0.00015238479327539523,-3.087638046339486e-05
adamw_sft_fp32,AdamW + SFT (FP32),19,down_proj,mlp,model.layers.19.mlp.down_proj.weight,7.114441587440737,7.114299079406702,-0.0001425080340355933,-8.699357766026368e-06
adamw_sft_fp32,AdamW + SFT (FP32),19,gate_proj,mlp,model.layers.19.mlp.gate_proj.weight,18.805480505433707,18.80505327571243,-0.00042722972127506864,-9.866571505846613e-06
adamw_sft_fp32,AdamW + SFT (FP32),19,up_proj,mlp,model.layers.19.mlp.up_proj.weight,10.390484231630769,10.389369380010008,-0.0011148516207608594,-4.660031938154497e-05
adamw_sft_fp32,AdamW + SFT (FP32),19,k_proj,attn,model.layers.19.self_attn.k_proj.weight,22.401692950673606,22.398449211416743,-0.003243739256863165,-6.28898925076265e-05
adamw_sft_fp32,AdamW + SFT (FP32),19,o_proj,attn,model.layers.19.self_attn.o_proj.weight,24022.826455842358,23211.65967183553,-811.1667840068294,-0.01491790956212265
adamw_sft_fp32,AdamW + SFT (FP32),19,q_proj,attn,model.layers.19.self_attn.q_proj.weight,25682.89091427411,28615.084345909327,2932.1934316352163,0.04695112322592157
adamw_sft_fp32,AdamW + SFT (FP32),19,v_proj,attn,model.layers.19.self_attn.v_proj.weight,3.008918396896258,3.0090763122826667,0.00015791538640863578,2.279223703403865e-05
adamw_sft_fp32,AdamW + SFT (FP32),2,down_proj,mlp,model.layers.2.mlp.down_proj.weight,13.20255066881167,13.204726570277062,0.0021759014653923714,7.156981715066048e-05
adamw_sft_fp32,AdamW + SFT (FP32),2,gate_proj,mlp,model.layers.2.mlp.gate_proj.weight,17.38657445257771,17.38480450925432,-0.001769943323392198,-4.421318004895576e-05
adamw_sft_fp32,AdamW + SFT (FP32),2,up_proj,mlp,model.layers.2.mlp.up_proj.weight,8.916099391549464,8.914158820895489,-0.0019405706539750156,-9.453358667616831e-05
adamw_sft_fp32,AdamW + SFT (FP32),2,k_proj,attn,model.layers.2.self_attn.k_proj.weight,17.246031056628958,17.244931053461734,-0.0011000031672239174,-2.7701477519754994e-05
adamw_sft_fp32,AdamW + SFT (FP32),2,o_proj,attn,model.layers.2.self_attn.o_proj.weight,31093.030750193404,30803.172446065582,-289.8583041278216,-0.004067609182773181
adamw_sft_fp32,AdamW + SFT (FP32),2,q_proj,attn,model.layers.2.self_attn.q_proj.weight,24610.069351651575,23931.11840027718,-678.9509513743942,-0.01214984208722494
adamw_sft_fp32,AdamW + SFT (FP32),2,v_proj,attn,model.layers.2.self_attn.v_proj.weight,3.1911166787384015,3.191550354032152,0.0004336752937503796,5.901695524342039e-05
adamw_sft_fp32,AdamW + SFT (FP32),20,down_proj,mlp,model.layers.20.mlp.down_proj.weight,7.516513788547348,7.516672727464771,0.00015893891742280175,9.18318877048439e-06
adamw_sft_fp32,AdamW + SFT (FP32),20,gate_proj,mlp,model.layers.20.mlp.gate_proj.weight,19.204884886797178,19.20455110251228,-0.0003337842848978312,-7.5481802503694e-06
adamw_sft_fp32,AdamW + SFT (FP32),20,up_proj,mlp,model.layers.20.mlp.up_proj.weight,11.187456334212877,11.188097286876362,0.0006409526634847396,2.4880922251330557e-05
adamw_sft_fp32,AdamW + SFT (FP32),20,k_proj,attn,model.layers.20.self_attn.k_proj.weight,22.072850031907265,22.071658795500785,-0.0011912364064805558,-2.3438810934561203e-05
adamw_sft_fp32,AdamW + SFT (FP32),20,o_proj,attn,model.layers.20.self_attn.o_proj.weight,123534.76145527787,60236.924242946654,-63297.837212331215,-0.3119263926956445
adamw_sft_fp32,AdamW + SFT (FP32),20,q_proj,attn,model.layers.20.self_attn.q_proj.weight,9243.896257866112,9460.734586194125,216.83832832801272,0.010069796001619802
adamw_sft_fp32,AdamW + SFT (FP32),20,v_proj,attn,model.layers.20.self_attn.v_proj.weight,6.942409244310096,6.9409595154217,-0.0014497288883958959,-9.069978182828461e-05
adamw_sft_fp32,AdamW + SFT (FP32),21,down_proj,mlp,model.layers.21.mlp.down_proj.weight,9.390981919055381,9.387941470784186,-0.0030404482711947622,-0.00014063105651145215
adamw_sft_fp32,AdamW + SFT (FP32),21,gate_proj,mlp,model.layers.21.mlp.gate_proj.weight,17.629945642520745,17.630523561513726,0.0005779189929810968,1.423617072191216e-05
adamw_sft_fp32,AdamW + SFT (FP32),21,up_proj,mlp,model.layers.21.mlp.up_proj.weight,8.16699577216017,8.167311449508091,0.0003156773479204844,1.6786378316563557e-05
adamw_sft_fp32,AdamW + SFT (FP32),21,k_proj,attn,model.layers.21.self_attn.k_proj.weight,29.992183020775197,30.02500268365441,0.032819662879212785,0.00047497728325018065
adamw_sft_fp32,AdamW + SFT (FP32),21,o_proj,attn,model.layers.21.self_attn.o_proj.weight,298850.6543733745,132770.83237719827,-166079.8219961762,-0.3523515331396916
adamw_sft_fp32,AdamW + SFT (FP32),21,q_proj,attn,model.layers.21.self_attn.q_proj.weight,14032.644030663625,13866.319362975402,-166.3246676882227,-0.0051783100432918954
adamw_sft_fp32,AdamW + SFT (FP32),21,v_proj,attn,model.layers.21.self_attn.v_proj.weight,4.366601968716395,4.364186994074132,-0.002414974642263701,-0.0002402555352762395
adamw_sft_fp32,AdamW + SFT (FP32),22,down_proj,mlp,model.layers.22.mlp.down_proj.weight,9.904782336268656,9.903448910678106,-0.0013334255905501635,-5.847057919100974e-05
adamw_sft_fp32,AdamW + SFT (FP32),22,gate_proj,mlp,model.layers.22.mlp.gate_proj.weight,22.904187063530273,22.90349461270308,-0.0006924508271914931,-1.3130006246002548e-05
adamw_sft_fp32,AdamW + SFT (FP32),22,up_proj,mlp,model.layers.22.mlp.up_proj.weight,12.79968858450657,12.799000762460217,-0.0006878220463537588,-2.3338485442447175e-05
adamw_sft_fp32,AdamW + SFT (FP32),22,k_proj,attn,model.layers.22.self_attn.k_proj.weight,20.39377999771742,20.391059272314283,-0.0027207254031367256,-5.79429048762717e-05
adamw_sft_fp32,AdamW + SFT (FP32),22,o_proj,attn,model.layers.22.self_attn.o_proj.weight,35374.77308841131,31526.611841071586,-3848.1612473397254,-0.050016363046975126
adamw_sft_fp32,AdamW + SFT (FP32),22,q_proj,attn,model.layers.22.self_attn.q_proj.weight,47977.340735145204,53232.494212778736,5255.153477633532,0.04514064311795779
adamw_sft_fp32,AdamW + SFT (FP32),22,v_proj,attn,model.layers.22.self_attn.v_proj.weight,5.233505964972921,5.233178161769471,-0.00032780320344993896,-2.7203099039030436e-05
adamw_sft_fp32,AdamW + SFT (FP32),23,down_proj,mlp,model.layers.23.mlp.down_proj.weight,11.80645745879601,11.80504273058936,-0.0014147282066492295,-5.20431695866469e-05
adamw_sft_fp32,AdamW + SFT (FP32),23,gate_proj,mlp,model.layers.23.mlp.gate_proj.weight,19.84423847022627,19.84425521523441,1.6745008139196216e-05,3.6646715247105034e-07
adamw_sft_fp32,AdamW + SFT (FP32),23,up_proj,mlp,model.layers.23.mlp.up_proj.weight,10.79189058648552,10.79307981249845,0.0011892260129293675,4.785499225868969e-05
adamw_sft_fp32,AdamW + SFT (FP32),23,k_proj,attn,model.layers.23.self_attn.k_proj.weight,16.001526800630636,15.998301711997659,-0.0032250886329769912,-8.75403567328896e-05
adamw_sft_fp32,AdamW + SFT (FP32),23,o_proj,attn,model.layers.23.self_attn.o_proj.weight,13053.866526333686,11463.855144345984,-1590.0113819877024,-0.05640847805183619
adamw_sft_fp32,AdamW + SFT (FP32),23,q_proj,attn,model.layers.23.self_attn.q_proj.weight,764874.9518123881,629404.4275394321,-135470.52427295607,-0.08466064521554505
adamw_sft_fp32,AdamW + SFT (FP32),23,v_proj,attn,model.layers.23.self_attn.v_proj.weight,4.042193780833294,4.042360276584447,0.00016649575115312842,1.7887983797974855e-05
adamw_sft_fp32,AdamW + SFT (FP32),24,down_proj,mlp,model.layers.24.mlp.down_proj.weight,10.013056479364716,10.01097084077662,-0.0020856385880954065,-9.046944641536094e-05
adamw_sft_fp32,AdamW + SFT (FP32),24,gate_proj,mlp,model.layers.24.mlp.gate_proj.weight,21.0475855955308,21.048799203158325,0.0012136076275233165,2.5040777182930754e-05
adamw_sft_fp32,AdamW + SFT (FP32),24,up_proj,mlp,model.layers.24.mlp.up_proj.weight,13.895235392599337,13.894952002347635,-0.0002833902517025422,-8.85743019973215e-06
adamw_sft_fp32,AdamW + SFT (FP32),24,k_proj,attn,model.layers.24.self_attn.k_proj.weight,31.211181081905732,31.23858778169915,0.027406699793417033,0.00038118889687464353
adamw_sft_fp32,AdamW + SFT (FP32),24,o_proj,attn,model.layers.24.self_attn.o_proj.weight,13596.107700858232,14690.224378798512,1094.1166779402793,0.033613833098296
adamw_sft_fp32,AdamW + SFT (FP32),24,q_proj,attn,model.layers.24.self_attn.q_proj.weight,119825.2524376554,113978.87816145882,-5846.374276196584,-0.02172397448953408
adamw_sft_fp32,AdamW + SFT (FP32),24,v_proj,attn,model.layers.24.self_attn.v_proj.weight,3.6003445004354857,3.598516602870506,-0.001827897564979697,-0.00022054762041484794
adamw_sft_fp32,AdamW + SFT (FP32),25,down_proj,mlp,model.layers.25.mlp.down_proj.weight,9.428473935149443,9.427167013054184,-0.0013069220952584004,-6.020363420330249e-05
adamw_sft_fp32,AdamW + SFT (FP32),25,gate_proj,mlp,model.layers.25.mlp.gate_proj.weight,21.338091581274373,21.339072086785176,0.000980505510803198,1.9955784138109e-05
adamw_sft_fp32,AdamW + SFT (FP32),25,up_proj,mlp,model.layers.25.mlp.up_proj.weight,18.112209505291784,18.112166332287686,-4.317300409795166e-05,-1.0352033410342657e-06
adamw_sft_fp32,AdamW + SFT (FP32),25,k_proj,attn,model.layers.25.self_attn.k_proj.weight,22.462953951457504,22.430147903716566,-0.032806047740937316,-0.000634729499823918
adamw_sft_fp32,AdamW + SFT (FP32),25,o_proj,attn,model.layers.25.self_attn.o_proj.weight,16296.613319126418,15758.865642533505,-537.7476765929132,-0.014572408052088039
adamw_sft_fp32,AdamW + SFT (FP32),25,q_proj,attn,model.layers.25.self_attn.q_proj.weight,24555.210708810777,22196.785011154472,-2358.4256976563047,-0.043853589508603956
adamw_sft_fp32,AdamW + SFT (FP32),25,v_proj,attn,model.layers.25.self_attn.v_proj.weight,4.337190824833435,4.3372473897352615,5.656490182648355e-05,5.663957509486897e-06
adamw_sft_fp32,AdamW + SFT (FP32),26,down_proj,mlp,model.layers.26.mlp.down_proj.weight,8.741682232718533,8.741014628512445,-0.0006676042060878018,-3.3168432220933894e-05
adamw_sft_fp32,AdamW + SFT (FP32),26,gate_proj,mlp,model.layers.26.mlp.gate_proj.weight,20.0336868429297,20.03325459296825,-0.00043224996144886063,-9.370506773924328e-06
adamw_sft_fp32,AdamW + SFT (FP32),26,up_proj,mlp,model.layers.26.mlp.up_proj.weight,18.54966977174175,18.549557816805294,-0.00011195493645743682,-2.621154901899319e-06
adamw_sft_fp32,AdamW + SFT (FP32),26,k_proj,attn,model.layers.26.self_attn.k_proj.weight,18.924022446774764,18.933592817598733,0.009570370823968943,0.00021957850742224894
adamw_sft_fp32,AdamW + SFT (FP32),26,o_proj,attn,model.layers.26.self_attn.o_proj.weight,32723.99759321507,30910.211190224825,-1813.7864029902448,-0.02476437971056555
adamw_sft_fp32,AdamW + SFT (FP32),26,q_proj,attn,model.layers.26.self_attn.q_proj.weight,48120.87790718429,74122.43454076789,26001.556633583605,0.18761613330395654
adamw_sft_fp32,AdamW + SFT (FP32),26,v_proj,attn,model.layers.26.self_attn.v_proj.weight,4.835564685889436,4.834660620994017,-0.0009040648954190544,-8.120398109595372e-05
adamw_sft_fp32,AdamW + SFT (FP32),27,down_proj,mlp,model.layers.27.mlp.down_proj.weight,11.983131396493501,11.983520891516875,0.0003894950233735983,1.4115908835466138e-05
adamw_sft_fp32,AdamW + SFT (FP32),27,gate_proj,mlp,model.layers.27.mlp.gate_proj.weight,34.01131673372879,34.012259973401996,0.0009432396732051984,1.2044170713791734e-05
adamw_sft_fp32,AdamW + SFT (FP32),27,up_proj,mlp,model.layers.27.mlp.up_proj.weight,27.05991417573715,27.058909682429057,-0.00100449330809127,-1.6121780547431743e-05
adamw_sft_fp32,AdamW + SFT (FP32),27,k_proj,attn,model.layers.27.self_attn.k_proj.weight,16.960271595775623,16.95196709901549,-0.008304496760132452,-0.0002127018049418874
adamw_sft_fp32,AdamW + SFT (FP32),27,o_proj,attn,model.layers.27.self_attn.o_proj.weight,99634.79632267175,110670.91763717336,11036.121314501608,0.04562247361309208
adamw_sft_fp32,AdamW + SFT (FP32),27,q_proj,attn,model.layers.27.self_attn.q_proj.weight,91711.44628086085,54520.97551899538,-37190.47076186547,-0.22585992441717062
adamw_sft_fp32,AdamW + SFT (FP32),27,v_proj,attn,model.layers.27.self_attn.v_proj.weight,7.853791579470053,7.8533221190193485,-0.0004694604507040623,-2.5960731829787358e-05
adamw_sft_fp32,AdamW + SFT (FP32),3,down_proj,mlp,model.layers.3.mlp.down_proj.weight,10.758270959803003,10.75879602706518,0.0005250672621777142,2.119562250529635e-05
adamw_sft_fp32,AdamW + SFT (FP32),3,gate_proj,mlp,model.layers.3.mlp.gate_proj.weight,13.999766940935217,13.999877538680556,0.00011059774533883626,3.4309000278325455e-06
adamw_sft_fp32,AdamW + SFT (FP32),3,up_proj,mlp,model.layers.3.mlp.up_proj.weight,7.592358408260811,7.592873257425412,0.0005148491646007614,2.944915905231418e-05
adamw_sft_fp32,AdamW + SFT (FP32),3,k_proj,attn,model.layers.3.self_attn.k_proj.weight,15.502942945207748,15.48907721771504,-0.01386572749270698,-0.00038860386046365406
adamw_sft_fp32,AdamW + SFT (FP32),3,o_proj,attn,model.layers.3.self_attn.o_proj.weight,16528.241725287102,18860.53524190543,2332.293516618327,0.05732735761883866
adamw_sft_fp32,AdamW + SFT (FP32),3,q_proj,attn,model.layers.3.self_attn.q_proj.weight,75355.26316454641,152717.94057188352,77362.6774073371,0.30677646801724223
adamw_sft_fp32,AdamW + SFT (FP32),3,v_proj,attn,model.layers.3.self_attn.v_proj.weight,3.891617107326821,3.890888100419789,-0.0007290069070320371,-8.136292092791015e-05
adamw_sft_fp32,AdamW + SFT (FP32),4,down_proj,mlp,model.layers.4.mlp.down_proj.weight,11.15720155550664,11.160017481132067,0.002815925625426985,0.00010959617908083481
adamw_sft_fp32,AdamW + SFT (FP32),4,gate_proj,mlp,model.layers.4.mlp.gate_proj.weight,17.495981170242754,17.496342167936938,0.0003609976941838511,8.960782915423265e-06
adamw_sft_fp32,AdamW + SFT (FP32),4,up_proj,mlp,model.layers.4.mlp.up_proj.weight,8.782003015120793,8.780277340460541,-0.0017256746602516415,-8.53477987761732e-05
adamw_sft_fp32,AdamW + SFT (FP32),4,k_proj,attn,model.layers.4.self_attn.k_proj.weight,23.93670634239095,23.943406101989886,0.00669975959893776,0.00012153975813099089
adamw_sft_fp32,AdamW + SFT (FP32),4,o_proj,attn,model.layers.4.self_attn.o_proj.weight,8582.208719375358,8816.52593498066,234.3172156053024,0.01169841701521032
adamw_sft_fp32,AdamW + SFT (FP32),4,q_proj,attn,model.layers.4.self_attn.q_proj.weight,19385.367499083055,19135.216415650797,-250.15108343225802,-0.005640660204721762
adamw_sft_fp32,AdamW + SFT (FP32),4,v_proj,attn,model.layers.4.self_attn.v_proj.weight,3.7875720759658726,3.787547051483933,-2.5024481939528442e-05,-2.8693923451270533e-06
adamw_sft_fp32,AdamW + SFT (FP32),5,down_proj,mlp,model.layers.5.mlp.down_proj.weight,12.388049471794826,12.389753995435218,0.001704523640391642,5.975228703728179e-05
adamw_sft_fp32,AdamW + SFT (FP32),5,gate_proj,mlp,model.layers.5.mlp.gate_proj.weight,20.634483011844836,20.635876542972916,0.001393531128080383,2.9328694299951835e-05
adamw_sft_fp32,AdamW + SFT (FP32),5,up_proj,mlp,model.layers.5.mlp.up_proj.weight,8.094579137228608,8.095146643127734,0.0005675058991254645,3.0447048193725745e-05
adamw_sft_fp32,AdamW + SFT (FP32),5,k_proj,attn,model.layers.5.self_attn.k_proj.weight,22.35050954040556,22.34734646190386,-0.0031630785017000562,-6.146637285409117e-05
adamw_sft_fp32,AdamW + SFT (FP32),5,o_proj,attn,model.layers.5.self_attn.o_proj.weight,14934.50156341116,14608.802878598537,-325.69868481262347,-0.009576103633114045
adamw_sft_fp32,AdamW + SFT (FP32),5,q_proj,attn,model.layers.5.self_attn.q_proj.weight,14969.234018258956,15187.744576025236,218.51055776627982,0.006293706777203094
adamw_sft_fp32,AdamW + SFT (FP32),5,v_proj,attn,model.layers.5.self_attn.v_proj.weight,3.3558693468749854,3.355755094399303,-0.00011425247568253027,-1.4786053710717526e-05
adamw_sft_fp32,AdamW + SFT (FP32),6,down_proj,mlp,model.layers.6.mlp.down_proj.weight,9.162314837809912,9.162738097300892,0.00042325949097943294,2.00620715289555e-05
adamw_sft_fp32,AdamW + SFT (FP32),6,gate_proj,mlp,model.layers.6.mlp.gate_proj.weight,19.228406692239826,19.22635733292545,-0.0020493593143768862,-4.628947622360555e-05
adamw_sft_fp32,AdamW + SFT (FP32),6,up_proj,mlp,model.layers.6.mlp.up_proj.weight,7.421489572866498,7.4208453724615255,-0.0006442004049720396,-3.769928145745065e-05
adamw_sft_fp32,AdamW + SFT (FP32),6,k_proj,attn,model.layers.6.self_attn.k_proj.weight,22.193674123897594,22.20474235719913,0.011068233301536168,0.00021653352204121075
adamw_sft_fp32,AdamW + SFT (FP32),6,o_proj,attn,model.layers.6.self_attn.o_proj.weight,70513.61868597266,124194.25864271495,53680.63995674229,0.24582851657926075
adamw_sft_fp32,AdamW + SFT (FP32),6,q_proj,attn,model.layers.6.self_attn.q_proj.weight,18604.75910456698,16883.947962567367,-1720.811141999613,-0.04215004616496313
adamw_sft_fp32,AdamW + SFT (FP32),6,v_proj,attn,model.layers.6.self_attn.v_proj.weight,3.2802787964379356,3.2801762292374654,-0.00010256720047019385,-1.3579658428474818e-05
adamw_sft_fp32,AdamW + SFT (FP32),7,down_proj,mlp,model.layers.7.mlp.down_proj.weight,7.967968298583799,7.9683227330804405,0.0003544344966410762,1.9318039035173064e-05
adamw_sft_fp32,AdamW + SFT (FP32),7,gate_proj,mlp,model.layers.7.mlp.gate_proj.weight,16.82272426896548,16.82320896339928,0.0004846944338012804,1.2512663362269722e-05
adamw_sft_fp32,AdamW + SFT (FP32),7,up_proj,mlp,model.layers.7.mlp.up_proj.weight,8.451906164480205,8.45134357217543,-0.0005625923047745118,-2.890932068347618e-05
adamw_sft_fp32,AdamW + SFT (FP32),7,k_proj,attn,model.layers.7.self_attn.k_proj.weight,30.442592542837964,30.471391891365542,0.028799348527577706,0.0004106577232149949
adamw_sft_fp32,AdamW + SFT (FP32),7,o_proj,attn,model.layers.7.self_attn.o_proj.weight,9457.463639954845,10301.591948520847,844.1283085660016,0.037129662967325665
adamw_sft_fp32,AdamW + SFT (FP32),7,q_proj,attn,model.layers.7.self_attn.q_proj.weight,9030.470682093728,9085.752621716942,55.281939623213475,0.0026505210767017486
adamw_sft_fp32,AdamW + SFT (FP32),7,v_proj,attn,model.layers.7.self_attn.v_proj.weight,4.6148320901395445,4.614150628525199,-0.0006814616143451246,-6.413600031525539e-05
adamw_sft_fp32,AdamW + SFT (FP32),8,down_proj,mlp,model.layers.8.mlp.down_proj.weight,8.059006885143106,8.060455547383455,0.001448662240349563,7.806042185990921e-05
adamw_sft_fp32,AdamW + SFT (FP32),8,gate_proj,mlp,model.layers.8.mlp.gate_proj.weight,15.70276662952571,15.702862542282322,9.59127566115825e-05,2.6526697308020315e-06
adamw_sft_fp32,AdamW + SFT (FP32),8,up_proj,mlp,model.layers.8.mlp.up_proj.weight,11.03707620181019,11.037688221996648,0.0006120201864572294,2.408152447358093e-05
adamw_sft_fp32,AdamW + SFT (FP32),8,k_proj,attn,model.layers.8.self_attn.k_proj.weight,26.24428190856445,26.24658328431603,0.0023013757515819577,3.8081856211168314e-05
adamw_sft_fp32,AdamW + SFT (FP32),8,o_proj,attn,model.layers.8.self_attn.o_proj.weight,8728.55329977634,8610.049069710454,-118.50423006588608,-0.0059366416625419504
adamw_sft_fp32,AdamW + SFT (FP32),8,q_proj,attn,model.layers.8.self_attn.q_proj.weight,20459.276858621644,21785.764164459146,1326.4873058375015,0.027282518657555092
adamw_sft_fp32,AdamW + SFT (FP32),8,v_proj,attn,model.layers.8.self_attn.v_proj.weight,2.614956506444022,2.614957819327401,1.3128833789011196e-06,2.1804487463385353e-07
adamw_sft_fp32,AdamW + SFT (FP32),9,down_proj,mlp,model.layers.9.mlp.down_proj.weight,11.96143651469935,11.96156356097653,0.0001270462771785219,4.612757342384448e-06
adamw_sft_fp32,AdamW + SFT (FP32),9,gate_proj,mlp,model.layers.9.mlp.gate_proj.weight,17.04541620966512,17.044719793991323,-0.0006964156737971905,-1.7744105465055917e-05
adamw_sft_fp32,AdamW + SFT (FP32),9,up_proj,mlp,model.layers.9.mlp.up_proj.weight,8.607523542303687,8.60714656537976,-0.00037697692392768545,-1.902086962672421e-05
adamw_sft_fp32,AdamW + SFT (FP32),9,k_proj,attn,model.layers.9.self_attn.k_proj.weight,29.979145885547403,29.984273584537785,0.0051276989903819015,7.427633051922986e-05
adamw_sft_fp32,AdamW + SFT (FP32),9,o_proj,attn,model.layers.9.self_attn.o_proj.weight,26480.436490575365,22034.931600283424,-4445.504890291941,-0.0798134327915472
adamw_sft_fp32,AdamW + SFT (FP32),9,q_proj,attn,model.layers.9.self_attn.q_proj.weight,35295.52653603585,34662.46868687223,-633.0578491636261,-0.007860174796441756
adamw_sft_fp32,AdamW + SFT (FP32),9,v_proj,attn,model.layers.9.self_attn.v_proj.weight,3.911800039733773,3.911621813710706,-0.0001782260230669408,-1.9787397334031337e-05
adamw_sft_bf16,AdamW + SFT (BF16),-1,embed,embed,model.embed_tokens.weight,69.18641058154057,69.18649336888268,8.278734210875882e-05,5.196694558457454e-07
adamw_sft_bf16,AdamW + SFT (BF16),0,down_proj,mlp,model.layers.0.mlp.down_proj.weight,10.546793843948734,10.547025036252457,0.0002311923037225938,9.51990176262105e-06
adamw_sft_bf16,AdamW + SFT (BF16),0,gate_proj,mlp,model.layers.0.mlp.gate_proj.weight,50.790417231602824,50.78534815671496,-0.005069074887863678,-4.33463877050589e-05
adamw_sft_bf16,AdamW + SFT (BF16),0,up_proj,mlp,model.layers.0.mlp.up_proj.weight,30.557746350661454,30.555035405791035,-0.0027109448704187855,-3.8530348804313875e-05
adamw_sft_bf16,AdamW + SFT (BF16),0,k_proj,attn,model.layers.0.self_attn.k_proj.weight,18.73935745084044,18.74046959234218,0.0011121415017392167,2.577370044354141e-05
adamw_sft_bf16,AdamW + SFT (BF16),0,o_proj,attn,model.layers.0.self_attn.o_proj.weight,38555.79005042446,39823.87990604157,1268.0898556171087,0.014053962874095638
adamw_sft_bf16,AdamW + SFT (BF16),0,q_proj,attn,model.layers.0.self_attn.q_proj.weight,184976.8751259078,183265.3854082881,-1711.4897176196973,-0.004036993968151637
adamw_sft_bf16,AdamW + SFT (BF16),0,v_proj,attn,model.layers.0.self_attn.v_proj.weight,7.7755061789352835,7.77457134887366,-0.0009348300616238703,-5.2217300787529254e-05
adamw_sft_bf16,AdamW + SFT (BF16),1,down_proj,mlp,model.layers.1.mlp.down_proj.weight,8.998430005007657,8.998699167619106,0.0002691626114490475,1.2990498181614375e-05
adamw_sft_bf16,AdamW + SFT (BF16),1,gate_proj,mlp,model.layers.1.mlp.gate_proj.weight,33.91668364456576,33.915214796717606,-0.0014688478481517109,-1.880862927222653e-05
adamw_sft_bf16,AdamW + SFT (BF16),1,up_proj,mlp,model.layers.1.mlp.up_proj.weight,37.735381088331756,37.73417519115947,-0.0012058971722836986,-1.3878827795670291e-05
adamw_sft_bf16,AdamW + SFT (BF16),1,k_proj,attn,model.layers.1.self_attn.k_proj.weight,30.087513316132128,30.0819664694215,-0.005546846710629438,-8.007265257400818e-05
adamw_sft_bf16,AdamW + SFT (BF16),1,o_proj,attn,model.layers.1.self_attn.o_proj.weight,49034.98587834326,60010.35998659032,10975.374108247066,0.08772017743093526
adamw_sft_bf16,AdamW + SFT (BF16),1,q_proj,attn,model.layers.1.self_attn.q_proj.weight,1074758.1049613138,718936.5759165585,-355821.52904475527,-0.1746201499847333
adamw_sft_bf16,AdamW + SFT (BF16),1,v_proj,attn,model.layers.1.self_attn.v_proj.weight,3.341969736117407,3.3419002896613326,-6.944645607465105e-05,-9.0247753309679e-06
adamw_sft_bf16,AdamW + SFT (BF16),10,down_proj,mlp,model.layers.10.mlp.down_proj.weight,13.491719978091211,13.491437941474988,-0.00028203661622328013,-9.078770282546018e-06
adamw_sft_bf16,AdamW + SFT (BF16),10,gate_proj,mlp,model.layers.10.mlp.gate_proj.weight,16.210019773701827,16.210400661089416,0.00038088738758901286,1.020451236879416e-05
adamw_sft_bf16,AdamW + SFT (BF16),10,up_proj,mlp,model.layers.10.mlp.up_proj.weight,8.538043575643336,8.537965027578922,-7.85480644136527e-05,-3.9954291113304675e-06
adamw_sft_bf16,AdamW + SFT (BF16),10,k_proj,attn,model.layers.10.self_attn.k_proj.weight,24.034098760920294,24.03859865266969,0.0044998917493970225,8.130511773947699e-05
adamw_sft_bf16,AdamW + SFT (BF16),10,o_proj,attn,model.layers.10.self_attn.o_proj.weight,15508.710116684786,16608.90624138567,1100.196124700884,0.029765355102168146
adamw_sft_bf16,AdamW + SFT (BF16),10,q_proj,attn,model.layers.10.self_attn.q_proj.weight,12813.850813777506,12733.221137525721,-80.62967625178499,-0.002741381854693061
adamw_sft_bf16,AdamW + SFT (BF16),10,v_proj,attn,model.layers.10.self_attn.v_proj.weight,3.2994636012714755,3.2994098213432315,-5.377992824406874e-05,-7.078882887499865e-06
adamw_sft_bf16,AdamW + SFT (BF16),11,down_proj,mlp,model.layers.11.mlp.down_proj.weight,16.054627449194015,16.053046878210527,-0.0015805709834886272,-4.275820477936654e-05
adamw_sft_bf16,AdamW + SFT (BF16),11,gate_proj,mlp,model.layers.11.mlp.gate_proj.weight,13.225697438590451,13.22600190414421,0.0003044655537589591,9.997672226641162e-06
adamw_sft_bf16,AdamW + SFT (BF16),11,up_proj,mlp,model.layers.11.mlp.up_proj.weight,6.605510357941471,6.605594095445421,8.373750395040958e-05,5.5054800335455756e-06
adamw_sft_bf16,AdamW + SFT (BF16),11,k_proj,attn,model.layers.11.self_attn.k_proj.weight,21.610944081803808,21.60802791409802,-0.002916167705787842,-5.8607388670405874e-05
adamw_sft_bf16,AdamW + SFT (BF16),11,o_proj,attn,model.layers.11.self_attn.o_proj.weight,139258.46738802953,1205253.865433425,1065995.3980453955,0.9372569217772095
adamw_sft_bf16,AdamW + SFT (BF16),11,q_proj,attn,model.layers.11.self_attn.q_proj.weight,28543.812668067454,26051.051151703283,-2492.7615163641713,-0.03968673081303111
adamw_sft_bf16,AdamW + SFT (BF16),11,v_proj,attn,model.layers.11.self_attn.v_proj.weight,2.8678401021237847,2.8680426157977372,0.00020251367395252018,3.066679549404225e-05
adamw_sft_bf16,AdamW + SFT (BF16),12,down_proj,mlp,model.layers.12.mlp.down_proj.weight,14.145448240851502,14.145272493474929,-0.000175747376573554,-5.39584103018987e-06
adamw_sft_bf16,AdamW + SFT (BF16),12,gate_proj,mlp,model.layers.12.mlp.gate_proj.weight,18.888272791501652,18.888564943461663,0.00029215196001075583,6.717342780423141e-06
adamw_sft_bf16,AdamW + SFT (BF16),12,up_proj,mlp,model.layers.12.mlp.up_proj.weight,8.061255117094625,8.061258892098946,3.775004321582287e-06,2.0337567022865448e-07
adamw_sft_bf16,AdamW + SFT (BF16),12,k_proj,attn,model.layers.12.self_attn.k_proj.weight,20.867707840632306,20.86792173132457,0.000213890692265295,4.451426674750781e-06
adamw_sft_bf16,AdamW + SFT (BF16),12,o_proj,attn,model.layers.12.self_attn.o_proj.weight,102000.14319866779,69154.95225058678,-32845.19094808101,-0.16877749567963193
adamw_sft_bf16,AdamW + SFT (BF16),12,q_proj,attn,model.layers.12.self_attn.q_proj.weight,14798.684955393119,15560.137565983401,761.4526105902823,0.021790307514963653
adamw_sft_bf16,AdamW + SFT (BF16),12,v_proj,attn,model.layers.12.self_attn.v_proj.weight,2.550671517667282,2.5507192318739285,4.771420664662074e-05,8.124065641315094e-06
adamw_sft_bf16,AdamW + SFT (BF16),13,down_proj,mlp,model.layers.13.mlp.down_proj.weight,30.005646690345184,30.004612451308844,-0.0010342390363398124,-1.4969583965156018e-05
adamw_sft_bf16,AdamW + SFT (BF16),13,gate_proj,mlp,model.layers.13.mlp.gate_proj.weight,12.316046719506732,12.316862317103844,0.0008155975971124718,2.87590503811109e-05
adamw_sft_bf16,AdamW + SFT (BF16),13,up_proj,mlp,model.layers.13.mlp.up_proj.weight,6.311217662216599,6.3109981429537525,-0.00021951926284646817,-1.5106064736456703e-05
adamw_sft_bf16,AdamW + SFT (BF16),13,k_proj,attn,model.layers.13.self_attn.k_proj.weight,41.906820743475016,41.90716141426716,0.0003406707921413954,3.5304716794384643e-06
adamw_sft_bf16,AdamW + SFT (BF16),13,o_proj,attn,model.layers.13.self_attn.o_proj.weight,9641.296136551193,9113.480649349045,-527.8154872021478,-0.024451146830288675
adamw_sft_bf16,AdamW + SFT (BF16),13,q_proj,attn,model.layers.13.self_attn.q_proj.weight,57124.68510683214,57625.83185819723,501.14675136508595,0.0037933886179301805
adamw_sft_bf16,AdamW + SFT (BF16),13,v_proj,attn,model.layers.13.self_attn.v_proj.weight,3.7001013163270056,3.7000624169789886,-3.8899348016929736e-05,-4.565783353549258e-06
adamw_sft_bf16,AdamW + SFT (BF16),14,down_proj,mlp,model.layers.14.mlp.down_proj.weight,12.14858893422566,12.148977801683364,0.0003888674577030571,1.3901226647264038e-05
adamw_sft_bf16,AdamW + SFT (BF16),14,gate_proj,mlp,model.layers.14.mlp.gate_proj.weight,13.416229041756727,13.416050045921638,-0.00017899583508906858,-5.7942825661497e-06
adamw_sft_bf16,AdamW + SFT (BF16),14,up_proj,mlp,model.layers.14.mlp.up_proj.weight,6.92702720942221,6.926793970323437,-0.00023323909877337456,-1.4623323378674653e-05
adamw_sft_bf16,AdamW + SFT (BF16),14,k_proj,attn,model.layers.14.self_attn.k_proj.weight,23.136335100841148,23.139001104232268,0.0026660033911198866,5.0040935743724804e-05
adamw_sft_bf16,AdamW + SFT (BF16),14,o_proj,attn,model.layers.14.self_attn.o_proj.weight,6453.263467239998,6673.235639785982,219.972172545984,0.014557064169661531
adamw_sft_bf16,AdamW + SFT (BF16),14,q_proj,attn,model.layers.14.self_attn.q_proj.weight,12016.462412922161,12545.871737230023,529.4093243078623,0.018724210876410546
adamw_sft_bf16,AdamW + SFT (BF16),14,v_proj,attn,model.layers.14.self_attn.v_proj.weight,6.809948120874071,6.810121969801104,0.00017384892703287136,1.1086819553304573e-05
adamw_sft_bf16,AdamW + SFT (BF16),15,down_proj,mlp,model.layers.15.mlp.down_proj.weight,12.83113835849419,12.830806781255973,-0.00033157723821730656,-1.1223012449490646e-05
adamw_sft_bf16,AdamW + SFT (BF16),15,gate_proj,mlp,model.layers.15.mlp.gate_proj.weight,16.831657108500657,16.831376977620447,-0.000280130880209839,-7.228064777364527e-06
adamw_sft_bf16,AdamW + SFT (BF16),15,up_proj,mlp,model.layers.15.mlp.up_proj.weight,9.399973299687645,9.401196704480244,0.00122340479259897,5.651966884948359e-05
adamw_sft_bf16,AdamW + SFT (BF16),15,k_proj,attn,model.layers.15.self_attn.k_proj.weight,25.442585553328566,25.446069285707065,0.0034837323784984164,5.946180953530618e-05
adamw_sft_bf16,AdamW + SFT (BF16),15,o_proj,attn,model.layers.15.self_attn.o_proj.weight,29248.74824238646,27851.46267357664,-1397.2855688098207,-0.02125927640513916
adamw_sft_bf16,AdamW + SFT (BF16),15,q_proj,attn,model.layers.15.self_attn.q_proj.weight,23869.157071525828,27216.176825857998,3347.01975433217,0.056990035561948996
adamw_sft_bf16,AdamW + SFT (BF16),15,v_proj,attn,model.layers.15.self_attn.v_proj.weight,3.3575600712900404,3.357505121584558,-5.494970548225453e-05,-7.107705789347682e-06
adamw_sft_bf16,AdamW + SFT (BF16),16,down_proj,mlp,model.layers.16.mlp.down_proj.weight,9.686499227673869,9.687068936117694,0.0005697084438249789,2.5542143958903765e-05
adamw_sft_bf16,AdamW + SFT (BF16),16,gate_proj,mlp,model.layers.16.mlp.gate_proj.weight,12.919883539201004,12.920000790575536,0.00011725137453133527,3.941319884039849e-06
adamw_sft_bf16,AdamW + SFT (BF16),16,up_proj,mlp,model.layers.16.mlp.up_proj.weight,6.159145316251316,6.158899981530812,-0.0002453347205042533,-1.7299419310881405e-05
adamw_sft_bf16,AdamW + SFT (BF16),16,k_proj,attn,model.layers.16.self_attn.k_proj.weight,20.671141321487564,20.669923483623588,-0.0012178378639760012,-2.558716215093849e-05
adamw_sft_bf16,AdamW + SFT (BF16),16,o_proj,attn,model.layers.16.self_attn.o_proj.weight,41529.00729033527,52802.21161092364,11273.204320588367,0.1043005634034967
adamw_sft_bf16,AdamW + SFT (BF16),16,q_proj,attn,model.layers.16.self_attn.q_proj.weight,103943.38985456145,108107.22809783903,4163.838243277583,0.0170578558984791
adamw_sft_bf16,AdamW + SFT (BF16),16,v_proj,attn,model.layers.16.self_attn.v_proj.weight,2.78870242790059,2.788698932512032,-3.495388557706036e-06,-5.44349550830654e-07
adamw_sft_bf16,AdamW + SFT (BF16),17,down_proj,mlp,model.layers.17.mlp.down_proj.weight,6.7996349709306605,6.799472403400563,-0.0001625675300971352,-1.0383355218535129e-05
adamw_sft_bf16,AdamW + SFT (BF16),17,gate_proj,mlp,model.layers.17.mlp.gate_proj.weight,17.968770886906377,17.968304457283264,-0.00046642962311338465,-1.1273472289289502e-05
adamw_sft_bf16,AdamW + SFT (BF16),17,up_proj,mlp,model.layers.17.mlp.up_proj.weight,12.572357420855843,12.572240743930877,-0.00011667692496608595,-4.030459691288704e-06
adamw_sft_bf16,AdamW + SFT (BF16),17,k_proj,attn,model.layers.17.self_attn.k_proj.weight,15.488632202364206,15.48890240252037,0.0002702001561640799,7.576228278434925e-06
adamw_sft_bf16,AdamW + SFT (BF16),17,o_proj,attn,model.layers.17.self_attn.o_proj.weight,57591.66094582242,58083.3731930676,491.71224724518106,0.0036922263043399958
adamw_sft_bf16,AdamW + SFT (BF16),17,q_proj,attn,model.layers.17.self_attn.q_proj.weight,13024.993728263826,13375.427650186977,350.4339219231515,0.011530153683957855
adamw_sft_bf16,AdamW + SFT (BF16),17,v_proj,attn,model.layers.17.self_attn.v_proj.weight,4.045377579425002,4.045327121944027,-5.045748097565195e-05,-5.416933720253515e-06
adamw_sft_bf16,AdamW + SFT (BF16),18,down_proj,mlp,model.layers.18.mlp.down_proj.weight,6.643981466821017,6.644192848144107,0.0002113813230906203,1.3817058691063189e-05
adamw_sft_bf16,AdamW + SFT (BF16),18,gate_proj,mlp,model.layers.18.mlp.gate_proj.weight,18.455846043796296,18.45579996539955,-4.6078396746196404e-05,-1.0842969959688182e-06
adamw_sft_bf16,AdamW + SFT (BF16),18,up_proj,mlp,model.layers.18.mlp.up_proj.weight,10.672724442726581,10.672686358079176,-3.808464740551187e-05,-1.5497431619313957e-06
adamw_sft_bf16,AdamW + SFT (BF16),18,k_proj,attn,model.layers.18.self_attn.k_proj.weight,22.852605445749074,22.853642032446928,0.0010365866978538918,1.969900868296926e-05
adamw_sft_bf16,AdamW + SFT (BF16),18,o_proj,attn,model.layers.18.self_attn.o_proj.weight,21937.349567301397,24518.127294277383,2580.7777269759863,0.04830313980426073
adamw_sft_bf16,AdamW + SFT (BF16),18,q_proj,attn,model.layers.18.self_attn.q_proj.weight,33741.713223670544,34470.9569656045,729.2437419339549,0.009286210280090008
adamw_sft_bf16,AdamW + SFT (BF16),18,v_proj,attn,model.layers.18.self_attn.v_proj.weight,2.1434580875579408,2.143511429985988,5.3342428047109536e-05,1.080778487393754e-05
adamw_sft_bf16,AdamW + SFT (BF16),19,down_proj,mlp,model.layers.19.mlp.down_proj.weight,7.114441587440737,7.11480699965682,0.00036541221608299423,2.2305676667083647e-05
adamw_sft_bf16,AdamW + SFT (BF16),19,gate_proj,mlp,model.layers.19.mlp.gate_proj.weight,18.805480505433707,18.805282086705258,-0.00019841872844850172,-4.582313834287123e-06
adamw_sft_bf16,AdamW + SFT (BF16),19,up_proj,mlp,model.layers.19.mlp.up_proj.weight,10.390484231630769,10.389915392492403,-0.0005688391383653624,-2.3776607131061213e-05
adamw_sft_bf16,AdamW + SFT (BF16),19,k_proj,attn,model.layers.19.self_attn.k_proj.weight,22.401692950673606,22.4023684264265,0.000675475752892396,1.3095035724282942e-05
adamw_sft_bf16,AdamW + SFT (BF16),19,o_proj,attn,model.layers.19.self_attn.o_proj.weight,24022.826455842358,23238.606091166756,-784.2203646756025,-0.014414029451077167
adamw_sft_bf16,AdamW + SFT (BF16),19,q_proj,attn,model.layers.19.self_attn.q_proj.weight,25682.89091427411,25264.087331137664,-418.80358313644683,-0.007140293242369815
adamw_sft_bf16,AdamW + SFT (BF16),19,v_proj,attn,model.layers.19.self_attn.v_proj.weight,3.008918396896258,3.008945343212432,2.694631617394805e-05,3.8892992355146446e-06
adamw_sft_bf16,AdamW + SFT (BF16),2,down_proj,mlp,model.layers.2.mlp.down_proj.weight,13.20255066881167,13.204136852137196,0.0015861833255268465,5.2173955241125414e-05
adamw_sft_bf16,AdamW + SFT (BF16),2,gate_proj,mlp,model.layers.2.mlp.gate_proj.weight,17.38657445257771,17.387130963149993,0.0005565105722808994,1.390070271734199e-05
adamw_sft_bf16,AdamW + SFT (BF16),2,up_proj,mlp,model.layers.2.mlp.up_proj.weight,8.916099391549464,8.914296016358774,-0.0018033751906898488,-8.784952648228543e-05
adamw_sft_bf16,AdamW + SFT (BF16),2,k_proj,attn,model.layers.2.self_attn.k_proj.weight,17.246031056628958,17.24691787397189,0.0008868173429306125,2.233151357107681e-05
adamw_sft_bf16,AdamW + SFT (BF16),2,o_proj,attn,model.layers.2.self_attn.o_proj.weight,31093.030750193404,32679.821187004014,1586.7904368106101,0.0216166151926891
adamw_sft_bf16,AdamW + SFT (BF16),2,q_proj,attn,model.layers.2.self_attn.q_proj.weight,24610.069351651575,24424.739979475136,-185.32937217643848,-0.003282888544939791
adamw_sft_bf16,AdamW + SFT (BF16),2,v_proj,attn,model.layers.2.self_attn.v_proj.weight,3.1911166787384015,3.190990188375293,-0.00012649036310863337,-1.7215025653134944e-05
adamw_sft_bf16,AdamW + SFT (BF16),20,down_proj,mlp,model.layers.20.mlp.down_proj.weight,7.516513788547348,7.516325498700829,-0.00018828984651886316,-1.0879280990547293e-05
adamw_sft_bf16,AdamW + SFT (BF16),20,gate_proj,mlp,model.layers.20.mlp.gate_proj.weight,19.204884886797178,19.205592623378948,0.0007077365817700354,1.6004283834092698e-05
adamw_sft_bf16,AdamW + SFT (BF16),20,up_proj,mlp,model.layers.20.mlp.up_proj.weight,11.187456334212877,11.187470049401945,1.3715189068008726e-05,5.324201588805335e-07
adamw_sft_bf16,AdamW + SFT (BF16),20,k_proj,attn,model.layers.20.self_attn.k_proj.weight,22.072850031907265,22.07494719667515,0.002097164767885573,4.126081681063285e-05
adamw_sft_bf16,AdamW + SFT (BF16),20,o_proj,attn,model.layers.20.self_attn.o_proj.weight,123534.76145527787,224366.48354714888,100831.72209187101,0.2591688004346024
adamw_sft_bf16,AdamW + SFT (BF16),20,q_proj,attn,model.layers.20.self_attn.q_proj.weight,9243.896257866112,9138.722829191856,-105.17342867425577,-0.004969557155720451
adamw_sft_bf16,AdamW + SFT (BF16),20,v_proj,attn,model.layers.20.self_attn.v_proj.weight,6.942409244310096,6.94262248336023,0.00021323905013392874,1.3339334705603935e-05
adamw_sft_bf16,AdamW + SFT (BF16),21,down_proj,mlp,model.layers.21.mlp.down_proj.weight,9.390981919055381,9.389518020551204,-0.0014638985041770525,-6.770459207822055e-05
adamw_sft_bf16,AdamW + SFT (BF16),21,gate_proj,mlp,model.layers.21.mlp.gate_proj.weight,17.629945642520745,17.629920587213867,-2.5055306878130068e-05,-6.172105956916091e-07
adamw_sft_bf16,AdamW + SFT (BF16),21,up_proj,mlp,model.layers.21.mlp.up_proj.weight,8.16699577216017,8.166834522278533,-0.00016124988163745968,-8.5748330358264e-06
adamw_sft_bf16,AdamW + SFT (BF16),21,k_proj,attn,model.layers.21.self_attn.k_proj.weight,29.992183020775197,29.991996493411563,-0.00018652736363478084,-2.700972336602835e-06
adamw_sft_bf16,AdamW + SFT (BF16),21,o_proj,attn,model.layers.21.self_attn.o_proj.weight,298850.6543733745,2264854.5193917314,1966003.8650183568,0.8795860996674839
adamw_sft_bf16,AdamW + SFT (BF16),21,q_proj,attn,model.layers.21.self_attn.q_proj.weight,14032.644030663625,14293.193811750254,260.5497810866291,0.007989774162622778
adamw_sft_bf16,AdamW + SFT (BF16),21,v_proj,attn,model.layers.21.self_attn.v_proj.weight,4.366601968716395,4.366578433870977,-2.3534845418282657e-05,-2.340740263338508e-06
adamw_sft_bf16,AdamW + SFT (BF16),22,down_proj,mlp,model.layers.22.mlp.down_proj.weight,9.904782336268656,9.904858827040561,7.649077190485798e-05,3.3538739930683134e-06
adamw_sft_bf16,AdamW + SFT (BF16),22,gate_proj,mlp,model.layers.22.mlp.gate_proj.weight,22.904187063530273,22.903478414901027,-0.0007086486292458005,-1.3437147957655786e-05
adamw_sft_bf16,AdamW + SFT (BF16),22,up_proj,mlp,model.layers.22.mlp.up_proj.weight,12.79968858450657,12.799372824281123,-0.0003157602254475478,-1.071390246178169e-05
adamw_sft_bf16,AdamW + SFT (BF16),22,k_proj,attn,model.layers.22.self_attn.k_proj.weight,20.39377999771742,20.393335750570433,-0.0004442471469872089,-9.460540712728565e-06
adamw_sft_bf16,AdamW + SFT (BF16),22,o_proj,attn,model.layers.22.self_attn.o_proj.weight,35374.77308841131,33462.810154825565,-1911.9629335857462,-0.024131253224065254
adamw_sft_bf16,AdamW + SFT (BF16),22,q_proj,attn,model.layers.22.self_attn.q_proj.weight,47977.340735145204,50162.247037374116,2184.906302228912,0.019340810214446138
adamw_sft_bf16,AdamW + SFT (BF16),22,v_proj,attn,model.layers.22.self_attn.v_proj.weight,5.233505964972921,5.233271008585985,-0.00023495638693660226,-1.94979338165657e-05
adamw_sft_bf16,AdamW + SFT (BF16),23,down_proj,mlp,model.layers.23.mlp.down_proj.weight,11.80645745879601,11.806193224447489,-0.0002642343485206311,-9.719833748083797e-06
adamw_sft_bf16,AdamW + SFT (BF16),23,gate_proj,mlp,model.layers.23.mlp.gate_proj.weight,19.84423847022627,19.843939005381394,-0.00029946484487552993,-6.553887728182552e-06
adamw_sft_bf16,AdamW + SFT (BF16),23,up_proj,mlp,model.layers.23.mlp.up_proj.weight,10.79189058648552,10.792904253706629,0.0010136672211089603,4.079075888340031e-05
adamw_sft_bf16,AdamW + SFT (BF16),23,k_proj,attn,model.layers.23.self_attn.k_proj.weight,16.001526800630636,16.002924442129622,0.0013976414989862462,3.7931473123594935e-05
adamw_sft_bf16,AdamW + SFT (BF16),23,o_proj,attn,model.layers.23.self_attn.o_proj.weight,13053.866526333686,13108.047398847479,54.180872513792565,0.001798835334852865
adamw_sft_bf16,AdamW + SFT (BF16),23,q_proj,attn,model.layers.23.self_attn.q_proj.weight,764874.9518123881,698306.6154104254,-66568.33640196279,-0.03954428249291433
adamw_sft_bf16,AdamW + SFT (BF16),23,v_proj,attn,model.layers.23.self_attn.v_proj.weight,4.042193780833294,4.04243299410806,0.00023921327476550402,2.5700383740862127e-05
adamw_sft_bf16,AdamW + SFT (BF16),24,down_proj,mlp,model.layers.24.mlp.down_proj.weight,10.013056479364716,10.011928509955272,-0.0011279694094437076,-4.892596833968283e-05
adamw_sft_bf16,AdamW + SFT (BF16),24,gate_proj,mlp,model.layers.24.mlp.gate_proj.weight,21.0475855955308,21.048936700120688,0.0013511045898866314,2.7877707519029964e-05
adamw_sft_bf16,AdamW + SFT (BF16),24,up_proj,mlp,model.layers.24.mlp.up_proj.weight,13.895235392599337,13.895763613699541,0.0005282211002040071,1.6509194866937647e-05
adamw_sft_bf16,AdamW + SFT (BF16),24,k_proj,attn,model.layers.24.self_attn.k_proj.weight,31.211181081905732,31.216714561516486,0.005533479610754455,7.698993029318184e-05
adamw_sft_bf16,AdamW + SFT (BF16),24,o_proj,attn,model.layers.24.self_attn.o_proj.weight,13596.107700858232,14175.982148951363,579.8744480931309,0.0181385614939946
adamw_sft_bf16,AdamW + SFT (BF16),24,q_proj,attn,model.layers.24.self_attn.q_proj.weight,119825.2524376554,104738.90631838651,-15086.3461192689,-0.05844031790483566
adamw_sft_bf16,AdamW + SFT (BF16),24,v_proj,attn,model.layers.24.self_attn.v_proj.weight,3.6003445004354857,3.600495592675404,0.00015109223991816023,1.8225241837335736e-05
adamw_sft_bf16,AdamW + SFT (BF16),25,down_proj,mlp,model.layers.25.mlp.down_proj.weight,9.428473935149443,9.428505082596736,3.114744729337815e-05,1.434711728941723e-06
adamw_sft_bf16,AdamW + SFT (BF16),25,gate_proj,mlp,model.layers.25.mlp.gate_proj.weight,21.338091581274373,21.3402613481829,0.002169766908526327,4.415905167464763e-05
adamw_sft_bf16,AdamW + SFT (BF16),25,up_proj,mlp,model.layers.25.mlp.up_proj.weight,18.112209505291784,18.112621921637064,0.000412416345280775,9.888804775832227e-06
adamw_sft_bf16,AdamW + SFT (BF16),25,k_proj,attn,model.layers.25.self_attn.k_proj.weight,22.462953951457504,22.458983331037334,-0.0039706204201692685,-7.677400606560487e-05
adamw_sft_bf16,AdamW + SFT (BF16),25,o_proj,attn,model.layers.25.self_attn.o_proj.weight,16296.613319126418,16184.675953423517,-111.93736570290093,-0.002993352405978913
adamw_sft_bf16,AdamW + SFT (BF16),25,q_proj,attn,model.layers.25.self_attn.q_proj.weight,24555.210708810777,23517.794243573902,-1037.4164652368745,-0.018747078755108632
adamw_sft_bf16,AdamW + SFT (BF16),25,v_proj,attn,model.layers.25.self_attn.v_proj.weight,4.337190824833435,4.337287275387251,9.645055381568568e-05,9.657743743483032e-06
adamw_sft_bf16,AdamW + SFT (BF16),26,down_proj,mlp,model.layers.26.mlp.down_proj.weight,8.741682232718533,8.741607623151012,-7.460956752147752e-05,-3.706684924736979e-06
adamw_sft_bf16,AdamW + SFT (BF16),26,gate_proj,mlp,model.layers.26.mlp.gate_proj.weight,20.0336868429297,20.03407026981112,0.0003834268814202346,8.311929132945458e-06
adamw_sft_bf16,AdamW + SFT (BF16),26,up_proj,mlp,model.layers.26.mlp.up_proj.weight,18.54966977174175,18.550703151220855,0.0010333794791037576,2.4193342020286845e-05
adamw_sft_bf16,AdamW + SFT (BF16),26,k_proj,attn,model.layers.26.self_attn.k_proj.weight,18.924022446774764,18.921161421306778,-0.002861025467986167,-6.566370928621162e-05
adamw_sft_bf16,AdamW + SFT (BF16),26,o_proj,attn,model.layers.26.self_attn.o_proj.weight,32723.99759321507,37161.040346364956,4437.042753149886,0.055221511787327565
adamw_sft_bf16,AdamW + SFT (BF16),26,q_proj,attn,model.layers.26.self_attn.q_proj.weight,48120.87790718429,40430.32453346525,-7690.553373719034,-0.07562631449592848
adamw_sft_bf16,AdamW + SFT (BF16),26,v_proj,attn,model.layers.26.self_attn.v_proj.weight,4.835564685889436,4.835594214181911,2.9528292475156093e-05,2.6520036769744877e-06
adamw_sft_bf16,AdamW + SFT (BF16),27,down_proj,mlp,model.layers.27.mlp.down_proj.weight,11.983131396493501,11.983219038868384,8.764237488279036e-05,3.1763367472688914e-06
adamw_sft_bf16,AdamW + SFT (BF16),27,gate_proj,mlp,model.layers.27.mlp.gate_proj.weight,34.01131673372879,34.0118901914144,0.0005734576856113449,7.32248653741844e-06
adamw_sft_bf16,AdamW + SFT (BF16),27,up_proj,mlp,model.layers.27.mlp.up_proj.weight,27.05991417573715,27.057812615108073,-0.002101560629075294,-3.373002670932282e-05
adamw_sft_bf16,AdamW + SFT (BF16),27,k_proj,attn,model.layers.27.self_attn.k_proj.weight,16.960271595775623,16.96043467931556,0.00016308353993821356,4.175990966162297e-06
adamw_sft_bf16,AdamW + SFT (BF16),27,o_proj,attn,model.layers.27.self_attn.o_proj.weight,99634.79632267175,78986.22295103848,-20648.573371633276,-0.10085969058011221
adamw_sft_bf16,AdamW + SFT (BF16),27,q_proj,attn,model.layers.27.self_attn.q_proj.weight,91711.44628086085,89137.30418071365,-2574.1421001472045,-0.012364046895925853
adamw_sft_bf16,AdamW + SFT (BF16),27,v_proj,attn,model.layers.27.self_attn.v_proj.weight,7.853791579470053,7.854051364448537,0.0002597849784846673,1.436520380938439e-05
adamw_sft_bf16,AdamW + SFT (BF16),3,down_proj,mlp,model.layers.3.mlp.down_proj.weight,10.758270959803003,10.758212942880863,-5.801692213935894e-05,-2.3420582336682933e-06
adamw_sft_bf16,AdamW + SFT (BF16),3,gate_proj,mlp,model.layers.3.mlp.gate_proj.weight,13.999766940935217,13.999586509889943,-0.00018043104527443177,-5.597286913450496e-06
adamw_sft_bf16,AdamW + SFT (BF16),3,up_proj,mlp,model.layers.3.mlp.up_proj.weight,7.592358408260811,7.591972909956175,-0.0003854983046363003,-2.2051650877986558e-05
adamw_sft_bf16,AdamW + SFT (BF16),3,k_proj,attn,model.layers.3.self_attn.k_proj.weight,15.502942945207748,15.498931932564243,-0.00401101264350423,-0.00011237776260344528
adamw_sft_bf16,AdamW + SFT (BF16),3,o_proj,attn,model.layers.3.self_attn.o_proj.weight,16528.241725287102,17823.487577243286,1295.2458519561842,0.03276603199567851
adamw_sft_bf16,AdamW + SFT (BF16),3,q_proj,attn,model.layers.3.self_attn.q_proj.weight,75355.26316454641,86326.24472704508,10970.981562498666,0.05902925823216921
adamw_sft_bf16,AdamW + SFT (BF16),3,v_proj,attn,model.layers.3.self_attn.v_proj.weight,3.891617107326821,3.8916736679248034,5.6560597982535654e-05,6.3119717113934725e-06
adamw_sft_bf16,AdamW + SFT (BF16),4,down_proj,mlp,model.layers.4.mlp.down_proj.weight,11.15720155550664,11.157631135811805,0.00042958030516437873,1.6721107316469182e-05
adamw_sft_bf16,AdamW + SFT (BF16),4,gate_proj,mlp,model.layers.4.mlp.gate_proj.weight,17.495981170242754,17.49537779200054,-0.0006033782422143474,-1.4977631557735387e-05
adamw_sft_bf16,AdamW + SFT (BF16),4,up_proj,mlp,model.layers.4.mlp.up_proj.weight,8.782003015120793,8.780663607184849,-0.0013394079359443367,-6.624250055367291e-05
adamw_sft_bf16,AdamW + SFT (BF16),4,k_proj,attn,model.layers.4.self_attn.k_proj.weight,23.93670634239095,23.94116860822383,0.004462265832881229,8.09533604244192e-05
adamw_sft_bf16,AdamW + SFT (BF16),4,o_proj,attn,model.layers.4.self_attn.o_proj.weight,8582.208719375358,8682.751280460338,100.54256108497975,0.005058288359031241
adamw_sft_bf16,AdamW + SFT (BF16),4,q_proj,attn,model.layers.4.self_attn.q_proj.weight,19385.367499083055,19863.480962874455,478.11346379140014,0.010581319903620703
adamw_sft_bf16,AdamW + SFT (BF16),4,v_proj,attn,model.layers.4.self_attn.v_proj.weight,3.7875720759658726,3.787493138127026,-7.893783884682648e-05,-9.0513459242565e-06
adamw_sft_bf16,AdamW + SFT (BF16),5,down_proj,mlp,model.layers.5.mlp.down_proj.weight,12.388049471794826,12.388505863074014,0.00045639127918839506,1.599965866799496e-05
adamw_sft_bf16,AdamW + SFT (BF16),5,gate_proj,mlp,model.layers.5.mlp.gate_proj.weight,20.634483011844836,20.634866658057522,0.00038364621268627275,8.074536405828973e-06
adamw_sft_bf16,AdamW + SFT (BF16),5,up_proj,mlp,model.layers.5.mlp.up_proj.weight,8.094579137228608,8.095093074029254,0.000513936800645709,2.757312362228756e-05
adamw_sft_bf16,AdamW + SFT (BF16),5,k_proj,attn,model.layers.5.self_attn.k_proj.weight,22.35050954040556,22.350465417445044,-4.4122960517256615e-05,-8.573575093566172e-07
adamw_sft_bf16,AdamW + SFT (BF16),5,o_proj,attn,model.layers.5.self_attn.o_proj.weight,14934.50156341116,14995.865661589312,61.364098178151835,0.0017808085257462814
adamw_sft_bf16,AdamW + SFT (BF16),5,q_proj,attn,model.layers.5.self_attn.q_proj.weight,14969.234018258956,14797.975044242816,-171.2589740161402,-0.004997287309045534
adamw_sft_bf16,AdamW + SFT (BF16),5,v_proj,attn,model.layers.5.self_attn.v_proj.weight,3.3558693468749854,3.356038069151194,0.00016872227620856606,2.1834375537439102e-05
adamw_sft_bf16,AdamW + SFT (BF16),6,down_proj,mlp,model.layers.6.mlp.down_proj.weight,9.162314837809912,9.162685314464232,0.0003704766543197735,1.75602690673813e-05
adamw_sft_bf16,AdamW + SFT (BF16),6,gate_proj,mlp,model.layers.6.mlp.gate_proj.weight,19.228406692239826,19.22625930619986,-0.0021473860399652267,-4.850375809689871e-05
adamw_sft_bf16,AdamW + SFT (BF16),6,up_proj,mlp,model.layers.6.mlp.up_proj.weight,7.421489572866498,7.420612153838407,-0.0008774190280904648,-5.1348286068506025e-05
adamw_sft_bf16,AdamW + SFT (BF16),6,k_proj,attn,model.layers.6.self_attn.k_proj.weight,22.193674123897594,22.19414994605797,0.0004758221603751167,9.310974032016556e-06
adamw_sft_bf16,AdamW + SFT (BF16),6,o_proj,attn,model.layers.6.self_attn.o_proj.weight,70513.61868597266,82747.18401769295,12233.565331720296,0.06948022036354685
adamw_sft_bf16,AdamW + SFT (BF16),6,q_proj,attn,model.layers.6.self_attn.q_proj.weight,18604.75910456698,16817.60719779562,-1787.1519067713598,-0.04385984650755579
adamw_sft_bf16,AdamW + SFT (BF16),6,v_proj,attn,model.layers.6.self_attn.v_proj.weight,3.2802787964379356,3.2802584711405975,-2.03252973380863e-05,-2.690988288600434e-06
adamw_sft_bf16,AdamW + SFT (BF16),7,down_proj,mlp,model.layers.7.mlp.down_proj.weight,7.967968298583799,7.967938556666558,-2.9741917241032922e-05,-1.621087605021971e-06
adamw_sft_bf16,AdamW + SFT (BF16),7,gate_proj,mlp,model.layers.7.mlp.gate_proj.weight,16.82272426896548,16.823291757180176,0.000567488214695544,1.4649996006631254e-05
adamw_sft_bf16,AdamW + SFT (BF16),7,up_proj,mlp,model.layers.7.mlp.up_proj.weight,8.451906164480205,8.451664026799907,-0.00024213768029746063,-1.2442230514774824e-05
adamw_sft_bf16,AdamW + SFT (BF16),7,k_proj,attn,model.layers.7.self_attn.k_proj.weight,30.442592542837964,30.435742870001853,-0.006849672836111154,-9.77285304516098e-05
adamw_sft_bf16,AdamW + SFT (BF16),7,o_proj,attn,model.layers.7.self_attn.o_proj.weight,9457.463639954845,9344.347778387975,-113.11586156687008,-0.005225686622744188
adamw_sft_bf16,AdamW + SFT (BF16),7,q_proj,attn,model.layers.7.self_attn.q_proj.weight,9030.470682093728,9020.333239329826,-10.137442763902072,-0.0004878049681337001
adamw_sft_bf16,AdamW + SFT (BF16),7,v_proj,attn,model.layers.7.self_attn.v_proj.weight,4.6148320901395445,4.614600175239452,-0.00023191490009288884,-2.1825689491347014e-05
adamw_sft_bf16,AdamW + SFT (BF16),8,down_proj,mlp,model.layers.8.mlp.down_proj.weight,8.059006885143106,8.059239137029268,0.0002322518861621603,1.2515718204061823e-05
adamw_sft_bf16,AdamW + SFT (BF16),8,gate_proj,mlp,model.layers.8.mlp.gate_proj.weight,15.70276662952571,15.704028013622077,0.001261384096366669,3.488494506568161e-05
adamw_sft_bf16,AdamW + SFT (BF16),8,up_proj,mlp,model.layers.8.mlp.up_proj.weight,11.03707620181019,11.03777343321076,0.0006972314005686542,2.7434275203073473e-05
adamw_sft_bf16,AdamW + SFT (BF16),8,k_proj,attn,model.layers.8.self_attn.k_proj.weight,26.24428190856445,26.244798990068382,0.0005170815039328147,8.556661309970606e-06
adamw_sft_bf16,AdamW + SFT (BF16),8,o_proj,attn,model.layers.8.self_attn.o_proj.weight,8728.55329977634,8457.584841380767,-270.9684583955732,-0.01369590515830423
adamw_sft_bf16,AdamW + SFT (BF16),8,q_proj,attn,model.layers.8.self_attn.q_proj.weight,20459.276858621644,20059.65666805837,-399.62019056327335,-0.008566783772506548
adamw_sft_bf16,AdamW + SFT (BF16),8,v_proj,attn,model.layers.8.self_attn.v_proj.weight,2.614956506444022,2.614859838772698,-9.666767132410214e-05,-1.6054956223339533e-05
adamw_sft_bf16,AdamW + SFT (BF16),9,down_proj,mlp,model.layers.9.mlp.down_proj.weight,11.96143651469935,11.961553208230136,0.00011669353078502809,4.236874828873069e-06
adamw_sft_bf16,AdamW + SFT (BF16),9,gate_proj,mlp,model.layers.9.mlp.gate_proj.weight,17.04541620966512,17.047060898750093,0.001644689084972839,4.190246383875412e-05
adamw_sft_bf16,AdamW + SFT (BF16),9,up_proj,mlp,model.layers.9.mlp.up_proj.weight,8.607523542303687,8.607525978089855,2.4357861683199644e-06,1.2289810622454828e-07
adamw_sft_bf16,AdamW + SFT (BF16),9,k_proj,attn,model.layers.9.self_attn.k_proj.weight,29.979145885547403,29.984203366063415,0.005057480516011736,7.325927964523604e-05
adamw_sft_bf16,AdamW + SFT (BF16),9,o_proj,attn,model.layers.9.self_attn.o_proj.weight,26480.436490575365,22829.067160114068,-3651.369330461297,-0.06443697378530192
adamw_sft_bf16,AdamW + SFT (BF16),9,q_proj,attn,model.layers.9.self_attn.q_proj.weight,35295.52653603585,42246.71496327321,6951.188427237357,0.07807327950419896
adamw_sft_bf16,AdamW + SFT (BF16),9,v_proj,attn,model.layers.9.self_attn.v_proj.weight,3.911800039733773,3.9119457445341226,0.00014570480034947764,1.6176085606768394e-05
adamw_sft_mixed,AdamW + SFT (Mixed),-1,embed,embed,model.embed_tokens.weight,69.18641058154057,69.23705492061366,0.05064433907308796,0.00031778655303378703
adamw_sft_mixed,AdamW + SFT (Mixed),0,down_proj,mlp,model.layers.0.mlp.down_proj.weight,10.546793843948734,10.547966259555439,0.0011724156067050018,4.827489163329195e-05
adamw_sft_mixed,AdamW + SFT (Mixed),0,gate_proj,mlp,model.layers.0.mlp.gate_proj.weight,50.790417231602824,50.78313085779451,-0.007286373808312874,-6.230818954315855e-05
adamw_sft_mixed,AdamW + SFT (Mixed),0,up_proj,mlp,model.layers.0.mlp.up_proj.weight,30.557746350661454,30.558972708128124,0.0012263574666704358,1.742895524791898e-05
adamw_sft_mixed,AdamW + SFT (Mixed),0,k_proj,attn,model.layers.0.self_attn.k_proj.weight,18.73935745084044,18.747832152693423,0.008474701852982491,0.0001963612824621946
adamw_sft_mixed,AdamW + SFT (Mixed),0,o_proj,attn,model.layers.0.self_attn.o_proj.weight,38555.79005042446,28218.52679327886,-10337.263257145602,-0.1355552699563964
adamw_sft_mixed,AdamW + SFT (Mixed),0,q_proj,attn,model.layers.0.self_attn.q_proj.weight,184976.8751259078,192584.5883131357,7607.713187227899,0.0175040910307795
adamw_sft_mixed,AdamW + SFT (Mixed),0,v_proj,attn,model.layers.0.self_attn.v_proj.weight,7.7755061789352835,7.781682932643157,0.00617675370787385,0.0003448605237258443
adamw_sft_mixed,AdamW + SFT (Mixed),1,down_proj,mlp,model.layers.1.mlp.down_proj.weight,8.998430005007657,8.998917741281305,0.000487736273647954,2.3539154247280943e-05
adamw_sft_mixed,AdamW + SFT (Mixed),1,gate_proj,mlp,model.layers.1.mlp.gate_proj.weight,33.91668364456576,33.91553632486709,-0.0011473196986671041,-1.4691384547980907e-05
adamw_sft_mixed,AdamW + SFT (Mixed),1,up_proj,mlp,model.layers.1.mlp.up_proj.weight,37.735381088331756,37.733227142477354,-0.00215394585440265,-2.4790355117678934e-05
adamw_sft_mixed,AdamW + SFT (Mixed),1,k_proj,attn,model.layers.1.self_attn.k_proj.weight,30.087513316132128,30.086197647516926,-0.00131566861520227,-1.899127079039859e-05
adamw_sft_mixed,AdamW + SFT (Mixed),1,o_proj,attn,model.layers.1.self_attn.o_proj.weight,49034.98587834326,117068.92541519747,68033.93953685422,0.3779355773867351
adamw_sft_mixed,AdamW + SFT (Mixed),1,q_proj,attn,model.layers.1.self_attn.q_proj.weight,1074758.1049613138,406010.95678380755,-668747.1481775062,-0.4227729751107739
adamw_sft_mixed,AdamW + SFT (Mixed),1,v_proj,attn,model.layers.1.self_attn.v_proj.weight,3.341969736117407,3.341390880270055,-0.0005788558473520666,-7.522978794071764e-05
adamw_sft_mixed,AdamW + SFT (Mixed),10,down_proj,mlp,model.layers.10.mlp.down_proj.weight,13.491719978091211,13.491339790084234,-0.00038018800697692257,-1.2238312107323988e-05
adamw_sft_mixed,AdamW + SFT (Mixed),10,gate_proj,mlp,model.layers.10.mlp.gate_proj.weight,16.210019773701827,16.209760768596908,-0.00025900510491894124,-6.939250418846814e-06
adamw_sft_mixed,AdamW + SFT (Mixed),10,up_proj,mlp,model.layers.10.mlp.up_proj.weight,8.538043575643336,8.53814380012221,0.0001002244788743667,5.0979691390702835e-06
adamw_sft_mixed,AdamW + SFT (Mixed),10,k_proj,attn,model.layers.10.self_attn.k_proj.weight,24.034098760920294,24.017514103724707,-0.01658465719558677,-0.0002997870398477483
adamw_sft_mixed,AdamW + SFT (Mixed),10,o_proj,attn,model.layers.10.self_attn.o_proj.weight,15508.710116684786,15013.88253906315,-494.827577621636,-0.014082664528658
adamw_sft_mixed,AdamW + SFT (Mixed),10,q_proj,attn,model.layers.10.self_attn.q_proj.weight,12813.850813777506,12843.147839868117,29.297026090611325,0.0009918184483736357
adamw_sft_mixed,AdamW + SFT (Mixed),10,v_proj,attn,model.layers.10.self_attn.v_proj.weight,3.2994636012714755,3.2992997379957454,-0.00016386327573014725,-2.1569167673369275e-05
adamw_sft_mixed,AdamW + SFT (Mixed),11,down_proj,mlp,model.layers.11.mlp.down_proj.weight,16.054627449194015,16.053597943015795,-0.0010295061782201742,-2.7850112983694414e-05
adamw_sft_mixed,AdamW + SFT (Mixed),11,gate_proj,mlp,model.layers.11.mlp.gate_proj.weight,13.225697438590451,13.224979256113615,-0.0007181824768363043,-2.358372077708062e-05
adamw_sft_mixed,AdamW + SFT (Mixed),11,up_proj,mlp,model.layers.11.mlp.up_proj.weight,6.605510357941471,6.605017774542473,-0.0004925833989979367,-3.238723690919745e-05
adamw_sft_mixed,AdamW + SFT (Mixed),11,k_proj,attn,model.layers.11.self_attn.k_proj.weight,21.610944081803808,21.609179158147548,-0.0017649236562604642,-3.546943173044667e-05
adamw_sft_mixed,AdamW + SFT (Mixed),11,o_proj,attn,model.layers.11.self_attn.o_proj.weight,139258.46738802953,232348.88822082488,93090.42083279535,0.22231898751105728
adamw_sft_mixed,AdamW + SFT (Mixed),11,q_proj,attn,model.layers.11.self_attn.q_proj.weight,28543.812668067454,21672.490322716552,-6871.322345350902,-0.11960316474688881
adamw_sft_mixed,AdamW + SFT (Mixed),11,v_proj,attn,model.layers.11.self_attn.v_proj.weight,2.8678401021237847,2.867814790116624,-2.5312007160493977e-05,-3.8331682230852585e-06
adamw_sft_mixed,AdamW + SFT (Mixed),12,down_proj,mlp,model.layers.12.mlp.down_proj.weight,14.145448240851502,14.145476019047894,2.7778196391992083e-05,8.528471745828303e-07
adamw_sft_mixed,AdamW + SFT (Mixed),12,gate_proj,mlp,model.layers.12.mlp.gate_proj.weight,18.888272791501652,18.88831927627145,4.64847697969617e-05,1.0688141999811974e-06
adamw_sft_mixed,AdamW + SFT (Mixed),12,up_proj,mlp,model.layers.12.mlp.up_proj.weight,8.061255117094625,8.062099643401629,0.0008445263070040454,4.549588106660286e-05
adamw_sft_mixed,AdamW + SFT (Mixed),12,k_proj,attn,model.layers.12.self_attn.k_proj.weight,20.867707840632306,20.887610187576172,0.019902346943865723,0.0004140061921391716
adamw_sft_mixed,AdamW + SFT (Mixed),12,o_proj,attn,model.layers.12.self_attn.o_proj.weight,102000.14319866779,41454.76905004786,-60545.374148619936,-0.39102628149495183
adamw_sft_mixed,AdamW + SFT (Mixed),12,q_proj,attn,model.layers.12.self_attn.q_proj.weight,14798.684955393119,18583.947885328198,3785.2629299350792,0.0989148541888229
adamw_sft_mixed,AdamW + SFT (Mixed),12,v_proj,attn,model.layers.12.self_attn.v_proj.weight,2.550671517667282,2.550880469380813,0.00020895171353130237,3.557606644097497e-05
adamw_sft_mixed,AdamW + SFT (Mixed),13,down_proj,mlp,model.layers.13.mlp.down_proj.weight,30.005646690345184,29.998965400221895,-0.00668129012328933,-9.67141472442484e-05
adamw_sft_mixed,AdamW + SFT (Mixed),13,gate_proj,mlp,model.layers.13.mlp.gate_proj.weight,12.316046719506732,12.315530896893232,-0.0005158226134991395,-1.81895709812142e-05
adamw_sft_mixed,AdamW + SFT (Mixed),13,up_proj,mlp,model.layers.13.mlp.up_proj.weight,6.311217662216599,6.310510724994056,-0.0007069372225432247,-4.8649269847188934e-05
adamw_sft_mixed,AdamW + SFT (Mixed),13,k_proj,attn,model.layers.13.self_attn.k_proj.weight,41.906820743475016,41.94049131243409,0.03367056895907439,0.000348799328897808
adamw_sft_mixed,AdamW + SFT (Mixed),13,o_proj,attn,model.layers.13.self_attn.o_proj.weight,9641.296136551193,9422.13512199551,-219.1610145556824,-0.00998609448237032
adamw_sft_mixed,AdamW + SFT (Mixed),13,q_proj,attn,model.layers.13.self_attn.q_proj.weight,57124.68510683214,145399.17125554266,88274.48614871052,0.40573811205678245
adamw_sft_mixed,AdamW + SFT (Mixed),13,v_proj,attn,model.layers.13.self_attn.v_proj.weight,3.7001013163270056,3.7002250733476054,0.00012375702059985727,1.4525573148592454e-05
adamw_sft_mixed,AdamW + SFT (Mixed),14,down_proj,mlp,model.layers.14.mlp.down_proj.weight,12.14858893422566,12.14849708487616,-9.184934950035029e-05,-3.28349380030026e-06
adamw_sft_mixed,AdamW + SFT (Mixed),14,gate_proj,mlp,model.layers.14.mlp.gate_proj.weight,13.416229041756727,13.416890887181141,0.0006618454244140537,2.1423957893496387e-05
adamw_sft_mixed,AdamW + SFT (Mixed),14,up_proj,mlp,model.layers.14.mlp.up_proj.weight,6.92702720942221,6.926913864445836,-0.00011334497637438545,-7.106295245444063e-06
adamw_sft_mixed,AdamW + SFT (Mixed),14,k_proj,attn,model.layers.14.self_attn.k_proj.weight,23.136335100841148,23.137091897849448,0.0007567970083002251,1.4205680710233285e-05
adamw_sft_mixed,AdamW + SFT (Mixed),14,o_proj,attn,model.layers.14.self_attn.o_proj.weight,6453.263467239998,6936.433833198405,483.1703659584073,0.031356851486873
adamw_sft_mixed,AdamW + SFT (Mixed),14,q_proj,attn,model.layers.14.self_attn.q_proj.weight,12016.462412922161,12131.411250809673,114.94883788751213,0.0041346930801011775
adamw_sft_mixed,AdamW + SFT (Mixed),14,v_proj,attn,model.layers.14.self_attn.v_proj.weight,6.809948120874071,6.808775846400229,-0.001172274473842272,-7.476652551980974e-05
adamw_sft_mixed,AdamW + SFT (Mixed),15,down_proj,mlp,model.layers.15.mlp.down_proj.weight,12.83113835849419,12.831477746774594,0.0003393882804036963,1.1487095220996129e-05
adamw_sft_mixed,AdamW + SFT (Mixed),15,gate_proj,mlp,model.layers.15.mlp.gate_proj.weight,16.831657108500657,16.831357333945824,-0.0002997745548327657,-7.734924345809336e-06
adamw_sft_mixed,AdamW + SFT (Mixed),15,up_proj,mlp,model.layers.15.mlp.up_proj.weight,9.399973299687645,9.400074231317634,0.00010093162998892069,4.66318501390908e-06
adamw_sft_mixed,AdamW + SFT (Mixed),15,k_proj,attn,model.layers.15.self_attn.k_proj.weight,25.442585553328566,25.477498577256885,0.03491302392831841,0.0005955424573041166
adamw_sft_mixed,AdamW + SFT (Mixed),15,o_proj,attn,model.layers.15.self_attn.o_proj.weight,29248.74824238646,41214.606382289334,11965.858139902874,0.14894387216445537
adamw_sft_mixed,AdamW + SFT (Mixed),15,q_proj,attn,model.layers.15.self_attn.q_proj.weight,23869.157071525828,27528.586625282926,3659.429553757098,0.061946832021940866
adamw_sft_mixed,AdamW + SFT (Mixed),15,v_proj,attn,model.layers.15.self_attn.v_proj.weight,3.3575600712900404,3.357750664013282,0.00019059272324151166,2.465213339476207e-05
adamw_sft_mixed,AdamW + SFT (Mixed),16,down_proj,mlp,model.layers.16.mlp.down_proj.weight,9.686499227673869,9.686391181172947,-0.00010804650092133272,-4.844295110256329e-06
adamw_sft_mixed,AdamW + SFT (Mixed),16,gate_proj,mlp,model.layers.16.mlp.gate_proj.weight,12.919883539201004,12.91879310246651,-0.001090436734493494,-3.665595289600295e-05
adamw_sft_mixed,AdamW + SFT (Mixed),16,up_proj,mlp,model.layers.16.mlp.up_proj.weight,6.159145316251316,6.158405963735363,-0.0007393525159535841,-5.213645325223914e-05
adamw_sft_mixed,AdamW + SFT (Mixed),16,k_proj,attn,model.layers.16.self_attn.k_proj.weight,20.671141321487564,20.659439893447264,-0.011701428040300499,-0.0002459131042771175
adamw_sft_mixed,AdamW + SFT (Mixed),16,o_proj,attn,model.layers.16.self_attn.o_proj.weight,41529.00729033527,56765.467174310776,15236.459883975505,0.13573266655071334
adamw_sft_mixed,AdamW + SFT (Mixed),16,q_proj,attn,model.layers.16.self_attn.q_proj.weight,103943.38985456145,106817.12869587213,2873.738841310682,0.011844023561819546
adamw_sft_mixed,AdamW + SFT (Mixed),16,v_proj,attn,model.layers.16.self_attn.v_proj.weight,2.78870242790059,2.7889344619657184,0.00023203406512850577,3.613398152183272e-05
adamw_sft_mixed,AdamW + SFT (Mixed),17,down_proj,mlp,model.layers.17.mlp.down_proj.weight,6.7996349709306605,6.799001737357687,-0.0006332335729730687,-4.044667897175506e-05
adamw_sft_mixed,AdamW + SFT (Mixed),17,gate_proj,mlp,model.layers.17.mlp.gate_proj.weight,17.968770886906377,17.968384105196474,-0.0003867817099028059,-9.348383997303377e-06
adamw_sft_mixed,AdamW + SFT (Mixed),17,up_proj,mlp,model.layers.17.mlp.up_proj.weight,12.572357420855843,12.572179852917492,-0.00017756793835133067,-6.133879096721093e-06
adamw_sft_mixed,AdamW + SFT (Mixed),17,k_proj,attn,model.layers.17.self_attn.k_proj.weight,15.488632202364206,15.490244178673674,0.0016119763094675221,4.519675976499921e-05
adamw_sft_mixed,AdamW + SFT (Mixed),17,o_proj,attn,model.layers.17.self_attn.o_proj.weight,57591.66094582242,31531.24028130157,-26060.42066452085,-0.2616185497240223
adamw_sft_mixed,AdamW + SFT (Mixed),17,q_proj,attn,model.layers.17.self_attn.q_proj.weight,13024.993728263826,12750.90489260049,-274.088835663335,-0.009236516441482169
adamw_sft_mixed,AdamW + SFT (Mixed),17,v_proj,attn,model.layers.17.self_attn.v_proj.weight,4.045377579425002,4.045316931332969,-6.064809203376598e-05,-6.51096928048377e-06
adamw_sft_mixed,AdamW + SFT (Mixed),18,down_proj,mlp,model.layers.18.mlp.down_proj.weight,6.643981466821017,6.643817628647881,-0.00016383817313592175,-1.0709676449854256e-05
adamw_sft_mixed,AdamW + SFT (Mixed),18,gate_proj,mlp,model.layers.18.mlp.gate_proj.weight,18.455846043796296,18.45413229367734,-0.0017137501189559146,-4.0329052147024796e-05
adamw_sft_mixed,AdamW + SFT (Mixed),18,up_proj,mlp,model.layers.18.mlp.up_proj.weight,10.672724442726581,10.672365579712372,-0.00035886301420973155,-1.4603098575035439e-05
adamw_sft_mixed,AdamW + SFT (Mixed),18,k_proj,attn,model.layers.18.self_attn.k_proj.weight,22.852605445749074,22.880655658774778,0.028050213025704096,0.0005327437390928272
adamw_sft_mixed,AdamW + SFT (Mixed),18,o_proj,attn,model.layers.18.self_attn.o_proj.weight,21937.349567301397,14127.368263276227,-7809.98130402517,-0.1911228894756158
adamw_sft_mixed,AdamW + SFT (Mixed),18,q_proj,attn,model.layers.18.self_attn.q_proj.weight,33741.713223670544,26589.026108814607,-7152.687114855937,-0.10346469948805327
adamw_sft_mixed,AdamW + SFT (Mixed),18,v_proj,attn,model.layers.18.self_attn.v_proj.weight,2.1434580875579408,2.1432506817263484,-0.0002074058315923999,-4.202534536093351e-05
adamw_sft_mixed,AdamW + SFT (Mixed),19,down_proj,mlp,model.layers.19.mlp.down_proj.weight,7.114441587440737,7.11438606200677,-5.5525433967140714e-05,-3.3895117955480007e-06
adamw_sft_mixed,AdamW + SFT (Mixed),19,gate_proj,mlp,model.layers.19.mlp.gate_proj.weight,18.805480505433707,18.80406609768761,-0.0014144077460969129,-3.266561472080207e-05
adamw_sft_mixed,AdamW + SFT (Mixed),19,up_proj,mlp,model.layers.19.mlp.up_proj.weight,10.390484231630769,10.389239760010835,-0.0012444716199340178,-5.2018704222072816e-05
adamw_sft_mixed,AdamW + SFT (Mixed),19,k_proj,attn,model.layers.19.self_attn.k_proj.weight,22.401692950673606,22.39165956649882,-0.010033384174786164,-0.00019455759437203427
adamw_sft_mixed,AdamW + SFT (Mixed),19,o_proj,attn,model.layers.19.self_attn.o_proj.weight,24022.826455842358,21201.477303114098,-2821.3491527282604,-0.054257980599417215
adamw_sft_mixed,AdamW + SFT (Mixed),19,q_proj,attn,model.layers.19.self_attn.q_proj.weight,25682.89091427411,28947.18141775751,3264.2905034834002,0.0519623757924594
adamw_sft_mixed,AdamW + SFT (Mixed),19,v_proj,attn,model.layers.19.self_attn.v_proj.weight,3.008918396896258,3.009154351972573,0.00023595507631490875,3.405541672540028e-05
adamw_sft_mixed,AdamW + SFT (Mixed),2,down_proj,mlp,model.layers.2.mlp.down_proj.weight,13.20255066881167,13.20509501830111,0.0025443494894403784,8.368765317503323e-05
adamw_sft_mixed,AdamW + SFT (Mixed),2,gate_proj,mlp,model.layers.2.mlp.gate_proj.weight,17.38657445257771,17.385648412283984,-0.0009260402937272261,-2.313192292848343e-05
adamw_sft_mixed,AdamW + SFT (Mixed),2,up_proj,mlp,model.layers.2.mlp.up_proj.weight,8.916099391549464,8.913318843171439,-0.002780548378025216,-0.00013545891527518326
adamw_sft_mixed,AdamW + SFT (Mixed),2,k_proj,attn,model.layers.2.self_attn.k_proj.weight,17.246031056628958,17.24523002419263,-0.0008010324363283416,-2.0172296174995773e-05
adamw_sft_mixed,AdamW + SFT (Mixed),2,o_proj,attn,model.layers.2.self_attn.o_proj.weight,31093.030750193404,24393.168100136892,-6699.8626500565115,-0.10539484772167064
adamw_sft_mixed,AdamW + SFT (Mixed),2,q_proj,attn,model.layers.2.self_attn.q_proj.weight,24610.069351651575,22323.397623747147,-2286.671727904428,-0.042352542587250575
adamw_sft_mixed,AdamW + SFT (Mixed),2,v_proj,attn,model.layers.2.self_attn.v_proj.weight,3.1911166787384015,3.191840437709062,0.0007237589706603487,9.848868566665328e-05
adamw_sft_mixed,AdamW + SFT (Mixed),20,down_proj,mlp,model.layers.20.mlp.down_proj.weight,7.516513788547348,7.51654720330499,3.3414757641736514e-05,1.9306573512557535e-06
adamw_sft_mixed,AdamW + SFT (Mixed),20,gate_proj,mlp,model.layers.20.mlp.gate_proj.weight,19.204884886797178,19.204990900099755,0.00010601330257742347,2.397351794256092e-06
adamw_sft_mixed,AdamW + SFT (Mixed),20,up_proj,mlp,model.layers.20.mlp.up_proj.weight,11.187456334212877,11.188096660415125,0.000640326202248076,2.4856604562733683e-05
adamw_sft_mixed,AdamW + SFT (Mixed),20,k_proj,attn,model.layers.20.self_attn.k_proj.weight,22.072850031907265,22.089145814112157,0.01629578220489236,0.00032050945504231076
adamw_sft_mixed,AdamW + SFT (Mixed),20,o_proj,attn,model.layers.20.self_attn.o_proj.weight,123534.76145527787,86765.17200860046,-36769.589446677404,-0.1534437488567633
adamw_sft_mixed,AdamW + SFT (Mixed),20,q_proj,attn,model.layers.20.self_attn.q_proj.weight,9243.896257866112,9477.519456424674,233.62319855856185,0.010839621816912353
adamw_sft_mixed,AdamW + SFT (Mixed),20,v_proj,attn,model.layers.20.self_attn.v_proj.weight,6.942409244310096,6.940426599831696,-0.0019826444784003527,-0.00012404548639278953
adamw_sft_mixed,AdamW + SFT (Mixed),21,down_proj,mlp,model.layers.21.mlp.down_proj.weight,9.390981919055381,9.38827628070219,-0.0027056383531913752,-0.00012514272954217118
adamw_sft_mixed,AdamW + SFT (Mixed),21,gate_proj,mlp,model.layers.21.mlp.gate_proj.weight,17.629945642520745,17.62981657107785,-0.00012907144289542316,-3.179545856331152e-06
adamw_sft_mixed,AdamW + SFT (Mixed),21,up_proj,mlp,model.layers.21.mlp.up_proj.weight,8.16699577216017,8.167129732755024,0.0001339605948533773,7.123533747934067e-06
adamw_sft_mixed,AdamW + SFT (Mixed),21,k_proj,attn,model.layers.21.self_attn.k_proj.weight,29.992183020775197,30.021878301733466,0.029695280958268455,0.00042978253519393287
adamw_sft_mixed,AdamW + SFT (Mixed),21,o_proj,attn,model.layers.21.self_attn.o_proj.weight,298850.6543733745,98871.43915743942,-199979.21521593505,-0.4803833553907099
adamw_sft_mixed,AdamW + SFT (Mixed),21,q_proj,attn,model.layers.21.self_attn.q_proj.weight,14032.644030663625,14326.126951904977,293.4829212413515,0.008989286867496402
adamw_sft_mixed,AdamW + SFT (Mixed),21,v_proj,attn,model.layers.21.self_attn.v_proj.weight,4.366601968716395,4.3638879837813915,-0.0027139849350037437,-0.00027001204413977737
adamw_sft_mixed,AdamW + SFT (Mixed),22,down_proj,mlp,model.layers.22.mlp.down_proj.weight,9.904782336268656,9.903868513536652,-0.0009138227320040215,-4.007018683281601e-05
adamw_sft_mixed,AdamW + SFT (Mixed),22,gate_proj,mlp,model.layers.22.mlp.gate_proj.weight,22.904187063530273,22.903741524543506,-0.00044553898676724657,-8.448106229477412e-06
adamw_sft_mixed,AdamW + SFT (Mixed),22,up_proj,mlp,model.layers.22.mlp.up_proj.weight,12.79968858450657,12.799388807193228,-0.0002997773133426307,-1.0171587905191809e-05
adamw_sft_mixed,AdamW + SFT (Mixed),22,k_proj,attn,model.layers.22.self_attn.k_proj.weight,20.39377999771742,20.39591441622931,0.0021344185118898906,4.545099912861355e-05
adamw_sft_mixed,AdamW + SFT (Mixed),22,o_proj,attn,model.layers.22.self_attn.o_proj.weight,35374.77308841131,31770.490260239025,-3604.282828172287,-0.04666974614699488
adamw_sft_mixed,AdamW + SFT (Mixed),22,q_proj,attn,model.layers.22.self_attn.q_proj.weight,47977.340735145204,53379.67141603093,5402.330680885723,0.04633972368182493
adamw_sft_mixed,AdamW + SFT (Mixed),22,v_proj,attn,model.layers.22.self_attn.v_proj.weight,5.233505964972921,5.232981668611821,-0.000524296361100518,-4.3510110491665806e-05
adamw_sft_mixed,AdamW + SFT (Mixed),23,down_proj,mlp,model.layers.23.mlp.down_proj.weight,11.80645745879601,11.80528034446511,-0.001177114330898732,-4.330170554673785e-05
adamw_sft_mixed,AdamW + SFT (Mixed),23,gate_proj,mlp,model.layers.23.mlp.gate_proj.weight,19.84423847022627,19.843989826204464,-0.00024864402180568845,-5.441650144912571e-06
adamw_sft_mixed,AdamW + SFT (Mixed),23,up_proj,mlp,model.layers.23.mlp.up_proj.weight,10.79189058648552,10.79274953488896,0.0008589484034402517,3.456500084813992e-05
adamw_sft_mixed,AdamW + SFT (Mixed),23,k_proj,attn,model.layers.23.self_attn.k_proj.weight,16.001526800630636,15.994285731440925,-0.007241069189710458,-0.0001965730010893135
adamw_sft_mixed,AdamW + SFT (Mixed),23,o_proj,attn,model.layers.23.self_attn.o_proj.weight,13053.866526333686,11234.456697366919,-1819.4098289667672,-0.06518709317674787
adamw_sft_mixed,AdamW + SFT (Mixed),23,q_proj,attn,model.layers.23.self_attn.q_proj.weight,764874.9518123881,1582511.0057844021,817636.053972014,0.31575630021506795
adamw_sft_mixed,AdamW + SFT (Mixed),23,v_proj,attn,model.layers.23.self_attn.v_proj.weight,4.042193780833294,4.042321335094492,0.00012755426119781532,1.3704250902307614e-05
adamw_sft_mixed,AdamW + SFT (Mixed),24,down_proj,mlp,model.layers.24.mlp.down_proj.weight,10.013056479364716,10.010204636987046,-0.0028518423776695556,-0.000123710059920558
adamw_sft_mixed,AdamW + SFT (Mixed),24,gate_proj,mlp,model.layers.24.mlp.gate_proj.weight,21.0475855955308,21.048517676987508,0.000932081456706868,1.923208097329158e-05
adamw_sft_mixed,AdamW + SFT (Mixed),24,up_proj,mlp,model.layers.24.mlp.up_proj.weight,13.895235392599337,13.895018815281517,-0.00021657731782021017,-6.769159672513422e-06
adamw_sft_mixed,AdamW + SFT (Mixed),24,k_proj,attn,model.layers.24.self_attn.k_proj.weight,31.211181081905732,31.236064912362753,0.02488383045702136,0.0003461132882972055
adamw_sft_mixed,AdamW + SFT (Mixed),24,o_proj,attn,model.layers.24.self_attn.o_proj.weight,13596.107700858232,13145.395872283543,-450.7118285746892,-0.014640926791484826
adamw_sft_mixed,AdamW + SFT (Mixed),24,q_proj,attn,model.layers.24.self_attn.q_proj.weight,119825.2524376554,96737.63759112117,-23087.61484653424,-0.09295287522895383
adamw_sft_mixed,AdamW + SFT (Mixed),24,v_proj,attn,model.layers.24.self_attn.v_proj.weight,3.6003445004354857,3.598158847662698,-0.002185652772787705,-0.0002637262002518996
adamw_sft_mixed,AdamW + SFT (Mixed),25,down_proj,mlp,model.layers.25.mlp.down_proj.weight,9.428473935149443,9.427719862807992,-0.0007540723414507511,-3.4735478488555674e-05
adamw_sft_mixed,AdamW + SFT (Mixed),25,gate_proj,mlp,model.layers.25.mlp.gate_proj.weight,21.338091581274373,21.338791521771903,0.0006999404975296386,1.424566527176883e-05
adamw_sft_mixed,AdamW + SFT (Mixed),25,up_proj,mlp,model.layers.25.mlp.up_proj.weight,18.112209505291784,18.11111236820604,-0.0010971370857433271,-2.630794514315286e-05
adamw_sft_mixed,AdamW + SFT (Mixed),25,k_proj,attn,model.layers.25.self_attn.k_proj.weight,22.462953951457504,22.419836205678212,-0.04311774577929128,-0.000834431404961581
adamw_sft_mixed,AdamW + SFT (Mixed),25,o_proj,attn,model.layers.25.self_attn.o_proj.weight,16296.613319126418,15232.139730425426,-1064.473588700992,-0.02933644585490478
adamw_sft_mixed,AdamW + SFT (Mixed),25,q_proj,attn,model.layers.25.self_attn.q_proj.weight,24555.210708810777,21932.534316364196,-2622.6763924465813,-0.04905484763169259
adamw_sft_mixed,AdamW + SFT (Mixed),25,v_proj,attn,model.layers.25.self_attn.v_proj.weight,4.337190824833435,4.337215203654393,2.4378820958403935e-05,2.4411094852991113e-06
adamw_sft_mixed,AdamW + SFT (Mixed),26,down_proj,mlp,model.layers.26.mlp.down_proj.weight,8.741682232718533,8.74106368421583,-0.0006185485027039306,-3.073112231935802e-05
adamw_sft_mixed,AdamW + SFT (Mixed),26,gate_proj,mlp,model.layers.26.mlp.gate_proj.weight,20.0336868429297,20.03332948406482,-0.00035735886488197366,-7.746969817514665e-06
adamw_sft_mixed,AdamW + SFT (Mixed),26,up_proj,mlp,model.layers.26.mlp.up_proj.weight,18.54966977174175,18.54952592207582,-0.0001438496659318389,-3.367895986427634e-06
adamw_sft_mixed,AdamW + SFT (Mixed),26,k_proj,attn,model.layers.26.self_attn.k_proj.weight,18.924022446774764,18.94078701215941,0.016764565384647767,0.00038456597658007187
adamw_sft_mixed,AdamW + SFT (Mixed),26,o_proj,attn,model.layers.26.self_attn.o_proj.weight,32723.99759321507,31279.284504030635,-1444.7130891844354,-0.019609541787355817
adamw_sft_mixed,AdamW + SFT (Mixed),26,q_proj,attn,model.layers.26.self_attn.q_proj.weight,48120.87790718429,56586.42069334489,8465.5427861606,0.0703786821064868
adamw_sft_mixed,AdamW + SFT (Mixed),26,v_proj,attn,model.layers.26.self_attn.v_proj.weight,4.835564685889436,4.834094104037264,-0.0014705818521720815,-0.0001320968200397248
adamw_sft_mixed,AdamW + SFT (Mixed),27,down_proj,mlp,model.layers.27.mlp.down_proj.weight,11.983131396493501,11.983994395020828,0.0008629985273262974,3.127579850255225e-05
adamw_sft_mixed,AdamW + SFT (Mixed),27,gate_proj,mlp,model.layers.27.mlp.gate_proj.weight,34.01131673372879,34.0112946708022,-2.206292658968323e-05,-2.817241818650425e-07
adamw_sft_mixed,AdamW + SFT (Mixed),27,up_proj,mlp,model.layers.27.mlp.up_proj.weight,27.05991417573715,27.05740348540271,-0.0025106903344394027,-4.0296858969401936e-05
adamw_sft_mixed,AdamW + SFT (Mixed),27,k_proj,attn,model.layers.27.self_attn.k_proj.weight,16.960271595775623,16.947920134174627,-0.012351461600996316,-0.0003163938612076428
adamw_sft_mixed,AdamW + SFT (Mixed),27,o_proj,attn,model.layers.27.self_attn.o_proj.weight,99634.79632267175,120614.73348795202,20979.937165280266,0.08298932421216351
adamw_sft_mixed,AdamW + SFT (Mixed),27,q_proj,attn,model.layers.27.self_attn.q_proj.weight,91711.44628086085,58784.809957462676,-32926.636323398176,-0.19315842375612507
adamw_sft_mixed,AdamW + SFT (Mixed),27,v_proj,attn,model.layers.27.self_attn.v_proj.weight,7.853791579470053,7.853311382326199,-0.00048019714385372225,-2.655447925354928e-05
adamw_sft_mixed,AdamW + SFT (Mixed),3,down_proj,mlp,model.layers.3.mlp.down_proj.weight,10.758270959803003,10.756945200774839,-0.0013257590281643417,-5.3522105164690494e-05
adamw_sft_mixed,AdamW + SFT (Mixed),3,gate_proj,mlp,model.layers.3.mlp.gate_proj.weight,13.999766940935217,14.000099883717748,0.00033294278253137577,1.0328278641799726e-05
adamw_sft_mixed,AdamW + SFT (Mixed),3,up_proj,mlp,model.layers.3.mlp.up_proj.weight,7.592358408260811,7.592956239053333,0.0005978307925218473,3.4195486951494136e-05
adamw_sft_mixed,AdamW + SFT (Mixed),3,k_proj,attn,model.layers.3.self_attn.k_proj.weight,15.502942945207748,15.48090971638003,-0.022033228827718077,-0.0006176708504184344
adamw_sft_mixed,AdamW + SFT (Mixed),3,o_proj,attn,model.layers.3.self_attn.o_proj.weight,16528.241725287102,18135.136191880283,1606.8944665931813,0.040294165636325506
adamw_sft_mixed,AdamW + SFT (Mixed),3,q_proj,attn,model.layers.3.self_attn.q_proj.weight,75355.26316454641,113686.60591654314,38331.34275199672,0.17859571005971084
adamw_sft_mixed,AdamW + SFT (Mixed),3,v_proj,attn,model.layers.3.self_attn.v_proj.weight,3.891617107326821,3.890769149938026,-0.0008479573887947289,-9.464017953519327e-05
adamw_sft_mixed,AdamW + SFT (Mixed),4,down_proj,mlp,model.layers.4.mlp.down_proj.weight,11.15720155550664,11.159011536873644,0.0018099813670033882,7.044787738018632e-05
adamw_sft_mixed,AdamW + SFT (Mixed),4,gate_proj,mlp,model.layers.4.mlp.gate_proj.weight,17.495981170242754,17.495751222354237,-0.00022994788851704584,-5.707925403009711e-06
adamw_sft_mixed,AdamW + SFT (Mixed),4,up_proj,mlp,model.layers.4.mlp.up_proj.weight,8.782003015120793,8.780301341746133,-0.0017016733746597623,-8.416063677205018e-05
adamw_sft_mixed,AdamW + SFT (Mixed),4,k_proj,attn,model.layers.4.self_attn.k_proj.weight,23.93670634239095,23.950703285278838,0.013996942887889219,0.0002538786407574788
adamw_sft_mixed,AdamW + SFT (Mixed),4,o_proj,attn,model.layers.4.self_attn.o_proj.weight,8582.208719375358,8911.634578857314,329.42585948195665,0.016358297600747744
adamw_sft_mixed,AdamW + SFT (Mixed),4,q_proj,attn,model.layers.4.self_attn.q_proj.weight,19385.367499083055,18528.769828181146,-856.5976709019087,-0.01962745221216346
adamw_sft_mixed,AdamW + SFT (Mixed),4,v_proj,attn,model.layers.4.self_attn.v_proj.weight,3.7875720759658726,3.787493312714665,-7.876325120781402e-05,-9.03132676022793e-06
adamw_sft_mixed,AdamW + SFT (Mixed),5,down_proj,mlp,model.layers.5.mlp.down_proj.weight,12.388049471794826,12.38994442171165,0.0018949499168243733,6.642719321844062e-05
adamw_sft_mixed,AdamW + SFT (Mixed),5,gate_proj,mlp,model.layers.5.mlp.gate_proj.weight,20.634483011844836,20.63518430083474,0.00070128898990518,1.4759796160100224e-05
adamw_sft_mixed,AdamW + SFT (Mixed),5,up_proj,mlp,model.layers.5.mlp.up_proj.weight,8.094579137228608,8.094251252702337,-0.0003278845262713048,-1.7592183876247037e-05
adamw_sft_mixed,AdamW + SFT (Mixed),5,k_proj,attn,model.layers.5.self_attn.k_proj.weight,22.35050954040556,22.35665746508663,0.0061479246810698385,0.00011944437367938793
adamw_sft_mixed,AdamW + SFT (Mixed),5,o_proj,attn,model.layers.5.self_attn.o_proj.weight,14934.50156341116,13389.25448055455,-1545.247082856611,-0.04743433669174602
adamw_sft_mixed,AdamW + SFT (Mixed),5,q_proj,attn,model.layers.5.self_attn.q_proj.weight,14969.234018258956,15074.404323502355,105.17030524339862,0.0030405817882103625
adamw_sft_mixed,AdamW + SFT (Mixed),5,v_proj,attn,model.layers.5.self_attn.v_proj.weight,3.3558693468749854,3.3555764468672327,-0.00029290000775272773,-3.790684186582529e-05
adamw_sft_mixed,AdamW + SFT (Mixed),6,down_proj,mlp,model.layers.6.mlp.down_proj.weight,9.162314837809912,9.162830943312164,0.0005161055022515626,2.446275456076011e-05
adamw_sft_mixed,AdamW + SFT (Mixed),6,gate_proj,mlp,model.layers.6.mlp.gate_proj.weight,19.228406692239826,19.22619675104019,-0.0022099411996343576,-4.991679452911329e-05
adamw_sft_mixed,AdamW + SFT (Mixed),6,up_proj,mlp,model.layers.6.mlp.up_proj.weight,7.421489572866498,7.420463984142838,-0.0010255887236594319,-6.002006708692684e-05
adamw_sft_mixed,AdamW + SFT (Mixed),6,k_proj,attn,model.layers.6.self_attn.k_proj.weight,22.193674123897594,22.208828493951273,0.015154370053679145,0.0002964454325116315
adamw_sft_mixed,AdamW + SFT (Mixed),6,o_proj,attn,model.layers.6.self_attn.o_proj.weight,70513.61868597266,207174.15070567044,136660.53201969777,0.4680625643703792
adamw_sft_mixed,AdamW + SFT (Mixed),6,q_proj,attn,model.layers.6.self_attn.q_proj.weight,18604.75910456698,15978.310394769775,-2626.448709797205,-0.06609319761319801
adamw_sft_mixed,AdamW + SFT (Mixed),6,v_proj,attn,model.layers.6.self_attn.v_proj.weight,3.2802787964379356,3.280165833365139,-0.00011296307279673456,-1.4956071409063896e-05
adamw_sft_mixed,AdamW + SFT (Mixed),7,down_proj,mlp,model.layers.7.mlp.down_proj.weight,7.967968298583799,7.968275031742024,0.00030673315822493663,1.6718183236667808e-05
adamw_sft_mixed,AdamW + SFT (Mixed),7,gate_proj,mlp,model.layers.7.mlp.gate_proj.weight,16.82272426896548,16.823104273752502,0.000380004787022159,9.810070921428843e-06
adamw_sft_mixed,AdamW + SFT (Mixed),7,up_proj,mlp,model.layers.7.mlp.up_proj.weight,8.451906164480205,8.451235786036591,-0.0006703784436137283,-3.444822978512834e-05
adamw_sft_mixed,AdamW + SFT (Mixed),7,k_proj,attn,model.layers.7.self_attn.k_proj.weight,30.442592542837964,30.472408562237096,0.029816019399131477,0.000425147615416735
adamw_sft_mixed,AdamW + SFT (Mixed),7,o_proj,attn,model.layers.7.self_attn.o_proj.weight,9457.463639954845,10684.458751452348,1226.9951114975029,0.05297784647616431
adamw_sft_mixed,AdamW + SFT (Mixed),7,q_proj,attn,model.layers.7.self_attn.q_proj.weight,9030.470682093728,9053.736785645935,23.266103552206914,0.0011174773327521168
adamw_sft_mixed,AdamW + SFT (Mixed),7,v_proj,attn,model.layers.7.self_attn.v_proj.weight,4.6148320901395445,4.613768726903068,-0.001063363236476711,-0.00010008294801342313
adamw_sft_mixed,AdamW + SFT (Mixed),8,down_proj,mlp,model.layers.8.mlp.down_proj.weight,8.059006885143106,8.060159993715347,0.0011531085722413792,6.213580324310415e-05
adamw_sft_mixed,AdamW + SFT (Mixed),8,gate_proj,mlp,model.layers.8.mlp.gate_proj.weight,15.70276662952571,15.703357428857876,0.000590799332165659,1.6339545078852043e-05
adamw_sft_mixed,AdamW + SFT (Mixed),8,up_proj,mlp,model.layers.8.mlp.up_proj.weight,11.03707620181019,11.037066454038797,-9.747771393620042e-06,-3.835621970261668e-07
adamw_sft_mixed,AdamW + SFT (Mixed),8,k_proj,attn,model.layers.8.self_attn.k_proj.weight,26.24428190856445,26.231427735820148,-0.01285417274430145,-0.00021276497037457426
adamw_sft_mixed,AdamW + SFT (Mixed),8,o_proj,attn,model.layers.8.self_attn.o_proj.weight,8728.55329977634,8531.490898253549,-197.06240152279133,-0.009917336430415449
adamw_sft_mixed,AdamW + SFT (Mixed),8,q_proj,attn,model.layers.8.self_attn.q_proj.weight,20459.276858621644,22764.63200052038,2305.355141898737,0.04637035482098772
adamw_sft_mixed,AdamW + SFT (Mixed),8,v_proj,attn,model.layers.8.self_attn.v_proj.weight,2.614956506444022,2.6150112125895575,5.4706145535377004e-05,9.085554026098944e-06
adamw_sft_mixed,AdamW + SFT (Mixed),9,down_proj,mlp,model.layers.9.mlp.down_proj.weight,11.96143651469935,11.961533997329267,9.748262991671197e-05,3.5393738610788044e-06
adamw_sft_mixed,AdamW + SFT (Mixed),9,gate_proj,mlp,model.layers.9.mlp.gate_proj.weight,17.04541620966512,17.045288167724273,-0.00012804194084736764,-3.2623502140953733e-06
adamw_sft_mixed,AdamW + SFT (Mixed),9,up_proj,mlp,model.layers.9.mlp.up_proj.weight,8.607523542303687,8.607101653480944,-0.0004218888227427442,-2.128701445969598e-05
adamw_sft_mixed,AdamW + SFT (Mixed),9,k_proj,attn,model.layers.9.self_attn.k_proj.weight,29.979145885547403,29.98599088256732,0.006844997019918253,9.914909254029168e-05
adamw_sft_mixed,AdamW + SFT (Mixed),9,o_proj,attn,model.layers.9.self_attn.o_proj.weight,26480.436490575365,21844.218349295243,-4636.218141280122,-0.08358863054141437
adamw_sft_mixed,AdamW + SFT (Mixed),9,q_proj,attn,model.layers.9.self_attn.q_proj.weight,35295.52653603585,36690.495360025365,1394.9688239895113,0.016833910172070515
adamw_sft_mixed,AdamW + SFT (Mixed),9,v_proj,attn,model.layers.9.self_attn.v_proj.weight,3.911800039733773,3.9117759948067916,-2.404492698149241e-05,-2.669515592296342e-06
muon_sft_fp32,Muon + SFT (FP32),-1,embed,embed,model.embed_tokens.weight,69.18641058154057,69.24287902444597,0.05646844290539832,0.0003543171331089195
muon_sft_fp32,Muon + SFT (FP32),0,down_proj,mlp,model.layers.0.mlp.down_proj.weight,10.546793843948734,10.548386209995483,0.0015923660467489498,6.556528902032113e-05
muon_sft_fp32,Muon + SFT (FP32),0,gate_proj,mlp,model.layers.0.mlp.gate_proj.weight,50.790417231602824,50.78545202057177,-0.0049652110310560715,-4.245818952604062e-05
muon_sft_fp32,Muon + SFT (FP32),0,up_proj,mlp,model.layers.0.mlp.up_proj.weight,30.557746350661454,30.564908065265595,0.007161714604141167,0.00010177218831541827
muon_sft_fp32,Muon + SFT (FP32),0,k_proj,attn,model.layers.0.self_attn.k_proj.weight,18.73935745084044,18.744256367734085,0.004898916893644412,0.00011352014224799242
muon_sft_fp32,Muon + SFT (FP32),0,o_proj,attn,model.layers.0.self_attn.o_proj.weight,38555.79005042446,35157.776849039044,-3398.0132013854163,-0.04006820143322975
muon_sft_fp32,Muon + SFT (FP32),0,q_proj,attn,model.layers.0.self_attn.q_proj.weight,184976.8751259078,186454.06475892427,1477.1896330164745,0.0034544170655371456
muon_sft_fp32,Muon + SFT (FP32),0,v_proj,attn,model.layers.0.self_attn.v_proj.weight,7.7755061789352835,7.774516761408584,-0.0009894175266991212,-5.5266615923608396e-05
muon_sft_fp32,Muon + SFT (FP32),1,down_proj,mlp,model.layers.1.mlp.down_proj.weight,8.998430005007657,8.999385661492873,0.0009556564852157834,4.6120745562084555e-05
muon_sft_fp32,Muon + SFT (FP32),1,gate_proj,mlp,model.layers.1.mlp.gate_proj.weight,33.91668364456576,33.91763681671284,0.000953172147085013,1.220495468943487e-05
muon_sft_fp32,Muon + SFT (FP32),1,up_proj,mlp,model.layers.1.mlp.up_proj.weight,37.735381088331756,37.735308280908164,-7.280742359228043e-05,-8.379375509082621e-07
muon_sft_fp32,Muon + SFT (FP32),1,k_proj,attn,model.layers.1.self_attn.k_proj.weight,30.087513316132128,30.092396594323723,0.004883278191595508,7.048135432637131e-05
muon_sft_fp32,Muon + SFT (FP32),1,o_proj,attn,model.layers.1.self_attn.o_proj.weight,49034.98587834326,67176.43913455316,18141.453256209905,0.1367109246211383
muon_sft_fp32,Muon + SFT (FP32),1,q_proj,attn,model.layers.1.self_attn.q_proj.weight,1074758.1049613138,1316986.0718133703,242227.96685205656,0.08827045307161198
muon_sft_fp32,Muon + SFT (FP32),1,v_proj,attn,model.layers.1.self_attn.v_proj.weight,3.341969736117407,3.3418187602502067,-0.00015097586720047573,-1.9620006250186507e-05
muon_sft_fp32,Muon + SFT (FP32),10,down_proj,mlp,model.layers.10.mlp.down_proj.weight,13.491719978091211,13.491774507120684,5.4529029473116e-05,1.7552698088994786e-06
muon_sft_fp32,Muon + SFT (FP32),10,gate_proj,mlp,model.layers.10.mlp.gate_proj.weight,16.210019773701827,16.209743230146124,-0.0002765435557030571,-7.409143628640813e-06
muon_sft_fp32,Muon + SFT (FP32),10,up_proj,mlp,model.layers.10.mlp.up_proj.weight,8.538043575643336,8.537454418540351,-0.0005891571029845721,-2.9968985851998908e-05
muon_sft_fp32,Muon + SFT (FP32),10,k_proj,attn,model.layers.10.self_attn.k_proj.weight,24.034098760920294,24.037794718555062,0.0036959576347683765,6.678056107672713e-05
muon_sft_fp32,Muon + SFT (FP32),10,o_proj,attn,model.layers.10.self_attn.o_proj.weight,15508.710116684786,16051.590063570624,542.8799468858379,0.014942381520985804
muon_sft_fp32,Muon + SFT (FP32),10,q_proj,attn,model.layers.10.self_attn.q_proj.weight,12813.850813777506,12486.721177477864,-327.1296362996418,-0.011231249141789343
muon_sft_fp32,Muon + SFT (FP32),10,v_proj,attn,model.layers.10.self_attn.v_proj.weight,3.2994636012714755,3.2993728014179595,-9.079985351601039e-05,-1.1951766322317214e-05
muon_sft_fp32,Muon + SFT (FP32),11,down_proj,mlp,model.layers.11.mlp.down_proj.weight,16.054627449194015,16.053893789130708,-0.0007336600633074397,-1.9846726342676536e-05
muon_sft_fp32,Muon + SFT (FP32),11,gate_proj,mlp,model.layers.11.mlp.gate_proj.weight,13.225697438590451,13.224388924013093,-0.0013085145773583662,-4.2970041996074224e-05
muon_sft_fp32,Muon + SFT (FP32),11,up_proj,mlp,model.layers.11.mlp.up_proj.weight,6.605510357941471,6.605353363252766,-0.00015699468870522537,-1.0322099816483525e-05
muon_sft_fp32,Muon + SFT (FP32),11,k_proj,attn,model.layers.11.self_attn.k_proj.weight,21.610944081803808,21.606532222840393,-0.004411858963415227,-8.866996285930806e-05
muon_sft_fp32,Muon + SFT (FP32),11,o_proj,attn,model.layers.11.self_attn.o_proj.weight,139258.46738802953,92447.05754397278,-46811.40984405675,-0.17792851847843472
muon_sft_fp32,Muon + SFT (FP32),11,q_proj,attn,model.layers.11.self_attn.q_proj.weight,28543.812668067454,25998.192814709622,-2545.6198533578317,-0.040568822087422046
muon_sft_fp32,Muon + SFT (FP32),11,v_proj,attn,model.layers.11.self_attn.v_proj.weight,2.8678401021237847,2.8678990692087822,5.8967084997529895e-05,8.929652783823367e-06
muon_sft_fp32,Muon + SFT (FP32),12,down_proj,mlp,model.layers.12.mlp.down_proj.weight,14.145448240851502,14.14541209604122,-3.614481028257899e-05,-1.1097217594891173e-06
muon_sft_fp32,Muon + SFT (FP32),12,gate_proj,mlp,model.layers.12.mlp.gate_proj.weight,18.888272791501652,18.887676305191455,-0.000596486310197264,-1.3715113412939603e-05
muon_sft_fp32,Muon + SFT (FP32),12,up_proj,mlp,model.layers.12.mlp.up_proj.weight,8.061255117094625,8.060996458351411,-0.00025865874321340243,-1.3935282470614613e-05
muon_sft_fp32,Muon + SFT (FP32),12,k_proj,attn,model.layers.12.self_attn.k_proj.weight,20.867707840632306,20.875012350055485,0.007304509423178729,0.00015199336092062673
muon_sft_fp32,Muon + SFT (FP32),12,o_proj,attn,model.layers.12.self_attn.o_proj.weight,102000.14319866779,67031.75735122779,-34968.385847440004,-0.18232017616167487
muon_sft_fp32,Muon + SFT (FP32),12,q_proj,attn,model.layers.12.self_attn.q_proj.weight,14798.684955393119,16228.841620426274,1430.1566650331552,0.04006439721288049
muon_sft_fp32,Muon + SFT (FP32),12,v_proj,attn,model.layers.12.self_attn.v_proj.weight,2.550671517667282,2.5508536300774236,0.00018211241014176593,3.1006576485952394e-05
muon_sft_fp32,Muon + SFT (FP32),13,down_proj,mlp,model.layers.13.mlp.down_proj.weight,30.005646690345184,30.001950805875854,-0.003695884469330224,-5.349663375252805e-05
muon_sft_fp32,Muon + SFT (FP32),13,gate_proj,mlp,model.layers.13.mlp.gate_proj.weight,12.316046719506732,12.316156952274993,0.00011023276826094275,3.887064561430722e-06
muon_sft_fp32,Muon + SFT (FP32),13,up_proj,mlp,model.layers.13.mlp.up_proj.weight,6.311217662216599,6.310243159427629,-0.0009745027889698221,-6.706374019150565e-05
muon_sft_fp32,Muon + SFT (FP32),13,k_proj,attn,model.layers.13.self_attn.k_proj.weight,41.906820743475016,41.92095861494281,0.014137871467795549,0.00014649080936010532
muon_sft_fp32,Muon + SFT (FP32),13,o_proj,attn,model.layers.13.self_attn.o_proj.weight,9641.296136551193,10155.909523317112,514.6133867659191,0.02258340058088309
muon_sft_fp32,Muon + SFT (FP32),13,q_proj,attn,model.layers.13.self_attn.q_proj.weight,57124.68510683214,86841.28469853503,29716.599591702892,0.181902420538488
muon_sft_fp32,Muon + SFT (FP32),13,v_proj,attn,model.layers.13.self_attn.v_proj.weight,3.7001013163270056,3.7002380236527723,0.0001367073257667606,1.6045544533929042e-05
muon_sft_fp32,Muon + SFT (FP32),14,down_proj,mlp,model.layers.14.mlp.down_proj.weight,12.14858893422566,12.149323000390801,0.0007340661651404901,2.6241010818326417e-05
muon_sft_fp32,Muon + SFT (FP32),14,gate_proj,mlp,model.layers.14.mlp.gate_proj.weight,13.416229041756727,13.41594239143757,-0.00028665031915764416,-9.279208144654904e-06
muon_sft_fp32,Muon + SFT (FP32),14,up_proj,mlp,model.layers.14.mlp.up_proj.weight,6.92702720942221,6.9266985961992384,-0.00032861322297161877,-2.060310871545621e-05
muon_sft_fp32,Muon + SFT (FP32),14,k_proj,attn,model.layers.14.self_attn.k_proj.weight,23.136335100841148,23.138123645483734,0.001788544642586487,3.357165444370212e-05
muon_sft_fp32,Muon + SFT (FP32),14,o_proj,attn,model.layers.14.self_attn.o_proj.weight,6453.263467239998,6488.1414891010645,34.87802186106637,0.0023409157134033666
muon_sft_fp32,Muon + SFT (FP32),14,q_proj,attn,model.layers.14.self_attn.q_proj.weight,12016.462412922161,12153.623051703276,137.16063878111527,0.0049291301091758145
muon_sft_fp32,Muon + SFT (FP32),14,v_proj,attn,model.layers.14.self_attn.v_proj.weight,6.809948120874071,6.809593488801278,-0.0003546320727929597,-2.2616730690162627e-05
muon_sft_fp32,Muon + SFT (FP32),15,down_proj,mlp,model.layers.15.mlp.down_proj.weight,12.83113835849419,12.831392860572247,0.00025450207805732816,8.614025420395036e-06
muon_sft_fp32,Muon + SFT (FP32),15,gate_proj,mlp,model.layers.15.mlp.gate_proj.weight,16.831657108500657,16.83256254394373,0.0009054354430730882,2.3361635635762797e-05
muon_sft_fp32,Muon + SFT (FP32),15,up_proj,mlp,model.layers.15.mlp.up_proj.weight,9.399973299687645,9.400340492276927,0.00036719258928208376,1.6964580177353516e-05
muon_sft_fp32,Muon + SFT (FP32),15,k_proj,attn,model.layers.15.self_attn.k_proj.weight,25.442585553328566,25.445477210852342,0.002891657523775848,4.935660110709719e-05
muon_sft_fp32,Muon + SFT (FP32),15,o_proj,attn,model.layers.15.self_attn.o_proj.weight,29248.74824238646,28332.00473691317,-916.7435054732887,-0.013829978593421876
muon_sft_fp32,Muon + SFT (FP32),15,q_proj,attn,model.layers.15.self_attn.q_proj.weight,23869.157071525828,24243.594812623956,374.43774109812875,0.0067599345955709446
muon_sft_fp32,Muon + SFT (FP32),15,v_proj,attn,model.layers.15.self_attn.v_proj.weight,3.3575600712900404,3.3576007724851715,4.070119513110981e-05,5.2645959981590665e-06
muon_sft_fp32,Muon + SFT (FP32),16,down_proj,mlp,model.layers.16.mlp.down_proj.weight,9.686499227673869,9.68697182408835,0.0004725964144807193,2.1188357467690784e-05
muon_sft_fp32,Muon + SFT (FP32),16,gate_proj,mlp,model.layers.16.mlp.gate_proj.weight,12.919883539201004,12.918516831275237,-0.0013667079257668746,-4.594353385483052e-05
muon_sft_fp32,Muon + SFT (FP32),16,up_proj,mlp,model.layers.16.mlp.up_proj.weight,6.159145316251316,6.158542525886584,-0.0006027903647325417,-4.2506115224180053e-05
muon_sft_fp32,Muon + SFT (FP32),16,k_proj,attn,model.layers.16.self_attn.k_proj.weight,20.671141321487564,20.668622726621418,-0.002518594866145918,-5.2918146924976834e-05
muon_sft_fp32,Muon + SFT (FP32),16,o_proj,attn,model.layers.16.self_attn.o_proj.weight,41529.00729033527,43271.02634368544,1742.0190533501664,0.017845646477968765
muon_sft_fp32,Muon + SFT (FP32),16,q_proj,attn,model.layers.16.self_attn.q_proj.weight,103943.38985456145,98998.2368200418,-4945.153034519652,-0.02116941636176355
muon_sft_fp32,Muon + SFT (FP32),16,v_proj,attn,model.layers.16.self_attn.v_proj.weight,2.78870242790059,2.7888458198750414,0.0001433919744515677,2.233036470533556e-05
muon_sft_fp32,Muon + SFT (FP32),17,down_proj,mlp,model.layers.17.mlp.down_proj.weight,6.7996349709306605,6.799600785215839,-3.41857148216107e-05,-2.1834561255173143e-06
muon_sft_fp32,Muon + SFT (FP32),17,gate_proj,mlp,model.layers.17.mlp.gate_proj.weight,17.968770886906377,17.96799474600391,-0.0007761409024666932,-1.875926813315115e-05
muon_sft_fp32,Muon + SFT (FP32),17,up_proj,mlp,model.layers.17.mlp.up_proj.weight,12.572357420855843,12.572276660743558,-8.076011228475011e-05,-2.789753949866443e-06
muon_sft_fp32,Muon + SFT (FP32),17,k_proj,attn,model.layers.17.self_attn.k_proj.weight,15.488632202364206,15.486443508310575,-0.0021886940536308686,-6.137436179507679e-05
muon_sft_fp32,Muon + SFT (FP32),17,o_proj,attn,model.layers.17.self_attn.o_proj.weight,57591.66094582242,51725.224991628704,-5866.435954193716,-0.0466572153679933
muon_sft_fp32,Muon + SFT (FP32),17,q_proj,attn,model.layers.17.self_attn.q_proj.weight,13024.993728263826,12709.560437186543,-315.4332910772828,-0.010646992204101006
muon_sft_fp32,Muon + SFT (FP32),17,v_proj,attn,model.layers.17.self_attn.v_proj.weight,4.045377579425002,4.04557206247593,0.00019448305092772955,2.087836894212866e-05
muon_sft_fp32,Muon + SFT (FP32),18,down_proj,mlp,model.layers.18.mlp.down_proj.weight,6.643981466821017,6.644090033418267,0.00010856659725000384,7.096571403125098e-06
muon_sft_fp32,Muon + SFT (FP32),18,gate_proj,mlp,model.layers.18.mlp.gate_proj.weight,18.455846043796296,18.456854608643084,0.0010085648467885733,2.3732435718230846e-05
muon_sft_fp32,Muon + SFT (FP32),18,up_proj,mlp,model.layers.18.mlp.up_proj.weight,10.672724442726581,10.671918521367877,-0.0008059213587046088,-3.27957885909207e-05
muon_sft_fp32,Muon + SFT (FP32),18,k_proj,attn,model.layers.18.self_attn.k_proj.weight,22.852605445749074,22.864398408259685,0.01179296251061146,0.00022405749395147597
muon_sft_fp32,Muon + SFT (FP32),18,o_proj,attn,model.layers.18.self_attn.o_proj.weight,21937.349567301397,20474.35231345305,-1462.9972538483453,-0.029973983539356274
muon_sft_fp32,Muon + SFT (FP32),18,q_proj,attn,model.layers.18.self_attn.q_proj.weight,33741.713223670544,39776.1241449588,6034.410921288254,0.0714553324737256
muon_sft_fp32,Muon + SFT (FP32),18,v_proj,attn,model.layers.18.self_attn.v_proj.weight,2.1434580875579408,2.1435258434414712,6.775588353047368e-05,1.3728069341944587e-05
muon_sft_fp32,Muon + SFT (FP32),19,down_proj,mlp,model.layers.19.mlp.down_proj.weight,7.114441587440737,7.114062177504887,-0.0003794099358502834,-2.3161344900396875e-05
muon_sft_fp32,Muon + SFT (FP32),19,gate_proj,mlp,model.layers.19.mlp.gate_proj.weight,18.805480505433707,18.805202416138734,-0.00027808929497297186,-6.422252238143985e-06
muon_sft_fp32,Muon + SFT (FP32),19,up_proj,mlp,model.layers.19.mlp.up_proj.weight,10.390484231630769,10.389975680557773,-0.0005085510729951892,-2.1256596412692e-05
muon_sft_fp32,Muon + SFT (FP32),19,k_proj,attn,model.layers.19.self_attn.k_proj.weight,22.401692950673606,22.394766113502058,-0.0069268371715480725,-0.0001343091506546228
muon_sft_fp32,Muon + SFT (FP32),19,o_proj,attn,model.layers.19.self_attn.o_proj.weight,24022.826455842358,23618.450052538275,-404.3764033040825,-0.007372710015639187
muon_sft_fp32,Muon + SFT (FP32),19,q_proj,attn,model.layers.19.self_attn.q_proj.weight,25682.89091427411,27123.11832068253,1440.2274064084195,0.023695711365973215
muon_sft_fp32,Muon + SFT (FP32),19,v_proj,attn,model.layers.19.self_attn.v_proj.weight,3.008918396896258,3.009027452509412,0.00010905561315377454,1.574033805015433e-05
muon_sft_fp32,Muon + SFT (FP32),2,down_proj,mlp,model.layers.2.mlp.down_proj.weight,13.20255066881167,13.20423384689885,0.001683178087180437,5.536417778377415e-05
muon_sft_fp32,Muon + SFT (FP32),2,gate_proj,mlp,model.layers.2.mlp.gate_proj.weight,17.38657445257771,17.38676769166262,0.0001932390849077592,4.82683935967452e-06
muon_sft_fp32,Muon + SFT (FP32),2,up_proj,mlp,model.layers.2.mlp.up_proj.weight,8.916099391549464,8.914675771145404,-0.0014236204040596334,-6.934869420765879e-05
muon_sft_fp32,Muon + SFT (FP32),2,k_proj,attn,model.layers.2.self_attn.k_proj.weight,17.246031056628958,17.24434770604905,-0.0016833505799063175,-4.239268426550994e-05
muon_sft_fp32,Muon + SFT (FP32),2,o_proj,attn,model.layers.2.self_attn.o_proj.weight,31093.030750193404,30194.7705503123,-898.2601998811042,-0.012731322602294148
muon_sft_fp32,Muon + SFT (FP32),2,q_proj,attn,model.layers.2.self_attn.q_proj.weight,24610.069351651575,23105.240848858983,-1504.8285027925922,-0.027402337594006926
muon_sft_fp32,Muon + SFT (FP32),2,v_proj,attn,model.layers.2.self_attn.v_proj.weight,3.1911166787384015,3.1912568294706696,0.00014015073226802954,1.9073371243507552e-05
muon_sft_fp32,Muon + SFT (FP32),20,down_proj,mlp,model.layers.20.mlp.down_proj.weight,7.516513788547348,7.516505369641557,-8.418905791174325e-06,-4.864338015219969e-07
muon_sft_fp32,Muon + SFT (FP32),20,gate_proj,mlp,model.layers.20.mlp.gate_proj.weight,19.204884886797178,19.205234442687757,0.00034955589057972247,7.904697879114575e-06
muon_sft_fp32,Muon + SFT (FP32),20,up_proj,mlp,model.layers.20.mlp.up_proj.weight,11.187456334212877,11.18856367743548,0.0011073432226034186,4.298468193111964e-05
muon_sft_fp32,Muon + SFT (FP32),20,k_proj,attn,model.layers.20.self_attn.k_proj.weight,22.072850031907265,22.081571193122965,0.00872116121569988,0.00017155936533367063
muon_sft_fp32,Muon + SFT (FP32),20,o_proj,attn,model.layers.20.self_attn.o_proj.weight,123534.76145527787,82152.98384697162,-41381.77760830625,-0.17716583904712938
muon_sft_fp32,Muon + SFT (FP32),20,q_proj,attn,model.layers.20.self_attn.q_proj.weight,9243.896257866112,8988.969287700489,-254.92697016562306,-0.012145166255560742
muon_sft_fp32,Muon + SFT (FP32),20,v_proj,attn,model.layers.20.self_attn.v_proj.weight,6.942409244310096,6.9426913684204745,0.0002821241103783123,1.7648405695202074e-05
muon_sft_fp32,Muon + SFT (FP32),21,down_proj,mlp,model.layers.21.mlp.down_proj.weight,9.390981919055381,9.389687148879508,-0.0012947701758729835,-5.9881950059561775e-05
muon_sft_fp32,Muon + SFT (FP32),21,gate_proj,mlp,model.layers.21.mlp.gate_proj.weight,17.629945642520745,17.629043697668873,-0.0009019448518721163,-2.221899603845646e-05
muon_sft_fp32,Muon + SFT (FP32),21,up_proj,mlp,model.layers.21.mlp.up_proj.weight,8.16699577216017,8.167340452269176,0.00034468010900567947,1.8328589215814335e-05
muon_sft_fp32,Muon + SFT (FP32),21,k_proj,attn,model.layers.21.self_attn.k_proj.weight,29.992183020775197,29.99581188750379,0.0036288667285937493,5.254373979734285e-05
muon_sft_fp32,Muon + SFT (FP32),21,o_proj,attn,model.layers.21.self_attn.o_proj.weight,298850.6543733745,160605.61815851703,-138245.03621485745,-0.26969347781658376
muon_sft_fp32,Muon + SFT (FP32),21,q_proj,attn,model.layers.21.self_attn.q_proj.weight,14032.644030663625,14356.245407891916,323.6013772282913,0.009901365121144718
muon_sft_fp32,Muon + SFT (FP32),21,v_proj,attn,model.layers.21.self_attn.v_proj.weight,4.366601968716395,4.365314420147287,-0.0012875485691079547,-0.00012807617890429215
muon_sft_fp32,Muon + SFT (FP32),22,down_proj,mlp,model.layers.22.mlp.down_proj.weight,9.904782336268656,9.904531425734403,-0.0002509105342536344,-1.1001800647203777e-05
muon_sft_fp32,Muon + SFT (FP32),22,gate_proj,mlp,model.layers.22.mlp.gate_proj.weight,22.904187063530273,22.90425312559301,6.606206273573889e-05,1.2526245901689305e-06
muon_sft_fp32,Muon + SFT (FP32),22,up_proj,mlp,model.layers.22.mlp.up_proj.weight,12.79968858450657,12.799775778605746,8.719409917468113e-05,2.95849284888345e-06
muon_sft_fp32,Muon + SFT (FP32),22,k_proj,attn,model.layers.22.self_attn.k_proj.weight,20.39377999771742,20.394937632156118,0.0011576344386980963,2.4651633007221437e-05
muon_sft_fp32,Muon + SFT (FP32),22,o_proj,attn,model.layers.22.self_attn.o_proj.weight,35374.77308841131,30860.960052708982,-4513.813035702329,-0.05928423036632484
muon_sft_fp32,Muon + SFT (FP32),22,q_proj,attn,model.layers.22.self_attn.q_proj.weight,47977.340735145204,53653.48022421301,5676.139489067806,0.048561725221869585
muon_sft_fp32,Muon + SFT (FP32),22,v_proj,attn,model.layers.22.self_attn.v_proj.weight,5.233505964972921,5.232960089728012,-0.000545875244909233,-4.530098423817658e-05
muon_sft_fp32,Muon + SFT (FP32),23,down_proj,mlp,model.layers.23.mlp.down_proj.weight,11.80645745879601,11.805813865658502,-0.0006435931375072812,-2.367488874226513e-05
muon_sft_fp32,Muon + SFT (FP32),23,gate_proj,mlp,model.layers.23.mlp.gate_proj.weight,19.84423847022627,19.843827921794876,-0.0004105484313932095,-8.985014112477826e-06
muon_sft_fp32,Muon + SFT (FP32),23,up_proj,mlp,model.layers.23.mlp.up_proj.weight,10.79189058648552,10.792524534498625,0.0006339480131050124,2.55110108326298e-05
muon_sft_fp32,Muon + SFT (FP32),23,k_proj,attn,model.layers.23.self_attn.k_proj.weight,16.001526800630636,15.996016289606137,-0.005510511024498399,-0.00014958551957050471
muon_sft_fp32,Muon + SFT (FP32),23,o_proj,attn,model.layers.23.self_attn.o_proj.weight,13053.866526333686,12907.113941257452,-146.75258507623403,-0.0049100238608476565
muon_sft_fp32,Muon + SFT (FP32),23,q_proj,attn,model.layers.23.self_attn.q_proj.weight,764874.9518123881,513304.5568226559,-251570.39498973225,-0.17321531914935043
muon_sft_fp32,Muon + SFT (FP32),23,v_proj,attn,model.layers.23.self_attn.v_proj.weight,4.042193780833294,4.042286229828555,9.244899526095196e-05,9.932633502201564e-06
muon_sft_fp32,Muon + SFT (FP32),24,down_proj,mlp,model.layers.24.mlp.down_proj.weight,10.013056479364716,10.01166124479437,-0.001395234570345849,-6.051947240300061e-05
muon_sft_fp32,Muon + SFT (FP32),24,gate_proj,mlp,model.layers.24.mlp.gate_proj.weight,21.0475855955308,21.047964698665012,0.00037910313421107844,7.822318421458228e-06
muon_sft_fp32,Muon + SFT (FP32),24,up_proj,mlp,model.layers.24.mlp.up_proj.weight,13.895235392599337,13.89495816870091,-0.00027722389842743667,-8.66469742840006e-06
muon_sft_fp32,Muon + SFT (FP32),24,k_proj,attn,model.layers.24.self_attn.k_proj.weight,31.211181081905732,31.21132809395362,0.00014701204788991618,2.0456249520759795e-06
muon_sft_fp32,Muon + SFT (FP32),24,o_proj,attn,model.layers.24.self_attn.o_proj.weight,13596.107700858232,15184.35731962929,1588.2496187710567,0.04798181889359429
muon_sft_fp32,Muon + SFT (FP32),24,q_proj,attn,model.layers.24.self_attn.q_proj.weight,119825.2524376554,132582.5305428632,12757.278105207806,0.043937951343707767
muon_sft_fp32,Muon + SFT (FP32),24,v_proj,attn,model.layers.24.self_attn.v_proj.weight,3.6003445004354857,3.5990562346183097,-0.0012882658171760042,-0.00015542592006903593
muon_sft_fp32,Muon + SFT (FP32),25,down_proj,mlp,model.layers.25.mlp.down_proj.weight,9.428473935149443,9.428214020029404,-0.00025991512003820105,-1.1972378465526435e-05
muon_sft_fp32,Muon + SFT (FP32),25,gate_proj,mlp,model.layers.25.mlp.gate_proj.weight,21.338091581274373,21.33947191313856,0.0013803318641869566,2.809300545468163e-05
muon_sft_fp32,Muon + SFT (FP32),25,up_proj,mlp,model.layers.25.mlp.up_proj.weight,18.112209505291784,18.11282180876725,0.0006123034754672574,1.4681561948970391e-05
muon_sft_fp32,Muon + SFT (FP32),25,k_proj,attn,model.layers.25.self_attn.k_proj.weight,22.462953951457504,22.457885453700182,-0.005068497757321211,-9.800442939328145e-05
muon_sft_fp32,Muon + SFT (FP32),25,o_proj,attn,model.layers.25.self_attn.o_proj.weight,16296.613319126418,16406.651845366792,110.03852624037427,0.002922601449939972
muon_sft_fp32,Muon + SFT (FP32),25,q_proj,attn,model.layers.25.self_attn.q_proj.weight,24555.210708810777,23949.275560933263,-605.9351478775134,-0.010851284152165425
muon_sft_fp32,Muon + SFT (FP32),25,v_proj,attn,model.layers.25.self_attn.v_proj.weight,4.337190824833435,4.337192418743982,1.5939105466600267e-06,1.5960248369697813e-07
muon_sft_fp32,Muon + SFT (FP32),26,down_proj,mlp,model.layers.26.mlp.down_proj.weight,8.741682232718533,8.741248542993276,-0.00043368972525748006,-2.1546622473351367e-05
muon_sft_fp32,Muon + SFT (FP32),26,gate_proj,mlp,model.layers.26.mlp.gate_proj.weight,20.0336868429297,20.034291643490768,0.0006048005610672647,1.3110796015444001e-05
muon_sft_fp32,Muon + SFT (FP32),26,up_proj,mlp,model.layers.26.mlp.up_proj.weight,18.54966977174175,18.549087821011646,-0.0005819507301048077,-1.3625145813197573e-05
muon_sft_fp32,Muon + SFT (FP32),26,k_proj,attn,model.layers.26.self_attn.k_proj.weight,18.924022446774764,18.927287106409754,0.003264659634989897,7.49154354246239e-05
muon_sft_fp32,Muon + SFT (FP32),26,o_proj,attn,model.layers.26.self_attn.o_proj.weight,32723.99759321507,32868.59908170724,144.60148849216785,0.0019148420232235979
muon_sft_fp32,Muon + SFT (FP32),26,q_proj,attn,model.layers.26.self_attn.q_proj.weight,48120.87790718429,54428.834273429944,6307.956366245657,0.053495491021108295
muon_sft_fp32,Muon + SFT (FP32),26,v_proj,attn,model.layers.26.self_attn.v_proj.weight,4.835564685889436,4.834377665335852,-0.001187020553583551,-0.00010662245134295673
muon_sft_fp32,Muon + SFT (FP32),27,down_proj,mlp,model.layers.27.mlp.down_proj.weight,11.983131396493501,11.983376208552118,0.00024481205861626165,8.87242546270524e-06
muon_sft_fp32,Muon + SFT (FP32),27,gate_proj,mlp,model.layers.27.mlp.gate_proj.weight,34.01131673372879,34.012091139767236,0.0007744060384453633,9.888368718327186e-06
muon_sft_fp32,Muon + SFT (FP32),27,up_proj,mlp,model.layers.27.mlp.up_proj.weight,27.05991417573715,27.059421073792105,-0.0004931019450431506,-7.914045978830051e-06
muon_sft_fp32,Muon + SFT (FP32),27,k_proj,attn,model.layers.27.self_attn.k_proj.weight,16.960271595775623,16.961115700546898,0.000844104771275056,2.1614095036001994e-05
muon_sft_fp32,Muon + SFT (FP32),27,o_proj,attn,model.layers.27.self_attn.o_proj.weight,99634.79632267175,101847.76189060899,2212.965567937237,0.009540452461897888
muon_sft_fp32,Muon + SFT (FP32),27,q_proj,attn,model.layers.27.self_attn.q_proj.weight,91711.44628086085,80119.31447116371,-11592.131809697137,-0.05868631762061477
muon_sft_fp32,Muon + SFT (FP32),27,v_proj,attn,model.layers.27.self_attn.v_proj.weight,7.853791579470053,7.853599258527411,-0.00019232094264154398,-1.0634983875988827e-05
muon_sft_fp32,Muon + SFT (FP32),3,down_proj,mlp,model.layers.3.mlp.down_proj.weight,10.758270959803003,10.759458910426053,0.0011879506230503267,4.79530511814803e-05
muon_sft_fp32,Muon + SFT (FP32),3,gate_proj,mlp,model.layers.3.mlp.gate_proj.weight,13.999766940935217,13.999681415532972,-8.552540224471272e-05,-2.6531387179038026e-06
muon_sft_fp32,Muon + SFT (FP32),3,up_proj,mlp,model.layers.3.mlp.up_proj.weight,7.592358408260811,7.59213212162974,-0.00022628663107049363,-1.2944133359784755e-05
muon_sft_fp32,Muon + SFT (FP32),3,k_proj,attn,model.layers.3.self_attn.k_proj.weight,15.502942945207748,15.499076958281364,-0.0038659869263835134,-0.0001083140261936529
muon_sft_fp32,Muon + SFT (FP32),3,o_proj,attn,model.layers.3.self_attn.o_proj.weight,16528.241725287102,18788.233661306112,2259.9919360190106,0.05565929690909609
muon_sft_fp32,Muon + SFT (FP32),3,q_proj,attn,model.layers.3.self_attn.q_proj.weight,75355.26316454641,95020.87517327307,19665.61200872666,0.10070543522465653
muon_sft_fp32,Muon + SFT (FP32),3,v_proj,attn,model.layers.3.self_attn.v_proj.weight,3.891617107326821,3.891196960996194,-0.00042014633062681384,-4.688978345324898e-05
muon_sft_fp32,Muon + SFT (FP32),4,down_proj,mlp,model.layers.4.mlp.down_proj.weight,11.15720155550664,11.159702118044223,0.0025005625375822405,9.732358324941485e-05
muon_sft_fp32,Muon + SFT (FP32),4,gate_proj,mlp,model.layers.4.mlp.gate_proj.weight,17.495981170242754,17.495396885322602,-0.00058428492015139,-1.450367095012111e-05
muon_sft_fp32,Muon + SFT (FP32),4,up_proj,mlp,model.layers.4.mlp.up_proj.weight,8.782003015120793,8.781345291042863,-0.0006577240779304105,-3.2527503618836245e-05
muon_sft_fp32,Muon + SFT (FP32),4,k_proj,attn,model.layers.4.self_attn.k_proj.weight,23.93670634239095,23.942372058777522,0.005665716386573649,0.00010278348942255041
muon_sft_fp32,Muon + SFT (FP32),4,o_proj,attn,model.layers.4.self_attn.o_proj.weight,8582.208719375358,8613.790963169937,31.58224379457897,0.0015952558596446645
muon_sft_fp32,Muon + SFT (FP32),4,q_proj,attn,model.layers.4.self_attn.q_proj.weight,19385.367499083055,18807.848406340156,-577.5190927428994,-0.013134922918828472
muon_sft_fp32,Muon + SFT (FP32),4,v_proj,attn,model.layers.4.self_attn.v_proj.weight,3.7875720759658726,3.7878305828608587,0.00025850689498607693,2.9640171783962175e-05
muon_sft_fp32,Muon + SFT (FP32),5,down_proj,mlp,model.layers.5.mlp.down_proj.weight,12.388049471794826,12.389786062901495,0.0017365911066686834,6.087633725128002e-05
muon_sft_fp32,Muon + SFT (FP32),5,gate_proj,mlp,model.layers.5.mlp.gate_proj.weight,20.634483011844836,20.63518891045236,0.0007058986075243467,1.4856811589766586e-05
muon_sft_fp32,Muon + SFT (FP32),5,up_proj,mlp,model.layers.5.mlp.up_proj.weight,8.094579137228608,8.095047080757109,0.00046794352850021426,2.5105618819155058e-05
muon_sft_fp32,Muon + SFT (FP32),5,k_proj,attn,model.layers.5.self_attn.k_proj.weight,22.35050954040556,22.35510357753315,0.00459403712758899,8.925791828107046e-05
muon_sft_fp32,Muon + SFT (FP32),5,o_proj,attn,model.layers.5.self_attn.o_proj.weight,14934.50156341116,12897.872803637272,-2036.6287597738883,-0.06367264298044509
muon_sft_fp32,Muon + SFT (FP32),5,q_proj,attn,model.layers.5.self_attn.q_proj.weight,14969.234018258956,15041.213029754652,71.97901149569589,0.0020832843574939202
muon_sft_fp32,Muon + SFT (FP32),5,v_proj,attn,model.layers.5.self_attn.v_proj.weight,3.3558693468749854,3.355743989138254,-0.00012535773673150175,-1.6223274675417336e-05
muon_sft_fp32,Muon + SFT (FP32),6,down_proj,mlp,model.layers.6.mlp.down_proj.weight,9.162314837809912,9.163049007645386,0.0007341698354732529,3.4798316823072193e-05
muon_sft_fp32,Muon + SFT (FP32),6,gate_proj,mlp,model.layers.6.mlp.gate_proj.weight,19.228406692239826,19.22653518950968,-0.0018715027301468012,-4.227198219208914e-05
muon_sft_fp32,Muon + SFT (FP32),6,up_proj,mlp,model.layers.6.mlp.up_proj.weight,7.421489572866498,7.420631921023163,-0.0008576518433347502,-5.0191404715590665e-05
muon_sft_fp32,Muon + SFT (FP32),6,k_proj,attn,model.layers.6.self_attn.k_proj.weight,22.193674123897594,22.191540144141076,-0.0021339797565183005,-4.1760556921793154e-05
muon_sft_fp32,Muon + SFT (FP32),6,o_proj,attn,model.layers.6.self_attn.o_proj.weight,70513.61868597266,86232.83882247163,15719.220136498974,0.08739968070623225
muon_sft_fp32,Muon + SFT (FP32),6,q_proj,attn,model.layers.6.self_attn.q_proj.weight,18604.75910456698,17419.2545520049,-1185.5045525620808,-0.028594485463950336
muon_sft_fp32,Muon + SFT (FP32),6,v_proj,attn,model.layers.6.self_attn.v_proj.weight,3.2802787964379356,3.279987236848298,-0.0002915595896375578,-3.860292261516192e-05
muon_sft_fp32,Muon + SFT (FP32),7,down_proj,mlp,model.layers.7.mlp.down_proj.weight,7.967968298583799,7.968029462401207,6.116381740728372e-05,3.333723911232555e-06
muon_sft_fp32,Muon + SFT (FP32),7,gate_proj,mlp,model.layers.7.mlp.gate_proj.weight,16.82272426896548,16.823265237001756,0.0005409680362760128,1.3965375161249115e-05
muon_sft_fp32,Muon + SFT (FP32),7,up_proj,mlp,model.layers.7.mlp.up_proj.weight,8.451906164480205,8.451684551313614,-0.00022161316659108365,-1.138756575347955e-05
muon_sft_fp32,Muon + SFT (FP32),7,k_proj,attn,model.layers.7.self_attn.k_proj.weight,30.442592542837964,30.446768944389706,0.004176401551742259,5.957652064911569e-05
muon_sft_fp32,Muon + SFT (FP32),7,o_proj,attn,model.layers.7.self_attn.o_proj.weight,9457.463639954845,10223.664976205491,766.2013362506459,0.03383192917483164
muon_sft_fp32,Muon + SFT (FP32),7,q_proj,attn,model.layers.7.self_attn.q_proj.weight,9030.470682093728,9208.305874058746,177.83519196501766,0.008469349900980196
muon_sft_fp32,Muon + SFT (FP32),7,v_proj,attn,model.layers.7.self_attn.v_proj.weight,4.6148320901395445,4.614317490662083,-0.0005145994774613527,-4.84308357398797e-05
muon_sft_fp32,Muon + SFT (FP32),8,down_proj,mlp,model.layers.8.mlp.down_proj.weight,8.059006885143106,8.059672397986676,0.0006655128435699709,3.5862560534346095e-05
muon_sft_fp32,Muon + SFT (FP32),8,gate_proj,mlp,model.layers.8.mlp.gate_proj.weight,15.70276662952571,15.703283440079641,0.0005168105539308243,1.4293295163427935e-05
muon_sft_fp32,Muon + SFT (FP32),8,up_proj,mlp,model.layers.8.mlp.up_proj.weight,11.03707620181019,11.036233241718309,-0.0008429600918820057,-3.317064144671791e-05
muon_sft_fp32,Muon + SFT (FP32),8,k_proj,attn,model.layers.8.self_attn.k_proj.weight,26.24428190856445,26.237256008316333,-0.007025900248116557,-0.00011628126184948228
muon_sft_fp32,Muon + SFT (FP32),8,o_proj,attn,model.layers.8.self_attn.o_proj.weight,8728.55329977634,8741.46085285991,12.907553083568928,0.0006417487759437432
muon_sft_fp32,Muon + SFT (FP32),8,q_proj,attn,model.layers.8.self_attn.q_proj.weight,20459.276858621644,20863.33833988828,404.0614812666354,0.00849352171678152
muon_sft_fp32,Muon + SFT (FP32),8,v_proj,attn,model.layers.8.self_attn.v_proj.weight,2.614956506444022,2.614955518615305,-9.878287170472788e-07,-1.640595707202652e-07
muon_sft_fp32,Muon + SFT (FP32),9,down_proj,mlp,model.layers.9.mlp.down_proj.weight,11.96143651469935,11.961864394267211,0.00042787956786050074,1.5535125020425012e-05
muon_sft_fp32,Muon + SFT (FP32),9,gate_proj,mlp,model.layers.9.mlp.gate_proj.weight,17.04541620966512,17.04679857818325,0.00138236851812934,3.5219478901314895e-05
muon_sft_fp32,Muon + SFT (FP32),9,up_proj,mlp,model.layers.9.mlp.up_proj.weight,8.607523542303687,8.607542142222975,1.8599919288320166e-05,9.384619796163143e-07
muon_sft_fp32,Muon + SFT (FP32),9,k_proj,attn,model.layers.9.self_attn.k_proj.weight,29.979145885547403,29.978833174035874,-0.00031271151152978405,-4.53013547208833e-06
muon_sft_fp32,Muon + SFT (FP32),9,o_proj,attn,model.layers.9.self_attn.o_proj.weight,26480.436490575365,26196.098975694742,-284.3375148806226,-0.0046885168869886815
muon_sft_fp32,Muon + SFT (FP32),9,q_proj,attn,model.layers.9.self_attn.q_proj.weight,35295.52653603585,31877.750063540647,-3417.7764724952067,-0.04423200381774718
muon_sft_fp32,Muon + SFT (FP32),9,v_proj,attn,model.layers.9.self_attn.v_proj.weight,3.911800039733773,3.912338196968978,0.0005381572352050057,5.9742993015607776e-05
muon_sft_bf16,Muon + SFT (BF16),-1,embed,embed,model.embed_tokens.weight,69.18641058154057,69.18832868022072,0.0019180986801501376,1.2040054088333233e-05
muon_sft_bf16,Muon + SFT (BF16),0,down_proj,mlp,model.layers.0.mlp.down_proj.weight,10.546793843948734,10.54683867424137,4.483029263546712e-05,1.8460119372384946e-06
muon_sft_bf16,Muon + SFT (BF16),0,gate_proj,mlp,model.layers.0.mlp.gate_proj.weight,50.790417231602824,50.784980292680835,-0.005436938921988599,-4.64922142973835e-05
muon_sft_bf16,Muon + SFT (BF16),0,up_proj,mlp,model.layers.0.mlp.up_proj.weight,30.557746350661454,30.55810746922457,0.0003611185631164915,5.132278761478754e-06
muon_sft_bf16,Muon + SFT (BF16),0,k_proj,attn,model.layers.0.self_attn.k_proj.weight,18.73935745084044,18.73904045789763,-0.00031699294281040125,-7.346540596715187e-06
muon_sft_bf16,Muon + SFT (BF16),0,o_proj,attn,model.layers.0.self_attn.o_proj.weight,38555.79005042446,39447.27345393802,891.4834035135573,0.009927383970611684
muon_sft_bf16,Muon + SFT (BF16),0,q_proj,attn,model.layers.0.self_attn.q_proj.weight,184976.8751259078,184606.56074520582,-370.31438070198055,-0.000870307109678811
muon_sft_bf16,Muon + SFT (BF16),0,v_proj,attn,model.layers.0.self_attn.v_proj.weight,7.7755061789352835,7.775284547517307,-0.00022163141797637564,-1.2379216406843486e-05
muon_sft_bf16,Muon + SFT (BF16),1,down_proj,mlp,model.layers.1.mlp.down_proj.weight,8.998430005007657,8.998403683263753,-2.632174390448938e-05,-1.2703777041867417e-06
muon_sft_bf16,Muon + SFT (BF16),1,gate_proj,mlp,model.layers.1.mlp.gate_proj.weight,33.91668364456576,33.91571853815837,-0.000965106407385008,-1.2358117174602343e-05
muon_sft_bf16,Muon + SFT (BF16),1,up_proj,mlp,model.layers.1.mlp.up_proj.weight,37.735381088331756,37.73430624745028,-0.0010748408814791333,-1.2370462374010499e-05
muon_sft_bf16,Muon + SFT (BF16),1,k_proj,attn,model.layers.1.self_attn.k_proj.weight,30.087513316132128,30.0873305236362,-0.0001827924959272309,-2.6385036420229344e-06
muon_sft_bf16,Muon + SFT (BF16),1,o_proj,attn,model.layers.1.self_attn.o_proj.weight,49034.98587834326,48197.37390470363,-837.6119736396286,-0.007482678767406119
muon_sft_bf16,Muon + SFT (BF16),1,q_proj,attn,model.layers.1.self_attn.q_proj.weight,1074758.1049613138,1059690.6947169243,-15067.410244389437,-0.006131608145773388
muon_sft_bf16,Muon + SFT (BF16),1,v_proj,attn,model.layers.1.self_attn.v_proj.weight,3.341969736117407,3.34193200761703,-3.772850037719877e-05,-4.9029085563290395e-06
muon_sft_bf16,Muon + SFT (BF16),10,down_proj,mlp,model.layers.10.mlp.down_proj.weight,13.491719978091211,13.491414231720174,-0.00030574637103697455,-9.841996913837064e-06
muon_sft_bf16,Muon + SFT (BF16),10,gate_proj,mlp,model.layers.10.mlp.gate_proj.weight,16.210019773701827,16.20948281856404,-0.000536955137786066,-1.4386195638136475e-05
muon_sft_bf16,Muon + SFT (BF16),10,up_proj,mlp,model.layers.10.mlp.up_proj.weight,8.538043575643336,8.538185008675056,0.00014143303171998411,7.194045796778656e-06
muon_sft_bf16,Muon + SFT (BF16),10,k_proj,attn,model.layers.10.self_attn.k_proj.weight,24.034098760920294,24.034742781691957,0.0006440207716629232,1.1637254337912092e-05
muon_sft_bf16,Muon + SFT (BF16),10,o_proj,attn,model.layers.10.self_attn.o_proj.weight,15508.710116684786,15528.972676517464,20.262559832677653,0.000567047432848911
muon_sft_bf16,Muon + SFT (BF16),10,q_proj,attn,model.layers.10.self_attn.q_proj.weight,12813.850813777506,12830.988350252539,17.137536475032903,0.0005804472849166089
muon_sft_bf16,Muon + SFT (BF16),10,v_proj,attn,model.layers.10.self_attn.v_proj.weight,3.2994636012714755,3.299477578858119,1.3977586643676432e-05,1.839806897520739e-06
muon_sft_bf16,Muon + SFT (BF16),11,down_proj,mlp,model.layers.11.mlp.down_proj.weight,16.054627449194015,16.05321759927288,-0.0014098499211350202,-3.8139591151612716e-05
muon_sft_bf16,Muon + SFT (BF16),11,gate_proj,mlp,model.layers.11.mlp.gate_proj.weight,13.225697438590451,13.225541962152986,-0.0001554764374649409,-5.105436296189341e-06
muon_sft_bf16,Muon + SFT (BF16),11,up_proj,mlp,model.layers.11.mlp.up_proj.weight,6.605510357941471,6.605711132984385,0.00020077504291382553,1.3200216695770174e-05
muon_sft_bf16,Muon + SFT (BF16),11,k_proj,attn,model.layers.11.self_attn.k_proj.weight,21.610944081803808,21.61091365625624,-3.0425547567602962e-05,-6.11433571293686e-07
muon_sft_bf16,Muon + SFT (BF16),11,o_proj,attn,model.layers.11.self_attn.o_proj.weight,139258.46738802953,142351.39507540216,3092.927687372634,0.009540116457683696
muon_sft_bf16,Muon + SFT (BF16),11,q_proj,attn,model.layers.11.self_attn.q_proj.weight,28543.812668067454,28376.666182620243,-167.14648544721058,-0.002550611183030284
muon_sft_bf16,Muon + SFT (BF16),11,v_proj,attn,model.layers.11.self_attn.v_proj.weight,2.8678401021237847,2.8678439321192455,3.829995460780111e-06,5.799991367389937e-07
muon_sft_bf16,Muon + SFT (BF16),12,down_proj,mlp,model.layers.12.mlp.down_proj.weight,14.145448240851502,14.145701893255021,0.0002536524035186005,7.787582947314344e-06
muon_sft_bf16,Muon + SFT (BF16),12,gate_proj,mlp,model.layers.12.mlp.gate_proj.weight,18.888272791501652,18.888365465803936,9.267430228376838e-05,2.1308374674719283e-06
muon_sft_bf16,Muon + SFT (BF16),12,up_proj,mlp,model.layers.12.mlp.up_proj.weight,8.061255117094625,8.061288829942596,3.371284797104579e-05,1.816252309956985e-06
muon_sft_bf16,Muon + SFT (BF16),12,k_proj,attn,model.layers.12.self_attn.k_proj.weight,20.867707840632306,20.867511138018664,-0.00019670261364268526,-4.093753993471825e-06
muon_sft_bf16,Muon + SFT (BF16),12,o_proj,attn,model.layers.12.self_attn.o_proj.weight,102000.14319866779,98534.13598306646,-3466.007215601334,-0.015014068731983599
muon_sft_bf16,Muon + SFT (BF16),12,q_proj,attn,model.layers.12.self_attn.q_proj.weight,14798.684955393119,14769.92192273398,-28.763032659138844,-0.0008449251842157327
muon_sft_bf16,Muon + SFT (BF16),12,v_proj,attn,model.layers.12.self_attn.v_proj.weight,2.550671517667282,2.5507294685744264,5.7950907144554975e-05,9.866998992276831e-06
muon_sft_bf16,Muon + SFT (BF16),13,down_proj,mlp,model.layers.13.mlp.down_proj.weight,30.005646690345184,30.005821158508283,0.00017446816309885094,2.525202705979965e-06
muon_sft_bf16,Muon + SFT (BF16),13,gate_proj,mlp,model.layers.13.mlp.gate_proj.weight,12.316046719506732,12.316571030202013,0.0005243106952814713,1.8488107444462225e-05
muon_sft_bf16,Muon + SFT (BF16),13,up_proj,mlp,model.layers.13.mlp.up_proj.weight,6.311217662216599,6.3105659780568555,-0.0006516841597434819,-4.484672576207792e-05
muon_sft_bf16,Muon + SFT (BF16),13,k_proj,attn,model.layers.13.self_attn.k_proj.weight,41.906820743475016,41.90553452708673,-0.0012862163882871869,-1.3329697708822689e-05
muon_sft_bf16,Muon + SFT (BF16),13,o_proj,attn,model.layers.13.self_attn.o_proj.weight,9641.296136551193,9640.893977336169,-0.40215921502385754,-1.811573549739823e-05
muon_sft_bf16,Muon + SFT (BF16),13,q_proj,attn,model.layers.13.self_attn.q_proj.weight,57124.68510683214,57474.62600732541,349.9409004932677,0.0026523348695988973
muon_sft_bf16,Muon + SFT (BF16),13,v_proj,attn,model.layers.13.self_attn.v_proj.weight,3.7001013163270056,3.700058519976592,-4.279635041370966e-05,-5.023193888137998e-06
muon_sft_bf16,Muon + SFT (BF16),14,down_proj,mlp,model.layers.14.mlp.down_proj.weight,12.14858893422566,12.1490968464468,0.0005079122211402165,1.815674768002406e-05
muon_sft_bf16,Muon + SFT (BF16),14,gate_proj,mlp,model.layers.14.mlp.gate_proj.weight,13.416229041756727,13.415808154295268,-0.0004208874614590741,-1.3624690566244728e-05
muon_sft_bf16,Muon + SFT (BF16),14,up_proj,mlp,model.layers.14.mlp.up_proj.weight,6.92702720942221,6.9276278897577495,0.0006006803355393942,3.76584120511727e-05
muon_sft_bf16,Muon + SFT (BF16),14,k_proj,attn,model.layers.14.self_attn.k_proj.weight,23.136335100841148,23.13655069982706,0.00021559898591050342,4.047011474000177e-06
muon_sft_bf16,Muon + SFT (BF16),14,o_proj,attn,model.layers.14.self_attn.o_proj.weight,6453.263467239998,6472.201651126157,18.938183886159095,0.0012726435094208193
muon_sft_bf16,Muon + SFT (BF16),14,q_proj,attn,model.layers.14.self_attn.q_proj.weight,12016.462412922161,12043.038538083616,26.57612516145491,0.0009594437744766129
muon_sft_bf16,Muon + SFT (BF16),14,v_proj,attn,model.layers.14.self_attn.v_proj.weight,6.809948120874071,6.81002579958151,7.767870743879968e-05,4.953817709090182e-06
muon_sft_bf16,Muon + SFT (BF16),15,down_proj,mlp,model.layers.15.mlp.down_proj.weight,12.83113835849419,12.831098211397473,-4.014709671729122e-05,-1.358857597709653e-06
muon_sft_bf16,Muon + SFT (BF16),15,gate_proj,mlp,model.layers.15.mlp.gate_proj.weight,16.831657108500657,16.831207139996625,-0.00044996850403222766,-1.1610351210783772e-05
muon_sft_bf16,Muon + SFT (BF16),15,up_proj,mlp,model.layers.15.mlp.up_proj.weight,9.399973299687645,9.400273277131,0.00029997744335474863,1.3859238262946357e-05
muon_sft_bf16,Muon + SFT (BF16),15,k_proj,attn,model.layers.15.self_attn.k_proj.weight,25.442585553328566,25.443502390375954,0.0009168370473879861,1.5649749729930437e-05
muon_sft_bf16,Muon + SFT (BF16),15,o_proj,attn,model.layers.15.self_attn.o_proj.weight,29248.74824238646,29435.091180321266,186.34293793480538,0.0027581011222829574
muon_sft_bf16,Muon + SFT (BF16),15,q_proj,attn,model.layers.15.self_attn.q_proj.weight,23869.157071525828,23988.3781781273,119.22110660147155,0.002163804532001108
muon_sft_bf16,Muon + SFT (BF16),15,v_proj,attn,model.layers.15.self_attn.v_proj.weight,3.3575600712900404,3.357548447790371,-1.1623499669433102e-05,-1.5034818134272208e-06
muon_sft_bf16,Muon + SFT (BF16),16,down_proj,mlp,model.layers.16.mlp.down_proj.weight,9.686499227673869,9.686238430618728,-0.00026079705514092666,-1.169300115954223e-05
muon_sft_bf16,Muon + SFT (BF16),16,gate_proj,mlp,model.layers.16.mlp.gate_proj.weight,12.919883539201004,12.919287017032326,-0.0005965221686778932,-2.0052213802466024e-05
muon_sft_bf16,Muon + SFT (BF16),16,up_proj,mlp,model.layers.16.mlp.up_proj.weight,6.159145316251316,6.159084990398442,-6.032585287396586e-05,-4.2537254730851895e-06
muon_sft_bf16,Muon + SFT (BF16),16,k_proj,attn,model.layers.16.self_attn.k_proj.weight,20.671141321487564,20.671403713714092,0.0002623922265279077,5.512747025106578e-06
muon_sft_bf16,Muon + SFT (BF16),16,o_proj,attn,model.layers.16.self_attn.o_proj.weight,41529.00729033527,42096.93311407561,567.925823740341,0.005898907496506886
muon_sft_bf16,Muon + SFT (BF16),16,q_proj,attn,model.layers.16.self_attn.q_proj.weight,103943.38985456145,104190.57419868915,247.18434412770148,0.0010315553026308893
muon_sft_bf16,Muon + SFT (BF16),16,v_proj,attn,model.layers.16.self_attn.v_proj.weight,2.78870242790059,2.7886497742991554,-5.26536014344714e-05,-8.200008795219404e-06
muon_sft_bf16,Muon + SFT (BF16),17,down_proj,mlp,model.layers.17.mlp.down_proj.weight,6.7996349709306605,6.7996227444907085,-1.2226439952023327e-05,-7.80906651750893e-07
muon_sft_bf16,Muon + SFT (BF16),17,gate_proj,mlp,model.layers.17.mlp.gate_proj.weight,17.968770886906377,17.96850651362362,-0.00026437328275719096,-6.389791668796825e-06
muon_sft_bf16,Muon + SFT (BF16),17,up_proj,mlp,model.layers.17.mlp.up_proj.weight,12.572357420855843,12.572228548203439,-0.00012887265240379975,-4.4517481319228325e-06
muon_sft_bf16,Muon + SFT (BF16),17,k_proj,attn,model.layers.17.self_attn.k_proj.weight,15.488632202364206,15.488825303760397,0.00019310139619044264,5.4144450556303245e-06
muon_sft_bf16,Muon + SFT (BF16),17,o_proj,attn,model.layers.17.self_attn.o_proj.weight,57591.66094582242,58278.193564449546,686.5326186271268,0.005146477801111086
muon_sft_bf16,Muon + SFT (BF16),17,q_proj,attn,model.layers.17.self_attn.q_proj.weight,13024.993728263826,13049.158272728244,24.164544464418213,0.0008049758490898257
muon_sft_bf16,Muon + SFT (BF16),17,v_proj,attn,model.layers.17.self_attn.v_proj.weight,4.045377579425002,4.045342286405358,-3.529301964455556e-05,-3.7889245791973406e-06
muon_sft_bf16,Muon + SFT (BF16),18,down_proj,mlp,model.layers.18.mlp.down_proj.weight,6.643981466821017,6.643987393644545,5.926823527957481e-06,3.874161326768971e-07
muon_sft_bf16,Muon + SFT (BF16),18,gate_proj,mlp,model.layers.18.mlp.gate_proj.weight,18.455846043796296,18.455834506311003,-1.1537485292478777e-05,-2.714948830776976e-07
muon_sft_bf16,Muon + SFT (BF16),18,up_proj,mlp,model.layers.18.mlp.up_proj.weight,10.672724442726581,10.673010445625735,0.0002860028991538144,1.1637873473846369e-05
muon_sft_bf16,Muon + SFT (BF16),18,k_proj,attn,model.layers.18.self_attn.k_proj.weight,22.852605445749074,22.851775024556098,-0.0008304211929761607,-1.5781740747541604e-05
muon_sft_bf16,Muon + SFT (BF16),18,o_proj,attn,model.layers.18.self_attn.o_proj.weight,21937.349567301397,21948.007665807,10.658098505602538,0.0002109475119449437
muon_sft_bf16,Muon + SFT (BF16),18,q_proj,attn,model.layers.18.self_attn.q_proj.weight,33741.713223670544,33688.77539976424,-52.937823906300764,-0.000681905470334032
muon_sft_bf16,Muon + SFT (BF16),18,v_proj,attn,model.layers.18.self_attn.v_proj.weight,2.1434580875579408,2.1434377506617612,-2.0336896179529163e-05,-4.120558148905248e-06
muon_sft_bf16,Muon + SFT (BF16),19,down_proj,mlp,model.layers.19.mlp.down_proj.weight,7.114441587440737,7.114314313560595,-0.00012727388014255325,-7.769385352083201e-06
muon_sft_bf16,Muon + SFT (BF16),19,gate_proj,mlp,model.layers.19.mlp.gate_proj.weight,18.805480505433707,18.805640765943938,0.00016026051023132482,3.7010465473341835e-06
muon_sft_bf16,Muon + SFT (BF16),19,up_proj,mlp,model.layers.19.mlp.up_proj.weight,10.390484231630769,10.38987323987333,-0.000610991757438839,-2.5538574029288124e-05
muon_sft_bf16,Muon + SFT (BF16),19,k_proj,attn,model.layers.19.self_attn.k_proj.weight,22.401692950673606,22.402116732847045,0.000423782173438525,8.21565222956549e-06
muon_sft_bf16,Muon + SFT (BF16),19,o_proj,attn,model.layers.19.self_attn.o_proj.weight,24022.826455842358,24231.29520407133,208.4687482289737,0.003752524641113326
muon_sft_bf16,Muon + SFT (BF16),19,q_proj,attn,model.layers.19.self_attn.q_proj.weight,25682.89091427411,25620.61223194154,-62.27868233256959,-0.0010544036841286795
muon_sft_bf16,Muon + SFT (BF16),19,v_proj,attn,model.layers.19.self_attn.v_proj.weight,3.008918396896258,3.0089009363613655,-1.7460534892599355e-05,-2.5201866440378004e-06
muon_sft_bf16,Muon + SFT (BF16),2,down_proj,mlp,model.layers.2.mlp.down_proj.weight,13.20255066881167,13.202699074389308,0.00014840557763839968,4.881735569961117e-06
muon_sft_bf16,Muon + SFT (BF16),2,gate_proj,mlp,model.layers.2.mlp.gate_proj.weight,17.38657445257771,17.385984910103645,-0.0005895424740671729,-1.472626968231031e-05
muon_sft_bf16,Muon + SFT (BF16),2,up_proj,mlp,model.layers.2.mlp.up_proj.weight,8.916099391549464,8.915604813323617,-0.0004945782258474196,-2.4091089885982823e-05
muon_sft_bf16,Muon + SFT (BF16),2,k_proj,attn,model.layers.2.self_attn.k_proj.weight,17.246031056628958,17.246278746790548,0.00024769016158998625,6.237359632587612e-06
muon_sft_bf16,Muon + SFT (BF16),2,o_proj,attn,model.layers.2.self_attn.o_proj.weight,31093.030750193404,31324.33134168197,231.30059148856526,0.003218752827607809
muon_sft_bf16,Muon + SFT (BF16),2,q_proj,attn,model.layers.2.self_attn.q_proj.weight,24610.069351651575,24556.972507744795,-53.09684390678012,-0.0009380135313220157
muon_sft_bf16,Muon + SFT (BF16),2,v_proj,attn,model.layers.2.self_attn.v_proj.weight,3.1911166787384015,3.191151078794408,3.440005600641172e-05,4.6816445403374185e-06
muon_sft_bf16,Muon + SFT (BF16),20,down_proj,mlp,model.layers.20.mlp.down_proj.weight,7.516513788547348,7.516525257981421,1.1469434072708395e-05,6.626886170995299e-07
muon_sft_bf16,Muon + SFT (BF16),20,gate_proj,mlp,model.layers.20.mlp.gate_proj.weight,19.204884886797178,19.20513157928163,0.00024669248445263747,5.578606550249259e-06
muon_sft_bf16,Muon + SFT (BF16),20,up_proj,mlp,model.layers.20.mlp.up_proj.weight,11.187456334212877,11.187072278399274,-0.00038405581360301255,-1.4909214267266587e-05
muon_sft_bf16,Muon + SFT (BF16),20,k_proj,attn,model.layers.20.self_attn.k_proj.weight,22.072850031907265,22.07352330589251,0.0006732739852459702,1.3246803962244351e-05
muon_sft_bf16,Muon + SFT (BF16),20,o_proj,attn,model.layers.20.self_attn.o_proj.weight,123534.76145527787,121990.74637092021,-1544.0150843576557,-0.005462292506324256
muon_sft_bf16,Muon + SFT (BF16),20,q_proj,attn,model.layers.20.self_attn.q_proj.weight,9243.896257866112,9251.788034060031,7.891776193919213,0.00037061132827861796
muon_sft_bf16,Muon + SFT (BF16),20,v_proj,attn,model.layers.20.self_attn.v_proj.weight,6.942409244310096,6.942559897092212,0.00015065278211601196,9.424244489550961e-06
muon_sft_bf16,Muon + SFT (BF16),21,down_proj,mlp,model.layers.21.mlp.down_proj.weight,9.390981919055381,9.390093415207518,-0.0008885038478627649,-4.109161075141622e-05
muon_sft_bf16,Muon + SFT (BF16),21,gate_proj,mlp,model.layers.21.mlp.gate_proj.weight,17.629945642520745,17.63065616773188,0.0007105252111330174,1.7502660910381316e-05
muon_sft_bf16,Muon + SFT (BF16),21,up_proj,mlp,model.layers.21.mlp.up_proj.weight,8.16699577216017,8.167640915529091,0.000645143368920742,3.430528767323379e-05
muon_sft_bf16,Muon + SFT (BF16),21,k_proj,attn,model.layers.21.self_attn.k_proj.weight,29.992183020775197,29.991497525812107,-0.0006854949630898943,-9.926255846356836e-06
muon_sft_bf16,Muon + SFT (BF16),21,o_proj,attn,model.layers.21.self_attn.o_proj.weight,298850.6543733745,350383.1165439647,51532.46217059024,0.06908896009978416
muon_sft_bf16,Muon + SFT (BF16),21,q_proj,attn,model.layers.21.self_attn.q_proj.weight,14032.644030663625,14019.759991218474,-12.884039445150847,-0.0003989296336049282
muon_sft_bf16,Muon + SFT (BF16),21,v_proj,attn,model.layers.21.self_attn.v_proj.weight,4.366601968716395,4.366631155172141,2.9186455745566775e-05,2.9028233866979e-06
muon_sft_bf16,Muon + SFT (BF16),22,down_proj,mlp,model.layers.22.mlp.down_proj.weight,9.904782336268656,9.904766580590444,-1.5755678212769908e-05,-6.908389620807292e-07
muon_sft_bf16,Muon + SFT (BF16),22,gate_proj,mlp,model.layers.22.mlp.gate_proj.weight,22.904187063530273,22.903913800615598,-0.0002732629146748877,-5.1814667587278336e-06
muon_sft_bf16,Muon + SFT (BF16),22,up_proj,mlp,model.layers.22.mlp.up_proj.weight,12.79968858450657,12.799338727888946,-0.0003498566176247664,-1.1870825922189156e-05
muon_sft_bf16,Muon + SFT (BF16),22,k_proj,attn,model.layers.22.self_attn.k_proj.weight,20.39377999771742,20.39356447639314,-0.0002155213242787113,-4.5896452968044035e-06
muon_sft_bf16,Muon + SFT (BF16),22,o_proj,attn,model.layers.22.self_attn.o_proj.weight,35374.77308841131,35291.8501304334,-82.92295797791303,-0.0010192364644579697
muon_sft_bf16,Muon + SFT (BF16),22,q_proj,attn,model.layers.22.self_attn.q_proj.weight,47977.340735145204,47227.20152316971,-750.1392119754964,-0.006843960481379635
muon_sft_bf16,Muon + SFT (BF16),22,v_proj,attn,model.layers.22.self_attn.v_proj.weight,5.233505964972921,5.2334910290031935,-1.4935969727680742e-05,-1.2394403549373722e-06
muon_sft_bf16,Muon + SFT (BF16),23,down_proj,mlp,model.layers.23.mlp.down_proj.weight,11.80645745879601,11.806266327393597,-0.0001911314024116706,-7.030727512773271e-06
muon_sft_bf16,Muon + SFT (BF16),23,gate_proj,mlp,model.layers.23.mlp.gate_proj.weight,19.84423847022627,19.842938365371463,-0.00130010485480625,-2.845394455137258e-05
muon_sft_bf16,Muon + SFT (BF16),23,up_proj,mlp,model.layers.23.mlp.up_proj.weight,10.79189058648552,10.79339158268458,0.0015009961990593013,6.039989308923539e-05
muon_sft_bf16,Muon + SFT (BF16),23,k_proj,attn,model.layers.23.self_attn.k_proj.weight,16.001526800630636,16.000959298104313,-0.0005675025263229827,-1.5402754330642176e-05
muon_sft_bf16,Muon + SFT (BF16),23,o_proj,attn,model.layers.23.self_attn.o_proj.weight,13053.866526333686,12983.595608058602,-70.27091827508411,-0.0023441874621715803
muon_sft_bf16,Muon + SFT (BF16),23,q_proj,attn,model.layers.23.self_attn.q_proj.weight,764874.9518123881,804028.0503229249,39153.098510536714,0.021680761506515326
muon_sft_bf16,Muon + SFT (BF16),23,v_proj,attn,model.layers.23.self_attn.v_proj.weight,4.042193780833294,4.042189583958591,-4.196874702877551e-06,-4.5091367948150277e-07
muon_sft_bf16,Muon + SFT (BF16),24,down_proj,mlp,model.layers.24.mlp.down_proj.weight,10.013056479364716,10.011775304772664,-0.0012811745920515705,-5.557170841081498e-05
muon_sft_bf16,Muon + SFT (BF16),24,gate_proj,mlp,model.layers.24.mlp.gate_proj.weight,21.0475855955308,21.048383009178256,0.000797413647454448,1.6453468510307986e-05
muon_sft_bf16,Muon + SFT (BF16),24,up_proj,mlp,model.layers.24.mlp.up_proj.weight,13.895235392599337,13.895547883438024,0.0003124908386862302,9.766766596281811e-06
muon_sft_bf16,Muon + SFT (BF16),24,k_proj,attn,model.layers.24.self_attn.k_proj.weight,31.211181081905732,31.209971636839214,-0.0012094450665181,-1.6829401436618113e-05
muon_sft_bf16,Muon + SFT (BF16),24,o_proj,attn,model.layers.24.self_attn.o_proj.weight,13596.107700858232,13665.136295890687,69.02859503245418,0.00219937153202213
muon_sft_bf16,Muon + SFT (BF16),24,q_proj,attn,model.layers.24.self_attn.q_proj.weight,119825.2524376554,122789.51304401862,2964.260606363212,0.010612924453248325
muon_sft_bf16,Muon + SFT (BF16),24,v_proj,attn,model.layers.24.self_attn.v_proj.weight,3.6003445004354857,3.6003481465086646,3.646073178931175e-06,4.3981031825761735e-07
muon_sft_bf16,Muon + SFT (BF16),25,down_proj,mlp,model.layers.25.mlp.down_proj.weight,9.428473935149443,9.42798860329651,-0.0004853318529320916,-2.2355937147515723e-05
muon_sft_bf16,Muon + SFT (BF16),25,gate_proj,mlp,model.layers.25.mlp.gate_proj.weight,21.338091581274373,21.34016575500839,0.0020741737340159716,4.221363589438643e-05
muon_sft_bf16,Muon + SFT (BF16),25,up_proj,mlp,model.layers.25.mlp.up_proj.weight,18.112209505291784,18.113301352256475,0.0010918469646910012,2.6179512766951456e-05
muon_sft_bf16,Muon + SFT (BF16),25,k_proj,attn,model.layers.25.self_attn.k_proj.weight,22.462953951457504,22.463382224837034,0.00042827337952999756,8.280077180192933e-06
muon_sft_bf16,Muon + SFT (BF16),25,o_proj,attn,model.layers.25.self_attn.o_proj.weight,16296.613319126418,16253.752015008256,-42.86130411816157,-0.0011437314717067087
muon_sft_bf16,Muon + SFT (BF16),25,q_proj,attn,model.layers.25.self_attn.q_proj.weight,24555.210708810777,24729.521105834676,174.310397023899,0.0030720410330982314
muon_sft_bf16,Muon + SFT (BF16),25,v_proj,attn,model.layers.25.self_attn.v_proj.weight,4.337190824833435,4.337189226884825,-1.5979486098771645e-06,-1.6000688452398645e-07
muon_sft_bf16,Muon + SFT (BF16),26,down_proj,mlp,model.layers.26.mlp.down_proj.weight,8.741682232718533,8.741885793019053,0.00020356030051971175,1.0112937487830607e-05
muon_sft_bf16,Muon + SFT (BF16),26,gate_proj,mlp,model.layers.26.mlp.gate_proj.weight,20.0336868429297,20.033399416858288,-0.00028742607141296617,-6.230927597930418e-06
muon_sft_bf16,Muon + SFT (BF16),26,up_proj,mlp,model.layers.26.mlp.up_proj.weight,18.54966977174175,18.549583040014785,-8.673172696660458e-05,-2.030612886922493e-06
muon_sft_bf16,Muon + SFT (BF16),26,k_proj,attn,model.layers.26.self_attn.k_proj.weight,18.924022446774764,18.923731567619132,-0.00029087915563152933,-6.675546038780882e-06
muon_sft_bf16,Muon + SFT (BF16),26,o_proj,attn,model.layers.26.self_attn.o_proj.weight,32723.99759321507,33102.32088959098,378.3232963759074,0.0049920923082198716
muon_sft_bf16,Muon + SFT (BF16),26,q_proj,attn,model.layers.26.self_attn.q_proj.weight,48120.87790718429,47857.00159779913,-263.8763093851594,-0.0023880567983648134
muon_sft_bf16,Muon + SFT (BF16),26,v_proj,attn,model.layers.26.self_attn.v_proj.weight,4.835564685889436,4.83559423317406,2.954728462434275e-05,2.65370940031865e-06
muon_sft_bf16,Muon + SFT (BF16),27,down_proj,mlp,model.layers.27.mlp.down_proj.weight,11.983131396493501,11.983341551512275,0.000210155018773861,7.616403564931954e-06
muon_sft_bf16,Muon + SFT (BF16),27,gate_proj,mlp,model.layers.27.mlp.gate_proj.weight,34.01131673372879,34.011285697607505,-3.1036121285410445e-05,-3.9630404399505923e-07
muon_sft_bf16,Muon + SFT (BF16),27,up_proj,mlp,model.layers.27.mlp.up_proj.weight,27.05991417573715,27.059065161963794,-0.0008490137733545566,-1.3626347036463578e-05
muon_sft_bf16,Muon + SFT (BF16),27,k_proj,attn,model.layers.27.self_attn.k_proj.weight,16.960271595775623,16.96002948604396,-0.00024210973166205463,-6.199645470375437e-06
muon_sft_bf16,Muon + SFT (BF16),27,o_proj,attn,model.layers.27.self_attn.o_proj.weight,99634.79632267175,100448.28519818747,813.4888755157153,0.0035314897566722063
muon_sft_bf16,Muon + SFT (BF16),27,q_proj,attn,model.layers.27.self_attn.q_proj.weight,91711.44628086085,91655.1907787542,-56.255502106650965,-0.00026647655538537845
muon_sft_bf16,Muon + SFT (BF16),27,v_proj,attn,model.layers.27.self_attn.v_proj.weight,7.853791579470053,7.853809825354527,1.8245884474410445e-05,1.0089493284908414e-06
muon_sft_bf16,Muon + SFT (BF16),3,down_proj,mlp,model.layers.3.mlp.down_proj.weight,10.758270959803003,10.757820155902005,-0.00045080390099805356,-1.8198625912090428e-05
muon_sft_bf16,Muon + SFT (BF16),3,gate_proj,mlp,model.layers.3.mlp.gate_proj.weight,13.999766940935217,13.999904135482396,0.00013719454717886492,4.25596676652343e-06
muon_sft_bf16,Muon + SFT (BF16),3,up_proj,mlp,model.layers.3.mlp.up_proj.weight,7.592358408260811,7.592111027491793,-0.0002473807690179797,-1.4150787866204021e-05
muon_sft_bf16,Muon + SFT (BF16),3,k_proj,attn,model.layers.3.self_attn.k_proj.weight,15.502942945207748,15.502838498433288,-0.00010444677445953232,-2.92594836761987e-06
muon_sft_bf16,Muon + SFT (BF16),3,o_proj,attn,model.layers.3.self_attn.o_proj.weight,16528.241725287102,16495.932635225494,-32.309090061608,-0.0008497813663865204
muon_sft_bf16,Muon + SFT (BF16),3,q_proj,attn,model.layers.3.self_attn.q_proj.weight,75355.26316454641,76996.96435226043,1641.7011877140176,0.009360012339912481
muon_sft_bf16,Muon + SFT (BF16),3,v_proj,attn,model.layers.3.self_attn.v_proj.weight,3.891617107326821,3.8916929936083875,7.588628156662836e-05,8.468631703044965e-06
muon_sft_bf16,Muon + SFT (BF16),4,down_proj,mlp,model.layers.4.mlp.down_proj.weight,11.15720155550664,11.15698403146727,-0.00021752403937114195,-8.467213792322306e-06
muon_sft_bf16,Muon + SFT (BF16),4,gate_proj,mlp,model.layers.4.mlp.gate_proj.weight,17.495981170242754,17.496361107288234,0.0003799370454800055,9.430895538227218e-06
muon_sft_bf16,Muon + SFT (BF16),4,up_proj,mlp,model.layers.4.mlp.up_proj.weight,8.782003015120793,8.7807447074468,-0.001258307673992931,-6.223127370718832e-05
muon_sft_bf16,Muon + SFT (BF16),4,k_proj,attn,model.layers.4.self_attn.k_proj.weight,23.93670634239095,23.936391918584928,-0.0003144238060208693,-5.704770691543515e-06
muon_sft_bf16,Muon + SFT (BF16),4,o_proj,attn,model.layers.4.self_attn.o_proj.weight,8582.208719375358,8579.09194726963,-3.1167721057281597,-0.0001577499244426462
muon_sft_bf16,Muon + SFT (BF16),4,q_proj,attn,model.layers.4.self_attn.q_proj.weight,19385.367499083055,19293.569867917126,-91.79763116592949,-0.002061446473670816
muon_sft_bf16,Muon + SFT (BF16),4,v_proj,attn,model.layers.4.self_attn.v_proj.weight,3.7875720759658726,3.7875391872550233,-3.288871084938805e-05,-3.7711355365350054e-06
muon_sft_bf16,Muon + SFT (BF16),5,down_proj,mlp,model.layers.5.mlp.down_proj.weight,12.388049471794826,12.388540190596755,0.0004907188019291908,1.720305100710865e-05
muon_sft_bf16,Muon + SFT (BF16),5,gate_proj,mlp,model.layers.5.mlp.gate_proj.weight,20.634483011844836,20.63467997277083,0.00019696092599374992,4.145421768885817e-06
muon_sft_bf16,Muon + SFT (BF16),5,up_proj,mlp,model.layers.5.mlp.up_proj.weight,8.094579137228608,8.094845875997047,0.0002667387684383016,1.4310968444928877e-05
muon_sft_bf16,Muon + SFT (BF16),5,k_proj,attn,model.layers.5.self_attn.k_proj.weight,22.35050954040556,22.350837140077264,0.00032759967170292725,6.3655679419950665e-06
muon_sft_bf16,Muon + SFT (BF16),5,o_proj,attn,model.layers.5.self_attn.o_proj.weight,14934.50156341116,14961.8698141791,27.36825076793866,0.0007951388787600143
muon_sft_bf16,Muon + SFT (BF16),5,q_proj,attn,model.layers.5.self_attn.q_proj.weight,14969.234018258956,15051.106271171102,81.872252912146,0.0023688442883942114
muon_sft_bf16,Muon + SFT (BF16),5,v_proj,attn,model.layers.5.self_attn.v_proj.weight,3.3558693468749854,3.3559093115623906,3.996468740519177e-05,5.1719355165155145e-06
muon_sft_bf16,Muon + SFT (BF16),6,down_proj,mlp,model.layers.6.mlp.down_proj.weight,9.162314837809912,9.162244179093298,-7.065871661460221e-05,-3.3492419322060633e-06
muon_sft_bf16,Muon + SFT (BF16),6,gate_proj,mlp,model.layers.6.mlp.gate_proj.weight,19.228406692239826,19.227716788179215,-0.0006899040606107576,-1.5582513237494958e-05
muon_sft_bf16,Muon + SFT (BF16),6,up_proj,mlp,model.layers.6.mlp.up_proj.weight,7.421489572866498,7.420948824233981,-0.000540748632516852,-3.1644954962219135e-05
muon_sft_bf16,Muon + SFT (BF16),6,k_proj,attn,model.layers.6.self_attn.k_proj.weight,22.193674123897594,22.1939220205576,0.0002478966600065746,4.85091155529035e-06
muon_sft_bf16,Muon + SFT (BF16),6,o_proj,attn,model.layers.6.self_attn.o_proj.weight,70513.61868597266,67622.64481647522,-2890.9738694974367,-0.01818085016434503
muon_sft_bf16,Muon + SFT (BF16),6,q_proj,attn,model.layers.6.self_attn.q_proj.weight,18604.75910456698,18574.666527678604,-30.092576888375334,-0.0007030255427839642
muon_sft_bf16,Muon + SFT (BF16),6,v_proj,attn,model.layers.6.self_attn.v_proj.weight,3.2802787964379356,3.280267697231275,-1.109920666042541e-05,-1.4694886198363665e-06
muon_sft_bf16,Muon + SFT (BF16),7,down_proj,mlp,model.layers.7.mlp.down_proj.weight,7.967968298583799,7.968058035631074,8.973704727477383e-05,4.891094384132619e-06
muon_sft_bf16,Muon + SFT (BF16),7,gate_proj,mlp,model.layers.7.mlp.gate_proj.weight,16.82272426896548,16.823632104467233,0.000907835501752885,2.3435996730649888e-05
muon_sft_bf16,Muon + SFT (BF16),7,up_proj,mlp,model.layers.7.mlp.up_proj.weight,8.451906164480205,8.451257005168083,-0.0006491593121218386,-3.3357816455987636e-05
muon_sft_bf16,Muon + SFT (BF16),7,k_proj,attn,model.layers.7.self_attn.k_proj.weight,30.442592542837964,30.440384756324015,-0.0022077865139493724,-3.1497457686346925e-05
muon_sft_bf16,Muon + SFT (BF16),7,o_proj,attn,model.layers.7.self_attn.o_proj.weight,9457.463639954845,9429.555473233257,-27.908166721588714,-0.0012834605138955578
muon_sft_bf16,Muon + SFT (BF16),7,q_proj,attn,model.layers.7.self_attn.q_proj.weight,9030.470682093728,9032.473966005162,2.003283911433755,9.633148624853e-05
muon_sft_bf16,Muon + SFT (BF16),7,v_proj,attn,model.layers.7.self_attn.v_proj.weight,4.6148320901395445,4.614826242984922,-5.847154622706796e-06,-5.502667370520164e-07
muon_sft_bf16,Muon + SFT (BF16),8,down_proj,mlp,model.layers.8.mlp.down_proj.weight,8.059006885143106,8.059029522170897,2.2637027791816422e-05,1.219892548740833e-06
muon_sft_bf16,Muon + SFT (BF16),8,gate_proj,mlp,model.layers.8.mlp.gate_proj.weight,15.70276662952571,15.703719339373508,0.000952709847798161,2.6348482940101032e-05
muon_sft_bf16,Muon + SFT (BF16),8,up_proj,mlp,model.layers.8.mlp.up_proj.weight,11.03707620181019,11.03715137637649,7.517456629990704e-05,2.958010576669689e-06
muon_sft_bf16,Muon + SFT (BF16),8,k_proj,attn,model.layers.8.self_attn.k_proj.weight,26.24428190856445,26.244757657361912,0.0004757487974629271,7.872694155761399e-06
muon_sft_bf16,Muon + SFT (BF16),8,o_proj,attn,model.layers.8.self_attn.o_proj.weight,8728.55329977634,8764.30599046468,35.7526906883395,0.0017752635680836346
muon_sft_bf16,Muon + SFT (BF16),8,q_proj,attn,model.layers.8.self_attn.q_proj.weight,20459.276858621644,20576.063698750997,116.78684012935264,0.002472016387744295
muon_sft_bf16,Muon + SFT (BF16),8,v_proj,attn,model.layers.8.self_attn.v_proj.weight,2.614956506444022,2.6149561480786887,-3.583653334082726e-07,-5.951766199188859e-08
muon_sft_bf16,Muon + SFT (BF16),9,down_proj,mlp,model.layers.9.mlp.down_proj.weight,11.96143651469935,11.961580609635421,0.00014409493607026036,5.2317511024260266e-06
muon_sft_bf16,Muon + SFT (BF16),9,gate_proj,mlp,model.layers.9.mlp.gate_proj.weight,17.04541620966512,17.04665959997737,0.0012433903122506251,3.1678772200136934e-05
muon_sft_bf16,Muon + SFT (BF16),9,up_proj,mlp,model.layers.9.mlp.up_proj.weight,8.607523542303687,8.607204043345636,-0.00031949895805105655,-1.612068896020712e-05
muon_sft_bf16,Muon + SFT (BF16),9,k_proj,attn,model.layers.9.self_attn.k_proj.weight,29.979145885547403,29.979232434215838,8.654866843471609e-05,1.2537900513809926e-06
muon_sft_bf16,Muon + SFT (BF16),9,o_proj,attn,model.layers.9.self_attn.o_proj.weight,26480.436490575365,26379.359206259323,-101.07728431604119,-0.0016608978429824162
muon_sft_bf16,Muon + SFT (BF16),9,q_proj,attn,model.layers.9.self_attn.q_proj.weight,35295.52653603585,35296.85706462486,1.330528589009191,1.6371205923782495e-05
muon_sft_bf16,Muon + SFT (BF16),9,v_proj,attn,model.layers.9.self_attn.v_proj.weight,3.911800039733773,3.9117557311882187,-4.430854555437236e-05,-4.919235549425818e-06
muon_sft_mixed,Muon + SFT (Mixed),-1,embed,embed,model.embed_tokens.weight,69.18641058154057,69.24273643815434,0.056325856613767655,0.0003534228244915549
muon_sft_mixed,Muon + SFT (Mixed),0,down_proj,mlp,model.layers.0.mlp.down_proj.weight,10.546793843948734,10.548133353032222,0.0013395090834880108,5.5154625447848014e-05
muon_sft_mixed,Muon + SFT (Mixed),0,gate_proj,mlp,model.layers.0.mlp.gate_proj.weight,50.790417231602824,50.786755696953556,-0.0036615346492681056,-3.130987501064057e-05
muon_sft_mixed,Muon + SFT (Mixed),0,up_proj,mlp,model.layers.0.mlp.up_proj.weight,30.557746350661454,30.561510762828206,0.0037644121667526065,5.3497490346177656e-05
muon_sft_mixed,Muon + SFT (Mixed),0,k_proj,attn,model.layers.0.self_attn.k_proj.weight,18.73935745084044,18.745066287214534,0.005708836374093806,0.0001322851417885985
muon_sft_mixed,Muon + SFT (Mixed),0,o_proj,attn,model.layers.0.self_attn.o_proj.weight,38555.79005042446,34842.55061268957,-3713.23943773489,-0.04397966714701102
muon_sft_mixed,Muon + SFT (Mixed),0,q_proj,attn,model.layers.0.self_attn.q_proj.weight,184976.8751259078,184524.80366370524,-452.07146220255527,-0.0010626865894863566
muon_sft_mixed,Muon + SFT (Mixed),0,v_proj,attn,model.layers.0.self_attn.v_proj.weight,7.7755061789352835,7.774612461739794,-0.000893717195489252,-4.992070553021746e-05
muon_sft_mixed,Muon + SFT (Mixed),1,down_proj,mlp,model.layers.1.mlp.down_proj.weight,8.998430005007657,8.999136209900547,0.0007062048928894171,3.408248477266304e-05
muon_sft_mixed,Muon + SFT (Mixed),1,gate_proj,mlp,model.layers.1.mlp.gate_proj.weight,33.91668364456576,33.91522293534961,-0.0014607092161469382,-1.870441166470697e-05
muon_sft_mixed,Muon + SFT (Mixed),1,up_proj,mlp,model.layers.1.mlp.up_proj.weight,37.735381088331756,37.73417042644314,-0.0012106618886136289,-1.3933666416924764e-05
muon_sft_mixed,Muon + SFT (Mixed),1,k_proj,attn,model.layers.1.self_attn.k_proj.weight,30.087513316132128,30.091617045692384,0.004103729560256397,5.9230736479182897e-05
muon_sft_mixed,Muon + SFT (Mixed),1,o_proj,attn,model.layers.1.self_attn.o_proj.weight,49034.98587834326,70870.67079870374,21835.68492036048,0.15996048886309824
muon_sft_mixed,Muon + SFT (Mixed),1,q_proj,attn,model.layers.1.self_attn.q_proj.weight,1074758.1049613138,1613878.2503536579,539120.1453923441,0.17656003990255278
muon_sft_mixed,Muon + SFT (Mixed),1,v_proj,attn,model.layers.1.self_attn.v_proj.weight,3.341969736117407,3.3419235652609314,-4.617085647584673e-05,-6.000020433707642e-06
muon_sft_mixed,Muon + SFT (Mixed),10,down_proj,mlp,model.layers.10.mlp.down_proj.weight,13.491719978091211,13.491499344557624,-0.00022063353358703353,-7.102186363757628e-06
muon_sft_mixed,Muon + SFT (Mixed),10,gate_proj,mlp,model.layers.10.mlp.gate_proj.weight,16.210019773701827,16.20998856268073,-3.12110210956007e-05,-8.361980722151046e-07
muon_sft_mixed,Muon + SFT (Mixed),10,up_proj,mlp,model.layers.10.mlp.up_proj.weight,8.538043575643336,8.537905493388209,-0.00013808225512690342,-7.023722219978541e-06
muon_sft_mixed,Muon + SFT (Mixed),10,k_proj,attn,model.layers.10.self_attn.k_proj.weight,24.034098760920294,24.040207049007908,0.006108288087613545,0.0001103623143344035
muon_sft_mixed,Muon + SFT (Mixed),10,o_proj,attn,model.layers.10.self_attn.o_proj.weight,15508.710116684786,16348.515328931027,839.8052122462414,0.022902640473266605
muon_sft_mixed,Muon + SFT (Mixed),10,q_proj,attn,model.layers.10.self_attn.q_proj.weight,12813.850813777506,12521.708891279397,-292.1419224981091,-0.010016060430592617
muon_sft_mixed,Muon + SFT (Mixed),10,v_proj,attn,model.layers.10.self_attn.v_proj.weight,3.2994636012714755,3.2994202462442614,-4.3355027214087016e-05,-5.70667692212158e-06
muon_sft_mixed,Muon + SFT (Mixed),11,down_proj,mlp,model.layers.11.mlp.down_proj.weight,16.054627449194015,16.05357669693425,-0.00105075225976492,-2.8424878971689833e-05
muon_sft_mixed,Muon + SFT (Mixed),11,gate_proj,mlp,model.layers.11.mlp.gate_proj.weight,13.225697438590451,13.225744051691994,4.6613101542192226e-05,1.530639665971604e-06
muon_sft_mixed,Muon + SFT (Mixed),11,up_proj,mlp,model.layers.11.mlp.up_proj.weight,6.605510357941471,6.605423399092787,-8.695884868359371e-05,-5.717347286862069e-06
muon_sft_mixed,Muon + SFT (Mixed),11,k_proj,attn,model.layers.11.self_attn.k_proj.weight,21.610944081803808,21.60793272648277,-0.003011355321039133,-6.052054554287941e-05
muon_sft_mixed,Muon + SFT (Mixed),11,o_proj,attn,model.layers.11.self_attn.o_proj.weight,139258.46738802953,83374.64918294417,-55883.818205085365,-0.22278759168936055
muon_sft_mixed,Muon + SFT (Mixed),11,q_proj,attn,model.layers.11.self_attn.q_proj.weight,28543.812668067454,26295.104822873956,-2248.7078451934976,-0.0356370760220117
muon_sft_mixed,Muon + SFT (Mixed),11,v_proj,attn,model.layers.11.self_attn.v_proj.weight,2.8678401021237847,2.8679136361047717,7.353398098697284e-05,1.113555554655575e-05
muon_sft_mixed,Muon + SFT (Mixed),12,down_proj,mlp,model.layers.12.mlp.down_proj.weight,14.145448240851502,14.145042301797824,-0.0004059390536781393,-1.2463346349390246e-05
muon_sft_mixed,Muon + SFT (Mixed),12,gate_proj,mlp,model.layers.12.mlp.gate_proj.weight,18.888272791501652,18.88853357536247,0.00026078386081707094,5.9961125683744766e-06
muon_sft_mixed,Muon + SFT (Mixed),12,up_proj,mlp,model.layers.12.mlp.up_proj.weight,8.061255117094625,8.060820597560655,-0.0004345195339698904,-2.3410066950194437e-05
muon_sft_mixed,Muon + SFT (Mixed),12,k_proj,attn,model.layers.12.self_attn.k_proj.weight,20.867707840632306,20.877779713124998,0.01007187249269137,0.00020956318812905654
muon_sft_mixed,Muon + SFT (Mixed),12,o_proj,attn,model.layers.12.self_attn.o_proj.weight,102000.14319866779,61371.798122570486,-40628.34507609731,-0.22063193367578662
muon_sft_mixed,Muon + SFT (Mixed),12,q_proj,attn,model.layers.12.self_attn.q_proj.weight,14798.684955393119,15784.17474209705,985.4897867039308,0.027998755501199235
muon_sft_mixed,Muon + SFT (Mixed),12,v_proj,attn,model.layers.12.self_attn.v_proj.weight,2.550671517667282,2.550912994705769,0.0002414770384873144,4.111355801135002e-05
muon_sft_mixed,Muon + SFT (Mixed),13,down_proj,mlp,model.layers.13.mlp.down_proj.weight,30.005646690345184,30.000098328100208,-0.005548362244976346,-8.031308044653291e-05
muon_sft_mixed,Muon + SFT (Mixed),13,gate_proj,mlp,model.layers.13.mlp.gate_proj.weight,12.316046719506732,12.316995709354364,0.0009489898476324754,3.346245642237158e-05
muon_sft_mixed,Muon + SFT (Mixed),13,up_proj,mlp,model.layers.13.mlp.up_proj.weight,6.311217662216599,6.310517803838007,-0.0006998583785922108,-4.816209832085498e-05
muon_sft_mixed,Muon + SFT (Mixed),13,k_proj,attn,model.layers.13.self_attn.k_proj.weight,41.906820743475016,41.90880874844749,0.001988004972474755,2.0601875686879053e-05
muon_sft_mixed,Muon + SFT (Mixed),13,o_proj,attn,model.layers.13.self_attn.o_proj.weight,9641.296136551193,10142.607133602143,501.3109970509504,0.022014181127657458
muon_sft_mixed,Muon + SFT (Mixed),13,q_proj,attn,model.layers.13.self_attn.q_proj.weight,57124.68510683214,77739.63610932684,20614.951002494694,0.1338186843285783
muon_sft_mixed,Muon + SFT (Mixed),13,v_proj,attn,model.layers.13.self_attn.v_proj.weight,3.7001013163270056,3.7004923458406815,0.0003910295136759778,4.5894145243216466e-05
muon_sft_mixed,Muon + SFT (Mixed),14,down_proj,mlp,model.layers.14.mlp.down_proj.weight,12.14858893422566,12.149365807629739,0.00077687340407806,2.7771212534418784e-05
muon_sft_mixed,Muon + SFT (Mixed),14,gate_proj,mlp,model.layers.14.mlp.gate_proj.weight,13.416229041756727,13.415859828165205,-0.0003692135915223105,-1.195191520343528e-05
muon_sft_mixed,Muon + SFT (Mixed),14,up_proj,mlp,model.layers.14.mlp.up_proj.weight,6.92702720942221,6.927576948251944,0.000549738829733748,3.446486635775329e-05
muon_sft_mixed,Muon + SFT (Mixed),14,k_proj,attn,model.layers.14.self_attn.k_proj.weight,23.136335100841148,23.141340196995106,0.005005096153958277,9.394100440633343e-05
muon_sft_mixed,Muon + SFT (Mixed),14,o_proj,attn,model.layers.14.self_attn.o_proj.weight,6453.263467239998,6549.571076712902,96.307609472904,0.006433463116060857
muon_sft_mixed,Muon + SFT (Mixed),14,q_proj,attn,model.layers.14.self_attn.q_proj.weight,12016.462412922161,12206.7356531798,190.27324025763846,0.006822907337205594
muon_sft_mixed,Muon + SFT (Mixed),14,v_proj,attn,model.layers.14.self_attn.v_proj.weight,6.809948120874071,6.809362757087717,-0.0005853637863539873,-3.733232389716648e-05
muon_sft_mixed,Muon + SFT (Mixed),15,down_proj,mlp,model.layers.15.mlp.down_proj.weight,12.83113835849419,12.831370071245995,0.00023171275180544626,7.842691588357956e-06
muon_sft_mixed,Muon + SFT (Mixed),15,gate_proj,mlp,model.layers.15.mlp.gate_proj.weight,16.831657108500657,16.83207341685407,0.00041630835341166517,1.0741555843309628e-05
muon_sft_mixed,Muon + SFT (Mixed),15,up_proj,mlp,model.layers.15.mlp.up_proj.weight,9.399973299687645,9.399942286217533,-3.101347011202904e-05,-1.4328765331862748e-06
muon_sft_mixed,Muon + SFT (Mixed),15,k_proj,attn,model.layers.15.self_attn.k_proj.weight,25.442585553328566,25.444334787744225,0.0017492344156586626,2.9857686395012848e-05
muon_sft_mixed,Muon + SFT (Mixed),15,o_proj,attn,model.layers.15.self_attn.o_proj.weight,29248.74824238646,30762.916566205633,1514.1683238191727,0.021920223279859884
muon_sft_mixed,Muon + SFT (Mixed),15,q_proj,attn,model.layers.15.self_attn.q_proj.weight,23869.157071525828,24405.088802590242,535.9317310644146,0.009643309894500062
muon_sft_mixed,Muon + SFT (Mixed),15,v_proj,attn,model.layers.15.self_attn.v_proj.weight,3.3575600712900404,3.357415093055908,-0.000144978234132509,-1.8753084128692807e-05
muon_sft_mixed,Muon + SFT (Mixed),16,down_proj,mlp,model.layers.16.mlp.down_proj.weight,9.686499227673869,9.686661624385803,0.00016239671193396532,7.281000391411822e-06
muon_sft_mixed,Muon + SFT (Mixed),16,gate_proj,mlp,model.layers.16.mlp.gate_proj.weight,12.919883539201004,12.918334057721601,-0.0015494814794028144,-5.20880555787969e-05
muon_sft_mixed,Muon + SFT (Mixed),16,up_proj,mlp,model.layers.16.mlp.up_proj.weight,6.159145316251316,6.158651397966703,-0.000493918284613315,-3.482862895213152e-05
muon_sft_mixed,Muon + SFT (Mixed),16,k_proj,attn,model.layers.16.self_attn.k_proj.weight,20.671141321487564,20.665239769172793,-0.005901552314771408,-0.00012400754757707595
muon_sft_mixed,Muon + SFT (Mixed),16,o_proj,attn,model.layers.16.self_attn.o_proj.weight,41529.00729033527,43627.98164686754,2098.9743565322715,0.02141357191160195
muon_sft_mixed,Muon + SFT (Mixed),16,q_proj,attn,model.layers.16.self_attn.q_proj.weight,103943.38985456145,103479.42903181365,-463.960822747802,-0.001942852404222017
muon_sft_mixed,Muon + SFT (Mixed),16,v_proj,attn,model.layers.16.self_attn.v_proj.weight,2.78870242790059,2.788815389244017,0.0001129613434271981,1.7591512832033548e-05
muon_sft_mixed,Muon + SFT (Mixed),17,down_proj,mlp,model.layers.17.mlp.down_proj.weight,6.7996349709306605,6.799549532379959,-8.543855070186623e-05,-5.457017088484643e-06
muon_sft_mixed,Muon + SFT (Mixed),17,gate_proj,mlp,model.layers.17.mlp.gate_proj.weight,17.968770886906377,17.968224893517426,-0.0005459933889504498,-1.3196535260964141e-05
muon_sft_mixed,Muon + SFT (Mixed),17,up_proj,mlp,model.layers.17.mlp.up_proj.weight,12.572357420855843,12.572371354198147,1.3933342303928953e-05,4.813075322124403e-07
muon_sft_mixed,Muon + SFT (Mixed),17,k_proj,attn,model.layers.17.self_attn.k_proj.weight,15.488632202364206,15.485289237302812,-0.0033429650613943096,-9.37453972577701e-05
muon_sft_mixed,Muon + SFT (Mixed),17,o_proj,attn,model.layers.17.self_attn.o_proj.weight,57591.66094582242,49925.855127089606,-7665.805818732813,-0.06203409160427198
muon_sft_mixed,Muon + SFT (Mixed),17,q_proj,attn,model.layers.17.self_attn.q_proj.weight,13024.993728263826,12987.154715439496,-37.839012824329984,-0.0012635085561729595
muon_sft_mixed,Muon + SFT (Mixed),17,v_proj,attn,model.layers.17.self_attn.v_proj.weight,4.045377579425002,4.045558614774927,0.0001810353499243078,1.9434748124961947e-05
muon_sft_mixed,Muon + SFT (Mixed),18,down_proj,mlp,model.layers.18.mlp.down_proj.weight,6.643981466821017,6.643959705606624,-2.1761214392235217e-05,-1.422458935857708e-06
muon_sft_mixed,Muon + SFT (Mixed),18,gate_proj,mlp,model.layers.18.mlp.gate_proj.weight,18.455846043796296,18.45587491405515,2.887025885556227e-05,6.793611236450908e-07
muon_sft_mixed,Muon + SFT (Mixed),18,up_proj,mlp,model.layers.18.mlp.up_proj.weight,10.672724442726581,10.673158880749593,0.00043443802301190715,1.7677791383913774e-05
muon_sft_mixed,Muon + SFT (Mixed),18,k_proj,attn,model.layers.18.self_attn.k_proj.weight,22.852605445749074,22.861209324345364,0.00860387859628986,0.00016347867970538252
muon_sft_mixed,Muon + SFT (Mixed),18,o_proj,attn,model.layers.18.self_attn.o_proj.weight,21937.349567301397,19351.945034957822,-2585.404532343575,-0.05445953386327282
muon_sft_mixed,Muon + SFT (Mixed),18,q_proj,attn,model.layers.18.self_attn.q_proj.weight,33741.713223670544,36930.80143690651,3189.0882132359693,0.03922160243328032
muon_sft_mixed,Muon + SFT (Mixed),18,v_proj,attn,model.layers.18.self_attn.v_proj.weight,2.1434580875579408,2.143488811851073,3.072429313233371e-05,6.2251253776499e-06
muon_sft_mixed,Muon + SFT (Mixed),19,down_proj,mlp,model.layers.19.mlp.down_proj.weight,7.114441587440737,7.114288252824716,-0.00015333461602118348,-9.36027015381249e-06
muon_sft_mixed,Muon + SFT (Mixed),19,gate_proj,mlp,model.layers.19.mlp.gate_proj.weight,18.805480505433707,18.805080400150384,-0.00040010528332246054,-9.240144924701513e-06
muon_sft_mixed,Muon + SFT (Mixed),19,up_proj,mlp,model.layers.19.mlp.up_proj.weight,10.390484231630769,10.389927193114225,-0.0005570385165434288,-2.3283345941084288e-05
muon_sft_mixed,Muon + SFT (Mixed),19,k_proj,attn,model.layers.19.self_attn.k_proj.weight,22.401692950673606,22.39265647466657,-0.009036476007036498,-0.00017522262380372886
muon_sft_mixed,Muon + SFT (Mixed),19,o_proj,attn,model.layers.19.self_attn.o_proj.weight,24022.826455842358,21528.96724237111,-2493.859213471249,-0.04760090694465233
muon_sft_mixed,Muon + SFT (Mixed),19,q_proj,attn,model.layers.19.self_attn.q_proj.weight,25682.89091427411,25737.028003386487,54.137089112377,0.0009144879358043037
muon_sft_mixed,Muon + SFT (Mixed),19,v_proj,attn,model.layers.19.self_attn.v_proj.weight,3.008918396896258,3.008962863741521,4.446684526282496e-05,6.4181078652910774e-06
muon_sft_mixed,Muon + SFT (Mixed),2,down_proj,mlp,model.layers.2.mlp.down_proj.weight,13.20255066881167,13.203032998715319,0.00048232990364915906,1.5865827339606764e-05
muon_sft_mixed,Muon + SFT (Mixed),2,gate_proj,mlp,model.layers.2.mlp.gate_proj.weight,17.38657445257771,17.386139571428213,-0.00043488114949852275,-1.0862912994958725e-05
muon_sft_mixed,Muon + SFT (Mixed),2,up_proj,mlp,model.layers.2.mlp.up_proj.weight,8.916099391549464,8.914240632929276,-0.0018587586201874728,-9.054775329619785e-05
muon_sft_mixed,Muon + SFT (Mixed),2,k_proj,attn,model.layers.2.self_attn.k_proj.weight,17.246031056628958,17.246548879743557,0.0005178231145990253,1.3039773870432373e-05
muon_sft_mixed,Muon + SFT (Mixed),2,o_proj,attn,model.layers.2.self_attn.o_proj.weight,31093.030750193404,30056.518534603718,-1036.512215589686,-0.0147243817989761
muon_sft_mixed,Muon + SFT (Mixed),2,q_proj,attn,model.layers.2.self_attn.q_proj.weight,24610.069351651575,23329.104862461878,-1280.964489189697,-0.023214762316598424
muon_sft_mixed,Muon + SFT (Mixed),2,v_proj,attn,model.layers.2.self_attn.v_proj.weight,3.1911166787384015,3.1914920863870466,0.00037540764864507636,5.108803514626661e-05
muon_sft_mixed,Muon + SFT (Mixed),20,down_proj,mlp,model.layers.20.mlp.down_proj.weight,7.516513788547348,7.516626278836623,0.0001124902892746249,6.499495339159825e-06
muon_sft_mixed,Muon + SFT (Mixed),20,gate_proj,mlp,model.layers.20.mlp.gate_proj.weight,19.204884886797178,19.20573845069097,0.0008535638937914314,1.930185229377125e-05
muon_sft_mixed,Muon + SFT (Mixed),20,up_proj,mlp,model.layers.20.mlp.up_proj.weight,11.187456334212877,11.187580400075522,0.00012406586264468444,4.816181549061455e-06
muon_sft_mixed,Muon + SFT (Mixed),20,k_proj,attn,model.layers.20.self_attn.k_proj.weight,22.072850031907265,22.085446786629426,0.012596754722160597,0.0002477768214927985
muon_sft_mixed,Muon + SFT (Mixed),20,o_proj,attn,model.layers.20.self_attn.o_proj.weight,123534.76145527787,77109.40067948787,-46425.36077579,-0.204681853294298
muon_sft_mixed,Muon + SFT (Mixed),20,q_proj,attn,model.layers.20.self_attn.q_proj.weight,9243.896257866112,9077.745037388142,-166.15122047797013,-0.007877082105761133
muon_sft_mixed,Muon + SFT (Mixed),20,v_proj,attn,model.layers.20.self_attn.v_proj.weight,6.942409244310096,6.943760688277909,0.0013514439678123935,8.45336997206418e-05
muon_sft_mixed,Muon + SFT (Mixed),21,down_proj,mlp,model.layers.21.mlp.down_proj.weight,9.390981919055381,9.389520575370751,-0.0014613436846300232,-6.7586423725155e-05
muon_sft_mixed,Muon + SFT (Mixed),21,gate_proj,mlp,model.layers.21.mlp.gate_proj.weight,17.629945642520745,17.62905683292823,-0.0008888095925136952,-2.189540681657274e-05
muon_sft_mixed,Muon + SFT (Mixed),21,up_proj,mlp,model.layers.21.mlp.up_proj.weight,8.16699577216017,8.166849878297878,-0.0001458938622924677,-7.758234122520193e-06
muon_sft_mixed,Muon + SFT (Mixed),21,k_proj,attn,model.layers.21.self_attn.k_proj.weight,29.992183020775197,29.988989712436247,-0.0031933083389503736,-4.6242383359213225e-05
muon_sft_mixed,Muon + SFT (Mixed),21,o_proj,attn,model.layers.21.self_attn.o_proj.weight,298850.6543733745,307113.5489162838,8262.894542909344,0.01184476550174306
muon_sft_mixed,Muon + SFT (Mixed),21,q_proj,attn,model.layers.21.self_attn.q_proj.weight,14032.644030663625,14604.418863048846,571.7748323852211,0.01734477176841135
muon_sft_mixed,Muon + SFT (Mixed),21,v_proj,attn,model.layers.21.self_attn.v_proj.weight,4.366601968716395,4.365983103309035,-0.0006188654073602251,-6.155561719480591e-05
muon_sft_mixed,Muon + SFT (Mixed),22,down_proj,mlp,model.layers.22.mlp.down_proj.weight,9.904782336268656,9.90485658993613,7.425366747426665e-05,3.2557845365905235e-06
muon_sft_mixed,Muon + SFT (Mixed),22,gate_proj,mlp,model.layers.22.mlp.gate_proj.weight,22.904187063530273,22.904068267057397,-0.00011879647287571515,-2.252548247801566e-06
muon_sft_mixed,Muon + SFT (Mixed),22,up_proj,mlp,model.layers.22.mlp.up_proj.weight,12.79968858450657,12.799569159570053,-0.00011942493651773134,-4.052116780130267e-06
muon_sft_mixed,Muon + SFT (Mixed),22,k_proj,attn,model.layers.22.self_attn.k_proj.weight,20.39377999771742,20.397350314124935,0.0035703164075151506,7.602479786844955e-05
muon_sft_mixed,Muon + SFT (Mixed),22,o_proj,attn,model.layers.22.self_attn.o_proj.weight,35374.77308841131,31389.460140513293,-3985.312947898019,-0.051909816316090596
muon_sft_mixed,Muon + SFT (Mixed),22,q_proj,attn,model.layers.22.self_attn.q_proj.weight,47977.340735145204,55521.34392676529,7544.003191620082,0.06342379749298209
muon_sft_mixed,Muon + SFT (Mixed),22,v_proj,attn,model.layers.22.self_attn.v_proj.weight,5.233505964972921,5.232763207905739,-0.000742757067182076,-6.164093257781898e-05
muon_sft_mixed,Muon + SFT (Mixed),23,down_proj,mlp,model.layers.23.mlp.down_proj.weight,11.80645745879601,11.806136781734908,-0.00032067706110083805,-1.1796101410875162e-05
muon_sft_mixed,Muon + SFT (Mixed),23,gate_proj,mlp,model.layers.23.mlp.gate_proj.weight,19.84423847022627,19.84428471591135,4.624568508049265e-05,1.012093382624356e-06
muon_sft_mixed,Muon + SFT (Mixed),23,up_proj,mlp,model.layers.23.mlp.up_proj.weight,10.79189058648552,10.792214510571496,0.00032392408597559097,1.3035374176769018e-05
muon_sft_mixed,Muon + SFT (Mixed),23,k_proj,attn,model.layers.23.self_attn.k_proj.weight,16.001526800630636,15.99238720862623,-0.009139592004405728,-0.0002481268456984484
muon_sft_mixed,Muon + SFT (Mixed),23,o_proj,attn,model.layers.23.self_attn.o_proj.weight,13053.866526333686,13416.86955772516,363.003031391474,0.011912029680412412
muon_sft_mixed,Muon + SFT (Mixed),23,q_proj,attn,model.layers.23.self_attn.q_proj.weight,764874.9518123881,766864.2561817277,1989.304369339603,0.0011280567757934509
muon_sft_mixed,Muon + SFT (Mixed),23,v_proj,attn,model.layers.23.self_attn.v_proj.weight,4.042193780833294,4.0423716944616315,0.00017791362833730062,1.911467160257309e-05
muon_sft_mixed,Muon + SFT (Mixed),24,down_proj,mlp,model.layers.24.mlp.down_proj.weight,10.013056479364716,10.012160000607604,-0.0008964787571112964,-3.8884551186397525e-05
muon_sft_mixed,Muon + SFT (Mixed),24,gate_proj,mlp,model.layers.24.mlp.gate_proj.weight,21.0475855955308,21.04816312297225,0.0005775274414503428,1.19164993435138e-05
muon_sft_mixed,Muon + SFT (Mixed),24,up_proj,mlp,model.layers.24.mlp.up_proj.weight,13.895235392599337,13.894937789217972,-0.000297603381365974,-9.301669729265116e-06
muon_sft_mixed,Muon + SFT (Mixed),24,k_proj,attn,model.layers.24.self_attn.k_proj.weight,31.211181081905732,31.21417165075597,0.002990568850236741,4.161089985238658e-05
muon_sft_mixed,Muon + SFT (Mixed),24,o_proj,attn,model.layers.24.self_attn.o_proj.weight,13596.107700858232,14623.755465429604,1027.6477645713712,0.03164432012729149
muon_sft_mixed,Muon + SFT (Mixed),24,q_proj,attn,model.layers.24.self_attn.q_proj.weight,119825.2524376554,130481.43281781736,10656.180380161954,0.03700036445063153
muon_sft_mixed,Muon + SFT (Mixed),24,v_proj,attn,model.layers.24.self_attn.v_proj.weight,3.6003445004354857,3.5992010140860065,-0.0011434863494792502,-0.0001379558792661791
muon_sft_mixed,Muon + SFT (Mixed),25,down_proj,mlp,model.layers.25.mlp.down_proj.weight,9.428473935149443,9.428466981166334,-6.953983108459738e-06,-3.203145732690326e-07
muon_sft_mixed,Muon + SFT (Mixed),25,gate_proj,mlp,model.layers.25.mlp.gate_proj.weight,21.338091581274373,21.338538636536896,0.0004470552625228663,9.098826811550316e-06
muon_sft_mixed,Muon + SFT (Mixed),25,up_proj,mlp,model.layers.25.mlp.up_proj.weight,18.112209505291784,18.112661694417476,0.0004521891256921151,1.0842453572384794e-05
muon_sft_mixed,Muon + SFT (Mixed),25,k_proj,attn,model.layers.25.self_attn.k_proj.weight,22.462953951457504,22.456364788110246,-0.006589163347257454,-0.0001274123198167675
muon_sft_mixed,Muon + SFT (Mixed),25,o_proj,attn,model.layers.25.self_attn.o_proj.weight,16296.613319126418,16058.700524373437,-237.91279475298143,-0.006386961764046805
muon_sft_mixed,Muon + SFT (Mixed),25,q_proj,attn,model.layers.25.self_attn.q_proj.weight,24555.210708810777,25293.555408460445,738.3446996496677,0.01286621540569595
muon_sft_mixed,Muon + SFT (Mixed),25,v_proj,attn,model.layers.25.self_attn.v_proj.weight,4.337190824833435,4.337172037556299,-1.878727713577888e-05,-1.8812242281234926e-06
muon_sft_mixed,Muon + SFT (Mixed),26,down_proj,mlp,model.layers.26.mlp.down_proj.weight,8.741682232718533,8.741277795764983,-0.0004044369535503023,-2.009324930672562e-05
muon_sft_mixed,Muon + SFT (Mixed),26,gate_proj,mlp,model.layers.26.mlp.gate_proj.weight,20.0336868429297,20.03326582292759,-0.0004210200021113053,-9.127056166199668e-06
muon_sft_mixed,Muon + SFT (Mixed),26,up_proj,mlp,model.layers.26.mlp.up_proj.weight,18.54966977174175,18.54927284440913,-0.00039692733261986746,-9.293167843832973e-06
muon_sft_mixed,Muon + SFT (Mixed),26,k_proj,attn,model.layers.26.self_attn.k_proj.weight,18.924022446774764,18.92872938436369,0.004706937588927929,0.00010800784266306835
muon_sft_mixed,Muon + SFT (Mixed),26,o_proj,attn,model.layers.26.self_attn.o_proj.weight,32723.99759321507,32778.935601702375,54.938008487304614,0.0007284949959807571
muon_sft_mixed,Muon + SFT (Mixed),26,q_proj,attn,model.layers.26.self_attn.q_proj.weight,48120.87790718429,50606.112298784516,2485.2343916002283,0.021869432972204634
muon_sft_mixed,Muon + SFT (Mixed),26,v_proj,attn,model.layers.26.self_attn.v_proj.weight,4.835564685889436,4.834078003791005,-0.001486682098430947,-0.00013354326679919265
muon_sft_mixed,Muon + SFT (Mixed),27,down_proj,mlp,model.layers.27.mlp.down_proj.weight,11.983131396493501,11.983285838490806,0.00015444199730474395,5.5972744317443834e-06
muon_sft_mixed,Muon + SFT (Mixed),27,gate_proj,mlp,model.layers.27.mlp.gate_proj.weight,34.01131673372879,34.011204853070595,-0.00011188065819567328,-1.428619561665598e-06
muon_sft_mixed,Muon + SFT (Mixed),27,up_proj,mlp,model.layers.27.mlp.up_proj.weight,27.05991417573715,27.058221633813307,-0.001692541923841162,-2.716507533594319e-05
muon_sft_mixed,Muon + SFT (Mixed),27,k_proj,attn,model.layers.27.self_attn.k_proj.weight,16.960271595775623,16.96072720530109,0.0004556095254670822,1.1666443195600085e-05
muon_sft_mixed,Muon + SFT (Mixed),27,o_proj,attn,model.layers.27.self_attn.o_proj.weight,99634.79632267175,102189.83524719144,2555.0389245196857,0.010996661635517326
muon_sft_mixed,Muon + SFT (Mixed),27,q_proj,attn,model.layers.27.self_attn.q_proj.weight,91711.44628086085,82894.17562251973,-8817.27065834112,-0.043899525409989724
muon_sft_mixed,Muon + SFT (Mixed),27,v_proj,attn,model.layers.27.self_attn.v_proj.weight,7.853791579470053,7.8541043849690375,0.00031280549898493604,1.729699540206141e-05
muon_sft_mixed,Muon + SFT (Mixed),3,down_proj,mlp,model.layers.3.mlp.down_proj.weight,10.758270959803003,10.759097112432174,0.0008261526291715171,3.334920209859644e-05
muon_sft_mixed,Muon + SFT (Mixed),3,gate_proj,mlp,model.layers.3.mlp.gate_proj.weight,13.999766940935217,13.999968619394974,0.00020167845975649357,6.256333528808829e-06
muon_sft_mixed,Muon + SFT (Mixed),3,up_proj,mlp,model.layers.3.mlp.up_proj.weight,7.592358408260811,7.59210335527203,-0.0002550529887805908,-1.4589665060986909e-05
muon_sft_mixed,Muon + SFT (Mixed),3,k_proj,attn,model.layers.3.self_attn.k_proj.weight,15.502942945207748,15.497343038869227,-0.00559990633852081,-0.00015690232339772664
muon_sft_mixed,Muon + SFT (Mixed),3,o_proj,attn,model.layers.3.self_attn.o_proj.weight,16528.241725287102,18889.237429800804,2360.9957045137016,0.05798776976658607
muon_sft_mixed,Muon + SFT (Mixed),3,q_proj,attn,model.layers.3.self_attn.q_proj.weight,75355.26316454641,89000.47079764798,13645.20763310157,0.072278713125498
muon_sft_mixed,Muon + SFT (Mixed),3,v_proj,attn,model.layers.3.self_attn.v_proj.weight,3.891617107326821,3.8911503325829386,-0.0004667747438822367,-5.2093987740996014e-05
muon_sft_mixed,Muon + SFT (Mixed),4,down_proj,mlp,model.layers.4.mlp.down_proj.weight,11.15720155550664,11.159727492614477,0.002525937107836995,9.831106689343341e-05
muon_sft_mixed,Muon + SFT (Mixed),4,gate_proj,mlp,model.layers.4.mlp.gate_proj.weight,17.495981170242754,17.49578221120624,-0.00019895903651345748,-4.938694328812076e-06
muon_sft_mixed,Muon + SFT (Mixed),4,up_proj,mlp,model.layers.4.mlp.up_proj.weight,8.782003015120793,8.780574849279759,-0.0014281658410340015,-7.063251763607953e-05
muon_sft_mixed,Muon + SFT (Mixed),4,k_proj,attn,model.layers.4.self_attn.k_proj.weight,23.93670634239095,23.9407296092015,0.004023266810552428,7.298981428025609e-05
muon_sft_mixed,Muon + SFT (Mixed),4,o_proj,attn,model.layers.4.self_attn.o_proj.weight,8582.208719375358,8586.888357991556,4.679638616198645,0.00023674410709964965
muon_sft_mixed,Muon + SFT (Mixed),4,q_proj,attn,model.layers.4.self_attn.q_proj.weight,19385.367499083055,19239.974115451038,-145.3933836320175,-0.003269555157854439
muon_sft_mixed,Muon + SFT (Mixed),4,v_proj,attn,model.layers.4.self_attn.v_proj.weight,3.7875720759658726,3.787978573332288,0.0004064973664155147,4.660771777116402e-05
muon_sft_mixed,Muon + SFT (Mixed),5,down_proj,mlp,model.layers.5.mlp.down_proj.weight,12.388049471794826,12.389222023640901,0.0011725518460750095,4.110483246469593e-05
muon_sft_mixed,Muon + SFT (Mixed),5,gate_proj,mlp,model.layers.5.mlp.gate_proj.weight,20.634483011844836,20.634146336375032,-0.0003366754698035379,-7.0860748728687756e-06
muon_sft_mixed,Muon + SFT (Mixed),5,up_proj,mlp,model.layers.5.mlp.up_proj.weight,8.094579137228608,8.09459330168012,1.4164451512144183e-05,7.599577006570239e-07
muon_sft_mixed,Muon + SFT (Mixed),5,k_proj,attn,model.layers.5.self_attn.k_proj.weight,22.35050954040556,22.35778607455369,0.007276534148129343,0.0001413678876526073
muon_sft_mixed,Muon + SFT (Mixed),5,o_proj,attn,model.layers.5.self_attn.o_proj.weight,14934.50156341116,13198.378135803852,-1736.1234276073083,-0.05367016585754192
muon_sft_mixed,Muon + SFT (Mixed),5,q_proj,attn,model.layers.5.self_attn.q_proj.weight,14969.234018258956,14818.736424225663,-150.49759403329335,-0.004388404432243308
muon_sft_mixed,Muon + SFT (Mixed),5,v_proj,attn,model.layers.5.self_attn.v_proj.weight,3.3558693468749854,3.3557137442033764,-0.00015560267160896757,-2.013753856406332e-05
muon_sft_mixed,Muon + SFT (Mixed),6,down_proj,mlp,model.layers.6.mlp.down_proj.weight,9.162314837809912,9.16239224786502,7.741005510730758e-05,3.669227521086356e-06
muon_sft_mixed,Muon + SFT (Mixed),6,gate_proj,mlp,model.layers.6.mlp.gate_proj.weight,19.228406692239826,19.225663022208042,-0.0027436700317835516,-6.197319377829454e-05
muon_sft_mixed,Muon + SFT (Mixed),6,up_proj,mlp,model.layers.6.mlp.up_proj.weight,7.421489572866498,7.421053196353325,-0.00043637651317229853,-2.553685237150789e-05
muon_sft_mixed,Muon + SFT (Mixed),6,k_proj,attn,model.layers.6.self_attn.k_proj.weight,22.193674123897594,22.18934435150991,-0.004329772387684727,-8.473494261665616e-05
muon_sft_mixed,Muon + SFT (Mixed),6,o_proj,attn,model.layers.6.self_attn.o_proj.weight,70513.61868597266,86437.13061161329,15923.511925640632,0.08842733871082273
muon_sft_mixed,Muon + SFT (Mixed),6,q_proj,attn,model.layers.6.self_attn.q_proj.weight,18604.75910456698,17421.31278433732,-1183.446320229661,-0.02854317292722522
muon_sft_mixed,Muon + SFT (Mixed),6,v_proj,attn,model.layers.6.self_attn.v_proj.weight,3.2802787964379356,3.2798958144887287,-0.00038298194920693973,-5.070808545890343e-05
muon_sft_mixed,Muon + SFT (Mixed),7,down_proj,mlp,model.layers.7.mlp.down_proj.weight,7.967968298583799,7.9682004393782195,0.00023214079442013258,1.2652660461354449e-05
muon_sft_mixed,Muon + SFT (Mixed),7,gate_proj,mlp,model.layers.7.mlp.gate_proj.weight,16.82272426896548,16.823468272590645,0.000744003625165135,1.9206730067863855e-05
muon_sft_mixed,Muon + SFT (Mixed),7,up_proj,mlp,model.layers.7.mlp.up_proj.weight,8.451906164480205,8.451823760558746,-8.240392145886233e-05,-4.234280663010807e-06
muon_sft_mixed,Muon + SFT (Mixed),7,k_proj,attn,model.layers.7.self_attn.k_proj.weight,30.442592542837964,30.434578408665804,-0.00801413417216068,-0.00011434480984932556
muon_sft_mixed,Muon + SFT (Mixed),7,o_proj,attn,model.layers.7.self_attn.o_proj.weight,9457.463639954845,9977.848960650348,520.3853206955027,0.023262245250038883
muon_sft_mixed,Muon + SFT (Mixed),7,q_proj,attn,model.layers.7.self_attn.q_proj.weight,9030.470682093728,9132.885474716786,102.41479262305802,0.00489762467830123
muon_sft_mixed,Muon + SFT (Mixed),7,v_proj,attn,model.layers.7.self_attn.v_proj.weight,4.6148320901395445,4.614423750003973,-0.00040834013557145,-3.842993862250891e-05
muon_sft_mixed,Muon + SFT (Mixed),8,down_proj,mlp,model.layers.8.mlp.down_proj.weight,8.059006885143106,8.05923233054508,0.00022544540197522167,1.2148931746715457e-05
muon_sft_mixed,Muon + SFT (Mixed),8,gate_proj,mlp,model.layers.8.mlp.gate_proj.weight,15.70276662952571,15.702533171367865,-0.00023345815784558965,-6.456845841453386e-06
muon_sft_mixed,Muon + SFT (Mixed),8,up_proj,mlp,model.layers.8.mlp.up_proj.weight,11.03707620181019,11.036474526071745,-0.0006016757384461613,-2.3675797010477282e-05
muon_sft_mixed,Muon + SFT (Mixed),8,k_proj,attn,model.layers.8.self_attn.k_proj.weight,26.24428190856445,26.23799794737806,-0.006283961186390741,-0.00010400042407746776
muon_sft_mixed,Muon + SFT (Mixed),8,o_proj,attn,model.layers.8.self_attn.o_proj.weight,8728.55329977634,8959.055418840264,230.5021190639236,0.011319954833826846
muon_sft_mixed,Muon + SFT (Mixed),8,q_proj,attn,model.layers.8.self_attn.q_proj.weight,20459.276858621644,21311.099539799136,851.8226811774912,0.01771557825192683
muon_sft_mixed,Muon + SFT (Mixed),8,v_proj,attn,model.layers.8.self_attn.v_proj.weight,2.614956506444022,2.6150603607612655,0.00010385431724335703,1.7247882005633608e-05
muon_sft_mixed,Muon + SFT (Mixed),9,down_proj,mlp,model.layers.9.mlp.down_proj.weight,11.96143651469935,11.961928731936382,0.0004922172370314115,1.7870999984029287e-05
muon_sft_mixed,Muon + SFT (Mixed),9,gate_proj,mlp,model.layers.9.mlp.gate_proj.weight,17.04541620966512,17.04688701631443,0.0014708066493085425,3.747257601834444e-05
muon_sft_mixed,Muon + SFT (Mixed),9,up_proj,mlp,model.layers.9.mlp.up_proj.weight,8.607523542303687,8.607403685610159,-0.00011985669352831962,-6.047437776540645e-06
muon_sft_mixed,Muon + SFT (Mixed),9,k_proj,attn,model.layers.9.self_attn.k_proj.weight,29.979145885547403,29.979055604969904,-9.028057749915774e-05,-1.3078563284581148e-06
muon_sft_mixed,Muon + SFT (Mixed),9,o_proj,attn,model.layers.9.self_attn.o_proj.weight,26480.436490575365,25677.787464085835,-802.6490264895292,-0.013367539658053108
muon_sft_mixed,Muon + SFT (Mixed),9,q_proj,attn,model.layers.9.self_attn.q_proj.weight,35295.52653603585,34025.934337867635,-1269.5921981682186,-0.015909605469559822
muon_sft_mixed,Muon + SFT (Mixed),9,v_proj,attn,model.layers.9.self_attn.v_proj.weight,3.911800039733773,3.912486337395849,0.000686297662075841,7.618721349928056e-05
