experiment,experiment_label,layer,component,type,param_name,n_params,n_changed,n_unchanged,sparsity,n_changed_bf16,n_unchanged_bf16,sparsity_bf16,n_changed_thresh,sparsity_thresh,n_changed_bf16_thresh,sparsity_bf16_thresh
adamw_grpo_fp32,AdamW + GRPO (FP32),-1,embed,embed,model.embed_tokens.weight,233373696,233346311,27385,0.00011734398721607864,24285133,209088563,0.8959388593648532,43431608,0.8138967298182568,12706856,0.9455514643775449
adamw_grpo_fp32,AdamW + GRPO (FP32),0,down_proj,mlp,model.layers.0.mlp.down_proj.weight,13762560,13762061,499,3.6257789248539396e-05,2309022,11453538,0.832224382672991,6370808,0.5370913550967262,1819611,0.8677854265485491
adamw_grpo_fp32,AdamW + GRPO (FP32),0,gate_proj,mlp,model.layers.0.mlp.gate_proj.weight,13762560,13761967,593,4.308791387652722e-05,2004609,11757951,0.8543433053152902,6396563,0.5352199736095611,1582816,0.8849911644345239
adamw_grpo_fp32,AdamW + GRPO (FP32),0,up_proj,mlp,model.layers.0.mlp.up_proj.weight,13762560,13762063,497,3.611246744794627e-05,2430669,11331891,0.8233854021344866,6473616,0.5296212332589285,1922174,0.8603331066313245
adamw_grpo_fp32,AdamW + GRPO (FP32),0,k_proj,attn,model.layers.0.self_attn.k_proj.weight,393216,393188,28,7.120768229162966e-05,34265,358951,0.9128595987955729,187863,0.5222396850585938,27163,0.9309209187825521
adamw_grpo_fp32,AdamW + GRPO (FP32),0,o_proj,attn,model.layers.0.self_attn.o_proj.weight,2359296,2359234,62,2.6279025607589546e-05,554646,1804650,0.7649103800455729,1138001,0.5176522996690538,440601,0.8132489522298177
adamw_grpo_fp32,AdamW + GRPO (FP32),0,q_proj,attn,model.layers.0.self_attn.q_proj.weight,2359296,2358215,1081,0.00045818752712678545,258453,2100843,0.8904533386230469,940215,0.6014849344889324,203415,0.913781483968099
adamw_grpo_fp32,AdamW + GRPO (FP32),0,v_proj,attn,model.layers.0.self_attn.v_proj.weight,393216,393208,8,2.034505208337034e-05,95025,298191,0.7583389282226562,190136,0.5164591471354167,75494,0.8080088297526041
adamw_grpo_fp32,AdamW + GRPO (FP32),1,down_proj,mlp,model.layers.1.mlp.down_proj.weight,13762560,13762029,531,3.858293805802937e-05,2340889,11421671,0.8299088977632069,6328513,0.540164547874814,1839850,0.8663148425874256
adamw_grpo_fp32,AdamW + GRPO (FP32),1,gate_proj,mlp,model.layers.1.mlp.gate_proj.weight,13762560,13761943,617,4.48317754836447e-05,1977313,11785247,0.856326657249814,6349319,0.5386527651832218,1556409,0.886909920828683
adamw_grpo_fp32,AdamW + GRPO (FP32),1,up_proj,mlp,model.layers.1.mlp.up_proj.weight,13762560,13762072,488,3.545851934527722e-05,2307511,11455049,0.8323341732933408,6336660,0.5395725795200893,1811327,0.8683873494466146
adamw_grpo_fp32,AdamW + GRPO (FP32),1,k_proj,attn,model.layers.1.self_attn.k_proj.weight,393216,393188,28,7.120768229162966e-05,39012,354204,0.900787353515625,181917,0.5373611450195312,30579,0.9222335815429688
adamw_grpo_fp32,AdamW + GRPO (FP32),1,o_proj,attn,model.layers.1.self_attn.o_proj.weight,2359296,2359227,69,2.924601236975466e-05,484414,1874882,0.7946785820855035,1119788,0.5253719753689237,384636,0.8369700113932291
adamw_grpo_fp32,AdamW + GRPO (FP32),1,q_proj,attn,model.layers.1.self_attn.q_proj.weight,2359296,2359168,128,5.4253472222209886e-05,298361,2060935,0.8735381232367622,1076831,0.5435795254177518,232296,0.9015401204427084
adamw_grpo_fp32,AdamW + GRPO (FP32),1,v_proj,attn,model.layers.1.self_attn.v_proj.weight,393216,393201,15,3.814697265625e-05,96137,297079,0.7555109659830729,191703,0.5124740600585938,76440,0.80560302734375
adamw_grpo_fp32,AdamW + GRPO (FP32),10,down_proj,mlp,model.layers.10.mlp.down_proj.weight,13762560,13762039,521,3.785632905506375e-05,2493214,11269346,0.818840826125372,6704678,0.5128320603143601,2014296,0.8536394391741071
adamw_grpo_fp32,AdamW + GRPO (FP32),10,gate_proj,mlp,model.layers.10.mlp.gate_proj.weight,13762560,13762015,545,3.9600190662181234e-05,2126274,11636286,0.8455030168805804,6446474,0.5315933954148065,1687541,0.8773817516508556
adamw_grpo_fp32,AdamW + GRPO (FP32),10,up_proj,mlp,model.layers.10.mlp.up_proj.weight,13762560,13762031,529,3.843761625743625e-05,2305281,11457279,0.8324962071010045,6585723,0.5214754377092634,1846382,0.8658402215866816
adamw_grpo_fp32,AdamW + GRPO (FP32),10,k_proj,attn,model.layers.10.self_attn.k_proj.weight,393216,393195,21,5.340576171875e-05,61568,331648,0.8434244791666666,185342,0.5286509195963542,48794,0.8759104410807291
adamw_grpo_fp32,AdamW + GRPO (FP32),10,o_proj,attn,model.layers.10.self_attn.o_proj.weight,2359296,2359217,79,3.3484564887165114e-05,460569,1898727,0.804785410563151,1127929,0.52192136976454,367988,0.8440263536241319
adamw_grpo_fp32,AdamW + GRPO (FP32),10,q_proj,attn,model.layers.10.self_attn.q_proj.weight,2359296,2359193,103,4.365709092879477e-05,401765,1957531,0.8297097947862413,1114663,0.5275442335340712,319857,0.8644269307454427
adamw_grpo_fp32,AdamW + GRPO (FP32),10,v_proj,attn,model.layers.10.self_attn.v_proj.weight,393216,393203,13,3.306070963537966e-05,69236,323980,0.8239237467447916,184330,0.5312245686848958,54468,0.861480712890625
adamw_grpo_fp32,AdamW + GRPO (FP32),11,down_proj,mlp,model.layers.11.mlp.down_proj.weight,13762560,13762077,483,3.509521484379441e-05,2574110,11188450,0.8129628499348959,6822720,0.5042550223214286,2094724,0.8477954682849702
adamw_grpo_fp32,AdamW + GRPO (FP32),11,gate_proj,mlp,model.layers.11.mlp.gate_proj.weight,13762560,13761982,578,4.199800037207879e-05,2165627,11596933,0.8426435924711682,6529177,0.5255841209774925,1730209,0.8742814563569569
adamw_grpo_fp32,AdamW + GRPO (FP32),11,up_proj,mlp,model.layers.11.mlp.up_proj.weight,13762560,13762066,494,3.589448474705659e-05,2341682,11420878,0.8298512776692708,6699914,0.513178216843378,1890641,0.8626243228004092
adamw_grpo_fp32,AdamW + GRPO (FP32),11,k_proj,attn,model.layers.11.self_attn.k_proj.weight,393216,393196,20,5.086263020837034e-05,51501,341715,0.8690261840820312,170596,0.5661519368489583,39176,0.9003702799479166
adamw_grpo_fp32,AdamW + GRPO (FP32),11,o_proj,attn,model.layers.11.self_attn.o_proj.weight,2359296,2359215,81,3.4332275390625e-05,486079,1873217,0.7939728630913628,1143185,0.5154550340440538,389939,0.8347223069932725
adamw_grpo_fp32,AdamW + GRPO (FP32),11,q_proj,attn,model.layers.11.self_attn.q_proj.weight,2359296,2359191,105,4.450480143225466e-05,357495,2001801,0.848473866780599,1043129,0.5578642951117622,275714,0.8831371731228299
adamw_grpo_fp32,AdamW + GRPO (FP32),11,v_proj,attn,model.layers.11.self_attn.v_proj.weight,393216,393202,14,3.560384114587034e-05,69961,323255,0.8220799763997396,189937,0.5169652303059895,55903,0.8578313191731771
adamw_grpo_fp32,AdamW + GRPO (FP32),12,down_proj,mlp,model.layers.12.mlp.down_proj.weight,13762560,13762103,457,3.320603143597278e-05,2742636,11019924,0.8007175990513393,7061112,0.48693324497767854,2265007,0.8354225521995908
adamw_grpo_fp32,AdamW + GRPO (FP32),12,gate_proj,mlp,model.layers.12.mlp.gate_proj.weight,13762560,13761944,616,4.4759114583348136e-05,2184707,11577853,0.8412572224934896,6673746,0.515079607282366,1762579,0.8719294230143229
adamw_grpo_fp32,AdamW + GRPO (FP32),12,up_proj,mlp,model.layers.12.mlp.up_proj.weight,13762560,13762078,482,3.502255394349785e-05,2494809,11267751,0.8187249319893973,6916253,0.4974588303338914,2042734,0.8515731084914435
adamw_grpo_fp32,AdamW + GRPO (FP32),12,k_proj,attn,model.layers.12.self_attn.k_proj.weight,393216,393191,25,6.357828776037966e-05,60230,332986,0.8468271891276041,178566,0.5458831787109375,47496,0.87921142578125
adamw_grpo_fp32,AdamW + GRPO (FP32),12,o_proj,attn,model.layers.12.self_attn.o_proj.weight,2359296,2359225,71,3.0093722873214546e-05,496056,1863240,0.7897440592447916,1190191,0.4955312940809462,404827,0.8284119500054253
adamw_grpo_fp32,AdamW + GRPO (FP32),12,q_proj,attn,model.layers.12.self_attn.q_proj.weight,2359296,2359208,88,3.7299262152790114e-05,391584,1967712,0.8340250651041666,1075109,0.5443094041612413,305571,0.8704821268717448
adamw_grpo_fp32,AdamW + GRPO (FP32),12,v_proj,attn,model.layers.12.self_attn.v_proj.weight,393216,393200,16,4.069010416662966e-05,69888,323328,0.822265625,192885,0.5094680786132812,56240,0.8569742838541666
adamw_grpo_fp32,AdamW + GRPO (FP32),13,down_proj,mlp,model.layers.13.mlp.down_proj.weight,13762560,13762076,484,3.516787574409097e-05,2718707,11043853,0.802456301734561,7175388,0.47862984793526786,2259231,0.8358422415597098
adamw_grpo_fp32,AdamW + GRPO (FP32),13,gate_proj,mlp,model.layers.13.mlp.gate_proj.weight,13762560,13762023,537,3.901890345980874e-05,2353219,11409341,0.8290129888625373,6887721,0.4995319911411831,1924117,0.8601919265020461
adamw_grpo_fp32,AdamW + GRPO (FP32),13,up_proj,mlp,model.layers.13.mlp.up_proj.weight,13762560,13762099,461,3.349667503715903e-05,2499749,11262811,0.8183659871419271,7074021,0.48599526541573657,2068035,0.8497347150530135
adamw_grpo_fp32,AdamW + GRPO (FP32),13,k_proj,attn,model.layers.13.self_attn.k_proj.weight,393216,393196,20,5.086263020837034e-05,56757,336459,0.8556594848632812,191685,0.5125198364257812,45942,0.8831634521484375
adamw_grpo_fp32,AdamW + GRPO (FP32),13,o_proj,attn,model.layers.13.self_attn.o_proj.weight,2359296,2359225,71,3.0093722873214546e-05,517936,1841360,0.7804701063368056,1202851,0.49016528659396696,423845,0.820351070827908
adamw_grpo_fp32,AdamW + GRPO (FP32),13,q_proj,attn,model.layers.13.self_attn.q_proj.weight,2359296,2359193,103,4.365709092879477e-05,394888,1964408,0.8326246473524306,1132558,0.5199593438042535,317210,0.8655488755967882
adamw_grpo_fp32,AdamW + GRPO (FP32),13,v_proj,attn,model.layers.13.self_attn.v_proj.weight,393216,393204,12,3.0517578125e-05,79785,313431,0.7970962524414062,205825,0.4765599568684896,66285,0.8314285278320312
adamw_grpo_fp32,AdamW + GRPO (FP32),14,down_proj,mlp,model.layers.14.mlp.down_proj.weight,13762560,13762105,455,3.306070963537966e-05,2763612,10998948,0.7991934640066964,7286866,0.47052975609188985,2309653,0.8321785336449032
adamw_grpo_fp32,AdamW + GRPO (FP32),14,gate_proj,mlp,model.layers.14.mlp.gate_proj.weight,13762560,13762084,476,3.458658854171848e-05,2521041,11241519,0.8168188912527902,7098968,0.48418259393601193,2091628,0.8480204264322917
adamw_grpo_fp32,AdamW + GRPO (FP32),14,up_proj,mlp,model.layers.14.mlp.up_proj.weight,13762560,13762100,460,3.342401413686247e-05,2617647,11144913,0.8097994123186384,7287721,0.4704676310221354,2193436,0.8406229654947917
adamw_grpo_fp32,AdamW + GRPO (FP32),14,k_proj,attn,model.layers.14.self_attn.k_proj.weight,393216,393201,15,3.814697265625e-05,70026,323190,0.8219146728515625,174728,0.5556437174479167,53212,0.8646748860677084
adamw_grpo_fp32,AdamW + GRPO (FP32),14,o_proj,attn,model.layers.14.self_attn.o_proj.weight,2359296,2359213,83,3.5179985894084886e-05,538646,1820650,0.7716920640733507,1196493,0.49286015828450525,438061,0.8143255445692275
adamw_grpo_fp32,AdamW + GRPO (FP32),14,q_proj,attn,model.layers.14.self_attn.q_proj.weight,2359296,2359204,92,3.8994683159709886e-05,423010,1936286,0.8207049899631076,998989,0.5765732659233941,313629,0.8670667012532552
adamw_grpo_fp32,AdamW + GRPO (FP32),14,v_proj,attn,model.layers.14.self_attn.v_proj.weight,393216,393204,12,3.0517578125e-05,86351,306865,0.7803980509440104,196219,0.500989278157552,69793,0.8225072224934896
adamw_grpo_fp32,AdamW + GRPO (FP32),15,down_proj,mlp,model.layers.15.mlp.down_proj.weight,13762560,13762111,449,3.262474423360029e-05,2799214,10963346,0.7966065906343006,7371345,0.46439143589564735,2350828,0.8291867210751488
adamw_grpo_fp32,AdamW + GRPO (FP32),15,gate_proj,mlp,model.layers.15.mlp.gate_proj.weight,13762560,13762103,457,3.320603143597278e-05,2467153,11295407,0.8207344418480282,7063492,0.4867603120349703,2044091,0.8514745076497396
adamw_grpo_fp32,AdamW + GRPO (FP32),15,up_proj,mlp,model.layers.15.mlp.up_proj.weight,13762560,13762089,471,3.4223284040124646e-05,2575321,11187239,0.8128748575846354,7279624,0.4710559663318452,2158025,0.8431959606352306
adamw_grpo_fp32,AdamW + GRPO (FP32),15,k_proj,attn,model.layers.15.self_attn.k_proj.weight,393216,393201,15,3.814697265625e-05,74539,318677,0.8104375203450521,203057,0.4835993448893229,61208,0.8443400065104166
adamw_grpo_fp32,AdamW + GRPO (FP32),15,o_proj,attn,model.layers.15.self_attn.o_proj.weight,2359296,2359203,93,3.941853841149534e-05,519005,1840291,0.7800170050726997,1294698,0.4512354532877604,437251,0.8146688673231337
adamw_grpo_fp32,AdamW + GRPO (FP32),15,q_proj,attn,model.layers.15.self_attn.q_proj.weight,2359296,2359213,83,3.5179985894084886e-05,473290,1886006,0.799393547905816,1202136,0.49046834309895837,387416,0.8357916937934028
adamw_grpo_fp32,AdamW + GRPO (FP32),15,v_proj,attn,model.layers.15.self_attn.v_proj.weight,393216,393200,16,4.069010416662966e-05,76084,317132,0.8065083821614584,222866,0.43322245279947913,65242,0.8340810139973959
adamw_grpo_fp32,AdamW + GRPO (FP32),16,down_proj,mlp,model.layers.16.mlp.down_proj.weight,13762560,13762105,455,3.306070963537966e-05,2705050,11057510,0.8034486316499256,7220888,0.47532377697172623,2255597,0.8361062912713914
adamw_grpo_fp32,AdamW + GRPO (FP32),16,gate_proj,mlp,model.layers.16.mlp.gate_proj.weight,13762560,13762058,502,3.647577194942908e-05,2462797,11299763,0.8210509527297247,6931874,0.49632379441034224,2021998,0.8530798049200149
adamw_grpo_fp32,AdamW + GRPO (FP32),16,up_proj,mlp,model.layers.16.mlp.up_proj.weight,13762560,13762058,502,3.647577194942908e-05,2540792,11221768,0.8153837658110119,7209184,0.4761742001488095,2119336,0.8460071382068453
adamw_grpo_fp32,AdamW + GRPO (FP32),16,k_proj,attn,model.layers.16.self_attn.k_proj.weight,393216,393198,18,4.57763671875e-05,67768,325448,0.8276570638020834,210425,0.4648615519205729,57719,0.8532129923502604
adamw_grpo_fp32,AdamW + GRPO (FP32),16,o_proj,attn,model.layers.16.self_attn.o_proj.weight,2359296,2359226,70,2.9669867621540114e-05,513232,1846064,0.7824639214409722,1222382,0.48188696967230904,424682,0.8199963039822049
adamw_grpo_fp32,AdamW + GRPO (FP32),16,q_proj,attn,model.layers.16.self_attn.q_proj.weight,2359296,2359179,117,4.9591064453125e-05,386344,1972952,0.8362460666232638,1064829,0.5486666361490886,304620,0.8708852132161459
adamw_grpo_fp32,AdamW + GRPO (FP32),16,v_proj,attn,model.layers.16.self_attn.v_proj.weight,393216,393196,20,5.086263020837034e-05,79115,314101,0.7988001505533854,213736,0.45644124348958337,67687,0.8278630574544271
adamw_grpo_fp32,AdamW + GRPO (FP32),17,down_proj,mlp,model.layers.17.mlp.down_proj.weight,13762560,13762084,476,3.458658854171848e-05,2690432,11072128,0.8045107886904762,7271666,0.4716342017764137,2251015,0.8364392235165551
adamw_grpo_fp32,AdamW + GRPO (FP32),17,gate_proj,mlp,model.layers.17.mlp.gate_proj.weight,13762560,13762047,513,3.727504185269126e-05,2450088,11312472,0.8219744001116072,6958449,0.49439283098493303,2015217,0.853572518484933
adamw_grpo_fp32,AdamW + GRPO (FP32),17,up_proj,mlp,model.layers.17.mlp.up_proj.weight,13762560,13762070,490,3.560384114587034e-05,2535474,11227086,0.8157701764787947,7234253,0.4743526640392485,2118399,0.8460752214704241
adamw_grpo_fp32,AdamW + GRPO (FP32),17,k_proj,attn,model.layers.17.self_attn.k_proj.weight,393216,393196,20,5.086263020837034e-05,75499,317717,0.8079961140950521,189378,0.5183868408203125,60205,0.8468907674153646
adamw_grpo_fp32,AdamW + GRPO (FP32),17,o_proj,attn,model.layers.17.self_attn.o_proj.weight,2359296,2359235,61,2.5855170355915114e-05,474181,1885115,0.7990158928765191,1194650,0.4936413235134549,387378,0.8358078002929688
adamw_grpo_fp32,AdamW + GRPO (FP32),17,q_proj,attn,model.layers.17.self_attn.q_proj.weight,2359296,2359208,88,3.7299262152790114e-05,455168,1904128,0.8070746527777778,1147351,0.5136892530653212,366437,0.8446837531195747
adamw_grpo_fp32,AdamW + GRPO (FP32),17,v_proj,attn,model.layers.17.self_attn.v_proj.weight,393216,393204,12,3.0517578125e-05,76835,316381,0.8045984903971354,205106,0.47838846842447913,63770,0.8378245035807291
adamw_grpo_fp32,AdamW + GRPO (FP32),18,down_proj,mlp,model.layers.18.mlp.down_proj.weight,13762560,13762132,428,3.1098865327372494e-05,2697247,11065313,0.8040156046549479,7324283,0.4678110031854539,2265498,0.8353868756975447
adamw_grpo_fp32,AdamW + GRPO (FP32),18,gate_proj,mlp,model.layers.18.mlp.gate_proj.weight,13762560,13762035,525,3.814697265625e-05,2375197,11387363,0.8274160475957961,6946930,0.49522981189546134,1954901,0.8579551333472842
adamw_grpo_fp32,AdamW + GRPO (FP32),18,up_proj,mlp,model.layers.18.mlp.up_proj.weight,13762560,13762090,470,3.4150623139828085e-05,2533486,11229074,0.8159146263485864,7223896,0.47510521298363095,2115952,0.8462530226934524
adamw_grpo_fp32,AdamW + GRPO (FP32),18,k_proj,attn,model.layers.18.self_attn.k_proj.weight,393216,393198,18,4.57763671875e-05,64083,329133,0.8370285034179688,193702,0.5073903401692708,51694,0.8685353597005209
adamw_grpo_fp32,AdamW + GRPO (FP32),18,o_proj,attn,model.layers.18.self_attn.o_proj.weight,2359296,2359224,72,3.0517578125e-05,513435,1845861,0.7823778788248698,1260629,0.46567577785915804,430675,0.8174561394585503
adamw_grpo_fp32,AdamW + GRPO (FP32),18,q_proj,attn,model.layers.18.self_attn.q_proj.weight,2359296,2359199,97,4.1113959418415114e-05,407669,1951627,0.8272073533799913,1123900,0.5236290825737847,324544,0.8624403211805556
adamw_grpo_fp32,AdamW + GRPO (FP32),18,v_proj,attn,model.layers.18.self_attn.v_proj.weight,393216,393199,17,4.323323567712034e-05,99299,293917,0.7474695841471355,218428,0.44450887044270837,83494,0.7876637776692709
adamw_grpo_fp32,AdamW + GRPO (FP32),19,down_proj,mlp,model.layers.19.mlp.down_proj.weight,13762560,13762077,483,3.509521484379441e-05,2662771,11099789,0.8065206618536086,7307321,0.46904347737630203,2236127,0.837520999000186
adamw_grpo_fp32,AdamW + GRPO (FP32),19,gate_proj,mlp,model.layers.19.mlp.gate_proj.weight,13762560,13762029,531,3.858293805802937e-05,2364038,11398522,0.8282268705822172,6946701,0.49524645124162947,1946907,0.8585359845842634
adamw_grpo_fp32,AdamW + GRPO (FP32),19,up_proj,mlp,model.layers.19.mlp.up_proj.weight,13762560,13762084,476,3.458658854171848e-05,2475484,11287076,0.8201291038876488,7168332,0.47914254324776784,2061254,0.8502274286179315
adamw_grpo_fp32,AdamW + GRPO (FP32),19,k_proj,attn,model.layers.19.self_attn.k_proj.weight,393216,393205,11,2.797444661462034e-05,70977,322239,0.8194961547851562,197253,0.49835968017578125,58021,0.8524449666341146
adamw_grpo_fp32,AdamW + GRPO (FP32),19,o_proj,attn,model.layers.19.self_attn.o_proj.weight,2359296,2359208,88,3.7299262152790114e-05,453914,1905382,0.8076061672634549,1249216,0.4705132378472222,380553,0.8387006123860677
adamw_grpo_fp32,AdamW + GRPO (FP32),19,q_proj,attn,model.layers.19.self_attn.q_proj.weight,2359296,2359193,103,4.365709092879477e-05,436301,1922995,0.815071529812283,1145540,0.5144568549262153,351107,0.8511814541286893
adamw_grpo_fp32,AdamW + GRPO (FP32),19,v_proj,attn,model.layers.19.self_attn.v_proj.weight,393216,393201,15,3.814697265625e-05,68496,324720,0.8258056640625,215556,0.451812744140625,58190,0.8520151774088541
adamw_grpo_fp32,AdamW + GRPO (FP32),2,down_proj,mlp,model.layers.2.mlp.down_proj.weight,13762560,13762045,515,3.742036365328438e-05,2323364,11439196,0.8311822800409226,6399530,0.535004388718378,1833290,0.866791498093378
adamw_grpo_fp32,AdamW + GRPO (FP32),2,gate_proj,mlp,model.layers.2.mlp.gate_proj.weight,13762560,13761930,630,4.57763671875e-05,1951374,11811186,0.858211408342634,6343692,0.5390616280691964,1536747,0.8883385794503348
adamw_grpo_fp32,AdamW + GRPO (FP32),2,up_proj,mlp,model.layers.2.mlp.up_proj.weight,13762560,13762028,532,3.865559895832593e-05,2307830,11454730,0.8323109944661459,6390122,0.535687982468378,1820257,0.8677384876069568
adamw_grpo_fp32,AdamW + GRPO (FP32),2,k_proj,attn,model.layers.2.self_attn.k_proj.weight,393216,393193,23,5.849202473962034e-05,44411,348805,0.8870569864908854,177941,0.547472635904948,34658,0.9118601481119791
adamw_grpo_fp32,AdamW + GRPO (FP32),2,o_proj,attn,model.layers.2.self_attn.o_proj.weight,2359296,2359210,86,3.645155164933023e-05,437527,1921769,0.8145518832736545,1085216,0.5400254991319444,343635,0.8543485005696615
adamw_grpo_fp32,AdamW + GRPO (FP32),2,q_proj,attn,model.layers.2.self_attn.q_proj.weight,2359296,2359178,118,5.0014919704910454e-05,334538,2024758,0.8582043117947049,1060295,0.55058839586046,259384,0.8900587293836806
adamw_grpo_fp32,AdamW + GRPO (FP32),2,v_proj,attn,model.layers.2.self_attn.v_proj.weight,393216,393204,12,3.0517578125e-05,86653,306563,0.7796300252278646,182443,0.536023457845052,67382,0.8286387125651041
adamw_grpo_fp32,AdamW + GRPO (FP32),20,down_proj,mlp,model.layers.20.mlp.down_proj.weight,13762560,13762119,441,3.2043457031227796e-05,2679088,11083472,0.8053350539434524,7325391,0.46773049490792407,2252905,0.8363018944149926
adamw_grpo_fp32,AdamW + GRPO (FP32),20,gate_proj,mlp,model.layers.20.mlp.gate_proj.weight,13762560,13762022,538,3.90915643601053e-05,2396203,11366357,0.8258897327241443,6909489,0.4979503086635044,1967442,0.8570438929966517
adamw_grpo_fp32,AdamW + GRPO (FP32),20,up_proj,mlp,model.layers.20.mlp.up_proj.weight,13762560,13762041,519,3.771100725447063e-05,2484163,11278397,0.8194984799339657,7189371,0.47761383056640627,2070606,0.8495479038783482
adamw_grpo_fp32,AdamW + GRPO (FP32),20,k_proj,attn,model.layers.20.self_attn.k_proj.weight,393216,393197,19,4.831949869787966e-05,71747,321469,0.8175379435221354,195080,0.5038859049479167,58324,0.8516743977864584
adamw_grpo_fp32,AdamW + GRPO (FP32),20,o_proj,attn,model.layers.20.self_attn.o_proj.weight,2359296,2359224,72,3.0517578125e-05,463548,1895748,0.8035227457682291,1246920,0.47148640950520837,387587,0.8357192145453559
adamw_grpo_fp32,AdamW + GRPO (FP32),20,q_proj,attn,model.layers.20.self_attn.q_proj.weight,2359296,2359215,81,3.4332275390625e-05,430661,1928635,0.8174620734320747,1125749,0.5228453742133247,343341,0.8544731140136719
adamw_grpo_fp32,AdamW + GRPO (FP32),20,v_proj,attn,model.layers.20.self_attn.v_proj.weight,393216,393198,18,4.57763671875e-05,67262,325954,0.8289438883463541,214971,0.45330047607421875,57316,0.8542378743489584
adamw_grpo_fp32,AdamW + GRPO (FP32),21,down_proj,mlp,model.layers.21.mlp.down_proj.weight,13762560,13762131,429,3.1171526227669055e-05,2802085,10960475,0.7963979811895461,7517218,0.4537921723865327,2380481,0.8270321073986235
adamw_grpo_fp32,AdamW + GRPO (FP32),21,gate_proj,mlp,model.layers.21.mlp.gate_proj.weight,13762560,13762062,498,3.6185128348242834e-05,2346045,11416515,0.8295342581612724,6935170,0.49608430408296134,1933581,0.8595042637416295
adamw_grpo_fp32,AdamW + GRPO (FP32),21,up_proj,mlp,model.layers.21.mlp.up_proj.weight,13762560,13762087,473,3.436860584082879e-05,2543633,11218927,0.8151773361932664,7324896,0.4677664620535714,2138329,0.8446270897274926
adamw_grpo_fp32,AdamW + GRPO (FP32),21,k_proj,attn,model.layers.21.self_attn.k_proj.weight,393216,393202,14,3.560384114587034e-05,75920,317296,0.8069254557291666,208531,0.4696782430013021,63577,0.8383153279622396
adamw_grpo_fp32,AdamW + GRPO (FP32),21,o_proj,attn,model.layers.21.self_attn.o_proj.weight,2359296,2359208,88,3.7299262152790114e-05,495059,1864237,0.7901666429307725,1297570,0.45001814100477433,421178,0.8214814927842882
adamw_grpo_fp32,AdamW + GRPO (FP32),21,q_proj,attn,model.layers.21.self_attn.q_proj.weight,2359296,2359206,90,3.814697265625e-05,433451,1925845,0.8162795172797309,1158826,0.5088255140516493,348629,0.8522317674424913
adamw_grpo_fp32,AdamW + GRPO (FP32),21,v_proj,attn,model.layers.21.self_attn.v_proj.weight,393216,393205,11,2.797444661462034e-05,76837,316379,0.8045934041341146,226481,0.4240290323893229,66593,0.8306452433268229
adamw_grpo_fp32,AdamW + GRPO (FP32),22,down_proj,mlp,model.layers.22.mlp.down_proj.weight,13762560,13762102,458,3.3278692336269344e-05,2746674,11015886,0.8004241943359375,7575905,0.4495279221307664,2346644,0.829490734281994
adamw_grpo_fp32,AdamW + GRPO (FP32),22,gate_proj,mlp,model.layers.22.mlp.gate_proj.weight,13762560,13762060,500,3.633045014883596e-05,2267499,11495061,0.8352414812360491,6991517,0.49199008033389136,1873998,0.8638336181640625
adamw_grpo_fp32,AdamW + GRPO (FP32),22,up_proj,mlp,model.layers.22.mlp.up_proj.weight,13762560,13762107,453,3.2915387834786536e-05,2555613,11206947,0.8143068586077009,7388297,0.46315968831380205,2155072,0.8434105282738096
adamw_grpo_fp32,AdamW + GRPO (FP32),22,k_proj,attn,model.layers.22.self_attn.k_proj.weight,393216,393207,9,2.288818359375e-05,82927,310289,0.7891057332356771,192795,0.5096969604492188,65260,0.8340352376302084
adamw_grpo_fp32,AdamW + GRPO (FP32),22,o_proj,attn,model.layers.22.self_attn.o_proj.weight,2359296,2359226,70,2.9669867621540114e-05,438134,1921162,0.8142946031358507,1300144,0.4489271375868056,373983,0.841485341389974
adamw_grpo_fp32,AdamW + GRPO (FP32),22,q_proj,attn,model.layers.22.self_attn.q_proj.weight,2359296,2359202,94,3.984239366316977e-05,475689,1883607,0.798376719156901,1121596,0.5246056450737847,372029,0.8423135545518663
adamw_grpo_fp32,AdamW + GRPO (FP32),22,v_proj,attn,model.layers.22.self_attn.v_proj.weight,393216,393208,8,2.034505208337034e-05,93749,299467,0.7615839640299479,225504,0.426513671875,80518,0.7952321370442709
adamw_grpo_fp32,AdamW + GRPO (FP32),23,down_proj,mlp,model.layers.23.mlp.down_proj.weight,13762560,13762134,426,3.095354352677937e-05,2701994,11060566,0.8036706833612351,7575497,0.44955756777808775,2309063,0.8322214035760789
adamw_grpo_fp32,AdamW + GRPO (FP32),23,gate_proj,mlp,model.layers.23.mlp.gate_proj.weight,13762560,13761996,564,4.0980747767815906e-05,2241140,11521420,0.8371567499069941,6949540,0.49504016694568453,1848593,0.8656795683361235
adamw_grpo_fp32,AdamW + GRPO (FP32),23,up_proj,mlp,model.layers.23.mlp.up_proj.weight,13762560,13762086,474,3.4441266741125354e-05,2486533,11276027,0.8193262736002604,7354720,0.46559942336309523,2094153,0.8478369576590402
adamw_grpo_fp32,AdamW + GRPO (FP32),23,k_proj,attn,model.layers.23.self_attn.k_proj.weight,393216,393204,12,3.0517578125e-05,78155,315061,0.8012415568033854,206290,0.47537740071614587,64861,0.8350499471028646
adamw_grpo_fp32,AdamW + GRPO (FP32),23,o_proj,attn,model.layers.23.self_attn.o_proj.weight,2359296,2359212,84,3.560384114587034e-05,469182,1890114,0.8011347452799479,1321429,0.43990537855360246,403632,0.82891845703125
adamw_grpo_fp32,AdamW + GRPO (FP32),23,q_proj,attn,model.layers.23.self_attn.q_proj.weight,2359296,2359205,91,3.8570827908035454e-05,437350,1921946,0.8146269056532118,1185849,0.4973716735839844,356102,0.8490642971462674
adamw_grpo_fp32,AdamW + GRPO (FP32),23,v_proj,attn,model.layers.23.self_attn.v_proj.weight,393216,393207,9,2.288818359375e-05,83763,309453,0.7869796752929688,229829,0.4155146280924479,73124,0.8140360514322916
adamw_grpo_fp32,AdamW + GRPO (FP32),24,down_proj,mlp,model.layers.24.mlp.down_proj.weight,13762560,13762131,429,3.1171526227669055e-05,2760221,11002339,0.7994398571196056,7782635,0.4345067342122396,2384757,0.8267214093889509
adamw_grpo_fp32,AdamW + GRPO (FP32),24,gate_proj,mlp,model.layers.24.mlp.gate_proj.weight,13762560,13762017,543,3.945486886158811e-05,2268058,11494502,0.8352008637927828,6933845,0.4961805797758556,1869281,0.8641763596307663
adamw_grpo_fp32,AdamW + GRPO (FP32),24,up_proj,mlp,model.layers.24.mlp.up_proj.weight,13762560,13762073,487,3.5385858444980656e-05,2449222,11313338,0.8220373244512649,7378228,0.4638913109188988,2067910,0.8497437976655506
adamw_grpo_fp32,AdamW + GRPO (FP32),24,k_proj,attn,model.layers.24.self_attn.k_proj.weight,393216,393198,18,4.57763671875e-05,63930,329286,0.8374176025390625,193403,0.5081507364908855,51821,0.8682123819986979
adamw_grpo_fp32,AdamW + GRPO (FP32),24,o_proj,attn,model.layers.24.self_attn.o_proj.weight,2359296,2359237,59,2.5007459852455227e-05,452904,1906392,0.8080342610677084,1341897,0.43122990926106775,392283,0.8337287902832031
adamw_grpo_fp32,AdamW + GRPO (FP32),24,q_proj,attn,model.layers.24.self_attn.q_proj.weight,2359296,2359183,113,4.789564344620523e-05,404883,1954413,0.8283882141113281,1151284,0.5120222303602431,326196,0.8617401123046875
adamw_grpo_fp32,AdamW + GRPO (FP32),24,v_proj,attn,model.layers.24.self_attn.v_proj.weight,393216,393192,24,6.103515625e-05,66619,326597,0.8305791219075521,225959,0.4253565470377604,57759,0.8531112670898438
adamw_grpo_fp32,AdamW + GRPO (FP32),25,down_proj,mlp,model.layers.25.mlp.down_proj.weight,13762560,13762111,449,3.262474423360029e-05,2764161,10998399,0.7991535731724331,7942383,0.4228993007114955,2410886,0.8248228527250744
adamw_grpo_fp32,AdamW + GRPO (FP32),25,gate_proj,mlp,model.layers.25.mlp.gate_proj.weight,13762560,13762039,521,3.785632905506375e-05,2344682,11417878,0.829633294968378,7023077,0.48969690232049856,1941981,0.8588939121791295
adamw_grpo_fp32,AdamW + GRPO (FP32),25,up_proj,mlp,model.layers.25.mlp.up_proj.weight,13762560,13762061,499,3.6257789248539396e-05,2509645,11252915,0.8176469348725819,7625586,0.4459180559430803,2149097,0.8438446771530879
adamw_grpo_fp32,AdamW + GRPO (FP32),25,k_proj,attn,model.layers.25.self_attn.k_proj.weight,393216,393207,9,2.288818359375e-05,93560,299656,0.7620646158854166,209572,0.46703084309895837,76973,0.8042475382486979
adamw_grpo_fp32,AdamW + GRPO (FP32),25,o_proj,attn,model.layers.25.self_attn.o_proj.weight,2359296,2359225,71,3.0093722873214546e-05,451032,1908264,0.8088277180989584,1420690,0.39783308241102433,400803,0.8301175435384115
adamw_grpo_fp32,AdamW + GRPO (FP32),25,q_proj,attn,model.layers.25.self_attn.q_proj.weight,2359296,2359217,79,3.3484564887165114e-05,489466,1869830,0.7925372653537326,1118711,0.5258284674750434,380501,0.838722652859158
adamw_grpo_fp32,AdamW + GRPO (FP32),25,v_proj,attn,model.layers.25.self_attn.v_proj.weight,393216,393196,20,5.086263020837034e-05,72784,320432,0.8149007161458334,250537,0.3628514607747396,65523,0.8333663940429688
adamw_grpo_fp32,AdamW + GRPO (FP32),26,down_proj,mlp,model.layers.26.mlp.down_proj.weight,13762560,13762119,441,3.2043457031227796e-05,2733750,11028810,0.8013632638113839,7843253,0.4301021757579985,2378667,0.8271639142717634
adamw_grpo_fp32,AdamW + GRPO (FP32),26,gate_proj,mlp,model.layers.26.mlp.gate_proj.weight,13762560,13762068,492,3.5749162946463464e-05,2396420,11366140,0.8258739653087798,7064244,0.4867056710379464,1992654,0.8552119663783482
adamw_grpo_fp32,AdamW + GRPO (FP32),26,up_proj,mlp,model.layers.26.mlp.up_proj.weight,13762560,13762079,481,3.4949893043201286e-05,2485904,11276656,0.8193719773065476,7605477,0.4473791939871652,2127477,0.8454156058175223
adamw_grpo_fp32,AdamW + GRPO (FP32),26,k_proj,attn,model.layers.26.self_attn.k_proj.weight,393216,393210,6,1.52587890625e-05,109506,283710,0.7215118408203125,244161,0.37906646728515625,96449,0.7547175089518229
adamw_grpo_fp32,AdamW + GRPO (FP32),26,o_proj,attn,model.layers.26.self_attn.o_proj.weight,2359296,2359226,70,2.9669867621540114e-05,497629,1861667,0.7890773349338107,1503683,0.3626560635036893,450157,0.8091985914442275
adamw_grpo_fp32,AdamW + GRPO (FP32),26,q_proj,attn,model.layers.26.self_attn.q_proj.weight,2359296,2359222,74,3.1365288628459886e-05,611352,1747944,0.740875244140625,1371637,0.4186244540744357,528789,0.7758700052897135
adamw_grpo_fp32,AdamW + GRPO (FP32),26,v_proj,attn,model.layers.26.self_attn.v_proj.weight,393216,393201,15,3.814697265625e-05,78068,315148,0.8014628092447916,255993,0.34897613525390625,70663,0.8202946980794271
adamw_grpo_fp32,AdamW + GRPO (FP32),27,down_proj,mlp,model.layers.27.mlp.down_proj.weight,13762560,13762136,424,3.080822172618625e-05,3003380,10759180,0.7817717052641369,7722469,0.43887844993954617,2585513,0.8121342976888021
adamw_grpo_fp32,AdamW + GRPO (FP32),27,gate_proj,mlp,model.layers.27.mlp.gate_proj.weight,13762560,13761944,616,4.4759114583348136e-05,2090535,11672025,0.848099844796317,6525919,0.5258208501906623,1679907,0.8779364449637277
adamw_grpo_fp32,AdamW + GRPO (FP32),27,up_proj,mlp,model.layers.27.mlp.up_proj.weight,13762560,13762037,523,3.800165085565688e-05,2309929,11452631,0.8321584792364212,7108332,0.48350219726562504,1921738,0.8603647867838542
adamw_grpo_fp32,AdamW + GRPO (FP32),27,k_proj,attn,model.layers.27.self_attn.k_proj.weight,393216,393215,1,2.5431315103796592e-06,126714,266502,0.6777496337890625,258536,0.34250895182291663,114297,0.7093276977539062
adamw_grpo_fp32,AdamW + GRPO (FP32),27,o_proj,attn,model.layers.27.self_attn.o_proj.weight,2359296,2359222,74,3.1365288628459886e-05,536166,1823130,0.7727432250976562,1403871,0.404961903889974,469942,0.8008126152886285
adamw_grpo_fp32,AdamW + GRPO (FP32),27,q_proj,attn,model.layers.27.self_attn.q_proj.weight,2359296,2359220,76,3.221299913191977e-05,618388,1740908,0.7378929985894097,1373527,0.41782336764865446,530451,0.7751655578613281
adamw_grpo_fp32,AdamW + GRPO (FP32),27,v_proj,attn,model.layers.27.self_attn.v_proj.weight,393216,393199,17,4.323323567712034e-05,90681,302535,0.7693862915039062,294590,0.25081888834635413,86403,0.7802658081054688
adamw_grpo_fp32,AdamW + GRPO (FP32),3,down_proj,mlp,model.layers.3.mlp.down_proj.weight,13762560,13762037,523,3.800165085565688e-05,2375822,11386738,0.8273706345331101,6485670,0.5287453787667411,1886601,0.8629178728376116
adamw_grpo_fp32,AdamW + GRPO (FP32),3,gate_proj,mlp,model.layers.3.mlp.gate_proj.weight,13762560,13761990,570,4.1416713169595276e-05,1979097,11783463,0.856197030203683,6368655,0.537247794015067,1561528,0.8865379696800595
adamw_grpo_fp32,AdamW + GRPO (FP32),3,up_proj,mlp,model.layers.3.mlp.up_proj.weight,13762560,13762055,505,3.6693754650318766e-05,2347616,11414944,0.8294201078869048,6505393,0.5273122878301711,1867464,0.8643083844866072
adamw_grpo_fp32,AdamW + GRPO (FP32),3,k_proj,attn,model.layers.3.self_attn.k_proj.weight,393216,393195,21,5.340576171875e-05,53382,339834,0.8642425537109375,174545,0.556109110514323,41112,0.89544677734375
adamw_grpo_fp32,AdamW + GRPO (FP32),3,o_proj,attn,model.layers.3.self_attn.o_proj.weight,2359296,2359233,63,2.6702880859375e-05,487627,1871669,0.7933167351616753,1157394,0.5094324747721355,391497,0.8340619405110677
adamw_grpo_fp32,AdamW + GRPO (FP32),3,q_proj,attn,model.layers.3.self_attn.q_proj.weight,2359296,2359190,106,4.4928656684040114e-05,388811,1970485,0.8352004157172309,1036492,0.5606774224175347,297433,0.8739314609103732
adamw_grpo_fp32,AdamW + GRPO (FP32),3,v_proj,attn,model.layers.3.self_attn.v_proj.weight,393216,393209,7,1.780192057287966e-05,77729,315487,0.8023249308268229,188342,0.5210215250651042,61799,0.8428370157877604
adamw_grpo_fp32,AdamW + GRPO (FP32),4,down_proj,mlp,model.layers.4.mlp.down_proj.weight,13762560,13762084,476,3.458658854171848e-05,2455179,11307381,0.8216044834681919,6538603,0.5248992193312871,1957720,0.8577503022693452
adamw_grpo_fp32,AdamW + GRPO (FP32),4,gate_proj,mlp,model.layers.4.mlp.gate_proj.weight,13762560,13761967,593,4.308791387652722e-05,1997234,11765326,0.8548791794549851,6392744,0.5354974655877975,1579085,0.8852622622535342
adamw_grpo_fp32,AdamW + GRPO (FP32),4,up_proj,mlp,model.layers.4.mlp.up_proj.weight,13762560,13762075,485,3.524053664438753e-05,2391804,11370756,0.8262093680245536,6554760,0.5237252371651786,1907360,0.8614095052083334
adamw_grpo_fp32,AdamW + GRPO (FP32),4,k_proj,attn,model.layers.4.self_attn.k_proj.weight,393216,393199,17,4.323323567712034e-05,55331,337885,0.8592859903971354,177126,0.5495452880859375,42830,0.8910776774088541
adamw_grpo_fp32,AdamW + GRPO (FP32),4,o_proj,attn,model.layers.4.self_attn.o_proj.weight,2359296,2359205,91,3.8570827908035454e-05,453756,1905540,0.8076731363932291,1145352,0.5145365397135417,363248,0.8460354275173612
adamw_grpo_fp32,AdamW + GRPO (FP32),4,q_proj,attn,model.layers.4.self_attn.q_proj.weight,2359296,2359203,93,3.941853841149534e-05,374794,1984502,0.841141594780816,1071006,0.5460484822591145,290967,0.876672108968099
adamw_grpo_fp32,AdamW + GRPO (FP32),4,v_proj,attn,model.layers.4.self_attn.v_proj.weight,393216,393203,13,3.306070963537966e-05,67128,326088,0.82928466796875,188228,0.5213114420572917,53566,0.8637746175130209
adamw_grpo_fp32,AdamW + GRPO (FP32),5,down_proj,mlp,model.layers.5.mlp.down_proj.weight,13762560,13762092,468,3.400530133923496e-05,2551467,11211093,0.8146081107003348,6678634,0.5147244408017113,2053696,0.850776599702381
adamw_grpo_fp32,AdamW + GRPO (FP32),5,gate_proj,mlp,model.layers.5.mlp.gate_proj.weight,13762560,13761913,647,4.701160249254155e-05,1968677,11793883,0.8569541567847843,6477045,0.529372079031808,1568781,0.8860109601702009
adamw_grpo_fp32,AdamW + GRPO (FP32),5,up_proj,mlp,model.layers.5.mlp.up_proj.weight,13762560,13762093,467,3.39326404389384e-05,2475179,11287381,0.8201512654622396,6695423,0.5135045369466146,1993879,0.8551229567754837
adamw_grpo_fp32,AdamW + GRPO (FP32),5,k_proj,attn,model.layers.5.self_attn.k_proj.weight,393216,393196,20,5.086263020837034e-05,54771,338445,0.8607101440429688,170415,0.5666122436523438,41560,0.8943074544270834
adamw_grpo_fp32,AdamW + GRPO (FP32),5,o_proj,attn,model.layers.5.self_attn.o_proj.weight,2359296,2359214,82,3.4756130642410454e-05,479741,1879555,0.7966592576768663,1170751,0.5037710401746962,388714,0.8352415296766493
adamw_grpo_fp32,AdamW + GRPO (FP32),5,q_proj,attn,model.layers.5.self_attn.q_proj.weight,2359296,2359190,106,4.4928656684040114e-05,390205,1969091,0.8346095614963107,1054805,0.5529153611924913,300260,0.8727332221137153
adamw_grpo_fp32,AdamW + GRPO (FP32),5,v_proj,attn,model.layers.5.self_attn.v_proj.weight,393216,393194,22,5.594889322912966e-05,79885,313331,0.7968419392903646,195752,0.5021769205729167,64210,0.8367055257161459
adamw_grpo_fp32,AdamW + GRPO (FP32),6,down_proj,mlp,model.layers.6.mlp.down_proj.weight,13762560,13762072,488,3.545851934527722e-05,2448525,11314035,0.8220879690987724,6487502,0.5286122639973958,1949017,0.8583826700846354
adamw_grpo_fp32,AdamW + GRPO (FP32),6,gate_proj,mlp,model.layers.6.mlp.gate_proj.weight,13762560,13761895,665,4.831949869787966e-05,1912693,11849867,0.8610220046270461,6274761,0.5440702165876117,1500716,0.8909566243489584
adamw_grpo_fp32,AdamW + GRPO (FP32),6,up_proj,mlp,model.layers.6.mlp.up_proj.weight,13762560,13762104,456,3.313337053567622e-05,2357588,11404972,0.8286955333891369,6449989,0.5313379923502604,1868705,0.8642182123093378
adamw_grpo_fp32,AdamW + GRPO (FP32),6,k_proj,attn,model.layers.6.self_attn.k_proj.weight,393216,393198,18,4.57763671875e-05,56398,336818,0.8565724690755209,185815,0.527448018391927,44806,0.8860524495442709
adamw_grpo_fp32,AdamW + GRPO (FP32),6,o_proj,attn,model.layers.6.self_attn.o_proj.weight,2359296,2359198,98,4.1537814670089546e-05,432455,1926841,0.81670167711046,1147997,0.5134154425726997,348445,0.8523097568088107
adamw_grpo_fp32,AdamW + GRPO (FP32),6,q_proj,attn,model.layers.6.self_attn.q_proj.weight,2359296,2359189,107,4.5352511935714546e-05,391178,1968118,0.8341971503363715,1095864,0.5355122884114583,306729,0.8699913024902344
adamw_grpo_fp32,AdamW + GRPO (FP32),6,v_proj,attn,model.layers.6.self_attn.v_proj.weight,393216,393194,22,5.594889322912966e-05,68672,324544,0.8253580729166666,198232,0.49586995442708337,55874,0.8579050699869791
adamw_grpo_fp32,AdamW + GRPO (FP32),7,down_proj,mlp,model.layers.7.mlp.down_proj.weight,13762560,13762055,505,3.6693754650318766e-05,2357873,11404687,0.8286748250325521,6471519,0.5297736031668527,1874922,0.8637664794921875
adamw_grpo_fp32,AdamW + GRPO (FP32),7,gate_proj,mlp,model.layers.7.mlp.gate_proj.weight,13762560,13761932,628,4.563104538690688e-05,2011872,11750688,0.8538155691964285,6252761,0.5456687563941592,1575342,0.8855342320033482
adamw_grpo_fp32,AdamW + GRPO (FP32),7,up_proj,mlp,model.layers.7.mlp.up_proj.weight,13762560,13762035,525,3.814697265625e-05,2241823,11520737,0.8371071225120907,6400289,0.5349492390950521,1770158,0.8713787260509672
adamw_grpo_fp32,AdamW + GRPO (FP32),7,k_proj,attn,model.layers.7.self_attn.k_proj.weight,393216,393191,25,6.357828776037966e-05,50654,342562,0.8711802164713541,172979,0.5600916544596355,38872,0.9011433919270834
adamw_grpo_fp32,AdamW + GRPO (FP32),7,o_proj,attn,model.layers.7.self_attn.o_proj.weight,2359296,2359198,98,4.1537814670089546e-05,444835,1914461,0.811454349093967,1111319,0.5289616054958768,353958,0.8499730428059896
adamw_grpo_fp32,AdamW + GRPO (FP32),7,q_proj,attn,model.layers.7.self_attn.q_proj.weight,2359296,2359200,96,4.069010416662966e-05,361711,1997585,0.8466868930392795,1053496,0.5534701877170138,279360,0.881591796875
adamw_grpo_fp32,AdamW + GRPO (FP32),7,v_proj,attn,model.layers.7.self_attn.v_proj.weight,393216,393207,9,2.288818359375e-05,71333,321883,0.8185907999674479,181848,0.53753662109375,56093,0.8573481241861979
adamw_grpo_fp32,AdamW + GRPO (FP32),8,down_proj,mlp,model.layers.8.mlp.down_proj.weight,13762560,13762074,486,3.5313197544684094e-05,2473924,11288636,0.8202424548921131,6570099,0.5226106916155133,1979034,0.8562016078404018
adamw_grpo_fp32,AdamW + GRPO (FP32),8,gate_proj,mlp,model.layers.8.mlp.gate_proj.weight,13762560,13761974,586,4.2579287574451286e-05,2064441,11698119,0.8499958583286831,6351315,0.5385077340262276,1627493,0.8817448933919271
adamw_grpo_fp32,AdamW + GRPO (FP32),8,up_proj,mlp,model.layers.8.mlp.up_proj.weight,13762560,13762027,533,3.8728259858622494e-05,2320026,11442534,0.831424822126116,6498552,0.5278093610491071,1846018,0.8658666701543899
adamw_grpo_fp32,AdamW + GRPO (FP32),8,k_proj,attn,model.layers.8.self_attn.k_proj.weight,393216,393195,21,5.340576171875e-05,47153,346063,0.8800837198893229,166921,0.5754979451497395,35650,0.9093373616536459
adamw_grpo_fp32,AdamW + GRPO (FP32),8,o_proj,attn,model.layers.8.self_attn.o_proj.weight,2359296,2359209,87,3.687540690100466e-05,435930,1923366,0.8152287801106771,1122351,0.5242856343587239,348518,0.852278815375434
adamw_grpo_fp32,AdamW + GRPO (FP32),8,q_proj,attn,model.layers.8.self_attn.q_proj.weight,2359296,2359190,106,4.4928656684040114e-05,343628,2015668,0.8543514675564237,1025462,0.565352545844184,262551,0.8887163798014323
adamw_grpo_fp32,AdamW + GRPO (FP32),8,v_proj,attn,model.layers.8.self_attn.v_proj.weight,393216,393201,15,3.814697265625e-05,65974,327242,0.8322194417317709,184790,0.5300547281901042,52211,0.8672205607096354
adamw_grpo_fp32,AdamW + GRPO (FP32),9,down_proj,mlp,model.layers.9.mlp.down_proj.weight,13762560,13762071,489,3.553118024557378e-05,2449011,11313549,0.8220526559012277,6613964,0.5194234212239583,1965966,0.857151140485491
adamw_grpo_fp32,AdamW + GRPO (FP32),9,gate_proj,mlp,model.layers.9.mlp.gate_proj.weight,13762560,13761976,584,4.243396577385816e-05,2098990,11663570,0.8474854968843006,6409810,0.5342574346633184,1663372,0.8791378929501488
adamw_grpo_fp32,AdamW + GRPO (FP32),9,up_proj,mlp,model.layers.9.mlp.up_proj.weight,13762560,13762003,557,4.0472121465739974e-05,2300856,11461704,0.8328177315848214,6534630,0.5251879010881697,1835371,0.8666402907598586
adamw_grpo_fp32,AdamW + GRPO (FP32),9,k_proj,attn,model.layers.9.self_attn.k_proj.weight,393216,393199,17,4.323323567712034e-05,61246,331970,0.8442433675130209,178065,0.5471572875976562,47168,0.8800455729166666
adamw_grpo_fp32,AdamW + GRPO (FP32),9,o_proj,attn,model.layers.9.self_attn.o_proj.weight,2359296,2359219,77,3.263685438370523e-05,517947,1841349,0.7804654439290365,1145822,0.5143373277452257,414724,0.8242170545789931
adamw_grpo_fp32,AdamW + GRPO (FP32),9,q_proj,attn,model.layers.9.self_attn.q_proj.weight,2359296,2359182,114,4.831949869787966e-05,413420,1945876,0.8247697618272569,1045296,0.55694580078125,313211,0.8672438727484809
adamw_grpo_fp32,AdamW + GRPO (FP32),9,v_proj,attn,model.layers.9.self_attn.v_proj.weight,393216,393205,11,2.797444661462034e-05,79764,313452,0.797149658203125,183554,0.5331980387369792,61808,0.8428141276041666
adamw_grpo_bf16,AdamW + GRPO (BF16),-1,embed,embed,model.embed_tokens.weight,233373696,174376,233199320,0.9992528035378931,174376,233199320,0.9992528035378931,21928,0.9999060391107659,21263,0.9999088886178501
adamw_grpo_bf16,AdamW + GRPO (BF16),0,down_proj,mlp,model.layers.0.mlp.down_proj.weight,13762560,286995,13475565,0.9791466849190849,286995,13475565,0.9791466849190849,121857,0.991145760672433,121362,0.9911817278180803
adamw_grpo_bf16,AdamW + GRPO (BF16),0,gate_proj,mlp,model.layers.0.mlp.gate_proj.weight,13762560,242790,13519770,0.9823586600167411,242790,13519770,0.9823586600167411,104855,0.9923811412992931,104436,0.9924115862165178
adamw_grpo_bf16,AdamW + GRPO (BF16),0,up_proj,mlp,model.layers.0.mlp.up_proj.weight,13762560,296498,13466062,0.9784561883835565,296498,13466062,0.9784561883835565,129187,0.9906131562732515,128717,0.9906473068963914
adamw_grpo_bf16,AdamW + GRPO (BF16),0,k_proj,attn,model.layers.0.self_attn.k_proj.weight,393216,4290,388926,0.9890899658203125,4290,388926,0.9890899658203125,1784,0.9954630533854166,1775,0.9954859415690104
adamw_grpo_bf16,AdamW + GRPO (BF16),0,o_proj,attn,model.layers.0.self_attn.o_proj.weight,2359296,70192,2289104,0.9702487521701388,70192,2289104,0.9702487521701388,30891,0.9869066874186198,30787,0.9869507683648003
adamw_grpo_bf16,AdamW + GRPO (BF16),0,q_proj,attn,model.layers.0.self_attn.q_proj.weight,2359296,32498,2326798,0.9862255520290799,32498,2326798,0.9862255520290799,14128,0.9940117730034722,14078,0.994032965766059
adamw_grpo_bf16,AdamW + GRPO (BF16),0,v_proj,attn,model.layers.0.self_attn.v_proj.weight,393216,11958,381258,0.9695892333984375,11958,381258,0.9695892333984375,5431,0.9861882527669271,5413,0.9862340291341146
adamw_grpo_bf16,AdamW + GRPO (BF16),1,down_proj,mlp,model.layers.1.mlp.down_proj.weight,13762560,294517,13468043,0.9786001296270461,294517,13468043,0.9786001296270461,125332,0.9908932640438988,124819,0.9909305390857515
adamw_grpo_bf16,AdamW + GRPO (BF16),1,gate_proj,mlp,model.layers.1.mlp.gate_proj.weight,13762560,244063,13518497,0.9822661626906622,244063,13518497,0.9822661626906622,105000,0.99237060546875,104558,0.9924027215866815
adamw_grpo_bf16,AdamW + GRPO (BF16),1,up_proj,mlp,model.layers.1.mlp.up_proj.weight,13762560,289500,13473060,0.9789646693638393,289500,13473060,0.9789646693638393,124881,0.9909260341099331,124370,0.9909631638299852
adamw_grpo_bf16,AdamW + GRPO (BF16),1,k_proj,attn,model.layers.1.self_attn.k_proj.weight,393216,4794,388422,0.9878082275390625,4794,388422,0.9878082275390625,1969,0.9949925740559896,1957,0.9950230916341146
adamw_grpo_bf16,AdamW + GRPO (BF16),1,o_proj,attn,model.layers.1.self_attn.o_proj.weight,2359296,60137,2299159,0.9745106167263455,60137,2299159,0.9745106167263455,26253,0.9888725280761719,26155,0.988914065890842
adamw_grpo_bf16,AdamW + GRPO (BF16),1,q_proj,attn,model.layers.1.self_attn.q_proj.weight,2359296,36263,2323033,0.9846297370062934,36263,2323033,0.9846297370062934,15388,0.9934777153862847,15315,0.9935086568196615
adamw_grpo_bf16,AdamW + GRPO (BF16),1,v_proj,attn,model.layers.1.self_attn.v_proj.weight,393216,12133,381083,0.9691441853841146,12133,381083,0.9691441853841146,5324,0.9864603678385416,5310,0.9864959716796875
adamw_grpo_bf16,AdamW + GRPO (BF16),10,down_proj,mlp,model.layers.10.mlp.down_proj.weight,13762560,296785,13465775,0.9784353347051711,296785,13465775,0.9784353347051711,118239,0.9914086478097098,117680,0.9914492652529762
adamw_grpo_bf16,AdamW + GRPO (BF16),10,gate_proj,mlp,model.layers.10.mlp.gate_proj.weight,13762560,259461,13503099,0.9811473301478795,259461,13503099,0.9811473301478795,100287,0.9927130562918527,99719,0.9927543276832217
adamw_grpo_bf16,AdamW + GRPO (BF16),10,up_proj,mlp,model.layers.10.mlp.up_proj.weight,13762560,276622,13485938,0.9799003964378721,276622,13485938,0.9799003964378721,110248,0.9919892810639881,109734,0.9920266287667411
adamw_grpo_bf16,AdamW + GRPO (BF16),10,k_proj,attn,model.layers.10.self_attn.k_proj.weight,393216,7675,385541,0.9804814656575521,7675,385541,0.9804814656575521,2890,0.9926503499348959,2876,0.9926859537760416
adamw_grpo_bf16,AdamW + GRPO (BF16),10,o_proj,attn,model.layers.10.self_attn.o_proj.weight,2359296,57307,2301989,0.9757101270887587,57307,2301989,0.9757101270887587,22253,0.9905679490831163,22122,0.9906234741210938
adamw_grpo_bf16,AdamW + GRPO (BF16),10,q_proj,attn,model.layers.10.self_attn.q_proj.weight,2359296,49686,2309610,0.9789403279622396,49686,2309610,0.9789403279622396,19250,0.9918407864040799,19144,0.9918857150607638
adamw_grpo_bf16,AdamW + GRPO (BF16),10,v_proj,attn,model.layers.10.self_attn.v_proj.weight,393216,8856,384360,0.97747802734375,8856,384360,0.97747802734375,3489,0.9911270141601562,3469,0.9911778767903646
adamw_grpo_bf16,AdamW + GRPO (BF16),11,down_proj,mlp,model.layers.11.mlp.down_proj.weight,13762560,300718,13461842,0.9781495593843006,300718,13461842,0.9781495593843006,118547,0.9913862682524182,118001,0.9914259411039806
adamw_grpo_bf16,AdamW + GRPO (BF16),11,gate_proj,mlp,model.layers.11.mlp.gate_proj.weight,13762560,261294,13501266,0.981014142717634,261294,13501266,0.981014142717634,99551,0.9927665347144717,98967,0.9928089686802455
adamw_grpo_bf16,AdamW + GRPO (BF16),11,up_proj,mlp,model.layers.11.mlp.up_proj.weight,13762560,277762,13484798,0.9798175630115328,277762,13484798,0.9798175630115328,108905,0.9920868646530878,108332,0.9921284993489583
adamw_grpo_bf16,AdamW + GRPO (BF16),11,k_proj,attn,model.layers.11.self_attn.k_proj.weight,393216,6928,386288,0.9823811848958334,6928,386288,0.9823811848958334,2799,0.9928817749023438,2784,0.992919921875
adamw_grpo_bf16,AdamW + GRPO (BF16),11,o_proj,attn,model.layers.11.self_attn.o_proj.weight,2359296,60193,2299103,0.9744868808322482,60193,2299103,0.9744868808322482,22498,0.990464104546441,22375,0.9905162387424045
adamw_grpo_bf16,AdamW + GRPO (BF16),11,q_proj,attn,model.layers.11.self_attn.q_proj.weight,2359296,46202,2313094,0.9804170396592882,46202,2313094,0.9804170396592882,17878,0.9924223158094618,17777,0.9924651251898872
adamw_grpo_bf16,AdamW + GRPO (BF16),11,v_proj,attn,model.layers.11.self_attn.v_proj.weight,393216,8630,384586,0.9780527750651041,8630,384586,0.9780527750651041,3354,0.9914703369140625,3343,0.9914983113606771
adamw_grpo_bf16,AdamW + GRPO (BF16),12,down_proj,mlp,model.layers.12.mlp.down_proj.weight,13762560,309359,13453201,0.9775216965448289,309359,13453201,0.9775216965448289,120762,0.9912253243582589,120155,0.9912694295247396
adamw_grpo_bf16,AdamW + GRPO (BF16),12,gate_proj,mlp,model.layers.12.mlp.gate_proj.weight,13762560,257094,13505466,0.981319318498884,257094,13505466,0.981319318498884,98738,0.9928256080264137,98158,0.9928677513485863
adamw_grpo_bf16,AdamW + GRPO (BF16),12,up_proj,mlp,model.layers.12.mlp.up_proj.weight,13762560,284982,13477578,0.9792929513113839,284982,13477578,0.9792929513113839,111366,0.9919080461774553,110777,0.9919508434477307
adamw_grpo_bf16,AdamW + GRPO (BF16),12,k_proj,attn,model.layers.12.self_attn.k_proj.weight,393216,7540,385676,0.9808247884114584,7540,385676,0.9808247884114584,2792,0.9928995768229166,2772,0.992950439453125
adamw_grpo_bf16,AdamW + GRPO (BF16),12,o_proj,attn,model.layers.12.self_attn.o_proj.weight,2359296,58675,2300621,0.9751302931043837,58675,2300621,0.9751302931043837,22391,0.9905094570583768,22272,0.9905598958333334
adamw_grpo_bf16,AdamW + GRPO (BF16),12,q_proj,attn,model.layers.12.self_attn.q_proj.weight,2359296,49836,2309460,0.9788767496744791,49836,2309460,0.9788767496744791,18934,0.9919747246636285,18836,0.9920162624782987
adamw_grpo_bf16,AdamW + GRPO (BF16),12,v_proj,attn,model.layers.12.self_attn.v_proj.weight,393216,8591,384625,0.9781519571940104,8591,384625,0.9781519571940104,3379,0.9914067586263021,3368,0.9914347330729166
adamw_grpo_bf16,AdamW + GRPO (BF16),13,down_proj,mlp,model.layers.13.mlp.down_proj.weight,13762560,300867,13461693,0.9781387329101563,300867,13461693,0.9781387329101563,117062,0.9914941696893601,116477,0.9915366763160343
adamw_grpo_bf16,AdamW + GRPO (BF16),13,gate_proj,mlp,model.layers.13.mlp.gate_proj.weight,13762560,268535,13494025,0.9804880051385789,268535,13494025,0.9804880051385789,102826,0.9925285702659971,102232,0.9925717308407738
adamw_grpo_bf16,AdamW + GRPO (BF16),13,up_proj,mlp,model.layers.13.mlp.up_proj.weight,13762560,279005,13483555,0.9797272455124628,279005,13483555,0.9797272455124628,107722,0.9921728224981399,107130,0.9922158377511161
adamw_grpo_bf16,AdamW + GRPO (BF16),13,k_proj,attn,model.layers.13.self_attn.k_proj.weight,393216,6738,386478,0.9828643798828125,6738,386478,0.9828643798828125,2630,0.9933115641276041,2607,0.9933700561523438
adamw_grpo_bf16,AdamW + GRPO (BF16),13,o_proj,attn,model.layers.13.self_attn.o_proj.weight,2359296,60823,2298473,0.9742198520236545,60823,2298473,0.9742198520236545,23233,0.990152570936415,23100,0.9902089436848959
adamw_grpo_bf16,AdamW + GRPO (BF16),13,q_proj,attn,model.layers.13.self_attn.q_proj.weight,2359296,46981,2312315,0.9800868564181857,46981,2312315,0.9800868564181857,17801,0.9924549526638455,17697,0.992499033610026
adamw_grpo_bf16,AdamW + GRPO (BF16),13,v_proj,attn,model.layers.13.self_attn.v_proj.weight,393216,9012,384204,0.977081298828125,9012,384204,0.977081298828125,3662,0.9906870524088541,3644,0.9907328287760416
adamw_grpo_bf16,AdamW + GRPO (BF16),14,down_proj,mlp,model.layers.14.mlp.down_proj.weight,13762560,303047,13459513,0.9779803321475075,303047,13459513,0.9779803321475075,116873,0.9915079025995164,116277,0.9915512084960938
adamw_grpo_bf16,AdamW + GRPO (BF16),14,gate_proj,mlp,model.layers.14.mlp.gate_proj.weight,13762560,278371,13484189,0.9797733125232515,278371,13484189,0.9797733125232515,105419,0.9923401605515253,104803,0.9923849196661086
adamw_grpo_bf16,AdamW + GRPO (BF16),14,up_proj,mlp,model.layers.14.mlp.up_proj.weight,13762560,283675,13478885,0.9793879191080729,283675,13478885,0.9793879191080729,107628,0.9921796526227679,107016,0.99222412109375
adamw_grpo_bf16,AdamW + GRPO (BF16),14,k_proj,attn,model.layers.14.self_attn.k_proj.weight,393216,9429,383787,0.9760208129882812,9429,383787,0.9760208129882812,3270,0.9916839599609375,3244,0.9917500813802084
adamw_grpo_bf16,AdamW + GRPO (BF16),14,o_proj,attn,model.layers.14.self_attn.o_proj.weight,2359296,63917,2295379,0.972908443874783,63917,2295379,0.972908443874783,23935,0.9898550245496962,23789,0.9899169074164497
adamw_grpo_bf16,AdamW + GRPO (BF16),14,q_proj,attn,model.layers.14.self_attn.q_proj.weight,2359296,55498,2303798,0.9764768812391493,55498,2303798,0.9764768812391493,21055,0.9910757276746962,20875,0.9911520216200087
adamw_grpo_bf16,AdamW + GRPO (BF16),14,v_proj,attn,model.layers.14.self_attn.v_proj.weight,393216,10618,382598,0.9729970296223959,10618,382598,0.9729970296223959,3930,0.9900054931640625,3902,0.9900767008463541
adamw_grpo_bf16,AdamW + GRPO (BF16),15,down_proj,mlp,model.layers.15.mlp.down_proj.weight,13762560,302344,13460216,0.9780314127604167,302344,13460216,0.9780314127604167,117041,0.9914956955682663,116385,0.9915433611188617
adamw_grpo_bf16,AdamW + GRPO (BF16),15,gate_proj,mlp,model.layers.15.mlp.gate_proj.weight,13762560,273028,13489532,0.9801615397135417,273028,13489532,0.9801615397135417,101174,0.9926486060732886,100522,0.9926959809802828
adamw_grpo_bf16,AdamW + GRPO (BF16),15,up_proj,mlp,model.layers.15.mlp.up_proj.weight,13762560,277222,13485338,0.9798567998976935,277222,13485338,0.9798567998976935,104996,0.9923708961123512,104454,0.9924102783203125
adamw_grpo_bf16,AdamW + GRPO (BF16),15,k_proj,attn,model.layers.15.self_attn.k_proj.weight,393216,8458,384758,0.9784901936848959,8458,384758,0.9784901936848959,3141,0.9920120239257812,3118,0.9920705159505209
adamw_grpo_bf16,AdamW + GRPO (BF16),15,o_proj,attn,model.layers.15.self_attn.o_proj.weight,2359296,56463,2302833,0.976067860921224,56463,2302833,0.976067860921224,21632,0.9908311631944444,21504,0.9908854166666666
adamw_grpo_bf16,AdamW + GRPO (BF16),15,q_proj,attn,model.layers.15.self_attn.q_proj.weight,2359296,54314,2304982,0.9769787258572049,54314,2304982,0.9769787258572049,19934,0.9915508694118924,19819,0.991599612765842
adamw_grpo_bf16,AdamW + GRPO (BF16),15,v_proj,attn,model.layers.15.self_attn.v_proj.weight,393216,7924,385292,0.9798482259114584,7924,385292,0.9798482259114584,3013,0.9923375447591146,2997,0.9923782348632812
adamw_grpo_bf16,AdamW + GRPO (BF16),16,down_proj,mlp,model.layers.16.mlp.down_proj.weight,13762560,297868,13464692,0.9783566429501488,297868,13464692,0.9783566429501488,114876,0.9916530064174107,114255,0.9916981288364956
adamw_grpo_bf16,AdamW + GRPO (BF16),16,gate_proj,mlp,model.layers.16.mlp.gate_proj.weight,13762560,279145,13483415,0.9797170729864211,279145,13483415,0.9797170729864211,102431,0.9925572713216145,101795,0.9926034836542039
adamw_grpo_bf16,AdamW + GRPO (BF16),16,up_proj,mlp,model.layers.16.mlp.up_proj.weight,13762560,278005,13484555,0.9797999064127604,278005,13484555,0.9797999064127604,105805,0.9923121134440104,105194,0.9923565092540922
adamw_grpo_bf16,AdamW + GRPO (BF16),16,k_proj,attn,model.layers.16.self_attn.k_proj.weight,393216,6944,386272,0.9823404947916666,6944,386272,0.9823404947916666,2453,0.9937616984049479,2439,0.9937973022460938
adamw_grpo_bf16,AdamW + GRPO (BF16),16,o_proj,attn,model.layers.16.self_attn.o_proj.weight,2359296,58938,2300358,0.9750188191731771,58938,2300358,0.9750188191731771,21248,0.9909939236111112,21090,0.9910608927408854
adamw_grpo_bf16,AdamW + GRPO (BF16),16,q_proj,attn,model.layers.16.self_attn.q_proj.weight,2359296,46233,2313063,0.9804039001464844,46233,2313063,0.9804039001464844,16160,0.9931504991319444,16061,0.9931924608018663
adamw_grpo_bf16,AdamW + GRPO (BF16),16,v_proj,attn,model.layers.16.self_attn.v_proj.weight,393216,8061,385155,0.9794998168945312,8061,385155,0.9794998168945312,2835,0.9927902221679688,2819,0.9928309122721354
adamw_grpo_bf16,AdamW + GRPO (BF16),17,down_proj,mlp,model.layers.17.mlp.down_proj.weight,13762560,292628,13469932,0.9787373860677083,292628,13469932,0.9787373860677083,111116,0.9919262114025298,110503,0.9919707525344122
adamw_grpo_bf16,AdamW + GRPO (BF16),17,gate_proj,mlp,model.layers.17.mlp.gate_proj.weight,13762560,276770,13485790,0.979889642624628,276770,13485790,0.979889642624628,100718,0.9926817394438244,100067,0.9927290416899182
adamw_grpo_bf16,AdamW + GRPO (BF16),17,up_proj,mlp,model.layers.17.mlp.up_proj.weight,13762560,274638,13487922,0.9800445556640625,274638,13487922,0.9800445556640625,102608,0.9925444103422619,101970,0.9925907679966518
adamw_grpo_bf16,AdamW + GRPO (BF16),17,k_proj,attn,model.layers.17.self_attn.k_proj.weight,393216,9269,383947,0.9764277140299479,9269,383947,0.9764277140299479,3432,0.99127197265625,3415,0.9913152058919271
adamw_grpo_bf16,AdamW + GRPO (BF16),17,o_proj,attn,model.layers.17.self_attn.o_proj.weight,2359296,55462,2303834,0.9764921400282118,55462,2303834,0.9764921400282118,20277,0.9914054870605469,20160,0.991455078125
adamw_grpo_bf16,AdamW + GRPO (BF16),17,q_proj,attn,model.layers.17.self_attn.q_proj.weight,2359296,54614,2304682,0.976851569281684,54614,2304682,0.976851569281684,19756,0.9916263156467013,19631,0.9916792975531684
adamw_grpo_bf16,AdamW + GRPO (BF16),17,v_proj,attn,model.layers.17.self_attn.v_proj.weight,393216,8659,384557,0.9779790242513021,8659,384557,0.9779790242513021,3278,0.9916636149088541,3256,0.9917195638020834
adamw_grpo_bf16,AdamW + GRPO (BF16),18,down_proj,mlp,model.layers.18.mlp.down_proj.weight,13762560,290320,13472240,0.9789050874255952,290320,13472240,0.9789050874255952,110848,0.9919456845238095,110241,0.9919897896902902
adamw_grpo_bf16,AdamW + GRPO (BF16),18,gate_proj,mlp,model.layers.18.mlp.gate_proj.weight,13762560,265691,13496869,0.9806946527390253,265691,13496869,0.9806946527390253,96558,0.9929840087890625,95921,0.993030293782552
adamw_grpo_bf16,AdamW + GRPO (BF16),18,up_proj,mlp,model.layers.18.mlp.up_proj.weight,13762560,275851,13486709,0.9799564179920015,275851,13486709,0.9799564179920015,103310,0.992493402390253,102669,0.9925399780273437
adamw_grpo_bf16,AdamW + GRPO (BF16),18,k_proj,attn,model.layers.18.self_attn.k_proj.weight,393216,7813,385403,0.9801305135091146,7813,385403,0.9801305135091146,2818,0.9928334554036459,2796,0.992889404296875
adamw_grpo_bf16,AdamW + GRPO (BF16),18,o_proj,attn,model.layers.18.self_attn.o_proj.weight,2359296,56321,2302975,0.9761280483669705,56321,2302975,0.9761280483669705,21462,0.9909032185872396,21344,0.9909532335069444
adamw_grpo_bf16,AdamW + GRPO (BF16),18,q_proj,attn,model.layers.18.self_attn.q_proj.weight,2359296,49981,2309315,0.9788152906629775,49981,2309315,0.9788152906629775,17213,0.9927041795518663,17086,0.9927580091688368
adamw_grpo_bf16,AdamW + GRPO (BF16),18,v_proj,attn,model.layers.18.self_attn.v_proj.weight,393216,11267,381949,0.9713465372721354,11267,381949,0.9713465372721354,4218,0.9892730712890625,4186,0.9893544514973959
adamw_grpo_bf16,AdamW + GRPO (BF16),19,down_proj,mlp,model.layers.19.mlp.down_proj.weight,13762560,285657,13476903,0.979243905203683,285657,13476903,0.979243905203683,109360,0.9920538039434523,108746,0.9920984177362351
adamw_grpo_bf16,AdamW + GRPO (BF16),19,gate_proj,mlp,model.layers.19.mlp.gate_proj.weight,13762560,264126,13498434,0.980808367047991,264126,13498434,0.980808367047991,95638,0.9930508568173363,95060,0.9930928548177084
adamw_grpo_bf16,AdamW + GRPO (BF16),19,up_proj,mlp,model.layers.19.mlp.up_proj.weight,13762560,270386,13492174,0.980353509812128,270386,13492174,0.980353509812128,100526,0.9926956903366816,99912,0.9927403041294642
adamw_grpo_bf16,AdamW + GRPO (BF16),19,k_proj,attn,model.layers.19.self_attn.k_proj.weight,393216,8139,385077,0.9793014526367188,8139,385077,0.9793014526367188,2655,0.9932479858398438,2643,0.9932785034179688
adamw_grpo_bf16,AdamW + GRPO (BF16),19,o_proj,attn,model.layers.19.self_attn.o_proj.weight,2359296,49118,2310178,0.9791810777452257,49118,2310178,0.9791810777452257,17748,0.9924774169921875,17616,0.9925333658854166
adamw_grpo_bf16,AdamW + GRPO (BF16),19,q_proj,attn,model.layers.19.self_attn.q_proj.weight,2359296,52224,2307072,0.9778645833333334,52224,2307072,0.9778645833333334,16949,0.9928160773383247,16806,0.9928766886393229
adamw_grpo_bf16,AdamW + GRPO (BF16),19,v_proj,attn,model.layers.19.self_attn.v_proj.weight,393216,7356,385860,0.981292724609375,7356,385860,0.981292724609375,2684,0.9931742350260416,2668,0.9932149251302084
adamw_grpo_bf16,AdamW + GRPO (BF16),2,down_proj,mlp,model.layers.2.mlp.down_proj.weight,13762560,289679,13472881,0.978951663062686,289679,13472881,0.978951663062686,121839,0.9911470685686384,121334,0.9911837623232886
adamw_grpo_bf16,AdamW + GRPO (BF16),2,gate_proj,mlp,model.layers.2.mlp.gate_proj.weight,13762560,241502,13521058,0.9824522472563244,241502,13521058,0.9824522472563244,101945,0.9925925845191592,101518,0.9926236107235863
adamw_grpo_bf16,AdamW + GRPO (BF16),2,up_proj,mlp,model.layers.2.mlp.up_proj.weight,13762560,287088,13475472,0.9791399274553572,287088,13475472,0.9791399274553572,122889,0.9910707746233259,122394,0.9911067417689732
adamw_grpo_bf16,AdamW + GRPO (BF16),2,k_proj,attn,model.layers.2.self_attn.k_proj.weight,393216,5547,387669,0.9858932495117188,5547,387669,0.9858932495117188,2393,0.9939142862955729,2380,0.9939473470052084
adamw_grpo_bf16,AdamW + GRPO (BF16),2,o_proj,attn,model.layers.2.self_attn.o_proj.weight,2359296,55340,2303956,0.9765438503689237,55340,2303956,0.9765438503689237,22803,0.9903348286946615,22719,0.9903704325358073
adamw_grpo_bf16,AdamW + GRPO (BF16),2,q_proj,attn,model.layers.2.self_attn.q_proj.weight,2359296,42720,2316576,0.9818929036458334,42720,2316576,0.9818929036458334,17730,0.9924850463867188,17655,0.992516835530599
adamw_grpo_bf16,AdamW + GRPO (BF16),2,v_proj,attn,model.layers.2.self_attn.v_proj.weight,393216,11539,381677,0.9706548055013021,11539,381677,0.9706548055013021,5067,0.9871139526367188,5045,0.9871699015299479
adamw_grpo_bf16,AdamW + GRPO (BF16),20,down_proj,mlp,model.layers.20.mlp.down_proj.weight,13762560,285954,13476606,0.9792223249162947,285954,13476606,0.9792223249162947,108036,0.9921500069754464,107433,0.9921938214983259
adamw_grpo_bf16,AdamW + GRPO (BF16),20,gate_proj,mlp,model.layers.20.mlp.gate_proj.weight,13762560,268945,13493615,0.9804582141694569,268945,13493615,0.9804582141694569,94818,0.9931104387555804,94214,0.9931543259393601
adamw_grpo_bf16,AdamW + GRPO (BF16),20,up_proj,mlp,model.layers.20.mlp.up_proj.weight,13762560,269813,13492747,0.9803951445079985,269813,13492747,0.9803951445079985,99752,0.9927519298735119,99116,0.9927981422061012
adamw_grpo_bf16,AdamW + GRPO (BF16),20,k_proj,attn,model.layers.20.self_attn.k_proj.weight,393216,8283,384933,0.9789352416992188,8283,384933,0.9789352416992188,2911,0.9925969441731771,2886,0.9926605224609375
adamw_grpo_bf16,AdamW + GRPO (BF16),20,o_proj,attn,model.layers.20.self_attn.o_proj.weight,2359296,50673,2308623,0.978521982828776,50673,2308623,0.978521982828776,19322,0.9918102688259549,19216,0.9918551974826388
adamw_grpo_bf16,AdamW + GRPO (BF16),20,q_proj,attn,model.layers.20.self_attn.q_proj.weight,2359296,52277,2307019,0.9778421190049913,52277,2307019,0.9778421190049913,17659,0.992515140109592,17516,0.9925757514105903
adamw_grpo_bf16,AdamW + GRPO (BF16),20,v_proj,attn,model.layers.20.self_attn.v_proj.weight,393216,7078,386138,0.9819997151692709,7078,386138,0.9819997151692709,2575,0.9934514363606771,2560,0.9934895833333334
adamw_grpo_bf16,AdamW + GRPO (BF16),21,down_proj,mlp,model.layers.21.mlp.down_proj.weight,13762560,292385,13470175,0.9787550426664806,292385,13470175,0.9787550426664806,112001,0.9918619065057663,111418,0.9919042678106399
adamw_grpo_bf16,AdamW + GRPO (BF16),21,gate_proj,mlp,model.layers.21.mlp.gate_proj.weight,13762560,259629,13502931,0.9811351231166294,259629,13502931,0.9811351231166294,92645,0.9932683308919271,91999,0.9933152698335194
adamw_grpo_bf16,AdamW + GRPO (BF16),21,up_proj,mlp,model.layers.21.mlp.up_proj.weight,13762560,270289,13492271,0.9803605579194569,270289,13492271,0.9803605579194569,102641,0.992542012532552,102030,0.9925864083426339
adamw_grpo_bf16,AdamW + GRPO (BF16),21,k_proj,attn,model.layers.21.self_attn.k_proj.weight,393216,8195,385021,0.9791590372721354,8195,385021,0.9791590372721354,3087,0.9921493530273438,3069,0.9921951293945312
adamw_grpo_bf16,AdamW + GRPO (BF16),21,o_proj,attn,model.layers.21.self_attn.o_proj.weight,2359296,52010,2307286,0.9779552883572049,52010,2307286,0.9779552883572049,19693,0.9916530185275607,19580,0.9917009141710069
adamw_grpo_bf16,AdamW + GRPO (BF16),21,q_proj,attn,model.layers.21.self_attn.q_proj.weight,2359296,51790,2307506,0.9780485365125868,51790,2307506,0.9780485365125868,18449,0.9921802944607205,18303,0.992242177327474
adamw_grpo_bf16,AdamW + GRPO (BF16),21,v_proj,attn,model.layers.21.self_attn.v_proj.weight,393216,7616,385600,0.9806315104166666,7616,385600,0.9806315104166666,3111,0.9920883178710938,3096,0.99212646484375
adamw_grpo_bf16,AdamW + GRPO (BF16),22,down_proj,mlp,model.layers.22.mlp.down_proj.weight,13762560,278448,13484112,0.9797677176339286,278448,13484112,0.9797677176339286,109755,0.9920251028878349,109214,0.9920644124348958
adamw_grpo_bf16,AdamW + GRPO (BF16),22,gate_proj,mlp,model.layers.22.mlp.gate_proj.weight,13762560,247853,13514707,0.9819907778785342,247853,13514707,0.9819907778785342,90828,0.9934003557477679,90262,0.9934414818173363
adamw_grpo_bf16,AdamW + GRPO (BF16),22,up_proj,mlp,model.layers.22.mlp.up_proj.weight,13762560,268169,13494391,0.9805145990280878,268169,13494391,0.9805145990280878,103663,0.992467753092448,103052,0.9925121489025298
adamw_grpo_bf16,AdamW + GRPO (BF16),22,k_proj,attn,model.layers.22.self_attn.k_proj.weight,393216,10815,382401,0.9724960327148438,10815,382401,0.9724960327148438,3097,0.9921239217122396,3067,0.9922002156575521
adamw_grpo_bf16,AdamW + GRPO (BF16),22,o_proj,attn,model.layers.22.self_attn.o_proj.weight,2359296,44503,2314793,0.9811371697319878,44503,2314793,0.9811371697319878,15552,0.993408203125,15442,0.993454827202691
adamw_grpo_bf16,AdamW + GRPO (BF16),22,q_proj,attn,model.layers.22.self_attn.q_proj.weight,2359296,62282,2297014,0.9736014472113715,62282,2297014,0.9736014472113715,19111,0.9918997022840712,18931,0.9919759962293837
adamw_grpo_bf16,AdamW + GRPO (BF16),22,v_proj,attn,model.layers.22.self_attn.v_proj.weight,393216,9808,383408,0.9750569661458334,9808,383408,0.9750569661458334,3602,0.9908396402994791,3581,0.9908930460611979
adamw_grpo_bf16,AdamW + GRPO (BF16),23,down_proj,mlp,model.layers.23.mlp.down_proj.weight,13762560,274113,13488447,0.9800827026367187,274113,13488447,0.9800827026367187,108873,0.9920891898018973,108315,0.9921297345842633
adamw_grpo_bf16,AdamW + GRPO (BF16),23,gate_proj,mlp,model.layers.23.mlp.gate_proj.weight,13762560,244853,13517707,0.9822087605794271,244853,13517707,0.9822087605794271,90251,0.9934422810872395,89675,0.993484133765811
adamw_grpo_bf16,AdamW + GRPO (BF16),23,up_proj,mlp,model.layers.23.mlp.up_proj.weight,13762560,261394,13501166,0.9810068766276042,261394,13501166,0.9810068766276042,101768,0.9926054454985119,101210,0.992645990280878
adamw_grpo_bf16,AdamW + GRPO (BF16),23,k_proj,attn,model.layers.23.self_attn.k_proj.weight,393216,8656,384560,0.9779866536458334,8656,384560,0.9779866536458334,2895,0.9926376342773438,2884,0.9926656087239584
adamw_grpo_bf16,AdamW + GRPO (BF16),23,o_proj,attn,model.layers.23.self_attn.o_proj.weight,2359296,46481,2312815,0.9802987840440538,46481,2312815,0.9802987840440538,17155,0.992728763156467,17050,0.9927732679578993
adamw_grpo_bf16,AdamW + GRPO (BF16),23,q_proj,attn,model.layers.23.self_attn.q_proj.weight,2359296,50408,2308888,0.9786343044704862,50408,2308888,0.9786343044704862,17416,0.9926181369357638,17310,0.9926630655924479
adamw_grpo_bf16,AdamW + GRPO (BF16),23,v_proj,attn,model.layers.23.self_attn.v_proj.weight,393216,8140,385076,0.9792989095052084,8140,385076,0.9792989095052084,3242,0.9917551676432291,3220,0.9918111165364584
adamw_grpo_bf16,AdamW + GRPO (BF16),24,down_proj,mlp,model.layers.24.mlp.down_proj.weight,13762560,269375,13493185,0.9804269699823289,269375,13493185,0.9804269699823289,110048,0.9920038132440476,109538,0.9920408703031994
adamw_grpo_bf16,AdamW + GRPO (BF16),24,gate_proj,mlp,model.layers.24.mlp.gate_proj.weight,13762560,247508,13515052,0.9820158458891369,247508,13515052,0.9820158458891369,89920,0.9934663318452381,89322,0.993509783063616
adamw_grpo_bf16,AdamW + GRPO (BF16),24,up_proj,mlp,model.layers.24.mlp.up_proj.weight,13762560,254588,13507972,0.9815014067150297,254588,13507972,0.9815014067150297,98961,0.9928094046456474,98460,0.9928458077566964
adamw_grpo_bf16,AdamW + GRPO (BF16),24,k_proj,attn,model.layers.24.self_attn.k_proj.weight,393216,7492,385724,0.9809468587239584,7492,385724,0.9809468587239584,2602,0.9933827718098959,2587,0.9934209187825521
adamw_grpo_bf16,AdamW + GRPO (BF16),24,o_proj,attn,model.layers.24.self_attn.o_proj.weight,2359296,44390,2314906,0.981185065375434,44390,2314906,0.981185065375434,17083,0.992759280734592,16995,0.9927965799967448
adamw_grpo_bf16,AdamW + GRPO (BF16),24,q_proj,attn,model.layers.24.self_attn.q_proj.weight,2359296,47604,2311692,0.9798227945963541,47604,2311692,0.9798227945963541,16542,0.9929885864257812,16409,0.9930449591742622
adamw_grpo_bf16,AdamW + GRPO (BF16),24,v_proj,attn,model.layers.24.self_attn.v_proj.weight,393216,6731,386485,0.9828821818033854,6731,386485,0.9828821818033854,2656,0.9932454427083334,2639,0.9932886759440104
adamw_grpo_bf16,AdamW + GRPO (BF16),25,down_proj,mlp,model.layers.25.mlp.down_proj.weight,13762560,259749,13502811,0.9811264038085937,259749,13502811,0.9811264038085937,96697,0.9929739089239211,96090,0.9930180140904018
adamw_grpo_bf16,AdamW + GRPO (BF16),25,gate_proj,mlp,model.layers.25.mlp.gate_proj.weight,13762560,250357,13512203,0.981808834984189,250357,13512203,0.981808834984189,82980,0.9939705984933036,82236,0.994024658203125
adamw_grpo_bf16,AdamW + GRPO (BF16),25,up_proj,mlp,model.layers.25.mlp.up_proj.weight,13762560,247255,13515305,0.9820342290969122,247255,13515305,0.9820342290969122,89491,0.9934975033714658,88926,0.9935385567801339
adamw_grpo_bf16,AdamW + GRPO (BF16),25,k_proj,attn,model.layers.25.self_attn.k_proj.weight,393216,10915,382301,0.9722417195638021,10915,382301,0.9722417195638021,4524,0.988494873046875,4495,0.9885686238606771
adamw_grpo_bf16,AdamW + GRPO (BF16),25,o_proj,attn,model.layers.25.self_attn.o_proj.weight,2359296,39955,2319341,0.9830648634168837,39955,2319341,0.9830648634168837,15089,0.9936044481065538,15023,0.9936324225531684
adamw_grpo_bf16,AdamW + GRPO (BF16),25,q_proj,attn,model.layers.25.self_attn.q_proj.weight,2359296,63717,2295579,0.9729932149251302,63717,2295579,0.9729932149251302,20552,0.9912889268663194,20392,0.9913567437065972
adamw_grpo_bf16,AdamW + GRPO (BF16),25,v_proj,attn,model.layers.25.self_attn.v_proj.weight,393216,6402,386814,0.9837188720703125,6402,386814,0.9837188720703125,3003,0.9923629760742188,2992,0.9923909505208334
adamw_grpo_bf16,AdamW + GRPO (BF16),26,down_proj,mlp,model.layers.26.mlp.down_proj.weight,13762560,256234,13506326,0.9813818068731399,256234,13506326,0.9813818068731399,91936,0.993319847470238,91355,0.993362063453311
adamw_grpo_bf16,AdamW + GRPO (BF16),26,gate_proj,mlp,model.layers.26.mlp.gate_proj.weight,13762560,253249,13509311,0.9815986996605283,253249,13509311,0.9815986996605283,82211,0.9940264747256324,81484,0.9940792992001488
adamw_grpo_bf16,AdamW + GRPO (BF16),26,up_proj,mlp,model.layers.26.mlp.up_proj.weight,13762560,244039,13518521,0.9822679065522694,244039,13518521,0.9822679065522694,83813,0.9939100719633557,83168,0.9939569382440476
adamw_grpo_bf16,AdamW + GRPO (BF16),26,k_proj,attn,model.layers.26.self_attn.k_proj.weight,393216,10240,382976,0.9739583333333334,10240,382976,0.9739583333333334,3405,0.9913406372070312,3384,0.99139404296875
adamw_grpo_bf16,AdamW + GRPO (BF16),26,o_proj,attn,model.layers.26.self_attn.o_proj.weight,2359296,40499,2318797,0.9828342861599393,40499,2318797,0.9828342861599393,14560,0.9938286675347222,14472,0.993865966796875
adamw_grpo_bf16,AdamW + GRPO (BF16),26,q_proj,attn,model.layers.26.self_attn.q_proj.weight,2359296,58895,2300401,0.9750370449490018,58895,2300401,0.9750370449490018,17812,0.9924502902560763,17636,0.9925248887803819
adamw_grpo_bf16,AdamW + GRPO (BF16),26,v_proj,attn,model.layers.26.self_attn.v_proj.weight,393216,6509,386707,0.9834467569986979,6509,386707,0.9834467569986979,2611,0.9933598836263021,2597,0.9933954874674479
adamw_grpo_bf16,AdamW + GRPO (BF16),27,down_proj,mlp,model.layers.27.mlp.down_proj.weight,13762560,297363,13465197,0.9783933367047991,297363,13465197,0.9783933367047991,108802,0.9920943487258185,108184,0.9921392531622024
adamw_grpo_bf16,AdamW + GRPO (BF16),27,gate_proj,mlp,model.layers.27.mlp.gate_proj.weight,13762560,236312,13526248,0.982829357328869,236312,13526248,0.982829357328869,76799,0.9944197155180432,76096,0.9944707961309524
adamw_grpo_bf16,AdamW + GRPO (BF16),27,up_proj,mlp,model.layers.27.mlp.up_proj.weight,13762560,245723,13516837,0.9821455455961682,245723,13516837,0.9821455455961682,84556,0.9938560849144346,83916,0.993902587890625
adamw_grpo_bf16,AdamW + GRPO (BF16),27,k_proj,attn,model.layers.27.self_attn.k_proj.weight,393216,10782,382434,0.9725799560546875,10782,382434,0.9725799560546875,3088,0.9921468098958334,3057,0.9922256469726562
adamw_grpo_bf16,AdamW + GRPO (BF16),27,o_proj,attn,model.layers.27.self_attn.o_proj.weight,2359296,50447,2308849,0.9786177741156684,50447,2308849,0.9786177741156684,17651,0.9925185309516059,17527,0.9925710890028212
adamw_grpo_bf16,AdamW + GRPO (BF16),27,q_proj,attn,model.layers.27.self_attn.q_proj.weight,2359296,61823,2297473,0.9737959967719184,61823,2297473,0.9737959967719184,18133,0.9923142327202691,17944,0.9923943413628472
adamw_grpo_bf16,AdamW + GRPO (BF16),27,v_proj,attn,model.layers.27.self_attn.v_proj.weight,393216,5236,387980,0.9866841634114584,5236,387980,0.9866841634114584,2262,0.9942474365234375,2252,0.9942728678385416
adamw_grpo_bf16,AdamW + GRPO (BF16),3,down_proj,mlp,model.layers.3.mlp.down_proj.weight,13762560,294165,13468395,0.9786257062639508,294165,13468395,0.9786257062639508,121593,0.9911649431501116,121017,0.991206795828683
adamw_grpo_bf16,AdamW + GRPO (BF16),3,gate_proj,mlp,model.layers.3.mlp.gate_proj.weight,13762560,243752,13518808,0.9822887602306548,243752,13518808,0.9822887602306548,101310,0.9926387241908482,100885,0.9926696050734747
adamw_grpo_bf16,AdamW + GRPO (BF16),3,up_proj,mlp,model.layers.3.mlp.up_proj.weight,13762560,287146,13475414,0.9791357131231399,287146,13475414,0.9791357131231399,121206,0.9911930629185268,120702,0.9912296840122767
adamw_grpo_bf16,AdamW + GRPO (BF16),3,k_proj,attn,model.layers.3.self_attn.k_proj.weight,393216,6919,386297,0.9824040730794271,6919,386297,0.9824040730794271,2959,0.9924748738606771,2953,0.9924901326497396
adamw_grpo_bf16,AdamW + GRPO (BF16),3,o_proj,attn,model.layers.3.self_attn.o_proj.weight,2359296,59088,2300208,0.9749552408854166,59088,2300208,0.9749552408854166,24608,0.9895697699652778,24504,0.9896138509114584
adamw_grpo_bf16,AdamW + GRPO (BF16),3,q_proj,attn,model.layers.3.self_attn.q_proj.weight,2359296,50814,2308482,0.9784622192382812,50814,2308482,0.9784622192382812,21495,0.9908892313639323,21394,0.9909320407443576
adamw_grpo_bf16,AdamW + GRPO (BF16),3,v_proj,attn,model.layers.3.self_attn.v_proj.weight,393216,9919,383297,0.9747746785481771,9919,383297,0.9747746785481771,4144,0.9894612630208334,4124,0.9895121256510416
adamw_grpo_bf16,AdamW + GRPO (BF16),4,down_proj,mlp,model.layers.4.mlp.down_proj.weight,13762560,299639,13462921,0.9782279604957217,299639,13462921,0.9782279604957217,121154,0.9911968412853422,120585,0.9912381853376117
adamw_grpo_bf16,AdamW + GRPO (BF16),4,gate_proj,mlp,model.layers.4.mlp.gate_proj.weight,13762560,245525,13517035,0.9821599324544271,245525,13517035,0.9821599324544271,98386,0.9928511846633185,97890,0.9928872244698661
adamw_grpo_bf16,AdamW + GRPO (BF16),4,up_proj,mlp,model.layers.4.mlp.up_proj.weight,13762560,291070,13471490,0.978850591750372,291070,13471490,0.978850591750372,120087,0.9912743704659598,119571,0.9913118634905134
adamw_grpo_bf16,AdamW + GRPO (BF16),4,k_proj,attn,model.layers.4.self_attn.k_proj.weight,393216,7071,386145,0.9820175170898438,7071,386145,0.9820175170898438,2995,0.9923833211263021,2983,0.9924138387044271
adamw_grpo_bf16,AdamW + GRPO (BF16),4,o_proj,attn,model.layers.4.self_attn.o_proj.weight,2359296,55538,2303758,0.9764599270290799,55538,2303758,0.9764599270290799,22612,0.9904157850477431,22521,0.990454355875651
adamw_grpo_bf16,AdamW + GRPO (BF16),4,q_proj,attn,model.layers.4.self_attn.q_proj.weight,2359296,47790,2311506,0.9797439575195312,47790,2311506,0.9797439575195312,20253,0.9914156595865885,20160,0.991455078125
adamw_grpo_bf16,AdamW + GRPO (BF16),4,v_proj,attn,model.layers.4.self_attn.v_proj.weight,393216,8304,384912,0.9788818359375,8304,384912,0.9788818359375,3482,0.9911448160807291,3466,0.9911855061848959
adamw_grpo_bf16,AdamW + GRPO (BF16),5,down_proj,mlp,model.layers.5.mlp.down_proj.weight,13762560,305617,13456943,0.9777935936337425,305617,13456943,0.9777935936337425,123676,0.9910135904947917,123086,0.9910564604259673
adamw_grpo_bf16,AdamW + GRPO (BF16),5,gate_proj,mlp,model.layers.5.mlp.gate_proj.weight,13762560,237838,13524722,0.9827184767950149,237838,13524722,0.9827184767950149,93834,0.9931819370814732,93396,0.9932137625558036
adamw_grpo_bf16,AdamW + GRPO (BF16),5,up_proj,mlp,model.layers.5.mlp.up_proj.weight,13762560,294736,13467824,0.978584216889881,294736,13467824,0.978584216889881,120685,0.9912309192475819,120125,0.9912716093517485
adamw_grpo_bf16,AdamW + GRPO (BF16),5,k_proj,attn,model.layers.5.self_attn.k_proj.weight,393216,7364,385852,0.9812723795572916,7364,385852,0.9812723795572916,2804,0.9928690592447916,2791,0.9929021199544271
adamw_grpo_bf16,AdamW + GRPO (BF16),5,o_proj,attn,model.layers.5.self_attn.o_proj.weight,2359296,57293,2302003,0.975716061062283,57293,2302003,0.975716061062283,23084,0.9902157253689237,22962,0.9902674357096354
adamw_grpo_bf16,AdamW + GRPO (BF16),5,q_proj,attn,model.layers.5.self_attn.q_proj.weight,2359296,51278,2308018,0.9782655504014757,51278,2308018,0.9782655504014757,19879,0.9915741814507378,19767,0.9916216532389323
adamw_grpo_bf16,AdamW + GRPO (BF16),5,v_proj,attn,model.layers.5.self_attn.v_proj.weight,393216,9885,383331,0.9748611450195312,9885,383331,0.9748611450195312,4113,0.9895401000976562,4096,0.9895833333333334
adamw_grpo_bf16,AdamW + GRPO (BF16),6,down_proj,mlp,model.layers.6.mlp.down_proj.weight,13762560,300491,13462069,0.9781660534086681,300491,13462069,0.9781660534086681,119446,0.9913209461030505,118800,0.9913678850446429
adamw_grpo_bf16,AdamW + GRPO (BF16),6,gate_proj,mlp,model.layers.6.mlp.gate_proj.weight,13762560,237312,13525248,0.9827566964285714,237312,13525248,0.9827566964285714,91490,0.9933522542317709,91002,0.993387712751116
adamw_grpo_bf16,AdamW + GRPO (BF16),6,up_proj,mlp,model.layers.6.mlp.up_proj.weight,13762560,291067,13471493,0.9788508097330729,291067,13471493,0.9788508097330729,116784,0.9915143694196429,116232,0.9915544782366071
adamw_grpo_bf16,AdamW + GRPO (BF16),6,k_proj,attn,model.layers.6.self_attn.k_proj.weight,393216,6926,386290,0.9823862711588541,6926,386290,0.9823862711588541,2668,0.9932149251302084,2652,0.993255615234375
adamw_grpo_bf16,AdamW + GRPO (BF16),6,o_proj,attn,model.layers.6.self_attn.o_proj.weight,2359296,51717,2307579,0.9780794779459635,51717,2307579,0.9780794779459635,20616,0.9912618001302084,20495,0.9913130866156684
adamw_grpo_bf16,AdamW + GRPO (BF16),6,q_proj,attn,model.layers.6.self_attn.q_proj.weight,2359296,49381,2309915,0.9790696038140191,49381,2309915,0.9790696038140191,19302,0.9918187459309896,19209,0.991858164469401
adamw_grpo_bf16,AdamW + GRPO (BF16),6,v_proj,attn,model.layers.6.self_attn.v_proj.weight,393216,8041,385175,0.9795506795247396,8041,385175,0.9795506795247396,3329,0.9915339152018229,3318,0.9915618896484375
adamw_grpo_bf16,AdamW + GRPO (BF16),7,down_proj,mlp,model.layers.7.mlp.down_proj.weight,13762560,289739,13472821,0.9789473034086682,289739,13472821,0.9789473034086682,114480,0.9916817801339286,113891,0.9917245774042038
adamw_grpo_bf16,AdamW + GRPO (BF16),7,gate_proj,mlp,model.layers.7.mlp.gate_proj.weight,13762560,251982,13510578,0.9816907610212053,251982,13510578,0.9816907610212053,95738,0.9930435907273065,95178,0.9930842808314733
adamw_grpo_bf16,AdamW + GRPO (BF16),7,up_proj,mlp,model.layers.7.mlp.up_proj.weight,13762560,279075,13483485,0.979722159249442,279075,13483485,0.979722159249442,110984,0.991935802641369,110414,0.9919772193545386
adamw_grpo_bf16,AdamW + GRPO (BF16),7,k_proj,attn,model.layers.7.self_attn.k_proj.weight,393216,6759,386457,0.9828109741210938,6759,386457,0.9828109741210938,2609,0.9933649698893229,2592,0.993408203125
adamw_grpo_bf16,AdamW + GRPO (BF16),7,o_proj,attn,model.layers.7.self_attn.o_proj.weight,2359296,55366,2303930,0.9765328301323785,55366,2303930,0.9765328301323785,22071,0.9906450907389323,21954,0.9906946818033854
adamw_grpo_bf16,AdamW + GRPO (BF16),7,q_proj,attn,model.layers.7.self_attn.q_proj.weight,2359296,47162,2312134,0.9800101386176215,47162,2312134,0.9800101386176215,18350,0.9922222561306424,18257,0.9922616746690538
adamw_grpo_bf16,AdamW + GRPO (BF16),7,v_proj,attn,model.layers.7.self_attn.v_proj.weight,393216,9194,384022,0.9766184488932291,9194,384022,0.9766184488932291,3698,0.9905954996744791,3684,0.990631103515625
adamw_grpo_bf16,AdamW + GRPO (BF16),8,down_proj,mlp,model.layers.8.mlp.down_proj.weight,13762560,300220,13462340,0.9781857445126488,300220,13462340,0.9781857445126488,118739,0.991372317359561,118064,0.991421363467262
adamw_grpo_bf16,AdamW + GRPO (BF16),8,gate_proj,mlp,model.layers.8.mlp.gate_proj.weight,13762560,256915,13505645,0.9813323248000372,256915,13505645,0.9813323248000372,98882,0.9928151448567708,98331,0.9928551810128349
adamw_grpo_bf16,AdamW + GRPO (BF16),8,up_proj,mlp,model.layers.8.mlp.up_proj.weight,13762560,284170,13478390,0.9793519519624256,284170,13478390,0.9793519519624256,112686,0.9918121337890625,112100,0.9918547130766369
adamw_grpo_bf16,AdamW + GRPO (BF16),8,k_proj,attn,model.layers.8.self_attn.k_proj.weight,393216,6298,386918,0.9839833577473959,6298,386918,0.9839833577473959,2388,0.993927001953125,2369,0.9939753214518229
adamw_grpo_bf16,AdamW + GRPO (BF16),8,o_proj,attn,model.layers.8.self_attn.o_proj.weight,2359296,53941,2305355,0.9771368238661025,53941,2305355,0.9771368238661025,21428,0.9909176296657987,21307,0.9909689161512587
adamw_grpo_bf16,AdamW + GRPO (BF16),8,q_proj,attn,model.layers.8.self_attn.q_proj.weight,2359296,45370,2313926,0.9807696872287326,45370,2313926,0.9807696872287326,17751,0.9924761454264323,17648,0.9925198025173612
adamw_grpo_bf16,AdamW + GRPO (BF16),8,v_proj,attn,model.layers.8.self_attn.v_proj.weight,393216,8367,384849,0.9787216186523438,8367,384849,0.9787216186523438,3454,0.9912160237630209,3444,0.991241455078125
adamw_grpo_bf16,AdamW + GRPO (BF16),9,down_proj,mlp,model.layers.9.mlp.down_proj.weight,13762560,294745,13467815,0.9785835629417783,294745,13467815,0.9785835629417783,116844,0.991510009765625,116223,0.9915551321847098
adamw_grpo_bf16,AdamW + GRPO (BF16),9,gate_proj,mlp,model.layers.9.mlp.gate_proj.weight,13762560,258176,13504384,0.9812406994047619,258176,13504384,0.9812406994047619,100649,0.9926867530459449,100108,0.992726062593006
adamw_grpo_bf16,AdamW + GRPO (BF16),9,up_proj,mlp,model.layers.9.mlp.up_proj.weight,13762560,280416,13482144,0.9796247209821428,280416,13482144,0.9796247209821428,111576,0.9918927873883928,111011,0.991933840797061
adamw_grpo_bf16,AdamW + GRPO (BF16),9,k_proj,attn,model.layers.9.self_attn.k_proj.weight,393216,8220,384996,0.979095458984375,8220,384996,0.979095458984375,3019,0.9923222859700521,2996,0.9923807779947916
adamw_grpo_bf16,AdamW + GRPO (BF16),9,o_proj,attn,model.layers.9.self_attn.o_proj.weight,2359296,62396,2296900,0.9735531277126737,62396,2296900,0.9735531277126737,23880,0.9898783365885416,23724,0.9899444580078125
adamw_grpo_bf16,AdamW + GRPO (BF16),9,q_proj,attn,model.layers.9.self_attn.q_proj.weight,2359296,50148,2309148,0.9787445068359375,50148,2309148,0.9787445068359375,19344,0.9918009440104166,19221,0.9918530782063802
adamw_grpo_bf16,AdamW + GRPO (BF16),9,v_proj,attn,model.layers.9.self_attn.v_proj.weight,393216,11447,381769,0.9708887736002604,11447,381769,0.9708887736002604,4362,0.9889068603515625,4337,0.9889704386393229
adamw_grpo_mixed,AdamW + GRPO (Mixed),-1,embed,embed,model.embed_tokens.weight,233373696,58464898,174908798,0.7494794871826514,1547128,231826568,0.9933705982014357,1788410,0.9923367113318546,678192,0.9970939655512847
adamw_grpo_mixed,AdamW + GRPO (Mixed),0,down_proj,mlp,model.layers.0.mlp.down_proj.weight,13762560,13762086,474,3.4441266741125354e-05,2569395,11193165,0.813305446079799,7058675,0.4871103195917039,2120836,0.8458981468563989
adamw_grpo_mixed,AdamW + GRPO (Mixed),0,gate_proj,mlp,model.layers.0.mlp.gate_proj.weight,13762560,13762042,518,3.763834635417407e-05,2231438,11531122,0.8378617059616815,7068771,0.48637673514229907,1844316,0.8659903390066964
adamw_grpo_mixed,AdamW + GRPO (Mixed),0,up_proj,mlp,model.layers.0.mlp.up_proj.weight,13762560,13762122,438,3.182547433033811e-05,2681767,11080793,0.805140395391555,7095541,0.4844316028413318,2213957,0.8391318911597843
adamw_grpo_mixed,AdamW + GRPO (Mixed),0,k_proj,attn,model.layers.0.self_attn.k_proj.weight,393216,393189,27,6.866455078125e-05,37345,355871,0.9050267537434896,197143,0.4986394246419271,30619,0.9221318562825521
adamw_grpo_mixed,AdamW + GRPO (Mixed),0,o_proj,attn,model.layers.0.self_attn.o_proj.weight,2359296,2359242,54,2.288818359375e-05,601953,1757343,0.7448590596516926,1228441,0.47931883070203996,495989,0.789772457546658
adamw_grpo_mixed,AdamW + GRPO (Mixed),0,q_proj,attn,model.layers.0.self_attn.q_proj.weight,2359296,2355380,3916,0.0016598171657986605,287408,2071888,0.8781806098090278,1038107,0.5599928961859809,233258,0.9011323716905382
adamw_grpo_mixed,AdamW + GRPO (Mixed),0,v_proj,attn,model.layers.0.self_attn.v_proj.weight,393216,393208,8,2.034505208337034e-05,102281,290935,0.739885965983073,203184,0.4832763671875,84042,0.7862701416015625
adamw_grpo_mixed,AdamW + GRPO (Mixed),1,down_proj,mlp,model.layers.1.mlp.down_proj.weight,13762560,13762118,442,3.211611793152436e-05,2606293,11156267,0.8106244041806175,7039187,0.48852633521670386,2148223,0.843908182779948
adamw_grpo_mixed,AdamW + GRPO (Mixed),1,gate_proj,mlp,model.layers.1.mlp.gate_proj.weight,13762560,13762029,531,3.858293805802937e-05,2208055,11554505,0.8395607357933408,7052685,0.48754555838448665,1825291,0.8673727126348586
adamw_grpo_mixed,AdamW + GRPO (Mixed),1,up_proj,mlp,model.layers.1.mlp.up_proj.weight,13762560,13762124,436,3.168015252974499e-05,2579906,11182654,0.8125417073567709,7060057,0.4870099022274925,2127457,0.8454170590355283
adamw_grpo_mixed,AdamW + GRPO (Mixed),1,k_proj,attn,model.layers.1.self_attn.k_proj.weight,393216,393188,28,7.120768229162966e-05,44182,349034,0.8876393636067709,203847,0.48159027099609375,36486,0.9072113037109375
adamw_grpo_mixed,AdamW + GRPO (Mixed),1,o_proj,attn,model.layers.1.self_attn.o_proj.weight,2359296,2359227,69,2.924601236975466e-05,531237,1828059,0.7748324076334635,1223849,0.48126517401801217,438555,0.8141161600748698
adamw_grpo_mixed,AdamW + GRPO (Mixed),1,q_proj,attn,model.layers.1.self_attn.q_proj.weight,2359296,2359206,90,3.814697265625e-05,336165,2023131,0.8575146993001302,1207370,0.48824988471137154,276174,0.8829421997070312
adamw_grpo_mixed,AdamW + GRPO (Mixed),1,v_proj,attn,model.layers.1.self_attn.v_proj.weight,393216,393207,9,2.288818359375e-05,104118,289098,0.7352142333984375,205400,0.47764078776041663,85629,0.7822341918945312
adamw_grpo_mixed,AdamW + GRPO (Mixed),10,down_proj,mlp,model.layers.10.mlp.down_proj.weight,13762560,13762117,443,3.218877883182092e-05,2593107,11169453,0.811582510811942,6986562,0.49235011509486604,2130513,0.8451950073242187
adamw_grpo_mixed,AdamW + GRPO (Mixed),10,gate_proj,mlp,model.layers.10.mlp.gate_proj.weight,13762560,13762006,554,4.025413876485029e-05,2280133,11482427,0.834323483421689,6913284,0.497674560546875,1866262,0.8643957228887649
adamw_grpo_mixed,AdamW + GRPO (Mixed),10,up_proj,mlp,model.layers.10.mlp.up_proj.weight,13762560,13762081,479,3.480457124260816e-05,2438205,11324355,0.8228378295898438,6959488,0.4943173363095238,2001055,0.8546015421549479
adamw_grpo_mixed,AdamW + GRPO (Mixed),10,k_proj,attn,model.layers.10.self_attn.k_proj.weight,393216,393199,17,4.323323567712034e-05,64549,328667,0.8358434041341146,194126,0.5063120524088542,52244,0.8671366373697916
adamw_grpo_mixed,AdamW + GRPO (Mixed),10,o_proj,attn,model.layers.10.self_attn.o_proj.weight,2359296,2359206,90,3.814697265625e-05,487089,1872207,0.7935447692871094,1196189,0.49298901028103304,398380,0.8311445448133681
adamw_grpo_mixed,AdamW + GRPO (Mixed),10,q_proj,attn,model.layers.10.self_attn.q_proj.weight,2359296,2359198,98,4.1537814670089546e-05,417683,1941613,0.8229628668891059,1165694,0.5059144761827257,338238,0.8566360473632812
adamw_grpo_mixed,AdamW + GRPO (Mixed),10,v_proj,attn,model.layers.10.self_attn.v_proj.weight,393216,393200,16,4.069010416662966e-05,73488,319728,0.8131103515625,195846,0.5019378662109375,59445,0.8488235473632812
adamw_grpo_mixed,AdamW + GRPO (Mixed),11,down_proj,mlp,model.layers.11.mlp.down_proj.weight,13762560,13762097,463,3.364199683775215e-05,2626058,11136502,0.8091882614862351,6977481,0.49300994873046877,2155938,0.8433476039341518
adamw_grpo_mixed,AdamW + GRPO (Mixed),11,gate_proj,mlp,model.layers.11.mlp.gate_proj.weight,13762560,13762012,548,3.981817336307092e-05,2296633,11465927,0.8331245785667782,6926936,0.4966825939360119,1882565,0.8632111322312128
adamw_grpo_mixed,AdamW + GRPO (Mixed),11,up_proj,mlp,model.layers.11.mlp.up_proj.weight,13762560,13762054,506,3.676641555061533e-05,2455273,11307287,0.821597653343564,6995360,0.49171084449404767,2020946,0.853156244187128
adamw_grpo_mixed,AdamW + GRPO (Mixed),11,k_proj,attn,model.layers.11.self_attn.k_proj.weight,393216,393199,17,4.323323567712034e-05,59355,333861,0.8490524291992188,197147,0.4986292521158854,48443,0.8768030802408854
adamw_grpo_mixed,AdamW + GRPO (Mixed),11,o_proj,attn,model.layers.11.self_attn.o_proj.weight,2359296,2359220,76,3.221299913191977e-05,510044,1849252,0.7838151719835069,1206718,0.48852623833550346,418339,0.822684817843967
adamw_grpo_mixed,AdamW + GRPO (Mixed),11,q_proj,attn,model.layers.11.self_attn.q_proj.weight,2359296,2359216,80,3.3908420138839546e-05,402444,1956852,0.8294219970703125,1181017,0.4994197421603732,328662,0.8606948852539062
adamw_grpo_mixed,AdamW + GRPO (Mixed),11,v_proj,attn,model.layers.11.self_attn.v_proj.weight,393216,393206,10,2.543131510412966e-05,75064,318152,0.8091023763020834,202289,0.4855524698893229,61835,0.8427454630533854
adamw_grpo_mixed,AdamW + GRPO (Mixed),12,down_proj,mlp,model.layers.12.mlp.down_proj.weight,13762560,13762140,420,3.0517578125e-05,2711766,11050794,0.8029606410435268,6996790,0.49160693940662203,2229051,0.838035147530692
adamw_grpo_mixed,AdamW + GRPO (Mixed),12,gate_proj,mlp,model.layers.12.mlp.gate_proj.weight,13762560,13761975,585,4.2506626674154724e-05,2252152,11510408,0.8363566080729167,6903481,0.4983868553524926,1842673,0.8661097208658854
adamw_grpo_mixed,AdamW + GRPO (Mixed),12,up_proj,mlp,model.layers.12.mlp.up_proj.weight,13762560,13762098,462,3.356933593745559e-05,2517147,11245413,0.8171018327985491,6973637,0.49328925723121275,2069494,0.8496287027994791
adamw_grpo_mixed,AdamW + GRPO (Mixed),12,k_proj,attn,model.layers.12.self_attn.k_proj.weight,393216,393197,19,4.831949869787966e-05,66603,326613,0.8306198120117188,199980,0.491424560546875,54770,0.8607126871744791
adamw_grpo_mixed,AdamW + GRPO (Mixed),12,o_proj,attn,model.layers.12.self_attn.o_proj.weight,2359296,2359213,83,3.5179985894084886e-05,503350,1855946,0.7866524590386285,1210394,0.48696814643012154,414115,0.8244751824273003
adamw_grpo_mixed,AdamW + GRPO (Mixed),12,q_proj,attn,model.layers.12.self_attn.q_proj.weight,2359296,2359200,96,4.069010416662966e-05,434993,1924303,0.8156259324815538,1190761,0.4952896965874566,355931,0.8491367763943143
adamw_grpo_mixed,AdamW + GRPO (Mixed),12,v_proj,attn,model.layers.12.self_attn.v_proj.weight,393216,393196,20,5.086263020837034e-05,72143,321073,0.8165308634440104,198501,0.49518585205078125,58825,0.8504002888997396
adamw_grpo_mixed,AdamW + GRPO (Mixed),13,down_proj,mlp,model.layers.13.mlp.down_proj.weight,13762560,13762086,474,3.4441266741125354e-05,2655046,11107514,0.8070819673084078,7016616,0.4901663643973214,2186128,0.8411539713541667
adamw_grpo_mixed,AdamW + GRPO (Mixed),13,gate_proj,mlp,model.layers.13.mlp.gate_proj.weight,13762560,13762062,498,3.6185128348242834e-05,2358128,11404432,0.8286562965029762,6926166,0.4967385428292411,1931341,0.8596670241582961
adamw_grpo_mixed,AdamW + GRPO (Mixed),13,up_proj,mlp,model.layers.13.mlp.up_proj.weight,13762560,13762065,495,3.596714564735315e-05,2457036,11305524,0.8214695521763393,6969082,0.4936202276320685,2018542,0.8533309209914435
adamw_grpo_mixed,AdamW + GRPO (Mixed),13,k_proj,attn,model.layers.13.self_attn.k_proj.weight,393216,393186,30,7.62939453125e-05,59196,334020,0.849456787109375,201180,0.488372802734375,48870,0.8757171630859375
adamw_grpo_mixed,AdamW + GRPO (Mixed),13,o_proj,attn,model.layers.13.self_attn.o_proj.weight,2359296,2359227,69,2.924601236975466e-05,522210,1837086,0.7786585489908854,1215007,0.48501290215386283,429019,0.8181580437554253
adamw_grpo_mixed,AdamW + GRPO (Mixed),13,q_proj,attn,model.layers.13.self_attn.q_proj.weight,2359296,2359203,93,3.941853841149534e-05,412094,1947202,0.825331793891059,1192162,0.49469587537977433,337402,0.8569903903537326
adamw_grpo_mixed,AdamW + GRPO (Mixed),13,v_proj,attn,model.layers.13.self_attn.v_proj.weight,393216,393209,7,1.780192057287966e-05,78441,314775,0.8005142211914062,202624,0.48470052083333337,64365,0.8363113403320312
adamw_grpo_mixed,AdamW + GRPO (Mixed),14,down_proj,mlp,model.layers.14.mlp.down_proj.weight,13762560,13762083,477,3.465924944201504e-05,2649586,11112974,0.8074786958240328,7012348,0.4904764811197917,2179507,0.8416350591750372
adamw_grpo_mixed,AdamW + GRPO (Mixed),14,gate_proj,mlp,model.layers.14.mlp.gate_proj.weight,13762560,13762071,489,3.553118024557378e-05,2435444,11327116,0.8230384463355654,6922609,0.49699699765159966,1995207,0.8550264630998884
adamw_grpo_mixed,AdamW + GRPO (Mixed),14,up_proj,mlp,model.layers.14.mlp.up_proj.weight,13762560,13762083,477,3.465924944201504e-05,2497143,11265417,0.8185553414481027,6999863,0.4913836524600075,2055380,0.8506542387462798
adamw_grpo_mixed,AdamW + GRPO (Mixed),14,k_proj,attn,model.layers.14.self_attn.k_proj.weight,393216,393204,12,3.0517578125e-05,78535,314681,0.8002751668294271,197068,0.49883015950520837,63498,0.8385162353515625
adamw_grpo_mixed,AdamW + GRPO (Mixed),14,o_proj,attn,model.layers.14.self_attn.o_proj.weight,2359296,2359210,86,3.645155164933023e-05,544022,1815274,0.7694134182400174,1208564,0.48774380154079866,445185,0.8113059997558594
adamw_grpo_mixed,AdamW + GRPO (Mixed),14,q_proj,attn,model.layers.14.self_attn.q_proj.weight,2359296,2359218,78,3.306070963537966e-05,485693,1873603,0.794136471218533,1164815,0.5062870449490018,388263,0.8354326883951823
adamw_grpo_mixed,AdamW + GRPO (Mixed),14,v_proj,attn,model.layers.14.self_attn.v_proj.weight,393216,393203,13,3.306070963537966e-05,87326,305890,0.7779184977213541,199582,0.49243672688802087,70945,0.8195775349934896
adamw_grpo_mixed,AdamW + GRPO (Mixed),15,down_proj,mlp,model.layers.15.mlp.down_proj.weight,13762560,13762113,447,3.2479422433007166e-05,2664986,11097574,0.8063597179594494,7066827,0.4865179879324777,2199496,0.840182640438988
adamw_grpo_mixed,AdamW + GRPO (Mixed),15,gate_proj,mlp,model.layers.15.mlp.gate_proj.weight,13762560,13762076,484,3.516787574409097e-05,2404478,11358082,0.8252884637741815,6967052,0.4937677292596726,1973892,0.8565752301897321
adamw_grpo_mixed,AdamW + GRPO (Mixed),15,up_proj,mlp,model.layers.15.mlp.up_proj.weight,13762560,13762088,472,3.429594494042121e-05,2481911,11280649,0.819662112281436,7062949,0.48679976690383187,2051269,0.8509529477074033
adamw_grpo_mixed,AdamW + GRPO (Mixed),15,k_proj,attn,model.layers.15.self_attn.k_proj.weight,393216,393196,20,5.086263020837034e-05,71644,321572,0.8177998860677084,195031,0.504010518391927,57927,0.8526840209960938
adamw_grpo_mixed,AdamW + GRPO (Mixed),15,o_proj,attn,model.layers.15.self_attn.o_proj.weight,2359296,2359210,86,3.645155164933023e-05,490705,1868591,0.7920121086968316,1227771,0.4796028137207031,405549,0.8281059265136719
adamw_grpo_mixed,AdamW + GRPO (Mixed),15,q_proj,attn,model.layers.15.self_attn.q_proj.weight,2359296,2359212,84,3.560384114587034e-05,461258,1898038,0.8044933742947049,1177394,0.5009553697374132,374215,0.8413870069715712
adamw_grpo_mixed,AdamW + GRPO (Mixed),15,v_proj,attn,model.layers.15.self_attn.v_proj.weight,393216,393201,15,3.814697265625e-05,68684,324532,0.8253275553385416,204156,0.480804443359375,56756,0.8556620279947916
adamw_grpo_mixed,AdamW + GRPO (Mixed),16,down_proj,mlp,model.layers.16.mlp.down_proj.weight,13762560,13762079,481,3.4949893043201286e-05,2633591,11128969,0.8086409069242931,7070690,0.48623729887462797,2175128,0.8419532412574404
adamw_grpo_mixed,AdamW + GRPO (Mixed),16,gate_proj,mlp,model.layers.16.mlp.gate_proj.weight,13762560,13762040,520,3.778366815476719e-05,2436291,11326269,0.8229769025530134,6930337,0.4964354742140997,1994796,0.8550563267299107
adamw_grpo_mixed,AdamW + GRPO (Mixed),16,up_proj,mlp,model.layers.16.mlp.up_proj.weight,13762560,13762065,495,3.596714564735315e-05,2449115,11313445,0.8220450991675967,6995833,0.49167647588820684,2015006,0.8535878499348959
adamw_grpo_mixed,AdamW + GRPO (Mixed),16,k_proj,attn,model.layers.16.self_attn.k_proj.weight,393216,393197,19,4.831949869787966e-05,63051,330165,0.8396530151367188,204447,0.48006439208984375,52576,0.8662923177083334
adamw_grpo_mixed,AdamW + GRPO (Mixed),16,o_proj,attn,model.layers.16.self_attn.o_proj.weight,2359296,2359221,75,3.178914388024534e-05,507519,1851777,0.7848854064941406,1220481,0.4826927185058594,418679,0.8225407070583768
adamw_grpo_mixed,AdamW + GRPO (Mixed),16,q_proj,attn,model.layers.16.self_attn.q_proj.weight,2359296,2359201,95,4.026624891495523e-05,410576,1948720,0.8259752061631944,1162009,0.5074763827853732,332924,0.8588884141710069
adamw_grpo_mixed,AdamW + GRPO (Mixed),16,v_proj,attn,model.layers.16.self_attn.v_proj.weight,393216,393198,18,4.57763671875e-05,73184,320032,0.8138834635416666,206337,0.47525787353515625,61104,0.8446044921875
adamw_grpo_mixed,AdamW + GRPO (Mixed),17,down_proj,mlp,model.layers.17.mlp.down_proj.weight,13762560,13762122,438,3.182547433033811e-05,2602472,11160088,0.8109020414806547,7087318,0.4850290934244792,2152348,0.8436084565662203
adamw_grpo_mixed,AdamW + GRPO (Mixed),17,gate_proj,mlp,model.layers.17.mlp.gate_proj.weight,13762560,13762083,477,3.465924944201504e-05,2421469,11341091,0.8240538824172248,6938924,0.49581153506324405,1983423,0.8558826991489955
adamw_grpo_mixed,AdamW + GRPO (Mixed),17,up_proj,mlp,model.layers.17.mlp.up_proj.weight,13762560,13762077,483,3.509521484379441e-05,2434960,11327600,0.8230736142113095,7002283,0.49120781308128725,2004223,0.854371352422805
adamw_grpo_mixed,AdamW + GRPO (Mixed),17,k_proj,attn,model.layers.17.self_attn.k_proj.weight,393216,393204,12,3.0517578125e-05,78586,314630,0.8001454671223959,197629,0.4974034627278646,64091,0.8370081583658854
adamw_grpo_mixed,AdamW + GRPO (Mixed),17,o_proj,attn,model.layers.17.self_attn.o_proj.weight,2359296,2359217,79,3.3484564887165114e-05,482634,1876662,0.7954330444335938,1215743,0.48470094468858504,397509,0.8315137227376302
adamw_grpo_mixed,AdamW + GRPO (Mixed),17,q_proj,attn,model.layers.17.self_attn.q_proj.weight,2359296,2359194,102,4.323323567712034e-05,457635,1901661,0.8060290018717448,1167488,0.5051540798611112,370350,0.8430252075195312
adamw_grpo_mixed,AdamW + GRPO (Mixed),17,v_proj,attn,model.layers.17.self_attn.v_proj.weight,393216,393195,21,5.340576171875e-05,74870,318346,0.8095957438151041,201555,0.48741912841796875,61554,0.8434600830078125
adamw_grpo_mixed,AdamW + GRPO (Mixed),18,down_proj,mlp,model.layers.18.mlp.down_proj.weight,13762560,13762106,454,3.29880487350831e-05,2613388,11149172,0.8101088750930059,7141749,0.4810740879603794,2169613,0.8423539661225818
adamw_grpo_mixed,AdamW + GRPO (Mixed),18,gate_proj,mlp,model.layers.18.mlp.gate_proj.weight,13762560,13762028,532,3.865559895832593e-05,2336901,11425659,0.8301986694335938,6922248,0.49702322823660716,1913353,0.8609740484328496
adamw_grpo_mixed,AdamW + GRPO (Mixed),18,up_proj,mlp,model.layers.18.mlp.up_proj.weight,13762560,13762085,475,3.4513927641421915e-05,2450620,11311940,0.8219357445126488,7030387,0.4891657511393229,2020988,0.8531531924293154
adamw_grpo_mixed,AdamW + GRPO (Mixed),18,k_proj,attn,model.layers.18.self_attn.k_proj.weight,393216,393201,15,3.814697265625e-05,66843,326373,0.8300094604492188,199959,0.49147796630859375,54537,0.8613052368164062
adamw_grpo_mixed,AdamW + GRPO (Mixed),18,o_proj,attn,model.layers.18.self_attn.o_proj.weight,2359296,2359217,79,3.3484564887165114e-05,496007,1863289,0.7897648281521268,1228092,0.47946675618489587,410841,0.8258628845214844
adamw_grpo_mixed,AdamW + GRPO (Mixed),18,q_proj,attn,model.layers.18.self_attn.q_proj.weight,2359296,2359207,89,3.7723117404464546e-05,427161,1932135,0.818945566813151,1185360,0.49757893880208337,347941,0.8525233798556857
adamw_grpo_mixed,AdamW + GRPO (Mixed),18,v_proj,attn,model.layers.18.self_attn.v_proj.weight,393216,393198,18,4.57763671875e-05,92625,300591,0.7644424438476562,204113,0.4809137980143229,75418,0.8082021077473959
adamw_grpo_mixed,AdamW + GRPO (Mixed),19,down_proj,mlp,model.layers.19.mlp.down_proj.weight,13762560,13762076,484,3.516787574409097e-05,2603577,11158983,0.8108217511858259,7192715,0.477370852515811,2168012,0.8424702962239583
adamw_grpo_mixed,AdamW + GRPO (Mixed),19,gate_proj,mlp,model.layers.19.mlp.gate_proj.weight,13762560,13762007,553,4.018147786455373e-05,2330483,11432077,0.8306650070917039,6932975,0.4962437947591146,1909722,0.8612378801618303
adamw_grpo_mixed,AdamW + GRPO (Mixed),19,up_proj,mlp,model.layers.19.mlp.up_proj.weight,13762560,13762090,470,3.4150623139828085e-05,2420523,11342037,0.8241226196289062,7048986,0.4878143310546875,1999798,0.854692876906622
adamw_grpo_mixed,AdamW + GRPO (Mixed),19,k_proj,attn,model.layers.19.self_attn.k_proj.weight,393216,393201,15,3.814697265625e-05,72568,320648,0.8154500325520834,203047,0.4836247762044271,59925,0.8476028442382812
adamw_grpo_mixed,AdamW + GRPO (Mixed),19,o_proj,attn,model.layers.19.self_attn.o_proj.weight,2359296,2359216,80,3.3908420138839546e-05,451426,1907870,0.8086607191297743,1251169,0.4696854485405816,377783,0.8398746914333768
adamw_grpo_mixed,AdamW + GRPO (Mixed),19,q_proj,attn,model.layers.19.self_attn.q_proj.weight,2359296,2359222,74,3.1365288628459886e-05,447124,1912172,0.8104841444227431,1183938,0.4981816609700521,363914,0.8457531399197049
adamw_grpo_mixed,AdamW + GRPO (Mixed),19,v_proj,attn,model.layers.19.self_attn.v_proj.weight,393216,393197,19,4.831949869787966e-05,67800,325416,0.82757568359375,213362,0.45739237467447913,57481,0.8538182576497396
adamw_grpo_mixed,AdamW + GRPO (Mixed),2,down_proj,mlp,model.layers.2.mlp.down_proj.weight,13762560,13762072,488,3.545851934527722e-05,2551437,11211123,0.8146102905273438,7006891,0.4908729916527158,2098617,0.8475125994001116
adamw_grpo_mixed,AdamW + GRPO (Mixed),2,gate_proj,mlp,model.layers.2.mlp.gate_proj.weight,13762560,13762059,501,3.640311104913252e-05,2164205,11598355,0.8427469162713914,6998273,0.4914991832914807,1783234,0.8704286121186756
adamw_grpo_mixed,AdamW + GRPO (Mixed),2,up_proj,mlp,model.layers.2.mlp.up_proj.weight,13762560,13762133,427,3.102620442707593e-05,2552012,11210548,0.8145685105096726,7034383,0.48887539818173364,2102963,0.8471968151274182
adamw_grpo_mixed,AdamW + GRPO (Mixed),2,k_proj,attn,model.layers.2.self_attn.k_proj.weight,393216,393205,11,2.797444661462034e-05,50374,342842,0.8718922932942709,202080,0.486083984375,41485,0.8944981892903646
adamw_grpo_mixed,AdamW + GRPO (Mixed),2,o_proj,attn,model.layers.2.self_attn.o_proj.weight,2359296,2359230,66,2.797444661462034e-05,486799,1872497,0.7936676873101128,1206248,0.4887254503038194,400330,0.8303180270724826
adamw_grpo_mixed,AdamW + GRPO (Mixed),2,q_proj,attn,model.layers.2.self_attn.q_proj.weight,2359296,2359198,98,4.1537814670089546e-05,377643,1981653,0.8399340311686198,1197421,0.4924668206108941,309389,0.8688638475206163
adamw_grpo_mixed,AdamW + GRPO (Mixed),2,v_proj,attn,model.layers.2.self_attn.v_proj.weight,393216,393205,11,2.797444661462034e-05,95882,297334,0.7561594645182291,200984,0.48887125651041663,78074,0.8014475504557291
adamw_grpo_mixed,AdamW + GRPO (Mixed),20,down_proj,mlp,model.layers.20.mlp.down_proj.weight,13762560,13762086,474,3.4441266741125354e-05,2643873,11118687,0.807893807547433,7260803,0.47242351713634667,2213054,0.8391975039527529
adamw_grpo_mixed,AdamW + GRPO (Mixed),20,gate_proj,mlp,model.layers.20.mlp.gate_proj.weight,13762560,13762035,525,3.814697265625e-05,2374129,11388431,0.827493649437314,6933757,0.4961869739350818,1944518,0.8587095714750744
adamw_grpo_mixed,AdamW + GRPO (Mixed),20,up_proj,mlp,model.layers.20.mlp.up_proj.weight,13762560,13762066,494,3.589448474705659e-05,2454738,11307822,0.8216365269252233,7126600,0.48217482793898814,2037978,0.851918683733259
adamw_grpo_mixed,AdamW + GRPO (Mixed),20,k_proj,attn,model.layers.20.self_attn.k_proj.weight,393216,393200,16,4.069010416662966e-05,75326,317890,0.8084360758463541,205574,0.47719828287760413,62487,0.8410873413085938
adamw_grpo_mixed,AdamW + GRPO (Mixed),20,o_proj,attn,model.layers.20.self_attn.o_proj.weight,2359296,2359216,80,3.3908420138839546e-05,469284,1890012,0.8010915120442709,1269349,0.4619797600640191,394770,0.8326746622721354
adamw_grpo_mixed,AdamW + GRPO (Mixed),20,q_proj,attn,model.layers.20.self_attn.q_proj.weight,2359296,2359222,74,3.1365288628459886e-05,464593,1894703,0.803079817030165,1224323,0.4810642666286893,383407,0.8374909294976128
adamw_grpo_mixed,AdamW + GRPO (Mixed),20,v_proj,attn,model.layers.20.self_attn.v_proj.weight,393216,393190,26,6.612141927087034e-05,65462,327754,0.8335215250651041,211935,0.46102142333984375,55224,0.85955810546875
adamw_grpo_mixed,AdamW + GRPO (Mixed),21,down_proj,mlp,model.layers.21.mlp.down_proj.weight,13762560,13762080,480,3.4877232142904724e-05,2750252,11012308,0.8001642136346726,7410698,0.4615320114862351,2320192,0.8314127604166667
adamw_grpo_mixed,AdamW + GRPO (Mixed),21,gate_proj,mlp,model.layers.21.mlp.gate_proj.weight,13762560,13762005,555,4.032679966514685e-05,2292277,11470283,0.8334410894484747,6900986,0.4985681442987351,1874816,0.863774181547619
adamw_grpo_mixed,AdamW + GRPO (Mixed),21,up_proj,mlp,model.layers.21.mlp.up_proj.weight,13762560,13762060,500,3.633045014883596e-05,2486658,11275902,0.8193171909877233,7195896,0.4771397181919643,2073543,0.8493344988141741
adamw_grpo_mixed,AdamW + GRPO (Mixed),21,k_proj,attn,model.layers.21.self_attn.k_proj.weight,393216,393204,12,3.0517578125e-05,71359,321857,0.8185246785481771,198837,0.49433135986328125,58352,0.8516031901041666
adamw_grpo_mixed,AdamW + GRPO (Mixed),21,o_proj,attn,model.layers.21.self_attn.o_proj.weight,2359296,2359202,94,3.984239366316977e-05,486771,1872525,0.7936795552571615,1284067,0.45574145846896696,411772,0.8254682752821181
adamw_grpo_mixed,AdamW + GRPO (Mixed),21,q_proj,attn,model.layers.21.self_attn.q_proj.weight,2359296,2359199,97,4.1113959418415114e-05,443603,1915693,0.8119765387641059,1193195,0.4942580329047309,361351,0.8468394809299045
adamw_grpo_mixed,AdamW + GRPO (Mixed),21,v_proj,attn,model.layers.21.self_attn.v_proj.weight,393216,393203,13,3.306070963537966e-05,71415,321801,0.8183822631835938,214522,0.45444234212239587,60643,0.8457768758138021
adamw_grpo_mixed,AdamW + GRPO (Mixed),22,down_proj,mlp,model.layers.22.mlp.down_proj.weight,13762560,13762071,489,3.553118024557378e-05,2712132,11050428,0.8029340471540178,7504506,0.4547158377511161,2307142,0.8323609851655506
adamw_grpo_mixed,AdamW + GRPO (Mixed),22,gate_proj,mlp,model.layers.22.mlp.gate_proj.weight,13762560,13762013,547,3.974551246277436e-05,2195594,11566966,0.8404661632719495,6882647,0.49990067254929316,1795505,0.8695369902111235
adamw_grpo_mixed,AdamW + GRPO (Mixed),22,up_proj,mlp,model.layers.22.mlp.up_proj.weight,13762560,13762068,492,3.5749162946463464e-05,2492041,11270519,0.8189260573614211,7232975,0.4744455246698289,2082646,0.8486730666387649
adamw_grpo_mixed,AdamW + GRPO (Mixed),22,k_proj,attn,model.layers.22.self_attn.k_proj.weight,393216,393207,9,2.288818359375e-05,83804,309412,0.7868754069010416,193662,0.5074920654296875,66570,0.8307037353515625
adamw_grpo_mixed,AdamW + GRPO (Mixed),22,o_proj,attn,model.layers.22.self_attn.o_proj.weight,2359296,2359205,91,3.8570827908035454e-05,405358,1953938,0.8281868828667535,1225950,0.4803746541341146,336962,0.8571768866644965
adamw_grpo_mixed,AdamW + GRPO (Mixed),22,q_proj,attn,model.layers.22.self_attn.q_proj.weight,2359296,2359192,104,4.408094618058023e-05,490049,1869247,0.7922901577419705,1165753,0.5058894687228732,388614,0.8352839152018229
adamw_grpo_mixed,AdamW + GRPO (Mixed),22,v_proj,attn,model.layers.22.self_attn.v_proj.weight,393216,393204,12,3.0517578125e-05,88680,304536,0.77447509765625,213774,0.4563446044921875,74924,0.8094584147135416
adamw_grpo_mixed,AdamW + GRPO (Mixed),23,down_proj,mlp,model.layers.23.mlp.down_proj.weight,13762560,13762084,476,3.458658854171848e-05,2659156,11103404,0.8067833310081846,7497149,0.4552504039946057,2260810,0.8357275099981398
adamw_grpo_mixed,AdamW + GRPO (Mixed),23,gate_proj,mlp,model.layers.23.mlp.gate_proj.weight,13762560,13761998,562,4.083542596722278e-05,2180381,11582179,0.8415715535481771,6883929,0.49980752127511163,1782067,0.8705134073893229
adamw_grpo_mixed,AdamW + GRPO (Mixed),23,up_proj,mlp,model.layers.23.mlp.up_proj.weight,13762560,13762090,470,3.4150623139828085e-05,2436665,11325895,0.8229497273763021,7236167,0.47421359107607886,2037712,0.8519380115327381
adamw_grpo_mixed,AdamW + GRPO (Mixed),23,k_proj,attn,model.layers.23.self_attn.k_proj.weight,393216,393202,14,3.560384114587034e-05,75350,317866,0.8083750406901041,199447,0.4927800496419271,61746,0.8429718017578125
adamw_grpo_mixed,AdamW + GRPO (Mixed),23,o_proj,attn,model.layers.23.self_attn.o_proj.weight,2359296,2359224,72,3.0517578125e-05,468018,1891278,0.8016281127929688,1314519,0.442834218343099,401630,0.8297670152452257
adamw_grpo_mixed,AdamW + GRPO (Mixed),23,q_proj,attn,model.layers.23.self_attn.q_proj.weight,2359296,2359205,91,3.8570827908035454e-05,449129,1910167,0.8096343146430122,1215865,0.4846492343478732,369753,0.8432782491048177
adamw_grpo_mixed,AdamW + GRPO (Mixed),23,v_proj,attn,model.layers.23.self_attn.v_proj.weight,393216,393207,9,2.288818359375e-05,81936,311280,0.7916259765625,225891,0.42552947998046875,71119,0.8191350301106771
adamw_grpo_mixed,AdamW + GRPO (Mixed),24,down_proj,mlp,model.layers.24.mlp.down_proj.weight,13762560,13762070,490,3.560384114587034e-05,2682976,11079584,0.8050525483630953,7610414,0.44702046712239585,2296173,0.8331580025809152
adamw_grpo_mixed,AdamW + GRPO (Mixed),24,gate_proj,mlp,model.layers.24.mlp.gate_proj.weight,13762560,13762076,484,3.516787574409097e-05,2215483,11547077,0.83902101062593,6891282,0.49927324567522324,1811595,0.8683678763253349
adamw_grpo_mixed,AdamW + GRPO (Mixed),24,up_proj,mlp,model.layers.24.mlp.up_proj.weight,13762560,13762088,472,3.429594494042121e-05,2418461,11344099,0.8242724464053199,7300545,0.46953582763671875,2032767,0.8522973196847098
adamw_grpo_mixed,AdamW + GRPO (Mixed),24,k_proj,attn,model.layers.24.self_attn.k_proj.weight,393216,393201,15,3.814697265625e-05,67853,325363,0.8274408976236979,204702,0.4794158935546875,56124,0.857269287109375
adamw_grpo_mixed,AdamW + GRPO (Mixed),24,o_proj,attn,model.layers.24.self_attn.o_proj.weight,2359296,2359212,84,3.560384114587034e-05,446814,1912482,0.8106155395507812,1326212,0.43787807888454866,385280,0.8366970486111112
adamw_grpo_mixed,AdamW + GRPO (Mixed),24,q_proj,attn,model.layers.24.self_attn.q_proj.weight,2359296,2359205,91,3.8570827908035454e-05,422571,1936725,0.8208910624186198,1202265,0.4904136657714844,346793,0.8530099656846788
adamw_grpo_mixed,AdamW + GRPO (Mixed),24,v_proj,attn,model.layers.24.self_attn.v_proj.weight,393216,393204,12,3.0517578125e-05,62546,330670,0.8409372965494791,215981,0.4507319132486979,53108,0.8649393717447916
adamw_grpo_mixed,AdamW + GRPO (Mixed),25,down_proj,mlp,model.layers.25.mlp.down_proj.weight,13762560,13762096,464,3.3714657738048714e-05,2668953,11093607,0.8060714721679687,7724008,0.4387666248139881,2301088,0.8328008742559524
adamw_grpo_mixed,AdamW + GRPO (Mixed),25,gate_proj,mlp,model.layers.25.mlp.gate_proj.weight,13762560,13762024,536,3.894624255951218e-05,2271167,11491393,0.8349749610537575,6891023,0.4992920648484003,1860120,0.8648420061383928
adamw_grpo_mixed,AdamW + GRPO (Mixed),25,up_proj,mlp,model.layers.25.mlp.up_proj.weight,13762560,13762123,437,3.175281343004155e-05,2425661,11336899,0.8237492879231771,7390892,0.4629711332775298,2052233,0.8508829025995164
adamw_grpo_mixed,AdamW + GRPO (Mixed),25,k_proj,attn,model.layers.25.self_attn.k_proj.weight,393216,393203,13,3.306070963537966e-05,91923,301293,0.7662277221679688,206191,0.4756291707356771,75247,0.8086369832356771
adamw_grpo_mixed,AdamW + GRPO (Mixed),25,o_proj,attn,model.layers.25.self_attn.o_proj.weight,2359296,2359211,85,3.602769639754477e-05,396839,1962457,0.8317977057562934,1294220,0.4514380560980903,339778,0.8559833102756076
adamw_grpo_mixed,AdamW + GRPO (Mixed),25,q_proj,attn,model.layers.25.self_attn.q_proj.weight,2359296,2359224,72,3.0517578125e-05,519794,1839502,0.7796825832790799,1191958,0.49478234185112846,416942,0.8232769436306424
adamw_grpo_mixed,AdamW + GRPO (Mixed),25,v_proj,attn,model.layers.25.self_attn.v_proj.weight,393216,393200,16,4.069010416662966e-05,72165,321051,0.8164749145507812,241440,0.385986328125,64673,0.8355280558268229
adamw_grpo_mixed,AdamW + GRPO (Mixed),26,down_proj,mlp,model.layers.26.mlp.down_proj.weight,13762560,13762131,429,3.1171526227669055e-05,2640688,11121872,0.8081252325148809,7680365,0.4419377644856771,2274467,0.8347351800827754
adamw_grpo_mixed,AdamW + GRPO (Mixed),26,gate_proj,mlp,model.layers.26.mlp.gate_proj.weight,13762560,13762027,533,3.8728259858622494e-05,2319971,11442589,0.8314288184756324,6942959,0.4955183483305432,1908101,0.8613556634812127
adamw_grpo_mixed,AdamW + GRPO (Mixed),26,up_proj,mlp,model.layers.26.mlp.up_proj.weight,13762560,13762058,502,3.647577194942908e-05,2349786,11412774,0.8292624337332589,7265866,0.47205563499813985,1973632,0.8565941220238096
adamw_grpo_mixed,AdamW + GRPO (Mixed),26,k_proj,attn,model.layers.26.self_attn.k_proj.weight,393216,393206,10,2.543131510412966e-05,99164,294052,0.7478129069010417,226566,0.4238128662109375,84796,0.7843526204427084
adamw_grpo_mixed,AdamW + GRPO (Mixed),26,o_proj,attn,model.layers.26.self_attn.o_proj.weight,2359296,2359209,87,3.687540690100466e-05,410166,1949130,0.8261489868164062,1309300,0.4450463189019097,353074,0.8503477308485243
adamw_grpo_mixed,AdamW + GRPO (Mixed),26,q_proj,attn,model.layers.26.self_attn.q_proj.weight,2359296,2359232,64,2.7126736111160454e-05,568061,1791235,0.759224361843533,1298804,0.4494951036241319,480697,0.7962540520562066
adamw_grpo_mixed,AdamW + GRPO (Mixed),26,v_proj,attn,model.layers.26.self_attn.v_proj.weight,393216,393201,15,3.814697265625e-05,76579,316637,0.8052495320638021,248699,0.3675257364908854,69034,0.8244374593098959
adamw_grpo_mixed,AdamW + GRPO (Mixed),27,down_proj,mlp,model.layers.27.mlp.down_proj.weight,13762560,13762123,437,3.175281343004155e-05,2858705,10903855,0.7922839210146949,7445928,0.45897216796874996,2420699,0.8241098313104539
adamw_grpo_mixed,AdamW + GRPO (Mixed),27,gate_proj,mlp,model.layers.27.mlp.gate_proj.weight,13762560,13761992,568,4.127139136900215e-05,2192232,11570328,0.84071044921875,6885183,0.4997164045061384,1800321,0.8691870553152902
adamw_grpo_mixed,AdamW + GRPO (Mixed),27,up_proj,mlp,model.layers.27.mlp.up_proj.weight,13762560,13762022,538,3.90915643601053e-05,2302578,11459982,0.832692609514509,7094171,0.48453114827473953,1912313,0.8610496157691592
adamw_grpo_mixed,AdamW + GRPO (Mixed),27,k_proj,attn,model.layers.27.self_attn.k_proj.weight,393216,393202,14,3.560384114587034e-05,101378,291838,0.7421824137369792,217638,0.4465179443359375,85694,0.7820688883463541
adamw_grpo_mixed,AdamW + GRPO (Mixed),27,o_proj,attn,model.layers.27.self_attn.o_proj.weight,2359296,2359212,84,3.560384114587034e-05,520384,1838912,0.7794325086805556,1360561,0.42331907484266496,452098,0.8083758884006076
adamw_grpo_mixed,AdamW + GRPO (Mixed),27,q_proj,attn,model.layers.27.self_attn.q_proj.weight,2359296,2359231,65,2.7550591362834886e-05,570883,1788413,0.7580282423231337,1277765,0.45841259426540804,477631,0.7975535922580295
adamw_grpo_mixed,AdamW + GRPO (Mixed),27,v_proj,attn,model.layers.27.self_attn.v_proj.weight,393216,393195,21,5.340576171875e-05,86849,306367,0.7791315714518229,280826,0.28582255045572913,82132,0.7911275227864584
adamw_grpo_mixed,AdamW + GRPO (Mixed),3,down_proj,mlp,model.layers.3.mlp.down_proj.weight,13762560,13762110,450,3.269740513389685e-05,2560513,11202047,0.8139508201962425,6963096,0.49405517578125,2100086,0.8474058605375744
adamw_grpo_mixed,AdamW + GRPO (Mixed),3,gate_proj,mlp,model.layers.3.mlp.gate_proj.weight,13762560,13762011,549,3.989083426336748e-05,2171479,11591081,0.8422183808826265,6968107,0.4936910720098586,1785141,0.8702900477818081
adamw_grpo_mixed,AdamW + GRPO (Mixed),3,up_proj,mlp,model.layers.3.mlp.up_proj.weight,13762560,13762079,481,3.4949893043201286e-05,2541827,11220733,0.8153085617792039,7004439,0.49105115618024553,2091582,0.8480237688337053
adamw_grpo_mixed,AdamW + GRPO (Mixed),3,k_proj,attn,model.layers.3.self_attn.k_proj.weight,393216,393204,12,3.0517578125e-05,60956,332260,0.8449808756510416,201026,0.48876444498697913,50052,0.872711181640625
adamw_grpo_mixed,AdamW + GRPO (Mixed),3,o_proj,attn,model.layers.3.self_attn.o_proj.weight,2359296,2359227,69,2.924601236975466e-05,516384,1842912,0.7811279296875,1212225,0.48619206746419275,425337,0.8197186787923177
adamw_grpo_mixed,AdamW + GRPO (Mixed),3,q_proj,attn,model.layers.3.self_attn.q_proj.weight,2359296,2359208,88,3.7299262152790114e-05,440316,1918980,0.8133697509765625,1181553,0.49919255574544275,358225,0.8481644524468316
adamw_grpo_mixed,AdamW + GRPO (Mixed),3,v_proj,attn,model.layers.3.self_attn.v_proj.weight,393216,393205,11,2.797444661462034e-05,84051,309165,0.7862472534179688,202957,0.4838536580403646,69082,0.8243153889973959
adamw_grpo_mixed,AdamW + GRPO (Mixed),4,down_proj,mlp,model.layers.4.mlp.down_proj.weight,13762560,13762104,456,3.313337053567622e-05,2610566,11151994,0.8103139241536459,6942023,0.49558635893322167,2139368,0.8445515950520833
adamw_grpo_mixed,AdamW + GRPO (Mixed),4,gate_proj,mlp,model.layers.4.mlp.gate_proj.weight,13762560,13762043,517,3.7565685453877506e-05,2165233,11597327,0.8426722208658854,6915378,0.49752240862165176,1773795,0.8711144583565849
adamw_grpo_mixed,AdamW + GRPO (Mixed),4,up_proj,mlp,model.layers.4.mlp.up_proj.weight,13762560,13762118,442,3.211611793152436e-05,2552282,11210278,0.8145488920665922,6957010,0.49449739002046134,2093658,0.8478729248046875
adamw_grpo_mixed,AdamW + GRPO (Mixed),4,k_proj,attn,model.layers.4.self_attn.k_proj.weight,393216,393199,17,4.323323567712034e-05,63099,330117,0.8395309448242188,200563,0.4899419148763021,51984,0.8677978515625
adamw_grpo_mixed,AdamW + GRPO (Mixed),4,o_proj,attn,model.layers.4.self_attn.o_proj.weight,2359296,2359227,69,2.924601236975466e-05,480625,1878671,0.7962845696343316,1202413,0.49035093519422746,394432,0.8328179253472222
adamw_grpo_mixed,AdamW + GRPO (Mixed),4,q_proj,attn,model.layers.4.self_attn.q_proj.weight,2359296,2359195,101,4.2809380425334886e-05,417998,1941298,0.822829352484809,1192936,0.4943678114149306,342257,0.8549325731065538
adamw_grpo_mixed,AdamW + GRPO (Mixed),4,v_proj,attn,model.layers.4.self_attn.v_proj.weight,393216,393202,14,3.560384114587034e-05,72085,321131,0.8166783650716146,200199,0.49086761474609375,59229,0.8493728637695312
adamw_grpo_mixed,AdamW + GRPO (Mixed),5,down_proj,mlp,model.layers.5.mlp.down_proj.weight,13762560,13762133,427,3.102620442707593e-05,2661172,11101388,0.8066368466331846,6952962,0.49479152134486604,2180788,0.8415419805617559
adamw_grpo_mixed,AdamW + GRPO (Mixed),5,gate_proj,mlp,model.layers.5.mlp.gate_proj.weight,13762560,13761980,580,4.2143322172671915e-05,2090803,11671757,0.8480803716750371,6879567,0.5001244681222099,1710118,0.8757412865048363
adamw_grpo_mixed,AdamW + GRPO (Mixed),5,up_proj,mlp,model.layers.5.mlp.up_proj.weight,13762560,13762069,491,3.56765020461669e-05,2581304,11181256,0.8124401274181547,6951152,0.4949230375744048,2114690,0.846344720749628
adamw_grpo_mixed,AdamW + GRPO (Mixed),5,k_proj,attn,model.layers.5.self_attn.k_proj.weight,393216,393202,14,3.560384114587034e-05,62694,330522,0.8405609130859375,194020,0.5065816243489583,50761,0.8709081013997396
adamw_grpo_mixed,AdamW + GRPO (Mixed),5,o_proj,attn,model.layers.5.self_attn.o_proj.weight,2359296,2359210,86,3.645155164933023e-05,496055,1863241,0.7897444831000434,1202764,0.4902021620008681,406726,0.8276070488823785
adamw_grpo_mixed,AdamW + GRPO (Mixed),5,q_proj,attn,model.layers.5.self_attn.q_proj.weight,2359296,2359214,82,3.4756130642410454e-05,435654,1923642,0.8153457641601562,1180271,0.4997359381781684,353638,0.8501086764865451
adamw_grpo_mixed,AdamW + GRPO (Mixed),5,v_proj,attn,model.layers.5.self_attn.v_proj.weight,393216,393206,10,2.543131510412966e-05,81931,311285,0.7916386922200521,198796,0.49443562825520837,66488,0.8309122721354166
adamw_grpo_mixed,AdamW + GRPO (Mixed),6,down_proj,mlp,model.layers.6.mlp.down_proj.weight,13762560,13762115,445,3.233410063241404e-05,2621032,11141528,0.809553455171131,6952739,0.4948077247256324,2149269,0.8438321794782366
adamw_grpo_mixed,AdamW + GRPO (Mixed),6,gate_proj,mlp,model.layers.6.mlp.gate_proj.weight,13762560,13761949,611,4.439581008186533e-05,2088107,11674453,0.8482762654622396,6866246,0.5010923839750744,1707123,0.8759589059012277
adamw_grpo_mixed,AdamW + GRPO (Mixed),6,up_proj,mlp,model.layers.6.mlp.up_proj.weight,13762560,13762078,482,3.502255394349785e-05,2550179,11212381,0.8147016979399182,6960696,0.4942295619419643,2092137,0.8479834420340402
adamw_grpo_mixed,AdamW + GRPO (Mixed),6,k_proj,attn,model.layers.6.self_attn.k_proj.weight,393216,393197,19,4.831949869787966e-05,59941,333275,0.8475621541341146,194520,0.50531005859375,48824,0.8758341471354166
adamw_grpo_mixed,AdamW + GRPO (Mixed),6,o_proj,attn,model.layers.6.self_attn.o_proj.weight,2359296,2359231,65,2.7550591362834886e-05,456928,1902368,0.8063286675347222,1211612,0.4864518907335069,376995,0.8402086893717448
adamw_grpo_mixed,AdamW + GRPO (Mixed),6,q_proj,attn,model.layers.6.self_attn.q_proj.weight,2359296,2359191,105,4.450480143225466e-05,416425,1942871,0.82349607679579,1161382,0.5077421400282118,336909,0.8571993509928385
adamw_grpo_mixed,AdamW + GRPO (Mixed),6,v_proj,attn,model.layers.6.self_attn.v_proj.weight,393216,393202,14,3.560384114587034e-05,70251,322965,0.8213424682617188,201320,0.48801676432291663,57739,0.8531621297200521
adamw_grpo_mixed,AdamW + GRPO (Mixed),7,down_proj,mlp,model.layers.7.mlp.down_proj.weight,13762560,13762098,462,3.356933593745559e-05,2527091,11235469,0.8163792928059896,6944808,0.49538399832589286,2071531,0.8494806925455729
adamw_grpo_mixed,AdamW + GRPO (Mixed),7,gate_proj,mlp,model.layers.7.mlp.gate_proj.weight,13762560,13761994,566,4.112606956840903e-05,2209808,11552752,0.839433361235119,6878036,0.5002357119605655,1805898,0.8687818254743304
adamw_grpo_mixed,AdamW + GRPO (Mixed),7,up_proj,mlp,model.layers.7.mlp.up_proj.weight,13762560,13762055,505,3.6693754650318766e-05,2441367,11321193,0.8226080758231027,6955412,0.4946135021391369,2002688,0.8544828869047619
adamw_grpo_mixed,AdamW + GRPO (Mixed),7,k_proj,attn,model.layers.7.self_attn.k_proj.weight,393216,393193,23,5.849202473962034e-05,59101,334115,0.8496983846028646,201248,0.48819986979166663,48758,0.8760019938151041
adamw_grpo_mixed,AdamW + GRPO (Mixed),7,o_proj,attn,model.layers.7.self_attn.o_proj.weight,2359296,2359216,80,3.3908420138839546e-05,478514,1880782,0.7971793280707465,1202227,0.49042977227105033,393246,0.8333206176757812
adamw_grpo_mixed,AdamW + GRPO (Mixed),7,q_proj,attn,model.layers.7.self_attn.q_proj.weight,2359296,2359201,95,4.026624891495523e-05,409722,1949574,0.8263371785481771,1193074,0.49430931939019096,335464,0.8578118218315972
adamw_grpo_mixed,AdamW + GRPO (Mixed),7,v_proj,attn,model.layers.7.self_attn.v_proj.weight,393216,393205,11,2.797444661462034e-05,79157,314059,0.7986933390299479,202645,0.4846471150716146,65198,0.8341929117838541
adamw_grpo_mixed,AdamW + GRPO (Mixed),8,down_proj,mlp,model.layers.8.mlp.down_proj.weight,13762560,13762073,487,3.5385858444980656e-05,2611921,11150639,0.8102154686337426,6950427,0.4949757167271205,2139961,0.8445085071382068
adamw_grpo_mixed,AdamW + GRPO (Mixed),8,gate_proj,mlp,model.layers.8.mlp.gate_proj.weight,13762560,13762035,525,3.814697265625e-05,2235912,11526648,0.83753662109375,6888673,0.49946281796409975,1828787,0.8671186901274182
adamw_grpo_mixed,AdamW + GRPO (Mixed),8,up_proj,mlp,model.layers.8.mlp.up_proj.weight,13762560,13762082,478,3.47319103423116e-05,2474582,11287978,0.8201946440197172,6927624,0.4966326032366072,2025870,0.8527984619140625
adamw_grpo_mixed,AdamW + GRPO (Mixed),8,k_proj,attn,model.layers.8.self_attn.k_proj.weight,393216,393203,13,3.306070963537966e-05,55954,337262,0.8577016194661459,198619,0.4948857625325521,45997,0.8830235799153646
adamw_grpo_mixed,AdamW + GRPO (Mixed),8,o_proj,attn,model.layers.8.self_attn.o_proj.weight,2359296,2359207,89,3.7723117404464546e-05,463868,1895428,0.8033871120876737,1199139,0.4917386372884115,380165,0.8388650682237413
adamw_grpo_mixed,AdamW + GRPO (Mixed),8,q_proj,attn,model.layers.8.self_attn.q_proj.weight,2359296,2359184,112,4.747178819441977e-05,395724,1963572,0.8322703043619791,1189645,0.4957627190483941,323999,0.8626713222927518
adamw_grpo_mixed,AdamW + GRPO (Mixed),8,v_proj,attn,model.layers.8.self_attn.v_proj.weight,393216,393203,13,3.306070963537966e-05,70667,322549,0.8202845255533854,198612,0.494903564453125,57774,0.8530731201171875
adamw_grpo_mixed,AdamW + GRPO (Mixed),9,down_proj,mlp,model.layers.9.mlp.down_proj.weight,13762560,13762096,464,3.3714657738048714e-05,2567893,11194667,0.8134145827520461,6951336,0.49490966796875,2104906,0.8470556349981399
adamw_grpo_mixed,AdamW + GRPO (Mixed),9,gate_proj,mlp,model.layers.9.mlp.gate_proj.weight,13762560,13761970,590,4.286993117563753e-05,2264022,11498538,0.8354941231863839,6916406,0.4974477132161458,1854648,0.8652396065848215
adamw_grpo_mixed,AdamW + GRPO (Mixed),9,up_proj,mlp,model.layers.9.mlp.up_proj.weight,13762560,13762076,484,3.516787574409097e-05,2449724,11312836,0.8220008486793154,6945286,0.49534926641555055,2008619,0.8540519351050967
adamw_grpo_mixed,AdamW + GRPO (Mixed),9,k_proj,attn,model.layers.9.self_attn.k_proj.weight,393216,393198,18,4.57763671875e-05,64755,328461,0.8353195190429688,192224,0.5111490885416667,51597,0.8687820434570312
adamw_grpo_mixed,AdamW + GRPO (Mixed),9,o_proj,attn,model.layers.9.self_attn.o_proj.weight,2359296,2359214,82,3.4756130642410454e-05,537208,1822088,0.7723015679253472,1195946,0.4930920071072049,437807,0.8144332038031684
adamw_grpo_mixed,AdamW + GRPO (Mixed),9,q_proj,attn,model.layers.9.self_attn.q_proj.weight,2359296,2359192,104,4.408094618058023e-05,455714,1903582,0.8068432278103299,1158511,0.5089590284559462,363047,0.84612062242296
adamw_grpo_mixed,AdamW + GRPO (Mixed),9,v_proj,attn,model.layers.9.self_attn.v_proj.weight,393216,393204,12,3.0517578125e-05,84597,308619,0.7848587036132812,196061,0.501391092936198,67432,0.8285115559895834
muon_grpo_fp32,Muon + GRPO (FP32),-1,embed,embed,model.embed_tokens.weight,233373696,83560696,149813000,0.6419446688627668,2763295,230610401,0.9881593553713954,3784829,0.9837821097027147,1411875,0.9939501536625619
muon_grpo_fp32,Muon + GRPO (FP32),0,down_proj,mlp,model.layers.0.mlp.down_proj.weight,13762560,13761693,867,6.299700055800717e-05,1666124,12096436,0.8789379301525297,3798932,0.7239661807105655,1050735,0.9236526489257812
muon_grpo_fp32,Muon + GRPO (FP32),0,gate_proj,mlp,model.layers.0.mlp.gate_proj.weight,13762560,13740222,22338,0.0016230991908482428,1232884,12529676,0.9104175385974702,3016383,0.780826895577567,681546,0.9504782540457589
muon_grpo_fp32,Muon + GRPO (FP32),0,up_proj,mlp,model.layers.0.mlp.up_proj.weight,13762560,13747169,15391,0.0011183239164807013,1461711,12300849,0.893790762765067,2899394,0.7893274216424851,791142,0.942514910016741
muon_grpo_fp32,Muon + GRPO (FP32),0,k_proj,attn,model.layers.0.self_attn.k_proj.weight,393216,393153,63,0.00016021728515625,25336,367880,0.9355672200520834,114309,0.7092971801757812,16517,0.9579950968424479
muon_grpo_fp32,Muon + GRPO (FP32),0,o_proj,attn,model.layers.0.self_attn.o_proj.weight,2359296,2359158,138,5.849202473962034e-05,297812,2061484,0.8737708197699653,412475,0.8251703050401475,143973,0.9389762878417969
muon_grpo_fp32,Muon + GRPO (FP32),0,q_proj,attn,model.layers.0.self_attn.q_proj.weight,2359296,2047444,311852,0.1321801079644097,127038,2232258,0.9461542765299479,262441,0.8887630038791232,59103,0.9749488830566406
muon_grpo_fp32,Muon + GRPO (FP32),0,v_proj,attn,model.layers.0.self_attn.v_proj.weight,393216,393198,18,4.57763671875e-05,68646,324570,0.8254241943359375,115237,0.7069371541341145,44231,0.8875147501627604
muon_grpo_fp32,Muon + GRPO (FP32),1,down_proj,mlp,model.layers.1.mlp.down_proj.weight,13762560,13761069,1491,0.0001083374023437278,940073,12822487,0.9316934494745164,922596,0.9329633440290178,279121,0.9797188168480283
muon_grpo_fp32,Muon + GRPO (FP32),1,gate_proj,mlp,model.layers.1.mlp.gate_proj.weight,13762560,13756346,6214,0.00045151483444938467,1490345,12272215,0.8917101905459449,4234461,0.6923202514648438,982421,0.9286164056687128
muon_grpo_fp32,Muon + GRPO (FP32),1,up_proj,mlp,model.layers.1.mlp.up_proj.weight,13762560,13757179,5381,0.0003909883045014606,1747621,12014939,0.8730162847609747,4296998,0.6877762567429315,1147104,0.916650390625
muon_grpo_fp32,Muon + GRPO (FP32),1,k_proj,attn,model.layers.1.self_attn.k_proj.weight,393216,393157,59,0.00015004475911462034,27438,365778,0.9302215576171875,110607,0.7187118530273438,17421,0.9556961059570312
muon_grpo_fp32,Muon + GRPO (FP32),1,o_proj,attn,model.layers.1.self_attn.o_proj.weight,2359296,2359142,154,6.527370876741045e-05,270814,2088482,0.8852140638563368,454814,0.8072246975368924,137246,0.9418275621202257
muon_grpo_fp32,Muon + GRPO (FP32),1,q_proj,attn,model.layers.1.self_attn.q_proj.weight,2359296,2358741,555,0.00023523966471350466,147664,2211632,0.9374118381076388,325771,0.8619202507866753,64863,0.9725074768066406
muon_grpo_fp32,Muon + GRPO (FP32),1,v_proj,attn,model.layers.1.self_attn.v_proj.weight,393216,393189,27,6.866455078125e-05,69203,324013,0.8240076700846354,115303,0.706769307454427,44665,0.8864110310872396
muon_grpo_fp32,Muon + GRPO (FP32),10,down_proj,mlp,model.layers.10.mlp.down_proj.weight,13762560,13761785,775,5.631219773061247e-05,1824353,11938207,0.8674408685593378,4385237,0.68136473156157,1218081,0.9114931379045759
muon_grpo_fp32,Muon + GRPO (FP32),10,gate_proj,mlp,model.layers.10.mlp.gate_proj.weight,13762560,13756222,6338,0.00046052478608626934,1611376,12151184,0.8829159691220239,4144005,0.6988928658621651,1087358,0.9209915887741815
muon_grpo_fp32,Muon + GRPO (FP32),10,up_proj,mlp,model.layers.10.mlp.up_proj.weight,13762560,13757557,5003,0.0003635224841890272,1727263,12035297,0.8744955153692336,4475965,0.6747723533993676,1161146,0.9156300862630209
muon_grpo_fp32,Muon + GRPO (FP32),10,k_proj,attn,model.layers.10.self_attn.k_proj.weight,393216,393188,28,7.120768229162966e-05,46881,346335,0.8807754516601562,127784,0.6750284830729167,31450,0.9200185139973959
muon_grpo_fp32,Muon + GRPO (FP32),10,o_proj,attn,model.layers.10.self_attn.o_proj.weight,2359296,2359150,146,6.188286675345989e-05,287925,2071371,0.8779614766438802,565081,0.7604874504937066,160518,0.9319636027018229
muon_grpo_fp32,Muon + GRPO (FP32),10,q_proj,attn,model.layers.10.self_attn.q_proj.weight,2359296,2359118,178,7.544623480904011e-05,233697,2125599,0.900946299235026,473237,0.799416012234158,120738,0.9488245646158854
muon_grpo_fp32,Muon + GRPO (FP32),10,v_proj,attn,model.layers.10.self_attn.v_proj.weight,393216,393194,22,5.594889322912966e-05,50540,342676,0.8714701334635416,112176,0.7147216796875,32308,0.9178365071614584
muon_grpo_fp32,Muon + GRPO (FP32),11,down_proj,mlp,model.layers.11.mlp.down_proj.weight,13762560,13761894,666,4.839215959817622e-05,1855677,11906883,0.8651648385184152,4411655,0.6794451758975074,1240809,0.9098417009626116
muon_grpo_fp32,Muon + GRPO (FP32),11,gate_proj,mlp,model.layers.11.mlp.gate_proj.weight,13762560,13761588,972,7.062639508925717e-05,1615365,12147195,0.8826261247907367,4135470,0.6995130266462053,1086006,0.9210898263113839
muon_grpo_fp32,Muon + GRPO (FP32),11,up_proj,mlp,model.layers.11.mlp.up_proj.weight,13762560,13761833,727,5.2824474516377506e-05,1715272,12047288,0.8753667922247024,4440952,0.6773164295014881,1146925,0.9166633969261533
muon_grpo_fp32,Muon + GRPO (FP32),11,k_proj,attn,model.layers.11.self_attn.k_proj.weight,393216,393189,27,6.866455078125e-05,41651,351565,0.8940760294596354,123807,0.6851425170898438,27676,0.9296162923177084
muon_grpo_fp32,Muon + GRPO (FP32),11,o_proj,attn,model.layers.11.self_attn.o_proj.weight,2359296,2359172,124,5.2558051215290114e-05,292860,2066436,0.8758697509765625,542280,0.7701517740885416,157842,0.9330978393554688
muon_grpo_fp32,Muon + GRPO (FP32),11,q_proj,attn,model.layers.11.self_attn.q_proj.weight,2359296,2359103,193,8.180406358504477e-05,210497,2148799,0.9107797410753038,434962,0.8156390719943576,104110,0.9558724297417535
muon_grpo_fp32,Muon + GRPO (FP32),11,v_proj,attn,model.layers.11.self_attn.v_proj.weight,393216,393195,21,5.340576171875e-05,47995,345221,0.8779424031575521,110011,0.720227559407552,30259,0.9230473836263021
muon_grpo_fp32,Muon + GRPO (FP32),12,down_proj,mlp,model.layers.12.mlp.down_proj.weight,13762560,13761803,757,5.500430152527436e-05,1887409,11875151,0.8628591628301712,4315299,0.6864464896065848,1250804,0.909115455264137
muon_grpo_fp32,Muon + GRPO (FP32),12,gate_proj,mlp,model.layers.12.mlp.gate_proj.weight,13762560,13759920,2640,0.00019182477678569843,1571351,12191209,0.885824221656436,3916243,0.7154422578357515,1057728,0.92314453125
muon_grpo_fp32,Muon + GRPO (FP32),12,up_proj,mlp,model.layers.12.mlp.up_proj.weight,13762560,13761247,1313,9.540376209082879e-05,1745145,12017415,0.8731961931501115,4339733,0.6846710931687128,1157640,0.9158848353794643
muon_grpo_fp32,Muon + GRPO (FP32),12,k_proj,attn,model.layers.12.self_attn.k_proj.weight,393216,393189,27,6.866455078125e-05,45085,348131,0.8853429158528646,118373,0.698961893717448,29694,0.9244842529296875
muon_grpo_fp32,Muon + GRPO (FP32),12,o_proj,attn,model.layers.12.self_attn.o_proj.weight,2359296,2359139,157,6.654527452254477e-05,279951,2079345,0.881341298421224,509874,0.7838872273763021,147305,0.9375640021430122
muon_grpo_fp32,Muon + GRPO (FP32),12,q_proj,attn,model.layers.12.self_attn.q_proj.weight,2359296,2359126,170,7.205539279508955e-05,226971,2132325,0.9037971496582031,444043,0.811790042453342,114074,0.9516491360134549
muon_grpo_fp32,Muon + GRPO (FP32),12,v_proj,attn,model.layers.12.self_attn.v_proj.weight,393216,393180,36,9.1552734375e-05,47132,346084,0.8801371256510416,111084,0.717498779296875,30095,0.9234644571940104
muon_grpo_fp32,Muon + GRPO (FP32),13,down_proj,mlp,model.layers.13.mlp.down_proj.weight,13762560,13761841,719,5.224318731400501e-05,1854902,11907658,0.8652211507161458,4385272,0.6813621884300596,1238097,0.9100387573242188
muon_grpo_fp32,Muon + GRPO (FP32),13,gate_proj,mlp,model.layers.13.mlp.gate_proj.weight,13762560,13761628,932,6.77199590773947e-05,1666336,12096224,0.8789225260416667,4085949,0.7031112670898437,1122916,0.9184079124813989
muon_grpo_fp32,Muon + GRPO (FP32),13,up_proj,mlp,model.layers.13.mlp.up_proj.weight,13762560,13761804,756,5.4931640624977796e-05,1726308,12036252,0.8745649065290179,4398876,0.6803737095424107,1152530,0.9162561325799852
muon_grpo_fp32,Muon + GRPO (FP32),13,k_proj,attn,model.layers.13.self_attn.k_proj.weight,393216,393182,34,8.646647135412966e-05,40364,352852,0.8973490397135416,121560,0.69085693359375,26978,0.9313913981119791
muon_grpo_fp32,Muon + GRPO (FP32),13,o_proj,attn,model.layers.13.self_attn.o_proj.weight,2359296,2359142,154,6.527370876741045e-05,294235,2065061,0.8752869500054253,531785,0.7746001349555122,155935,0.9339061313205295
muon_grpo_fp32,Muon + GRPO (FP32),13,q_proj,attn,model.layers.13.self_attn.q_proj.weight,2359296,2359094,202,8.561876085066977e-05,213220,2146076,0.9096255832248263,422668,0.8208499484592013,105584,0.9552476671006944
muon_grpo_fp32,Muon + GRPO (FP32),13,v_proj,attn,model.layers.13.self_attn.v_proj.weight,393216,393188,28,7.120768229162966e-05,50254,342962,0.8721974690755209,108255,0.7246932983398438,31874,0.9189402262369791
muon_grpo_fp32,Muon + GRPO (FP32),14,down_proj,mlp,model.layers.14.mlp.down_proj.weight,13762560,13761825,735,5.340576171875e-05,1867683,11894877,0.864292471749442,4426149,0.6783920288085937,1252331,0.9090045020693824
muon_grpo_fp32,Muon + GRPO (FP32),14,gate_proj,mlp,model.layers.14.mlp.gate_proj.weight,13762560,13761708,852,6.190708705355874e-05,1724500,12038060,0.8746962774367559,4231657,0.6925239926292783,1160879,0.9156494867234003
muon_grpo_fp32,Muon + GRPO (FP32),14,up_proj,mlp,model.layers.14.mlp.up_proj.weight,13762560,13761826,734,5.333310081845344e-05,1721545,12041015,0.8749109903971354,4317050,0.6863192603701637,1136408,0.9174275716145833
muon_grpo_fp32,Muon + GRPO (FP32),14,k_proj,attn,model.layers.14.self_attn.k_proj.weight,393216,393088,128,0.00032552083333337034,52717,340499,0.8659337361653646,106402,0.7294057210286458,33329,0.9152399698893229
muon_grpo_fp32,Muon + GRPO (FP32),14,o_proj,attn,model.layers.14.self_attn.o_proj.weight,2359296,2357100,2196,0.0009307861328125,286624,2072672,0.8785129123263888,484473,0.794653574625651,153736,0.9348381890190972
muon_grpo_fp32,Muon + GRPO (FP32),14,q_proj,attn,model.layers.14.self_attn.q_proj.weight,2359296,2357158,2138,0.0009062025282118302,205990,2153306,0.9126900566948785,349830,0.8517227172851562,94266,0.9600448608398438
muon_grpo_fp32,Muon + GRPO (FP32),14,v_proj,attn,model.layers.14.self_attn.v_proj.weight,393216,393195,21,5.340576171875e-05,57644,335572,0.8534037272135416,105616,0.7314046223958333,36483,0.9072189331054688
muon_grpo_fp32,Muon + GRPO (FP32),15,down_proj,mlp,model.layers.15.mlp.down_proj.weight,13762560,13761808,752,5.464099702379155e-05,1855668,11906892,0.8651654924665179,4343594,0.6843905494326636,1238339,0.9100211733863467
muon_grpo_fp32,Muon + GRPO (FP32),15,gate_proj,mlp,model.layers.15.mlp.gate_proj.weight,13762560,13755200,7360,0.0005347842261904656,1675267,12087293,0.8782735915411086,4093689,0.7025488717215402,1129745,0.9179117111932664
muon_grpo_fp32,Muon + GRPO (FP32),15,up_proj,mlp,model.layers.15.mlp.up_proj.weight,13762560,13755800,6760,0.0004911876860118625,1673020,12089540,0.8784368605840773,4218845,0.6934549240838914,1097155,0.9202797299339658
muon_grpo_fp32,Muon + GRPO (FP32),15,k_proj,attn,model.layers.15.self_attn.k_proj.weight,393216,393185,31,7.883707682287966e-05,50924,342292,0.8704935709635416,116112,0.7047119140625,34032,0.9134521484375
muon_grpo_fp32,Muon + GRPO (FP32),15,o_proj,attn,model.layers.15.self_attn.o_proj.weight,2359296,2359146,150,6.357828776037966e-05,275080,2084216,0.8834058973524306,527734,0.7763171725802951,148181,0.9371927049424913
muon_grpo_fp32,Muon + GRPO (FP32),15,q_proj,attn,model.layers.15.self_attn.q_proj.weight,2359296,2359073,223,9.451972113716511e-05,229430,2129866,0.902754889594184,365062,0.8452665540907118,107691,0.9543546040852865
muon_grpo_fp32,Muon + GRPO (FP32),15,v_proj,attn,model.layers.15.self_attn.v_proj.weight,393216,393195,21,5.340576171875e-05,43709,349507,0.8888422648111979,112889,0.712908426920573,28324,0.9279683430989584
muon_grpo_fp32,Muon + GRPO (FP32),16,down_proj,mlp,model.layers.16.mlp.down_proj.weight,13762560,13761809,751,5.456833612349499e-05,1817730,11944830,0.8679221017020089,4284616,0.6886759440104167,1207685,0.9122485206240699
muon_grpo_fp32,Muon + GRPO (FP32),16,gate_proj,mlp,model.layers.16.mlp.gate_proj.weight,13762560,13761619,941,6.837390718006375e-05,1720331,12042229,0.8749992007300967,4058486,0.7051067533947173,1164643,0.91537599109468
muon_grpo_fp32,Muon + GRPO (FP32),16,up_proj,mlp,model.layers.16.mlp.up_proj.weight,13762560,13761764,796,5.7838076636951286e-05,1711020,12051540,0.8756757463727679,4299302,0.6876088460286458,1141130,0.917084466843378
muon_grpo_fp32,Muon + GRPO (FP32),16,k_proj,attn,model.layers.16.self_attn.k_proj.weight,393216,393168,48,0.0001220703125,40959,352257,0.8958358764648438,117401,0.701433817545573,27060,0.931182861328125
muon_grpo_fp32,Muon + GRPO (FP32),16,o_proj,attn,model.layers.16.self_attn.o_proj.weight,2359296,2359167,129,5.467732747399534e-05,283018,2076278,0.8800413343641493,530538,0.7751286824544271,150677,0.936134762234158
muon_grpo_fp32,Muon + GRPO (FP32),16,q_proj,attn,model.layers.16.self_attn.q_proj.weight,2359296,2300622,58674,0.02486928304036462,216398,2142898,0.908278571234809,446672,0.8106757269965278,115306,0.951126946343316
muon_grpo_fp32,Muon + GRPO (FP32),16,v_proj,attn,model.layers.16.self_attn.v_proj.weight,393216,393200,16,4.069010416662966e-05,45003,348213,0.8855514526367188,107972,0.7254130045572917,28826,0.9266916910807291
muon_grpo_fp32,Muon + GRPO (FP32),17,down_proj,mlp,model.layers.17.mlp.down_proj.weight,13762560,13761807,753,5.471365792408811e-05,1794819,11967741,0.8695868355887277,4275164,0.6893627348400297,1194339,0.9132182529994419
muon_grpo_fp32,Muon + GRPO (FP32),17,gate_proj,mlp,model.layers.17.mlp.gate_proj.weight,13762560,13759371,3189,0.0002317156110490659,1713616,12048944,0.8754871186755953,4162866,0.6975224086216518,1162572,0.9155264718191964
muon_grpo_fp32,Muon + GRPO (FP32),17,up_proj,mlp,model.layers.17.mlp.up_proj.weight,13762560,13760409,2151,0.00015629359654012465,1699033,12063527,0.8765467325846354,4305863,0.6871321178617932,1136016,0.9174560546875
muon_grpo_fp32,Muon + GRPO (FP32),17,k_proj,attn,model.layers.17.self_attn.k_proj.weight,393216,393193,23,5.849202473962034e-05,51930,341286,0.8679351806640625,110821,0.7181676228841145,32623,0.9170354207356771
muon_grpo_fp32,Muon + GRPO (FP32),17,o_proj,attn,model.layers.17.self_attn.o_proj.weight,2359296,2359144,152,6.442599826383955e-05,276890,2082406,0.8826387193467882,535133,0.7731810675726997,153682,0.934861077202691
muon_grpo_fp32,Muon + GRPO (FP32),17,q_proj,attn,model.layers.17.self_attn.q_proj.weight,2359296,2359106,190,8.053249782991045e-05,235584,2123712,0.900146484375,429483,0.8179613749186198,111617,0.9526905483669705
muon_grpo_fp32,Muon + GRPO (FP32),17,v_proj,attn,model.layers.17.self_attn.v_proj.weight,393216,393186,30,7.62939453125e-05,50031,343185,0.8727645874023438,110714,0.7184397379557292,32463,0.9174423217773438
muon_grpo_fp32,Muon + GRPO (FP32),18,down_proj,mlp,model.layers.18.mlp.down_proj.weight,13762560,13761817,743,5.3987048921122494e-05,1778114,11984446,0.8708006359281995,4232453,0.6924661545526414,1184307,0.9139471871512277
muon_grpo_fp32,Muon + GRPO (FP32),18,gate_proj,mlp,model.layers.18.mlp.gate_proj.weight,13762560,13759565,2995,0.00021761939639142192,1656108,12106452,0.8796657017299108,4088555,0.7029219127836681,1127096,0.9181041899181548
muon_grpo_fp32,Muon + GRPO (FP32),18,up_proj,mlp,model.layers.18.mlp.up_proj.weight,13762560,13760661,1899,0.00013798304966516906,1698537,12064023,0.876582772391183,4241347,0.6918199085053943,1133089,0.9176687331426712
muon_grpo_fp32,Muon + GRPO (FP32),18,k_proj,attn,model.layers.18.self_attn.k_proj.weight,393216,393189,27,6.866455078125e-05,46192,347024,0.8825276692708334,115457,0.706377665201823,30273,0.9230117797851562
muon_grpo_fp32,Muon + GRPO (FP32),18,o_proj,attn,model.layers.18.self_attn.o_proj.weight,2359296,2359142,154,6.527370876741045e-05,288363,2070933,0.8777758280436198,572931,0.7571601867675781,163860,0.9305470784505209
muon_grpo_fp32,Muon + GRPO (FP32),18,q_proj,attn,model.layers.18.self_attn.q_proj.weight,2359296,2359126,170,7.205539279508955e-05,243163,2116133,0.896934085422092,472992,0.7995198567708334,129685,0.9450323316786025
muon_grpo_fp32,Muon + GRPO (FP32),18,v_proj,attn,model.layers.18.self_attn.v_proj.weight,393216,393198,18,4.57763671875e-05,62123,331093,0.8420130411783854,109617,0.7212295532226562,39047,0.9006983439127604
muon_grpo_fp32,Muon + GRPO (FP32),19,down_proj,mlp,model.layers.19.mlp.down_proj.weight,13762560,13761760,800,5.812872023813753e-05,1740689,12021871,0.8735199701218378,4142916,0.6989719935825893,1152897,0.9162294660295759
muon_grpo_fp32,Muon + GRPO (FP32),19,gate_proj,mlp,model.layers.19.mlp.gate_proj.weight,13762560,13760215,2345,0.00017038981119787966,1619155,12143405,0.8823507399786086,3982957,0.7105947585332961,1089579,0.9208302089146205
muon_grpo_fp32,Muon + GRPO (FP32),19,up_proj,mlp,model.layers.19.mlp.up_proj.weight,13762560,13761086,1474,0.00010710216703868625,1641524,12121036,0.8807253882998511,4077660,0.7037135532924107,1081509,0.9214165823800223
muon_grpo_fp32,Muon + GRPO (FP32),19,k_proj,attn,model.layers.19.self_attn.k_proj.weight,393216,393199,17,4.323323567712034e-05,47996,345220,0.8779398600260416,118966,0.6974538167317708,31291,0.9204228719075521
muon_grpo_fp32,Muon + GRPO (FP32),19,o_proj,attn,model.layers.19.self_attn.o_proj.weight,2359296,2359106,190,8.053249782991045e-05,255112,2104184,0.8918694390190972,579723,0.7542813618977865,145803,0.9382006327311198
muon_grpo_fp32,Muon + GRPO (FP32),19,q_proj,attn,model.layers.19.self_attn.q_proj.weight,2359296,2359134,162,6.866455078125e-05,253041,2106255,0.8927472432454427,506461,0.7853338453504775,135006,0.9427769978841146
muon_grpo_fp32,Muon + GRPO (FP32),19,v_proj,attn,model.layers.19.self_attn.v_proj.weight,393216,393182,34,8.646647135412966e-05,41130,352086,0.8954010009765625,110281,0.7195409138997395,26413,0.9328282674153646
muon_grpo_fp32,Muon + GRPO (FP32),2,down_proj,mlp,model.layers.2.mlp.down_proj.weight,13762560,13761841,719,5.224318731400501e-05,1799040,11963520,0.8692801339285714,4430612,0.6780677432105655,1204999,0.9124436878022694
muon_grpo_fp32,Muon + GRPO (FP32),2,gate_proj,mlp,model.layers.2.mlp.gate_proj.weight,13762560,13760605,1955,0.00014205206008188753,1526459,12236101,0.8890861147925967,4511128,0.6722173781622024,1033983,0.924869864327567
muon_grpo_fp32,Muon + GRPO (FP32),2,up_proj,mlp,model.layers.2.mlp.up_proj.weight,13762560,13761188,1372,9.969075520832593e-05,1788001,11974559,0.8700822376069568,4533556,0.6705877394903275,1201903,0.9126686459495907
muon_grpo_fp32,Muon + GRPO (FP32),2,k_proj,attn,model.layers.2.self_attn.k_proj.weight,393216,392769,447,0.00113677978515625,33497,359719,0.9148127237955729,117072,0.7022705078125,21766,0.9446461995442709
muon_grpo_fp32,Muon + GRPO (FP32),2,o_proj,attn,model.layers.2.self_attn.o_proj.weight,2359296,2359181,115,4.8743353949665114e-05,290881,2068415,0.8767085605197482,584087,0.75243165757921,167801,0.9288766649034288
muon_grpo_fp32,Muon + GRPO (FP32),2,q_proj,attn,model.layers.2.self_attn.q_proj.weight,2359296,2357099,2197,0.0009312099880642855,186416,2172880,0.9209865993923612,393309,0.8332939147949219,87937,0.9627274407280816
muon_grpo_fp32,Muon + GRPO (FP32),2,v_proj,attn,model.layers.2.self_attn.v_proj.weight,393216,393192,24,6.103515625e-05,65426,327790,0.8336130777994791,116833,0.7028783162434895,42849,0.8910293579101562
muon_grpo_fp32,Muon + GRPO (FP32),20,down_proj,mlp,model.layers.20.mlp.down_proj.weight,13762560,13761713,847,6.154378255207593e-05,1717708,12044852,0.8751897902715774,3972369,0.7113640921456473,1124959,0.9182594662620908
muon_grpo_fp32,Muon + GRPO (FP32),20,gate_proj,mlp,model.layers.20.mlp.gate_proj.weight,13762560,13760064,2496,0.00018136160714288252,1621968,12140592,0.8821463448660715,3833975,0.721419924781436,1077563,0.9217033022925967
muon_grpo_fp32,Muon + GRPO (FP32),20,up_proj,mlp,model.layers.20.mlp.up_proj.weight,13762560,13760940,1620,0.00011771065848209528,1592201,12170359,0.8843092418852306,3779611,0.7253700619652157,1024083,0.9255892072405134
muon_grpo_fp32,Muon + GRPO (FP32),20,k_proj,attn,model.layers.20.self_attn.k_proj.weight,393216,393040,176,0.00044759114583337034,47756,345460,0.8785502115885416,111769,0.7157567342122395,29866,0.9240468343098959
muon_grpo_fp32,Muon + GRPO (FP32),20,o_proj,attn,model.layers.20.self_attn.o_proj.weight,2359296,2359156,140,5.933973524308023e-05,257274,2102022,0.8909530639648438,553400,0.7654385036892362,144591,0.938714345296224
muon_grpo_fp32,Muon + GRPO (FP32),20,q_proj,attn,model.layers.20.self_attn.q_proj.weight,2359296,2358236,1060,0.0004492865668402901,243348,2115948,0.8968556722005209,472372,0.7997826470269097,123502,0.9476530287000868
muon_grpo_fp32,Muon + GRPO (FP32),20,v_proj,attn,model.layers.20.self_attn.v_proj.weight,393216,393183,33,8.392333984375e-05,40017,353199,0.8982315063476562,109181,0.722338358561198,25687,0.9346745808919271
muon_grpo_fp32,Muon + GRPO (FP32),21,down_proj,mlp,model.layers.21.mlp.down_proj.weight,13762560,13761704,856,6.219773065474499e-05,1685022,12077538,0.8775647844587053,3672303,0.7331671578543526,1073514,0.9219975062779018
muon_grpo_fp32,Muon + GRPO (FP32),21,gate_proj,mlp,model.layers.21.mlp.gate_proj.weight,13762560,13761335,1225,8.900960286462034e-05,1480513,12282047,0.8924245925176711,3312357,0.7593211582728795,948832,0.9310570126488096
muon_grpo_fp32,Muon + GRPO (FP32),21,up_proj,mlp,model.layers.21.mlp.up_proj.weight,13762560,13761589,971,7.05537341889606e-05,1507121,12255439,0.8904912312825521,3301368,0.76011962890625,929685,0.932448250906808
muon_grpo_fp32,Muon + GRPO (FP32),21,k_proj,attn,model.layers.21.self_attn.k_proj.weight,393216,393195,21,5.340576171875e-05,47986,345230,0.8779652913411459,116790,0.7029876708984375,30582,0.9222259521484375
muon_grpo_fp32,Muon + GRPO (FP32),21,o_proj,attn,model.layers.21.self_attn.o_proj.weight,2359296,2359117,179,7.587009006071455e-05,248060,2111236,0.8948584662543403,478310,0.7972657945421007,130836,0.9445444742838541
muon_grpo_fp32,Muon + GRPO (FP32),21,q_proj,attn,model.layers.21.self_attn.q_proj.weight,2359296,2359080,216,9.1552734375e-05,223446,2135850,0.9052912394205729,363999,0.8457171122233073,105881,0.9551217820909288
muon_grpo_fp32,Muon + GRPO (FP32),21,v_proj,attn,model.layers.21.self_attn.v_proj.weight,393216,393183,33,8.392333984375e-05,42898,350318,0.8909047444661459,109319,0.7219874064127605,27444,0.930206298828125
muon_grpo_fp32,Muon + GRPO (FP32),22,down_proj,mlp,model.layers.22.mlp.down_proj.weight,13762560,13761667,893,6.488618396582879e-05,1625567,12136993,0.8818848382859003,3701031,0.7310797555106027,1037341,0.9246258690243676
muon_grpo_fp32,Muon + GRPO (FP32),22,gate_proj,mlp,model.layers.22.mlp.gate_proj.weight,13762560,13760625,1935,0.00014059884207584528,1440485,12322075,0.8953330630347842,3478833,0.7472248622349331,927761,0.9325880504789806
muon_grpo_fp32,Muon + GRPO (FP32),22,up_proj,mlp,model.layers.22.mlp.up_proj.weight,13762560,13761235,1325,9.627569289438753e-05,1524468,12238092,0.8892307826450893,3515920,0.7445300874255952,950749,0.930917721702939
muon_grpo_fp32,Muon + GRPO (FP32),22,k_proj,attn,model.layers.22.self_attn.k_proj.weight,393216,393009,207,0.00052642822265625,59181,334035,0.8494949340820312,92954,0.7636057535807291,37685,0.9041620890299479
muon_grpo_fp32,Muon + GRPO (FP32),22,o_proj,attn,model.layers.22.self_attn.o_proj.weight,2359296,2359127,169,7.163153754341511e-05,232641,2126655,0.9013938903808594,564072,0.7609151204427084,132849,0.9436912536621094
muon_grpo_fp32,Muon + GRPO (FP32),22,q_proj,attn,model.layers.22.self_attn.q_proj.weight,2359296,2358100,1196,0.0005069308810763395,249995,2109301,0.8940383063422309,338486,0.8565309312608507,111288,0.9528299967447916
muon_grpo_fp32,Muon + GRPO (FP32),22,v_proj,attn,model.layers.22.self_attn.v_proj.weight,393216,393188,28,7.120768229162966e-05,48603,344613,0.8763961791992188,88651,0.7745488484700521,27854,0.9291636149088541
muon_grpo_fp32,Muon + GRPO (FP32),23,down_proj,mlp,model.layers.23.mlp.down_proj.weight,13762560,13761657,903,6.561279296879441e-05,1598385,12164175,0.8838599068777901,3742149,0.7280920846121652,1018619,0.9259862263997396
muon_grpo_fp32,Muon + GRPO (FP32),23,gate_proj,mlp,model.layers.23.mlp.gate_proj.weight,13762560,13757312,5248,0.0003813244047619069,1431379,12331181,0.8959947131928944,3544436,0.7424580891927084,918696,0.9332467215401785
muon_grpo_fp32,Muon + GRPO (FP32),23,up_proj,mlp,model.layers.23.mlp.up_proj.weight,13762560,13758092,4468,0.0003246489025298116,1485787,12276773,0.8920413789295015,3541993,0.7426355997721354,924325,0.9328377133324033
muon_grpo_fp32,Muon + GRPO (FP32),23,k_proj,attn,model.layers.23.self_attn.k_proj.weight,393216,393014,202,0.0005137125651041297,48581,344635,0.8764521280924479,106739,0.7285486857096355,29980,0.9237569173177084
muon_grpo_fp32,Muon + GRPO (FP32),23,o_proj,attn,model.layers.23.self_attn.o_proj.weight,2359296,2359106,190,8.053249782991045e-05,226125,2133171,0.9041557312011719,489041,0.7927174038357205,118713,0.949682871500651
muon_grpo_fp32,Muon + GRPO (FP32),23,q_proj,attn,model.layers.23.self_attn.q_proj.weight,2359296,2358249,1047,0.00044377644856774534,235881,2123415,0.9000205993652344,426946,0.8190366956922743,119344,0.9494154188368056
muon_grpo_fp32,Muon + GRPO (FP32),23,v_proj,attn,model.layers.23.self_attn.v_proj.weight,393216,393187,29,7.375081380212034e-05,47195,346021,0.8799769083658854,111690,0.7159576416015625,30791,0.9216944376627604
muon_grpo_fp32,Muon + GRPO (FP32),24,down_proj,mlp,model.layers.24.mlp.down_proj.weight,13762560,13761604,956,6.946382068451218e-05,1507509,12255051,0.8904630388532366,3410065,0.7522216070265997,927459,0.9326099940708705
muon_grpo_fp32,Muon + GRPO (FP32),24,gate_proj,mlp,model.layers.24.mlp.gate_proj.weight,13762560,13758492,4068,0.00029558454241074283,1393172,12369388,0.8987708682105655,3287440,0.7611316499255952,866529,0.9370372227260044
muon_grpo_fp32,Muon + GRPO (FP32),24,up_proj,mlp,model.layers.24.mlp.up_proj.weight,13762560,13759147,3413,0.0002479916527158288,1358513,12404047,0.9012892223539807,3034400,0.7795177641369048,800495,0.9418353126162574
muon_grpo_fp32,Muon + GRPO (FP32),24,k_proj,attn,model.layers.24.self_attn.k_proj.weight,393216,393128,88,0.00022379557291662966,45792,347424,0.883544921875,127347,0.6761398315429688,30434,0.9226023356119791
muon_grpo_fp32,Muon + GRPO (FP32),24,o_proj,attn,model.layers.24.self_attn.o_proj.weight,2359296,2359135,161,6.824069552946455e-05,218176,2141120,0.9075249565972222,510417,0.7836570739746094,117444,0.9502207438151041
muon_grpo_fp32,Muon + GRPO (FP32),24,q_proj,attn,model.layers.24.self_attn.q_proj.weight,2359296,2358777,519,0.00021998087565100466,229788,2129508,0.9026031494140625,474071,0.79906251695421,119955,0.9491564432779948
muon_grpo_fp32,Muon + GRPO (FP32),24,v_proj,attn,model.layers.24.self_attn.v_proj.weight,393216,393177,39,9.918212890625e-05,38570,354646,0.9019114176432291,113874,0.7104034423828125,25260,0.935760498046875
muon_grpo_fp32,Muon + GRPO (FP32),25,down_proj,mlp,model.layers.25.mlp.down_proj.weight,13762560,13761434,1126,8.181617373514971e-05,1375623,12386937,0.9000459943498884,3022844,0.780357433500744,808475,0.9412554786318824
muon_grpo_fp32,Muon + GRPO (FP32),25,gate_proj,mlp,model.layers.25.mlp.gate_proj.weight,13762560,13757318,5242,0.0003808884393601275,1432758,12329802,0.895894513811384,3381750,0.7542790004185268,896879,0.9348319644019717
muon_grpo_fp32,Muon + GRPO (FP32),25,up_proj,mlp,model.layers.25.mlp.up_proj.weight,13762560,13757845,4715,0.0003425961449032844,1309970,12452590,0.904816400437128,2933117,0.7868770781017485,765079,0.944408671061198
muon_grpo_fp32,Muon + GRPO (FP32),25,k_proj,attn,model.layers.25.self_attn.k_proj.weight,393216,393001,215,0.0005467732747396203,54507,338709,0.8613815307617188,76639,0.8050969441731771,31898,0.9188791910807291
muon_grpo_fp32,Muon + GRPO (FP32),25,o_proj,attn,model.layers.25.self_attn.o_proj.weight,2359296,2359100,196,8.307562934029011e-05,178734,2180562,0.9242426554361979,407987,0.8270725674099393,84881,0.9640227423773872
muon_grpo_fp32,Muon + GRPO (FP32),25,q_proj,attn,model.layers.25.self_attn.q_proj.weight,2359296,2357948,1348,0.0005713568793402901,246395,2112901,0.8955641852484809,267356,0.8866797553168403,101759,0.956868913438585
muon_grpo_fp32,Muon + GRPO (FP32),25,v_proj,attn,model.layers.25.self_attn.v_proj.weight,393216,393162,54,0.0001373291015625,32571,360645,0.9171676635742188,88313,0.7754084269205729,19517,0.9503657023111979
muon_grpo_fp32,Muon + GRPO (FP32),26,down_proj,mlp,model.layers.26.mlp.down_proj.weight,13762560,13760888,1672,0.0001214890252976275,1029956,12732604,0.9251624697730655,1702731,0.8762780325753348,481297,0.9650285266694568
muon_grpo_fp32,Muon + GRPO (FP32),26,gate_proj,mlp,model.layers.26.mlp.gate_proj.weight,13762560,13755370,7190,0.0005224318731398281,1369657,12392903,0.900479489281064,3105499,0.7743516467866444,826445,0.9399497622535342
muon_grpo_fp32,Muon + GRPO (FP32),26,up_proj,mlp,model.layers.26.mlp.up_proj.weight,13762560,13754045,8515,0.0006187075660342156,1047581,12714979,0.9238818214053199,1858912,0.8649297805059524,523480,0.9619634719122023
muon_grpo_fp32,Muon + GRPO (FP32),26,k_proj,attn,model.layers.26.self_attn.k_proj.weight,393216,393199,17,4.323323567712034e-05,61375,331841,0.8439153035481771,120705,0.6930313110351562,40700,0.8964945475260416
muon_grpo_fp32,Muon + GRPO (FP32),26,o_proj,attn,model.layers.26.self_attn.o_proj.weight,2359296,2359059,237,0.00010045369466149534,181975,2177321,0.9228689405653212,407827,0.827140384250217,86803,0.9632080925835503
muon_grpo_fp32,Muon + GRPO (FP32),26,q_proj,attn,model.layers.26.self_attn.q_proj.weight,2359296,2359042,254,0.00010765923394095989,213468,2145828,0.9095204671223959,236980,0.8995547824435763,80347,0.9659445020887587
muon_grpo_fp32,Muon + GRPO (FP32),26,v_proj,attn,model.layers.26.self_attn.v_proj.weight,393216,393187,29,7.375081380212034e-05,39249,353967,0.9001846313476562,104915,0.7331873575846355,26055,0.9337387084960938
muon_grpo_fp32,Muon + GRPO (FP32),27,down_proj,mlp,model.layers.27.mlp.down_proj.weight,13762560,13760169,2391,0.00017373221261163252,973489,12789071,0.9292654128301712,1204813,0.9124572027297247,459950,0.9665796189081102
muon_grpo_fp32,Muon + GRPO (FP32),27,gate_proj,mlp,model.layers.27.mlp.gate_proj.weight,13762560,13751184,11376,0.0008265904017856762,946773,12815787,0.9312066214425223,1825412,0.8673639206659226,524447,0.9618932088216146
muon_grpo_fp32,Muon + GRPO (FP32),27,up_proj,mlp,model.layers.27.mlp.up_proj.weight,13762560,13749433,13127,0.0009538196382068431,726982,13035578,0.9471768333798363,1148820,0.9165257045200893,359686,0.9738648914155505
muon_grpo_fp32,Muon + GRPO (FP32),27,k_proj,attn,model.layers.27.self_attn.k_proj.weight,393216,393194,22,5.594889322912966e-05,55343,337873,0.8592554728190104,82963,0.7890141805013021,32294,0.9178721110026041
muon_grpo_fp32,Muon + GRPO (FP32),27,o_proj,attn,model.layers.27.self_attn.o_proj.weight,2359296,2359069,227,9.621514214408489e-05,189755,2169541,0.9195713467068143,236347,0.8998230828179253,72073,0.9694514804416232
muon_grpo_fp32,Muon + GRPO (FP32),27,q_proj,attn,model.layers.27.self_attn.q_proj.weight,2359296,2359074,222,9.409586588537966e-05,238726,2120570,0.8988147311740451,259237,0.8901210361056857,97388,0.9587215847439237
muon_grpo_fp32,Muon + GRPO (FP32),27,v_proj,attn,model.layers.27.self_attn.v_proj.weight,393216,393167,49,0.00012461344401037966,28467,364749,0.9276046752929688,90172,0.7706807454427084,16923,0.9569625854492188
muon_grpo_fp32,Muon + GRPO (FP32),3,down_proj,mlp,model.layers.3.mlp.down_proj.weight,13762560,13761854,706,5.129859561014971e-05,1788733,11973827,0.870029049827939,4278518,0.6891190301804315,1182798,0.9140568324497768
muon_grpo_fp32,Muon + GRPO (FP32),3,gate_proj,mlp,model.layers.3.mlp.gate_proj.weight,13762560,13760579,1981,0.00014394124348959814,1524523,12238037,0.889226786295573,4304037,0.6872647966657366,1024191,0.9255813598632813
muon_grpo_fp32,Muon + GRPO (FP32),3,up_proj,mlp,model.layers.3.mlp.up_proj.weight,13762560,13761443,1117,8.116222563248066e-05,1776387,11986173,0.8709261213030134,4452957,0.6764441353934152,1187449,0.9137188866024926
muon_grpo_fp32,Muon + GRPO (FP32),3,k_proj,attn,model.layers.3.self_attn.k_proj.weight,393216,393154,62,0.00015767415364587034,41770,351446,0.8937733968098959,116407,0.703961690266927,27527,0.9299952189127604
muon_grpo_fp32,Muon + GRPO (FP32),3,o_proj,attn,model.layers.3.self_attn.o_proj.weight,2359296,2359138,158,6.696912977433023e-05,280117,2079179,0.8812709384494357,466829,0.802132076687283,149428,0.9366641574435763
muon_grpo_fp32,Muon + GRPO (FP32),3,q_proj,attn,model.layers.3.self_attn.q_proj.weight,2359296,2358060,1236,0.0005238850911458703,204953,2154343,0.9131295945909288,329921,0.8601612514919705,89661,0.9619967142740885
muon_grpo_fp32,Muon + GRPO (FP32),3,v_proj,attn,model.layers.3.self_attn.v_proj.weight,393216,393192,24,6.103515625e-05,59818,333398,0.8478749593098959,116339,0.7041346232096355,40739,0.8963953653971354
muon_grpo_fp32,Muon + GRPO (FP32),4,down_proj,mlp,model.layers.4.mlp.down_proj.weight,13762560,13761856,704,5.115327380955659e-05,1833392,11929168,0.8667840866815476,4323993,0.6858147757393973,1214268,0.9117701939174108
muon_grpo_fp32,Muon + GRPO (FP32),4,gate_proj,mlp,model.layers.4.mlp.gate_proj.weight,13762560,13761046,1514,0.00011000860305054871,1503981,12258579,0.8907193865094866,4020161,0.7078914823986235,1005349,0.926950436546689
muon_grpo_fp32,Muon + GRPO (FP32),4,up_proj,mlp,model.layers.4.mlp.up_proj.weight,13762560,13761699,861,6.25610351562278e-05,1769799,11992761,0.8714048113141741,4324899,0.6857489449637277,1168034,0.9151295979817708
muon_grpo_fp32,Muon + GRPO (FP32),4,k_proj,attn,model.layers.4.self_attn.k_proj.weight,393216,393189,27,6.866455078125e-05,40536,352680,0.89691162109375,109205,0.722277323404948,25254,0.9357757568359375
muon_grpo_fp32,Muon + GRPO (FP32),4,o_proj,attn,model.layers.4.self_attn.o_proj.weight,2359296,2359111,185,7.841322157120523e-05,264746,2094550,0.8877860175238715,455826,0.8067957560221354,139529,0.9408599005805122
muon_grpo_fp32,Muon + GRPO (FP32),4,q_proj,attn,model.layers.4.self_attn.q_proj.weight,2359296,2359034,262,0.00011105007595491045,178080,2181216,0.9245198567708334,263456,0.8883327907986112,70354,0.9701800876193576
muon_grpo_fp32,Muon + GRPO (FP32),4,v_proj,attn,model.layers.4.self_attn.v_proj.weight,393216,393189,27,6.866455078125e-05,51060,342156,0.870147705078125,121045,0.6921666463216145,34632,0.91192626953125
muon_grpo_fp32,Muon + GRPO (FP32),5,down_proj,mlp,model.layers.5.mlp.down_proj.weight,13762560,13761853,707,5.137125651044627e-05,1858617,11903943,0.8649512154715402,4276239,0.6892846243722098,1226890,0.9108530680338541
muon_grpo_fp32,Muon + GRPO (FP32),5,gate_proj,mlp,model.layers.5.mlp.gate_proj.weight,13762560,13757560,5000,0.00036330450148813753,1428926,12333634,0.8961729503813244,3755943,0.7270898001534598,948528,0.9310791015625
muon_grpo_fp32,Muon + GRPO (FP32),5,up_proj,mlp,model.layers.5.mlp.up_proj.weight,13762560,13759783,2777,0.0002017793201264384,1773164,11989396,0.8711603073846726,4238889,0.6919985089983258,1158773,0.9158025105794271
muon_grpo_fp32,Muon + GRPO (FP32),5,k_proj,attn,model.layers.5.self_attn.k_proj.weight,393216,393083,133,0.00033823649088537966,43513,349703,0.8893407185872396,114826,0.7079823811848958,28506,0.9275054931640625
muon_grpo_fp32,Muon + GRPO (FP32),5,o_proj,attn,model.layers.5.self_attn.o_proj.weight,2359296,2359158,138,5.849202473962034e-05,278914,2080382,0.8817808363172743,499704,0.7881978352864584,149002,0.936844719780816
muon_grpo_fp32,Muon + GRPO (FP32),5,q_proj,attn,model.layers.5.self_attn.q_proj.weight,2359296,2357719,1577,0.0006684197319878349,213017,2146279,0.9097116258409288,340099,0.8558472527398003,95619,0.9594713846842448
muon_grpo_fp32,Muon + GRPO (FP32),5,v_proj,attn,model.layers.5.self_attn.v_proj.weight,393216,393185,31,7.883707682287966e-05,58248,334968,0.85186767578125,113442,0.7115020751953125,38902,0.9010670979817709
muon_grpo_fp32,Muon + GRPO (FP32),6,down_proj,mlp,model.layers.6.mlp.down_proj.weight,13762560,13761857,703,5.1080612909260026e-05,1827898,11934662,0.8671832856677828,4266228,0.6900120326450894,1207507,0.9122614542643229
muon_grpo_fp32,Muon + GRPO (FP32),6,gate_proj,mlp,model.layers.6.mlp.gate_proj.weight,13762560,13759766,2794,0.00020301455543159097,1433856,12328704,0.8958147321428571,3837771,0.7211441040039063,948421,0.9310868762788318
muon_grpo_fp32,Muon + GRPO (FP32),6,up_proj,mlp,model.layers.6.mlp.up_proj.weight,13762560,13761325,1235,8.973621186758596e-05,1760898,12001662,0.8720515659877233,4288642,0.6883834112258185,1158259,0.9158398582821801
muon_grpo_fp32,Muon + GRPO (FP32),6,k_proj,attn,model.layers.6.self_attn.k_proj.weight,393216,393096,120,0.00030517578125,41318,351898,0.8949228922526041,118101,0.6996536254882812,26712,0.93206787109375
muon_grpo_fp32,Muon + GRPO (FP32),6,o_proj,attn,model.layers.6.self_attn.o_proj.weight,2359296,2359123,173,7.332695855033489e-05,259963,2099333,0.8898133171929253,527798,0.776290045844184,144035,0.9389500088161893
muon_grpo_fp32,Muon + GRPO (FP32),6,q_proj,attn,model.layers.6.self_attn.q_proj.weight,2359296,2357792,1504,0.0006374782986111605,210649,2148647,0.91071531507704,358002,0.8482589721679688,95977,0.9593196445041232
muon_grpo_fp32,Muon + GRPO (FP32),6,v_proj,attn,model.layers.6.self_attn.v_proj.weight,393216,393188,28,7.120768229162966e-05,49206,344010,0.8748626708984375,119231,0.6967798868815105,33264,0.9154052734375
muon_grpo_fp32,Muon + GRPO (FP32),7,down_proj,mlp,model.layers.7.mlp.down_proj.weight,13762560,13761781,779,5.6602841331798714e-05,1782871,11979689,0.8704549880254836,4359064,0.6832664853050595,1188856,0.9136166527157739
muon_grpo_fp32,Muon + GRPO (FP32),7,gate_proj,mlp,model.layers.7.mlp.gate_proj.weight,13762560,13756864,5696,0.0004138764880952106,1574627,12187933,0.885586184547061,4211870,0.6939617338634673,1064147,0.9226781209309896
muon_grpo_fp32,Muon + GRPO (FP32),7,up_proj,mlp,model.layers.7.mlp.up_proj.weight,13762560,13758383,4177,0.0003035045805431791,1735765,12026795,0.8738777523949033,4501635,0.6729071480887276,1169199,0.9150449480329241
muon_grpo_fp32,Muon + GRPO (FP32),7,k_proj,attn,model.layers.7.self_attn.k_proj.weight,393216,393177,39,9.918212890625e-05,39908,353308,0.8985087076822916,120022,0.6947682698567708,25904,0.9341227213541666
muon_grpo_fp32,Muon + GRPO (FP32),7,o_proj,attn,model.layers.7.self_attn.o_proj.weight,2359296,2359129,167,7.078382703995523e-05,279401,2079895,0.8815744188096788,555872,0.7643907335069444,156324,0.9337412516276041
muon_grpo_fp32,Muon + GRPO (FP32),7,q_proj,attn,model.layers.7.self_attn.q_proj.weight,2359296,2359077,219,9.282430013024534e-05,200506,2158790,0.9150144788953993,372944,0.8419257269965278,91639,0.9611583285861545
muon_grpo_fp32,Muon + GRPO (FP32),7,v_proj,attn,model.layers.7.self_attn.v_proj.weight,393216,393194,22,5.594889322912966e-05,51946,341270,0.8678944905598959,109033,0.7227147420247395,33194,0.9155832926432291
muon_grpo_fp32,Muon + GRPO (FP32),8,down_proj,mlp,model.layers.8.mlp.down_proj.weight,13762560,13761815,745,5.413237072171562e-05,1847211,11915349,0.8657799857003348,4350471,0.683890860421317,1233163,0.9103972662062872
muon_grpo_fp32,Muon + GRPO (FP32),8,gate_proj,mlp,model.layers.8.mlp.gate_proj.weight,13762560,13761560,1000,7.266090029767192e-05,1599698,12162862,0.8837645031156994,4068955,0.7043460664295015,1088518,0.9209073021298363
muon_grpo_fp32,Muon + GRPO (FP32),8,up_proj,mlp,model.layers.8.mlp.up_proj.weight,13762560,13761810,750,5.4495675223198425e-05,1772408,11990152,0.8712152390252976,4468895,0.6752860659644717,1193199,0.9133010864257812
muon_grpo_fp32,Muon + GRPO (FP32),8,k_proj,attn,model.layers.8.self_attn.k_proj.weight,393216,393091,125,0.00031789143880212034,38759,354457,0.9014307657877604,122512,0.6884358723958333,25512,0.93511962890625
muon_grpo_fp32,Muon + GRPO (FP32),8,o_proj,attn,model.layers.8.self_attn.o_proj.weight,2359296,2359142,154,6.527370876741045e-05,269309,2089987,0.8858519660101997,542405,0.7700987921820747,149111,0.9367985195583768
muon_grpo_fp32,Muon + GRPO (FP32),8,q_proj,attn,model.layers.8.self_attn.q_proj.weight,2359296,2358236,1060,0.0004492865668402901,200643,2158653,0.9149564107259115,402346,0.8294635348849826,96039,0.9592933654785156
muon_grpo_fp32,Muon + GRPO (FP32),8,v_proj,attn,model.layers.8.self_attn.v_proj.weight,393216,393193,23,5.849202473962034e-05,47276,345940,0.8797709147135416,114006,0.7100677490234375,30264,0.92303466796875
muon_grpo_fp32,Muon + GRPO (FP32),9,down_proj,mlp,model.layers.9.mlp.down_proj.weight,13762560,13761838,722,5.24611700148947e-05,1821510,11941050,0.8676474434988839,4411688,0.6794427780877976,1218157,0.9114876156761533
muon_grpo_fp32,Muon + GRPO (FP32),9,gate_proj,mlp,model.layers.9.mlp.gate_proj.weight,13762560,13758665,3895,0.0002830142066592156,1610052,12152508,0.8830121721540178,4208152,0.6942318870907738,1091772,0.9206708635602678
muon_grpo_fp32,Muon + GRPO (FP32),9,up_proj,mlp,model.layers.9.mlp.up_proj.weight,13762560,13760375,2185,0.00015876406715031877,1746247,12016313,0.8731161208379836,4522854,0.6713653564453125,1177634,0.9144320533389136
muon_grpo_fp32,Muon + GRPO (FP32),9,k_proj,attn,model.layers.9.self_attn.k_proj.weight,393216,393180,36,9.1552734375e-05,45186,348030,0.8850860595703125,112371,0.7142257690429688,28787,0.9267908732096354
muon_grpo_fp32,Muon + GRPO (FP32),9,o_proj,attn,model.layers.9.self_attn.o_proj.weight,2359296,2358282,1014,0.00042978922526037966,275298,2083998,0.8833134969075521,506021,0.7855203416612413,154515,0.9345080057779948
muon_grpo_fp32,Muon + GRPO (FP32),9,q_proj,attn,model.layers.9.self_attn.q_proj.weight,2359296,2358442,854,0.00036197238498258955,190416,2168880,0.9192911783854166,365227,0.8451966179741753,91658,0.9611502753363715
muon_grpo_fp32,Muon + GRPO (FP32),9,v_proj,attn,model.layers.9.self_attn.v_proj.weight,393216,393190,26,6.612141927087034e-05,56881,336335,0.8553441365559896,102318,0.7397918701171875,35382,0.9100189208984375
muon_grpo_bf16,Muon + GRPO (BF16),-1,embed,embed,model.embed_tokens.weight,233373696,154144,233219552,0.9993394971128194,154144,233219552,0.9993394971128194,17337,0.9999257114220791,16766,0.9999281581416957
muon_grpo_bf16,Muon + GRPO (BF16),0,down_proj,mlp,model.layers.0.mlp.down_proj.weight,13762560,65719,13696841,0.9952247982933408,65719,13696841,0.9952247982933408,13746,0.9990012032645089,13272,0.99903564453125
muon_grpo_bf16,Muon + GRPO (BF16),0,gate_proj,mlp,model.layers.0.mlp.gate_proj.weight,13762560,48480,13714080,0.9964773995535714,48480,13714080,0.9964773995535714,7370,0.9994644891648066,7078,0.9994857061476935
muon_grpo_bf16,Muon + GRPO (BF16),0,up_proj,mlp,model.layers.0.mlp.up_proj.weight,13762560,57794,13704766,0.9958006359281995,57794,13704766,0.9958006359281995,8927,0.9993513561430432,8602,0.9993749709356399
muon_grpo_bf16,Muon + GRPO (BF16),0,k_proj,attn,model.layers.0.self_attn.k_proj.weight,393216,1105,392111,0.9971898396809896,1105,392111,0.9971898396809896,321,0.9991836547851562,311,0.9992090861002604
muon_grpo_bf16,Muon + GRPO (BF16),0,o_proj,attn,model.layers.0.self_attn.o_proj.weight,2359296,12306,2346990,0.9947840372721354,12306,2346990,0.9947840372721354,1793,0.9992400275336372,1710,0.9992752075195312
muon_grpo_bf16,Muon + GRPO (BF16),0,q_proj,attn,model.layers.0.self_attn.q_proj.weight,2359296,5097,2354199,0.997839609781901,5097,2354199,0.997839609781901,751,0.9996816847059462,717,0.9996960957845052
muon_grpo_bf16,Muon + GRPO (BF16),0,v_proj,attn,model.layers.0.self_attn.v_proj.weight,393216,3910,389306,0.9900563557942709,3910,389306,0.9900563557942709,1255,0.9968083699544271,1220,0.9968973795572916
muon_grpo_bf16,Muon + GRPO (BF16),1,down_proj,mlp,model.layers.1.mlp.down_proj.weight,13762560,30252,13732308,0.9978018624441964,30252,13732308,0.9978018624441964,1900,0.9998619442894345,1846,0.9998658679780505
muon_grpo_bf16,Muon + GRPO (BF16),1,gate_proj,mlp,model.layers.1.mlp.gate_proj.weight,13762560,55266,13707294,0.9959843226841518,55266,13707294,0.9959843226841518,10782,0.999216570172991,10346,0.9992482503255208
muon_grpo_bf16,Muon + GRPO (BF16),1,up_proj,mlp,model.layers.1.mlp.up_proj.weight,13762560,66128,13696432,0.995195079985119,66128,13696432,0.995195079985119,12851,0.9990662347702753,12344,0.9991030738467261
muon_grpo_bf16,Muon + GRPO (BF16),1,k_proj,attn,model.layers.1.self_attn.k_proj.weight,393216,1251,391965,0.9968185424804688,1251,391965,0.9968185424804688,348,0.999114990234375,341,0.9991327921549479
muon_grpo_bf16,Muon + GRPO (BF16),1,o_proj,attn,model.layers.1.self_attn.o_proj.weight,2359296,10962,2348334,0.9953536987304688,10962,2348334,0.9953536987304688,1564,0.9993370903862847,1493,0.999367184109158
muon_grpo_bf16,Muon + GRPO (BF16),1,q_proj,attn,model.layers.1.self_attn.q_proj.weight,2359296,6110,2353186,0.9974102444118924,6110,2353186,0.9974102444118924,754,0.999680413140191,723,0.9996935526529948
muon_grpo_bf16,Muon + GRPO (BF16),1,v_proj,attn,model.layers.1.self_attn.v_proj.weight,393216,3642,389574,0.9907379150390625,3642,389574,0.9907379150390625,1154,0.9970652262369791,1125,0.9971389770507812
muon_grpo_bf16,Muon + GRPO (BF16),10,down_proj,mlp,model.layers.10.mlp.down_proj.weight,13762560,80033,13682527,0.9941847301664807,80033,13682527,0.9941847301664807,18985,0.9986205328078497,18292,0.998670886811756
muon_grpo_bf16,Muon + GRPO (BF16),10,gate_proj,mlp,model.layers.10.mlp.gate_proj.weight,13762560,64860,13697700,0.9952872140066964,64860,13697700,0.9952872140066964,15652,0.9988627115885417,15145,0.9988995506649926
muon_grpo_bf16,Muon + GRPO (BF16),10,up_proj,mlp,model.layers.10.mlp.up_proj.weight,13762560,70433,13692127,0.9948822748093378,70433,13692127,0.9948822748093378,15762,0.9988547188895089,15203,0.9988953363327753
muon_grpo_bf16,Muon + GRPO (BF16),10,k_proj,attn,model.layers.10.self_attn.k_proj.weight,393216,2346,390870,0.9940338134765625,2346,390870,0.9940338134765625,711,0.9981918334960938,692,0.9982401529947916
muon_grpo_bf16,Muon + GRPO (BF16),10,o_proj,attn,model.layers.10.self_attn.o_proj.weight,2359296,12477,2346819,0.9947115580240885,12477,2346819,0.9947115580240885,2019,0.9991442362467448,1921,0.999185774061415
muon_grpo_bf16,Muon + GRPO (BF16),10,q_proj,attn,model.layers.10.self_attn.q_proj.weight,2359296,9021,2350275,0.9961764017740885,9021,2350275,0.9961764017740885,989,0.999580807156033,947,0.9995986090766059
muon_grpo_bf16,Muon + GRPO (BF16),10,v_proj,attn,model.layers.10.self_attn.v_proj.weight,393216,2920,390296,0.9925740559895834,2920,390296,0.9925740559895834,921,0.9976577758789062,899,0.9977137247721354
muon_grpo_bf16,Muon + GRPO (BF16),11,down_proj,mlp,model.layers.11.mlp.down_proj.weight,13762560,80810,13681750,0.9941282726469494,80810,13681750,0.9941282726469494,18969,0.9986216953822544,18255,0.998673575265067
muon_grpo_bf16,Muon + GRPO (BF16),11,gate_proj,mlp,model.layers.11.mlp.gate_proj.weight,13762560,65043,13697517,0.995273917061942,65043,13697517,0.995273917061942,15727,0.9988572620210193,15224,0.998893810453869
muon_grpo_bf16,Muon + GRPO (BF16),11,up_proj,mlp,model.layers.11.mlp.up_proj.weight,13762560,69866,13692694,0.9949234735398066,69866,13692694,0.9949234735398066,15527,0.9988717942010789,14962,0.9989128476097471
muon_grpo_bf16,Muon + GRPO (BF16),11,k_proj,attn,model.layers.11.self_attn.k_proj.weight,393216,2105,391111,0.9946467081705729,2105,391111,0.9946467081705729,631,0.9983952840169271,605,0.9984614054361979
muon_grpo_bf16,Muon + GRPO (BF16),11,o_proj,attn,model.layers.11.self_attn.o_proj.weight,2359296,12312,2346984,0.994781494140625,12312,2346984,0.994781494140625,1670,0.9992921617296007,1604,0.9993201361762153
muon_grpo_bf16,Muon + GRPO (BF16),11,q_proj,attn,model.layers.11.self_attn.q_proj.weight,2359296,8027,2351269,0.9965977138943143,8027,2351269,0.9965977138943143,908,0.9996151394314237,871,0.9996308220757378
muon_grpo_bf16,Muon + GRPO (BF16),11,v_proj,attn,model.layers.11.self_attn.v_proj.weight,393216,2867,390349,0.9927088419596354,2867,390349,0.9927088419596354,979,0.9975102742513021,951,0.9975814819335938
muon_grpo_bf16,Muon + GRPO (BF16),12,down_proj,mlp,model.layers.12.mlp.down_proj.weight,13762560,81799,13680761,0.9940564110165551,81799,13680761,0.9940564110165551,18782,0.9986352829706101,18106,0.9986844017392114
muon_grpo_bf16,Muon + GRPO (BF16),12,gate_proj,mlp,model.layers.12.mlp.gate_proj.weight,13762560,63354,13699206,0.9953966413225447,63354,13699206,0.9953966413225447,15803,0.9988517397925967,15334,0.9988858177548363
muon_grpo_bf16,Muon + GRPO (BF16),12,up_proj,mlp,model.layers.12.mlp.up_proj.weight,13762560,71332,13691228,0.9948169526599703,71332,13691228,0.9948169526599703,15506,0.9988733200799851,14927,0.9989153907412575
muon_grpo_bf16,Muon + GRPO (BF16),12,k_proj,attn,model.layers.12.self_attn.k_proj.weight,393216,2309,390907,0.9941279093424479,2309,390907,0.9941279093424479,776,0.9980265299479166,761,0.9980646769205729
muon_grpo_bf16,Muon + GRPO (BF16),12,o_proj,attn,model.layers.12.self_attn.o_proj.weight,2359296,11606,2347690,0.9950807359483507,11606,2347690,0.9950807359483507,1680,0.9992879231770834,1602,0.9993209838867188
muon_grpo_bf16,Muon + GRPO (BF16),12,q_proj,attn,model.layers.12.self_attn.q_proj.weight,2359296,8546,2350750,0.9963777330186632,8546,2350750,0.9963777330186632,949,0.9995977613661025,905,0.9996164109971788
muon_grpo_bf16,Muon + GRPO (BF16),12,v_proj,attn,model.layers.12.self_attn.v_proj.weight,393216,2858,390358,0.9927317301432291,2858,390358,0.9927317301432291,905,0.9976984659830729,888,0.99774169921875
muon_grpo_bf16,Muon + GRPO (BF16),13,down_proj,mlp,model.layers.13.mlp.down_proj.weight,13762560,77822,13684738,0.9943453834170387,77822,13684738,0.9943453834170387,17315,0.9987418765113467,16728,0.9987845284598215
muon_grpo_bf16,Muon + GRPO (BF16),13,gate_proj,mlp,model.layers.13.mlp.gate_proj.weight,13762560,67698,13694862,0.9950810023716518,67698,13694862,0.9950810023716518,16390,0.998809087844122,15820,0.9988505045572916
muon_grpo_bf16,Muon + GRPO (BF16),13,up_proj,mlp,model.layers.13.mlp.up_proj.weight,13762560,70843,13691717,0.9948524838402157,70843,13691717,0.9948524838402157,15689,0.9988600231352307,15115,0.9989017304920015
muon_grpo_bf16,Muon + GRPO (BF16),13,k_proj,attn,model.layers.13.self_attn.k_proj.weight,393216,1660,391556,0.9957784016927084,1660,391556,0.9957784016927084,442,0.9988759358723959,433,0.9988988240559896
muon_grpo_bf16,Muon + GRPO (BF16),13,o_proj,attn,model.layers.13.self_attn.o_proj.weight,2359296,11877,2347419,0.9949658711751302,11877,2347419,0.9949658711751302,1523,0.9993544684516059,1469,0.9993773566351997
muon_grpo_bf16,Muon + GRPO (BF16),13,q_proj,attn,model.layers.13.self_attn.q_proj.weight,2359296,8164,2351132,0.9965396457248263,8164,2351132,0.9965396457248263,957,0.9995943705240885,913,0.999613020155165
muon_grpo_bf16,Muon + GRPO (BF16),13,v_proj,attn,model.layers.13.self_attn.v_proj.weight,393216,3011,390205,0.9923426310221354,3011,390205,0.9923426310221354,978,0.9975128173828125,960,0.99755859375
muon_grpo_bf16,Muon + GRPO (BF16),14,down_proj,mlp,model.layers.14.mlp.down_proj.weight,13762560,80219,13682341,0.9941712152390253,80219,13682341,0.9941712152390253,18319,0.998668924967448,17688,0.9987147739955358
muon_grpo_bf16,Muon + GRPO (BF16),14,gate_proj,mlp,model.layers.14.mlp.gate_proj.weight,13762560,70541,13692019,0.9948744274321056,70541,13692019,0.9948744274321056,16648,0.9987903413318452,16044,0.998834228515625
muon_grpo_bf16,Muon + GRPO (BF16),14,up_proj,mlp,model.layers.14.mlp.up_proj.weight,13762560,72253,13690307,0.9947500319707961,72253,13690307,0.9947500319707961,15955,0.9988406953357515,15382,0.9988823300316221
muon_grpo_bf16,Muon + GRPO (BF16),14,k_proj,attn,model.layers.14.self_attn.k_proj.weight,393216,2716,390500,0.9930928548177084,2716,390500,0.9930928548177084,759,0.9980697631835938,738,0.9981231689453125
muon_grpo_bf16,Muon + GRPO (BF16),14,o_proj,attn,model.layers.14.self_attn.o_proj.weight,2359296,11739,2347557,0.9950243631998698,11739,2347557,0.9950243631998698,1605,0.9993197123209635,1513,0.9993587070041232
muon_grpo_bf16,Muon + GRPO (BF16),14,q_proj,attn,model.layers.14.self_attn.q_proj.weight,2359296,7966,2351330,0.9966235690646701,7966,2351330,0.9966235690646701,1053,0.9995536804199219,1004,0.9995744493272569
muon_grpo_bf16,Muon + GRPO (BF16),14,v_proj,attn,model.layers.14.self_attn.v_proj.weight,393216,3534,389682,0.9910125732421875,3534,389682,0.9910125732421875,1058,0.9973093668619791,1025,0.9973932902018229
muon_grpo_bf16,Muon + GRPO (BF16),15,down_proj,mlp,model.layers.15.mlp.down_proj.weight,13762560,79063,13683497,0.9942552112397693,79063,13683497,0.9942552112397693,18008,0.9986915225074404,17419,0.9987343197777158
muon_grpo_bf16,Muon + GRPO (BF16),15,gate_proj,mlp,model.layers.15.mlp.gate_proj.weight,13762560,66409,13696151,0.9951746622721355,66409,13696151,0.9951746622721355,15529,0.9988716488792783,15017,0.9989088512602307
muon_grpo_bf16,Muon + GRPO (BF16),15,up_proj,mlp,model.layers.15.mlp.up_proj.weight,13762560,68013,13694547,0.995058114188058,68013,13694547,0.995058114188058,14526,0.9989445277622768,14012,0.9989818754650298
muon_grpo_bf16,Muon + GRPO (BF16),15,k_proj,attn,model.layers.15.self_attn.k_proj.weight,393216,2590,390626,0.9934132893880209,2590,390626,0.9934132893880209,801,0.9979629516601562,782,0.9980112711588541
muon_grpo_bf16,Muon + GRPO (BF16),15,o_proj,attn,model.layers.15.self_attn.o_proj.weight,2359296,11430,2347866,0.9951553344726562,11430,2347866,0.9951553344726562,1564,0.9993370903862847,1486,0.9993701510959201
muon_grpo_bf16,Muon + GRPO (BF16),15,q_proj,attn,model.layers.15.self_attn.q_proj.weight,2359296,9455,2349841,0.995992448594835,9455,2349841,0.995992448594835,1140,0.9995168050130209,1085,0.9995401170518663
muon_grpo_bf16,Muon + GRPO (BF16),15,v_proj,attn,model.layers.15.self_attn.v_proj.weight,393216,2524,390692,0.9935811360677084,2524,390692,0.9935811360677084,836,0.9978739420572916,817,0.9979222615559896
muon_grpo_bf16,Muon + GRPO (BF16),16,down_proj,mlp,model.layers.16.mlp.down_proj.weight,13762560,75758,13686802,0.9944953555152529,75758,13686802,0.9944953555152529,17145,0.9987542288643974,16599,0.9987939017159598
muon_grpo_bf16,Muon + GRPO (BF16),16,gate_proj,mlp,model.layers.16.mlp.gate_proj.weight,13762560,67670,13694890,0.9950830368768602,67670,13694890,0.9950830368768602,16056,0.9988333565848214,15573,0.9988684517996652
muon_grpo_bf16,Muon + GRPO (BF16),16,up_proj,mlp,model.layers.16.mlp.up_proj.weight,13762560,66995,13695565,0.995132082984561,66995,13695565,0.995132082984561,14217,0.9989669799804688,13717,0.9990033104306175
muon_grpo_bf16,Muon + GRPO (BF16),16,k_proj,attn,model.layers.16.self_attn.k_proj.weight,393216,2287,390929,0.9941838582356771,2287,390929,0.9941838582356771,700,0.9982198079427084,685,0.9982579549153646
muon_grpo_bf16,Muon + GRPO (BF16),16,o_proj,attn,model.layers.16.self_attn.o_proj.weight,2359296,11597,2347699,0.9950845506456163,11597,2347699,0.9950845506456163,1519,0.9993561638726128,1458,0.9993820190429688
muon_grpo_bf16,Muon + GRPO (BF16),16,q_proj,attn,model.layers.16.self_attn.q_proj.weight,2359296,8766,2350530,0.9962844848632812,8766,2350530,0.9962844848632812,1191,0.9994951883951823,1133,0.999519771999783
muon_grpo_bf16,Muon + GRPO (BF16),16,v_proj,attn,model.layers.16.self_attn.v_proj.weight,393216,2489,390727,0.9936701456705729,2489,390727,0.9936701456705729,781,0.9980138142903646,760,0.9980672200520834
muon_grpo_bf16,Muon + GRPO (BF16),17,down_proj,mlp,model.layers.17.mlp.down_proj.weight,13762560,76008,13686552,0.9944771902901786,76008,13686552,0.9944771902901786,17667,0.998716299874442,17109,0.998756844656808
muon_grpo_bf16,Muon + GRPO (BF16),17,gate_proj,mlp,model.layers.17.mlp.gate_proj.weight,13762560,66854,13695706,0.9951423281715029,66854,13695706,0.9951423281715029,15620,0.9988650367373512,15132,0.9989004952566964
muon_grpo_bf16,Muon + GRPO (BF16),17,up_proj,mlp,model.layers.17.mlp.up_proj.weight,13762560,66722,13695838,0.9951519194103423,66722,13695838,0.9951519194103423,14131,0.9989732288178943,13687,0.9990054902576265
muon_grpo_bf16,Muon + GRPO (BF16),17,k_proj,attn,model.layers.17.self_attn.k_proj.weight,393216,2776,390440,0.9929402669270834,2776,390440,0.9929402669270834,794,0.9979807535807291,767,0.9980494181315104
muon_grpo_bf16,Muon + GRPO (BF16),17,o_proj,attn,model.layers.17.self_attn.o_proj.weight,2359296,11294,2348002,0.9952129787868924,11294,2348002,0.9952129787868924,1612,0.9993167453342013,1549,0.9993434482150607
muon_grpo_bf16,Muon + GRPO (BF16),17,q_proj,attn,model.layers.17.self_attn.q_proj.weight,2359296,8516,2350780,0.9963904486762153,8516,2350780,0.9963904486762153,882,0.9996261596679688,839,0.9996443854437934
muon_grpo_bf16,Muon + GRPO (BF16),17,v_proj,attn,model.layers.17.self_attn.v_proj.weight,393216,2901,390315,0.9926223754882812,2901,390315,0.9926223754882812,946,0.9975941975911459,926,0.9976450602213541
muon_grpo_bf16,Muon + GRPO (BF16),18,down_proj,mlp,model.layers.18.mlp.down_proj.weight,13762560,73373,13689187,0.9946686517624628,73373,13689187,0.9946686517624628,16430,0.9988061814081102,15836,0.9988493419828869
muon_grpo_bf16,Muon + GRPO (BF16),18,gate_proj,mlp,model.layers.18.mlp.gate_proj.weight,13762560,62654,13699906,0.9954475039527529,62654,13699906,0.9954475039527529,14571,0.9989412580217634,14120,0.9989740280877977
muon_grpo_bf16,Muon + GRPO (BF16),18,up_proj,mlp,model.layers.18.mlp.up_proj.weight,13762560,65935,13696625,0.9952091035388765,65935,13696625,0.9952091035388765,13874,0.9989919026692708,13416,0.9990251813616071
muon_grpo_bf16,Muon + GRPO (BF16),18,k_proj,attn,model.layers.18.self_attn.k_proj.weight,393216,2681,390535,0.9931818644205729,2681,390535,0.9931818644205729,865,0.9978001912434896,844,0.9978535970052084
muon_grpo_bf16,Muon + GRPO (BF16),18,o_proj,attn,model.layers.18.self_attn.o_proj.weight,2359296,11887,2347409,0.9949616326226128,11887,2347409,0.9949616326226128,1707,0.9992764790852865,1627,0.9993103875054253
muon_grpo_bf16,Muon + GRPO (BF16),18,q_proj,attn,model.layers.18.self_attn.q_proj.weight,2359296,10492,2348804,0.9955529106987847,10492,2348804,0.9955529106987847,1585,0.9993281894259982,1515,0.9993578592936198
muon_grpo_bf16,Muon + GRPO (BF16),18,v_proj,attn,model.layers.18.self_attn.v_proj.weight,393216,3877,389339,0.9901402791341146,3877,389339,0.9901402791341146,1294,0.9967091878255209,1253,0.9968134562174479
muon_grpo_bf16,Muon + GRPO (BF16),19,down_proj,mlp,model.layers.19.mlp.down_proj.weight,13762560,70010,13692550,0.9949130103701637,70010,13692550,0.9949130103701637,15645,0.9988632202148438,15134,0.9989003499348958
muon_grpo_bf16,Muon + GRPO (BF16),19,gate_proj,mlp,model.layers.19.mlp.gate_proj.weight,13762560,59823,13702737,0.9956532069614955,59823,13702737,0.9956532069614955,13425,0.9990245274135044,13005,0.9990550449916294
muon_grpo_bf16,Muon + GRPO (BF16),19,up_proj,mlp,model.layers.19.mlp.up_proj.weight,13762560,61348,13701212,0.9955423990885417,61348,13701212,0.9955423990885417,12436,0.9990963890438989,12059,0.999123782203311
muon_grpo_bf16,Muon + GRPO (BF16),19,k_proj,attn,model.layers.19.self_attn.k_proj.weight,393216,2624,390592,0.9933268229166666,2624,390592,0.9933268229166666,768,0.998046875,742,0.9981129964192709
muon_grpo_bf16,Muon + GRPO (BF16),19,o_proj,attn,model.layers.19.self_attn.o_proj.weight,2359296,10651,2348645,0.9954855177137587,10651,2348645,0.9954855177137587,1668,0.9992930094401041,1599,0.999322255452474
muon_grpo_bf16,Muon + GRPO (BF16),19,q_proj,attn,model.layers.19.self_attn.q_proj.weight,2359296,9912,2349384,0.9957987467447916,9912,2349384,0.9957987467447916,1233,0.9994773864746094,1169,0.9995045132107205
muon_grpo_bf16,Muon + GRPO (BF16),19,v_proj,attn,model.layers.19.self_attn.v_proj.weight,393216,2452,390764,0.9937642415364584,2452,390764,0.9937642415364584,823,0.9979070027669271,792,0.99798583984375
muon_grpo_bf16,Muon + GRPO (BF16),2,down_proj,mlp,model.layers.2.mlp.down_proj.weight,13762560,76592,13685968,0.9944347563244048,76592,13685968,0.9944347563244048,18287,0.9986712501162575,17675,0.9987157185872396
muon_grpo_bf16,Muon + GRPO (BF16),2,gate_proj,mlp,model.layers.2.mlp.gate_proj.weight,13762560,57965,13704595,0.9957882109142485,57965,13704595,0.9957882109142485,12548,0.9990882510230654,12069,0.999123055594308
muon_grpo_bf16,Muon + GRPO (BF16),2,up_proj,mlp,model.layers.2.mlp.up_proj.weight,13762560,69135,13693425,0.9949765886579242,69135,13693425,0.9949765886579242,14804,0.998924328031994,14248,0.9989647274925595
muon_grpo_bf16,Muon + GRPO (BF16),2,k_proj,attn,model.layers.2.self_attn.k_proj.weight,393216,1465,391751,0.9962743123372396,1465,391751,0.9962743123372396,441,0.9988784790039062,422,0.9989267985026041
muon_grpo_bf16,Muon + GRPO (BF16),2,o_proj,attn,model.layers.2.self_attn.o_proj.weight,2359296,12160,2347136,0.9948459201388888,12160,2347136,0.9948459201388888,1898,0.9991955227322049,1817,0.9992298550075955
muon_grpo_bf16,Muon + GRPO (BF16),2,q_proj,attn,model.layers.2.self_attn.q_proj.weight,2359296,7178,2352118,0.9969575670030382,7178,2352118,0.9969575670030382,755,0.9996799892849393,720,0.99969482421875
muon_grpo_bf16,Muon + GRPO (BF16),2,v_proj,attn,model.layers.2.self_attn.v_proj.weight,393216,3657,389559,0.9906997680664062,3657,389559,0.9906997680664062,1197,0.9969558715820312,1172,0.9970194498697916
muon_grpo_bf16,Muon + GRPO (BF16),20,down_proj,mlp,model.layers.20.mlp.down_proj.weight,13762560,68402,13694158,0.9950298490978423,68402,13694158,0.9950298490978423,15440,0.9988781156994048,14966,0.9989125569661458
muon_grpo_bf16,Muon + GRPO (BF16),20,gate_proj,mlp,model.layers.20.mlp.gate_proj.weight,13762560,61385,13701175,0.9955397106352306,61385,13701175,0.9955397106352306,14186,0.998969232468378,13734,0.9990020751953125
muon_grpo_bf16,Muon + GRPO (BF16),20,up_proj,mlp,model.layers.20.mlp.up_proj.weight,13762560,60577,13701983,0.9955984206426711,60577,13701983,0.9955984206426711,12800,0.9990699404761905,12414,0.9990979875837054
muon_grpo_bf16,Muon + GRPO (BF16),20,k_proj,attn,model.layers.20.self_attn.k_proj.weight,393216,2400,390816,0.993896484375,2400,390816,0.993896484375,646,0.9983571370442709,621,0.9984207153320312
muon_grpo_bf16,Muon + GRPO (BF16),20,o_proj,attn,model.layers.20.self_attn.o_proj.weight,2359296,10060,2349236,0.9957360161675347,10060,2349236,0.9957360161675347,1225,0.9994807773166232,1161,0.9995079040527344
muon_grpo_bf16,Muon + GRPO (BF16),20,q_proj,attn,model.layers.20.self_attn.q_proj.weight,2359296,7338,2351958,0.9968897501627604,7338,2351958,0.9968897501627604,527,0.999776628282335,505,0.9997859530978732
muon_grpo_bf16,Muon + GRPO (BF16),20,v_proj,attn,model.layers.20.self_attn.v_proj.weight,393216,2289,390927,0.9941787719726562,2289,390927,0.9941787719726562,705,0.9982070922851562,688,0.9982503255208334
muon_grpo_bf16,Muon + GRPO (BF16),21,down_proj,mlp,model.layers.21.mlp.down_proj.weight,13762560,63900,13698660,0.9953569684709821,63900,13698660,0.9953569684709821,13453,0.9990224929082961,13075,0.9990499587286086
muon_grpo_bf16,Muon + GRPO (BF16),21,gate_proj,mlp,model.layers.21.mlp.gate_proj.weight,13762560,53322,13709238,0.9961255754743303,53322,13709238,0.9961255754743303,12243,0.9991104125976562,11960,0.9991309756324405
muon_grpo_bf16,Muon + GRPO (BF16),21,up_proj,mlp,model.layers.21.mlp.up_proj.weight,13762560,54650,13707910,0.9960290817987352,54650,13707910,0.9960290817987352,11056,0.9991966610863096,10793,0.9992157709030878
muon_grpo_bf16,Muon + GRPO (BF16),21,k_proj,attn,model.layers.21.self_attn.k_proj.weight,393216,2101,391115,0.9946568806966146,2101,391115,0.9946568806966146,547,0.9986089070638021,533,0.9986445109049479
muon_grpo_bf16,Muon + GRPO (BF16),21,o_proj,attn,model.layers.21.self_attn.o_proj.weight,2359296,9443,2349853,0.9959975348578559,9443,2349853,0.9959975348578559,1164,0.9995066324869791,1120,0.9995252821180556
muon_grpo_bf16,Muon + GRPO (BF16),21,q_proj,attn,model.layers.21.self_attn.q_proj.weight,2359296,8270,2351026,0.9964947170681424,8270,2351026,0.9964947170681424,1089,0.9995384216308594,1047,0.9995562235514323
muon_grpo_bf16,Muon + GRPO (BF16),21,v_proj,attn,model.layers.21.self_attn.v_proj.weight,393216,2457,390759,0.9937515258789062,2457,390759,0.9937515258789062,821,0.9979120890299479,794,0.9979807535807291
muon_grpo_bf16,Muon + GRPO (BF16),22,down_proj,mlp,model.layers.22.mlp.down_proj.weight,13762560,57955,13704605,0.9957889375232515,57955,13704605,0.9957889375232515,11204,0.9991859072730654,10880,0.9992094494047619
muon_grpo_bf16,Muon + GRPO (BF16),22,gate_proj,mlp,model.layers.22.mlp.gate_proj.weight,13762560,51455,13711105,0.996261233375186,51455,13711105,0.996261233375186,11344,0.9991757347470238,11018,0.9991994222005208
muon_grpo_bf16,Muon + GRPO (BF16),22,up_proj,mlp,model.layers.22.mlp.up_proj.weight,13762560,54669,13707891,0.9960277012416294,54669,13707891,0.9960277012416294,10642,0.9992267426990328,10354,0.9992476690383184
muon_grpo_bf16,Muon + GRPO (BF16),22,k_proj,attn,model.layers.22.self_attn.k_proj.weight,393216,3529,389687,0.9910252888997396,3529,389687,0.9910252888997396,1174,0.9970143636067709,1154,0.9970652262369791
muon_grpo_bf16,Muon + GRPO (BF16),22,o_proj,attn,model.layers.22.self_attn.o_proj.weight,2359296,9121,2350175,0.996134016248915,9121,2350175,0.996134016248915,1208,0.9994879828559028,1158,0.9995091756184896
muon_grpo_bf16,Muon + GRPO (BF16),22,q_proj,attn,model.layers.22.self_attn.q_proj.weight,2359296,10709,2348587,0.995460934109158,10709,2348587,0.995460934109158,1500,0.9993642171223959,1446,0.9993871053059896
muon_grpo_bf16,Muon + GRPO (BF16),22,v_proj,attn,model.layers.22.self_attn.v_proj.weight,393216,3053,390163,0.9922358194986979,3053,390163,0.9922358194986979,915,0.9976730346679688,893,0.9977289835611979
muon_grpo_bf16,Muon + GRPO (BF16),23,down_proj,mlp,model.layers.23.mlp.down_proj.weight,13762560,54840,13707720,0.9960152762276786,54840,13707720,0.9960152762276786,10188,0.9992597307477679,9888,0.9992815290178572
muon_grpo_bf16,Muon + GRPO (BF16),23,gate_proj,mlp,model.layers.23.mlp.gate_proj.weight,13762560,48129,13714431,0.9965029035295759,48129,13714431,0.9965029035295759,9812,0.9992870512462798,9508,0.9993091401599702
muon_grpo_bf16,Muon + GRPO (BF16),23,up_proj,mlp,model.layers.23.mlp.up_proj.weight,13762560,52538,13710022,0.9961825416201637,52538,13710022,0.9961825416201637,9583,0.999303690592448,9299,0.9993243262881324
muon_grpo_bf16,Muon + GRPO (BF16),23,k_proj,attn,model.layers.23.self_attn.k_proj.weight,393216,2634,390582,0.9933013916015625,2634,390582,0.9933013916015625,750,0.9980926513671875,730,0.9981435139973959
muon_grpo_bf16,Muon + GRPO (BF16),23,o_proj,attn,model.layers.23.self_attn.o_proj.weight,2359296,8513,2350783,0.9963917202419705,8513,2350783,0.9963917202419705,929,0.9996062384711372,898,0.999619377983941
muon_grpo_bf16,Muon + GRPO (BF16),23,q_proj,attn,model.layers.23.self_attn.q_proj.weight,2359296,9366,2349930,0.9960301717122396,9366,2349930,0.9960301717122396,1251,0.9994697570800781,1208,0.9994879828559028
muon_grpo_bf16,Muon + GRPO (BF16),23,v_proj,attn,model.layers.23.self_attn.v_proj.weight,393216,2593,390623,0.9934056599934896,2593,390623,0.9934056599934896,830,0.9978892008463541,805,0.9979527791341146
muon_grpo_bf16,Muon + GRPO (BF16),24,down_proj,mlp,model.layers.24.mlp.down_proj.weight,13762560,49702,13712858,0.9963886079334078,49702,13712858,0.9963886079334078,8447,0.9993862333751861,8210,0.9994034540085566
muon_grpo_bf16,Muon + GRPO (BF16),24,gate_proj,mlp,model.layers.24.mlp.gate_proj.weight,13762560,44596,13717964,0.9967596144903274,44596,13717964,0.9967596144903274,8252,0.999400402250744,7999,0.9994187854585194
muon_grpo_bf16,Muon + GRPO (BF16),24,up_proj,mlp,model.layers.24.mlp.up_proj.weight,13762560,45233,13717327,0.9967133294968378,45233,13717327,0.9967133294968378,7904,0.9994256882440476,7701,0.9994404384068081
muon_grpo_bf16,Muon + GRPO (BF16),24,k_proj,attn,model.layers.24.self_attn.k_proj.weight,393216,2258,390958,0.9942576090494791,2258,390958,0.9942576090494791,668,0.9983011881510416,643,0.9983647664388021
muon_grpo_bf16,Muon + GRPO (BF16),24,o_proj,attn,model.layers.24.self_attn.o_proj.weight,2359296,8162,2351134,0.9965404934353299,8162,2351134,0.9965404934353299,841,0.99964353773329,807,0.999657948811849
muon_grpo_bf16,Muon + GRPO (BF16),24,q_proj,attn,model.layers.24.self_attn.q_proj.weight,2359296,7483,2351813,0.9968282911512587,7483,2351813,0.9968282911512587,581,0.9997537400987413,557,0.999763912624783
muon_grpo_bf16,Muon + GRPO (BF16),24,v_proj,attn,model.layers.24.self_attn.v_proj.weight,393216,2226,390990,0.9943389892578125,2226,390990,0.9943389892578125,746,0.9981028238932291,725,0.9981562296549479
muon_grpo_bf16,Muon + GRPO (BF16),25,down_proj,mlp,model.layers.25.mlp.down_proj.weight,13762560,51146,13711414,0.996283685593378,51146,13711414,0.996283685593378,9359,0.9993199666341146,9075,0.9993406023297992
muon_grpo_bf16,Muon + GRPO (BF16),25,gate_proj,mlp,model.layers.25.mlp.gate_proj.weight,13762560,47978,13714582,0.9965138753255208,47978,13714582,0.9965138753255208,9194,0.9993319556826636,8903,0.9993531000046503
muon_grpo_bf16,Muon + GRPO (BF16),25,up_proj,mlp,model.layers.25.mlp.up_proj.weight,13762560,41267,13721293,0.9970015026274182,41267,13721293,0.9970015026274182,6593,0.9995209466843378,6424,0.9995332263764881
muon_grpo_bf16,Muon + GRPO (BF16),25,k_proj,attn,model.layers.25.self_attn.k_proj.weight,393216,2100,391116,0.994659423828125,2100,391116,0.994659423828125,525,0.9986648559570312,516,0.998687744140625
muon_grpo_bf16,Muon + GRPO (BF16),25,o_proj,attn,model.layers.25.self_attn.o_proj.weight,2359296,6360,2352936,0.9973042805989584,6360,2352936,0.9973042805989584,503,0.9997868008083768,478,0.9997973971896701
muon_grpo_bf16,Muon + GRPO (BF16),25,q_proj,attn,model.layers.25.self_attn.q_proj.weight,2359296,7802,2351494,0.9966930813259549,7802,2351494,0.9966930813259549,1029,0.9995638529459635,996,0.9995778401692709
muon_grpo_bf16,Muon + GRPO (BF16),25,v_proj,attn,model.layers.25.self_attn.v_proj.weight,393216,1617,391599,0.9958877563476562,1617,391599,0.9958877563476562,448,0.9988606770833334,440,0.9988810221354166
muon_grpo_bf16,Muon + GRPO (BF16),26,down_proj,mlp,model.layers.26.mlp.down_proj.weight,13762560,43120,13719440,0.9968668619791666,43120,13719440,0.9968668619791666,7101,0.9994840349469866,6888,0.99949951171875
muon_grpo_bf16,Muon + GRPO (BF16),26,gate_proj,mlp,model.layers.26.mlp.gate_proj.weight,13762560,47628,13714932,0.996539306640625,47628,13714932,0.996539306640625,8953,0.9993494669596354,8708,0.9993672688802083
muon_grpo_bf16,Muon + GRPO (BF16),26,up_proj,mlp,model.layers.26.mlp.up_proj.weight,13762560,36445,13726115,0.9973518734886533,36445,13726115,0.9973518734886533,6230,0.9995473225911459,6088,0.9995576404389881
muon_grpo_bf16,Muon + GRPO (BF16),26,k_proj,attn,model.layers.26.self_attn.k_proj.weight,393216,2909,390307,0.9926020304361979,2909,390307,0.9926020304361979,738,0.9981231689453125,715,0.9981816609700521
muon_grpo_bf16,Muon + GRPO (BF16),26,o_proj,attn,model.layers.26.self_attn.o_proj.weight,2359296,7238,2352058,0.996932135687934,7238,2352058,0.996932135687934,745,0.9996842278374566,709,0.9996994866265191
muon_grpo_bf16,Muon + GRPO (BF16),26,q_proj,attn,model.layers.26.self_attn.q_proj.weight,2359296,8745,2350551,0.9962933858235677,8745,2350551,0.9962933858235677,868,0.9996320936414931,829,0.9996486239963107
muon_grpo_bf16,Muon + GRPO (BF16),26,v_proj,attn,model.layers.26.self_attn.v_proj.weight,393216,2287,390929,0.9941838582356771,2287,390929,0.9941838582356771,810,0.9979400634765625,783,0.9980087280273438
muon_grpo_bf16,Muon + GRPO (BF16),27,down_proj,mlp,model.layers.27.mlp.down_proj.weight,13762560,38145,13724415,0.9972283499581474,38145,13724415,0.9972283499581474,6891,0.9994992937360491,6733,0.9995107741582961
muon_grpo_bf16,Muon + GRPO (BF16),27,gate_proj,mlp,model.layers.27.mlp.gate_proj.weight,13762560,36695,13725865,0.9973337082635789,36695,13725865,0.9973337082635789,7987,0.9994196573893229,7833,0.9994308471679687
muon_grpo_bf16,Muon + GRPO (BF16),27,up_proj,mlp,model.layers.27.mlp.up_proj.weight,13762560,29843,13732717,0.9978315807524182,29843,13732717,0.9978315807524182,6544,0.9995245070684524,6446,0.9995316278366816
muon_grpo_bf16,Muon + GRPO (BF16),27,k_proj,attn,model.layers.27.self_attn.k_proj.weight,393216,3461,389755,0.9911982218424479,3461,389755,0.9911982218424479,1002,0.9974517822265625,986,0.9974924723307291
muon_grpo_bf16,Muon + GRPO (BF16),27,o_proj,attn,model.layers.27.self_attn.o_proj.weight,2359296,7937,2351359,0.9966358608669705,7937,2351359,0.9966358608669705,669,0.9997164408365885,632,0.9997321234809028
muon_grpo_bf16,Muon + GRPO (BF16),27,q_proj,attn,model.layers.27.self_attn.q_proj.weight,2359296,11712,2347584,0.9950358072916666,11712,2347584,0.9950358072916666,1723,0.9992696974012587,1663,0.9992951287163628
muon_grpo_bf16,Muon + GRPO (BF16),27,v_proj,attn,model.layers.27.self_attn.v_proj.weight,393216,1549,391667,0.9960606892903646,1549,391667,0.9960606892903646,396,0.998992919921875,378,0.9990386962890625
muon_grpo_bf16,Muon + GRPO (BF16),3,down_proj,mlp,model.layers.3.mlp.down_proj.weight,13762560,77011,13685549,0.9944043114071801,77011,13685549,0.9944043114071801,17903,0.9986991519019717,17282,0.9987442743210565
muon_grpo_bf16,Muon + GRPO (BF16),3,gate_proj,mlp,model.layers.3.mlp.gate_proj.weight,13762560,59113,13703447,0.9957047962007068,59113,13703447,0.9957047962007068,13488,0.9990199497767858,13000,0.9990554082961309
muon_grpo_bf16,Muon + GRPO (BF16),3,up_proj,mlp,model.layers.3.mlp.up_proj.weight,13762560,70953,13691607,0.994844491141183,70953,13691607,0.994844491141183,15301,0.9988882155645461,14681,0.9989332653227306
muon_grpo_bf16,Muon + GRPO (BF16),3,k_proj,attn,model.layers.3.self_attn.k_proj.weight,393216,1902,391314,0.9951629638671875,1902,391314,0.9951629638671875,568,0.9985555013020834,553,0.9985936482747396
muon_grpo_bf16,Muon + GRPO (BF16),3,o_proj,attn,model.layers.3.self_attn.o_proj.weight,2359296,12221,2347075,0.994820064968533,12221,2347075,0.994820064968533,2051,0.9991306728786893,1955,0.9991713629828559
muon_grpo_bf16,Muon + GRPO (BF16),3,q_proj,attn,model.layers.3.self_attn.q_proj.weight,2359296,8109,2351187,0.9965629577636719,8109,2351187,0.9965629577636719,886,0.9996244642469618,855,0.9996376037597656
muon_grpo_bf16,Muon + GRPO (BF16),3,v_proj,attn,model.layers.3.self_attn.v_proj.weight,393216,3297,389919,0.9916152954101562,3297,389919,0.9916152954101562,1154,0.9970652262369791,1132,0.9971211751302084
muon_grpo_bf16,Muon + GRPO (BF16),4,down_proj,mlp,model.layers.4.mlp.down_proj.weight,13762560,79197,13683363,0.9942454746791295,79197,13683363,0.9942454746791295,18729,0.9986391339983259,18055,0.9986881074451265
muon_grpo_bf16,Muon + GRPO (BF16),4,gate_proj,mlp,model.layers.4.mlp.gate_proj.weight,13762560,60086,13702474,0.9956340971447173,60086,13702474,0.9956340971447173,14623,0.998937479654948,14161,0.9989710489908854
muon_grpo_bf16,Muon + GRPO (BF16),4,up_proj,mlp,model.layers.4.mlp.up_proj.weight,13762560,71967,13690593,0.9947708129882813,71967,13690593,0.9947708129882813,15581,0.9988678705124628,14997,0.9989103044782366
muon_grpo_bf16,Muon + GRPO (BF16),4,k_proj,attn,model.layers.4.self_attn.k_proj.weight,393216,1817,391399,0.9953791300455729,1817,391399,0.9953791300455729,478,0.9987843831380209,469,0.9988072713216146
muon_grpo_bf16,Muon + GRPO (BF16),4,o_proj,attn,model.layers.4.self_attn.o_proj.weight,2359296,11320,2347976,0.9952019585503472,11320,2347976,0.9952019585503472,1884,0.9992014567057291,1796,0.9992387559678819
muon_grpo_bf16,Muon + GRPO (BF16),4,q_proj,attn,model.layers.4.self_attn.q_proj.weight,2359296,7342,2351954,0.9968880547417535,7342,2351954,0.9968880547417535,766,0.9996753268771701,733,0.9996893141004775
muon_grpo_bf16,Muon + GRPO (BF16),4,v_proj,attn,model.layers.4.self_attn.v_proj.weight,393216,2563,390653,0.9934819539388021,2563,390653,0.9934819539388021,848,0.9978434244791666,832,0.9978841145833334
muon_grpo_bf16,Muon + GRPO (BF16),5,down_proj,mlp,model.layers.5.mlp.down_proj.weight,13762560,81270,13681290,0.9940948486328125,81270,13681290,0.9940948486328125,19261,0.9986004783993676,18605,0.9986481439499628
muon_grpo_bf16,Muon + GRPO (BF16),5,gate_proj,mlp,model.layers.5.mlp.gate_proj.weight,13762560,57358,13705202,0.9958323160807292,57358,13705202,0.9958323160807292,14376,0.9989554268973214,13970,0.9989849272228423
muon_grpo_bf16,Muon + GRPO (BF16),5,up_proj,mlp,model.layers.5.mlp.up_proj.weight,13762560,72072,13690488,0.99476318359375,72072,13690488,0.99476318359375,15420,0.9988795689174107,14870,0.9989195324125744
muon_grpo_bf16,Muon + GRPO (BF16),5,k_proj,attn,model.layers.5.self_attn.k_proj.weight,393216,2199,391017,0.9944076538085938,2199,391017,0.9944076538085938,726,0.9981536865234375,712,0.9981892903645834
muon_grpo_bf16,Muon + GRPO (BF16),5,o_proj,attn,model.layers.5.self_attn.o_proj.weight,2359296,12463,2346833,0.9947174919976128,12463,2346833,0.9947174919976128,1975,0.9991628858778212,1897,0.9991959465874566
muon_grpo_bf16,Muon + GRPO (BF16),5,q_proj,attn,model.layers.5.self_attn.q_proj.weight,2359296,8800,2350496,0.9962700737847222,8800,2350496,0.9962700737847222,1170,0.9995040893554688,1142,0.9995159573025174
muon_grpo_bf16,Muon + GRPO (BF16),5,v_proj,attn,model.layers.5.self_attn.v_proj.weight,393216,3327,389889,0.9915390014648438,3327,389889,0.9915390014648438,1208,0.9969278971354166,1184,0.9969889322916666
muon_grpo_bf16,Muon + GRPO (BF16),6,down_proj,mlp,model.layers.6.mlp.down_proj.weight,13762560,78945,13683615,0.9942637852260044,78945,13683615,0.9942637852260044,18498,0.9986559186662947,17900,0.9986993698846727
muon_grpo_bf16,Muon + GRPO (BF16),6,gate_proj,mlp,model.layers.6.mlp.gate_proj.weight,13762560,57287,13705273,0.9958374750046503,57287,13705273,0.9958374750046503,14014,0.9989817301432292,13581,0.9990131923130581
muon_grpo_bf16,Muon + GRPO (BF16),6,up_proj,mlp,model.layers.6.mlp.up_proj.weight,13762560,71397,13691163,0.9948122297014509,71397,13691163,0.9948122297014509,15226,0.9988936651320685,14687,0.9989328293573289
muon_grpo_bf16,Muon + GRPO (BF16),6,k_proj,attn,model.layers.6.self_attn.k_proj.weight,393216,1969,391247,0.9949925740559896,1969,391247,0.9949925740559896,580,0.9985249837239584,565,0.9985631306966146
muon_grpo_bf16,Muon + GRPO (BF16),6,o_proj,attn,model.layers.6.self_attn.o_proj.weight,2359296,11383,2347913,0.9951752556694878,11383,2347913,0.9951752556694878,1922,0.9991853502061632,1823,0.999227311876085
muon_grpo_bf16,Muon + GRPO (BF16),6,q_proj,attn,model.layers.6.self_attn.q_proj.weight,2359296,8588,2350708,0.9963599310980903,8588,2350708,0.9963599310980903,981,0.9995841979980469,949,0.9995977613661025
muon_grpo_bf16,Muon + GRPO (BF16),6,v_proj,attn,model.layers.6.self_attn.v_proj.weight,393216,2783,390433,0.9929224650065104,2783,390433,0.9929224650065104,1039,0.9973576863606771,1019,0.9974085489908854
muon_grpo_bf16,Muon + GRPO (BF16),7,down_proj,mlp,model.layers.7.mlp.down_proj.weight,13762560,77500,13685060,0.9943687802269345,77500,13685060,0.9943687802269345,18426,0.9986611502511161,17808,0.9987060546875
muon_grpo_bf16,Muon + GRPO (BF16),7,gate_proj,mlp,model.layers.7.mlp.gate_proj.weight,13762560,61843,13700717,0.9955064319428943,61843,13700717,0.9955064319428943,14917,0.9989161173502604,14439,0.9989508492606026
muon_grpo_bf16,Muon + GRPO (BF16),7,up_proj,mlp,model.layers.7.mlp.up_proj.weight,13762560,69533,13693027,0.9949476696196057,69533,13693027,0.9949476696196057,14949,0.9989137922014509,14401,0.998953610374814
muon_grpo_bf16,Muon + GRPO (BF16),7,k_proj,attn,model.layers.7.self_attn.k_proj.weight,393216,1881,391335,0.9952163696289062,1881,391335,0.9952163696289062,531,0.9986495971679688,520,0.9986775716145834
muon_grpo_bf16,Muon + GRPO (BF16),7,o_proj,attn,model.layers.7.self_attn.o_proj.weight,2359296,11681,2347615,0.9950489468044705,11681,2347615,0.9950489468044705,1702,0.9992785983615451,1631,0.9993086920844184
muon_grpo_bf16,Muon + GRPO (BF16),7,q_proj,attn,model.layers.7.self_attn.q_proj.weight,2359296,7815,2351481,0.9966875712076823,7815,2351481,0.9966875712076823,857,0.9996367560492622,818,0.9996532864040799
muon_grpo_bf16,Muon + GRPO (BF16),7,v_proj,attn,model.layers.7.self_attn.v_proj.weight,393216,2903,390313,0.9926172892252604,2903,390313,0.9926172892252604,950,0.9975840250651041,923,0.9976526896158854
muon_grpo_bf16,Muon + GRPO (BF16),8,down_proj,mlp,model.layers.8.mlp.down_proj.weight,13762560,81123,13681437,0.9941055297851562,81123,13681437,0.9941055297851562,19377,0.998592049734933,18728,0.9986392066592262
muon_grpo_bf16,Muon + GRPO (BF16),8,gate_proj,mlp,model.layers.8.mlp.gate_proj.weight,13762560,63924,13698636,0.995355224609375,63924,13698636,0.995355224609375,16103,0.9988299415225075,15608,0.9988659086681547
muon_grpo_bf16,Muon + GRPO (BF16),8,up_proj,mlp,model.layers.8.mlp.up_proj.weight,13762560,71661,13690899,0.9947930472237724,71661,13690899,0.9947930472237724,15854,0.9988480340866815,15236,0.9988929385230655
muon_grpo_bf16,Muon + GRPO (BF16),8,k_proj,attn,model.layers.8.self_attn.k_proj.weight,393216,1617,391599,0.9958877563476562,1617,391599,0.9958877563476562,437,0.9988886515299479,429,0.9989089965820312
muon_grpo_bf16,Muon + GRPO (BF16),8,o_proj,attn,model.layers.8.self_attn.o_proj.weight,2359296,11276,2348020,0.9952206081814237,11276,2348020,0.9952206081814237,1643,0.9993036058213975,1552,0.9993421766493056
muon_grpo_bf16,Muon + GRPO (BF16),8,q_proj,attn,model.layers.8.self_attn.q_proj.weight,2359296,7719,2351577,0.996728261311849,7719,2351577,0.996728261311849,921,0.999609629313151,884,0.9996253119574653
muon_grpo_bf16,Muon + GRPO (BF16),8,v_proj,attn,model.layers.8.self_attn.v_proj.weight,393216,2800,390416,0.9928792317708334,2800,390416,0.9928792317708334,949,0.9975865681966146,925,0.9976476033528646
muon_grpo_bf16,Muon + GRPO (BF16),9,down_proj,mlp,model.layers.9.mlp.down_proj.weight,13762560,80037,13682523,0.9941844395228795,80037,13682523,0.9941844395228795,19136,0.9986095610119048,18459,0.9986587524414062
muon_grpo_bf16,Muon + GRPO (BF16),9,gate_proj,mlp,model.layers.9.mlp.gate_proj.weight,13762560,64346,13698214,0.9953245617094494,64346,13698214,0.9953245617094494,15484,0.9988749186197917,14973,0.9989120483398437
muon_grpo_bf16,Muon + GRPO (BF16),9,up_proj,mlp,model.layers.9.mlp.up_proj.weight,13762560,71266,13691294,0.9948217482793899,71266,13691294,0.9948217482793899,15866,0.998847162155878,15260,0.9988911946614584
muon_grpo_bf16,Muon + GRPO (BF16),9,k_proj,attn,model.layers.9.self_attn.k_proj.weight,393216,2343,390873,0.9940414428710938,2343,390873,0.9940414428710938,760,0.9980672200520834,740,0.9981180826822916
muon_grpo_bf16,Muon + GRPO (BF16),9,o_proj,attn,model.layers.9.self_attn.o_proj.weight,2359296,12091,2347205,0.9948751661512587,12091,2347205,0.9948751661512587,1874,0.9992056952582465,1781,0.999245113796658
muon_grpo_bf16,Muon + GRPO (BF16),9,q_proj,attn,model.layers.9.self_attn.q_proj.weight,2359296,7142,2352154,0.9969728257921007,7142,2352154,0.9969728257921007,1003,0.9995748731825087,971,0.9995884365505643
muon_grpo_bf16,Muon + GRPO (BF16),9,v_proj,attn,model.layers.9.self_attn.v_proj.weight,393216,4196,389020,0.9893290201822916,4196,389020,0.9893290201822916,1607,0.9959131876627604,1581,0.9959793090820312
muon_grpo_mixed,Muon + GRPO (Mixed),-1,embed,embed,model.embed_tokens.weight,233373696,154759254,78614442,0.3368607660050943,6336624,227037072,0.9728477368760531,9784575,0.958073359732881,3475187,0.9851089173305976
muon_grpo_mixed,Muon + GRPO (Mixed),0,down_proj,mlp,model.layers.0.mlp.down_proj.weight,13762560,13761784,776,5.638485863090903e-05,1661229,12101331,0.8792936052594866,3799198,0.7239468529110863,1046920,0.9239298502604166
muon_grpo_mixed,Muon + GRPO (Mixed),0,gate_proj,mlp,model.layers.0.mlp.gate_proj.weight,13762560,13743968,18592,0.001350911458333326,1258629,12503931,0.908546883719308,3144885,0.7714898245675224,711374,0.9483109247116815
muon_grpo_mixed,Muon + GRPO (Mixed),0,up_proj,mlp,model.layers.0.mlp.up_proj.weight,13762560,13750951,11609,0.0008435203915551082,1493850,12268710,0.8914555140904018,3038109,0.7792482648577009,826094,0.9399752662295386
muon_grpo_mixed,Muon + GRPO (Mixed),0,k_proj,attn,model.layers.0.self_attn.k_proj.weight,393216,393168,48,0.0001220703125,25451,367765,0.9352747599283854,115098,0.7072906494140625,16689,0.9575576782226562
muon_grpo_mixed,Muon + GRPO (Mixed),0,o_proj,attn,model.layers.0.self_attn.o_proj.weight,2359296,2359136,160,6.781684027779011e-05,306437,2052859,0.8701150682237413,437929,0.8143814934624566,152585,0.9353260464138455
muon_grpo_mixed,Muon + GRPO (Mixed),0,q_proj,attn,model.layers.0.self_attn.q_proj.weight,2359296,2073108,286188,0.12130228678385413,128847,2230449,0.9453875223795573,270385,0.8853958977593316,60766,0.9742440117730035
muon_grpo_mixed,Muon + GRPO (Mixed),0,v_proj,attn,model.layers.0.self_attn.v_proj.weight,393216,393202,14,3.560384114587034e-05,67974,325242,0.8271331787109375,112829,0.713061014811198,43193,0.8901545206705729
muon_grpo_mixed,Muon + GRPO (Mixed),1,down_proj,mlp,model.layers.1.mlp.down_proj.weight,13762560,13761171,1389,0.00010092599051336748,979595,12782965,0.9288217453729539,1049351,0.9237532116117931,312388,0.9773016066778274
muon_grpo_mixed,Muon + GRPO (Mixed),1,gate_proj,mlp,model.layers.1.mlp.gate_proj.weight,13762560,13756377,6183,0.00044926234654019126,1491271,12271289,0.8916429065522693,4254794,0.6908428373790922,984253,0.9284832908993675
muon_grpo_mixed,Muon + GRPO (Mixed),1,up_proj,mlp,model.layers.1.mlp.up_proj.weight,13762560,13757136,5424,0.0003941127232143238,1743065,12019495,0.8733473278227306,4283024,0.6887916201636906,1140934,0.9170987083798363
muon_grpo_mixed,Muon + GRPO (Mixed),1,k_proj,attn,model.layers.1.self_attn.k_proj.weight,393216,393143,73,0.00018564860026037966,27639,365577,0.9297103881835938,111258,0.7170562744140625,17538,0.9553985595703125
muon_grpo_mixed,Muon + GRPO (Mixed),1,o_proj,attn,model.layers.1.self_attn.o_proj.weight,2359296,2359175,121,5.128648546004477e-05,273686,2085610,0.8839967515733507,462076,0.8041466606987847,140063,0.940633561876085
muon_grpo_mixed,Muon + GRPO (Mixed),1,q_proj,attn,model.layers.1.self_attn.q_proj.weight,2359296,2358787,509,0.00021574232313370523,150312,2208984,0.9362894694010416,339140,0.8562537299262153,67393,0.9714351230197482
muon_grpo_mixed,Muon + GRPO (Mixed),1,v_proj,attn,model.layers.1.self_attn.v_proj.weight,393216,393187,29,7.375081380212034e-05,68831,324385,0.8249537150065104,114447,0.7089462280273438,44247,0.8874740600585938
muon_grpo_mixed,Muon + GRPO (Mixed),10,down_proj,mlp,model.layers.10.mlp.down_proj.weight,13762560,13761778,782,5.68208240326884e-05,1770887,11991673,0.8713257562546504,4186701,0.6957905360630581,1153968,0.9161516462053572
muon_grpo_mixed,Muon + GRPO (Mixed),10,gate_proj,mlp,model.layers.10.mlp.gate_proj.weight,13762560,13758596,3964,0.0002880278087797894,1564181,12198379,0.8863452003115699,3970958,0.7114666166759673,1034556,0.9248282296316964
muon_grpo_mixed,Muon + GRPO (Mixed),10,up_proj,mlp,model.layers.10.mlp.up_proj.weight,13762560,13760047,2513,0.00018259684244792407,1686334,12076226,0.8774694533575149,4312845,0.6866247994559151,1112156,0.9191897437686012
muon_grpo_mixed,Muon + GRPO (Mixed),10,k_proj,attn,model.layers.10.self_attn.k_proj.weight,393216,393188,28,7.120768229162966e-05,46104,347112,0.88275146484375,123816,0.68511962890625,30495,0.9224472045898438
muon_grpo_mixed,Muon + GRPO (Mixed),10,o_proj,attn,model.layers.10.self_attn.o_proj.weight,2359296,2359134,162,6.866455078125e-05,284727,2074569,0.8793169657389323,548861,0.7673623826768663,156780,0.9335479736328125
muon_grpo_mixed,Muon + GRPO (Mixed),10,q_proj,attn,model.layers.10.self_attn.q_proj.weight,2359296,2359093,203,8.604261610245523e-05,228079,2131217,0.9033275180392795,449622,0.8094253540039062,114353,0.9515308803982205
muon_grpo_mixed,Muon + GRPO (Mixed),10,v_proj,attn,model.layers.10.self_attn.v_proj.weight,393216,393196,20,5.086263020837034e-05,52239,340977,0.8671493530273438,118007,0.6998926798502605,34039,0.9134343465169271
muon_grpo_mixed,Muon + GRPO (Mixed),11,down_proj,mlp,model.layers.11.mlp.down_proj.weight,13762560,13761856,704,5.115327380955659e-05,1800332,11962228,0.8691862560453869,4213718,0.6938274565197173,1175672,0.9145746140252976
muon_grpo_mixed,Muon + GRPO (Mixed),11,gate_proj,mlp,model.layers.11.mlp.gate_proj.weight,13762560,13761571,989,7.186163039429871e-05,1581585,12180975,0.8850806100027901,4004980,0.7089945475260417,1046955,0.9239273071289062
muon_grpo_mixed,Muon + GRPO (Mixed),11,up_proj,mlp,model.layers.11.mlp.up_proj.weight,13762560,13761770,790,5.7402111235171915e-05,1683832,12078728,0.8776512509300596,4313375,0.6865862891787574,1108709,0.9194402058919271
muon_grpo_mixed,Muon + GRPO (Mixed),11,k_proj,attn,model.layers.11.self_attn.k_proj.weight,393216,393191,25,6.357828776037966e-05,41527,351689,0.8943913777669271,123006,0.6871795654296875,27619,0.9297612508138021
muon_grpo_mixed,Muon + GRPO (Mixed),11,o_proj,attn,model.layers.11.self_attn.o_proj.weight,2359296,2359171,125,5.2981906466964546e-05,290848,2068448,0.8767225477430556,534247,0.7735566033257378,155514,0.9340845743815104
muon_grpo_mixed,Muon + GRPO (Mixed),11,q_proj,attn,model.layers.11.self_attn.q_proj.weight,2359296,2359097,199,8.434719509553545e-05,204947,2154349,0.9131321377224393,409756,0.8263227674696181,98393,0.9582956102159288
muon_grpo_mixed,Muon + GRPO (Mixed),11,v_proj,attn,model.layers.11.self_attn.v_proj.weight,393216,393187,29,7.375081380212034e-05,49574,343642,0.8739267985026041,115685,0.705797831217448,32055,0.9184799194335938
muon_grpo_mixed,Muon + GRPO (Mixed),12,down_proj,mlp,model.layers.12.mlp.down_proj.weight,13762560,13761871,689,5.006336030510816e-05,1832961,11929599,0.8668154035295759,4120026,0.7006352015904018,1185785,0.9138397943405878
muon_grpo_mixed,Muon + GRPO (Mixed),12,gate_proj,mlp,model.layers.12.mlp.gate_proj.weight,13762560,13760151,2409,0.00017504010881697063,1536811,12225749,0.8883339291527158,3797458,0.7240732828776042,1018867,0.9259682064964658
muon_grpo_mixed,Muon + GRPO (Mixed),12,up_proj,mlp,model.layers.12.mlp.up_proj.weight,13762560,13761440,1120,8.138020833337034e-05,1712192,12050368,0.875590587797619,4209740,0.6941165015811012,1117273,0.9188179379417782
muon_grpo_mixed,Muon + GRPO (Mixed),12,k_proj,attn,model.layers.12.self_attn.k_proj.weight,393216,393188,28,7.120768229162966e-05,45777,347439,0.8835830688476562,121768,0.6903279622395833,30871,0.9214909871419271
muon_grpo_mixed,Muon + GRPO (Mixed),12,o_proj,attn,model.layers.12.self_attn.o_proj.weight,2359296,2359152,144,6.103515625e-05,278677,2080619,0.8818812900119357,504308,0.7862464057074653,145218,0.9384485880533854
muon_grpo_mixed,Muon + GRPO (Mixed),12,q_proj,attn,model.layers.12.self_attn.q_proj.weight,2359296,2359088,208,8.816189236116045e-05,222231,2137065,0.9058062235514323,422389,0.8209682040744357,108395,0.9540562099880643
muon_grpo_mixed,Muon + GRPO (Mixed),12,v_proj,attn,model.layers.12.self_attn.v_proj.weight,393216,393182,34,8.646647135412966e-05,48364,344852,0.8770039876302084,115146,0.7071685791015625,31384,0.9201863606770834
muon_grpo_mixed,Muon + GRPO (Mixed),13,down_proj,mlp,model.layers.13.mlp.down_proj.weight,13762560,13761798,762,5.5367606026757166e-05,1792944,11969616,0.8697230747767857,4150836,0.6983965192522321,1163887,0.915430922735305
muon_grpo_mixed,Muon + GRPO (Mixed),13,gate_proj,mlp,model.layers.13.mlp.gate_proj.weight,13762560,13761593,967,7.026309058777436e-05,1620980,12141580,0.8822181338355655,3921741,0.7150427682059152,1070926,0.9221855526878721
muon_grpo_mixed,Muon + GRPO (Mixed),13,up_proj,mlp,model.layers.13.mlp.up_proj.weight,13762560,13761808,752,5.464099702379155e-05,1687309,12075251,0.8773986089797247,4246219,0.6914659045991444,1106879,0.9195731753394717
muon_grpo_mixed,Muon + GRPO (Mixed),13,k_proj,attn,model.layers.13.self_attn.k_proj.weight,393216,393184,32,8.138020833337034e-05,40174,353042,0.8978322347005209,120140,0.6944681803385417,26707,0.9320805867513021
muon_grpo_mixed,Muon + GRPO (Mixed),13,o_proj,attn,model.layers.13.self_attn.o_proj.weight,2359296,2359158,138,5.849202473962034e-05,288288,2071008,0.8778076171875,508175,0.7846073574490018,149096,0.9368048773871528
muon_grpo_mixed,Muon + GRPO (Mixed),13,q_proj,attn,model.layers.13.self_attn.q_proj.weight,2359296,2359075,221,9.367201063370523e-05,208177,2151119,0.9117630852593316,398199,0.8312212626139323,99639,0.9577674865722656
muon_grpo_mixed,Muon + GRPO (Mixed),13,v_proj,attn,model.layers.13.self_attn.v_proj.weight,393216,393199,17,4.323323567712034e-05,52177,341039,0.8673070271809896,114939,0.7076950073242188,33903,0.9137802124023438
muon_grpo_mixed,Muon + GRPO (Mixed),14,down_proj,mlp,model.layers.14.mlp.down_proj.weight,13762560,13761789,771,5.602155412942622e-05,1805912,11956648,0.8687808082217262,4201196,0.694737316313244,1178344,0.9143804640997024
muon_grpo_mixed,Muon + GRPO (Mixed),14,gate_proj,mlp,model.layers.14.mlp.gate_proj.weight,13762560,13761714,846,6.147112165177937e-05,1687743,12074817,0.8773670741489955,4108379,0.7014814830961682,1117648,0.9187906901041667
muon_grpo_mixed,Muon + GRPO (Mixed),14,up_proj,mlp,model.layers.14.mlp.up_proj.weight,13762560,13761778,782,5.68208240326884e-05,1713358,12049202,0.875505865187872,4293564,0.6880257742745536,1126496,0.9181477864583334
muon_grpo_mixed,Muon + GRPO (Mixed),14,k_proj,attn,model.layers.14.self_attn.k_proj.weight,393216,393064,152,0.00038655598958337034,52459,340757,0.8665898640950521,106747,0.728528340657552,32918,0.9162851969401041
muon_grpo_mixed,Muon + GRPO (Mixed),14,o_proj,attn,model.layers.14.self_attn.o_proj.weight,2359296,2356771,2525,0.0010702345106337052,279035,2080261,0.8817295498318143,459203,0.8053643968370225,144767,0.9386397467719184
muon_grpo_mixed,Muon + GRPO (Mixed),14,q_proj,attn,model.layers.14.self_attn.q_proj.weight,2359296,2356482,2814,0.0011927286783853797,195204,2164092,0.9172617594401041,313657,0.8670548333062066,84776,0.9640672471788194
muon_grpo_mixed,Muon + GRPO (Mixed),14,v_proj,attn,model.layers.14.self_attn.v_proj.weight,393216,393186,30,7.62939453125e-05,57422,335794,0.8539683024088541,105622,0.7313893636067708,36203,0.9079310099283854
muon_grpo_mixed,Muon + GRPO (Mixed),15,down_proj,mlp,model.layers.15.mlp.down_proj.weight,13762560,13761793,767,5.5730910528239974e-05,1790940,11971620,0.8698686872209822,4116698,0.7008770170665923,1162275,0.9155480521065849
muon_grpo_mixed,Muon + GRPO (Mixed),15,gate_proj,mlp,model.layers.15.mlp.gate_proj.weight,13762560,13756251,6309,0.00045841761997766906,1620494,12142066,0.8822534470331101,3905278,0.7162389846075149,1066805,0.9224849882579985
muon_grpo_mixed,Muon + GRPO (Mixed),15,up_proj,mlp,model.layers.15.mlp.up_proj.weight,13762560,13757391,5169,0.0003755841936383675,1655146,12107414,0.8797356015159971,4162527,0.6975470406668527,1078147,0.9216608683268229
muon_grpo_mixed,Muon + GRPO (Mixed),15,k_proj,attn,model.layers.15.self_attn.k_proj.weight,393216,393192,24,6.103515625e-05,50922,342294,0.8704986572265625,116051,0.7048670450846355,34152,0.91314697265625
muon_grpo_mixed,Muon + GRPO (Mixed),15,o_proj,attn,model.layers.15.self_attn.o_proj.weight,2359296,2359134,162,6.866455078125e-05,269243,2090053,0.8858799404568143,504805,0.7860357496473525,141475,0.9400350782606337
muon_grpo_mixed,Muon + GRPO (Mixed),15,q_proj,attn,model.layers.15.self_attn.q_proj.weight,2359296,2359086,210,8.900960286462034e-05,235028,2124268,0.9003821478949653,387641,0.8356963263617622,112331,0.9523879157172309
muon_grpo_mixed,Muon + GRPO (Mixed),15,v_proj,attn,model.layers.15.self_attn.v_proj.weight,393216,393185,31,7.883707682287966e-05,43481,349735,0.8894220987955729,111177,0.7172622680664062,28083,0.9285812377929688
muon_grpo_mixed,Muon + GRPO (Mixed),16,down_proj,mlp,model.layers.16.mlp.down_proj.weight,13762560,13761815,745,5.413237072171562e-05,1754668,12007892,0.8725042433965774,4056811,0.7052284604027157,1134799,0.9175444830031622
muon_grpo_mixed,Muon + GRPO (Mixed),16,gate_proj,mlp,model.layers.16.mlp.gate_proj.weight,13762560,13761516,1044,7.585797991072063e-05,1654731,12107829,0.8797657557896206,3822488,0.7222545805431548,1088838,0.9208840506417411
muon_grpo_mixed,Muon + GRPO (Mixed),16,up_proj,mlp,model.layers.16.mlp.up_proj.weight,13762560,13761674,886,6.437755766364184e-05,1641937,12120623,0.8806953793480283,4022565,0.707716805594308,1060842,0.9229182652064732
muon_grpo_mixed,Muon + GRPO (Mixed),16,k_proj,attn,model.layers.16.self_attn.k_proj.weight,393216,393188,28,7.120768229162966e-05,41171,352045,0.8952967325846354,116737,0.7031224568684895,27143,0.9309717814127604
muon_grpo_mixed,Muon + GRPO (Mixed),16,o_proj,attn,model.layers.16.self_attn.o_proj.weight,2359296,2359146,150,6.357828776037966e-05,274287,2085009,0.8837420145670573,497234,0.7892447577582465,140598,0.9404067993164062
muon_grpo_mixed,Muon + GRPO (Mixed),16,q_proj,attn,model.layers.16.self_attn.q_proj.weight,2359296,2341578,17718,0.00750986735026038,209073,2150223,0.911383310953776,413978,0.8245332505967882,107346,0.9545008341471354
muon_grpo_mixed,Muon + GRPO (Mixed),16,v_proj,attn,model.layers.16.self_attn.v_proj.weight,393216,393183,33,8.392333984375e-05,45806,347410,0.8835093180338541,111499,0.716443379720052,29713,0.9244359334309896
muon_grpo_mixed,Muon + GRPO (Mixed),17,down_proj,mlp,model.layers.17.mlp.down_proj.weight,13762560,13761757,803,5.834670293902722e-05,1740352,12022208,0.8735444568452381,4070440,0.7042381649925595,1130787,0.9178359985351563
muon_grpo_mixed,Muon + GRPO (Mixed),17,gate_proj,mlp,model.layers.17.mlp.gate_proj.weight,13762560,13758347,4213,0.0003061203729538553,1646577,12115983,0.8803582327706473,3926168,0.7147210984002976,1085393,0.9211343674432664
muon_grpo_mixed,Muon + GRPO (Mixed),17,up_proj,mlp,model.layers.17.mlp.up_proj.weight,13762560,13759322,3238,0.00023527599516370845,1633383,12129177,0.8813169206891741,4048615,0.7058239891415551,1057530,0.9231589181082589
muon_grpo_mixed,Muon + GRPO (Mixed),17,k_proj,attn,model.layers.17.self_attn.k_proj.weight,393216,393192,24,6.103515625e-05,53123,340093,0.8649012247721354,115941,0.7051467895507812,34088,0.9133097330729166
muon_grpo_mixed,Muon + GRPO (Mixed),17,o_proj,attn,model.layers.17.self_attn.o_proj.weight,2359296,2359094,202,8.561876085066977e-05,267944,2091352,0.8864305284288194,499686,0.7882054646809896,143980,0.9389733208550347
muon_grpo_mixed,Muon + GRPO (Mixed),17,q_proj,attn,model.layers.17.self_attn.q_proj.weight,2359296,2359107,189,8.0108642578125e-05,220926,2138370,0.9063593546549479,376807,0.8402883741590712,97198,0.9588021172417535
muon_grpo_mixed,Muon + GRPO (Mixed),17,v_proj,attn,model.layers.17.self_attn.v_proj.weight,393216,393190,26,6.612141927087034e-05,51021,342195,0.8702468872070312,114205,0.7095616658528645,33538,0.9147084554036459
muon_grpo_mixed,Muon + GRPO (Mixed),18,down_proj,mlp,model.layers.18.mlp.down_proj.weight,13762560,13761779,781,5.674816313239184e-05,1719865,12042695,0.8750330607096354,4009562,0.708661615280878,1115921,0.9189161754789806
muon_grpo_mixed,Muon + GRPO (Mixed),18,gate_proj,mlp,model.layers.18.mlp.gate_proj.weight,13762560,13759259,3301,0.00023985363188239184,1588062,12174498,0.8846099853515625,3846674,0.7204972040085565,1050676,0.9236569359188989
muon_grpo_mixed,Muon + GRPO (Mixed),18,up_proj,mlp,model.layers.18.mlp.up_proj.weight,13762560,13760275,2285,0.00016603015718008596,1626282,12136278,0.8818328857421875,3953969,0.7127010527111235,1048523,0.9238133748372396
muon_grpo_mixed,Muon + GRPO (Mixed),18,k_proj,attn,model.layers.18.self_attn.k_proj.weight,393216,393185,31,7.883707682287966e-05,46872,346344,0.88079833984375,118268,0.6992289225260417,31122,0.9208526611328125
muon_grpo_mixed,Muon + GRPO (Mixed),18,o_proj,attn,model.layers.18.self_attn.o_proj.weight,2359296,2359176,120,5.086263020837034e-05,277722,2081574,0.8822860717773438,531375,0.774773915608724,151508,0.9357825385199653
muon_grpo_mixed,Muon + GRPO (Mixed),18,q_proj,attn,model.layers.18.self_attn.q_proj.weight,2359296,2359087,209,8.858574761283489e-05,237916,2121380,0.8991580539279513,452416,0.8082411024305556,123535,0.9476390414767795
muon_grpo_mixed,Muon + GRPO (Mixed),18,v_proj,attn,model.layers.18.self_attn.v_proj.weight,393216,393196,20,5.086263020837034e-05,63049,330167,0.8396581013997396,115151,0.7071558634440105,40819,0.8961919148763021
muon_grpo_mixed,Muon + GRPO (Mixed),19,down_proj,mlp,model.layers.19.mlp.down_proj.weight,13762560,13761690,870,6.321498325889685e-05,1679039,12083521,0.877999514625186,3902939,0.716408938453311,1080518,0.9214885893322172
muon_grpo_mixed,Muon + GRPO (Mixed),19,gate_proj,mlp,model.layers.19.mlp.gate_proj.weight,13762560,13759780,2780,0.00020199730282732808,1550199,12212361,0.8873611450195312,3725387,0.7293100266229539,1011797,0.92648191906157
muon_grpo_mixed,Muon + GRPO (Mixed),19,up_proj,mlp,model.layers.19.mlp.up_proj.weight,13762560,13760734,1826,0.00013267880394340903,1567703,12194857,0.8860892886207217,3777204,0.7255449567522321,995486,0.9276670910063244
muon_grpo_mixed,Muon + GRPO (Mixed),19,k_proj,attn,model.layers.19.self_attn.k_proj.weight,393216,393193,23,5.849202473962034e-05,48065,345151,0.8777643839518229,120928,0.6924641927083333,31301,0.9203974405924479
muon_grpo_mixed,Muon + GRPO (Mixed),19,o_proj,attn,model.layers.19.self_attn.o_proj.weight,2359296,2359137,159,6.739298502600466e-05,248076,2111220,0.8948516845703125,544835,0.7690688239203559,137680,0.9416436089409722
muon_grpo_mixed,Muon + GRPO (Mixed),19,q_proj,attn,model.layers.19.self_attn.q_proj.weight,2359296,2359152,144,6.103515625e-05,241796,2117500,0.8975134955512153,459043,0.8054322136773003,122103,0.9482460021972656
muon_grpo_mixed,Muon + GRPO (Mixed),19,v_proj,attn,model.layers.19.self_attn.v_proj.weight,393216,393178,38,9.663899739587034e-05,42275,350941,0.8924891153971354,114585,0.7085952758789062,27709,0.9295323689778646
muon_grpo_mixed,Muon + GRPO (Mixed),2,down_proj,mlp,model.layers.2.mlp.down_proj.weight,13762560,13761807,753,5.471365792408811e-05,1760353,12002207,0.8720911661783854,4284412,0.6886907668340774,1159846,0.9157245454334078
muon_grpo_mixed,Muon + GRPO (Mixed),2,gate_proj,mlp,model.layers.2.mlp.gate_proj.weight,13762560,13760425,2135,0.00015513102213537966,1508945,12253615,0.8903586978004092,4432469,0.6779328119187128,1013423,0.926363772437686
muon_grpo_mixed,Muon + GRPO (Mixed),2,up_proj,mlp,model.layers.2.mlp.up_proj.weight,13762560,13761062,1498,0.00010884602864580373,1775565,11986995,0.870985848563058,4491601,0.673636227562314,1187527,0.9137132190522693
muon_grpo_mixed,Muon + GRPO (Mixed),2,k_proj,attn,model.layers.2.self_attn.k_proj.weight,393216,392854,362,0.0009206136067708703,33586,359630,0.9145863850911459,117756,0.700531005859375,22126,0.9437306722005209
muon_grpo_mixed,Muon + GRPO (Mixed),2,o_proj,attn,model.layers.2.self_attn.o_proj.weight,2359296,2359163,133,5.6372748480915114e-05,289831,2069465,0.8771536085340712,579818,0.7542410956488715,166723,0.9293335808648003
muon_grpo_mixed,Muon + GRPO (Mixed),2,q_proj,attn,model.layers.2.self_attn.q_proj.weight,2359296,2357379,1917,0.000812530517578125,189454,2169842,0.9196989271375868,411680,0.8255072699652778,90882,0.9614791870117188
muon_grpo_mixed,Muon + GRPO (Mixed),2,v_proj,attn,model.layers.2.self_attn.v_proj.weight,393216,393185,31,7.883707682287966e-05,64397,328819,0.8362299601236979,113824,0.7105305989583333,41524,0.8943990071614584
muon_grpo_mixed,Muon + GRPO (Mixed),20,down_proj,mlp,model.layers.20.mlp.down_proj.weight,13762560,13761650,910,6.612141927087034e-05,1655851,12106709,0.8796843755812872,3728019,0.7291187831333705,1054247,0.923397463843936
muon_grpo_mixed,Muon + GRPO (Mixed),20,gate_proj,mlp,model.layers.20.mlp.gate_proj.weight,13762560,13759750,2810,0.00020417712983633596,1556520,12206040,0.88690185546875,3595716,0.7387320382254464,1004935,0.9269805181594122
muon_grpo_mixed,Muon + GRPO (Mixed),20,up_proj,mlp,model.layers.20.mlp.up_proj.weight,13762560,13760499,2061,0.0001497541155134341,1528073,12234487,0.8889688400995164,3515960,0.7445271809895833,952337,0.9308023361932664
muon_grpo_mixed,Muon + GRPO (Mixed),20,k_proj,attn,model.layers.20.self_attn.k_proj.weight,393216,393059,157,0.00039927164713537966,49112,344104,0.8751017252604166,117678,0.7007293701171875,31815,0.9190902709960938
muon_grpo_mixed,Muon + GRPO (Mixed),20,o_proj,attn,model.layers.20.self_attn.o_proj.weight,2359296,2359145,151,6.400214301216511e-05,248149,2111147,0.8948207431369357,511614,0.7831497192382812,133931,0.9432326422797309
muon_grpo_mixed,Muon + GRPO (Mixed),20,q_proj,attn,model.layers.20.self_attn.q_proj.weight,2359296,2358254,1042,0.0004416571723090401,220992,2138304,0.9063313802083334,381316,0.8383772108289931,99426,0.9578577677408854
muon_grpo_mixed,Muon + GRPO (Mixed),20,v_proj,attn,model.layers.20.self_attn.v_proj.weight,393216,393180,36,9.1552734375e-05,41036,352180,0.8956400553385416,114555,0.7086715698242188,26728,0.9320271809895834
muon_grpo_mixed,Muon + GRPO (Mixed),21,down_proj,mlp,model.layers.21.mlp.down_proj.weight,13762560,13761624,936,6.801060267858094e-05,1616469,12146091,0.882545907156808,3398020,0.7530968075706845,995770,0.9276464553106398
muon_grpo_mixed,Muon + GRPO (Mixed),21,gate_proj,mlp,model.layers.21.mlp.gate_proj.weight,13762560,13761265,1295,9.409586588537966e-05,1412587,12349973,0.8973601568312872,3064894,0.7773020426432291,877299,0.9362546648297991
muon_grpo_mixed,Muon + GRPO (Mixed),21,up_proj,mlp,model.layers.21.mlp.up_proj.weight,13762560,13761524,1036,7.527669270834814e-05,1441605,12320955,0.8952516828264508,3030282,0.7798169817243303,856804,0.9377438499813988
muon_grpo_mixed,Muon + GRPO (Mixed),21,k_proj,attn,model.layers.21.self_attn.k_proj.weight,393216,393194,22,5.594889322912966e-05,48335,344881,0.8770777384440104,116485,0.7037633260091145,30959,0.9212671915690104
muon_grpo_mixed,Muon + GRPO (Mixed),21,o_proj,attn,model.layers.21.self_attn.o_proj.weight,2359296,2359110,186,7.883707682287966e-05,240425,2118871,0.8980946011013455,441888,0.8127034505208334,122166,0.9482192993164062
muon_grpo_mixed,Muon + GRPO (Mixed),21,q_proj,attn,model.layers.21.self_attn.q_proj.weight,2359296,2359047,249,0.00010553995768225466,213007,2146289,0.9097158643934462,320420,0.8641883002387153,95358,0.9595820109049479
muon_grpo_mixed,Muon + GRPO (Mixed),21,v_proj,attn,model.layers.21.self_attn.v_proj.weight,393216,393194,22,5.594889322912966e-05,44653,348563,0.8864415486653646,115729,0.7056859334309895,29319,0.9254379272460938
muon_grpo_mixed,Muon + GRPO (Mixed),22,down_proj,mlp,model.layers.22.mlp.down_proj.weight,13762560,13761635,925,6.721133277531877e-05,1549302,12213258,0.8874263218470982,3395396,0.7532874697730655,950415,0.9309419904436383
muon_grpo_mixed,Muon + GRPO (Mixed),22,gate_proj,mlp,model.layers.22.mlp.gate_proj.weight,13762560,13760478,2082,0.0001512799944196619,1372101,12390459,0.9003019060407366,3218251,0.7661589849562872,855099,0.9378677368164062
muon_grpo_mixed,Muon + GRPO (Mixed),22,up_proj,mlp,model.layers.22.mlp.up_proj.weight,13762560,13761187,1373,9.97634161086225e-05,1450593,12311967,0.8945986066545759,3206504,0.7670125325520833,866420,0.9370451427641369
muon_grpo_mixed,Muon + GRPO (Mixed),22,k_proj,attn,model.layers.22.self_attn.k_proj.weight,393216,393014,202,0.0005137125651041297,58472,334744,0.8512980143229166,92063,0.7658716837565104,37035,0.9058151245117188
muon_grpo_mixed,Muon + GRPO (Mixed),22,o_proj,attn,model.layers.22.self_attn.o_proj.weight,2359296,2359107,189,8.0108642578125e-05,224892,2134404,0.9046783447265625,528400,0.7760348849826388,124201,0.9473567538791232
muon_grpo_mixed,Muon + GRPO (Mixed),22,q_proj,attn,model.layers.22.self_attn.q_proj.weight,2359296,2358180,1116,0.0004730224609375,243315,2115981,0.8968696594238281,314086,0.8668729994032118,105061,0.9554693433973525
muon_grpo_mixed,Muon + GRPO (Mixed),22,v_proj,attn,model.layers.22.self_attn.v_proj.weight,393216,393191,25,6.357828776037966e-05,49761,343455,0.8734512329101562,93612,0.761932373046875,29211,0.9257125854492188
muon_grpo_mixed,Muon + GRPO (Mixed),23,down_proj,mlp,model.layers.23.mlp.down_proj.weight,13762560,13761641,919,6.67753673735394e-05,1520827,12241733,0.8894953409830729,3424917,0.7511424473353795,931600,0.9323091052827381
muon_grpo_mixed,Muon + GRPO (Mixed),23,gate_proj,mlp,model.layers.23.mlp.gate_proj.weight,13762560,13757651,4909,0.0003566923595610394,1359319,12403241,0.9012306576683408,3262906,0.7629143124534971,839518,0.9389998663039435
muon_grpo_mixed,Muon + GRPO (Mixed),23,up_proj,mlp,model.layers.23.mlp.up_proj.weight,13762560,13758440,4120,0.00029936290922616404,1418345,12344215,0.8969417753673735,3252975,0.7636359078543526,847593,0.9384131295340402
muon_grpo_mixed,Muon + GRPO (Mixed),23,k_proj,attn,model.layers.23.self_attn.k_proj.weight,393216,393011,205,0.0005213419596353797,50152,343064,0.8724568684895834,112405,0.7141393025716145,31846,0.9190114339192709
muon_grpo_mixed,Muon + GRPO (Mixed),23,o_proj,attn,model.layers.23.self_attn.o_proj.weight,2359296,2359119,177,7.502237955725466e-05,218868,2140428,0.9072316487630209,453368,0.8078375922309028,110647,0.9531016879611545
muon_grpo_mixed,Muon + GRPO (Mixed),23,q_proj,attn,model.layers.23.self_attn.q_proj.weight,2359296,2358078,1218,0.0005162556966146203,223983,2135313,0.9050636291503906,372130,0.842270745171441,106888,0.9546949598524306
muon_grpo_mixed,Muon + GRPO (Mixed),23,v_proj,attn,model.layers.23.self_attn.v_proj.weight,393216,393190,26,6.612141927087034e-05,47370,345846,0.8795318603515625,112873,0.7129491170247395,30850,0.9215443929036459
muon_grpo_mixed,Muon + GRPO (Mixed),24,down_proj,mlp,model.layers.24.mlp.down_proj.weight,13762560,13761500,1060,7.702055431546562e-05,1430589,12331971,0.8960521153041294,3087088,0.7756894066220238,841502,0.938855707077753
muon_grpo_mixed,Muon + GRPO (Mixed),24,gate_proj,mlp,model.layers.24.mlp.gate_proj.weight,13762560,13757893,4667,0.0003391084216889384,1309875,12452685,0.9048233032226562,2959555,0.7849560692196801,777456,0.9435093470982143
muon_grpo_mixed,Muon + GRPO (Mixed),24,up_proj,mlp,model.layers.24.mlp.up_proj.weight,13762560,13758648,3912,0.00028424944196425717,1275526,12487034,0.9073191324869792,2681051,0.8051924205961681,711255,0.948319571358817
muon_grpo_mixed,Muon + GRPO (Mixed),24,k_proj,attn,model.layers.24.self_attn.k_proj.weight,393216,393120,96,0.000244140625,44582,348634,0.8866221110026041,121822,0.6901906331380208,28752,0.9268798828125
muon_grpo_mixed,Muon + GRPO (Mixed),24,o_proj,attn,model.layers.24.self_attn.o_proj.weight,2359296,2359146,150,6.357828776037966e-05,208632,2150664,0.9115702311197916,461202,0.8045171101888021,106609,0.954813215467665
muon_grpo_mixed,Muon + GRPO (Mixed),24,q_proj,attn,model.layers.24.self_attn.q_proj.weight,2359296,2358775,521,0.00022082858615446455,216104,2143192,0.9084031846788194,411822,0.8254470825195312,104734,0.9556079440646701
muon_grpo_mixed,Muon + GRPO (Mixed),24,v_proj,attn,model.layers.24.self_attn.v_proj.weight,393216,393195,21,5.340576171875e-05,39011,354205,0.9007898966471354,117236,0.7018534342447917,25749,0.9345169067382812
muon_grpo_mixed,Muon + GRPO (Mixed),25,down_proj,mlp,model.layers.25.mlp.down_proj.weight,13762560,13761473,1087,7.898239862347278e-05,1337953,12424607,0.9027831304640997,2876511,0.7909901210239956,768011,0.9441956293015253
muon_grpo_mixed,Muon + GRPO (Mixed),25,gate_proj,mlp,model.layers.25.mlp.gate_proj.weight,13762560,13756656,5904,0.0004289899553571175,1341209,12421351,0.9025465465727307,3025446,0.7801683698381696,799589,0.9419011433919271
muon_grpo_mixed,Muon + GRPO (Mixed),25,up_proj,mlp,model.layers.25.mlp.up_proj.weight,13762560,13757487,5073,0.00036860874720978654,1208487,12554073,0.9121902465820313,2496785,0.8185813540504092,657534,0.9522229875837054
muon_grpo_mixed,Muon + GRPO (Mixed),25,k_proj,attn,model.layers.25.self_attn.k_proj.weight,393216,393011,205,0.0005213419596353797,51397,341819,0.8692906697591146,66791,0.8301417032877604,28679,0.9270655314127604
muon_grpo_mixed,Muon + GRPO (Mixed),25,o_proj,attn,model.layers.25.self_attn.o_proj.weight,2359296,2359093,203,8.604261610245523e-05,174715,2184581,0.9259461296929253,385388,0.8366512722439237,80425,0.9659114413791232
muon_grpo_mixed,Muon + GRPO (Mixed),25,q_proj,attn,model.layers.25.self_attn.q_proj.weight,2359296,2357904,1392,0.0005900065104166297,226386,2132910,0.9040451049804688,205819,0.9127625359429253,84718,0.9640918307834201
muon_grpo_mixed,Muon + GRPO (Mixed),25,v_proj,attn,model.layers.25.self_attn.v_proj.weight,393216,393176,40,0.00010172526041662966,32571,360645,0.9171676635742188,85835,0.7817103068033854,19403,0.9506556193033854
muon_grpo_mixed,Muon + GRPO (Mixed),26,down_proj,mlp,model.layers.26.mlp.down_proj.weight,13762560,13761039,1521,0.00011051722935262465,1077493,12685067,0.9217083885556175,1872654,0.8639312744140625,522364,0.9620445614769345
muon_grpo_mixed,Muon + GRPO (Mixed),26,gate_proj,mlp,model.layers.26.mlp.gate_proj.weight,13762560,13755501,7059,0.0005129132952008675,1336009,12426551,0.9029243832542783,2985602,0.783063470749628,790137,0.9425879342215402
muon_grpo_mixed,Muon + GRPO (Mixed),26,up_proj,mlp,model.layers.26.mlp.up_proj.weight,13762560,13754057,8503,0.0006178356352306569,1021041,12741519,0.9258102416992188,1776871,0.8708909534272693,499451,0.9637094406854538
muon_grpo_mixed,Muon + GRPO (Mixed),26,k_proj,attn,model.layers.26.self_attn.k_proj.weight,393216,393186,30,7.62939453125e-05,57157,336059,0.8546422322591146,105577,0.7315038045247395,35777,0.9090143839518229
muon_grpo_mixed,Muon + GRPO (Mixed),26,o_proj,attn,model.layers.26.self_attn.o_proj.weight,2359296,2359116,180,7.62939453125e-05,182625,2176671,0.9225934346516927,407596,0.8272382948133681,87248,0.9630194769965278
muon_grpo_mixed,Muon + GRPO (Mixed),26,q_proj,attn,model.layers.26.self_attn.q_proj.weight,2359296,2359096,200,8.477105034720989e-05,238861,2120435,0.8987575107150607,312822,0.8674087524414062,100737,0.9573020935058594
muon_grpo_mixed,Muon + GRPO (Mixed),26,v_proj,attn,model.layers.26.self_attn.v_proj.weight,393216,393174,42,0.0001068115234375,39358,353858,0.8999074300130209,106849,0.7282689412434895,26357,0.9329706827799479
muon_grpo_mixed,Muon + GRPO (Mixed),27,down_proj,mlp,model.layers.27.mlp.down_proj.weight,13762560,13760089,2471,0.00017954508463546848,944462,12818098,0.9313745407831101,1124388,0.9183009556361608,429226,0.9688120524088542
muon_grpo_mixed,Muon + GRPO (Mixed),27,gate_proj,mlp,model.layers.27.mlp.gate_proj.weight,13762560,13752629,9931,0.0007215954008557013,955452,12807108,0.9305759974888392,1842828,0.8660984584263393,529627,0.9615168253580729
muon_grpo_mixed,Muon + GRPO (Mixed),27,up_proj,mlp,model.layers.27.mlp.up_proj.weight,13762560,13750357,12203,0.0008866809663318209,706044,13056516,0.9486982073102679,1104314,0.9197595505487351,344433,0.9749731881277902
muon_grpo_mixed,Muon + GRPO (Mixed),27,k_proj,attn,model.layers.27.self_attn.k_proj.weight,393216,393195,21,5.340576171875e-05,56574,336642,0.8561248779296875,86816,0.7792154947916666,33574,0.9146169026692709
muon_grpo_mixed,Muon + GRPO (Mixed),27,o_proj,attn,model.layers.27.self_attn.o_proj.weight,2359296,2359050,246,0.00010426839192712034,189572,2169724,0.9196489122178819,233393,0.9010751512315538,71395,0.9697388543023003
muon_grpo_mixed,Muon + GRPO (Mixed),27,q_proj,attn,model.layers.27.self_attn.q_proj.weight,2359296,2359087,209,8.858574761283489e-05,238695,2120601,0.898827870686849,259707,0.8899218241373698,97806,0.9585444132486979
muon_grpo_mixed,Muon + GRPO (Mixed),27,v_proj,attn,model.layers.27.self_attn.v_proj.weight,393216,393175,41,0.00010426839192712034,29102,364114,0.9259897867838541,91840,0.7664388020833334,17498,0.9555002848307291
muon_grpo_mixed,Muon + GRPO (Mixed),3,down_proj,mlp,model.layers.3.mlp.down_proj.weight,13762560,13761817,743,5.3987048921122494e-05,1769712,11992848,0.8714111328125,4203365,0.6945797148204985,1159576,0.915744163876488
muon_grpo_mixed,Muon + GRPO (Mixed),3,gate_proj,mlp,model.layers.3.mlp.gate_proj.weight,13762560,13759871,2689,0.00019538516090034097,1519367,12243193,0.8896014258975075,4295661,0.6878734043666295,1018571,0.9259897141229538
muon_grpo_mixed,Muon + GRPO (Mixed),3,up_proj,mlp,model.layers.3.mlp.up_proj.weight,13762560,13761038,1522,0.00011058989025292121,1782431,11980129,0.8704869588216146,4480190,0.6744653610956102,1193873,0.9132521129789807
muon_grpo_mixed,Muon + GRPO (Mixed),3,k_proj,attn,model.layers.3.self_attn.k_proj.weight,393216,393156,60,0.000152587890625,41197,352019,0.8952306111653646,114449,0.708941141764323,26986,0.9313710530598959
muon_grpo_mixed,Muon + GRPO (Mixed),3,o_proj,attn,model.layers.3.self_attn.o_proj.weight,2359296,2359134,162,6.866455078125e-05,285186,2074110,0.8791224161783854,483993,0.7948570251464844,154221,0.9346326192220052
muon_grpo_mixed,Muon + GRPO (Mixed),3,q_proj,attn,model.layers.3.self_attn.q_proj.weight,2359296,2357751,1545,0.0006548563639322547,208564,2150732,0.9115990532769097,339373,0.8561549716525607,92191,0.9609243604871962
muon_grpo_mixed,Muon + GRPO (Mixed),3,v_proj,attn,model.layers.3.self_attn.v_proj.weight,393216,393196,20,5.086263020837034e-05,58617,334599,0.8509292602539062,113610,0.7110748291015625,39303,0.9000473022460938
muon_grpo_mixed,Muon + GRPO (Mixed),4,down_proj,mlp,model.layers.4.mlp.down_proj.weight,13762560,13761824,736,5.347842261904656e-05,1809430,11953130,0.8685251871744791,4239988,0.6919186546688988,1186697,0.9137735275995164
muon_grpo_mixed,Muon + GRPO (Mixed),4,gate_proj,mlp,model.layers.4.mlp.gate_proj.weight,13762560,13760948,1612,0.00011712937127972278,1512681,12249879,0.8900872366768973,4066478,0.7045260474795387,1015013,0.9262482416062128
muon_grpo_mixed,Muon + GRPO (Mixed),4,up_proj,mlp,model.layers.4.mlp.up_proj.weight,13762560,13761697,863,6.270635695682092e-05,1788634,11973926,0.8700362432570685,4408669,0.6796621413457962,1191158,0.9134493873232887
muon_grpo_mixed,Muon + GRPO (Mixed),4,k_proj,attn,model.layers.4.self_attn.k_proj.weight,393216,393182,34,8.646647135412966e-05,42943,350273,0.8907903035481771,119369,0.696428934733073,28118,0.9284922281901041
muon_grpo_mixed,Muon + GRPO (Mixed),4,o_proj,attn,model.layers.4.self_attn.o_proj.weight,2359296,2359151,145,6.145901150178545e-05,271473,2087823,0.8849347432454427,488839,0.7928030225965712,146837,0.9377623664008247
muon_grpo_mixed,Muon + GRPO (Mixed),4,q_proj,attn,model.layers.4.self_attn.q_proj.weight,2359296,2359040,256,0.00010850694444441977,189108,2170188,0.9198455810546875,304842,0.8707911173502604,80179,0.9660157097710503
muon_grpo_mixed,Muon + GRPO (Mixed),4,v_proj,attn,model.layers.4.self_attn.v_proj.weight,393216,393198,18,4.57763671875e-05,50448,342768,0.8717041015625,118901,0.697619120279948,33926,0.9137217203776041
muon_grpo_mixed,Muon + GRPO (Mixed),5,down_proj,mlp,model.layers.5.mlp.down_proj.weight,13762560,13761852,708,5.1443917410742834e-05,1832477,11930083,0.86685057140532,4187708,0.6957173665364583,1196511,0.9130604335239956
muon_grpo_mixed,Muon + GRPO (Mixed),5,gate_proj,mlp,model.layers.5.mlp.gate_proj.weight,13762560,13756015,6545,0.00047556559244787966,1440730,12321830,0.8953152611142113,3817829,0.7225931076776413,961230,0.9301561628069196
muon_grpo_mixed,Muon + GRPO (Mixed),5,up_proj,mlp,model.layers.5.mlp.up_proj.weight,13762560,13757610,4950,0.0003596714564731984,1789977,11972583,0.8699386596679688,4308020,0.6869753882998512,1179325,0.9143091837565104
muon_grpo_mixed,Muon + GRPO (Mixed),5,k_proj,attn,model.layers.5.self_attn.k_proj.weight,393216,393083,133,0.00033823649088537966,43797,349419,0.8886184692382812,116755,0.703076680501302,28676,0.9270731608072916
muon_grpo_mixed,Muon + GRPO (Mixed),5,o_proj,attn,model.layers.5.self_attn.o_proj.weight,2359296,2359156,140,5.933973524308023e-05,284792,2074504,0.8792894151475694,527301,0.7765007019042969,155269,0.9341884189181857
muon_grpo_mixed,Muon + GRPO (Mixed),5,q_proj,attn,model.layers.5.self_attn.q_proj.weight,2359296,2357713,1583,0.0006709628634982145,221915,2137381,0.9059401618109809,376733,0.8403197394476997,103722,0.9560368855794271
muon_grpo_mixed,Muon + GRPO (Mixed),5,v_proj,attn,model.layers.5.self_attn.v_proj.weight,393216,393193,23,5.849202473962034e-05,57706,335510,0.8532460530598959,110628,0.718658447265625,38151,0.9029769897460938
muon_grpo_mixed,Muon + GRPO (Mixed),6,down_proj,mlp,model.layers.6.mlp.down_proj.weight,13762560,13761817,743,5.3987048921122494e-05,1786195,11976365,0.8702134631928944,4104340,0.7017749604724702,1157809,0.915872555687314
muon_grpo_mixed,Muon + GRPO (Mixed),6,gate_proj,mlp,model.layers.6.mlp.gate_proj.weight,13762560,13760263,2297,0.0001669020879836447,1428206,12334354,0.8962252662295387,3826008,0.7219988141741072,941766,0.9315704345703125
muon_grpo_mixed,Muon + GRPO (Mixed),6,up_proj,mlp,model.layers.6.mlp.up_proj.weight,13762560,13761442,1118,8.123488653277722e-05,1748907,12013653,0.872922842843192,4238449,0.6920304797944569,1143761,0.9168932960146949
muon_grpo_mixed,Muon + GRPO (Mixed),6,k_proj,attn,model.layers.6.self_attn.k_proj.weight,393216,393153,63,0.00016021728515625,41878,351338,0.8934987386067709,122086,0.6895192464192708,27435,0.9302291870117188
muon_grpo_mixed,Muon + GRPO (Mixed),6,o_proj,attn,model.layers.6.self_attn.o_proj.weight,2359296,2359164,132,5.594889322912966e-05,262937,2096359,0.8885527716742622,540910,0.7707324557834201,147086,0.9376568264431424
muon_grpo_mixed,Muon + GRPO (Mixed),6,q_proj,attn,model.layers.6.self_attn.q_proj.weight,2359296,2357846,1450,0.0006145901150174105,220544,2138752,0.9065212673611112,399993,0.8304608662923177,106227,0.9549751281738281
muon_grpo_mixed,Muon + GRPO (Mixed),6,v_proj,attn,model.layers.6.self_attn.v_proj.weight,393216,393196,20,5.086263020837034e-05,48916,344300,0.8756001790364584,115748,0.7056376139322917,32720,0.9167887369791666
muon_grpo_mixed,Muon + GRPO (Mixed),7,down_proj,mlp,model.layers.7.mlp.down_proj.weight,13762560,13761822,738,5.3623744419639685e-05,1732139,12030421,0.8741412208193824,4171051,0.6969276791527157,1129776,0.9179094587053571
muon_grpo_mixed,Muon + GRPO (Mixed),7,gate_proj,mlp,model.layers.7.mlp.gate_proj.weight,13762560,13757674,4886,0.0003550211588542185,1537159,12225401,0.8883086431594122,4065352,0.7046078636532738,1020987,0.9258141653878348
muon_grpo_mixed,Muon + GRPO (Mixed),7,up_proj,mlp,model.layers.7.mlp.up_proj.weight,13762560,13759526,3034,0.00022045317150298782,1700745,12061815,0.8764223371233258,4364969,0.6828374226888021,1126749,0.918129403250558
muon_grpo_mixed,Muon + GRPO (Mixed),7,k_proj,attn,model.layers.7.self_attn.k_proj.weight,393216,393188,28,7.120768229162966e-05,40231,352985,0.8976872762044271,121436,0.6911722819010417,26260,0.9332173665364584
muon_grpo_mixed,Muon + GRPO (Mixed),7,o_proj,attn,model.layers.7.self_attn.o_proj.weight,2359296,2359164,132,5.594889322912966e-05,274368,2084928,0.8837076822916666,539041,0.771524641248915,150357,0.9362703959147135
muon_grpo_mixed,Muon + GRPO (Mixed),7,q_proj,attn,model.layers.7.self_attn.q_proj.weight,2359296,2359074,222,9.409586588537966e-05,197802,2161494,0.9161605834960938,361603,0.846732669406467,88814,0.962355719672309
muon_grpo_mixed,Muon + GRPO (Mixed),7,v_proj,attn,model.layers.7.self_attn.v_proj.weight,393216,393188,28,7.120768229162966e-05,52973,340243,0.8652826944986979,112927,0.712811787923177,34402,0.9125111897786459
muon_grpo_mixed,Muon + GRPO (Mixed),8,down_proj,mlp,model.layers.8.mlp.down_proj.weight,13762560,13761796,764,5.551292782735029e-05,1791751,11970809,0.8698097592308408,4145183,0.6988072713216146,1166993,0.9152052379789807
muon_grpo_mixed,Muon + GRPO (Mixed),8,gate_proj,mlp,model.layers.8.mlp.gate_proj.weight,13762560,13761457,1103,8.014497302832879e-05,1556873,12205687,0.886876206170945,3913456,0.715644763764881,1039426,0.9244743710472471
muon_grpo_mixed,Muon + GRPO (Mixed),8,up_proj,mlp,model.layers.8.mlp.up_proj.weight,13762560,13761806,754,5.478631882438467e-05,1731224,12031336,0.8742077055431547,4310811,0.6867725917271206,1145259,0.9167844499860491
muon_grpo_mixed,Muon + GRPO (Mixed),8,k_proj,attn,model.layers.8.self_attn.k_proj.weight,393216,393132,84,0.000213623046875,38242,354974,0.9027455647786459,120717,0.6930007934570312,24997,0.9364293416341146
muon_grpo_mixed,Muon + GRPO (Mixed),8,o_proj,attn,model.layers.8.self_attn.o_proj.weight,2359296,2359126,170,7.205539279508955e-05,264415,2094881,0.8879263136121962,522230,0.7786500718858507,143728,0.9390801323784722
muon_grpo_mixed,Muon + GRPO (Mixed),8,q_proj,attn,model.layers.8.self_attn.q_proj.weight,2359296,2358382,914,0.00038740370008683023,198073,2161223,0.9160457187228732,389317,0.8349859449598525,93154,0.9605161878797743
muon_grpo_mixed,Muon + GRPO (Mixed),8,v_proj,attn,model.layers.8.self_attn.v_proj.weight,393216,393192,24,6.103515625e-05,48219,344997,0.8773727416992188,117287,0.7017237345377605,31486,0.9199269612630209
muon_grpo_mixed,Muon + GRPO (Mixed),9,down_proj,mlp,model.layers.9.mlp.down_proj.weight,13762560,13761808,752,5.464099702379155e-05,1765585,11996975,0.8717110043480283,4208129,0.6942335582914807,1151936,0.9162992931547619
muon_grpo_mixed,Muon + GRPO (Mixed),9,gate_proj,mlp,model.layers.9.mlp.gate_proj.weight,13762560,13758365,4195,0.0003048124767485172,1566609,12195951,0.8861687796456473,4038358,0.7065692719959078,1040477,0.9243980044410343
muon_grpo_mixed,Muon + GRPO (Mixed),9,up_proj,mlp,model.layers.9.mlp.up_proj.weight,13762560,13760049,2511,0.00018245152064733094,1703076,12059484,0.8762529645647321,4360820,0.6831388927641369,1126864,0.9181210472470238
muon_grpo_mixed,Muon + GRPO (Mixed),9,k_proj,attn,model.layers.9.self_attn.k_proj.weight,393216,393185,31,7.883707682287966e-05,44550,348666,0.8867034912109375,109746,0.7209014892578125,28015,0.9287541707356771
muon_grpo_mixed,Muon + GRPO (Mixed),9,o_proj,attn,model.layers.9.self_attn.o_proj.weight,2359296,2358389,907,0.0003844367133246651,270334,2088962,0.8854175143771701,485341,0.7942856682671441,148007,0.9372664557562934
muon_grpo_mixed,Muon + GRPO (Mixed),9,q_proj,attn,model.layers.9.self_attn.q_proj.weight,2359296,2358485,811,0.00034374660915803545,183849,2175447,0.9220746358235677,334285,0.8583115471733941,84643,0.9641236199273003
muon_grpo_mixed,Muon + GRPO (Mixed),9,v_proj,attn,model.layers.9.self_attn.v_proj.weight,393216,393188,28,7.120768229162966e-05,57863,335353,0.8528467814127604,106041,0.7303237915039062,36506,0.9071604410807291
adamw_sft_fp32,AdamW + SFT (FP32),-1,embed,embed,model.embed_tokens.weight,233373696,221992831,11380865,0.04876669991120164,21975138,211398558,0.9058371257058894,39796540,0.8294728982652784,15963483,0.9315969054198807
adamw_sft_fp32,AdamW + SFT (FP32),0,down_proj,mlp,model.layers.0.mlp.down_proj.weight,13762560,13762185,375,2.7247837611654724e-05,3037999,10724561,0.7792562575567337,8006580,0.4182346888950893,2650102,0.8074412027994792
adamw_sft_fp32,AdamW + SFT (FP32),0,gate_proj,mlp,model.layers.0.mlp.gate_proj.weight,13762560,13762112,448,3.255208333330373e-05,2660861,11101699,0.8066594441731771,8050236,0.4150626046316964,2326021,0.8309892200288318
adamw_sft_fp32,AdamW + SFT (FP32),0,up_proj,mlp,model.layers.0.mlp.up_proj.weight,13762560,13762162,398,2.8919038318475643e-05,3194381,10568179,0.7678934006463913,8085193,0.41252259753999254,2791213,0.7971879504975818
adamw_sft_fp32,AdamW + SFT (FP32),0,k_proj,attn,model.layers.0.self_attn.k_proj.weight,393216,393198,18,4.57763671875e-05,51430,341786,0.8692067464192709,245356,0.37602742513020837,46123,0.8827031453450521
adamw_sft_fp32,AdamW + SFT (FP32),0,o_proj,attn,model.layers.0.self_attn.o_proj.weight,2359296,2359266,30,1.271565755212034e-05,726370,1632926,0.692124260796441,1428866,0.3943676418728299,638155,0.729514651828342
adamw_sft_fp32,AdamW + SFT (FP32),0,q_proj,attn,model.layers.0.self_attn.q_proj.weight,2359296,2358172,1124,0.00047641330295133955,375977,1983319,0.8406401740180122,1239600,0.47458902994791663,330335,0.8599857754177518
adamw_sft_fp32,AdamW + SFT (FP32),0,v_proj,attn,model.layers.0.self_attn.v_proj.weight,393216,393206,10,2.543131510412966e-05,122617,270599,0.6881688435872395,236188,0.39934285481770837,107319,0.7270736694335938
adamw_sft_fp32,AdamW + SFT (FP32),1,down_proj,mlp,model.layers.1.mlp.down_proj.weight,13762560,13762201,359,2.6085263206798714e-05,3020679,10741881,0.7805147443498884,7887195,0.42690931047712055,2617127,0.8098371959867932
adamw_sft_fp32,AdamW + SFT (FP32),1,gate_proj,mlp,model.layers.1.mlp.gate_proj.weight,13762560,13762090,470,3.4150623139828085e-05,2567821,11194739,0.8134198143368676,7893252,0.42646920340401784,2230319,0.8379430135091146
adamw_sft_fp32,AdamW + SFT (FP32),1,up_proj,mlp,model.layers.1.mlp.up_proj.weight,13762560,13762158,402,2.920968191966189e-05,2990783,10771777,0.782687014625186,7901819,0.4258467174711682,2593473,0.811555916922433
adamw_sft_fp32,AdamW + SFT (FP32),1,k_proj,attn,model.layers.1.self_attn.k_proj.weight,393216,393195,21,5.340576171875e-05,59853,333363,0.8477859497070312,246283,0.3736699422200521,53840,0.8630777994791666
adamw_sft_fp32,AdamW + SFT (FP32),1,o_proj,attn,model.layers.1.self_attn.o_proj.weight,2359296,2359246,50,2.1192762586830227e-05,622994,1736302,0.7359407212999132,1387084,0.4120771620008681,542775,0.7699419657389323
adamw_sft_fp32,AdamW + SFT (FP32),1,q_proj,attn,model.layers.1.self_attn.q_proj.weight,2359296,2359205,91,3.8570827908035454e-05,413214,1946082,0.8248570760091146,1392091,0.40995491875542533,362346,0.8464177449544271
adamw_sft_fp32,AdamW + SFT (FP32),1,v_proj,attn,model.layers.1.self_attn.v_proj.weight,393216,393212,4,1.017252604162966e-05,130558,262658,0.6679738362630208,244336,0.37862141927083337,115713,0.7057266235351562
adamw_sft_fp32,AdamW + SFT (FP32),10,down_proj,mlp,model.layers.10.mlp.down_proj.weight,13762560,13762145,415,3.015427362351719e-05,2951995,10810565,0.7855053856259301,7739246,0.437659418015253,2538049,0.8155830746605283
adamw_sft_fp32,AdamW + SFT (FP32),10,gate_proj,mlp,model.layers.10.mlp.gate_proj.weight,13762560,13762123,437,3.175281343004155e-05,2623988,11138572,0.8093386695498512,7714137,0.4394838605608259,2256672,0.8360281808035714
adamw_sft_fp32,AdamW + SFT (FP32),10,up_proj,mlp,model.layers.10.mlp.up_proj.weight,13762560,13762116,444,3.226143973211748e-05,2773688,10988872,0.7984613327752976,7695026,0.4408724830264137,2380570,0.827025640578497
adamw_sft_fp32,AdamW + SFT (FP32),10,k_proj,attn,model.layers.10.self_attn.k_proj.weight,393216,393208,8,2.034505208337034e-05,73035,320181,0.8142623901367188,214406,0.45473734537760413,61892,0.8426005045572916
adamw_sft_fp32,AdamW + SFT (FP32),10,o_proj,attn,model.layers.10.self_attn.o_proj.weight,2359296,2359235,61,2.5855170355915114e-05,547099,1812197,0.7681092156304253,1322072,0.43963283962673616,467554,0.8018247816297743
adamw_sft_fp32,AdamW + SFT (FP32),10,q_proj,attn,model.layers.10.self_attn.q_proj.weight,2359296,2359209,87,3.687540690100466e-05,477110,1882186,0.797774420844184,1300327,0.44884957207573783,406079,0.8278812832302518
adamw_sft_fp32,AdamW + SFT (FP32),10,v_proj,attn,model.layers.10.self_attn.v_proj.weight,393216,393199,17,4.323323567712034e-05,83276,309940,0.7882181803385416,217811,0.4460779825846354,70827,0.8198776245117188
adamw_sft_fp32,AdamW + SFT (FP32),11,down_proj,mlp,model.layers.11.mlp.down_proj.weight,13762560,13762135,425,3.088088262648281e-05,3010705,10751855,0.7812394641694569,7782525,0.43451472691127235,2593282,0.8115697951543899
adamw_sft_fp32,AdamW + SFT (FP32),11,gate_proj,mlp,model.layers.11.mlp.gate_proj.weight,13762560,13762122,438,3.182547433033811e-05,2651000,11111560,0.8073759533110119,7738934,0.43768208821614585,2283642,0.8340685163225446
adamw_sft_fp32,AdamW + SFT (FP32),11,up_proj,mlp,model.layers.11.mlp.up_proj.weight,13762560,13762161,399,2.8991699218772204e-05,2787252,10975308,0.7974757603236607,7729977,0.4383329119001116,2397514,0.8257944742838541
adamw_sft_fp32,AdamW + SFT (FP32),11,k_proj,attn,model.layers.11.self_attn.k_proj.weight,393216,393201,15,3.814697265625e-05,66443,326773,0.8310267130533854,215567,0.4517847696940104,56502,0.8563079833984375
adamw_sft_fp32,AdamW + SFT (FP32),11,o_proj,attn,model.layers.11.self_attn.o_proj.weight,2359296,2359240,56,2.3735894097209886e-05,567263,1792033,0.7595625983344184,1320474,0.4403101603190104,483668,0.7949947781032987
adamw_sft_fp32,AdamW + SFT (FP32),11,q_proj,attn,model.layers.11.self_attn.q_proj.weight,2359296,2359216,80,3.3908420138839546e-05,456015,1903281,0.8067156473795573,1307134,0.4459643893771701,389621,0.8348570929633247
adamw_sft_fp32,AdamW + SFT (FP32),11,v_proj,attn,model.layers.11.self_attn.v_proj.weight,393216,393201,15,3.814697265625e-05,82281,310935,0.7907485961914062,217737,0.44626617431640625,69966,0.8220672607421875
adamw_sft_fp32,AdamW + SFT (FP32),12,down_proj,mlp,model.layers.12.mlp.down_proj.weight,13762560,13762163,397,2.884637741817908e-05,3102770,10659790,0.7745499383835566,7801102,0.4331649053664435,2674592,0.8056617373511905
adamw_sft_fp32,AdamW + SFT (FP32),12,gate_proj,mlp,model.layers.12.mlp.gate_proj.weight,13762560,13762097,463,3.364199683775215e-05,2618394,11144166,0.8097451346261161,7758099,0.4362895420619419,2256897,0.8360118321010045
adamw_sft_fp32,AdamW + SFT (FP32),12,up_proj,mlp,model.layers.12.mlp.up_proj.weight,13762560,13762125,435,3.1607491629448425e-05,2867137,10895423,0.7916712443033854,7733694,0.4380628313337054,2465756,0.820835949125744
adamw_sft_fp32,AdamW + SFT (FP32),12,k_proj,attn,model.layers.12.self_attn.k_proj.weight,393216,393199,17,4.323323567712034e-05,72696,320520,0.81512451171875,214516,0.45445760091145837,61702,0.8430836995442709
adamw_sft_fp32,AdamW + SFT (FP32),12,o_proj,attn,model.layers.12.self_attn.o_proj.weight,2359296,2359224,72,3.0517578125e-05,562793,1796503,0.7614572313096788,1334347,0.43443001641167533,481887,0.7957496643066406
adamw_sft_fp32,AdamW + SFT (FP32),12,q_proj,attn,model.layers.12.self_attn.q_proj.weight,2359296,2359231,65,2.7550591362834886e-05,493382,1865914,0.790877448187934,1316642,0.44193437364366317,422651,0.8208571539984809
adamw_sft_fp32,AdamW + SFT (FP32),12,v_proj,attn,model.layers.12.self_attn.v_proj.weight,393216,393203,13,3.306070963537966e-05,82476,310740,0.790252685546875,221385,0.43698883056640625,70773,0.8200149536132812
adamw_sft_fp32,AdamW + SFT (FP32),13,down_proj,mlp,model.layers.13.mlp.down_proj.weight,13762560,13762180,380,2.7611142113137532e-05,3048026,10714534,0.7785276867094494,7835090,0.43069530668712797,2632101,0.8087491716657366
adamw_sft_fp32,AdamW + SFT (FP32),13,gate_proj,mlp,model.layers.13.mlp.gate_proj.weight,13762560,13762142,418,3.0372256324406877e-05,2732058,11030502,0.8014862060546875,7776688,0.4349388485863095,2355316,0.828860618954613
adamw_sft_fp32,AdamW + SFT (FP32),13,up_proj,mlp,model.layers.13.mlp.up_proj.weight,13762560,13762125,435,3.1607491629448425e-05,2825386,10937174,0.7947049095517114,7781082,0.43461957659040173,2435575,0.8230289277576265
adamw_sft_fp32,AdamW + SFT (FP32),13,k_proj,attn,model.layers.13.self_attn.k_proj.weight,393216,393206,10,2.543131510412966e-05,65729,327487,0.8328425089518229,218428,0.44450887044270837,56138,0.8572336832682291
adamw_sft_fp32,AdamW + SFT (FP32),13,o_proj,attn,model.layers.13.self_attn.o_proj.weight,2359296,2359211,85,3.602769639754477e-05,584338,1774958,0.7523252699110243,1335658,0.43387434217664933,500271,0.787957509358724
adamw_sft_fp32,AdamW + SFT (FP32),13,q_proj,attn,model.layers.13.self_attn.q_proj.weight,2359296,2359208,88,3.7299262152790114e-05,463890,1895406,0.8033777872721354,1311067,0.44429736667209196,395965,0.8321681552463107
adamw_sft_fp32,AdamW + SFT (FP32),13,v_proj,attn,model.layers.13.self_attn.v_proj.weight,393216,393206,10,2.543131510412966e-05,89024,304192,0.7736002604166666,223408,0.43184407552083337,76506,0.8054351806640625
adamw_sft_fp32,AdamW + SFT (FP32),14,down_proj,mlp,model.layers.14.mlp.down_proj.weight,13762560,13762182,378,2.746582031254441e-05,3063948,10698612,0.7773707798549108,7868388,0.42827584402901786,2650403,0.8074193318684896
adamw_sft_fp32,AdamW + SFT (FP32),14,gate_proj,mlp,model.layers.14.mlp.gate_proj.weight,13762560,13762125,435,3.1607491629448425e-05,2842010,10920550,0.7934969947451637,7819157,0.43185301281156996,2455172,0.8216049920944941
adamw_sft_fp32,AdamW + SFT (FP32),14,up_proj,mlp,model.layers.14.mlp.up_proj.weight,13762560,13762095,465,3.3787318638345276e-05,2872961,10889599,0.7912480672200521,7810130,0.43250892275855657,2480720,0.8197486514136905
adamw_sft_fp32,AdamW + SFT (FP32),14,k_proj,attn,model.layers.14.self_attn.k_proj.weight,393216,393204,12,3.0517578125e-05,88252,304964,0.7755635579427084,218821,0.4435094197591146,74864,0.8096110026041666
adamw_sft_fp32,AdamW + SFT (FP32),14,o_proj,attn,model.layers.14.self_attn.o_proj.weight,2359296,2359236,60,2.543131510412966e-05,614072,1745224,0.7397223578559028,1337818,0.43295881483289933,525387,0.7773119608561198
adamw_sft_fp32,AdamW + SFT (FP32),14,q_proj,attn,model.layers.14.self_attn.q_proj.weight,2359296,2359223,73,3.0941433376785454e-05,544353,1814943,0.7692731221516927,1288982,0.45365820990668404,456354,0.8065719604492188
adamw_sft_fp32,AdamW + SFT (FP32),14,v_proj,attn,model.layers.14.self_attn.v_proj.weight,393216,393205,11,2.797444661462034e-05,98078,295138,0.7505747477213541,220673,0.4387995402018229,83481,0.7876968383789062
adamw_sft_fp32,AdamW + SFT (FP32),15,down_proj,mlp,model.layers.15.mlp.down_proj.weight,13762560,13762172,388,2.8192429315510026e-05,3091044,10671516,0.7754019601004465,7939428,0.42311401367187496,2682021,0.8051219395228795
adamw_sft_fp32,AdamW + SFT (FP32),15,gate_proj,mlp,model.layers.15.mlp.gate_proj.weight,13762560,13762153,407,2.9572986421144698e-05,2832212,10930348,0.7942089262462797,7900514,0.42594153994605655,2457495,0.8214362008231026
adamw_sft_fp32,AdamW + SFT (FP32),15,up_proj,mlp,model.layers.15.mlp.up_proj.weight,13762560,13762156,404,2.9355003720255013e-05,2876803,10885757,0.7909689040411086,7913017,0.4250330607096354,2498020,0.8184916178385416
adamw_sft_fp32,AdamW + SFT (FP32),15,k_proj,attn,model.layers.15.self_attn.k_proj.weight,393216,393206,10,2.543131510412966e-05,83902,309314,0.7866261800130209,221430,0.4368743896484375,72087,0.8166732788085938
adamw_sft_fp32,AdamW + SFT (FP32),15,o_proj,attn,model.layers.15.self_attn.o_proj.weight,2359296,2359228,68,2.8822157118080227e-05,547363,1811933,0.767997317843967,1343189,0.43068228827582467,469957,0.8008062574598525
adamw_sft_fp32,AdamW + SFT (FP32),15,q_proj,attn,model.layers.15.self_attn.q_proj.weight,2359296,2359231,65,2.7550591362834886e-05,536509,1822787,0.7725978427463107,1334355,0.4344266255696615,460140,0.8049672444661459
adamw_sft_fp32,AdamW + SFT (FP32),15,v_proj,attn,model.layers.15.self_attn.v_proj.weight,393216,393199,17,4.323323567712034e-05,75266,317950,0.8085886637369791,219824,0.44095865885416663,64410,0.8361968994140625
adamw_sft_fp32,AdamW + SFT (FP32),16,down_proj,mlp,model.layers.16.mlp.down_proj.weight,13762560,13762167,393,2.8555733816992834e-05,3065110,10697450,0.7772863478887648,7961985,0.42147500174386165,2664136,0.8064214797247024
adamw_sft_fp32,AdamW + SFT (FP32),16,gate_proj,mlp,model.layers.16.mlp.gate_proj.weight,13762560,13762144,416,3.0226934523813753e-05,2901236,10861324,0.7891935802641369,7931511,0.42368927001953127,2520301,0.8168726603190104
adamw_sft_fp32,AdamW + SFT (FP32),16,up_proj,mlp,model.layers.16.mlp.up_proj.weight,13762560,13762137,423,3.0735560825889685e-05,2872526,10890034,0.7912796747116815,7917545,0.4247040521530878,2494271,0.8187640235537574
adamw_sft_fp32,AdamW + SFT (FP32),16,k_proj,attn,model.layers.16.self_attn.k_proj.weight,393216,393198,18,4.57763671875e-05,69623,323593,0.8229395548502604,220057,0.4403661092122396,59782,0.8479665120442709
adamw_sft_fp32,AdamW + SFT (FP32),16,o_proj,attn,model.layers.16.self_attn.o_proj.weight,2359296,2359216,80,3.3908420138839546e-05,574723,1784573,0.756400638156467,1355632,0.4254082573784722,495460,0.7899966769748263
adamw_sft_fp32,AdamW + SFT (FP32),16,q_proj,attn,model.layers.16.self_attn.q_proj.weight,2359296,2359223,73,3.0941433376785454e-05,480809,1878487,0.7962065802680122,1317172,0.4417097303602431,413242,0.824845208062066
adamw_sft_fp32,AdamW + SFT (FP32),16,v_proj,attn,model.layers.16.self_attn.v_proj.weight,393216,393202,14,3.560384114587034e-05,84349,308867,0.7854894002278646,229954,0.41519673665364587,73878,0.8121185302734375
adamw_sft_fp32,AdamW + SFT (FP32),17,down_proj,mlp,model.layers.17.mlp.down_proj.weight,13762560,13762154,406,2.9500325520848136e-05,3031487,10731073,0.7797294253394718,7969609,0.42092103503999256,2636534,0.8084270658947172
adamw_sft_fp32,AdamW + SFT (FP32),17,gate_proj,mlp,model.layers.17.mlp.gate_proj.weight,13762560,13762172,388,2.8192429315510026e-05,2868849,10893711,0.7915468488420759,7916415,0.42478615897042415,2490601,0.8190306890578497
adamw_sft_fp32,AdamW + SFT (FP32),17,up_proj,mlp,model.layers.17.mlp.up_proj.weight,13762560,13762150,410,2.9790969122034383e-05,2861041,10901519,0.7921141851515997,7926697,0.424039059593564,2485947,0.8193688528878348
adamw_sft_fp32,AdamW + SFT (FP32),17,k_proj,attn,model.layers.17.self_attn.k_proj.weight,393216,393208,8,2.034505208337034e-05,89718,303498,0.7718353271484375,220759,0.4385808308919271,76958,0.8042856852213541
adamw_sft_fp32,AdamW + SFT (FP32),17,o_proj,attn,model.layers.17.self_attn.o_proj.weight,2359296,2359244,52,2.2040473090290114e-05,551680,1807616,0.7661675347222222,1358552,0.4241706000434028,476414,0.7980694240993924
adamw_sft_fp32,AdamW + SFT (FP32),17,q_proj,attn,model.layers.17.self_attn.q_proj.weight,2359296,2359217,79,3.3484564887165114e-05,536322,1822974,0.7726771036783854,1331968,0.4354383680555556,460434,0.8048426310221354
adamw_sft_fp32,AdamW + SFT (FP32),17,v_proj,attn,model.layers.17.self_attn.v_proj.weight,393216,393208,8,2.034505208337034e-05,85599,307617,0.7823104858398438,224697,0.42856597900390625,73812,0.812286376953125
adamw_sft_fp32,AdamW + SFT (FP32),18,down_proj,mlp,model.layers.18.mlp.down_proj.weight,13762560,13762135,425,3.088088262648281e-05,3000296,10762264,0.7819957914806548,7943111,0.42284640357607883,2607210,0.8105577741350447
adamw_sft_fp32,AdamW + SFT (FP32),18,gate_proj,mlp,model.layers.18.mlp.gate_proj.weight,13762560,13762108,452,3.2842726934489974e-05,2779682,10982878,0.7980258033389137,7913475,0.42499978201729915,2415174,0.8245112827845982
adamw_sft_fp32,AdamW + SFT (FP32),18,up_proj,mlp,model.layers.18.mlp.up_proj.weight,13762560,13762157,403,2.928234281995845e-05,2862286,10900274,0.7920237223307292,7928584,0.4239019484747024,2486772,0.8193089076450892
adamw_sft_fp32,AdamW + SFT (FP32),18,k_proj,attn,model.layers.18.self_attn.k_proj.weight,393216,393203,13,3.306070963537966e-05,78010,315206,0.8016103108723959,225890,0.42553202311197913,67574,0.8281504313151041
adamw_sft_fp32,AdamW + SFT (FP32),18,o_proj,attn,model.layers.18.self_attn.o_proj.weight,2359296,2359228,68,2.8822157118080227e-05,562902,1796394,0.7614110310872396,1358788,0.4240705702039931,486816,0.7936604817708334
adamw_sft_fp32,AdamW + SFT (FP32),18,q_proj,attn,model.layers.18.self_attn.q_proj.weight,2359296,2359200,96,4.069010416662966e-05,510060,1849236,0.7838083902994791,1358694,0.42411041259765625,441899,0.8126987881130643
adamw_sft_fp32,AdamW + SFT (FP32),18,v_proj,attn,model.layers.18.self_attn.v_proj.weight,393216,393206,10,2.543131510412966e-05,104435,288781,0.7344080607096355,226559,0.4238306681315104,89196,0.773162841796875
adamw_sft_fp32,AdamW + SFT (FP32),19,down_proj,mlp,model.layers.19.mlp.down_proj.weight,13762560,13762183,377,2.7393159412247847e-05,2981585,10780975,0.7833553495861235,7975173,0.4205167497907366,2595860,0.8113824753534227
adamw_sft_fp32,AdamW + SFT (FP32),19,gate_proj,mlp,model.layers.19.mlp.gate_proj.weight,13762560,13762098,462,3.356933593745559e-05,2768462,10994098,0.798841058640253,7926095,0.4240828014555431,2405804,0.825192115420387
adamw_sft_fp32,AdamW + SFT (FP32),19,up_proj,mlp,model.layers.19.mlp.up_proj.weight,13762560,13762126,434,3.1534830729151864e-05,2828895,10933665,0.794449942452567,7944254,0.42276335216703864,2461145,0.8211709885370164
adamw_sft_fp32,AdamW + SFT (FP32),19,k_proj,attn,model.layers.19.self_attn.k_proj.weight,393216,393203,13,3.306070963537966e-05,82331,310885,0.7906214396158854,223988,0.43036905924479163,71010,0.8194122314453125
adamw_sft_fp32,AdamW + SFT (FP32),19,o_proj,attn,model.layers.19.self_attn.o_proj.weight,2359296,2359200,96,4.069010416662966e-05,507374,1851922,0.7849468655056424,1368912,0.41977945963541663,441449,0.8128895229763455
adamw_sft_fp32,AdamW + SFT (FP32),19,q_proj,attn,model.layers.19.self_attn.q_proj.weight,2359296,2359214,82,3.4756130642410454e-05,523818,1835478,0.7779769897460938,1346975,0.4290775722927518,451702,0.8085437350802951
adamw_sft_fp32,AdamW + SFT (FP32),19,v_proj,attn,model.layers.19.self_attn.v_proj.weight,393216,393202,14,3.560384114587034e-05,72011,321205,0.8168665568033854,224236,0.42973836263020837,62108,0.8420511881510416
adamw_sft_fp32,AdamW + SFT (FP32),2,down_proj,mlp,model.layers.2.mlp.down_proj.weight,13762560,13762163,397,2.884637741817908e-05,2950582,10811978,0.7856080554780506,7836966,0.4305589948381696,2549286,0.8147665841238839
adamw_sft_fp32,AdamW + SFT (FP32),2,gate_proj,mlp,model.layers.2.mlp.gate_proj.weight,13762560,13762098,462,3.356933593745559e-05,2520225,11242335,0.816878182547433,7844359,0.43002181280226937,2184013,0.8413076491582961
adamw_sft_fp32,AdamW + SFT (FP32),2,up_proj,mlp,model.layers.2.mlp.up_proj.weight,13762560,13762144,416,3.0226934523813753e-05,2960203,10802357,0.7849089849562871,7878396,0.4275486537388393,2564462,0.8136638823009672
adamw_sft_fp32,AdamW + SFT (FP32),2,k_proj,attn,model.layers.2.self_attn.k_proj.weight,393216,393203,13,3.306070963537966e-05,59817,333399,0.8478775024414062,229340,0.41675821940104163,52197,0.8672561645507812
adamw_sft_fp32,AdamW + SFT (FP32),2,o_proj,attn,model.layers.2.self_attn.o_proj.weight,2359296,2359221,75,3.178914388024534e-05,568270,1791026,0.7591357760959201,1363598,0.4220318264431424,493224,0.7909444173177084
adamw_sft_fp32,AdamW + SFT (FP32),2,q_proj,attn,model.layers.2.self_attn.q_proj.weight,2359296,2359211,85,3.602769639754477e-05,443581,1915715,0.8119858635796441,1356390,0.42508697509765625,384243,0.8371365865071615
adamw_sft_fp32,AdamW + SFT (FP32),2,v_proj,attn,model.layers.2.self_attn.v_proj.weight,393216,393209,7,1.780192057287966e-05,113279,279937,0.7119166056315105,230321,0.4142634073893229,98006,0.7507578531901041
adamw_sft_fp32,AdamW + SFT (FP32),20,down_proj,mlp,model.layers.20.mlp.down_proj.weight,13762560,13762165,395,2.8701055617585958e-05,2977487,10785073,0.7836531139555432,7963303,0.42137923467726934,2590607,0.811764163062686
adamw_sft_fp32,AdamW + SFT (FP32),20,gate_proj,mlp,model.layers.20.mlp.gate_proj.weight,13762560,13762155,405,2.9427664620551575e-05,2806801,10955759,0.7960553123837426,7899385,0.4260235741024926,2436080,0.8229922340029762
adamw_sft_fp32,AdamW + SFT (FP32),20,up_proj,mlp,model.layers.20.mlp.up_proj.weight,13762560,13762114,446,3.2406761532710604e-05,2816711,10945849,0.7953352428617931,7918532,0.424632335844494,2446093,0.8222646804082961
adamw_sft_fp32,AdamW + SFT (FP32),20,k_proj,attn,model.layers.20.self_attn.k_proj.weight,393216,393200,16,4.069010416662966e-05,86576,306640,0.7798258463541666,228257,0.4195124308268229,75356,0.8083597819010416
adamw_sft_fp32,AdamW + SFT (FP32),20,o_proj,attn,model.layers.20.self_attn.o_proj.weight,2359296,2359230,66,2.797444661462034e-05,520446,1838850,0.7794062296549479,1370460,0.41912333170572913,452533,0.8081915113661025
adamw_sft_fp32,AdamW + SFT (FP32),20,q_proj,attn,model.layers.20.self_attn.q_proj.weight,2359296,2359229,67,2.8398301866294773e-05,531344,1827952,0.7747870551215278,1359128,0.4239264594184028,459021,0.8054415384928385
adamw_sft_fp32,AdamW + SFT (FP32),20,v_proj,attn,model.layers.20.self_attn.v_proj.weight,393216,393208,8,2.034505208337034e-05,72639,320577,0.8152694702148438,229827,0.41551971435546875,63334,0.8389333089192709
adamw_sft_fp32,AdamW + SFT (FP32),21,down_proj,mlp,model.layers.21.mlp.down_proj.weight,13762560,13762135,425,3.088088262648281e-05,3003144,10759416,0.7817888532366072,7939359,0.42311902727399553,2606602,0.8106019519624256
adamw_sft_fp32,AdamW + SFT (FP32),21,gate_proj,mlp,model.layers.21.mlp.gate_proj.weight,13762560,13762032,528,3.8364955357139685e-05,2700066,11062494,0.8038107735770089,7854592,0.42927827380952377,2337358,0.8301654634021578
adamw_sft_fp32,AdamW + SFT (FP32),21,up_proj,mlp,model.layers.21.mlp.up_proj.weight,13762560,13762127,433,3.14621698288553e-05,2807994,10954566,0.7959686279296875,7898185,0.4261107671828497,2436184,0.8229846772693452
adamw_sft_fp32,AdamW + SFT (FP32),21,k_proj,attn,model.layers.21.self_attn.k_proj.weight,393216,393204,12,3.0517578125e-05,82993,310223,0.7889378865559896,224594,0.42882792154947913,71532,0.818084716796875
adamw_sft_fp32,AdamW + SFT (FP32),21,o_proj,attn,model.layers.21.self_attn.o_proj.weight,2359296,2359225,71,3.0093722873214546e-05,533190,1826106,0.7740046183268229,1378230,0.4158299763997396,464073,0.8033002217610677
adamw_sft_fp32,AdamW + SFT (FP32),21,q_proj,attn,model.layers.21.self_attn.q_proj.weight,2359296,2359208,88,3.7299262152790114e-05,520578,1838718,0.7793502807617188,1359069,0.42395146687825525,449257,0.80958006117079
adamw_sft_fp32,AdamW + SFT (FP32),21,v_proj,attn,model.layers.21.self_attn.v_proj.weight,393216,393197,19,4.831949869787966e-05,76788,316428,0.804718017578125,225923,0.4254480997721354,66481,0.8309300740559896
adamw_sft_fp32,AdamW + SFT (FP32),22,down_proj,mlp,model.layers.22.mlp.down_proj.weight,13762560,13762152,408,2.964564732144126e-05,2930354,10832206,0.7870778401692708,7967655,0.42106301443917415,2552681,0.8145199003673735
adamw_sft_fp32,AdamW + SFT (FP32),22,gate_proj,mlp,model.layers.22.mlp.gate_proj.weight,13762560,13762118,442,3.211611793152436e-05,2591760,11170800,0.8116803850446428,7832376,0.4308925083705357,2243564,0.8369806198846726
adamw_sft_fp32,AdamW + SFT (FP32),22,up_proj,mlp,model.layers.22.mlp.up_proj.weight,13762560,13762114,446,3.2406761532710604e-05,2800611,10961949,0.7965050833565848,7904916,0.4256216866629464,2431444,0.823329089936756
adamw_sft_fp32,AdamW + SFT (FP32),22,k_proj,attn,model.layers.22.self_attn.k_proj.weight,393216,393207,9,2.288818359375e-05,99024,294192,0.7481689453125,224760,0.42840576171875,83963,0.7864710489908854
adamw_sft_fp32,AdamW + SFT (FP32),22,o_proj,attn,model.layers.22.self_attn.o_proj.weight,2359296,2359219,77,3.263685438370523e-05,467843,1891453,0.8017022874620225,1366050,0.4209925333658854,407597,0.8272378709581163
adamw_sft_fp32,AdamW + SFT (FP32),22,q_proj,attn,model.layers.22.self_attn.q_proj.weight,2359296,2359233,63,2.6702880859375e-05,573523,1785773,0.7569092644585503,1345602,0.4296595255533854,487125,0.7935295104980469
adamw_sft_fp32,AdamW + SFT (FP32),22,v_proj,attn,model.layers.22.self_attn.v_proj.weight,393216,393199,17,4.323323567712034e-05,94045,299171,0.7608311971028646,225691,0.4260381062825521,80686,0.7948048909505209
adamw_sft_fp32,AdamW + SFT (FP32),23,down_proj,mlp,model.layers.23.mlp.down_proj.weight,13762560,13762149,411,2.9863630022330945e-05,2880176,10882384,0.7907238188244048,7971741,0.4207661220005581,2508388,0.8177382696242559
adamw_sft_fp32,AdamW + SFT (FP32),23,gate_proj,mlp,model.layers.23.mlp.gate_proj.weight,13762560,13762085,475,3.4513927641421915e-05,2569499,11193061,0.8132978893461682,7808981,0.43259241013299854,2222226,0.8385310581752232
adamw_sft_fp32,AdamW + SFT (FP32),23,up_proj,mlp,model.layers.23.mlp.up_proj.weight,13762560,13762127,433,3.14621698288553e-05,2734366,11028194,0.8013185046968005,7894989,0.42634299142020093,2372523,0.827610342843192
adamw_sft_fp32,AdamW + SFT (FP32),23,k_proj,attn,model.layers.23.self_attn.k_proj.weight,393216,393206,10,2.543131510412966e-05,89901,303315,0.7713699340820312,230928,0.4127197265625,78172,0.8011983235677084
adamw_sft_fp32,AdamW + SFT (FP32),23,o_proj,attn,model.layers.23.self_attn.o_proj.weight,2359296,2359228,68,2.8822157118080227e-05,497636,1861660,0.7890743679470487,1383233,0.4137094285753038,435117,0.8155733744303385
adamw_sft_fp32,AdamW + SFT (FP32),23,q_proj,attn,model.layers.23.self_attn.q_proj.weight,2359296,2359218,78,3.306070963537966e-05,525877,1833419,0.7771042717827691,1377658,0.4160724216037326,456344,0.8065761990017362
adamw_sft_fp32,AdamW + SFT (FP32),23,v_proj,attn,model.layers.23.self_attn.v_proj.weight,393216,393203,13,3.306070963537966e-05,83416,309800,0.7878621419270834,231184,0.41206868489583337,72594,0.8153839111328125
adamw_sft_fp32,AdamW + SFT (FP32),24,down_proj,mlp,model.layers.24.mlp.down_proj.weight,13762560,13762189,371,2.6957194010468477e-05,2838126,10924434,0.7937792096819196,7968025,0.421036129906064,2470520,0.8204897925967262
adamw_sft_fp32,AdamW + SFT (FP32),24,gate_proj,mlp,model.layers.24.mlp.gate_proj.weight,13762560,13762127,433,3.14621698288553e-05,2612026,11150534,0.8102078392392114,7826655,0.43130820138113835,2260036,0.8357837495349703
adamw_sft_fp32,AdamW + SFT (FP32),24,up_proj,mlp,model.layers.24.mlp.up_proj.weight,13762560,13762115,445,3.233410063241404e-05,2682317,11080243,0.8051004318963914,7899862,0.42598891485305057,2328402,0.8308162144252232
adamw_sft_fp32,AdamW + SFT (FP32),24,k_proj,attn,model.layers.24.self_attn.k_proj.weight,393216,393201,15,3.814697265625e-05,80208,313008,0.7960205078125,231444,0.411407470703125,70120,0.8216756184895834
adamw_sft_fp32,AdamW + SFT (FP32),24,o_proj,attn,model.layers.24.self_attn.o_proj.weight,2359296,2359227,69,2.924601236975466e-05,470413,1888883,0.8006129794650607,1381511,0.4144393073187934,411803,0.8254551357693143
adamw_sft_fp32,AdamW + SFT (FP32),24,q_proj,attn,model.layers.24.self_attn.q_proj.weight,2359296,2359214,82,3.4756130642410454e-05,494338,1864958,0.7904722425672743,1358843,0.42404725816514754,427908,0.8186289469401041
adamw_sft_fp32,AdamW + SFT (FP32),24,v_proj,attn,model.layers.24.self_attn.v_proj.weight,393216,393203,13,3.306070963537966e-05,68626,324590,0.8254750569661459,231750,0.4106292724609375,59976,0.84747314453125
adamw_sft_fp32,AdamW + SFT (FP32),25,down_proj,mlp,model.layers.25.mlp.down_proj.weight,13762560,13762155,405,2.9427664620551575e-05,2772414,10990146,0.7985539027622768,7999516,0.41874796549479165,2420309,0.8241381690615699
adamw_sft_fp32,AdamW + SFT (FP32),25,gate_proj,mlp,model.layers.25.mlp.gate_proj.weight,13762560,13762162,398,2.8919038318475643e-05,2672009,11090551,0.8058494204566592,7851204,0.4295244489397322,2314124,0.8318536667596726
adamw_sft_fp32,AdamW + SFT (FP32),25,up_proj,mlp,model.layers.25.mlp.up_proj.weight,13762560,13762102,458,3.3278692336269344e-05,2646435,11116125,0.8077076503208706,7916121,0.42480752127511157,2301129,0.8327978951590402
adamw_sft_fp32,AdamW + SFT (FP32),25,k_proj,attn,model.layers.25.self_attn.k_proj.weight,393216,393209,7,1.780192057287966e-05,104891,288325,0.7332483927408855,227893,0.4204381306966146,90120,0.77081298828125
adamw_sft_fp32,AdamW + SFT (FP32),25,o_proj,attn,model.layers.25.self_attn.o_proj.weight,2359296,2359205,91,3.8570827908035454e-05,435063,1924233,0.8155962626139323,1397530,0.4076495700412326,382499,0.8378757900661893
adamw_sft_fp32,AdamW + SFT (FP32),25,q_proj,attn,model.layers.25.self_attn.q_proj.weight,2359296,2359224,72,3.0517578125e-05,611564,1747732,0.7407853868272569,1367739,0.4202766418457031,524134,0.7778430514865451
adamw_sft_fp32,AdamW + SFT (FP32),25,v_proj,attn,model.layers.25.self_attn.v_proj.weight,393216,393197,19,4.831949869787966e-05,66829,326387,0.8300450642903646,236125,0.3995030721028646,58612,0.8509419759114584
adamw_sft_fp32,AdamW + SFT (FP32),26,down_proj,mlp,model.layers.26.mlp.down_proj.weight,13762560,13762112,448,3.255208333330373e-05,2757857,11004703,0.7996116274879093,8012046,0.4178375244140625,2408658,0.8249847412109375
adamw_sft_fp32,AdamW + SFT (FP32),26,gate_proj,mlp,model.layers.26.mlp.gate_proj.weight,13762560,13762086,474,3.4441266741125354e-05,2729679,11032881,0.8016590663364955,7918072,0.424665759858631,2373075,0.8275702340262276
adamw_sft_fp32,AdamW + SFT (FP32),26,up_proj,mlp,model.layers.26.mlp.up_proj.weight,13762560,13762117,443,3.218877883182092e-05,2629178,11133382,0.8089615594773065,7951347,0.4222479684012277,2289141,0.8336689540318081
adamw_sft_fp32,AdamW + SFT (FP32),26,k_proj,attn,model.layers.26.self_attn.k_proj.weight,393216,393205,11,2.797444661462034e-05,100185,293031,0.7452163696289062,223605,0.43134307861328125,86274,0.7805938720703125
adamw_sft_fp32,AdamW + SFT (FP32),26,o_proj,attn,model.layers.26.self_attn.o_proj.weight,2359296,2359216,80,3.3908420138839546e-05,435257,1924039,0.8155140346950955,1380199,0.4149954054090712,380400,0.8387654622395834
adamw_sft_fp32,AdamW + SFT (FP32),26,q_proj,attn,model.layers.26.self_attn.q_proj.weight,2359296,2359221,75,3.178914388024534e-05,580267,1779029,0.754050784640842,1335193,0.4340714348687066,497072,0.7893134223090278
adamw_sft_fp32,AdamW + SFT (FP32),26,v_proj,attn,model.layers.26.self_attn.v_proj.weight,393216,393196,20,5.086263020837034e-05,69489,323727,0.8232803344726562,235437,0.40125274658203125,60909,0.8451004028320312
adamw_sft_fp32,AdamW + SFT (FP32),27,down_proj,mlp,model.layers.27.mlp.down_proj.weight,13762560,13762149,411,2.9863630022330945e-05,3021805,10740755,0.7804329281761533,7831096,0.43098551432291665,2605103,0.8107108706519717
adamw_sft_fp32,AdamW + SFT (FP32),27,gate_proj,mlp,model.layers.27.mlp.gate_proj.weight,13762560,13762120,440,3.1970796130931234e-05,2577054,11185506,0.8127489362444197,7870029,0.4281566074916294,2236592,0.8374872116815476
adamw_sft_fp32,AdamW + SFT (FP32),27,up_proj,mlp,model.layers.27.mlp.up_proj.weight,13762560,13762095,465,3.3787318638345276e-05,2625676,11136884,0.8092160179501489,7891090,0.42662629627046134,2277367,0.8345244634719122
adamw_sft_fp32,AdamW + SFT (FP32),27,k_proj,attn,model.layers.27.self_attn.k_proj.weight,393216,393206,10,2.543131510412966e-05,106368,286848,0.7294921875,226646,0.42360941569010413,91512,0.76727294921875
adamw_sft_fp32,AdamW + SFT (FP32),27,o_proj,attn,model.layers.27.self_attn.o_proj.weight,2359296,2359221,75,3.178914388024534e-05,521559,1837737,0.7789344787597656,1374778,0.4172931247287326,453631,0.8077261182996962
adamw_sft_fp32,AdamW + SFT (FP32),27,q_proj,attn,model.layers.27.self_attn.q_proj.weight,2359296,2359236,60,2.543131510412966e-05,605402,1753894,0.7433971828884549,1357230,0.4247309366861979,519520,0.7797987196180556
adamw_sft_fp32,AdamW + SFT (FP32),27,v_proj,attn,model.layers.27.self_attn.v_proj.weight,393216,393190,26,6.612141927087034e-05,58391,334825,0.8515040079752604,233313,0.40665435791015625,51491,0.8690516153971354
adamw_sft_fp32,AdamW + SFT (FP32),3,down_proj,mlp,model.layers.3.mlp.down_proj.weight,13762560,13762114,446,3.2406761532710604e-05,2960607,10801953,0.784879629952567,7809738,0.43253740583147327,2553863,0.8144340151832217
adamw_sft_fp32,AdamW + SFT (FP32),3,gate_proj,mlp,model.layers.3.mlp.gate_proj.weight,13762560,13762079,481,3.4949893043201286e-05,2525463,11237097,0.8164975847516741,7819502,0.4318279448009673,2185095,0.841229030064174
adamw_sft_fp32,AdamW + SFT (FP32),3,up_proj,mlp,model.layers.3.mlp.up_proj.weight,13762560,13762193,367,2.6666550409171208e-05,2943176,10819384,0.7861461821056548,7848618,0.42971235002790176,2545495,0.8150420415969122
adamw_sft_fp32,AdamW + SFT (FP32),3,k_proj,attn,model.layers.3.self_attn.k_proj.weight,393216,393201,15,3.814697265625e-05,74132,319084,0.8114725748697916,232239,0.40938568115234375,64936,0.8348592122395834
adamw_sft_fp32,AdamW + SFT (FP32),3,o_proj,attn,model.layers.3.self_attn.o_proj.weight,2359296,2359244,52,2.2040473090290114e-05,589584,1769712,0.7501017252604166,1354245,0.42599614461263025,508861,0.7843165927463107
adamw_sft_fp32,AdamW + SFT (FP32),3,q_proj,attn,model.layers.3.self_attn.q_proj.weight,2359296,2359221,75,3.178914388024534e-05,521826,1837470,0.7788213094075521,1357088,0.4247911241319444,451583,0.8085941738552518
adamw_sft_fp32,AdamW + SFT (FP32),3,v_proj,attn,model.layers.3.self_attn.v_proj.weight,393216,393210,6,1.52587890625e-05,101705,291511,0.741350809733073,235675,0.4006474812825521,89140,0.7733052571614584
adamw_sft_fp32,AdamW + SFT (FP32),4,down_proj,mlp,model.layers.4.mlp.down_proj.weight,13762560,13762189,371,2.6957194010468477e-05,3010618,10751942,0.7812457856677828,7780765,0.4346426100957961,2593508,0.8115533737909226
adamw_sft_fp32,AdamW + SFT (FP32),4,gate_proj,mlp,model.layers.4.mlp.gate_proj.weight,13762560,13762138,422,3.066289992559312e-05,2527909,11234651,0.8163198561895462,7797442,0.4334308442615328,2184818,0.8412491571335565
adamw_sft_fp32,AdamW + SFT (FP32),4,up_proj,mlp,model.layers.4.mlp.up_proj.weight,13762560,13762120,440,3.1970796130931234e-05,2949969,10812591,0.785652596609933,7797012,0.43346208844866074,2544522,0.8151127406529017
adamw_sft_fp32,AdamW + SFT (FP32),4,k_proj,attn,model.layers.4.self_attn.k_proj.weight,393216,393202,14,3.560384114587034e-05,73385,319831,0.8133722941080729,225559,0.4263737996419271,63448,0.8386433919270834
adamw_sft_fp32,AdamW + SFT (FP32),4,o_proj,attn,model.layers.4.self_attn.o_proj.weight,2359296,2359231,65,2.7550591362834886e-05,547663,1811633,0.7678701612684462,1346053,0.42946836683485246,471470,0.8001649644639757
adamw_sft_fp32,AdamW + SFT (FP32),4,q_proj,attn,model.layers.4.self_attn.q_proj.weight,2359296,2359223,73,3.0941433376785454e-05,488803,1870493,0.7928182813856337,1354673,0.42581473456488717,422754,0.8208134969075521
adamw_sft_fp32,AdamW + SFT (FP32),4,v_proj,attn,model.layers.4.self_attn.v_proj.weight,393216,393201,15,3.814697265625e-05,83399,309817,0.7879053751627604,224950,0.42792256673177087,71948,0.8170267740885416
adamw_sft_fp32,AdamW + SFT (FP32),5,down_proj,mlp,model.layers.5.mlp.down_proj.weight,13762560,13762172,388,2.8192429315510026e-05,3059837,10702723,0.7776694888160343,7783337,0.43445572626023066,2633873,0.8086204165504092
adamw_sft_fp32,AdamW + SFT (FP32),5,gate_proj,mlp,model.layers.5.mlp.gate_proj.weight,13762560,13762060,500,3.633045014883596e-05,2459563,11302997,0.8212859380812871,7799669,0.4332690284365699,2126514,0.845485578264509
adamw_sft_fp32,AdamW + SFT (FP32),5,up_proj,mlp,model.layers.5.mlp.up_proj.weight,13762560,13762173,387,2.8119768415213464e-05,2981486,10781074,0.783362543015253,7790946,0.4339028494698661,2569586,0.8132915678478423
adamw_sft_fp32,AdamW + SFT (FP32),5,k_proj,attn,model.layers.5.self_attn.k_proj.weight,393216,393202,14,3.560384114587034e-05,71917,321299,0.8171056111653646,218874,0.4433746337890625,61486,0.8436330159505209
adamw_sft_fp32,AdamW + SFT (FP32),5,o_proj,attn,model.layers.5.self_attn.o_proj.weight,2359296,2359216,80,3.3908420138839546e-05,563267,1796029,0.7612563239203559,1339937,0.43206066555447054,483210,0.7951889038085938
adamw_sft_fp32,AdamW + SFT (FP32),5,q_proj,attn,model.layers.5.self_attn.q_proj.weight,2359296,2359228,68,2.8822157118080227e-05,496230,1863066,0.7896703084309896,1317239,0.4416813320583768,422656,0.8208550347222222
adamw_sft_fp32,AdamW + SFT (FP32),5,v_proj,attn,model.layers.5.self_attn.v_proj.weight,393216,393203,13,3.306070963537966e-05,93709,299507,0.7616856892903646,222678,0.4337005615234375,80059,0.7963994344075521
adamw_sft_fp32,AdamW + SFT (FP32),6,down_proj,mlp,model.layers.6.mlp.down_proj.weight,13762560,13762170,390,2.833775111610315e-05,2997522,10765038,0.7821973528180803,7745378,0.4372138613746279,2577238,0.8127355666387649
adamw_sft_fp32,AdamW + SFT (FP32),6,gate_proj,mlp,model.layers.6.mlp.gate_proj.weight,13762560,13762074,486,3.5313197544684094e-05,2446780,11315780,0.8222147623697916,7762235,0.435989016578311,2111506,0.8465760730561755
adamw_sft_fp32,AdamW + SFT (FP32),6,up_proj,mlp,model.layers.6.mlp.up_proj.weight,13762560,13762162,398,2.8919038318475643e-05,2914861,10847699,0.7882035754975818,7740402,0.43757542201450894,2505796,0.8179266066778274
adamw_sft_fp32,AdamW + SFT (FP32),6,k_proj,attn,model.layers.6.self_attn.k_proj.weight,393216,393199,17,4.323323567712034e-05,69294,323922,0.8237762451171875,218533,0.4442418416341146,59321,0.8491388956705729
adamw_sft_fp32,AdamW + SFT (FP32),6,o_proj,attn,model.layers.6.self_attn.o_proj.weight,2359296,2359218,78,3.306070963537966e-05,514861,1844435,0.7817734612358941,1336115,0.4336806403266059,442425,0.812475840250651
adamw_sft_fp32,AdamW + SFT (FP32),6,q_proj,attn,model.layers.6.self_attn.q_proj.weight,2359296,2359203,93,3.941853841149534e-05,489443,1869853,0.7925470140245225,1327512,0.43732706705729163,420341,0.8218362596299913
adamw_sft_fp32,AdamW + SFT (FP32),6,v_proj,attn,model.layers.6.self_attn.v_proj.weight,393216,393207,9,2.288818359375e-05,80943,312273,0.7941513061523438,224461,0.4291661580403646,69636,0.822906494140625
adamw_sft_fp32,AdamW + SFT (FP32),7,down_proj,mlp,model.layers.7.mlp.down_proj.weight,13762560,13762144,416,3.0226934523813753e-05,2895208,10867352,0.7896315801711309,7739052,0.43767351422991074,2489180,0.8191339401971727
adamw_sft_fp32,AdamW + SFT (FP32),7,gate_proj,mlp,model.layers.7.mlp.gate_proj.weight,13762560,13762082,478,3.47319103423116e-05,2566038,11196522,0.8135493687220983,7726032,0.43861955915178574,2208444,0.839532470703125
adamw_sft_fp32,AdamW + SFT (FP32),7,up_proj,mlp,model.layers.7.mlp.up_proj.weight,13762560,13762103,457,3.320603143597278e-05,2795243,10967317,0.7968951270693825,7730478,0.43829650878906246,2403225,0.8253795078822544
adamw_sft_fp32,AdamW + SFT (FP32),7,k_proj,attn,model.layers.7.self_attn.k_proj.weight,393216,393192,24,6.103515625e-05,66890,326326,0.8298899332682291,220827,0.43840789794921875,57443,0.8539148966471354
adamw_sft_fp32,AdamW + SFT (FP32),7,o_proj,attn,model.layers.7.self_attn.o_proj.weight,2359296,2359244,52,2.2040473090290114e-05,535696,1823600,0.7729424370659722,1319994,0.44051361083984375,458030,0.805861579047309
adamw_sft_fp32,AdamW + SFT (FP32),7,q_proj,attn,model.layers.7.self_attn.q_proj.weight,2359296,2359214,82,3.4756130642410454e-05,462282,1897014,0.8040593465169271,1314290,0.44293128119574654,395022,0.8325678507486979
adamw_sft_fp32,AdamW + SFT (FP32),7,v_proj,attn,model.layers.7.self_attn.v_proj.weight,393216,393205,11,2.797444661462034e-05,90450,302766,0.7699737548828125,225370,0.42685445149739587,78168,0.80120849609375
adamw_sft_fp32,AdamW + SFT (FP32),8,down_proj,mlp,model.layers.8.mlp.down_proj.weight,13762560,13762112,448,3.255208333330373e-05,2982383,10780177,0.783297366187686,7726966,0.43855169387090776,2561522,0.8138775053478422
adamw_sft_fp32,AdamW + SFT (FP32),8,gate_proj,mlp,model.layers.8.mlp.gate_proj.weight,13762560,13762104,456,3.313337053567622e-05,2589974,11172586,0.8118101574125745,7718239,0.43918580554780506,2227779,0.8381275721958705
adamw_sft_fp32,AdamW + SFT (FP32),8,up_proj,mlp,model.layers.8.mlp.up_proj.weight,13762560,13762137,423,3.0735560825889685e-05,2833930,10928630,0.7940840948195684,7710355,0.4397586640857515,2434776,0.8230869838169643
adamw_sft_fp32,AdamW + SFT (FP32),8,k_proj,attn,model.layers.8.self_attn.k_proj.weight,393216,393202,14,3.560384114587034e-05,65147,328069,0.8343226114908854,222516,0.434112548828125,56331,0.8567428588867188
adamw_sft_fp32,AdamW + SFT (FP32),8,o_proj,attn,model.layers.8.self_attn.o_proj.weight,2359296,2359223,73,3.0941433376785454e-05,520993,1838303,0.7791743808322482,1320813,0.4401664733886719,445666,0.8111021253797743
adamw_sft_fp32,AdamW + SFT (FP32),8,q_proj,attn,model.layers.8.self_attn.q_proj.weight,2359296,2359219,77,3.263685438370523e-05,453408,1905888,0.8078206380208334,1322902,0.4392810397677951,389272,0.8350050184461806
adamw_sft_fp32,AdamW + SFT (FP32),8,v_proj,attn,model.layers.8.self_attn.v_proj.weight,393216,393205,11,2.797444661462034e-05,80304,312912,0.7957763671875,220574,0.43905131022135413,68608,0.8255208333333334
adamw_sft_fp32,AdamW + SFT (FP32),9,down_proj,mlp,model.layers.9.mlp.down_proj.weight,13762560,13762154,406,2.9500325520848136e-05,2935634,10826926,0.7866941906156995,7725392,0.4386660621279762,2521650,0.8167746407645089
adamw_sft_fp32,AdamW + SFT (FP32),9,gate_proj,mlp,model.layers.9.mlp.gate_proj.weight,13762560,13762082,478,3.47319103423116e-05,2605463,11157097,0.8106847127278646,7704695,0.440169924781436,2240695,0.8371890840076265
adamw_sft_fp32,AdamW + SFT (FP32),9,up_proj,mlp,model.layers.9.mlp.up_proj.weight,13762560,13762140,420,3.0517578125e-05,2788672,10973888,0.7973725818452381,7690948,0.4411687941778274,2392332,0.8261710030691964
adamw_sft_fp32,AdamW + SFT (FP32),9,k_proj,attn,model.layers.9.self_attn.k_proj.weight,393216,393199,17,4.323323567712034e-05,74359,318857,0.8108952840169271,217368,0.44720458984375,62654,0.8406626383463541
adamw_sft_fp32,AdamW + SFT (FP32),9,o_proj,attn,model.layers.9.self_attn.o_proj.weight,2359296,2359229,67,2.8398301866294773e-05,601123,1758173,0.7452108595106337,1319239,0.44083362155490446,511121,0.7833586798773872
adamw_sft_fp32,AdamW + SFT (FP32),9,q_proj,attn,model.layers.9.self_attn.q_proj.weight,2359296,2359207,89,3.7723117404464546e-05,524941,1834355,0.7775010002983941,1307128,0.4459669325086806,443666,0.8119498358832465
adamw_sft_fp32,AdamW + SFT (FP32),9,v_proj,attn,model.layers.9.self_attn.v_proj.weight,393216,393198,18,4.57763671875e-05,95913,297303,0.7560806274414062,218831,0.4434839884440104,80549,0.7951532999674479
adamw_sft_bf16,AdamW + SFT (BF16),-1,embed,embed,model.embed_tokens.weight,233373696,565558,232808138,0.9975765992067932,565558,232808138,0.9975765992067932,175961,0.9992460118555949,173003,0.9992586868059029
adamw_sft_bf16,AdamW + SFT (BF16),0,down_proj,mlp,model.layers.0.mlp.down_proj.weight,13762560,288975,13473585,0.9790028163364956,288975,13473585,0.9790028163364956,222112,0.9838611421130953,221964,0.9838718959263393
adamw_sft_bf16,AdamW + SFT (BF16),0,gate_proj,mlp,model.layers.0.mlp.gate_proj.weight,13762560,245806,13516754,0.9821395147414435,245806,13516754,0.9821395147414435,194493,0.9858679635184152,194382,0.9858760288783482
adamw_sft_bf16,AdamW + SFT (BF16),0,up_proj,mlp,model.layers.0.mlp.up_proj.weight,13762560,299598,13462962,0.978230939592634,299598,13462962,0.978230939592634,239752,0.9825794038318453,239627,0.9825884864443825
adamw_sft_bf16,AdamW + SFT (BF16),0,k_proj,attn,model.layers.0.self_attn.k_proj.weight,393216,4304,388912,0.9890543619791666,4304,388912,0.9890543619791666,3662,0.9906870524088541,3659,0.9906946818033854
adamw_sft_bf16,AdamW + SFT (BF16),0,o_proj,attn,model.layers.0.self_attn.o_proj.weight,2359296,70346,2288950,0.9701834784613715,70346,2288950,0.9701834784613715,58323,0.9752794901529948,58297,0.97529051038954
adamw_sft_bf16,AdamW + SFT (BF16),0,q_proj,attn,model.layers.0.self_attn.q_proj.weight,2359296,32846,2326450,0.9860780504014757,32846,2326450,0.9860780504014757,27016,0.9885491265190972,26996,0.9885576036241319
adamw_sft_bf16,AdamW + SFT (BF16),0,v_proj,attn,model.layers.0.self_attn.v_proj.weight,393216,11999,381217,0.9694849650065104,11999,381217,0.9694849650065104,9816,0.97503662109375,9814,0.9750417073567709
adamw_sft_bf16,AdamW + SFT (BF16),1,down_proj,mlp,model.layers.1.mlp.down_proj.weight,13762560,295973,13466587,0.9784943353562128,295973,13466587,0.9784943353562128,221887,0.9838774908156622,221740,0.9838881719680059
adamw_sft_bf16,AdamW + SFT (BF16),1,gate_proj,mlp,model.layers.1.mlp.gate_proj.weight,13762560,245822,13516738,0.9821383521670387,245822,13516738,0.9821383521670387,188926,0.9862724667503721,188803,0.9862814040411086
adamw_sft_bf16,AdamW + SFT (BF16),1,up_proj,mlp,model.layers.1.mlp.up_proj.weight,13762560,291132,13471428,0.9788460867745535,291132,13471428,0.9788460867745535,224561,0.9836831955682663,224434,0.9836924235026042
adamw_sft_bf16,AdamW + SFT (BF16),1,k_proj,attn,model.layers.1.self_attn.k_proj.weight,393216,4851,388365,0.9876632690429688,4851,388365,0.9876632690429688,3885,0.9901199340820312,3882,0.9901275634765625
adamw_sft_bf16,AdamW + SFT (BF16),1,o_proj,attn,model.layers.1.self_attn.o_proj.weight,2359296,60421,2298875,0.9743902418348525,60421,2298875,0.9743902418348525,48485,0.9794493781195747,48451,0.9794637891981337
adamw_sft_bf16,AdamW + SFT (BF16),1,q_proj,attn,model.layers.1.self_attn.q_proj.weight,2359296,37065,2322231,0.984289805094401,37065,2322231,0.984289805094401,28582,0.9878853691948785,28562,0.9878938462999132
adamw_sft_bf16,AdamW + SFT (BF16),1,v_proj,attn,model.layers.1.self_attn.v_proj.weight,393216,12196,381020,0.9689839680989584,12196,381020,0.9689839680989584,10202,0.9740549723307291,10196,0.9740702311197916
adamw_sft_bf16,AdamW + SFT (BF16),10,down_proj,mlp,model.layers.10.mlp.down_proj.weight,13762560,297540,13465020,0.9783804757254464,297540,13465020,0.9783804757254464,197798,0.9856278192429315,197597,0.9856424240838914
adamw_sft_bf16,AdamW + SFT (BF16),10,gate_proj,mlp,model.layers.10.mlp.gate_proj.weight,13762560,260271,13502289,0.9810884748186384,260271,13502289,0.9810884748186384,163535,0.9881173996698289,163306,0.9881340390159971
adamw_sft_bf16,AdamW + SFT (BF16),10,up_proj,mlp,model.layers.10.mlp.up_proj.weight,13762560,277352,13485208,0.9798473539806548,277352,13485208,0.9798473539806548,183008,0.9867024739583333,182858,0.9867133730933779
adamw_sft_bf16,AdamW + SFT (BF16),10,k_proj,attn,model.layers.10.self_attn.k_proj.weight,393216,7693,385523,0.9804356892903646,7693,385523,0.9804356892903646,4759,0.9878972371419271,4754,0.9879099527994791
adamw_sft_bf16,AdamW + SFT (BF16),10,o_proj,attn,model.layers.10.self_attn.o_proj.weight,2359296,57480,2301816,0.9756368001302084,57480,2301816,0.9756368001302084,37873,0.9839473300509982,37840,0.9839613172743056
adamw_sft_bf16,AdamW + SFT (BF16),10,q_proj,attn,model.layers.10.self_attn.q_proj.weight,2359296,49823,2309473,0.9788822597927518,49823,2309473,0.9788822597927518,30941,0.986885494656033,30910,0.9868986341688368
adamw_sft_bf16,AdamW + SFT (BF16),10,v_proj,attn,model.layers.10.self_attn.v_proj.weight,393216,8894,384322,0.9773813883463541,8894,384322,0.9773813883463541,5935,0.9849065144856771,5931,0.9849166870117188
adamw_sft_bf16,AdamW + SFT (BF16),11,down_proj,mlp,model.layers.11.mlp.down_proj.weight,13762560,301592,13460968,0.9780860537574405,301592,13460968,0.9780860537574405,201618,0.9853502546037947,201407,0.9853655860537575
adamw_sft_bf16,AdamW + SFT (BF16),11,gate_proj,mlp,model.layers.11.mlp.gate_proj.weight,13762560,262154,13500406,0.9809516543433779,262154,13500406,0.9809516543433779,165215,0.9879953293573289,165021,0.9880094255719866
adamw_sft_bf16,AdamW + SFT (BF16),11,up_proj,mlp,model.layers.11.mlp.up_proj.weight,13762560,278448,13484112,0.9797677176339286,278448,13484112,0.9797677176339286,183916,0.986636497860863,183761,0.9866477603004092
adamw_sft_bf16,AdamW + SFT (BF16),11,k_proj,attn,model.layers.11.self_attn.k_proj.weight,393216,6940,386276,0.9823506673177084,6940,386276,0.9823506673177084,4416,0.98876953125,4413,0.9887771606445312
adamw_sft_bf16,AdamW + SFT (BF16),11,o_proj,attn,model.layers.11.self_attn.o_proj.weight,2359296,60334,2298962,0.9744271172417535,60334,2298962,0.9744271172417535,38601,0.9836387634277344,38552,0.9836595323350694
adamw_sft_bf16,AdamW + SFT (BF16),11,q_proj,attn,model.layers.11.self_attn.q_proj.weight,2359296,46251,2313045,0.9803962707519531,46251,2313045,0.9803962707519531,28247,0.98802736070421,28212,0.9880421956380209
adamw_sft_bf16,AdamW + SFT (BF16),11,v_proj,attn,model.layers.11.self_attn.v_proj.weight,393216,8659,384557,0.9779790242513021,8659,384557,0.9779790242513021,5862,0.9850921630859375,5846,0.9851328531901041
adamw_sft_bf16,AdamW + SFT (BF16),12,down_proj,mlp,model.layers.12.mlp.down_proj.weight,13762560,310317,13452243,0.9774520874023438,310317,13452243,0.9774520874023438,207104,0.984951636904762,206921,0.9849649338495163
adamw_sft_bf16,AdamW + SFT (BF16),12,gate_proj,mlp,model.layers.12.mlp.gate_proj.weight,13762560,257796,13504764,0.981268310546875,257796,13504764,0.981268310546875,159553,0.9884067353748139,159359,0.9884208315894717
adamw_sft_bf16,AdamW + SFT (BF16),12,up_proj,mlp,model.layers.12.mlp.up_proj.weight,13762560,285745,13476815,0.9792375110444569,285745,13476815,0.9792375110444569,185250,0.9865395682198661,185085,0.9865515572684151
adamw_sft_bf16,AdamW + SFT (BF16),12,k_proj,attn,model.layers.12.self_attn.k_proj.weight,393216,7582,385634,0.9807179768880209,7582,385634,0.9807179768880209,4909,0.9875157674153646,4903,0.9875310262044271
adamw_sft_bf16,AdamW + SFT (BF16),12,o_proj,attn,model.layers.12.self_attn.o_proj.weight,2359296,58826,2300470,0.9750662909613715,58826,2300470,0.9750662909613715,38615,0.98363282945421,38585,0.9836455451117622
adamw_sft_bf16,AdamW + SFT (BF16),12,q_proj,attn,model.layers.12.self_attn.q_proj.weight,2359296,49980,2309316,0.9788157145182291,49980,2309316,0.9788157145182291,31041,0.9868431091308594,31011,0.9868558247884115
adamw_sft_bf16,AdamW + SFT (BF16),12,v_proj,attn,model.layers.12.self_attn.v_proj.weight,393216,8623,384593,0.9780705769856771,8623,384593,0.9780705769856771,5937,0.9849014282226562,5936,0.9849039713541666
adamw_sft_bf16,AdamW + SFT (BF16),13,down_proj,mlp,model.layers.13.mlp.down_proj.weight,13762560,301661,13460899,0.9780810401553199,301661,13460899,0.9780810401553199,199667,0.9854920160202753,199483,0.98550538562593
adamw_sft_bf16,AdamW + SFT (BF16),13,gate_proj,mlp,model.layers.13.mlp.gate_proj.weight,13762560,269134,13493426,0.9804444812593006,269134,13493426,0.9804444812593006,167377,0.9878382364908854,167193,0.9878516060965402
adamw_sft_bf16,AdamW + SFT (BF16),13,up_proj,mlp,model.layers.13.mlp.up_proj.weight,13762560,279977,13482583,0.9796566191173736,279977,13482583,0.9796566191173736,181244,0.9868306477864583,181090,0.9868418375651041
adamw_sft_bf16,AdamW + SFT (BF16),13,k_proj,attn,model.layers.13.self_attn.k_proj.weight,393216,6762,386454,0.9828033447265625,6762,386454,0.9828033447265625,4141,0.9894688924153646,4136,0.9894816080729166
adamw_sft_bf16,AdamW + SFT (BF16),13,o_proj,attn,model.layers.13.self_attn.o_proj.weight,2359296,60995,2298301,0.9741469489203559,60995,2298301,0.9741469489203559,38810,0.9835501776801215,38768,0.9835679796006944
adamw_sft_bf16,AdamW + SFT (BF16),13,q_proj,attn,model.layers.13.self_attn.q_proj.weight,2359296,47111,2312185,0.98003175523546,47111,2312185,0.98003175523546,28598,0.9878785875108507,28571,0.9878900316026475
adamw_sft_bf16,AdamW + SFT (BF16),13,v_proj,attn,model.layers.13.self_attn.v_proj.weight,393216,9022,384194,0.9770558675130209,9022,384194,0.9770558675130209,5917,0.9849522908528646,5915,0.9849573771158854
adamw_sft_bf16,AdamW + SFT (BF16),14,down_proj,mlp,model.layers.14.mlp.down_proj.weight,13762560,303823,13458737,0.9779239472888764,303823,13458737,0.9779239472888764,202955,0.9852531069800967,202797,0.9852645874023438
adamw_sft_bf16,AdamW + SFT (BF16),14,gate_proj,mlp,model.layers.14.mlp.gate_proj.weight,13762560,279187,13483373,0.9797140212286086,279187,13483373,0.9797140212286086,178491,0.9870306832449777,178311,0.9870437622070313
adamw_sft_bf16,AdamW + SFT (BF16),14,up_proj,mlp,model.layers.14.mlp.up_proj.weight,13762560,284673,13477887,0.9793154035295759,284673,13477887,0.9793154035295759,188323,0.9863162812732514,188162,0.9863279796781994
adamw_sft_bf16,AdamW + SFT (BF16),14,k_proj,attn,model.layers.14.self_attn.k_proj.weight,393216,9460,383756,0.9759419759114584,9460,383756,0.9759419759114584,4780,0.9878438313802084,4773,0.9878616333007812
adamw_sft_bf16,AdamW + SFT (BF16),14,o_proj,attn,model.layers.14.self_attn.o_proj.weight,2359296,64332,2294964,0.9727325439453125,64332,2294964,0.9727325439453125,38621,0.9836302863226997,38567,0.9836531745062934
adamw_sft_bf16,AdamW + SFT (BF16),14,q_proj,attn,model.layers.14.self_attn.q_proj.weight,2359296,55892,2303404,0.9763098822699653,55892,2303404,0.9763098822699653,30050,0.9872631496853299,29996,0.9872860378689237
adamw_sft_bf16,AdamW + SFT (BF16),14,v_proj,attn,model.layers.14.self_attn.v_proj.weight,393216,10659,382557,0.9728927612304688,10659,382557,0.9728927612304688,6207,0.9842147827148438,6200,0.9842325846354166
adamw_sft_bf16,AdamW + SFT (BF16),15,down_proj,mlp,model.layers.15.mlp.down_proj.weight,13762560,302977,13459583,0.9779854184105283,302977,13459583,0.9779854184105283,198256,0.9855945405505953,198057,0.9856090000697545
adamw_sft_bf16,AdamW + SFT (BF16),15,gate_proj,mlp,model.layers.15.mlp.gate_proj.weight,13762560,273752,13488808,0.9801089332217262,273752,13488808,0.9801089332217262,168195,0.987778799874442,167991,0.9877936226981027
adamw_sft_bf16,AdamW + SFT (BF16),15,up_proj,mlp,model.layers.15.mlp.up_proj.weight,13762560,278039,13484521,0.9797974359421503,278039,13484521,0.9797974359421503,178972,0.9869957333519346,178790,0.9870089576357887
adamw_sft_bf16,AdamW + SFT (BF16),15,k_proj,attn,model.layers.15.self_attn.k_proj.weight,393216,8468,384748,0.9784647623697916,8468,384748,0.9784647623697916,5405,0.9862543741861979,5400,0.98626708984375
adamw_sft_bf16,AdamW + SFT (BF16),15,o_proj,attn,model.layers.15.self_attn.o_proj.weight,2359296,56596,2302700,0.9760114881727431,56596,2302700,0.9760114881727431,36285,0.9846204121907552,36251,0.9846348232693143
adamw_sft_bf16,AdamW + SFT (BF16),15,q_proj,attn,model.layers.15.self_attn.q_proj.weight,2359296,54439,2304857,0.9769257439507378,54439,2304857,0.9769257439507378,32423,0.98625734117296,32393,0.9862700568305122
adamw_sft_bf16,AdamW + SFT (BF16),15,v_proj,attn,model.layers.15.self_attn.v_proj.weight,393216,7923,385293,0.9798507690429688,7923,385293,0.9798507690429688,5549,0.9858881632486979,5547,0.9858932495117188
adamw_sft_bf16,AdamW + SFT (BF16),16,down_proj,mlp,model.layers.16.mlp.down_proj.weight,13762560,298596,13463964,0.9783037458147321,298596,13463964,0.9783037458147321,193895,0.9859114147367931,193728,0.9859235491071429
adamw_sft_bf16,AdamW + SFT (BF16),16,gate_proj,mlp,model.layers.16.mlp.gate_proj.weight,13762560,279617,13482943,0.9796827770414807,279617,13482943,0.9796827770414807,167052,0.9878618512834821,166839,0.9878773280552455
adamw_sft_bf16,AdamW + SFT (BF16),16,up_proj,mlp,model.layers.16.mlp.up_proj.weight,13762560,278613,13483947,0.9797557285853795,278613,13483947,0.9797557285853795,174821,0.9872973487490699,174644,0.9873102097284226
adamw_sft_bf16,AdamW + SFT (BF16),16,k_proj,attn,model.layers.16.self_attn.k_proj.weight,393216,6949,386267,0.9823277791341146,6949,386267,0.9823277791341146,4065,0.9896621704101562,4062,0.9896697998046875
adamw_sft_bf16,AdamW + SFT (BF16),16,o_proj,attn,model.layers.16.self_attn.o_proj.weight,2359296,59101,2300195,0.9749497307671441,59101,2300195,0.9749497307671441,36339,0.9845975240071615,36295,0.9846161736382378
adamw_sft_bf16,AdamW + SFT (BF16),16,q_proj,attn,model.layers.16.self_attn.q_proj.weight,2359296,46630,2312666,0.9802356296115451,46630,2312666,0.9802356296115451,26822,0.988631354437934,26775,0.9886512756347656
adamw_sft_bf16,AdamW + SFT (BF16),16,v_proj,attn,model.layers.16.self_attn.v_proj.weight,393216,8090,385126,0.9794260660807291,8090,385126,0.9794260660807291,5124,0.986968994140625,5121,0.9869766235351562
adamw_sft_bf16,AdamW + SFT (BF16),17,down_proj,mlp,model.layers.17.mlp.down_proj.weight,13762560,293527,13469033,0.9786720639183408,293527,13469033,0.9786720639183408,190413,0.9861644199916295,190237,0.9861772083100818
adamw_sft_bf16,AdamW + SFT (BF16),17,gate_proj,mlp,model.layers.17.mlp.gate_proj.weight,13762560,277295,13485265,0.9798514956519717,277295,13485265,0.9798514956519717,163457,0.988123067220052,163236,0.9881391252790178
adamw_sft_bf16,AdamW + SFT (BF16),17,up_proj,mlp,model.layers.17.mlp.up_proj.weight,13762560,275306,13487254,0.9799960181826637,275306,13487254,0.9799960181826637,173030,0.987427484421503,172826,0.9874423072451637
adamw_sft_bf16,AdamW + SFT (BF16),17,k_proj,attn,model.layers.17.self_attn.k_proj.weight,393216,9265,383951,0.9764378865559896,9265,383951,0.9764378865559896,4931,0.9874598185221354,4927,0.9874699910481771
adamw_sft_bf16,AdamW + SFT (BF16),17,o_proj,attn,model.layers.17.self_attn.o_proj.weight,2359296,55564,2303732,0.9764489067925347,55564,2303732,0.9764489067925347,32872,0.9860670301649306,32839,0.9860810173882378
adamw_sft_bf16,AdamW + SFT (BF16),17,q_proj,attn,model.layers.17.self_attn.q_proj.weight,2359296,54533,2304763,0.9768859015570747,54533,2304763,0.9768859015570747,28416,0.9879557291666666,28359,0.9879798889160156
adamw_sft_bf16,AdamW + SFT (BF16),17,v_proj,attn,model.layers.17.self_attn.v_proj.weight,393216,8667,384549,0.9779586791992188,8667,384549,0.9779586791992188,5254,0.9866383870442709,5251,0.9866460164388021
adamw_sft_bf16,AdamW + SFT (BF16),18,down_proj,mlp,model.layers.18.mlp.down_proj.weight,13762560,291317,13471243,0.9788326445079986,291317,13471243,0.9788326445079986,190236,0.9861772809709821,190054,0.9861905052548363
adamw_sft_bf16,AdamW + SFT (BF16),18,gate_proj,mlp,model.layers.18.mlp.gate_proj.weight,13762560,266390,13496170,0.9806438627697173,266390,13496170,0.9806438627697173,155372,0.9887105305989583,155125,0.9887284778413319
adamw_sft_bf16,AdamW + SFT (BF16),18,up_proj,mlp,model.layers.18.mlp.up_proj.weight,13762560,276747,13485813,0.9798913138253348,276747,13485813,0.9798913138253348,176153,0.9872005644298735,175948,0.9872154599144345
adamw_sft_bf16,AdamW + SFT (BF16),18,k_proj,attn,model.layers.18.self_attn.k_proj.weight,393216,7844,385372,0.9800516764322916,7844,385372,0.9800516764322916,4696,0.9880574544270834,4688,0.9880777994791666
adamw_sft_bf16,AdamW + SFT (BF16),18,o_proj,attn,model.layers.18.self_attn.o_proj.weight,2359296,56550,2302746,0.9760309855143229,56550,2302746,0.9760309855143229,37143,0.9842567443847656,37113,0.9842694600423177
adamw_sft_bf16,AdamW + SFT (BF16),18,q_proj,attn,model.layers.18.self_attn.q_proj.weight,2359296,50085,2309211,0.9787712097167969,50085,2309211,0.9787712097167969,28169,0.9880604214138455,28119,0.9880816141764323
adamw_sft_bf16,AdamW + SFT (BF16),18,v_proj,attn,model.layers.18.self_attn.v_proj.weight,393216,11296,381920,0.9712727864583334,11296,381920,0.9712727864583334,7317,0.9813919067382812,7313,0.9814020792643229
adamw_sft_bf16,AdamW + SFT (BF16),19,down_proj,mlp,model.layers.19.mlp.down_proj.weight,13762560,286428,13476132,0.9791878836495536,286428,13476132,0.9791878836495536,188578,0.9862977527436756,188420,0.9863092331659227
adamw_sft_bf16,AdamW + SFT (BF16),19,gate_proj,mlp,model.layers.19.mlp.gate_proj.weight,13762560,264767,13497793,0.9807617914109003,264767,13497793,0.9807617914109003,155066,0.9887327648344494,154864,0.9887474423363095
adamw_sft_bf16,AdamW + SFT (BF16),19,up_proj,mlp,model.layers.19.mlp.up_proj.weight,13762560,271176,13491384,0.9802961077008928,271176,13491384,0.9802961077008928,170188,0.9876339867001488,170033,0.987645249139695
adamw_sft_bf16,AdamW + SFT (BF16),19,k_proj,attn,model.layers.19.self_attn.k_proj.weight,393216,8187,385029,0.9791793823242188,8187,385029,0.9791793823242188,4958,0.9873911539713541,4949,0.9874140421549479
adamw_sft_bf16,AdamW + SFT (BF16),19,o_proj,attn,model.layers.19.self_attn.o_proj.weight,2359296,49254,2310042,0.9791234334309896,49254,2310042,0.9791234334309896,30804,0.9869435628255209,30774,0.9869562784830729
adamw_sft_bf16,AdamW + SFT (BF16),19,q_proj,attn,model.layers.19.self_attn.q_proj.weight,2359296,52172,2307124,0.9778866238064237,52172,2307124,0.9778866238064237,28034,0.9881176418728299,27982,0.9881396823459201
adamw_sft_bf16,AdamW + SFT (BF16),19,v_proj,attn,model.layers.19.self_attn.v_proj.weight,393216,7380,385836,0.981231689453125,7380,385836,0.981231689453125,5030,0.9872080485026041,5028,0.987213134765625
adamw_sft_bf16,AdamW + SFT (BF16),2,down_proj,mlp,model.layers.2.mlp.down_proj.weight,13762560,290971,13471589,0.9788577851795015,290971,13471589,0.9788577851795015,216165,0.9842932564871651,216007,0.9843047369094122
adamw_sft_bf16,AdamW + SFT (BF16),2,gate_proj,mlp,model.layers.2.mlp.gate_proj.weight,13762560,242857,13519703,0.9823537917364211,242857,13519703,0.9823537917364211,180560,0.9868803478422619,180444,0.9868887765066964
adamw_sft_bf16,AdamW + SFT (BF16),2,up_proj,mlp,model.layers.2.mlp.up_proj.weight,13762560,288559,13474001,0.9790330432710194,288559,13474001,0.9790330432710194,221021,0.9839404151553199,220892,0.9839497884114583
adamw_sft_bf16,AdamW + SFT (BF16),2,k_proj,attn,model.layers.2.self_attn.k_proj.weight,393216,5571,387645,0.9858322143554688,5571,387645,0.9858322143554688,4224,0.9892578125,4222,0.9892628987630209
adamw_sft_bf16,AdamW + SFT (BF16),2,o_proj,attn,model.layers.2.self_attn.o_proj.weight,2359296,55478,2303818,0.976485358344184,55478,2303818,0.976485358344184,40149,0.9829826354980469,40107,0.9830004374186198
adamw_sft_bf16,AdamW + SFT (BF16),2,q_proj,attn,model.layers.2.self_attn.q_proj.weight,2359296,43109,2316187,0.981728023952908,43109,2316187,0.981728023952908,32276,0.9863196478949653,32249,0.9863310919867622
adamw_sft_bf16,AdamW + SFT (BF16),2,v_proj,attn,model.layers.2.self_attn.v_proj.weight,393216,11634,381582,0.9704132080078125,11634,381582,0.9704132080078125,9220,0.9765523274739584,9214,0.9765675862630209
adamw_sft_bf16,AdamW + SFT (BF16),20,down_proj,mlp,model.layers.20.mlp.down_proj.weight,13762560,286748,13475812,0.9791646321614583,286748,13475812,0.9791646321614583,181174,0.9868357340494792,180988,0.9868492489769345
adamw_sft_bf16,AdamW + SFT (BF16),20,gate_proj,mlp,model.layers.20.mlp.gate_proj.weight,13762560,269387,13493173,0.9804260980515253,269387,13493173,0.9804260980515253,146935,0.9893235706147694,146666,0.9893431163969494
adamw_sft_bf16,AdamW + SFT (BF16),20,up_proj,mlp,model.layers.20.mlp.up_proj.weight,13762560,270491,13492069,0.9803458804175967,270491,13492069,0.9803458804175967,163592,0.9881132579985119,163374,0.9881290980747768
adamw_sft_bf16,AdamW + SFT (BF16),20,k_proj,attn,model.layers.20.self_attn.k_proj.weight,393216,8292,384924,0.978912353515625,8292,384924,0.978912353515625,4807,0.9877751668294271,4802,0.9877878824869791
adamw_sft_bf16,AdamW + SFT (BF16),20,o_proj,attn,model.layers.20.self_attn.o_proj.weight,2359296,50789,2308507,0.9784728156195747,50789,2308507,0.9784728156195747,32072,0.9864061143663194,32052,0.9864145914713541
adamw_sft_bf16,AdamW + SFT (BF16),20,q_proj,attn,model.layers.20.self_attn.q_proj.weight,2359296,52275,2307021,0.9778429667154948,52275,2307021,0.9778429667154948,28692,0.9878387451171875,28638,0.9878616333007812
adamw_sft_bf16,AdamW + SFT (BF16),20,v_proj,attn,model.layers.20.self_attn.v_proj.weight,393216,7106,386110,0.9819285074869791,7106,386110,0.9819285074869791,4809,0.9877700805664062,4806,0.9877777099609375
adamw_sft_bf16,AdamW + SFT (BF16),21,down_proj,mlp,model.layers.21.mlp.down_proj.weight,13762560,293226,13469334,0.9786939348493303,293226,13469334,0.9786939348493303,187881,0.9863483973911831,187687,0.9863624936058408
adamw_sft_bf16,AdamW + SFT (BF16),21,gate_proj,mlp,model.layers.21.mlp.gate_proj.weight,13762560,259787,13502773,0.9811236426943825,259787,13502773,0.9811236426943825,137227,0.9900289626348586,136943,0.9900495983305432
adamw_sft_bf16,AdamW + SFT (BF16),21,up_proj,mlp,model.layers.21.mlp.up_proj.weight,13762560,271082,13491478,0.9803029378255208,271082,13491478,0.9803029378255208,162031,0.9882266816638765,161819,0.9882420857747396
adamw_sft_bf16,AdamW + SFT (BF16),21,k_proj,attn,model.layers.21.self_attn.k_proj.weight,393216,8226,384990,0.9790802001953125,8226,384990,0.9790802001953125,4679,0.9881006876627604,4677,0.9881057739257812
adamw_sft_bf16,AdamW + SFT (BF16),21,o_proj,attn,model.layers.21.self_attn.o_proj.weight,2359296,52122,2307174,0.9779078165690104,52122,2307174,0.9779078165690104,32109,0.9863904317220052,32069,0.9864073859320747
adamw_sft_bf16,AdamW + SFT (BF16),21,q_proj,attn,model.layers.21.self_attn.q_proj.weight,2359296,51526,2307770,0.9781604342990451,51526,2307770,0.9781604342990451,27711,0.9882545471191406,27641,0.9882842169867622
adamw_sft_bf16,AdamW + SFT (BF16),21,v_proj,attn,model.layers.21.self_attn.v_proj.weight,393216,7652,385564,0.9805399576822916,7652,385564,0.9805399576822916,4565,0.9883906046549479,4557,0.9884109497070312
adamw_sft_bf16,AdamW + SFT (BF16),22,down_proj,mlp,model.layers.22.mlp.down_proj.weight,13762560,279238,13483322,0.9797103155226935,279238,13483322,0.9797103155226935,179937,0.9869256155831473,179759,0.9869385492234003
adamw_sft_bf16,AdamW + SFT (BF16),22,gate_proj,mlp,model.layers.22.mlp.gate_proj.weight,13762560,247683,13514877,0.9820031302315848,247683,13514877,0.9820031302315848,129589,0.9905839465913319,129321,0.9906034197126116
adamw_sft_bf16,AdamW + SFT (BF16),22,up_proj,mlp,model.layers.22.mlp.up_proj.weight,13762560,268510,13494050,0.9804898216610863,268510,13494050,0.9804898216610863,161177,0.9882887340727307,160971,0.988303702218192
adamw_sft_bf16,AdamW + SFT (BF16),22,k_proj,attn,model.layers.22.self_attn.k_proj.weight,393216,10806,382410,0.9725189208984375,10806,382410,0.9725189208984375,5072,0.9871012369791666,5052,0.987152099609375
adamw_sft_bf16,AdamW + SFT (BF16),22,o_proj,attn,model.layers.22.self_attn.o_proj.weight,2359296,44537,2314759,0.9811227586534288,44537,2314759,0.9811227586534288,25450,0.989212883843316,25417,0.9892268710666232
adamw_sft_bf16,AdamW + SFT (BF16),22,q_proj,attn,model.layers.22.self_attn.q_proj.weight,2359296,61905,2297391,0.973761240641276,61905,2297391,0.973761240641276,29034,0.9876937866210938,28942,0.9877327813042535
adamw_sft_bf16,AdamW + SFT (BF16),22,v_proj,attn,model.layers.22.self_attn.v_proj.weight,393216,9799,383417,0.9750798543294271,9799,383417,0.9750798543294271,5519,0.9859644571940104,5509,0.9859898885091146
adamw_sft_bf16,AdamW + SFT (BF16),23,down_proj,mlp,model.layers.23.mlp.down_proj.weight,13762560,274569,13487991,0.980049569266183,274569,13487991,0.980049569266183,172847,0.9874407813662575,172689,0.9874522617885044
adamw_sft_bf16,AdamW + SFT (BF16),23,gate_proj,mlp,model.layers.23.mlp.gate_proj.weight,13762560,244093,13518467,0.9822639828636532,244093,13518467,0.9822639828636532,123237,0.9910454886300223,122939,0.991067141578311
adamw_sft_bf16,AdamW + SFT (BF16),23,up_proj,mlp,model.layers.23.mlp.up_proj.weight,13762560,261561,13500999,0.9809947422572545,261561,13500999,0.9809947422572545,152430,0.9889242989676339,152227,0.9889390491303943
adamw_sft_bf16,AdamW + SFT (BF16),23,k_proj,attn,model.layers.23.self_attn.k_proj.weight,393216,8618,384598,0.9780832926432291,8618,384598,0.9780832926432291,4386,0.9888458251953125,4378,0.9888661702473959
adamw_sft_bf16,AdamW + SFT (BF16),23,o_proj,attn,model.layers.23.self_attn.o_proj.weight,2359296,46481,2312815,0.9802987840440538,46481,2312815,0.9802987840440538,26837,0.988624996609158,26807,0.98863771226671
adamw_sft_bf16,AdamW + SFT (BF16),23,q_proj,attn,model.layers.23.self_attn.q_proj.weight,2359296,49815,2309481,0.9788856506347656,49815,2309481,0.9788856506347656,23472,0.99005126953125,23409,0.9900779724121094
adamw_sft_bf16,AdamW + SFT (BF16),23,v_proj,attn,model.layers.23.self_attn.v_proj.weight,393216,8113,385103,0.9793675740559896,8113,385103,0.9793675740559896,4897,0.9875462849934896,4896,0.987548828125
adamw_sft_bf16,AdamW + SFT (BF16),24,down_proj,mlp,model.layers.24.mlp.down_proj.weight,13762560,269651,13492909,0.9804069155738467,269651,13492909,0.9804069155738467,165535,0.9879720778692336,165328,0.9879871186755952
adamw_sft_bf16,AdamW + SFT (BF16),24,gate_proj,mlp,model.layers.24.mlp.gate_proj.weight,13762560,246628,13515932,0.9820797874813988,246628,13515932,0.9820797874813988,121262,0.9911889939081101,120935,0.9912127540225074
adamw_sft_bf16,AdamW + SFT (BF16),24,up_proj,mlp,model.layers.24.mlp.up_proj.weight,13762560,254334,13508226,0.9815198625837054,254334,13508226,0.9815198625837054,145401,0.9894350324358259,145186,0.9894506545293899
adamw_sft_bf16,AdamW + SFT (BF16),24,k_proj,attn,model.layers.24.self_attn.k_proj.weight,393216,7521,385695,0.9808731079101562,7521,385695,0.9808731079101562,4469,0.9886347452799479,4463,0.9886500040690104
adamw_sft_bf16,AdamW + SFT (BF16),24,o_proj,attn,model.layers.24.self_attn.o_proj.weight,2359296,44354,2314942,0.9812003241644965,44354,2314942,0.9812003241644965,26050,0.9889585706922743,26017,0.9889725579155816
adamw_sft_bf16,AdamW + SFT (BF16),24,q_proj,attn,model.layers.24.self_attn.q_proj.weight,2359296,47463,2311833,0.979882558186849,47463,2311833,0.979882558186849,24973,0.9894150627983941,24930,0.9894332885742188
adamw_sft_bf16,AdamW + SFT (BF16),24,v_proj,attn,model.layers.24.self_attn.v_proj.weight,393216,6765,386451,0.9827957153320312,6765,386451,0.9827957153320312,4619,0.9882532755533854,4615,0.9882634480794271
adamw_sft_bf16,AdamW + SFT (BF16),25,down_proj,mlp,model.layers.25.mlp.down_proj.weight,13762560,259472,13503088,0.9811465308779762,259472,13503088,0.9811465308779762,152368,0.9889288039434524,152166,0.9889434814453125
adamw_sft_bf16,AdamW + SFT (BF16),25,gate_proj,mlp,model.layers.25.mlp.gate_proj.weight,13762560,249116,13513444,0.9818990071614583,249116,13513444,0.9818990071614583,111864,0.9918718610491072,111481,0.9918996901739211
adamw_sft_bf16,AdamW + SFT (BF16),25,up_proj,mlp,model.layers.25.mlp.up_proj.weight,13762560,246185,13516375,0.9821119762602306,246185,13516375,0.9821119762602306,130815,0.990494864327567,130553,0.990513901483445
adamw_sft_bf16,AdamW + SFT (BF16),25,k_proj,attn,model.layers.25.self_attn.k_proj.weight,393216,10855,382361,0.9723943074544271,10855,382361,0.9723943074544271,5988,0.984771728515625,5975,0.9848047892252604
adamw_sft_bf16,AdamW + SFT (BF16),25,o_proj,attn,model.layers.25.self_attn.o_proj.weight,2359296,39892,2319404,0.9830915662977431,39892,2319404,0.9830915662977431,23353,0.9901017083062066,23316,0.9901173909505209
adamw_sft_bf16,AdamW + SFT (BF16),25,q_proj,attn,model.layers.25.self_attn.q_proj.weight,2359296,62323,2296973,0.9735840691460503,62323,2296973,0.9735840691460503,25814,0.989058600531684,25715,0.9891005622016059
adamw_sft_bf16,AdamW + SFT (BF16),25,v_proj,attn,model.layers.25.self_attn.v_proj.weight,393216,6392,386824,0.9837443033854166,6392,386824,0.9837443033854166,4756,0.9879048665364584,4752,0.9879150390625
adamw_sft_bf16,AdamW + SFT (BF16),26,down_proj,mlp,model.layers.26.mlp.down_proj.weight,13762560,255194,13507366,0.9814573742094495,255194,13507366,0.9814573742094495,143069,0.9896044776553199,142841,0.9896210443405878
adamw_sft_bf16,AdamW + SFT (BF16),26,gate_proj,mlp,model.layers.26.mlp.gate_proj.weight,13762560,249458,13513102,0.9818741571335565,249458,13513102,0.9818741571335565,106772,0.9922418503534226,106374,0.9922707693917411
adamw_sft_bf16,AdamW + SFT (BF16),26,up_proj,mlp,model.layers.26.mlp.up_proj.weight,13762560,240741,13521819,0.9825075422014509,240741,13521819,0.9825075422014509,118823,0.991366213843936,118553,0.9913858322870164
adamw_sft_bf16,AdamW + SFT (BF16),26,k_proj,attn,model.layers.26.self_attn.k_proj.weight,393216,10257,382959,0.9739151000976562,10257,382959,0.9739151000976562,5469,0.9860916137695312,5460,0.986114501953125
adamw_sft_bf16,AdamW + SFT (BF16),26,o_proj,attn,model.layers.26.self_attn.o_proj.weight,2359296,40490,2318806,0.9828381008572049,40490,2318806,0.9828381008572049,23609,0.9899932013617622,23578,0.990006340874566
adamw_sft_bf16,AdamW + SFT (BF16),26,q_proj,attn,model.layers.26.self_attn.q_proj.weight,2359296,58426,2300870,0.975235833062066,58426,2300870,0.975235833062066,26037,0.9889640808105469,25944,0.9890034993489584
adamw_sft_bf16,AdamW + SFT (BF16),26,v_proj,attn,model.layers.26.self_attn.v_proj.weight,393216,6521,386695,0.9834162394205729,6521,386695,0.9834162394205729,4219,0.9892705281575521,4218,0.9892730712890625
adamw_sft_bf16,AdamW + SFT (BF16),27,down_proj,mlp,model.layers.27.mlp.down_proj.weight,13762560,296222,13466338,0.9784762427920387,296222,13466338,0.9784762427920387,185208,0.9865426199776786,185014,0.9865567161923363
adamw_sft_bf16,AdamW + SFT (BF16),27,gate_proj,mlp,model.layers.27.mlp.gate_proj.weight,13762560,227883,13534677,0.9834418160574777,227883,13534677,0.9834418160574777,100105,0.9927262805757069,99684,0.9927568708147322
adamw_sft_bf16,AdamW + SFT (BF16),27,up_proj,mlp,model.layers.27.mlp.up_proj.weight,13762560,241089,13521471,0.9824822562081473,241089,13521471,0.9824822562081473,129434,0.9905952090308779,129157,0.9906153361002604
adamw_sft_bf16,AdamW + SFT (BF16),27,k_proj,attn,model.layers.27.self_attn.k_proj.weight,393216,10736,382480,0.9726969401041666,10736,382480,0.9726969401041666,4227,0.9892501831054688,4206,0.9893035888671875
adamw_sft_bf16,AdamW + SFT (BF16),27,o_proj,attn,model.layers.27.self_attn.o_proj.weight,2359296,50484,2308812,0.9786020914713541,50484,2308812,0.9786020914713541,28787,0.9877984788682725,28752,0.9878133138020834
adamw_sft_bf16,AdamW + SFT (BF16),27,q_proj,attn,model.layers.27.self_attn.q_proj.weight,2359296,61136,2298160,0.9740871853298612,61136,2298160,0.9740871853298612,24740,0.9895138210720487,24639,0.989556630452474
adamw_sft_bf16,AdamW + SFT (BF16),27,v_proj,attn,model.layers.27.self_attn.v_proj.weight,393216,5206,388010,0.9867604573567709,5206,388010,0.9867604573567709,3188,0.9918924967447916,3184,0.9919026692708334
adamw_sft_bf16,AdamW + SFT (BF16),3,down_proj,mlp,model.layers.3.mlp.down_proj.weight,13762560,295613,13466947,0.97852049328032,295613,13466947,0.97852049328032,216566,0.9842641194661458,216396,0.9842764718191964
adamw_sft_bf16,AdamW + SFT (BF16),3,gate_proj,mlp,model.layers.3.mlp.gate_proj.weight,13762560,245272,13517288,0.9821783156622024,245272,13517288,0.9821783156622024,180018,0.9869197300502233,179892,0.9869288853236607
adamw_sft_bf16,AdamW + SFT (BF16),3,up_proj,mlp,model.layers.3.mlp.up_proj.weight,13762560,288710,13473850,0.9790220714750744,288710,13473850,0.9790220714750744,220629,0.9839688982282366,220493,0.9839787801106771
adamw_sft_bf16,AdamW + SFT (BF16),3,k_proj,attn,model.layers.3.self_attn.k_proj.weight,393216,6941,386275,0.9823481241861979,6941,386275,0.9823481241861979,5329,0.9864476521809896,5326,0.9864552815755209
adamw_sft_bf16,AdamW + SFT (BF16),3,o_proj,attn,model.layers.3.self_attn.o_proj.weight,2359296,59400,2299896,0.974822998046875,59400,2299896,0.974822998046875,44821,0.9810023837619357,44801,0.9810108608669705
adamw_sft_bf16,AdamW + SFT (BF16),3,q_proj,attn,model.layers.3.self_attn.q_proj.weight,2359296,51244,2308052,0.9782799614800347,51244,2308052,0.9782799614800347,37472,0.9841172960069444,37441,0.9841304355197482
adamw_sft_bf16,AdamW + SFT (BF16),3,v_proj,attn,model.layers.3.self_attn.v_proj.weight,393216,10002,383214,0.9745635986328125,10002,383214,0.9745635986328125,7856,0.9800211588541666,7851,0.9800338745117188
adamw_sft_bf16,AdamW + SFT (BF16),4,down_proj,mlp,model.layers.4.mlp.down_proj.weight,13762560,300929,13461631,0.9781342279343378,300929,13461631,0.9781342279343378,215141,0.9843676612490699,215004,0.9843776157924107
adamw_sft_bf16,AdamW + SFT (BF16),4,gate_proj,mlp,model.layers.4.mlp.gate_proj.weight,13762560,246818,13515742,0.9820659819103422,246818,13515742,0.9820659819103422,173661,0.9873816353934152,173524,0.9873915899367559
adamw_sft_bf16,AdamW + SFT (BF16),4,up_proj,mlp,model.layers.4.mlp.up_proj.weight,13762560,292408,13470152,0.9787533714657738,292408,13470152,0.9787533714657738,215551,0.9843378702799479,215410,0.9843481154668898
adamw_sft_bf16,AdamW + SFT (BF16),4,k_proj,attn,model.layers.4.self_attn.k_proj.weight,393216,7098,386118,0.9819488525390625,7098,386118,0.9819488525390625,5207,0.9867579142252604,5204,0.9867655436197916
adamw_sft_bf16,AdamW + SFT (BF16),4,o_proj,attn,model.layers.4.self_attn.o_proj.weight,2359296,55726,2303570,0.9763802422417535,55726,2303570,0.9763802422417535,41559,0.982384999593099,41529,0.982397715250651
adamw_sft_bf16,AdamW + SFT (BF16),4,q_proj,attn,model.layers.4.self_attn.q_proj.weight,2359296,48098,2311198,0.9796134101019965,48098,2311198,0.9796134101019965,35426,0.9849845038519965,35392,0.9849989149305556
adamw_sft_bf16,AdamW + SFT (BF16),4,v_proj,attn,model.layers.4.self_attn.v_proj.weight,393216,8332,384884,0.9788106282552084,8332,384884,0.9788106282552084,6453,0.9835891723632812,6450,0.9835968017578125
adamw_sft_bf16,AdamW + SFT (BF16),5,down_proj,mlp,model.layers.5.mlp.down_proj.weight,13762560,306643,13455917,0.9777190435500372,306643,13455917,0.9777190435500372,215419,0.9843474615187872,215268,0.9843584333147322
adamw_sft_bf16,AdamW + SFT (BF16),5,gate_proj,mlp,model.layers.5.mlp.gate_proj.weight,13762560,239017,13523543,0.982632809593564,239017,13523543,0.982632809593564,160879,0.9883103870210194,160709,0.9883227393740699
adamw_sft_bf16,AdamW + SFT (BF16),5,up_proj,mlp,model.layers.5.mlp.up_proj.weight,13762560,295649,13466911,0.9785178774879092,295649,13466911,0.9785178774879092,211594,0.9846253894624256,211464,0.9846348353794643
adamw_sft_bf16,AdamW + SFT (BF16),5,k_proj,attn,model.layers.5.self_attn.k_proj.weight,393216,7399,385817,0.9811833699544271,7399,385817,0.9811833699544271,5114,0.9869944254557291,5109,0.9870071411132812
adamw_sft_bf16,AdamW + SFT (BF16),5,o_proj,attn,model.layers.5.self_attn.o_proj.weight,2359296,57467,2301829,0.9756423102484809,57467,2301829,0.9756423102484809,41000,0.9826219346788194,40967,0.9826359219021268
adamw_sft_bf16,AdamW + SFT (BF16),5,q_proj,attn,model.layers.5.self_attn.q_proj.weight,2359296,51599,2307697,0.9781294928656684,51599,2307697,0.9781294928656684,35812,0.9848208957248263,35772,0.9848378499348959
adamw_sft_bf16,AdamW + SFT (BF16),5,v_proj,attn,model.layers.5.self_attn.v_proj.weight,393216,9947,383269,0.9747034708658854,9947,383269,0.9747034708658854,7330,0.9813588460286459,7325,0.9813715616861979
adamw_sft_bf16,AdamW + SFT (BF16),6,down_proj,mlp,model.layers.6.mlp.down_proj.weight,13762560,301528,13461032,0.9780907040550595,301528,13461032,0.9780907040550595,205405,0.9850750877743676,205235,0.9850874401274181
adamw_sft_bf16,AdamW + SFT (BF16),6,gate_proj,mlp,model.layers.6.mlp.gate_proj.weight,13762560,238236,13524324,0.9826895577566964,238236,13524324,0.9826895577566964,153751,0.9888283139183408,153597,0.9888395036969866
adamw_sft_bf16,AdamW + SFT (BF16),6,up_proj,mlp,model.layers.6.mlp.up_proj.weight,13762560,291981,13470579,0.9787843976702009,291981,13470579,0.9787843976702009,200763,0.9854123796735491,200617,0.9854229881649925
adamw_sft_bf16,AdamW + SFT (BF16),6,k_proj,attn,model.layers.6.self_attn.k_proj.weight,393216,6989,386227,0.9822260538736979,6989,386227,0.9822260538736979,4747,0.9879277547200521,4742,0.9879404703776041
adamw_sft_bf16,AdamW + SFT (BF16),6,o_proj,attn,model.layers.6.self_attn.o_proj.weight,2359296,51816,2307480,0.9780375162760416,51816,2307480,0.9780375162760416,36022,0.9847318861219618,35987,0.9847467210557725
adamw_sft_bf16,AdamW + SFT (BF16),6,q_proj,attn,model.layers.6.self_attn.q_proj.weight,2359296,49611,2309685,0.9789721171061198,49611,2309685,0.9789721171061198,33128,0.9859585232204862,33095,0.9859725104437934
adamw_sft_bf16,AdamW + SFT (BF16),6,v_proj,attn,model.layers.6.self_attn.v_proj.weight,393216,8104,385112,0.9793904622395834,8104,385112,0.9793904622395834,6194,0.9842478434244791,6192,0.9842529296875
adamw_sft_bf16,AdamW + SFT (BF16),7,down_proj,mlp,model.layers.7.mlp.down_proj.weight,13762560,290587,13471973,0.9788856869652158,290587,13471973,0.9788856869652158,193706,0.9859251476469494,193542,0.9859370640345982
adamw_sft_bf16,AdamW + SFT (BF16),7,gate_proj,mlp,model.layers.7.mlp.gate_proj.weight,13762560,252794,13509766,0.9816317603701636,252794,13509766,0.9816317603701636,158547,0.9884798322405134,158372,0.9884925478980655
adamw_sft_bf16,AdamW + SFT (BF16),7,up_proj,mlp,model.layers.7.mlp.up_proj.weight,13762560,279740,13482820,0.9796738397507441,279740,13482820,0.9796738397507441,186966,0.9864148821149553,186817,0.9864257085890997
adamw_sft_bf16,AdamW + SFT (BF16),7,k_proj,attn,model.layers.7.self_attn.k_proj.weight,393216,6801,386415,0.9827041625976562,6801,386415,0.9827041625976562,4287,0.9890975952148438,4282,0.9891103108723959
adamw_sft_bf16,AdamW + SFT (BF16),7,o_proj,attn,model.layers.7.self_attn.o_proj.weight,2359296,55486,2303810,0.9764819675021701,55486,2303810,0.9764819675021701,37725,0.9840100606282552,37695,0.9840227762858073
adamw_sft_bf16,AdamW + SFT (BF16),7,q_proj,attn,model.layers.7.self_attn.q_proj.weight,2359296,47126,2312170,0.980025397406684,47126,2312170,0.980025397406684,29017,0.9877009921603732,28987,0.9877137078179253
adamw_sft_bf16,AdamW + SFT (BF16),7,v_proj,attn,model.layers.7.self_attn.v_proj.weight,393216,9196,384020,0.9766133626302084,9196,384020,0.9766133626302084,6301,0.9839757283528646,6300,0.983978271484375
adamw_sft_bf16,AdamW + SFT (BF16),8,down_proj,mlp,model.layers.8.mlp.down_proj.weight,13762560,300931,13461629,0.9781340826125372,300931,13461629,0.9781340826125372,197734,0.9856324695405506,197568,0.98564453125
adamw_sft_bf16,AdamW + SFT (BF16),8,gate_proj,mlp,model.layers.8.mlp.gate_proj.weight,13762560,257497,13505063,0.981290036156064,257497,13505063,0.981290036156064,161709,0.9882500784737723,161530,0.9882630847749256
adamw_sft_bf16,AdamW + SFT (BF16),8,up_proj,mlp,model.layers.8.mlp.up_proj.weight,13762560,285020,13477540,0.9792901901971727,285020,13477540,0.9792901901971727,187164,0.9864004952566964,186996,0.9864127022879464
adamw_sft_bf16,AdamW + SFT (BF16),8,k_proj,attn,model.layers.8.self_attn.k_proj.weight,393216,6295,386921,0.9839909871419271,6295,386921,0.9839909871419271,4000,0.9898274739583334,3999,0.9898300170898438
adamw_sft_bf16,AdamW + SFT (BF16),8,o_proj,attn,model.layers.8.self_attn.o_proj.weight,2359296,54025,2305271,0.9771012200249566,54025,2305271,0.9771012200249566,36530,0.9845165676540799,36506,0.9845267401801215
adamw_sft_bf16,AdamW + SFT (BF16),8,q_proj,attn,model.layers.8.self_attn.q_proj.weight,2359296,45424,2313872,0.9807467990451388,45424,2313872,0.9807467990451388,29004,0.9877065022786459,28970,0.9877209133572049
adamw_sft_bf16,AdamW + SFT (BF16),8,v_proj,attn,model.layers.8.self_attn.v_proj.weight,393216,8376,384840,0.97869873046875,8376,384840,0.97869873046875,5726,0.9854380289713541,5726,0.9854380289713541
adamw_sft_bf16,AdamW + SFT (BF16),9,down_proj,mlp,model.layers.9.mlp.down_proj.weight,13762560,295420,13467140,0.9785345168340773,295420,13467140,0.9785345168340773,195430,0.9857998802548363,195257,0.9858124505905878
adamw_sft_bf16,AdamW + SFT (BF16),9,gate_proj,mlp,model.layers.9.mlp.gate_proj.weight,13762560,258864,13503696,0.9811907087053572,258864,13503696,0.9811907087053572,163830,0.9880959647042411,163660,0.9881083170572916
adamw_sft_bf16,AdamW + SFT (BF16),9,up_proj,mlp,model.layers.9.mlp.up_proj.weight,13762560,281114,13481446,0.9795740036737351,281114,13481446,0.9795740036737351,186785,0.9864280337379092,186635,0.9864389328729539
adamw_sft_bf16,AdamW + SFT (BF16),9,k_proj,attn,model.layers.9.self_attn.k_proj.weight,393216,8237,384979,0.9790522257486979,8237,384979,0.9790522257486979,4547,0.9884363810221354,4542,0.9884490966796875
adamw_sft_bf16,AdamW + SFT (BF16),9,o_proj,attn,model.layers.9.self_attn.o_proj.weight,2359296,62887,2296409,0.9733450147840712,62887,2296409,0.9733450147840712,39517,0.9832505120171441,39466,0.9832721286349826
adamw_sft_bf16,AdamW + SFT (BF16),9,q_proj,attn,model.layers.9.self_attn.q_proj.weight,2359296,49851,2309445,0.9788703918457031,49851,2309445,0.9788703918457031,29016,0.987701416015625,28938,0.9877344767252604
adamw_sft_bf16,AdamW + SFT (BF16),9,v_proj,attn,model.layers.9.self_attn.v_proj.weight,393216,11475,381741,0.9708175659179688,11475,381741,0.9708175659179688,7036,0.9821065266927084,7029,0.9821243286132812
adamw_sft_mixed,AdamW + SFT (Mixed),-1,embed,embed,model.embed_tokens.weight,233373696,221374899,11998797,0.051414521883391684,22122192,211251504,0.9052070032776959,39976802,0.8287004804517473,16189537,0.9306282701200396
adamw_sft_mixed,AdamW + SFT (Mixed),0,down_proj,mlp,model.layers.0.mlp.down_proj.weight,13762560,13762230,330,2.3978097098198425e-05,3729917,10032643,0.7289808727446057,9160025,0.3344243367513021,3416285,0.7517696562267485
adamw_sft_mixed,AdamW + SFT (Mixed),0,gate_proj,mlp,model.layers.0.mlp.gate_proj.weight,13762560,13762253,307,2.2306896391377506e-05,3299269,10463291,0.7602721441359748,9221924,0.32992669968377974,3029762,0.7798547653924851
adamw_sft_mixed,AdamW + SFT (Mixed),0,up_proj,mlp,model.layers.0.mlp.up_proj.weight,13762560,13762239,321,2.332414899552937e-05,3944554,9818006,0.7133851550874256,9277829,0.3258645920526414,3622808,0.7367635091145833
adamw_sft_mixed,AdamW + SFT (Mixed),0,k_proj,attn,model.layers.0.self_attn.k_proj.weight,393216,393201,15,3.814697265625e-05,62119,331097,0.8420232137044271,273406,0.30469258626302087,57993,0.8525161743164062
adamw_sft_mixed,AdamW + SFT (Mixed),0,o_proj,attn,model.layers.0.self_attn.o_proj.weight,2359296,2359245,51,2.161661783850466e-05,878733,1480563,0.6275444030761719,1626645,0.3105379740397135,808311,0.6573931376139324
adamw_sft_mixed,AdamW + SFT (Mixed),0,q_proj,attn,model.layers.0.self_attn.q_proj.weight,2359296,2356038,3258,0.00138092041015625,448803,1910493,0.8097724914550781,1402411,0.4055807325575087,408870,0.8266983032226562
adamw_sft_mixed,AdamW + SFT (Mixed),0,v_proj,attn,model.layers.0.self_attn.v_proj.weight,393216,393209,7,1.780192057287966e-05,149172,244044,0.620635986328125,270479,0.3121363321940104,137212,0.6510518391927083
adamw_sft_mixed,AdamW + SFT (Mixed),1,down_proj,mlp,model.layers.1.mlp.down_proj.weight,13762560,13762256,304,2.208891369048782e-05,3680979,10081581,0.7325367518833705,9018657,0.3446962629045759,3351223,0.7564971197219121
adamw_sft_mixed,AdamW + SFT (Mixed),1,gate_proj,mlp,model.layers.1.mlp.gate_proj.weight,13762560,13762209,351,2.550397600442622e-05,3170263,10592297,0.7696458362397693,9066049,0.34125271751767117,2898517,0.7893911452520461
adamw_sft_mixed,AdamW + SFT (Mixed),1,up_proj,mlp,model.layers.1.mlp.up_proj.weight,13762560,13762221,339,2.463204520086748e-05,3676135,10086425,0.7328887212844122,9080638,0.3401926676432292,3354239,0.7562779744466146
adamw_sft_mixed,AdamW + SFT (Mixed),1,k_proj,attn,model.layers.1.self_attn.k_proj.weight,393216,393200,16,4.069010416662966e-05,74571,318645,0.8103561401367188,276623,0.2965113321940104,69773,0.8225580851236979
adamw_sft_mixed,AdamW + SFT (Mixed),1,o_proj,attn,model.layers.1.self_attn.o_proj.weight,2359296,2359263,33,1.398722330725466e-05,767480,1591816,0.6746995713975694,1595306,0.32382117377387154,703993,0.70160886976454
adamw_sft_mixed,AdamW + SFT (Mixed),1,q_proj,attn,model.layers.1.self_attn.q_proj.weight,2359296,2359221,75,3.178914388024534e-05,506007,1853289,0.7855262756347656,1577868,0.33121236165364587,464357,0.8031798468695747
adamw_sft_mixed,AdamW + SFT (Mixed),1,v_proj,attn,model.layers.1.self_attn.v_proj.weight,393216,393209,7,1.780192057287966e-05,158467,234749,0.596997578938802,277680,0.2938232421875,146853,0.6265335083007812
adamw_sft_mixed,AdamW + SFT (Mixed),10,down_proj,mlp,model.layers.10.mlp.down_proj.weight,13762560,13762208,352,2.5576636904722783e-05,3562286,10200274,0.7411610921223959,8837216,0.3578799293154762,3220857,0.7659696306501116
adamw_sft_mixed,AdamW + SFT (Mixed),10,gate_proj,mlp,model.layers.10.mlp.gate_proj.weight,13762560,13762169,391,2.841041201639971e-05,3110364,10652196,0.7739981515066965,8689068,0.36864449637276786,2800009,0.796548825218564
adamw_sft_mixed,AdamW + SFT (Mixed),10,up_proj,mlp,model.layers.10.mlp.up_proj.weight,13762560,13762250,310,2.252487909226719e-05,3346451,10416109,0.7568438575381324,8782532,0.3618533179873512,3020559,0.7805234636579241
adamw_sft_mixed,AdamW + SFT (Mixed),10,k_proj,attn,model.layers.10.self_attn.k_proj.weight,393216,393208,8,2.034505208337034e-05,86232,306984,0.78070068359375,243680,0.38028971354166663,76843,0.8045781453450521
adamw_sft_mixed,AdamW + SFT (Mixed),10,o_proj,attn,model.layers.10.self_attn.o_proj.weight,2359296,2359242,54,2.288818359375e-05,655979,1703317,0.7219598558213975,1514289,0.358160654703776,590643,0.7496528625488281
adamw_sft_mixed,AdamW + SFT (Mixed),10,q_proj,attn,model.layers.10.self_attn.q_proj.weight,2359296,2359223,73,3.0941433376785454e-05,566549,1792747,0.759865230984158,1479560,0.3728807237413194,507229,0.7850083245171441
adamw_sft_mixed,AdamW + SFT (Mixed),10,v_proj,attn,model.layers.10.self_attn.v_proj.weight,393216,393202,14,3.560384114587034e-05,100994,292222,0.7431589762369792,250954,0.36179097493489587,90699,0.7693405151367188
adamw_sft_mixed,AdamW + SFT (Mixed),11,down_proj,mlp,model.layers.11.mlp.down_proj.weight,13762560,13762226,334,2.4268740699384672e-05,3630390,10132170,0.7362125941685268,8886431,0.35430392310732883,3286813,0.7611772083100818
adamw_sft_mixed,AdamW + SFT (Mixed),11,gate_proj,mlp,model.layers.11.mlp.gate_proj.weight,13762560,13762177,383,2.7829124814027217e-05,3146476,10616084,0.7713742210751489,8720162,0.3663851783389137,2836440,0.7939017159598214
adamw_sft_mixed,AdamW + SFT (Mixed),11,up_proj,mlp,model.layers.11.mlp.up_proj.weight,13762560,13762183,377,2.7393159412247847e-05,3369729,10392831,0.7551524571010044,8827859,0.358559817359561,3047158,0.7785907563709078
adamw_sft_mixed,AdamW + SFT (Mixed),11,k_proj,attn,model.layers.11.self_attn.k_proj.weight,393216,393202,14,3.560384114587034e-05,77440,315776,0.8030598958333334,241164,0.386688232421875,68840,0.8249308268229166
adamw_sft_mixed,AdamW + SFT (Mixed),11,o_proj,attn,model.layers.11.self_attn.o_proj.weight,2359296,2359237,59,2.5007459852455227e-05,677283,1682013,0.7129300435384114,1511540,0.35932583279079866,608298,0.742169698079427
adamw_sft_mixed,AdamW + SFT (Mixed),11,q_proj,attn,model.layers.11.self_attn.q_proj.weight,2359296,2359222,74,3.1365288628459886e-05,534157,1825139,0.7735947502983941,1464718,0.37917158338758683,477173,0.7977477179633247
adamw_sft_mixed,AdamW + SFT (Mixed),11,v_proj,attn,model.layers.11.self_attn.v_proj.weight,393216,393205,11,2.797444661462034e-05,101129,292087,0.742815653483073,252541,0.3577550252278646,91182,0.7681121826171875
adamw_sft_mixed,AdamW + SFT (Mixed),12,down_proj,mlp,model.layers.12.mlp.down_proj.weight,13762560,13762265,295,2.1434965587818766e-05,3748410,10014150,0.7276371547154018,8918638,0.3519637334914435,3397427,0.753139895484561
adamw_sft_mixed,AdamW + SFT (Mixed),12,gate_proj,mlp,model.layers.12.mlp.gate_proj.weight,13762560,13762201,359,2.6085263206798714e-05,3093983,10668577,0.7751884097144717,8707718,0.3672893705822172,2787133,0.7974844069707961
adamw_sft_mixed,AdamW + SFT (Mixed),12,up_proj,mlp,model.layers.12.mlp.up_proj.weight,13762560,13762181,379,2.753848121284097e-05,3455064,10307496,0.7489519391741071,8813985,0.35956791469029015,3122205,0.7731377737862724
adamw_sft_mixed,AdamW + SFT (Mixed),12,k_proj,attn,model.layers.12.self_attn.k_proj.weight,393216,393199,17,4.323323567712034e-05,88563,304653,0.7747726440429688,248738,0.36742655436197913,79539,0.7977218627929688
adamw_sft_mixed,AdamW + SFT (Mixed),12,o_proj,attn,model.layers.12.self_attn.o_proj.weight,2359296,2359245,51,2.161661783850466e-05,679222,1680074,0.7121081882052951,1535457,0.349188486735026,613738,0.7398639255099826
adamw_sft_mixed,AdamW + SFT (Mixed),12,q_proj,attn,model.layers.12.self_attn.q_proj.weight,2359296,2359226,70,2.9669867621540114e-05,589602,1769694,0.7500940958658854,1500018,0.3642094930013021,530344,0.7752109103732638
adamw_sft_mixed,AdamW + SFT (Mixed),12,v_proj,attn,model.layers.12.self_attn.v_proj.weight,393216,393208,8,2.034505208337034e-05,100995,292221,0.7431564331054688,255798,0.3494720458984375,91480,0.7673543294270834
adamw_sft_mixed,AdamW + SFT (Mixed),13,down_proj,mlp,model.layers.13.mlp.down_proj.weight,13762560,13762243,317,2.3033505394343123e-05,3682777,10079783,0.7324061075846354,8951920,0.34954543340773814,3342837,0.757106454031808
adamw_sft_mixed,AdamW + SFT (Mixed),13,gate_proj,mlp,model.layers.13.mlp.gate_proj.weight,13762560,13762192,368,2.6739211309578792e-05,3246034,10516526,0.7641402471633185,8771058,0.36268702915736606,2929112,0.7871680850074405
adamw_sft_mixed,AdamW + SFT (Mixed),13,up_proj,mlp,model.layers.13.mlp.up_proj.weight,13762560,13762207,353,2.5649297805019344e-05,3410680,10351880,0.7521769205729166,8873076,0.3552743094308036,3089202,0.7755358014787946
adamw_sft_mixed,AdamW + SFT (Mixed),13,k_proj,attn,model.layers.13.self_attn.k_proj.weight,393216,393203,13,3.306070963537966e-05,77606,315610,0.8026377360026041,246784,0.37239583333333337,69427,0.8234380086263021
adamw_sft_mixed,AdamW + SFT (Mixed),13,o_proj,attn,model.layers.13.self_attn.o_proj.weight,2359296,2359258,38,1.6106499565959886e-05,694580,1664716,0.7055986192491319,1519913,0.35577689276801217,625440,0.7349039713541667
adamw_sft_mixed,AdamW + SFT (Mixed),13,q_proj,attn,model.layers.13.self_attn.q_proj.weight,2359296,2359241,55,2.3312038845535454e-05,544568,1814728,0.7691819932725694,1474288,0.3751152886284722,487087,0.7935456169976128
adamw_sft_mixed,AdamW + SFT (Mixed),13,v_proj,attn,model.layers.13.self_attn.v_proj.weight,393216,393210,6,1.52587890625e-05,108169,285047,0.7249120076497395,255665,0.3498102823893229,97754,0.7513987223307291
adamw_sft_mixed,AdamW + SFT (Mixed),14,down_proj,mlp,model.layers.14.mlp.down_proj.weight,13762560,13762250,310,2.252487909226719e-05,3714664,10047896,0.7300891694568452,9007165,0.3455312819707961,3377261,0.7546051751999627
adamw_sft_mixed,AdamW + SFT (Mixed),14,gate_proj,mlp,model.layers.14.mlp.gate_proj.weight,13762560,13762202,358,2.6012602306502153e-05,3409206,10353354,0.7522840227399553,8871945,0.35535648890904015,3087842,0.7756346203031994
adamw_sft_mixed,AdamW + SFT (Mixed),14,up_proj,mlp,model.layers.14.mlp.up_proj.weight,13762560,13762218,342,2.4850027901757166e-05,3495105,10267455,0.7460425240652901,8943467,0.35015963599795386,3173713,0.7693951561337425
adamw_sft_mixed,AdamW + SFT (Mixed),14,k_proj,attn,model.layers.14.self_attn.k_proj.weight,393216,393206,10,2.543131510412966e-05,101648,291568,0.7414957682291667,244812,0.377410888671875,89854,0.7714894612630209
adamw_sft_mixed,AdamW + SFT (Mixed),14,o_proj,attn,model.layers.14.self_attn.o_proj.weight,2359296,2359240,56,2.3735894097209886e-05,724159,1635137,0.6930614047580295,1516791,0.35710016886393225,650400,0.7243245442708333
adamw_sft_mixed,AdamW + SFT (Mixed),14,q_proj,attn,model.layers.14.self_attn.q_proj.weight,2359296,2359239,57,2.415974934899534e-05,632439,1726857,0.7319374084472656,1457184,0.38236490885416663,557486,0.7637066311306424
adamw_sft_mixed,AdamW + SFT (Mixed),14,v_proj,attn,model.layers.14.self_attn.v_proj.weight,393216,393204,12,3.0517578125e-05,116145,277071,0.7046279907226562,249865,0.3645604451497396,103882,0.7358144124348958
adamw_sft_mixed,AdamW + SFT (Mixed),15,down_proj,mlp,model.layers.15.mlp.down_proj.weight,13762560,13762265,295,2.1434965587818766e-05,3741554,10021006,0.7281353178478422,9054402,0.34209899902343754,3406811,0.7524580455961681
adamw_sft_mixed,AdamW + SFT (Mixed),15,gate_proj,mlp,model.layers.15.mlp.gate_proj.weight,13762560,13762205,355,2.5794619605612468e-05,3376218,10386342,0.7546809605189733,8904033,0.3530249459402902,3062718,0.7774601527622768
adamw_sft_mixed,AdamW + SFT (Mixed),15,up_proj,mlp,model.layers.15.mlp.up_proj.weight,13762560,13762212,348,2.5285993303536536e-05,3485806,10276754,0.7467181977771578,9011910,0.3451865059988839,3174650,0.7693270728701637
adamw_sft_mixed,AdamW + SFT (Mixed),15,k_proj,attn,model.layers.15.self_attn.k_proj.weight,393216,393202,14,3.560384114587034e-05,101086,292130,0.7429250081380208,253457,0.3554255167643229,91356,0.767669677734375
adamw_sft_mixed,AdamW + SFT (Mixed),15,o_proj,attn,model.layers.15.self_attn.o_proj.weight,2359296,2359241,55,2.3312038845535454e-05,659624,1699672,0.7204149034288194,1539821,0.34733878241644967,596864,0.7470160590277778
adamw_sft_mixed,AdamW + SFT (Mixed),15,q_proj,attn,model.layers.15.self_attn.q_proj.weight,2359296,2359233,63,2.6702880859375e-05,632458,1726838,0.7319293551974826,1511692,0.3592614067925347,568866,0.7588831583658854
adamw_sft_mixed,AdamW + SFT (Mixed),15,v_proj,attn,model.layers.15.self_attn.v_proj.weight,393216,393203,13,3.306070963537966e-05,94777,298439,0.7589696248372396,258472,0.34267171223958337,86154,0.7808990478515625
adamw_sft_mixed,AdamW + SFT (Mixed),16,down_proj,mlp,model.layers.16.mlp.down_proj.weight,13762560,13762278,282,2.0490373883963464e-05,3701304,10061256,0.7310599190848215,9069009,0.3410376412527901,3373230,0.7548980712890625
adamw_sft_mixed,AdamW + SFT (Mixed),16,gate_proj,mlp,model.layers.16.mlp.gate_proj.weight,13762560,13762210,350,2.543131510412966e-05,3413761,10348799,0.7519530523390997,8867343,0.3556908743722098,3091259,0.7753863380068824
adamw_sft_mixed,AdamW + SFT (Mixed),16,up_proj,mlp,model.layers.16.mlp.up_proj.weight,13762560,13762194,366,2.6593889508874646e-05,3445863,10316697,0.7496204921177456,8965677,0.3485458374023438,3132960,0.7723563058035714
adamw_sft_mixed,AdamW + SFT (Mixed),16,k_proj,attn,model.layers.16.self_attn.k_proj.weight,393216,393202,14,3.560384114587034e-05,83272,309944,0.7882283528645834,249734,0.36489359537760413,75001,0.8092625935872396
adamw_sft_mixed,AdamW + SFT (Mixed),16,o_proj,attn,model.layers.16.self_attn.o_proj.weight,2359296,2359243,53,2.2464328341964546e-05,682755,1676541,0.7106107076009114,1535031,0.3493690490722656,617446,0.7382922702365451
adamw_sft_mixed,AdamW + SFT (Mixed),16,q_proj,attn,model.layers.16.self_attn.q_proj.weight,2359296,2359218,78,3.306070963537966e-05,565810,1793486,0.760178460015191,1482724,0.37153964572482634,508542,0.7844518025716146
adamw_sft_mixed,AdamW + SFT (Mixed),16,v_proj,attn,model.layers.16.self_attn.v_proj.weight,393216,393209,7,1.780192057287966e-05,101708,291508,0.7413431803385417,259250,0.34069315592447913,92939,0.7636439005533854
adamw_sft_mixed,AdamW + SFT (Mixed),17,down_proj,mlp,model.layers.17.mlp.down_proj.weight,13762560,13762260,300,2.1798270089301575e-05,3650362,10112198,0.7347614106677827,9050380,0.34239124116443453,3326478,0.7582951136997768
adamw_sft_mixed,AdamW + SFT (Mixed),17,gate_proj,mlp,model.layers.17.mlp.gate_proj.weight,13762560,13762218,342,2.4850027901757166e-05,3369264,10393296,0.7551862444196429,8840940,0.3576093401227679,3048014,0.7785285586402529
adamw_sft_mixed,AdamW + SFT (Mixed),17,up_proj,mlp,model.layers.17.mlp.up_proj.weight,13762560,13762193,367,2.6666550409171208e-05,3427909,10334651,0.750925045921689,8971812,0.34810006277901784,3117704,0.773464820498512
adamw_sft_mixed,AdamW + SFT (Mixed),17,k_proj,attn,model.layers.17.self_attn.k_proj.weight,393216,393207,9,2.288818359375e-05,104186,289030,0.7350413004557292,247799,0.3698145548502604,93245,0.7628657023111979
adamw_sft_mixed,AdamW + SFT (Mixed),17,o_proj,attn,model.layers.17.self_attn.o_proj.weight,2359296,2359254,42,1.780192057287966e-05,650378,1708918,0.7243338690863715,1527616,0.35251193576388884,587532,0.7509714762369791
adamw_sft_mixed,AdamW + SFT (Mixed),17,q_proj,attn,model.layers.17.self_attn.q_proj.weight,2359296,2359232,64,2.7126736111160454e-05,614581,1744715,0.7395066155327691,1478757,0.3732210795084635,548514,0.7675094604492188
adamw_sft_mixed,AdamW + SFT (Mixed),17,v_proj,attn,model.layers.17.self_attn.v_proj.weight,393216,393203,13,3.306070963537966e-05,101174,292042,0.7427012125651042,253408,0.35555013020833337,91294,0.7678273518880209
adamw_sft_mixed,AdamW + SFT (Mixed),18,down_proj,mlp,model.layers.18.mlp.down_proj.weight,13762560,13762250,310,2.252487909226719e-05,3616902,10145658,0.7371926443917411,9035474,0.34347432454427085,3294316,0.7606320335751489
adamw_sft_mixed,AdamW + SFT (Mixed),18,gate_proj,mlp,model.layers.18.mlp.gate_proj.weight,13762560,13762173,387,2.8119768415213464e-05,3252327,10510233,0.7636829921177455,8814211,0.3595514933268229,2941924,0.7862371535528274
adamw_sft_mixed,AdamW + SFT (Mixed),18,up_proj,mlp,model.layers.18.mlp.up_proj.weight,13762560,13762245,315,2.288818359375e-05,3433067,10329493,0.7505502609979539,8979660,0.3475298200334821,3121758,0.7731702532087054
adamw_sft_mixed,AdamW + SFT (Mixed),18,k_proj,attn,model.layers.18.self_attn.k_proj.weight,393216,393205,11,2.797444661462034e-05,90776,302440,0.7691446940104166,251916,0.359344482421875,81949,0.7915929158528646
adamw_sft_mixed,AdamW + SFT (Mixed),18,o_proj,attn,model.layers.18.self_attn.o_proj.weight,2359296,2359257,39,1.653035481774534e-05,674981,1684315,0.713905758327908,1548402,0.3437016805013021,612932,0.7402055528428819
adamw_sft_mixed,AdamW + SFT (Mixed),18,q_proj,attn,model.layers.18.self_attn.q_proj.weight,2359296,2359239,57,2.415974934899534e-05,579344,1779952,0.7544420030381944,1493296,0.3670586480034722,520037,0.779579586452908
adamw_sft_mixed,AdamW + SFT (Mixed),18,v_proj,attn,model.layers.18.self_attn.v_proj.weight,393216,393209,7,1.780192057287966e-05,122853,270363,0.6875686645507812,256830,0.3468475341796875,110237,0.719652811686198
adamw_sft_mixed,AdamW + SFT (Mixed),19,down_proj,mlp,model.layers.19.mlp.down_proj.weight,13762560,13762264,296,2.1507626488115328e-05,3609810,10152750,0.7377079554966518,9085405,0.3398462931315104,3294822,0.7605952671595982
adamw_sft_mixed,AdamW + SFT (Mixed),19,gate_proj,mlp,model.layers.19.mlp.gate_proj.weight,13762560,13762193,367,2.6666550409171208e-05,3253639,10508921,0.7635876610165551,8844537,0.3573479788643973,2946600,0.7858973911830357
adamw_sft_mixed,AdamW + SFT (Mixed),19,up_proj,mlp,model.layers.19.mlp.up_proj.weight,13762560,13762259,301,2.1870930989598136e-05,3394496,10368064,0.7533528645833334,8994526,0.34644964308965776,3090265,0.7754585629417783
adamw_sft_mixed,AdamW + SFT (Mixed),19,k_proj,attn,model.layers.19.self_attn.k_proj.weight,393216,393205,11,2.797444661462034e-05,94950,298266,0.7585296630859375,248873,0.3670832316080729,85317,0.7830276489257812
adamw_sft_mixed,AdamW + SFT (Mixed),19,o_proj,attn,model.layers.19.self_attn.o_proj.weight,2359296,2359249,47,1.9921196831584886e-05,606739,1752557,0.7428304884168837,1548629,0.34360546535915804,552063,0.7660051981608073
adamw_sft_mixed,AdamW + SFT (Mixed),19,q_proj,attn,model.layers.19.self_attn.q_proj.weight,2359296,2359226,70,2.9669867621540114e-05,596142,1763154,0.7473220825195312,1481899,0.3718893263075087,533161,0.7740169101291232
adamw_sft_mixed,AdamW + SFT (Mixed),19,v_proj,attn,model.layers.19.self_attn.v_proj.weight,393216,393201,15,3.814697265625e-05,87806,305410,0.7766977945963541,258280,0.34315999348958337,79879,0.7968571980794271
adamw_sft_mixed,AdamW + SFT (Mixed),2,down_proj,mlp,model.layers.2.mlp.down_proj.weight,13762560,13762256,304,2.208891369048782e-05,3599313,10163247,0.7384706769670759,8985211,0.3471264793759301,3273339,0.7621562412806919
adamw_sft_mixed,AdamW + SFT (Mixed),2,gate_proj,mlp,model.layers.2.mlp.gate_proj.weight,13762560,13762196,364,2.6448567708281523e-05,3076038,10686522,0.7764923095703125,8959725,0.34897831508091515,2801093,0.7964700608026414
adamw_sft_mixed,AdamW + SFT (Mixed),2,up_proj,mlp,model.layers.2.mlp.up_proj.weight,13762560,13762258,302,2.1943591889894698e-05,3633069,10129491,0.7360179356166294,9048973,0.34249347505115324,3312064,0.7593424479166666
adamw_sft_mixed,AdamW + SFT (Mixed),2,k_proj,attn,model.layers.2.self_attn.k_proj.weight,393216,393207,9,2.288818359375e-05,76865,316351,0.8045221964518229,268614,0.3168792724609375,70903,0.8196843465169271
adamw_sft_mixed,AdamW + SFT (Mixed),2,o_proj,attn,model.layers.2.self_attn.o_proj.weight,2359296,2359246,50,2.1192762586830227e-05,689675,1669621,0.7076776292588975,1554234,0.3412297566731771,628038,0.7338027954101562
adamw_sft_mixed,AdamW + SFT (Mixed),2,q_proj,attn,model.layers.2.self_attn.q_proj.weight,2359296,2359224,72,3.0517578125e-05,548245,1811051,0.7676234775119357,1561460,0.3381669786241319,499949,0.788093990749783
adamw_sft_mixed,AdamW + SFT (Mixed),2,v_proj,attn,model.layers.2.self_attn.v_proj.weight,393216,393211,5,1.271565755212034e-05,137404,255812,0.6505635579427083,263676,0.329437255859375,125193,0.6816177368164062
adamw_sft_mixed,AdamW + SFT (Mixed),20,down_proj,mlp,model.layers.20.mlp.down_proj.weight,13762560,13762224,336,2.4414062499977796e-05,3551948,10210612,0.7419122605096726,8989814,0.34679202125186015,3230923,0.7652382260277157
adamw_sft_mixed,AdamW + SFT (Mixed),20,gate_proj,mlp,model.layers.20.mlp.gate_proj.weight,13762560,13762135,425,3.088088262648281e-05,3228301,10534259,0.7654287429082961,8703044,0.36762898763020835,2905998,0.7888475690569197
adamw_sft_mixed,AdamW + SFT (Mixed),20,up_proj,mlp,model.layers.20.mlp.up_proj.weight,13762560,13762210,350,2.543131510412966e-05,3321981,10440579,0.7586218697684152,8872239,0.3553351266043526,3009972,0.781292724609375
adamw_sft_mixed,AdamW + SFT (Mixed),20,k_proj,attn,model.layers.20.self_attn.k_proj.weight,393216,393210,6,1.52587890625e-05,100408,292808,0.7446492513020833,254397,0.35303497314453125,90876,0.768890380859375
adamw_sft_mixed,AdamW + SFT (Mixed),20,o_proj,attn,model.layers.20.self_attn.o_proj.weight,2359296,2359239,57,2.415974934899534e-05,621568,1737728,0.7365451388888888,1550717,0.34272045559353304,565560,0.760284423828125
adamw_sft_mixed,AdamW + SFT (Mixed),20,q_proj,attn,model.layers.20.self_attn.q_proj.weight,2359296,2359249,47,1.9921196831584886e-05,612772,1746524,0.7402733696831597,1506832,0.3613213433159722,550472,0.7666795518663194
adamw_sft_mixed,AdamW + SFT (Mixed),20,v_proj,attn,model.layers.20.self_attn.v_proj.weight,393216,393196,20,5.086263020837034e-05,88339,304877,0.7753423055013021,262545,0.33231353759765625,80749,0.7946446736653646
adamw_sft_mixed,AdamW + SFT (Mixed),21,down_proj,mlp,model.layers.21.mlp.down_proj.weight,13762560,13762264,296,2.1507626488115328e-05,3585469,10177091,0.7394765944707962,8991030,0.3467036655970982,3257262,0.7633244105747767
adamw_sft_mixed,AdamW + SFT (Mixed),21,gate_proj,mlp,model.layers.21.mlp.gate_proj.weight,13762560,13762169,391,2.841041201639971e-05,3081191,10681369,0.7761178879510788,8614411,0.3740691412062872,2763109,0.7992300124395462
adamw_sft_mixed,AdamW + SFT (Mixed),21,up_proj,mlp,model.layers.21.mlp.up_proj.weight,13762560,13762207,353,2.5649297805019344e-05,3313944,10448616,0.7592058454241072,8863281,0.35598602294921877,3000435,0.7819856916155135
adamw_sft_mixed,AdamW + SFT (Mixed),21,k_proj,attn,model.layers.21.self_attn.k_proj.weight,393216,393209,7,1.780192057287966e-05,92517,300699,0.7647171020507812,242583,0.38307952880859375,82240,0.7908528645833334
adamw_sft_mixed,AdamW + SFT (Mixed),21,o_proj,attn,model.layers.21.self_attn.o_proj.weight,2359296,2359237,59,2.5007459852455227e-05,632645,1726651,0.731850094265408,1550010,0.3430201212565104,575043,0.7562650044759115
adamw_sft_mixed,AdamW + SFT (Mixed),21,q_proj,attn,model.layers.21.self_attn.q_proj.weight,2359296,2359228,68,2.8822157118080227e-05,582749,1776547,0.752998775906033,1475187,0.3747342427571615,519349,0.7798711988661025
adamw_sft_mixed,AdamW + SFT (Mixed),21,v_proj,attn,model.layers.21.self_attn.v_proj.weight,393216,393209,7,1.780192057287966e-05,90043,303173,0.7710088094075521,252189,0.35865020751953125,81411,0.7929611206054688
adamw_sft_mixed,AdamW + SFT (Mixed),22,down_proj,mlp,model.layers.22.mlp.down_proj.weight,13762560,13762226,334,2.4268740699384672e-05,3551500,10211060,0.7419448125930059,9082679,0.3400443667457217,3243554,0.7643204461960565
adamw_sft_mixed,AdamW + SFT (Mixed),22,gate_proj,mlp,model.layers.22.mlp.gate_proj.weight,13762560,13762101,459,3.3351353236565906e-05,2961659,10800901,0.7848031906854539,8590115,0.3758345104399181,2656346,0.8069875081380209
adamw_sft_mixed,AdamW + SFT (Mixed),22,up_proj,mlp,model.layers.22.mlp.up_proj.weight,13762560,13762184,376,2.7320498511951286e-05,3320005,10442555,0.7587654477074033,8883587,0.35451057070777525,3009361,0.7813371204194568
adamw_sft_mixed,AdamW + SFT (Mixed),22,k_proj,attn,model.layers.22.self_attn.k_proj.weight,393216,393208,8,2.034505208337034e-05,109160,284056,0.7223917643229167,244037,0.3793818155924479,95775,0.7564315795898438
adamw_sft_mixed,AdamW + SFT (Mixed),22,o_proj,attn,model.layers.22.self_attn.o_proj.weight,2359296,2359238,58,2.4583604600669773e-05,545810,1813486,0.7686555650499132,1518273,0.3564720153808594,494544,0.7903849283854166
adamw_sft_mixed,AdamW + SFT (Mixed),22,q_proj,attn,model.layers.22.self_attn.q_proj.weight,2359296,2359236,60,2.543131510412966e-05,636480,1722816,0.730224609375,1465229,0.37895499335394967,559240,0.7629631890190972
adamw_sft_mixed,AdamW + SFT (Mixed),22,v_proj,attn,model.layers.22.self_attn.v_proj.weight,393216,393208,8,2.034505208337034e-05,107115,286101,0.7275924682617188,248698,0.36752827962239587,95537,0.7570368448893229
adamw_sft_mixed,AdamW + SFT (Mixed),23,down_proj,mlp,model.layers.23.mlp.down_proj.weight,13762560,13762226,334,2.4268740699384672e-05,3454413,10308147,0.7489992414202009,9021018,0.34452471051897327,3147722,0.771283685593378
adamw_sft_mixed,AdamW + SFT (Mixed),23,gate_proj,mlp,model.layers.23.mlp.gate_proj.weight,13762560,13762145,415,3.015427362351719e-05,2917553,10845007,0.7880079723539807,8529786,0.3802180698939732,2610432,0.8103236607142857
adamw_sft_mixed,AdamW + SFT (Mixed),23,up_proj,mlp,model.layers.23.mlp.up_proj.weight,13762560,13762183,377,2.7393159412247847e-05,3217130,10545430,0.7662404378255209,8825651,0.35872025262741813,2910505,0.7885200863792783
adamw_sft_mixed,AdamW + SFT (Mixed),23,k_proj,attn,model.layers.23.self_attn.k_proj.weight,393216,393206,10,2.543131510412966e-05,102058,291158,0.7404530843098958,255162,0.3510894775390625,91737,0.7667007446289062
adamw_sft_mixed,AdamW + SFT (Mixed),23,o_proj,attn,model.layers.23.self_attn.o_proj.weight,2359296,2359253,43,1.8225775824665114e-05,588659,1770637,0.7504937913682725,1543321,0.3458552890353732,536300,0.7726864284939237
adamw_sft_mixed,AdamW + SFT (Mixed),23,q_proj,attn,model.layers.23.self_attn.q_proj.weight,2359296,2359226,70,2.9669867621540114e-05,581433,1777863,0.7535565694173177,1480072,0.3726637098524306,518718,0.7801386515299479
adamw_sft_mixed,AdamW + SFT (Mixed),23,v_proj,attn,model.layers.23.self_attn.v_proj.weight,393216,393204,12,3.0517578125e-05,99644,293572,0.7465922037760417,260413,0.3377354939778646,90664,0.7694295247395834
adamw_sft_mixed,AdamW + SFT (Mixed),24,down_proj,mlp,model.layers.24.mlp.down_proj.weight,13762560,13762226,334,2.4268740699384672e-05,3347247,10415313,0.7567860194614955,8907940,0.35274105980282733,3037628,0.779283214750744
adamw_sft_mixed,AdamW + SFT (Mixed),24,gate_proj,mlp,model.layers.24.mlp.gate_proj.weight,13762560,13762166,394,2.8628394717289396e-05,2952592,10809968,0.7854620070684524,8516601,0.3811761038643974,2639892,0.8081830705915178
adamw_sft_mixed,AdamW + SFT (Mixed),24,up_proj,mlp,model.layers.24.mlp.up_proj.weight,13762560,13762203,357,2.593994140620559e-05,3142179,10620381,0.7716864449637277,8801493,0.360475594656808,2839924,0.7936485653831845
adamw_sft_mixed,AdamW + SFT (Mixed),24,k_proj,attn,model.layers.24.self_attn.k_proj.weight,393216,393205,11,2.797444661462034e-05,93447,299769,0.7623519897460938,256339,0.3480962117513021,84944,0.7839762369791666
adamw_sft_mixed,AdamW + SFT (Mixed),24,o_proj,attn,model.layers.24.self_attn.o_proj.weight,2359296,2359237,59,2.5007459852455227e-05,562454,1796842,0.7616009182400174,1553742,0.34143829345703125,513696,0.7822672526041666
adamw_sft_mixed,AdamW + SFT (Mixed),24,q_proj,attn,model.layers.24.self_attn.q_proj.weight,2359296,2359232,64,2.7126736111160454e-05,564435,1794861,0.7607612609863281,1491307,0.36790169609917533,505935,0.7855567932128906
adamw_sft_mixed,AdamW + SFT (Mixed),24,v_proj,attn,model.layers.24.self_attn.v_proj.weight,393216,393205,11,2.797444661462034e-05,85834,307382,0.7817128499348959,267603,0.31945037841796875,79057,0.7989476521809896
adamw_sft_mixed,AdamW + SFT (Mixed),25,down_proj,mlp,model.layers.25.mlp.down_proj.weight,13762560,13762199,361,2.6230585007391838e-05,3276424,10486136,0.7619320824032738,8940718,0.350359380812872,2978577,0.7835739135742188
adamw_sft_mixed,AdamW + SFT (Mixed),25,gate_proj,mlp,model.layers.25.mlp.gate_proj.weight,13762560,13762151,409,2.971830822173782e-05,2968060,10794500,0.7843380882626488,8437413,0.3869299752371652,2643798,0.8078992571149554
adamw_sft_mixed,AdamW + SFT (Mixed),25,up_proj,mlp,model.layers.25.mlp.up_proj.weight,13762560,13762193,367,2.6666550409171208e-05,3048702,10713858,0.7784785679408482,8714035,0.3668303716750372,2748336,0.8003034319196428
adamw_sft_mixed,AdamW + SFT (Mixed),25,k_proj,attn,model.layers.25.self_attn.k_proj.weight,393216,393202,14,3.560384114587034e-05,116975,276241,0.7025171915690105,247937,0.3694636027018229,103867,0.735852559407552
adamw_sft_mixed,AdamW + SFT (Mixed),25,o_proj,attn,model.layers.25.self_attn.o_proj.weight,2359296,2359226,70,2.9669867621540114e-05,515285,1844011,0.781593746609158,1551713,0.3422982957628038,471223,0.8002696567111545
adamw_sft_mixed,AdamW + SFT (Mixed),25,q_proj,attn,model.layers.25.self_attn.q_proj.weight,2359296,2359245,51,2.161661783850466e-05,661340,1697956,0.7196875678168403,1457691,0.3821500142415365,580572,0.7539215087890625
adamw_sft_mixed,AdamW + SFT (Mixed),25,v_proj,attn,model.layers.25.self_attn.v_proj.weight,393216,393203,13,3.306070963537966e-05,84003,309213,0.7863693237304688,272473,0.3070653279622396,77646,0.8025360107421875
adamw_sft_mixed,AdamW + SFT (Mixed),26,down_proj,mlp,model.layers.26.mlp.down_proj.weight,13762560,13762224,336,2.4414062499977796e-05,3259504,10503056,0.7631615048363095,8951747,0.34955800374348955,2965097,0.7845533825102307
adamw_sft_mixed,AdamW + SFT (Mixed),26,gate_proj,mlp,model.layers.26.mlp.gate_proj.weight,13762560,13762153,407,2.9572986421144698e-05,3014795,10747765,0.7809422810872396,8468994,0.3846352713448661,2690134,0.8045324416387649
adamw_sft_mixed,AdamW + SFT (Mixed),26,up_proj,mlp,model.layers.26.mlp.up_proj.weight,13762560,13762156,404,2.9355003720255013e-05,2996265,10766295,0.7822886875697544,8674935,0.36967141287667415,2697652,0.8039861769903274
adamw_sft_mixed,AdamW + SFT (Mixed),26,k_proj,attn,model.layers.26.self_attn.k_proj.weight,393216,393210,6,1.52587890625e-05,111253,281963,0.7170689900716145,243566,0.38057963053385413,98728,0.7489217122395833
adamw_sft_mixed,AdamW + SFT (Mixed),26,o_proj,attn,model.layers.26.self_attn.o_proj.weight,2359296,2359229,67,2.8398301866294773e-05,513198,1846098,0.7824783325195312,1537565,0.3482949998643663,467438,0.8018739488389757
adamw_sft_mixed,AdamW + SFT (Mixed),26,q_proj,attn,model.layers.26.self_attn.q_proj.weight,2359296,2359232,64,2.7126736111160454e-05,633714,1725582,0.731396993001302,1430039,0.3938704596625434,557539,0.7636841668023003
adamw_sft_mixed,AdamW + SFT (Mixed),26,v_proj,attn,model.layers.26.self_attn.v_proj.weight,393216,393203,13,3.306070963537966e-05,83085,310131,0.7887039184570312,264677,0.3268915812174479,76040,0.8066202799479166
adamw_sft_mixed,AdamW + SFT (Mixed),27,down_proj,mlp,model.layers.27.mlp.down_proj.weight,13762560,13762234,326,2.368745349701218e-05,3633993,10128567,0.7359507969447545,8889926,0.3540499732607887,3289268,0.7609988257998512
adamw_sft_mixed,AdamW + SFT (Mixed),27,gate_proj,mlp,model.layers.27.mlp.gate_proj.weight,13762560,13762153,407,2.9572986421144698e-05,2857539,10905021,0.7923686436244419,8425714,0.387780035109747,2548062,0.8148555210658482
adamw_sft_mixed,AdamW + SFT (Mixed),27,up_proj,mlp,model.layers.27.mlp.up_proj.weight,13762560,13762144,416,3.0226934523813753e-05,3048347,10714213,0.7785043625604539,8717271,0.36659524100167407,2747402,0.8003712972005208
adamw_sft_mixed,AdamW + SFT (Mixed),27,k_proj,attn,model.layers.27.self_attn.k_proj.weight,393216,393207,9,2.288818359375e-05,113873,279343,0.710405985514323,239321,0.3913752237955729,100168,0.7452596028645833
adamw_sft_mixed,AdamW + SFT (Mixed),27,o_proj,attn,model.layers.27.self_attn.o_proj.weight,2359296,2359238,58,2.4583604600669773e-05,609455,1749841,0.7416792975531684,1530609,0.35124333699544275,552698,0.7657360500759549
adamw_sft_mixed,AdamW + SFT (Mixed),27,q_proj,attn,model.layers.27.self_attn.q_proj.weight,2359296,2359215,81,3.4332275390625e-05,656676,1702620,0.7216644287109375,1447951,0.3862783643934462,577807,0.7550934685601128
adamw_sft_mixed,AdamW + SFT (Mixed),27,v_proj,attn,model.layers.27.self_attn.v_proj.weight,393216,393200,16,4.069010416662966e-05,67522,325694,0.8282826741536459,254806,0.35199483235677087,61577,0.8434015909830729
adamw_sft_mixed,AdamW + SFT (Mixed),3,down_proj,mlp,model.layers.3.mlp.down_proj.weight,13762560,13762218,342,2.4850027901757166e-05,3619175,10143385,0.7370274861653645,8976579,0.34775368826729913,3288541,0.7610516502743676
adamw_sft_mixed,AdamW + SFT (Mixed),3,gate_proj,mlp,model.layers.3.mlp.gate_proj.weight,13762560,13762158,402,2.920968191966189e-05,3098061,10664499,0.7748920985630581,8965580,0.34855288550967267,2819977,0.7950979323614211
adamw_sft_mixed,AdamW + SFT (Mixed),3,up_proj,mlp,model.layers.3.mlp.up_proj.weight,13762560,13762247,313,2.2742861793156877e-05,3631347,10131213,0.7361430576869419,9058421,0.34180697486514133,3311980,0.7593485514322916
adamw_sft_mixed,AdamW + SFT (Mixed),3,k_proj,attn,model.layers.3.self_attn.k_proj.weight,393216,393204,12,3.0517578125e-05,91027,302189,0.7685063680013021,264603,0.32707977294921875,83609,0.7873713175455729
adamw_sft_mixed,AdamW + SFT (Mixed),3,o_proj,attn,model.layers.3.self_attn.o_proj.weight,2359296,2359247,49,2.0768907335044773e-05,734088,1625208,0.6888529459635417,1577675,0.3312941657172309,670269,0.7159029642740886
adamw_sft_mixed,AdamW + SFT (Mixed),3,q_proj,attn,model.layers.3.self_attn.q_proj.weight,2359296,2359242,54,2.288818359375e-05,629251,1730045,0.7332886589898003,1547589,0.3440462748209635,571175,0.7579044765896268
adamw_sft_mixed,AdamW + SFT (Mixed),3,v_proj,attn,model.layers.3.self_attn.v_proj.weight,393216,393199,17,4.323323567712034e-05,125207,268009,0.6815821329752605,271244,0.31019083658854163,115522,0.7062123616536458
adamw_sft_mixed,AdamW + SFT (Mixed),4,down_proj,mlp,model.layers.4.mlp.down_proj.weight,13762560,13762234,326,2.368745349701218e-05,3668742,10093818,0.7334259033203125,8937487,0.3505941481817336,3328185,0.7581710815429688
adamw_sft_mixed,AdamW + SFT (Mixed),4,gate_proj,mlp,model.layers.4.mlp.gate_proj.weight,13762560,13762174,386,2.8047107514916902e-05,3064455,10698105,0.7773339407784599,8881318,0.3546754382905506,2781455,0.797896975562686
adamw_sft_mixed,AdamW + SFT (Mixed),4,up_proj,mlp,model.layers.4.mlp.up_proj.weight,13762560,13762268,292,2.121698288692908e-05,3615858,10146702,0.7372685023716519,8975392,0.3478399367559524,3286459,0.7612029302687873
adamw_sft_mixed,AdamW + SFT (Mixed),4,k_proj,attn,model.layers.4.self_attn.k_proj.weight,393216,393208,8,2.034505208337034e-05,88858,304358,0.7740224202473959,257748,0.344512939453125,80708,0.7947489420572916
adamw_sft_mixed,AdamW + SFT (Mixed),4,o_proj,attn,model.layers.4.self_attn.o_proj.weight,2359296,2359245,51,2.161661783850466e-05,676425,1682871,0.7132937113444011,1562357,0.33778678046332467,615613,0.7390691969129775
adamw_sft_mixed,AdamW + SFT (Mixed),4,q_proj,attn,model.layers.4.self_attn.q_proj.weight,2359296,2359232,64,2.7126736111160454e-05,588321,1770975,0.7506370544433594,1540547,0.3470310635036893,533478,0.7738825480143229
adamw_sft_mixed,AdamW + SFT (Mixed),4,v_proj,attn,model.layers.4.self_attn.v_proj.weight,393216,393208,8,2.034505208337034e-05,103422,289794,0.7369842529296875,261049,0.3361180623372396,94637,0.7593256632486979
adamw_sft_mixed,AdamW + SFT (Mixed),5,down_proj,mlp,model.layers.5.mlp.down_proj.weight,13762560,13762255,305,2.2161574590784383e-05,3747415,10015145,0.727709452311198,8969586,0.3482618059430803,3402195,0.752793448311942
adamw_sft_mixed,AdamW + SFT (Mixed),5,gate_proj,mlp,model.layers.5.mlp.gate_proj.weight,13762560,13762161,399,2.8991699218772204e-05,2980033,10782527,0.7834681193033854,8875716,0.3550824846540178,2704298,0.8035032726469494
adamw_sft_mixed,AdamW + SFT (Mixed),5,up_proj,mlp,model.layers.5.mlp.up_proj.weight,13762560,13762243,317,2.3033505394343123e-05,3681097,10081463,0.7325281778971354,9015504,0.3449253627232143,3349976,0.7565877278645834
adamw_sft_mixed,AdamW + SFT (Mixed),5,k_proj,attn,model.layers.5.self_attn.k_proj.weight,393216,393202,14,3.560384114587034e-05,85402,307814,0.7828114827473959,247178,0.37139383951822913,76585,0.8052342732747396
adamw_sft_mixed,AdamW + SFT (Mixed),5,o_proj,attn,model.layers.5.self_attn.o_proj.weight,2359296,2359251,45,1.9073486328125e-05,693867,1665429,0.7059008280436199,1555768,0.34057956271701384,630307,0.732841067843967
adamw_sft_mixed,AdamW + SFT (Mixed),5,q_proj,attn,model.layers.5.self_attn.q_proj.weight,2359296,2359234,62,2.6279025607589546e-05,589369,1769927,0.75019285413954,1495983,0.36591974894205725,527589,0.7763786315917969
adamw_sft_mixed,AdamW + SFT (Mixed),5,v_proj,attn,model.layers.5.self_attn.v_proj.weight,393216,393211,5,1.271565755212034e-05,115113,278103,0.7072525024414062,259004,0.34131876627604163,104266,0.7348378499348958
adamw_sft_mixed,AdamW + SFT (Mixed),6,down_proj,mlp,model.layers.6.mlp.down_proj.weight,13762560,13762244,316,2.296084449404656e-05,3652081,10110479,0.7346365065801712,8900932,0.35325026739211307,3309112,0.7595569428943453
adamw_sft_mixed,AdamW + SFT (Mixed),6,gate_proj,mlp,model.layers.6.mlp.gate_proj.weight,13762560,13762153,407,2.9572986421144698e-05,2929773,10832787,0.7871200561523437,8770573,0.36272226969401045,2647486,0.8076312837146578
adamw_sft_mixed,AdamW + SFT (Mixed),6,up_proj,mlp,model.layers.6.mlp.up_proj.weight,13762560,13762196,364,2.6448567708281523e-05,3570111,10192449,0.740592520577567,8919761,0.35188213530040924,3236899,0.7648040044875373
adamw_sft_mixed,AdamW + SFT (Mixed),6,k_proj,attn,model.layers.6.self_attn.k_proj.weight,393216,393199,17,4.323323567712034e-05,85496,307720,0.7825724283854166,254307,0.35326385498046875,77480,0.8029581705729166
adamw_sft_mixed,AdamW + SFT (Mixed),6,o_proj,attn,model.layers.6.self_attn.o_proj.weight,2359296,2359234,62,2.6279025607589546e-05,638052,1721244,0.7295583089192708,1552557,0.3419405619303385,580282,0.754044426812066
adamw_sft_mixed,AdamW + SFT (Mixed),6,q_proj,attn,model.layers.6.self_attn.q_proj.weight,2359296,2359238,58,2.4583604600669773e-05,594950,1764346,0.7478273179796007,1525969,0.3532100253634982,538421,0.7717874315049913
adamw_sft_mixed,AdamW + SFT (Mixed),6,v_proj,attn,model.layers.6.self_attn.v_proj.weight,393216,393204,12,3.0517578125e-05,101875,291341,0.740918477376302,263447,0.3300196329752604,93083,0.7632776896158854
adamw_sft_mixed,AdamW + SFT (Mixed),7,down_proj,mlp,model.layers.7.mlp.down_proj.weight,13762560,13762259,301,2.1870930989598136e-05,3511752,10250808,0.7448329380580356,8866964,0.35571841285342265,3178968,0.7690133231026786
adamw_sft_mixed,AdamW + SFT (Mixed),7,gate_proj,mlp,model.layers.7.mlp.gate_proj.weight,13762560,13762184,376,2.7320498511951286e-05,3061818,10700742,0.7775255475725447,8729911,0.3656768072219122,2761573,0.7993416195824032
adamw_sft_mixed,AdamW + SFT (Mixed),7,up_proj,mlp,model.layers.7.mlp.up_proj.weight,13762560,13762233,327,2.376011439730874e-05,3400376,10362184,0.7529256184895834,8867810,0.35565694173177087,3079745,0.7762229556129092
adamw_sft_mixed,AdamW + SFT (Mixed),7,k_proj,attn,model.layers.7.self_attn.k_proj.weight,393216,393201,15,3.814697265625e-05,81589,311627,0.7925084431966146,253702,0.35480244954427087,73945,0.8119481404622396
adamw_sft_mixed,AdamW + SFT (Mixed),7,o_proj,attn,model.layers.7.self_attn.o_proj.weight,2359296,2359239,57,2.415974934899534e-05,656813,1702483,0.7216063605414497,1530233,0.35140270657009554,594276,0.7481129964192708
adamw_sft_mixed,AdamW + SFT (Mixed),7,q_proj,attn,model.layers.7.self_attn.q_proj.weight,2359296,2359219,77,3.263685438370523e-05,548085,1811211,0.7676912943522135,1485933,0.37017949422200525,491500,0.7916751437717013
adamw_sft_mixed,AdamW + SFT (Mixed),7,v_proj,attn,model.layers.7.self_attn.v_proj.weight,393216,393208,8,2.034505208337034e-05,111531,281685,0.7163619995117188,259261,0.3406651814778646,101610,0.7415924072265625
adamw_sft_mixed,AdamW + SFT (Mixed),8,down_proj,mlp,model.layers.8.mlp.down_proj.weight,13762560,13762259,301,2.1870930989598136e-05,3587975,10174585,0.7392945062546503,8818599,0.3592326572963169,3239668,0.7646028064546131
adamw_sft_mixed,AdamW + SFT (Mixed),8,gate_proj,mlp,model.layers.8.mlp.gate_proj.weight,13762560,13762201,359,2.6085263206798714e-05,3079327,10683233,0.7762533278692336,8713821,0.36684592110770087,2774521,0.7984008062453497
adamw_sft_mixed,AdamW + SFT (Mixed),8,up_proj,mlp,model.layers.8.mlp.up_proj.weight,13762560,13762215,345,2.506801060264685e-05,3420671,10341889,0.7514509655180431,8808241,0.3599852789015997,3090200,0.7754632859002977
adamw_sft_mixed,AdamW + SFT (Mixed),8,k_proj,attn,model.layers.8.self_attn.k_proj.weight,393216,393206,10,2.543131510412966e-05,80255,312961,0.7959009806315104,255250,0.35086568196614587,73139,0.8139979044596354
adamw_sft_mixed,AdamW + SFT (Mixed),8,o_proj,attn,model.layers.8.self_attn.o_proj.weight,2359296,2359236,60,2.543131510412966e-05,631298,1727998,0.7324210272894965,1518259,0.3564779493543837,569922,0.7584355672200521
adamw_sft_mixed,AdamW + SFT (Mixed),8,q_proj,attn,model.layers.8.self_attn.q_proj.weight,2359296,2359224,72,3.0517578125e-05,545205,1814091,0.7689119974772135,1506555,0.3614387512207031,491894,0.7915081448025174
adamw_sft_mixed,AdamW + SFT (Mixed),8,v_proj,attn,model.layers.8.self_attn.v_proj.weight,393216,393208,8,2.034505208337034e-05,97869,295347,0.7511062622070312,253610,0.35503641764322913,88346,0.7753245035807291
adamw_sft_mixed,AdamW + SFT (Mixed),9,down_proj,mlp,model.layers.9.mlp.down_proj.weight,13762560,13762253,307,2.2306896391377506e-05,3538357,10224203,0.7428997948056175,8828319,0.35852639334542413,3197362,0.7676767985026042
adamw_sft_mixed,AdamW + SFT (Mixed),9,gate_proj,mlp,model.layers.9.mlp.gate_proj.weight,13762560,13762163,397,2.884637741817908e-05,3103444,10659116,0.774500964936756,8710333,0.36709936232793894,2796167,0.7968279883975075
adamw_sft_mixed,AdamW + SFT (Mixed),9,up_proj,mlp,model.layers.9.mlp.up_proj.weight,13762560,13762192,368,2.6739211309578792e-05,3381098,10381462,0.7543263753255208,8811155,0.3597735450381324,3054766,0.7780379522414435
adamw_sft_mixed,AdamW + SFT (Mixed),9,k_proj,attn,model.layers.9.self_attn.k_proj.weight,393216,393201,15,3.814697265625e-05,86217,306999,0.7807388305664062,244049,0.3793512980143229,76090,0.8064931233723959
adamw_sft_mixed,AdamW + SFT (Mixed),9,o_proj,attn,model.layers.9.self_attn.o_proj.weight,2359296,2359245,51,2.161661783850466e-05,716308,1642988,0.6963890923394097,1509722,0.3600964016384549,642295,0.7277598910861545
adamw_sft_mixed,AdamW + SFT (Mixed),9,q_proj,attn,model.layers.9.self_attn.q_proj.weight,2359296,2359218,78,3.306070963537966e-05,597283,1762013,0.7468384636773003,1451607,0.384728749593099,525522,0.7772547403971354
adamw_sft_mixed,AdamW + SFT (Mixed),9,v_proj,attn,model.layers.9.self_attn.v_proj.weight,393216,393210,6,1.52587890625e-05,113010,280206,0.7126007080078125,249361,0.3658421834309896,100186,0.7452138264973958
muon_sft_fp32,Muon + SFT (FP32),-1,embed,embed,model.embed_tokens.weight,233373696,221674989,11698707,0.05012864431816688,21721039,211652657,0.9069259330751654,38969956,0.8330147884361397,15859657,0.932041797032687
muon_sft_fp32,Muon + SFT (FP32),0,down_proj,mlp,model.layers.0.mlp.down_proj.weight,13762560,13762050,510,3.7057059151801575e-05,2475351,11287209,0.8201387677873884,6424622,0.5331811814081101,1993729,0.8551338559105283
muon_sft_fp32,Muon + SFT (FP32),0,gate_proj,mlp,model.layers.0.mlp.gate_proj.weight,13762560,13748024,14536,0.0010561988467261418,2018638,11743922,0.8533239455450149,6193651,0.5499637422107515,1599523,0.8837772187732515
muon_sft_fp32,Muon + SFT (FP32),0,up_proj,mlp,model.layers.0.mlp.up_proj.weight,13762560,13752743,9817,0.0007133120582216712,2365122,11397438,0.8281481061662946,6078824,0.5583071754092261,1851062,0.8655001685732887
muon_sft_fp32,Muon + SFT (FP32),0,k_proj,attn,model.layers.0.self_attn.k_proj.weight,393216,393187,29,7.375081380212034e-05,38684,354532,0.9016215006510416,187479,0.5232162475585938,31728,0.9193115234375
muon_sft_fp32,Muon + SFT (FP32),0,o_proj,attn,model.layers.0.self_attn.o_proj.weight,2359296,2359199,97,4.1113959418415114e-05,468271,1891025,0.8015208774142795,887360,0.6238878038194444,338809,0.85639402601454
muon_sft_fp32,Muon + SFT (FP32),0,q_proj,attn,model.layers.0.self_attn.q_proj.weight,2359296,2124884,234412,0.09935675726996529,208090,2151206,0.9117999606662326,640526,0.7285096910264757,146560,0.9378797743055556
muon_sft_fp32,Muon + SFT (FP32),0,v_proj,attn,model.layers.0.self_attn.v_proj.weight,393216,393203,13,3.306070963537966e-05,101474,291742,0.7419382731119792,191475,0.5130538940429688,82759,0.7895329793294271
muon_sft_fp32,Muon + SFT (FP32),1,down_proj,mlp,model.layers.1.mlp.down_proj.weight,13762560,13761671,889,6.459554036453152e-05,1582919,12179641,0.8849836803617932,3344679,0.7569726126534598,936878,0.9319256010509672
muon_sft_fp32,Muon + SFT (FP32),1,gate_proj,mlp,model.layers.1.mlp.gate_proj.weight,13762560,13756962,5598,0.00040675571986603654,2290215,11472345,0.8335909162248885,7063894,0.4867311023530506,1914609,0.8608827863420759
muon_sft_fp32,Muon + SFT (FP32),1,up_proj,mlp,model.layers.1.mlp.up_proj.weight,13762560,13757557,5003,0.0003635224841890272,2672997,11089563,0.8057776314871652,7128741,0.48201926095145087,2231751,0.8378389630998884
muon_sft_fp32,Muon + SFT (FP32),1,k_proj,attn,model.layers.1.self_attn.k_proj.weight,393216,393180,36,9.1552734375e-05,42713,350503,0.8913752237955729,187690,0.5226796468098958,34864,0.9113362630208334
muon_sft_fp32,Muon + SFT (FP32),1,o_proj,attn,model.layers.1.self_attn.o_proj.weight,2359296,2359182,114,4.831949869787966e-05,422168,1937128,0.8210618760850694,921414,0.609453837076823,309868,0.8686608208550347
muon_sft_fp32,Muon + SFT (FP32),1,q_proj,attn,model.layers.1.self_attn.q_proj.weight,2359296,2359000,296,0.00012546115451383955,238829,2120467,0.8987710740831163,783206,0.6680340237087674,165767,0.92973878648546
muon_sft_fp32,Muon + SFT (FP32),1,v_proj,attn,model.layers.1.self_attn.v_proj.weight,393216,393198,18,4.57763671875e-05,101078,292138,0.7429453531901042,189492,0.518096923828125,82027,0.7913945515950521
muon_sft_fp32,Muon + SFT (FP32),10,down_proj,mlp,model.layers.10.mlp.down_proj.weight,13762560,13762054,506,3.676641555061533e-05,2581888,11180672,0.8123976934523809,6701772,0.513043212890625,2106706,0.8469248453776042
muon_sft_fp32,Muon + SFT (FP32),10,gate_proj,mlp,model.layers.10.mlp.gate_proj.weight,13762560,13760079,2481,0.0001802716936384341,2322739,11439821,0.8312276931036087,6427585,0.5329658871605283,1901072,0.8618663969494047
muon_sft_fp32,Muon + SFT (FP32),10,up_proj,mlp,model.layers.10.mlp.up_proj.weight,13762560,13761164,1396,0.00010143461681544341,2524478,11238082,0.8165691557384672,6982277,0.49266146705264136,2093462,0.8478871663411458
muon_sft_fp32,Muon + SFT (FP32),10,k_proj,attn,model.layers.10.self_attn.k_proj.weight,393216,393197,19,4.831949869787966e-05,66271,326945,0.8314641316731771,193054,0.5090382893880208,54104,0.8624064127604166
muon_sft_fp32,Muon + SFT (FP32),10,o_proj,attn,model.layers.10.self_attn.o_proj.weight,2359296,2359214,82,3.4756130642410454e-05,433747,1925549,0.816154056125217,1053055,0.5536571078830295,334458,0.8582382202148438
muon_sft_fp32,Muon + SFT (FP32),10,q_proj,attn,model.layers.10.self_attn.q_proj.weight,2359296,2359182,114,4.831949869787966e-05,359048,2000248,0.8478156195746528,970215,0.5887692769368489,269182,0.8859057956271701
muon_sft_fp32,Muon + SFT (FP32),10,v_proj,attn,model.layers.10.self_attn.v_proj.weight,393216,393200,16,4.069010416662966e-05,77316,315900,0.803375244140625,197840,0.49686686197916663,63767,0.8378321329752604
muon_sft_fp32,Muon + SFT (FP32),11,down_proj,mlp,model.layers.11.mlp.down_proj.weight,13762560,13762065,495,3.596714564735315e-05,2618861,11143699,0.8097112019856771,6722498,0.5115372430710565,2136950,0.844727289109003
muon_sft_fp32,Muon + SFT (FP32),11,gate_proj,mlp,model.layers.11.mlp.gate_proj.weight,13762560,13761959,601,4.366920107889971e-05,2354379,11408181,0.8289287022181919,6507566,0.5271543956938244,1934006,0.859473382859003
muon_sft_fp32,Muon + SFT (FP32),11,up_proj,mlp,model.layers.11.mlp.up_proj.weight,13762560,13762042,518,3.763834635417407e-05,2527942,11234618,0.8163174583798363,6996413,0.49163433256603417,2096601,0.8476590837751116
muon_sft_fp32,Muon + SFT (FP32),11,k_proj,attn,model.layers.11.self_attn.k_proj.weight,393216,393200,16,4.069010416662966e-05,60719,332497,0.8455835978190104,192386,0.5107371012369792,49849,0.8732274373372396
muon_sft_fp32,Muon + SFT (FP32),11,o_proj,attn,model.layers.11.self_attn.o_proj.weight,2359296,2359192,104,4.408094618058023e-05,445113,1914183,0.8113365173339844,1042878,0.557970682779948,339722,0.8560070461697049
muon_sft_fp32,Muon + SFT (FP32),11,q_proj,attn,model.layers.11.self_attn.q_proj.weight,2359296,2359166,130,5.510118272566977e-05,329587,2029709,0.8603028191460503,930055,0.6057913038465712,242378,0.8972668117947049
muon_sft_fp32,Muon + SFT (FP32),11,v_proj,attn,model.layers.11.self_attn.v_proj.weight,393216,393204,12,3.0517578125e-05,74665,318551,0.8101170857747396,193385,0.508196512858073,61264,0.8441975911458334
muon_sft_fp32,Muon + SFT (FP32),12,down_proj,mlp,model.layers.12.mlp.down_proj.weight,13762560,13762097,463,3.364199683775215e-05,2695370,11067190,0.8041519891648066,6690916,0.513832019624256,2196968,0.8403663271949404
muon_sft_fp32,Muon + SFT (FP32),12,gate_proj,mlp,model.layers.12.mlp.gate_proj.weight,13762560,13761016,1544,0.00011218843005955659,2293854,11468706,0.8333265032087054,6183842,0.5506764729817708,1876445,0.8636558169410342
muon_sft_fp32,Muon + SFT (FP32),12,up_proj,mlp,model.layers.12.mlp.up_proj.weight,13762560,13761922,638,4.6357654389872494e-05,2578064,11184496,0.812675548735119,6926081,0.49674471900576633,2131810,0.8451007661365327
muon_sft_fp32,Muon + SFT (FP32),12,k_proj,attn,model.layers.12.self_attn.k_proj.weight,393216,393186,30,7.62939453125e-05,66090,327126,0.8319244384765625,186839,0.5248438517252605,54040,0.8625691731770834
muon_sft_fp32,Muon + SFT (FP32),12,o_proj,attn,model.layers.12.self_attn.o_proj.weight,2359296,2359209,87,3.687540690100466e-05,431723,1927573,0.8170119391547309,1021254,0.5671361287434895,327231,0.8613014221191406
muon_sft_fp32,Muon + SFT (FP32),12,q_proj,attn,model.layers.12.self_attn.q_proj.weight,2359296,2359202,94,3.984239366316977e-05,348165,2011131,0.8524284362792969,907458,0.615369160970052,254435,0.8921563890245225
muon_sft_fp32,Muon + SFT (FP32),12,v_proj,attn,model.layers.12.self_attn.v_proj.weight,393216,393200,16,4.069010416662966e-05,72641,320575,0.8152643839518229,190317,0.5159988403320312,59339,0.8490931193033854
muon_sft_fp32,Muon + SFT (FP32),13,down_proj,mlp,model.layers.13.mlp.down_proj.weight,13762560,13762051,509,3.698439825150501e-05,2657454,11105106,0.8069069998604911,6769981,0.5080870855422247,2176114,0.841881597609747
muon_sft_fp32,Muon + SFT (FP32),13,gate_proj,mlp,model.layers.13.mlp.gate_proj.weight,13762560,13761972,588,4.272460937504441e-05,2420392,11342168,0.8241321382068453,6471906,0.5297454833984375,1990744,0.8553507486979166
muon_sft_fp32,Muon + SFT (FP32),13,up_proj,mlp,model.layers.13.mlp.up_proj.weight,13762560,13762069,491,3.56765020461669e-05,2545675,11216885,0.8150289626348586,6980673,0.4927780151367187,2111697,0.8465621948242188
muon_sft_fp32,Muon + SFT (FP32),13,k_proj,attn,model.layers.13.self_attn.k_proj.weight,393216,393191,25,6.357828776037966e-05,58573,334643,0.8510411580403646,187070,0.5242563883463542,47857,0.8782933553059896
muon_sft_fp32,Muon + SFT (FP32),13,o_proj,attn,model.layers.13.self_attn.o_proj.weight,2359296,2359209,87,3.687540690100466e-05,450645,1908651,0.8089917500813802,1037212,0.5603722466362847,343120,0.8545667860243056
muon_sft_fp32,Muon + SFT (FP32),13,q_proj,attn,model.layers.13.self_attn.q_proj.weight,2359296,2359174,122,5.171034071183023e-05,332574,2026722,0.8590367635091146,905902,0.6160286797417535,243926,0.8966106838650174
muon_sft_fp32,Muon + SFT (FP32),13,v_proj,attn,model.layers.13.self_attn.v_proj.weight,393216,393207,9,2.288818359375e-05,77180,316036,0.8037211100260416,188349,0.5210037231445312,62892,0.840057373046875
muon_sft_fp32,Muon + SFT (FP32),14,down_proj,mlp,model.layers.14.mlp.down_proj.weight,13762560,13762079,481,3.4949893043201286e-05,2668485,11094075,0.806105477469308,6803981,0.5056166149321056,2189335,0.8409209478469122
muon_sft_fp32,Muon + SFT (FP32),14,gate_proj,mlp,model.layers.14.mlp.gate_proj.weight,13762560,13761993,567,4.119873046870559e-05,2533620,11228940,0.8159048897879464,6704405,0.5128518967401414,2093152,0.8479096912202381
muon_sft_fp32,Muon + SFT (FP32),14,up_proj,mlp,model.layers.14.mlp.up_proj.weight,13762560,13762092,468,3.400530133923496e-05,2594561,11167999,0.8114768618629092,7031229,0.48910457066127233,2156883,0.8432789393833705
muon_sft_fp32,Muon + SFT (FP32),14,k_proj,attn,model.layers.14.self_attn.k_proj.weight,393216,393074,142,0.00036112467447912966,76695,316521,0.8049545288085938,179505,0.5434951782226562,61353,0.8439712524414062
muon_sft_fp32,Muon + SFT (FP32),14,o_proj,attn,model.layers.14.self_attn.o_proj.weight,2359296,2358200,1096,0.0004645453559027901,438421,1920875,0.8141729566786025,929262,0.606127421061198,332121,0.859228769938151
muon_sft_fp32,Muon + SFT (FP32),14,q_proj,attn,model.layers.14.self_attn.q_proj.weight,2359296,2356982,2314,0.0009808010525174105,318840,2040456,0.8648579915364584,743886,0.6847000122070312,217272,0.9079081217447916
muon_sft_fp32,Muon + SFT (FP32),14,v_proj,attn,model.layers.14.self_attn.v_proj.weight,393216,393207,9,2.288818359375e-05,83970,309246,0.7864532470703125,179218,0.5442250569661458,67217,0.8290583292643229
muon_sft_fp32,Muon + SFT (FP32),15,down_proj,mlp,model.layers.15.mlp.down_proj.weight,13762560,13762059,501,3.640311104913252e-05,2665726,11096834,0.8063059488932292,6763937,0.5085262480236235,2185141,0.8412256876627604
muon_sft_fp32,Muon + SFT (FP32),15,gate_proj,mlp,model.layers.15.mlp.gate_proj.weight,13762560,13759944,2616,0.00019008091517858094,2460850,11301710,0.8211924235026041,6441427,0.5319601149786086,2024105,0.8529267084030878
muon_sft_fp32,Muon + SFT (FP32),15,up_proj,mlp,model.layers.15.mlp.up_proj.weight,13762560,13761031,1529,0.00011109851655510816,2548280,11214280,0.8148396809895834,7002876,0.4911647251674107,2120227,0.84594239734468
muon_sft_fp32,Muon + SFT (FP32),15,k_proj,attn,model.layers.15.self_attn.k_proj.weight,393216,393192,24,6.103515625e-05,74614,318602,0.8102467854817709,183367,0.533673604329427,61383,0.8438949584960938
muon_sft_fp32,Muon + SFT (FP32),15,o_proj,attn,model.layers.15.self_attn.o_proj.weight,2359296,2359190,106,4.4928656684040114e-05,426245,1933051,0.8193338182237413,1050616,0.5546908908420138,328647,0.8607012430826823
muon_sft_fp32,Muon + SFT (FP32),15,q_proj,attn,model.layers.15.self_attn.q_proj.weight,2359296,2359161,135,5.7220458984375e-05,373948,1985348,0.8415001763237847,874893,0.6291720072428386,271262,0.885024176703559
muon_sft_fp32,Muon + SFT (FP32),15,v_proj,attn,model.layers.15.self_attn.v_proj.weight,393216,393205,11,2.797444661462034e-05,65842,327374,0.8325551350911459,185167,0.529095967610677,53560,0.8637898763020834
muon_sft_fp32,Muon + SFT (FP32),16,down_proj,mlp,model.layers.16.mlp.down_proj.weight,13762560,13762025,535,3.887358165921562e-05,2612467,11150093,0.81017579578218,6685179,0.5142488752092633,2134904,0.844875953311012
muon_sft_fp32,Muon + SFT (FP32),16,gate_proj,mlp,model.layers.16.mlp.gate_proj.weight,13762560,13761889,671,4.875546409965903e-05,2511070,11251490,0.8175433930896577,6364583,0.5375436692010789,2063120,0.8500918433779762
muon_sft_fp32,Muon + SFT (FP32),16,up_proj,mlp,model.layers.16.mlp.up_proj.weight,13762560,13762066,494,3.589448474705659e-05,2542222,11220338,0.8152798607235863,6924142,0.4968856084914435,2109098,0.8467510405040922
muon_sft_fp32,Muon + SFT (FP32),16,k_proj,attn,model.layers.16.self_attn.k_proj.weight,393216,393199,17,4.323323567712034e-05,61804,331412,0.8428243001302084,188283,0.5211715698242188,50755,0.8709233601888021
muon_sft_fp32,Muon + SFT (FP32),16,o_proj,attn,model.layers.16.self_attn.o_proj.weight,2359296,2359207,89,3.7723117404464546e-05,438176,1921120,0.8142768012152778,1049087,0.5553389655219184,335958,0.8576024373372396
muon_sft_fp32,Muon + SFT (FP32),16,q_proj,attn,model.layers.16.self_attn.q_proj.weight,2359296,2355511,3785,0.0016042921278212052,333109,2026187,0.8588100009494357,883490,0.6255281236436632,251192,0.8935309516059028
muon_sft_fp32,Muon + SFT (FP32),16,v_proj,attn,model.layers.16.self_attn.v_proj.weight,393216,393198,18,4.57763671875e-05,71344,321872,0.8185628255208334,189560,0.5179239908854167,58952,0.8500773111979166
muon_sft_fp32,Muon + SFT (FP32),17,down_proj,mlp,model.layers.17.mlp.down_proj.weight,13762560,13762083,477,3.465924944201504e-05,2564122,11198438,0.8136885870070685,6611053,0.5196349371047246,2090360,0.8481125604538691
muon_sft_fp32,Muon + SFT (FP32),17,gate_proj,mlp,model.layers.17.mlp.gate_proj.weight,13762560,13759306,3254,0.00023643856956845344,2481059,11281501,0.8197240193684896,6439460,0.5321030389694941,2038627,0.8518715268089658
muon_sft_fp32,Muon + SFT (FP32),17,up_proj,mlp,model.layers.17.mlp.up_proj.weight,13762560,13760350,2210,0.0001605805896577328,2508133,11254427,0.8177567981538318,6873927,0.5005342755998884,2077065,0.849078587123326
muon_sft_fp32,Muon + SFT (FP32),17,k_proj,attn,model.layers.17.self_attn.k_proj.weight,393216,393200,16,4.069010416662966e-05,77537,315679,0.8028132120768229,189214,0.5188039143880208,62594,0.8408152262369791
muon_sft_fp32,Muon + SFT (FP32),17,o_proj,attn,model.layers.17.self_attn.o_proj.weight,2359296,2359178,118,5.0014919704910454e-05,428823,1930473,0.8182411193847656,1054100,0.5532141791449653,333085,0.8588201734754775
muon_sft_fp32,Muon + SFT (FP32),17,q_proj,attn,model.layers.17.self_attn.q_proj.weight,2359296,2359206,90,3.814697265625e-05,379046,1980250,0.839339362250434,944975,0.5994673834906684,276564,0.8827768961588541
muon_sft_fp32,Muon + SFT (FP32),17,v_proj,attn,model.layers.17.self_attn.v_proj.weight,393216,393199,17,4.323323567712034e-05,76198,317018,0.8062184651692709,192519,0.5103988647460938,63205,0.8392613728841146
muon_sft_fp32,Muon + SFT (FP32),18,down_proj,mlp,model.layers.18.mlp.down_proj.weight,13762560,13762010,550,3.996349516366404e-05,2542382,11220178,0.8152682349795387,6569566,0.522649419875372,2071780,0.8494625999813988
muon_sft_fp32,Muon + SFT (FP32),18,gate_proj,mlp,model.layers.18.mlp.gate_proj.weight,13762560,13761381,1179,8.566720145086748e-05,2389537,11373023,0.8263740902855283,6317933,0.5409333001999628,1960069,0.8575796218145462
muon_sft_fp32,Muon + SFT (FP32),18,up_proj,mlp,model.layers.18.mlp.up_proj.weight,13762560,13761797,763,5.544026692705373e-05,2482875,11279685,0.819592067173549,6746799,0.5097715105329241,2046459,0.8513024466378348
muon_sft_fp32,Muon + SFT (FP32),18,k_proj,attn,model.layers.18.self_attn.k_proj.weight,393216,393196,20,5.086263020837034e-05,68072,325144,0.8268839518229166,193372,0.5082295735677083,56137,0.8572362263997396
muon_sft_fp32,Muon + SFT (FP32),18,o_proj,attn,model.layers.18.self_attn.o_proj.weight,2359296,2359216,80,3.3908420138839546e-05,441743,1917553,0.812764909532335,1084116,0.5404917399088542,347041,0.8529048495822482
muon_sft_fp32,Muon + SFT (FP32),18,q_proj,attn,model.layers.18.self_attn.q_proj.weight,2359296,2359188,108,4.57763671875e-05,378963,1980333,0.8393745422363281,1010731,0.5715963575575087,290700,0.8767852783203125
muon_sft_fp32,Muon + SFT (FP32),18,v_proj,attn,model.layers.18.self_attn.v_proj.weight,393216,393198,18,4.57763671875e-05,92627,300589,0.7644373575846354,198235,0.4958623250325521,75845,0.8071161905924479
muon_sft_fp32,Muon + SFT (FP32),19,down_proj,mlp,model.layers.19.mlp.down_proj.weight,13762560,13762053,507,3.683907645091189e-05,2499518,11263042,0.8183827718098958,6496437,0.5279630388532366,2032483,0.8523179553803943
muon_sft_fp32,Muon + SFT (FP32),19,gate_proj,mlp,model.layers.19.mlp.gate_proj.weight,13762560,13761566,994,7.222493489578152e-05,2354900,11407660,0.8288908458891369,6242152,0.5464396158854167,1922490,0.8603101457868303
muon_sft_fp32,Muon + SFT (FP32),19,up_proj,mlp,model.layers.19.mlp.up_proj.weight,13762560,13761934,626,4.548572358631375e-05,2430885,11331675,0.8233697073800224,6647133,0.5170133318219866,1996453,0.8549359276181175
muon_sft_fp32,Muon + SFT (FP32),19,k_proj,attn,model.layers.19.self_attn.k_proj.weight,393216,393199,17,4.323323567712034e-05,70885,322331,0.8197301228841146,193338,0.5083160400390625,57835,0.8529179890950521
muon_sft_fp32,Muon + SFT (FP32),19,o_proj,attn,model.layers.19.self_attn.o_proj.weight,2359296,2359190,106,4.4928656684040114e-05,394601,1964695,0.8327462938096788,1095873,0.5355084737141926,311766,0.8678563435872396
muon_sft_fp32,Muon + SFT (FP32),19,q_proj,attn,model.layers.19.self_attn.q_proj.weight,2359296,2359195,101,4.2809380425334886e-05,394173,1965123,0.8329277038574219,1017645,0.5686658223470051,301553,0.8721851772732205
muon_sft_fp32,Muon + SFT (FP32),19,v_proj,attn,model.layers.19.self_attn.v_proj.weight,393216,393198,18,4.57763671875e-05,65807,327409,0.8326441446940104,199167,0.49349212646484375,54988,0.8601582845052084
muon_sft_fp32,Muon + SFT (FP32),2,down_proj,mlp,model.layers.2.mlp.down_proj.weight,13762560,13762066,494,3.589448474705659e-05,2562620,11199940,0.8137977236793155,6800878,0.5058420817057292,2100770,0.8473561604817709
muon_sft_fp32,Muon + SFT (FP32),2,gate_proj,mlp,model.layers.2.mlp.gate_proj.weight,13762560,13761919,641,4.657563709076218e-05,2266195,11496365,0.8353362310500372,7074968,0.4859264555431547,1894311,0.862357657296317
muon_sft_fp32,Muon + SFT (FP32),2,up_proj,mlp,model.layers.2.mlp.up_proj.weight,13762560,13762018,542,3.938220796129155e-05,2657011,11105549,0.8069391886393229,7155887,0.48004680815197176,2220460,0.8386593773251488
muon_sft_fp32,Muon + SFT (FP32),2,k_proj,attn,model.layers.2.self_attn.k_proj.weight,393216,392863,353,0.0008977254231771203,50823,342393,0.8707504272460938,193030,0.5090993245442708,42052,0.8930562337239584
muon_sft_fp32,Muon + SFT (FP32),2,o_proj,attn,model.layers.2.self_attn.o_proj.weight,2359296,2359217,79,3.3484564887165114e-05,437007,1922289,0.8147722880045573,1064503,0.5488048129611545,341914,0.8550779554578993
muon_sft_fp32,Muon + SFT (FP32),2,q_proj,attn,model.layers.2.self_attn.q_proj.weight,2359296,2357347,1949,0.0008260938856337052,299556,2059740,0.8730316162109375,919442,0.6102896796332465,219148,0.9071129692925347
muon_sft_fp32,Muon + SFT (FP32),2,v_proj,attn,model.layers.2.self_attn.v_proj.weight,393216,393206,10,2.543131510412966e-05,95495,297721,0.7571436564127604,191968,0.5118001302083333,78135,0.8012924194335938
muon_sft_fp32,Muon + SFT (FP32),20,down_proj,mlp,model.layers.20.mlp.down_proj.weight,13762560,13761993,567,4.119873046870559e-05,2480233,11282327,0.8197840372721354,6359489,0.5379138038271949,2005993,0.8542427426292782
muon_sft_fp32,Muon + SFT (FP32),20,gate_proj,mlp,model.layers.20.mlp.gate_proj.weight,13762560,13761681,879,6.38689313615659e-05,2392179,11370381,0.8261821201869419,6217376,0.5482398623511905,1948974,0.8583857945033482
muon_sft_fp32,Muon + SFT (FP32),20,up_proj,mlp,model.layers.20.mlp.up_proj.weight,13762560,13761900,660,4.795619419639685e-05,2415295,11347265,0.8245024908156622,6512410,0.5268024262927827,1974806,0.8565088181268601
muon_sft_fp32,Muon + SFT (FP32),20,k_proj,attn,model.layers.20.self_attn.k_proj.weight,393216,393047,169,0.00042978922526037966,71858,321358,0.8172556559244791,190549,0.5154088338216145,58428,0.851409912109375
muon_sft_fp32,Muon + SFT (FP32),20,o_proj,attn,model.layers.20.self_attn.o_proj.weight,2359296,2359208,88,3.7299262152790114e-05,399675,1959621,0.8305956522623698,1078830,0.5427322387695312,313739,0.8670200771755643
muon_sft_fp32,Muon + SFT (FP32),20,q_proj,attn,model.layers.20.self_attn.q_proj.weight,2359296,2358320,976,0.00041368272569441977,381399,1977897,0.838342030843099,978595,0.5852173699273003,285355,0.879050784640842
muon_sft_fp32,Muon + SFT (FP32),20,v_proj,attn,model.layers.20.self_attn.v_proj.weight,393216,393201,15,3.814697265625e-05,63338,329878,0.8389231363932291,196696,0.49977620442708337,52790,0.8657480875651041
muon_sft_fp32,Muon + SFT (FP32),21,down_proj,mlp,model.layers.21.mlp.down_proj.weight,13762560,13762006,554,4.025413876485029e-05,2491846,11270714,0.8189402262369792,6248686,0.545964849562872,2003431,0.8544288998558408
muon_sft_fp32,Muon + SFT (FP32),21,gate_proj,mlp,model.layers.21.mlp.gate_proj.weight,13762560,13761817,743,5.3987048921122494e-05,2253217,11509343,0.8362792242140997,5842746,0.5754608154296875,1810352,0.8684581938244047
muon_sft_fp32,Muon + SFT (FP32),21,up_proj,mlp,model.layers.21.mlp.up_proj.weight,13762560,13761947,613,4.454113188245845e-05,2365518,11397042,0.8281193324497768,6278637,0.543788582938058,1912934,0.8610044933500745
muon_sft_fp32,Muon + SFT (FP32),21,k_proj,attn,model.layers.21.self_attn.k_proj.weight,393216,393200,16,4.069010416662966e-05,72372,320844,0.815948486328125,195434,0.5029856363932292,59231,0.8493677775065104
muon_sft_fp32,Muon + SFT (FP32),21,o_proj,attn,model.layers.21.self_attn.o_proj.weight,2359296,2359210,86,3.645155164933023e-05,399827,1959469,0.8305312262641059,1048629,0.5555330912272136,310619,0.8683425055609809
muon_sft_fp32,Muon + SFT (FP32),21,q_proj,attn,model.layers.21.self_attn.q_proj.weight,2359296,2359167,129,5.467732747399534e-05,369692,1989604,0.8433041042751737,938578,0.6021787855360243,274378,0.8837034437391493
muon_sft_fp32,Muon + SFT (FP32),21,v_proj,attn,model.layers.21.self_attn.v_proj.weight,393216,393198,18,4.57763671875e-05,66554,326662,0.8307444254557291,194638,0.5050099690755208,55038,0.8600311279296875
muon_sft_fp32,Muon + SFT (FP32),22,down_proj,mlp,model.layers.22.mlp.down_proj.weight,13762560,13761975,585,4.2506626674154724e-05,2399988,11362572,0.8256147112165179,6212614,0.5485858735584077,1928724,0.859857177734375
muon_sft_fp32,Muon + SFT (FP32),22,gate_proj,mlp,model.layers.22.mlp.gate_proj.weight,13762560,13761733,827,6.00905645461447e-05,2180576,11581984,0.841557384672619,5981207,0.5654001145135789,1756933,0.8723396664574032
muon_sft_fp32,Muon + SFT (FP32),22,up_proj,mlp,model.layers.22.mlp.up_proj.weight,13762560,13761909,651,4.7302246093727796e-05,2368907,11393653,0.8278730846586682,6398834,0.535054960704985,1924011,0.8601996285574777
muon_sft_fp32,Muon + SFT (FP32),22,k_proj,attn,model.layers.22.self_attn.k_proj.weight,393216,393011,205,0.0005213419596353797,81121,312095,0.7936986287434896,165049,0.5802586873372395,63998,0.8372446695963541
muon_sft_fp32,Muon + SFT (FP32),22,o_proj,attn,model.layers.22.self_attn.o_proj.weight,2359296,2359200,96,4.069010416662966e-05,365583,1993713,0.8450457255045573,1099679,0.533895280626085,290623,0.8768179151746962
muon_sft_fp32,Muon + SFT (FP32),22,q_proj,attn,model.layers.22.self_attn.q_proj.weight,2359296,2358318,978,0.00041453043619787966,405876,1953420,0.8279673258463541,885632,0.6246202256944444,289784,0.8771735297309028
muon_sft_fp32,Muon + SFT (FP32),22,v_proj,attn,model.layers.22.self_attn.v_proj.weight,393216,393199,17,4.323323567712034e-05,72644,320572,0.8152567545572916,169529,0.568865458170573,56128,0.8572591145833334
muon_sft_fp32,Muon + SFT (FP32),23,down_proj,mlp,model.layers.23.mlp.down_proj.weight,13762560,13761936,624,4.534040178572063e-05,2388036,11374524,0.826483154296875,6334649,0.5397187005905878,1929951,0.8597680228097098
muon_sft_fp32,Muon + SFT (FP32),23,gate_proj,mlp,model.layers.23.mlp.gate_proj.weight,13762560,13761264,1296,9.416852678567622e-05,2190920,11571640,0.8408057803199405,6135593,0.5541822887602307,1774258,0.871080816359747
muon_sft_fp32,Muon + SFT (FP32),23,up_proj,mlp,model.layers.23.mlp.up_proj.weight,13762560,13761620,940,6.830124627976719e-05,2338634,11423926,0.8300727480933779,6485207,0.5287790207635789,1907712,0.8613839285714285
muon_sft_fp32,Muon + SFT (FP32),23,k_proj,attn,model.layers.23.self_attn.k_proj.weight,393216,393001,215,0.0005467732747396203,71466,321750,0.8182525634765625,180800,0.5402018229166667,56833,0.8554662068684896
muon_sft_fp32,Muon + SFT (FP32),23,o_proj,attn,model.layers.23.self_attn.o_proj.weight,2359296,2359192,104,4.408094618058023e-05,370292,1989004,0.8430497911241319,1065066,0.548566182454427,289782,0.8771743774414062
muon_sft_fp32,Muon + SFT (FP32),23,q_proj,attn,model.layers.23.self_attn.q_proj.weight,2359296,2358202,1094,0.00046369764539933023,378424,1980872,0.8396030002170138,984969,0.5825157165527344,287450,0.8781628078884549
muon_sft_fp32,Muon + SFT (FP32),23,v_proj,attn,model.layers.23.self_attn.v_proj.weight,393216,393202,14,3.560384114587034e-05,68534,324682,0.8257090250651041,187093,0.5241978963216145,55769,0.8581720987955729
muon_sft_fp32,Muon + SFT (FP32),24,down_proj,mlp,model.layers.24.mlp.down_proj.weight,13762560,13762021,539,3.9164225260401864e-05,2368720,11393840,0.8278866722470238,6353183,0.5383720034644717,1917705,0.8606578281947544
muon_sft_fp32,Muon + SFT (FP32),24,gate_proj,mlp,model.layers.24.mlp.gate_proj.weight,13762560,13760294,2266,0.00016464960007445129,2207020,11555540,0.8396359398251488,6089667,0.5575193132672991,1780775,0.8706072852725074
muon_sft_fp32,Muon + SFT (FP32),24,up_proj,mlp,model.layers.24.mlp.up_proj.weight,13762560,13760746,1814,0.0001318068731398503,2262324,11500236,0.8356175013950893,6301826,0.5421036493210565,1833947,0.8667437598818825
muon_sft_fp32,Muon + SFT (FP32),24,k_proj,attn,model.layers.24.self_attn.k_proj.weight,393216,393118,98,0.00024922688802087034,66393,326823,0.8311538696289062,196592,0.5000406901041667,54441,0.8615493774414062
muon_sft_fp32,Muon + SFT (FP32),24,o_proj,attn,model.layers.24.self_attn.o_proj.weight,2359296,2359196,100,4.2385525173660454e-05,358298,2000998,0.8481335110134549,1092380,0.5369890001085069,283781,0.8797179328070747
muon_sft_fp32,Muon + SFT (FP32),24,q_proj,attn,model.layers.24.self_attn.q_proj.weight,2359296,2358971,325,0.00013775295681428545,373720,1985576,0.8415968153211806,1046079,0.5566139221191406,290673,0.8767967224121094
muon_sft_fp32,Muon + SFT (FP32),24,v_proj,attn,model.layers.24.self_attn.v_proj.weight,393216,393196,20,5.086263020837034e-05,60854,332362,0.8452402750651041,203906,0.48144022623697913,51242,0.8696848551432291
muon_sft_fp32,Muon + SFT (FP32),25,down_proj,mlp,model.layers.25.mlp.down_proj.weight,13762560,13761913,647,4.701160249254155e-05,2318074,11444486,0.831566656203497,6343622,0.5390667143322172,1882688,0.8632021949404762
muon_sft_fp32,Muon + SFT (FP32),25,gate_proj,mlp,model.layers.25.mlp.gate_proj.weight,13762560,13761303,1257,9.133475167411031e-05,2249705,11512855,0.8365344092959449,6126831,0.5548189435686384,1817513,0.8679378691173735
muon_sft_fp32,Muon + SFT (FP32),25,up_proj,mlp,model.layers.25.mlp.up_proj.weight,13762560,13761414,1146,8.326939174108094e-05,2205494,11557066,0.8397468203590029,6208058,0.5489169166201637,1783426,0.8704146612258185
muon_sft_fp32,Muon + SFT (FP32),25,k_proj,attn,model.layers.25.self_attn.k_proj.weight,393216,393015,201,0.00051116943359375,79418,313798,0.7980295817057291,152538,0.6120758056640625,60730,0.8455556233723959
muon_sft_fp32,Muon + SFT (FP32),25,o_proj,attn,model.layers.25.self_attn.o_proj.weight,2359296,2359177,119,5.0438774956584886e-05,321703,2037593,0.8636444939507378,1082643,0.5411160786946614,253055,0.8927413092719184
muon_sft_fp32,Muon + SFT (FP32),25,q_proj,attn,model.layers.25.self_attn.q_proj.weight,2359296,2358008,1288,0.0005459255642361605,427077,1932219,0.8189811706542969,893609,0.6212391323513455,307304,0.8697475857204862
muon_sft_fp32,Muon + SFT (FP32),25,v_proj,attn,model.layers.25.self_attn.v_proj.weight,393216,393192,24,6.103515625e-05,46734,346482,0.8811492919921875,153059,0.6107508341471355,35572,0.9095357259114584
muon_sft_fp32,Muon + SFT (FP32),26,down_proj,mlp,model.layers.26.mlp.down_proj.weight,13762560,13761906,654,4.752022879461748e-05,2274656,11487904,0.834721447172619,6171423,0.551578848702567,1839246,0.8663587297712053
muon_sft_fp32,Muon + SFT (FP32),26,gate_proj,mlp,model.layers.26.mlp.gate_proj.weight,13762560,13758026,4534,0.00032944452194938467,2314657,11447903,0.831814938499814,6281410,0.5435870942615327,1886866,0.8628986176990328
muon_sft_fp32,Muon + SFT (FP32),26,up_proj,mlp,model.layers.26.mlp.up_proj.weight,13762560,13757540,5020,0.00036475771949406877,2111359,11651201,0.8465867542085194,5808899,0.577920168922061,1680928,0.8778622581845238
muon_sft_fp32,Muon + SFT (FP32),26,k_proj,attn,model.layers.26.self_attn.k_proj.weight,393216,393201,15,3.814697265625e-05,82627,310589,0.7898686726888021,178369,0.5463841756184895,65688,0.83294677734375
muon_sft_fp32,Muon + SFT (FP32),26,o_proj,attn,model.layers.26.self_attn.o_proj.weight,2359296,2359194,102,4.323323567712034e-05,327699,2031597,0.8611030578613281,1081639,0.5415416293674045,257812,0.8907250298394097
muon_sft_fp32,Muon + SFT (FP32),26,q_proj,attn,model.layers.26.self_attn.q_proj.weight,2359296,2359187,109,4.6200222439285454e-05,380982,1978314,0.8385187784830729,801585,0.6602439880371094,262786,0.8886167738172743
muon_sft_fp32,Muon + SFT (FP32),26,v_proj,attn,model.layers.26.self_attn.v_proj.weight,393216,393195,21,5.340576171875e-05,57397,335819,0.8540318806966146,184800,0.530029296875,47316,0.879669189453125
muon_sft_fp32,Muon + SFT (FP32),27,down_proj,mlp,model.layers.27.mlp.down_proj.weight,13762560,13761628,932,6.77199590773947e-05,2012756,11749804,0.8537513369605655,3974890,0.711180914015997,1436939,0.8955907185872396
muon_sft_fp32,Muon + SFT (FP32),27,gate_proj,mlp,model.layers.27.mlp.gate_proj.weight,13762560,13755022,7538,0.0005477178664434756,1970349,11792211,0.8568326677594866,4962936,0.6393886021205357,1529682,0.8888519287109375
muon_sft_fp32,Muon + SFT (FP32),27,up_proj,mlp,model.layers.27.mlp.up_proj.weight,13762560,13753922,8638,0.0006276448567708037,1676639,12085921,0.8781739007859003,3722547,0.7295163835797991,1198007,0.9129517328171503
muon_sft_fp32,Muon + SFT (FP32),27,k_proj,attn,model.layers.27.self_attn.k_proj.weight,393216,393195,21,5.340576171875e-05,80610,312606,0.7949981689453125,157867,0.598523457845052,61633,0.8432591756184896
muon_sft_fp32,Muon + SFT (FP32),27,o_proj,attn,model.layers.27.self_attn.o_proj.weight,2359296,2359156,140,5.933973524308023e-05,380314,1978982,0.8388019137912326,998922,0.5766016642252605,289709,0.877205318874783
muon_sft_fp32,Muon + SFT (FP32),27,q_proj,attn,model.layers.27.self_attn.q_proj.weight,2359296,2359211,85,3.602769639754477e-05,440586,1918710,0.8132553100585938,953166,0.595995585123698,325700,0.8619503445095487
muon_sft_fp32,Muon + SFT (FP32),27,v_proj,attn,model.layers.27.self_attn.v_proj.weight,393216,393182,34,8.646647135412966e-05,42264,350952,0.89251708984375,160496,0.5918375651041667,32726,0.9167734781901041
muon_sft_fp32,Muon + SFT (FP32),3,down_proj,mlp,model.layers.3.mlp.down_proj.weight,13762560,13762088,472,3.429594494042121e-05,2569615,11192945,0.8132894606817336,6702374,0.5129994710286458,2096594,0.8476595924014136
muon_sft_fp32,Muon + SFT (FP32),3,gate_proj,mlp,model.layers.3.mlp.gate_proj.weight,13762560,13761664,896,6.510416666671848e-05,2256628,11505932,0.8360313778831845,6848895,0.5023531232561385,1871839,0.8639904930478051
muon_sft_fp32,Muon + SFT (FP32),3,up_proj,mlp,model.layers.3.mlp.up_proj.weight,13762560,13762001,559,4.06174432663331e-05,2652239,11110321,0.8072859264555432,7118055,0.48279571533203125,2212518,0.8392364501953125
muon_sft_fp32,Muon + SFT (FP32),3,k_proj,attn,model.layers.3.self_attn.k_proj.weight,393216,393153,63,0.00016021728515625,61173,332043,0.8444290161132812,186853,0.5248082478841145,49922,0.8730417887369791
muon_sft_fp32,Muon + SFT (FP32),3,o_proj,attn,model.layers.3.self_attn.o_proj.weight,2359296,2359190,106,4.4928656684040114e-05,432700,1926596,0.8165978325737847,947381,0.5984475877549913,326866,0.8614561292860243
muon_sft_fp32,Muon + SFT (FP32),3,q_proj,attn,model.layers.3.self_attn.q_proj.weight,2359296,2358204,1092,0.00046284993489587034,323330,2035966,0.8629548814561632,779488,0.6696099175347222,220098,0.9067103068033854
muon_sft_fp32,Muon + SFT (FP32),3,v_proj,attn,model.layers.3.self_attn.v_proj.weight,393216,393203,13,3.306070963537966e-05,85755,307461,0.7819137573242188,186487,0.525739034016927,70739,0.8201014200846354
muon_sft_fp32,Muon + SFT (FP32),4,down_proj,mlp,model.layers.4.mlp.down_proj.weight,13762560,13762075,485,3.524053664438753e-05,2625204,11137356,0.8092503138950893,6723076,0.5114952450706844,2143796,0.8442298525855655
muon_sft_fp32,Muon + SFT (FP32),4,gate_proj,mlp,model.layers.4.mlp.gate_proj.weight,13762560,13761737,823,5.979992094495845e-05,2240938,11521622,0.8371714274088542,6517091,0.5264623006184896,1848793,0.865665036156064
muon_sft_fp32,Muon + SFT (FP32),4,up_proj,mlp,model.layers.4.mlp.up_proj.weight,13762560,13762041,519,3.771100725447063e-05,2663297,11099263,0.806482442220052,7053534,0.4874838692801339,2214500,0.8390924362909227
muon_sft_fp32,Muon + SFT (FP32),4,k_proj,attn,model.layers.4.self_attn.k_proj.weight,393216,393192,24,6.103515625e-05,62956,330260,0.8398946126302084,189268,0.5186665852864583,51174,0.8698577880859375
muon_sft_fp32,Muon + SFT (FP32),4,o_proj,attn,model.layers.4.self_attn.o_proj.weight,2359296,2359179,117,4.9591064453125e-05,413094,1946202,0.8249079386393229,982872,0.583404541015625,314592,0.8666585286458334
muon_sft_fp32,Muon + SFT (FP32),4,q_proj,attn,model.layers.4.self_attn.q_proj.weight,2359296,2359143,153,6.4849853515625e-05,297622,2061674,0.8738513522677951,739154,0.6867056952582465,200663,0.9149479336208768
muon_sft_fp32,Muon + SFT (FP32),4,v_proj,attn,model.layers.4.self_attn.v_proj.weight,393216,393203,13,3.306070963537966e-05,74327,318889,0.8109766642252604,191372,0.5133158365885417,61353,0.8439712524414062
muon_sft_fp32,Muon + SFT (FP32),5,down_proj,mlp,model.layers.5.mlp.down_proj.weight,13762560,13762078,482,3.502255394349785e-05,2662885,11099675,0.8065123785109747,6675887,0.5149240402948289,2168375,0.8424439203171503
muon_sft_fp32,Muon + SFT (FP32),5,gate_proj,mlp,model.layers.5.mlp.gate_proj.weight,13762560,13757102,5458,0.0003965831938244069,2154533,11608027,0.84344969249907,6199892,0.5495102655319941,1766874,0.8716173444475447
muon_sft_fp32,Muon + SFT (FP32),5,up_proj,mlp,model.layers.5.mlp.up_proj.weight,13762560,13758516,4044,0.00029384068080362535,2685772,11076788,0.8048493884858631,7005205,0.4909954979306176,2229344,0.8380138578869047
muon_sft_fp32,Muon + SFT (FP32),5,k_proj,attn,model.layers.5.self_attn.k_proj.weight,393216,393155,61,0.00015513102213537966,63759,329457,0.8378524780273438,186430,0.5258839925130208,51629,0.8687006632486979
muon_sft_fp32,Muon + SFT (FP32),5,o_proj,attn,model.layers.5.self_attn.o_proj.weight,2359296,2359217,79,3.3484564887165114e-05,430253,1929043,0.817635006374783,1017224,0.5688442654079862,329304,0.8604227701822916
muon_sft_fp32,Muon + SFT (FP32),5,q_proj,attn,model.layers.5.self_attn.q_proj.weight,2359296,2358102,1194,0.0005060831705728797,345966,2013330,0.8533604939778646,863992,0.6337924533420138,246992,0.8953111436631944
muon_sft_fp32,Muon + SFT (FP32),5,v_proj,attn,model.layers.5.self_attn.v_proj.weight,393216,393197,19,4.831949869787966e-05,84036,309180,0.786285400390625,188109,0.5216140747070312,69172,0.8240865071614584
muon_sft_fp32,Muon + SFT (FP32),6,down_proj,mlp,model.layers.6.mlp.down_proj.weight,13762560,13762033,527,3.829229445684312e-05,2609357,11153203,0.8104017711821057,6614525,0.5193826584588914,2119397,0.846002705891927
muon_sft_fp32,Muon + SFT (FP32),6,gate_proj,mlp,model.layers.6.mlp.gate_proj.weight,13762560,13761595,965,7.011776878718123e-05,2155753,11606807,0.8433610462007068,6327137,0.5402645292736235,1767264,0.8715890066964286
muon_sft_fp32,Muon + SFT (FP32),6,up_proj,mlp,model.layers.6.mlp.up_proj.weight,13762560,13761994,566,4.112606956840903e-05,2645534,11117026,0.8077731177920386,6994445,0.4917773292178199,2194087,0.8405756632486979
muon_sft_fp32,Muon + SFT (FP32),6,k_proj,attn,model.layers.6.self_attn.k_proj.weight,393216,393129,87,0.00022125244140625,62076,331140,0.842132568359375,194768,0.5046793619791667,50971,0.8703740437825521
muon_sft_fp32,Muon + SFT (FP32),6,o_proj,attn,model.layers.6.self_attn.o_proj.weight,2359296,2359191,105,4.450480143225466e-05,397826,1961470,0.8313793606228299,1029411,0.5636787414550781,307373,0.8697183397081163
muon_sft_fp32,Muon + SFT (FP32),6,q_proj,attn,model.layers.6.self_attn.q_proj.weight,2359296,2357930,1366,0.0005789862738715401,341930,2017366,0.8550711737738715,888856,0.6232537163628472,248341,0.8947393629286025
muon_sft_fp32,Muon + SFT (FP32),6,v_proj,attn,model.layers.6.self_attn.v_proj.weight,393216,393199,17,4.323323567712034e-05,73050,320166,0.8142242431640625,195417,0.5030288696289062,60898,0.8451283772786459
muon_sft_fp32,Muon + SFT (FP32),7,down_proj,mlp,model.layers.7.mlp.down_proj.weight,13762560,13762062,498,3.6185128348242834e-05,2525152,11237408,0.8165201822916667,6671781,0.5152223859514509,2057111,0.8505284627278646
muon_sft_fp32,Muon + SFT (FP32),7,gate_proj,mlp,model.layers.7.mlp.gate_proj.weight,13762560,13760741,1819,0.0001321701776413331,2306333,11456227,0.8324197678338914,6593651,0.5208993820917038,1903200,0.8617117745535714
muon_sft_fp32,Muon + SFT (FP32),7,up_proj,mlp,model.layers.7.mlp.up_proj.weight,13762560,13761419,1141,8.290608723959814e-05,2570163,11192397,0.8132496425083705,7102697,0.48391164143880205,2144025,0.8442132132393974
muon_sft_fp32,Muon + SFT (FP32),7,k_proj,attn,model.layers.7.self_attn.k_proj.weight,393216,393195,21,5.340576171875e-05,60009,333207,0.8473892211914062,195697,0.5023167928059895,49412,0.8743387858072916
muon_sft_fp32,Muon + SFT (FP32),7,o_proj,attn,model.layers.7.self_attn.o_proj.weight,2359296,2359190,106,4.4928656684040114e-05,422502,1936794,0.8209203084309896,1045887,0.5566953023274739,326681,0.8615345425075955
muon_sft_fp32,Muon + SFT (FP32),7,q_proj,attn,model.layers.7.self_attn.q_proj.weight,2359296,2359167,129,5.467732747399534e-05,313155,2046141,0.8672676086425781,852591,0.6386248270670574,221335,0.9061859978569878
muon_sft_fp32,Muon + SFT (FP32),7,v_proj,attn,model.layers.7.self_attn.v_proj.weight,393216,393197,19,4.831949869787966e-05,79319,313897,0.7982813517252604,188908,0.5195821126302083,64895,0.8349634806315104
muon_sft_fp32,Muon + SFT (FP32),8,down_proj,mlp,model.layers.8.mlp.down_proj.weight,13762560,13762037,523,3.800165085565688e-05,2596188,11166372,0.811358642578125,6613336,0.5194690522693453,2108114,0.8468225388299851
muon_sft_fp32,Muon + SFT (FP32),8,gate_proj,mlp,model.layers.8.mlp.gate_proj.weight,13762560,13761871,689,5.006336030510816e-05,2308701,11453859,0.8322477068219866,6349882,0.5386118570963542,1896433,0.8622034708658854
muon_sft_fp32,Muon + SFT (FP32),8,up_proj,mlp,model.layers.8.mlp.up_proj.weight,13762560,13762067,493,3.5821823846760026e-05,2589607,11172953,0.8118368239629836,6992755,0.4919001261393229,2149169,0.8438394455682664
muon_sft_fp32,Muon + SFT (FP32),8,k_proj,attn,model.layers.8.self_attn.k_proj.weight,393216,393130,86,0.00021870930989587034,59159,334057,0.8495508829752604,200215,0.4908269246419271,49362,0.8744659423828125
muon_sft_fp32,Muon + SFT (FP32),8,o_proj,attn,model.layers.8.self_attn.o_proj.weight,2359296,2359185,111,4.704793294274534e-05,405512,1953784,0.8281216091579862,1017296,0.5688137478298612,310866,0.8682378133138021
muon_sft_fp32,Muon + SFT (FP32),8,q_proj,attn,model.layers.8.self_attn.q_proj.weight,2359296,2358289,1007,0.00042682223849821455,311696,2047600,0.8678860134548612,885349,0.6247401767306857,224314,0.904923333062066
muon_sft_fp32,Muon + SFT (FP32),8,v_proj,attn,model.layers.8.self_attn.v_proj.weight,393216,393201,15,3.814697265625e-05,71965,321251,0.8169835408528646,194155,0.506238301595052,59222,0.8493906656901041
muon_sft_fp32,Muon + SFT (FP32),9,down_proj,mlp,model.layers.9.mlp.down_proj.weight,13762560,13762023,537,3.901890345980874e-05,2569731,11192829,0.8132810320172991,6715362,0.5120557512555803,2095390,0.847747076125372
muon_sft_fp32,Muon + SFT (FP32),9,gate_proj,mlp,model.layers.9.mlp.gate_proj.weight,13762560,13761722,838,6.088983444940688e-05,2317189,11445371,0.8316309611002604,6502334,0.5275345575241815,1902775,0.8617426554361979
muon_sft_fp32,Muon + SFT (FP32),9,up_proj,mlp,model.layers.9.mlp.up_proj.weight,13762560,13762004,556,4.039946056544341e-05,2550525,11212035,0.8146765572684151,7025577,0.4895152500697545,2118033,0.846101815359933
muon_sft_fp32,Muon + SFT (FP32),9,k_proj,attn,model.layers.9.self_attn.k_proj.weight,393216,393195,21,5.340576171875e-05,64019,329197,0.8371912638346354,180560,0.5408121744791667,50879,0.8706080118815104
muon_sft_fp32,Muon + SFT (FP32),9,o_proj,attn,model.layers.9.self_attn.o_proj.weight,2359296,2358526,770,0.00032636854383683023,408736,1950560,0.8267550998263888,906280,0.6158684624565972,313994,0.8669119940863715
muon_sft_fp32,Muon + SFT (FP32),9,q_proj,attn,model.layers.9.self_attn.q_proj.weight,2359296,2358725,571,0.00024202134874129477,290568,2068728,0.8768412272135416,754608,0.6801554361979167,204835,0.9131796095106337
muon_sft_fp32,Muon + SFT (FP32),9,v_proj,attn,model.layers.9.self_attn.v_proj.weight,393216,393201,15,3.814697265625e-05,82721,310495,0.7896296183268229,180962,0.5397898356119792,65918,0.8323618570963541
muon_sft_bf16,Muon + SFT (BF16),-1,embed,embed,model.embed_tokens.weight,233373696,442252,232931444,0.9981049620947855,442252,232931444,0.9981049620947855,113812,0.9995123186462282,111258,0.9995232624674205
muon_sft_bf16,Muon + SFT (BF16),0,down_proj,mlp,model.layers.0.mlp.down_proj.weight,13762560,52379,13710181,0.996194094703311,52379,13710181,0.996194094703311,9806,0.9992874872116816,9624,0.9993007114955357
muon_sft_bf16,Muon + SFT (BF16),0,gate_proj,mlp,model.layers.0.mlp.gate_proj.weight,13762560,36930,13725630,0.9973166329520089,36930,13725630,0.9973166329520089,6222,0.9995479038783482,6128,0.9995547340029762
muon_sft_bf16,Muon + SFT (BF16),0,up_proj,mlp,model.layers.0.mlp.up_proj.weight,13762560,44361,13718199,0.9967766898018974,44361,13718199,0.9967766898018974,8195,0.999404543922061,8050,0.9994150797526041
muon_sft_bf16,Muon + SFT (BF16),0,k_proj,attn,model.layers.0.self_attn.k_proj.weight,393216,676,392540,0.9982808430989584,676,392540,0.9982808430989584,225,0.9994277954101562,222,0.9994354248046875
muon_sft_bf16,Muon + SFT (BF16),0,o_proj,attn,model.layers.0.self_attn.o_proj.weight,2359296,8986,2350310,0.9961912367078993,8986,2350310,0.9961912367078993,1769,0.9992502000596788,1737,0.9992637634277344
muon_sft_bf16,Muon + SFT (BF16),0,q_proj,attn,model.layers.0.self_attn.q_proj.weight,2359296,3517,2355779,0.9985093010796441,3517,2355779,0.9985093010796441,580,0.9997541639539931,567,0.9997596740722656
muon_sft_bf16,Muon + SFT (BF16),0,v_proj,attn,model.layers.0.self_attn.v_proj.weight,393216,3308,389908,0.9915873209635416,3308,389908,0.9915873209635416,1294,0.9967091878255209,1277,0.9967524210611979
muon_sft_bf16,Muon + SFT (BF16),1,down_proj,mlp,model.layers.1.mlp.down_proj.weight,13762560,16642,13745918,0.9987907772972471,16642,13745918,0.9987907772972471,2176,0.9998418898809524,2158,0.9998431977771577
muon_sft_bf16,Muon + SFT (BF16),1,gate_proj,mlp,model.layers.1.mlp.gate_proj.weight,13762560,43705,13718855,0.9968243553524926,43705,13718855,0.9968243553524926,8817,0.9993593488420759,8658,0.9993709019252233
muon_sft_bf16,Muon + SFT (BF16),1,up_proj,mlp,model.layers.1.mlp.up_proj.weight,13762560,54099,13708461,0.9960691179547991,54099,13708461,0.9960691179547991,11827,0.99914063953218,11600,0.9991571335565477
muon_sft_bf16,Muon + SFT (BF16),1,k_proj,attn,model.layers.1.self_attn.k_proj.weight,393216,891,392325,0.9977340698242188,891,392325,0.9977340698242188,348,0.999114990234375,348,0.999114990234375
muon_sft_bf16,Muon + SFT (BF16),1,o_proj,attn,model.layers.1.self_attn.o_proj.weight,2359296,8376,2350920,0.9964497884114584,8376,2350920,0.9964497884114584,1625,0.9993112352159288,1594,0.9993243747287326
muon_sft_bf16,Muon + SFT (BF16),1,q_proj,attn,model.layers.1.self_attn.q_proj.weight,2359296,4721,2354575,0.9979989793565538,4721,2354575,0.9979989793565538,893,0.9996214972601997,866,0.9996329413519965
muon_sft_bf16,Muon + SFT (BF16),1,v_proj,attn,model.layers.1.self_attn.v_proj.weight,393216,2769,390447,0.9929580688476562,2769,390447,0.9929580688476562,1078,0.9972585042317709,1065,0.9972915649414062
muon_sft_bf16,Muon + SFT (BF16),10,down_proj,mlp,model.layers.10.mlp.down_proj.weight,13762560,68890,13693670,0.994994390578497,68890,13693670,0.994994390578497,19120,0.9986107235863095,18765,0.9986365182059151
muon_sft_bf16,Muon + SFT (BF16),10,gate_proj,mlp,model.layers.10.mlp.gate_proj.weight,13762560,55938,13706622,0.9959354945591518,55938,13706622,0.9959354945591518,15051,0.9989063807896206,14773,0.9989265805199032
muon_sft_bf16,Muon + SFT (BF16),10,up_proj,mlp,model.layers.10.mlp.up_proj.weight,13762560,60511,13702049,0.9956032162620908,60511,13702049,0.9956032162620908,16132,0.9988278343563988,15843,0.9988488333565848
muon_sft_bf16,Muon + SFT (BF16),10,k_proj,attn,model.layers.10.self_attn.k_proj.weight,393216,1905,391311,0.9951553344726562,1905,391311,0.9951553344726562,765,0.9980545043945312,753,0.9980850219726562
muon_sft_bf16,Muon + SFT (BF16),10,o_proj,attn,model.layers.10.self_attn.o_proj.weight,2359296,10502,2348794,0.9955486721462674,10502,2348794,0.9955486721462674,2526,0.9989293416341146,2484,0.9989471435546875
muon_sft_bf16,Muon + SFT (BF16),10,q_proj,attn,model.layers.10.self_attn.q_proj.weight,2359296,7767,2351529,0.9967079162597656,7767,2351529,0.9967079162597656,1303,0.9994477166069878,1286,0.9994549221462674
muon_sft_bf16,Muon + SFT (BF16),10,v_proj,attn,model.layers.10.self_attn.v_proj.weight,393216,2662,390554,0.9932301839192709,2662,390554,0.9932301839192709,1214,0.9969126383463541,1202,0.9969431559244791
muon_sft_bf16,Muon + SFT (BF16),11,down_proj,mlp,model.layers.11.mlp.down_proj.weight,13762560,66995,13695565,0.995132082984561,66995,13695565,0.995132082984561,18149,0.9986812773204985,17828,0.998704601469494
muon_sft_bf16,Muon + SFT (BF16),11,gate_proj,mlp,model.layers.11.mlp.gate_proj.weight,13762560,54347,13708213,0.9960510980515253,54347,13708213,0.9960510980515253,14483,0.9989476521809896,14212,0.9989673432849703
muon_sft_bf16,Muon + SFT (BF16),11,up_proj,mlp,model.layers.11.mlp.up_proj.weight,13762560,57732,13704828,0.9958051409040178,57732,13704828,0.9958051409040178,15099,0.9989028930664062,14799,0.9989246913364955
muon_sft_bf16,Muon + SFT (BF16),11,k_proj,attn,model.layers.11.self_attn.k_proj.weight,393216,1633,391583,0.9958470662434896,1633,391583,0.9958470662434896,626,0.9984079996744791,616,0.9984334309895834
muon_sft_bf16,Muon + SFT (BF16),11,o_proj,attn,model.layers.11.self_attn.o_proj.weight,2359296,9970,2349326,0.995774163140191,9970,2349326,0.995774163140191,2162,0.9990836249457465,2124,0.9990997314453125
muon_sft_bf16,Muon + SFT (BF16),11,q_proj,attn,model.layers.11.self_attn.q_proj.weight,2359296,6726,2352570,0.9971491495768229,6726,2352570,0.9971491495768229,1214,0.9994854397243924,1190,0.999495612250434
muon_sft_bf16,Muon + SFT (BF16),11,v_proj,attn,model.layers.11.self_attn.v_proj.weight,393216,2566,390650,0.9934743245442709,2566,390650,0.9934743245442709,1185,0.9969863891601562,1172,0.9970194498697916
muon_sft_bf16,Muon + SFT (BF16),12,down_proj,mlp,model.layers.12.mlp.down_proj.weight,13762560,68423,13694137,0.995028323218936,68423,13694137,0.995028323218936,18839,0.9986311412992932,18551,0.9986520676385788
muon_sft_bf16,Muon + SFT (BF16),12,gate_proj,mlp,model.layers.12.mlp.gate_proj.weight,13762560,52619,13709941,0.9961766560872396,52619,13709941,0.9961766560872396,14161,0.9989710489908854,13904,0.998989722842262
muon_sft_bf16,Muon + SFT (BF16),12,up_proj,mlp,model.layers.12.mlp.up_proj.weight,13762560,59782,13702778,0.9956561860584078,59782,13702778,0.9956561860584078,16233,0.9988204956054687,15933,0.998842293875558
muon_sft_bf16,Muon + SFT (BF16),12,k_proj,attn,model.layers.12.self_attn.k_proj.weight,393216,1721,391495,0.9956232706705729,1721,391495,0.9956232706705729,671,0.9982935587565104,666,0.9983062744140625
muon_sft_bf16,Muon + SFT (BF16),12,o_proj,attn,model.layers.12.self_attn.o_proj.weight,2359296,9487,2349809,0.9959788852267795,9487,2349809,0.9959788852267795,2048,0.9991319444444444,2009,0.9991484747992622
muon_sft_bf16,Muon + SFT (BF16),12,q_proj,attn,model.layers.12.self_attn.q_proj.weight,2359296,7139,2352157,0.9969740973578559,7139,2352157,0.9969740973578559,1273,0.99946043226454,1248,0.9994710286458334
muon_sft_bf16,Muon + SFT (BF16),12,v_proj,attn,model.layers.12.self_attn.v_proj.weight,393216,2532,390684,0.993560791015625,2532,390684,0.993560791015625,1223,0.9968897501627604,1212,0.996917724609375
muon_sft_bf16,Muon + SFT (BF16),13,down_proj,mlp,model.layers.13.mlp.down_proj.weight,13762560,66851,13695709,0.9951425461542038,66851,13695709,0.9951425461542038,18625,0.9986466907319569,18326,0.9986684163411458
muon_sft_bf16,Muon + SFT (BF16),13,gate_proj,mlp,model.layers.13.mlp.gate_proj.weight,13762560,57141,13705419,0.9958480834960938,57141,13705419,0.9958480834960938,16213,0.9988219488234747,15943,0.998841567266555
muon_sft_bf16,Muon + SFT (BF16),13,up_proj,mlp,model.layers.13.mlp.up_proj.weight,13762560,60081,13702479,0.9956344604492188,60081,13702479,0.9956344604492188,16970,0.9987669445219494,16660,0.9987894694010416
muon_sft_bf16,Muon + SFT (BF16),13,k_proj,attn,model.layers.13.self_attn.k_proj.weight,393216,1366,391850,0.9965260823567709,1366,391850,0.9965260823567709,484,0.9987691243489584,480,0.998779296875
muon_sft_bf16,Muon + SFT (BF16),13,o_proj,attn,model.layers.13.self_attn.o_proj.weight,2359296,9870,2349426,0.9958165486653646,9870,2349426,0.9958165486653646,2165,0.9990823533799913,2135,0.9990950690375434
muon_sft_bf16,Muon + SFT (BF16),13,q_proj,attn,model.layers.13.self_attn.q_proj.weight,2359296,7086,2352210,0.9969965616861979,7086,2352210,0.9969965616861979,1458,0.9993820190429688,1439,0.9993900722927518
muon_sft_bf16,Muon + SFT (BF16),13,v_proj,attn,model.layers.13.self_attn.v_proj.weight,393216,2565,390651,0.9934768676757812,2565,390651,0.9934768676757812,1210,0.9969228108723959,1201,0.9969456990559896
muon_sft_bf16,Muon + SFT (BF16),14,down_proj,mlp,model.layers.14.mlp.down_proj.weight,13762560,65778,13696782,0.9952205113002233,65778,13696782,0.9952205113002233,17539,0.9987256004696801,17230,0.998748052687872
muon_sft_bf16,Muon + SFT (BF16),14,gate_proj,mlp,model.layers.14.mlp.gate_proj.weight,13762560,56233,13706327,0.9959140595935639,56233,13706327,0.9959140595935639,15829,0.998849850609189,15601,0.9988664172944568
muon_sft_bf16,Muon + SFT (BF16),14,up_proj,mlp,model.layers.14.mlp.up_proj.weight,13762560,56192,13706368,0.9959170386904762,56192,13706368,0.9959170386904762,15219,0.9988941737583705,14983,0.9989113217308407
muon_sft_bf16,Muon + SFT (BF16),14,k_proj,attn,model.layers.14.self_attn.k_proj.weight,393216,2458,390758,0.9937489827473959,2458,390758,0.9937489827473959,946,0.9975941975911459,927,0.9976425170898438
muon_sft_bf16,Muon + SFT (BF16),14,o_proj,attn,model.layers.14.self_attn.o_proj.weight,2359296,10332,2348964,0.9956207275390625,10332,2348964,0.9956207275390625,2371,0.9989950391981337,2317,0.9990179273817275
muon_sft_bf16,Muon + SFT (BF16),14,q_proj,attn,model.layers.14.self_attn.q_proj.weight,2359296,7317,2351979,0.9968986511230469,7317,2351979,0.9968986511230469,1572,0.9993336995442709,1542,0.9993464152018229
muon_sft_bf16,Muon + SFT (BF16),14,v_proj,attn,model.layers.14.self_attn.v_proj.weight,393216,3106,390110,0.9921010335286459,3106,390110,0.9921010335286459,1292,0.9967142740885416,1281,0.9967422485351562
muon_sft_bf16,Muon + SFT (BF16),15,down_proj,mlp,model.layers.15.mlp.down_proj.weight,13762560,67005,13695555,0.995131356375558,67005,13695555,0.995131356375558,18318,0.9986689976283483,17963,0.9986947922479539
muon_sft_bf16,Muon + SFT (BF16),15,gate_proj,mlp,model.layers.15.mlp.gate_proj.weight,13762560,53357,13709203,0.99612303234282,53357,13709203,0.99612303234282,14267,0.9989633469354539,14049,0.9989791870117187
muon_sft_bf16,Muon + SFT (BF16),15,up_proj,mlp,model.layers.15.mlp.up_proj.weight,13762560,54617,13707943,0.996031479608445,54617,13707943,0.996031479608445,14448,0.9989501953125,14215,0.9989671253022694
muon_sft_bf16,Muon + SFT (BF16),15,k_proj,attn,model.layers.15.self_attn.k_proj.weight,393216,1873,391343,0.9952367146809896,1873,391343,0.9952367146809896,757,0.9980748494466146,749,0.9980951944986979
muon_sft_bf16,Muon + SFT (BF16),15,o_proj,attn,model.layers.15.self_attn.o_proj.weight,2359296,10081,2349215,0.9957271152072482,10081,2349215,0.9957271152072482,2434,0.9989683363172743,2400,0.9989827473958334
muon_sft_bf16,Muon + SFT (BF16),15,q_proj,attn,model.layers.15.self_attn.q_proj.weight,2359296,8107,2351189,0.9965638054741753,8107,2351189,0.9965638054741753,1681,0.9992874993218316,1658,0.9992972479926215
muon_sft_bf16,Muon + SFT (BF16),15,v_proj,attn,model.layers.15.self_attn.v_proj.weight,393216,2100,391116,0.994659423828125,2100,391116,0.994659423828125,941,0.9976069132486979,938,0.9976145426432291
muon_sft_bf16,Muon + SFT (BF16),16,down_proj,mlp,model.layers.16.mlp.down_proj.weight,13762560,65360,13697200,0.9952508835565477,65360,13697200,0.9952508835565477,18089,0.9986856369745164,17792,0.9987072172619048
muon_sft_bf16,Muon + SFT (BF16),16,gate_proj,mlp,model.layers.16.mlp.gate_proj.weight,13762560,56674,13705886,0.9958820161365327,56674,13705886,0.9958820161365327,15280,0.9988897414434523,15023,0.9989084152948289
muon_sft_bf16,Muon + SFT (BF16),16,up_proj,mlp,model.layers.16.mlp.up_proj.weight,13762560,55933,13706627,0.9959358578636532,55933,13706627,0.9959358578636532,14644,0.9989359537760417,14398,0.9989538283575149
muon_sft_bf16,Muon + SFT (BF16),16,k_proj,attn,model.layers.16.self_attn.k_proj.weight,393216,1720,391496,0.9956258138020834,1720,391496,0.9956258138020834,698,0.9982248942057291,693,0.9982376098632812
muon_sft_bf16,Muon + SFT (BF16),16,o_proj,attn,model.layers.16.self_attn.o_proj.weight,2359296,9876,2349420,0.9958140055338541,9876,2349420,0.9958140055338541,2192,0.9990709092881944,2144,0.9990912543402778
muon_sft_bf16,Muon + SFT (BF16),16,q_proj,attn,model.layers.16.self_attn.q_proj.weight,2359296,7507,2351789,0.996818118625217,7507,2351789,0.996818118625217,1674,0.9992904663085938,1641,0.999304453531901
muon_sft_bf16,Muon + SFT (BF16),16,v_proj,attn,model.layers.16.self_attn.v_proj.weight,393216,2230,390986,0.9943288167317709,2230,390986,0.9943288167317709,1079,0.9972559611002604,1072,0.9972737630208334
muon_sft_bf16,Muon + SFT (BF16),17,down_proj,mlp,model.layers.17.mlp.down_proj.weight,13762560,64152,13698408,0.9953386579241071,64152,13698408,0.9953386579241071,17288,0.9987438383556547,16991,0.9987654186430431
muon_sft_bf16,Muon + SFT (BF16),17,gate_proj,mlp,model.layers.17.mlp.gate_proj.weight,13762560,56053,13706507,0.9959271385556175,56053,13706507,0.9959271385556175,14785,0.9989257085890997,14518,0.9989451090494792
muon_sft_bf16,Muon + SFT (BF16),17,up_proj,mlp,model.layers.17.mlp.up_proj.weight,13762560,53606,13708954,0.9961049397786458,53606,13708954,0.9961049397786458,13723,0.9990028744652157,13478,0.9990206763857887
muon_sft_bf16,Muon + SFT (BF16),17,k_proj,attn,model.layers.17.self_attn.k_proj.weight,393216,2647,390569,0.9932683308919271,2647,390569,0.9932683308919271,1134,0.9971160888671875,1113,0.9971694946289062
muon_sft_bf16,Muon + SFT (BF16),17,o_proj,attn,model.layers.17.self_attn.o_proj.weight,2359296,10644,2348652,0.9954884847005209,10644,2348652,0.9954884847005209,2634,0.9988835652669271,2579,0.9989068773057725
muon_sft_bf16,Muon + SFT (BF16),17,q_proj,attn,model.layers.17.self_attn.q_proj.weight,2359296,8414,2350882,0.9964336819118924,8414,2350882,0.9964336819118924,1679,0.999288347032335,1643,0.9993036058213975
muon_sft_bf16,Muon + SFT (BF16),17,v_proj,attn,model.layers.17.self_attn.v_proj.weight,393216,2577,390639,0.9934463500976562,2577,390639,0.9934463500976562,1161,0.9970474243164062,1144,0.9970906575520834
muon_sft_bf16,Muon + SFT (BF16),18,down_proj,mlp,model.layers.18.mlp.down_proj.weight,13762560,61595,13700965,0.9955244518461681,61595,13700965,0.9955244518461681,16221,0.9988213675362724,15915,0.9988436017717633
muon_sft_bf16,Muon + SFT (BF16),18,gate_proj,mlp,model.layers.18.mlp.gate_proj.weight,13762560,53276,13709284,0.9961289178757441,53276,13709284,0.9961289178757441,13939,0.9989871797107515,13685,0.9990056355794271
muon_sft_bf16,Muon + SFT (BF16),18,up_proj,mlp,model.layers.18.mlp.up_proj.weight,13762560,51944,13710616,0.9962257021949404,51944,13710616,0.9962257021949404,12274,0.999108160109747,12050,0.9991244361514137
muon_sft_bf16,Muon + SFT (BF16),18,k_proj,attn,model.layers.18.self_attn.k_proj.weight,393216,1942,391274,0.9950612386067709,1942,391274,0.9950612386067709,773,0.9980341593424479,764,0.9980570475260416
muon_sft_bf16,Muon + SFT (BF16),18,o_proj,attn,model.layers.18.self_attn.o_proj.weight,2359296,10611,2348685,0.9955024719238281,10611,2348685,0.9955024719238281,2627,0.9988865322536893,2586,0.9989039103190104
muon_sft_bf16,Muon + SFT (BF16),18,q_proj,attn,model.layers.18.self_attn.q_proj.weight,2359296,8476,2350820,0.9964074028862847,8476,2350820,0.9964074028862847,2041,0.9991349114312066,1998,0.9991531372070312
muon_sft_bf16,Muon + SFT (BF16),18,v_proj,attn,model.layers.18.self_attn.v_proj.weight,393216,3314,389902,0.9915720621744791,3314,389902,0.9915720621744791,1485,0.9962234497070312,1472,0.9962565104166666
muon_sft_bf16,Muon + SFT (BF16),19,down_proj,mlp,model.layers.19.mlp.down_proj.weight,13762560,59936,13702624,0.9956449962797619,59936,13702624,0.9956449962797619,15591,0.9988671439034599,15299,0.9988883608863467
muon_sft_bf16,Muon + SFT (BF16),19,gate_proj,mlp,model.layers.19.mlp.gate_proj.weight,13762560,50504,13712056,0.996330333891369,50504,13712056,0.996330333891369,12653,0.9990806216285342,12439,0.999096171061198
muon_sft_bf16,Muon + SFT (BF16),19,up_proj,mlp,model.layers.19.mlp.up_proj.weight,13762560,50254,13712306,0.9963484991164434,50254,13712306,0.9963484991164434,11990,0.9991287958054316,11772,0.9991446358816964
muon_sft_bf16,Muon + SFT (BF16),19,k_proj,attn,model.layers.19.self_attn.k_proj.weight,393216,1989,391227,0.9949417114257812,1989,391227,0.9949417114257812,678,0.9982757568359375,669,0.9982986450195312
muon_sft_bf16,Muon + SFT (BF16),19,o_proj,attn,model.layers.19.self_attn.o_proj.weight,2359296,9539,2349757,0.9959568447536893,9539,2349757,0.9959568447536893,2208,0.9990641276041666,2155,0.9990865919325087
muon_sft_bf16,Muon + SFT (BF16),19,q_proj,attn,model.layers.19.self_attn.q_proj.weight,2359296,8242,2351054,0.996506585015191,8242,2351054,0.996506585015191,1496,0.9993659125434028,1472,0.9993760850694444
muon_sft_bf16,Muon + SFT (BF16),19,v_proj,attn,model.layers.19.self_attn.v_proj.weight,393216,2002,391214,0.9949086507161459,2002,391214,0.9949086507161459,879,0.9977645874023438,861,0.9978103637695312
muon_sft_bf16,Muon + SFT (BF16),2,down_proj,mlp,model.layers.2.mlp.down_proj.weight,13762560,64149,13698411,0.995338875906808,64149,13698411,0.995338875906808,15239,0.9988927205403646,14931,0.9989151000976563
muon_sft_bf16,Muon + SFT (BF16),2,gate_proj,mlp,model.layers.2.mlp.gate_proj.weight,13762560,47829,13714731,0.9965247017996651,47829,13714731,0.9965247017996651,10868,0.9992103213355654,10682,0.9992238362630208
muon_sft_bf16,Muon + SFT (BF16),2,up_proj,mlp,model.layers.2.mlp.up_proj.weight,13762560,56297,13706263,0.995909409295945,56297,13706263,0.995909409295945,13024,0.9990536644345238,12772,0.9990719749813988
muon_sft_bf16,Muon + SFT (BF16),2,k_proj,attn,model.layers.2.self_attn.k_proj.weight,393216,1153,392063,0.9970677693684896,1153,392063,0.9970677693684896,406,0.9989674886067709,402,0.9989776611328125
muon_sft_bf16,Muon + SFT (BF16),2,o_proj,attn,model.layers.2.self_attn.o_proj.weight,2359296,9740,2349556,0.9958716498480903,9740,2349556,0.9958716498480903,2141,0.999092525906033,2112,0.9991048177083334
muon_sft_bf16,Muon + SFT (BF16),2,q_proj,attn,model.layers.2.self_attn.q_proj.weight,2359296,5657,2353639,0.9976022508409288,5657,2353639,0.9976022508409288,884,0.9996253119574653,866,0.9996329413519965
muon_sft_bf16,Muon + SFT (BF16),2,v_proj,attn,model.layers.2.self_attn.v_proj.weight,393216,2961,390255,0.9924697875976562,2961,390255,0.9924697875976562,1293,0.9967117309570312,1275,0.9967575073242188
muon_sft_bf16,Muon + SFT (BF16),20,down_proj,mlp,model.layers.20.mlp.down_proj.weight,13762560,59720,13702840,0.9956606910342262,59720,13702840,0.9956606910342262,15578,0.9988680884951637,15332,0.9988859630766369
muon_sft_bf16,Muon + SFT (BF16),20,gate_proj,mlp,model.layers.20.mlp.gate_proj.weight,13762560,52678,13709882,0.996172369094122,52678,13709882,0.996172369094122,13109,0.9990474882579985,12870,0.9990648542131696
muon_sft_bf16,Muon + SFT (BF16),20,up_proj,mlp,model.layers.20.mlp.up_proj.weight,13762560,51328,13711232,0.9962704613095238,51328,13711232,0.9962704613095238,12440,0.9990960984002977,12236,0.9991109212239583
muon_sft_bf16,Muon + SFT (BF16),20,k_proj,attn,model.layers.20.self_attn.k_proj.weight,393216,1778,391438,0.9954783121744791,1778,391438,0.9954783121744791,567,0.9985580444335938,559,0.9985783894856771
muon_sft_bf16,Muon + SFT (BF16),20,o_proj,attn,model.layers.20.self_attn.o_proj.weight,2359296,8824,2350472,0.9962599012586806,8824,2350472,0.9962599012586806,1744,0.9992607964409722,1707,0.9992764790852865
muon_sft_bf16,Muon + SFT (BF16),20,q_proj,attn,model.layers.20.self_attn.q_proj.weight,2359296,6919,2352377,0.9970673455132378,6919,2352377,0.9970673455132378,1022,0.9995668199327257,1008,0.99957275390625
muon_sft_bf16,Muon + SFT (BF16),20,v_proj,attn,model.layers.20.self_attn.v_proj.weight,393216,1767,391449,0.9955062866210938,1767,391449,0.9955062866210938,679,0.9982732137044271,674,0.9982859293619791
muon_sft_bf16,Muon + SFT (BF16),21,down_proj,mlp,model.layers.21.mlp.down_proj.weight,13762560,57092,13705468,0.9958516438802083,57092,13705468,0.9958516438802083,14310,0.9989602225167411,14085,0.998976571219308
muon_sft_bf16,Muon + SFT (BF16),21,gate_proj,mlp,model.layers.21.mlp.gate_proj.weight,13762560,42582,13719978,0.9969059535435267,42582,13719978,0.9969059535435267,9666,0.9992976597377232,9539,0.999306887672061
muon_sft_bf16,Muon + SFT (BF16),21,up_proj,mlp,model.layers.21.mlp.up_proj.weight,13762560,45489,13717071,0.9966947283063616,45489,13717071,0.9966947283063616,10037,0.9992707025437128,9902,0.999280511765253
muon_sft_bf16,Muon + SFT (BF16),21,k_proj,attn,model.layers.21.self_attn.k_proj.weight,393216,1663,391553,0.9957707722981771,1663,391553,0.9957707722981771,549,0.9986038208007812,544,0.9986165364583334
muon_sft_bf16,Muon + SFT (BF16),21,o_proj,attn,model.layers.21.self_attn.o_proj.weight,2359296,7952,2351344,0.9966295030381944,7952,2351344,0.9966295030381944,1491,0.9993680318196615,1459,0.999381595187717
muon_sft_bf16,Muon + SFT (BF16),21,q_proj,attn,model.layers.21.self_attn.q_proj.weight,2359296,7710,2351586,0.9967320760091146,7710,2351586,0.9967320760091146,1573,0.9993332756890191,1547,0.9993442959255643
muon_sft_bf16,Muon + SFT (BF16),21,v_proj,attn,model.layers.21.self_attn.v_proj.weight,393216,2266,390950,0.9942372639973959,2266,390950,0.9942372639973959,1042,0.9973500569661459,1027,0.9973882039388021
muon_sft_bf16,Muon + SFT (BF16),22,down_proj,mlp,model.layers.22.mlp.down_proj.weight,13762560,54102,13708458,0.9960688999720982,54102,13708458,0.9960688999720982,13419,0.9990249633789062,13197,0.9990410940987723
muon_sft_bf16,Muon + SFT (BF16),22,gate_proj,mlp,model.layers.22.mlp.gate_proj.weight,13762560,49147,13713413,0.9964289347330729,49147,13713413,0.9964289347330729,13023,0.9990537370954241,12799,0.9990700131370908
muon_sft_bf16,Muon + SFT (BF16),22,up_proj,mlp,model.layers.22.mlp.up_proj.weight,13762560,51165,13711395,0.9962823050362724,51165,13711395,0.9962823050362724,13039,0.9990525745210194,12843,0.9990668160574777
muon_sft_bf16,Muon + SFT (BF16),22,k_proj,attn,model.layers.22.self_attn.k_proj.weight,393216,2737,390479,0.9930394490559896,2737,390479,0.9930394490559896,995,0.9974695841471354,987,0.9974899291992188
muon_sft_bf16,Muon + SFT (BF16),22,o_proj,attn,model.layers.22.self_attn.o_proj.weight,2359296,9776,2349520,0.9958563910590278,9776,2349520,0.9958563910590278,2538,0.9989242553710938,2472,0.9989522298177084
muon_sft_bf16,Muon + SFT (BF16),22,q_proj,attn,model.layers.22.self_attn.q_proj.weight,2359296,9869,2349427,0.9958169725206163,9869,2349427,0.9958169725206163,2096,0.9991115993923612,2052,0.9991302490234375
muon_sft_bf16,Muon + SFT (BF16),22,v_proj,attn,model.layers.22.self_attn.v_proj.weight,393216,2967,390249,0.9924545288085938,2967,390249,0.9924545288085938,1220,0.9968973795572916,1209,0.9969253540039062
muon_sft_bf16,Muon + SFT (BF16),23,down_proj,mlp,model.layers.23.mlp.down_proj.weight,13762560,52621,13709939,0.996176510765439,52621,13709939,0.996176510765439,13097,0.999048360188802,12855,0.9990659441266742
muon_sft_bf16,Muon + SFT (BF16),23,gate_proj,mlp,model.layers.23.mlp.gate_proj.weight,13762560,50181,13712379,0.9963538033621652,50181,13712379,0.9963538033621652,13598,0.9990119570777529,13342,0.9990305582682292
muon_sft_bf16,Muon + SFT (BF16),23,up_proj,mlp,model.layers.23.mlp.up_proj.weight,13762560,52223,13710337,0.9962054298037575,52223,13710337,0.9962054298037575,13395,0.9990267072405133,13156,0.9990440731956846
muon_sft_bf16,Muon + SFT (BF16),23,k_proj,attn,model.layers.23.self_attn.k_proj.weight,393216,1886,391330,0.9952036539713541,1886,391330,0.9952036539713541,640,0.9983723958333334,632,0.9983927408854166
muon_sft_bf16,Muon + SFT (BF16),23,o_proj,attn,model.layers.23.self_attn.o_proj.weight,2359296,7765,2351531,0.9967087639702691,7765,2351531,0.9967087639702691,1534,0.9993498060438368,1501,0.9993637932671441
muon_sft_bf16,Muon + SFT (BF16),23,q_proj,attn,model.layers.23.self_attn.q_proj.weight,2359296,8761,2350535,0.99628660413954,8761,2350535,0.99628660413954,1901,0.9991942511664497,1870,0.9992073906792535
muon_sft_bf16,Muon + SFT (BF16),23,v_proj,attn,model.layers.23.self_attn.v_proj.weight,393216,2078,391138,0.9947153727213541,2078,391138,0.9947153727213541,744,0.99810791015625,732,0.998138427734375
muon_sft_bf16,Muon + SFT (BF16),24,down_proj,mlp,model.layers.24.mlp.down_proj.weight,13762560,46917,13715643,0.9965909685407366,46917,13715643,0.9965909685407366,10493,0.9992375691731771,10328,0.9992495582217262
muon_sft_bf16,Muon + SFT (BF16),24,gate_proj,mlp,model.layers.24.mlp.gate_proj.weight,13762560,48607,13713953,0.9964681716192336,48607,13713953,0.9964681716192336,12313,0.9991053263346354,12106,0.9991203671409971
muon_sft_bf16,Muon + SFT (BF16),24,up_proj,mlp,model.layers.24.mlp.up_proj.weight,13762560,46153,13716407,0.9966464814685639,46153,13716407,0.9966464814685639,11164,0.9991888137090774,11012,0.9991998581659226
muon_sft_bf16,Muon + SFT (BF16),24,k_proj,attn,model.layers.24.self_attn.k_proj.weight,393216,1951,391265,0.9950383504231771,1951,391265,0.9950383504231771,761,0.9980646769205729,745,0.9981053670247396
muon_sft_bf16,Muon + SFT (BF16),24,o_proj,attn,model.layers.24.self_attn.o_proj.weight,2359296,7559,2351737,0.9967960781521268,7559,2351737,0.9967960781521268,1602,0.9993209838867188,1566,0.9993362426757812
muon_sft_bf16,Muon + SFT (BF16),24,q_proj,attn,model.layers.24.self_attn.q_proj.weight,2359296,8368,2350928,0.9964531792534722,8368,2350928,0.9964531792534722,1677,0.9992891947428385,1641,0.999304453531901
muon_sft_bf16,Muon + SFT (BF16),24,v_proj,attn,model.layers.24.self_attn.v_proj.weight,393216,1871,391345,0.9952418009440104,1871,391345,0.9952418009440104,801,0.9979629516601562,789,0.9979934692382812
muon_sft_bf16,Muon + SFT (BF16),25,down_proj,mlp,model.layers.25.mlp.down_proj.weight,13762560,47030,13715530,0.996582757859003,47030,13715530,0.996582757859003,10814,0.9992142450241815,10614,0.9992287772042411
muon_sft_bf16,Muon + SFT (BF16),25,gate_proj,mlp,model.layers.25.mlp.gate_proj.weight,13762560,50981,13711579,0.996295674641927,50981,13711579,0.996295674641927,13206,0.9990404401506696,12957,0.9990585327148438
muon_sft_bf16,Muon + SFT (BF16),25,up_proj,mlp,model.layers.25.mlp.up_proj.weight,13762560,43675,13718885,0.9968265351795015,43675,13718885,0.9968265351795015,9879,0.9992821829659598,9717,0.999293954031808
muon_sft_bf16,Muon + SFT (BF16),25,k_proj,attn,model.layers.25.self_attn.k_proj.weight,393216,1530,391686,0.9961090087890625,1530,391686,0.9961090087890625,438,0.9988861083984375,437,0.9988886515299479
muon_sft_bf16,Muon + SFT (BF16),25,o_proj,attn,model.layers.25.self_attn.o_proj.weight,2359296,6201,2353095,0.9973716735839844,6201,2353095,0.9973716735839844,1062,0.9995498657226562,1032,0.9995625813802084
muon_sft_bf16,Muon + SFT (BF16),25,q_proj,attn,model.layers.25.self_attn.q_proj.weight,2359296,6759,2352537,0.9971351623535156,6759,2352537,0.9971351623535156,1178,0.9995006985134549,1152,0.99951171875
muon_sft_bf16,Muon + SFT (BF16),25,v_proj,attn,model.layers.25.self_attn.v_proj.weight,393216,1413,391803,0.9964065551757812,1413,391803,0.9964065551757812,491,0.9987513224283854,489,0.9987564086914062
muon_sft_bf16,Muon + SFT (BF16),26,down_proj,mlp,model.layers.26.mlp.down_proj.weight,13762560,37117,13725443,0.9973030453636533,37117,13725443,0.9973030453636533,6445,0.9995317004975819,6338,0.9995394752139137
muon_sft_bf16,Muon + SFT (BF16),26,gate_proj,mlp,model.layers.26.mlp.gate_proj.weight,13762560,49430,13713130,0.9964083716982887,49430,13713130,0.9964083716982887,11806,0.9991421654110864,11620,0.9991556803385416
muon_sft_bf16,Muon + SFT (BF16),26,up_proj,mlp,model.layers.26.mlp.up_proj.weight,13762560,36771,13725789,0.9973281860351563,36771,13725789,0.9973281860351563,7193,0.9994773501441592,7085,0.9994851975213914
muon_sft_bf16,Muon + SFT (BF16),26,k_proj,attn,model.layers.26.self_attn.k_proj.weight,393216,2183,391033,0.9944483439127604,2183,391033,0.9944483439127604,694,0.9982350667317709,684,0.998260498046875
muon_sft_bf16,Muon + SFT (BF16),26,o_proj,attn,model.layers.26.self_attn.o_proj.weight,2359296,6355,2352941,0.997306399875217,6355,2352941,0.997306399875217,1084,0.9995405409071181,1069,0.9995468987358941
muon_sft_bf16,Muon + SFT (BF16),26,q_proj,attn,model.layers.26.self_attn.q_proj.weight,2359296,5470,2353826,0.9976815117730035,5470,2353826,0.9976815117730035,731,0.9996901618109809,720,0.99969482421875
muon_sft_bf16,Muon + SFT (BF16),26,v_proj,attn,model.layers.26.self_attn.v_proj.weight,393216,2047,391169,0.9947942097981771,2047,391169,0.9947942097981771,954,0.9975738525390625,940,0.9976094563802084
muon_sft_bf16,Muon + SFT (BF16),27,down_proj,mlp,model.layers.27.mlp.down_proj.weight,13762560,32162,13730398,0.997663080124628,32162,13730398,0.997663080124628,6116,0.9995556059337798,6041,0.999561055501302
muon_sft_bf16,Muon + SFT (BF16),27,gate_proj,mlp,model.layers.27.mlp.gate_proj.weight,13762560,33118,13729442,0.9975936163039435,33118,13729442,0.9975936163039435,5629,0.9995909917922247,5541,0.9995973859514509
muon_sft_bf16,Muon + SFT (BF16),27,up_proj,mlp,model.layers.27.mlp.up_proj.weight,13762560,29297,13733263,0.9978712536039807,29297,13733263,0.9978712536039807,5446,0.9996042887369792,5383,0.999608866373698
muon_sft_bf16,Muon + SFT (BF16),27,k_proj,attn,model.layers.27.self_attn.k_proj.weight,393216,2715,390501,0.9930953979492188,2715,390501,0.9930953979492188,990,0.9974822998046875,977,0.9975153605143229
muon_sft_bf16,Muon + SFT (BF16),27,o_proj,attn,model.layers.27.self_attn.o_proj.weight,2359296,7217,2352079,0.9969410366482205,7217,2352079,0.9969410366482205,921,0.999609629313151,901,0.9996181064181857
muon_sft_bf16,Muon + SFT (BF16),27,q_proj,attn,model.layers.27.self_attn.q_proj.weight,2359296,12453,2346843,0.9947217305501302,12453,2346843,0.9947217305501302,2998,0.9987292819552951,2949,0.9987500508626302
muon_sft_bf16,Muon + SFT (BF16),27,v_proj,attn,model.layers.27.self_attn.v_proj.weight,393216,1370,391846,0.9965159098307291,1370,391846,0.9965159098307291,482,0.9987742106119791,475,0.9987920125325521
muon_sft_bf16,Muon + SFT (BF16),3,down_proj,mlp,model.layers.3.mlp.down_proj.weight,13762560,62918,13699642,0.9954283214750744,62918,13699642,0.9954283214750744,14374,0.998955572219122,14129,0.9989733741396949
muon_sft_bf16,Muon + SFT (BF16),3,gate_proj,mlp,model.layers.3.mlp.gate_proj.weight,13762560,46879,13715681,0.996593729654948,46879,13715681,0.996593729654948,10196,0.9992591494605655,10014,0.9992723737444197
muon_sft_bf16,Muon + SFT (BF16),3,up_proj,mlp,model.layers.3.mlp.up_proj.weight,13762560,55863,13706697,0.9959409441266741,55863,13706697,0.9959409441266741,12403,0.9990987868536086,12168,0.9991158621651786
muon_sft_bf16,Muon + SFT (BF16),3,k_proj,attn,model.layers.3.self_attn.k_proj.weight,393216,1429,391787,0.9963658650716146,1429,391787,0.9963658650716146,534,0.9986419677734375,529,0.9986546834309896
muon_sft_bf16,Muon + SFT (BF16),3,o_proj,attn,model.layers.3.self_attn.o_proj.weight,2359296,9038,2350258,0.996169196234809,9038,2350258,0.996169196234809,1869,0.9992078145345052,1837,0.9992213779025607
muon_sft_bf16,Muon + SFT (BF16),3,q_proj,attn,model.layers.3.self_attn.q_proj.weight,2359296,6243,2353053,0.9973538716634115,6243,2353053,0.9973538716634115,1106,0.9995312160915799,1085,0.9995401170518663
muon_sft_bf16,Muon + SFT (BF16),3,v_proj,attn,model.layers.3.self_attn.v_proj.weight,393216,2343,390873,0.9940414428710938,2343,390873,0.9940414428710938,996,0.997467041015625,989,0.9974848429361979
muon_sft_bf16,Muon + SFT (BF16),4,down_proj,mlp,model.layers.4.mlp.down_proj.weight,13762560,65895,13696665,0.9952120099748883,65895,13696665,0.9952120099748883,16087,0.9988311040969122,15746,0.9988558814639137
muon_sft_bf16,Muon + SFT (BF16),4,gate_proj,mlp,model.layers.4.mlp.gate_proj.weight,13762560,47769,13714791,0.996529061453683,47769,13714791,0.996529061453683,10966,0.9992032005673364,10747,0.9992191133045015
muon_sft_bf16,Muon + SFT (BF16),4,up_proj,mlp,model.layers.4.mlp.up_proj.weight,13762560,56434,13706126,0.9958994547526042,56434,13706126,0.9958994547526042,12664,0.9990798223586309,12442,0.9990959530784971
muon_sft_bf16,Muon + SFT (BF16),4,k_proj,attn,model.layers.4.self_attn.k_proj.weight,393216,1157,392059,0.9970575968424479,1157,392059,0.9970575968424479,392,0.9990030924479166,387,0.9990158081054688
muon_sft_bf16,Muon + SFT (BF16),4,o_proj,attn,model.layers.4.self_attn.o_proj.weight,2359296,8745,2350551,0.9962933858235677,8745,2350551,0.9962933858235677,1933,0.9991806877983941,1904,0.9991929796006944
muon_sft_bf16,Muon + SFT (BF16),4,q_proj,attn,model.layers.4.self_attn.q_proj.weight,2359296,5024,2354272,0.9978705512152778,5024,2354272,0.9978705512152778,763,0.9996765984429253,756,0.9996795654296875
muon_sft_bf16,Muon + SFT (BF16),4,v_proj,attn,model.layers.4.self_attn.v_proj.weight,393216,1924,391292,0.9951070149739584,1924,391292,0.9951070149739584,770,0.9980417887369791,761,0.9980646769205729
muon_sft_bf16,Muon + SFT (BF16),5,down_proj,mlp,model.layers.5.mlp.down_proj.weight,13762560,68212,13694348,0.9950436546688988,68212,13694348,0.9950436546688988,17674,0.9987157912481399,17336,0.9987403506324405
muon_sft_bf16,Muon + SFT (BF16),5,gate_proj,mlp,model.layers.5.mlp.gate_proj.weight,13762560,47342,13715218,0.9965600876581101,47342,13715218,0.9965600876581101,11777,0.999144272577195,11560,0.9991600399925595
muon_sft_bf16,Muon + SFT (BF16),5,up_proj,mlp,model.layers.5.mlp.up_proj.weight,13762560,59184,13703376,0.9956996372767857,59184,13703376,0.9956996372767857,14308,0.9989603678385417,14032,0.9989804222470238
muon_sft_bf16,Muon + SFT (BF16),5,k_proj,attn,model.layers.5.self_attn.k_proj.weight,393216,1500,391716,0.996185302734375,1500,391716,0.996185302734375,540,0.998626708984375,533,0.9986445109049479
muon_sft_bf16,Muon + SFT (BF16),5,o_proj,attn,model.layers.5.self_attn.o_proj.weight,2359296,9456,2349840,0.9959920247395834,9456,2349840,0.9959920247395834,2031,0.999139149983724,1996,0.9991539849175347
muon_sft_bf16,Muon + SFT (BF16),5,q_proj,attn,model.layers.5.self_attn.q_proj.weight,2359296,6493,2352803,0.9972479078504775,6493,2352803,0.9972479078504775,1126,0.9995227389865451,1105,0.9995316399468316
muon_sft_bf16,Muon + SFT (BF16),5,v_proj,attn,model.layers.5.self_attn.v_proj.weight,393216,2739,390477,0.9930343627929688,2739,390477,0.9930343627929688,1204,0.9969380696614584,1193,0.9969660441080729
muon_sft_bf16,Muon + SFT (BF16),6,down_proj,mlp,model.layers.6.mlp.down_proj.weight,13762560,68696,13693864,0.9950084867931548,68696,13693864,0.9950084867931548,18191,0.998678225562686,17876,0.9987011137462798
muon_sft_bf16,Muon + SFT (BF16),6,gate_proj,mlp,model.layers.6.mlp.gate_proj.weight,13762560,47682,13714878,0.9965353829520089,47682,13714878,0.9965353829520089,11425,0.9991698492140997,11200,0.9991861979166666
muon_sft_bf16,Muon + SFT (BF16),6,up_proj,mlp,model.layers.6.mlp.up_proj.weight,13762560,61072,13701488,0.9955624534970238,61072,13701488,0.9955624534970238,15229,0.9988934471493676,14951,0.9989136468796503
muon_sft_bf16,Muon + SFT (BF16),6,k_proj,attn,model.layers.6.self_attn.k_proj.weight,393216,1517,391699,0.9961420694986979,1517,391699,0.9961420694986979,553,0.9985936482747396,548,0.9986063639322916
muon_sft_bf16,Muon + SFT (BF16),6,o_proj,attn,model.layers.6.self_attn.o_proj.weight,2359296,9409,2349887,0.996011945936415,9409,2349887,0.996011945936415,2185,0.9990738762749566,2146,0.9990904066297743
muon_sft_bf16,Muon + SFT (BF16),6,q_proj,attn,model.layers.6.self_attn.q_proj.weight,2359296,7340,2351956,0.9968889024522569,7340,2351956,0.9968889024522569,1327,0.9994375440809462,1304,0.9994472927517362
muon_sft_bf16,Muon + SFT (BF16),6,v_proj,attn,model.layers.6.self_attn.v_proj.weight,393216,2233,390983,0.9943211873372396,2233,390983,0.9943211873372396,998,0.9974619547526041,987,0.9974899291992188
muon_sft_bf16,Muon + SFT (BF16),7,down_proj,mlp,model.layers.7.mlp.down_proj.weight,13762560,67475,13695085,0.9950972057524181,67475,13695085,0.9950972057524181,18596,0.9986487978980655,18227,0.9986756097702753
muon_sft_bf16,Muon + SFT (BF16),7,gate_proj,mlp,model.layers.7.mlp.gate_proj.weight,13762560,54975,13707585,0.9960054670061383,54975,13707585,0.9960054670061383,14709,0.9989312308175223,14456,0.9989496140252976
muon_sft_bf16,Muon + SFT (BF16),7,up_proj,mlp,model.layers.7.mlp.up_proj.weight,13762560,59965,13702595,0.9956428891136533,59965,13702595,0.9956428891136533,15281,0.998889668782552,15014,0.9989090692429315
muon_sft_bf16,Muon + SFT (BF16),7,k_proj,attn,model.layers.7.self_attn.k_proj.weight,393216,1349,391867,0.9965693155924479,1349,391867,0.9965693155924479,479,0.9987818400065104,475,0.9987920125325521
muon_sft_bf16,Muon + SFT (BF16),7,o_proj,attn,model.layers.7.self_attn.o_proj.weight,2359296,9820,2349476,0.9958377414279513,9820,2349476,0.9958377414279513,2241,0.9990501403808594,2201,0.9990670945909288
muon_sft_bf16,Muon + SFT (BF16),7,q_proj,attn,model.layers.7.self_attn.q_proj.weight,2359296,6761,2352535,0.9971343146430122,6761,2352535,0.9971343146430122,1224,0.999481201171875,1202,0.9994905259874132
muon_sft_bf16,Muon + SFT (BF16),7,v_proj,attn,model.layers.7.self_attn.v_proj.weight,393216,2546,390670,0.9935251871744791,2546,390670,0.9935251871744791,1089,0.9972305297851562,1077,0.9972610473632812
muon_sft_bf16,Muon + SFT (BF16),8,down_proj,mlp,model.layers.8.mlp.down_proj.weight,13762560,71560,13691000,0.9948003859747023,71560,13691000,0.9948003859747023,20200,0.9985322498139881,19823,0.9985596429734003
muon_sft_bf16,Muon + SFT (BF16),8,gate_proj,mlp,model.layers.8.mlp.gate_proj.weight,13762560,57031,13705529,0.9958560761951265,57031,13705529,0.9958560761951265,16149,0.9988265991210937,15871,0.9988467988513765
muon_sft_bf16,Muon + SFT (BF16),8,up_proj,mlp,model.layers.8.mlp.up_proj.weight,13762560,63198,13699362,0.9954079764229911,63198,13699362,0.9954079764229911,17050,0.9987611316499256,16763,0.998781985328311
muon_sft_bf16,Muon + SFT (BF16),8,k_proj,attn,model.layers.8.self_attn.k_proj.weight,393216,1324,391892,0.9966328938802084,1324,391892,0.9966328938802084,469,0.9988072713216146,462,0.9988250732421875
muon_sft_bf16,Muon + SFT (BF16),8,o_proj,attn,model.layers.8.self_attn.o_proj.weight,2359296,9381,2349915,0.9960238138834635,9381,2349915,0.9960238138834635,2102,0.9991090562608507,2059,0.9991272820366753
muon_sft_bf16,Muon + SFT (BF16),8,q_proj,attn,model.layers.8.self_attn.q_proj.weight,2359296,6314,2352982,0.9973237779405382,6314,2352982,0.9973237779405382,1229,0.9994790818956163,1215,0.9994850158691406
muon_sft_bf16,Muon + SFT (BF16),8,v_proj,attn,model.layers.8.self_attn.v_proj.weight,393216,2404,390812,0.9938863118489584,2404,390812,0.9938863118489584,1024,0.9973958333333334,1016,0.9974161783854166
muon_sft_bf16,Muon + SFT (BF16),9,down_proj,mlp,model.layers.9.mlp.down_proj.weight,13762560,70211,13692349,0.9948984055292038,70211,13692349,0.9948984055292038,19903,0.9985538301013764,19528,0.9985810779389881
muon_sft_bf16,Muon + SFT (BF16),9,gate_proj,mlp,model.layers.9.mlp.gate_proj.weight,13762560,56793,13705767,0.9958733694893973,56793,13705767,0.9958733694893973,15637,0.9988638015020461,15320,0.9988868350074405
muon_sft_bf16,Muon + SFT (BF16),9,up_proj,mlp,model.layers.9.mlp.up_proj.weight,13762560,62049,13700511,0.995491463797433,62049,13700511,0.995491463797433,16907,0.9987715221586682,16591,0.9987944830031622
muon_sft_bf16,Muon + SFT (BF16),9,k_proj,attn,model.layers.9.self_attn.k_proj.weight,393216,2127,391089,0.9945907592773438,2127,391089,0.9945907592773438,836,0.9978739420572916,824,0.9979044596354166
muon_sft_bf16,Muon + SFT (BF16),9,o_proj,attn,model.layers.9.self_attn.o_proj.weight,2359296,10350,2348946,0.9956130981445312,10350,2348946,0.9956130981445312,2533,0.9989263746473525,2492,0.9989437527126737
muon_sft_bf16,Muon + SFT (BF16),9,q_proj,attn,model.layers.9.self_attn.q_proj.weight,2359296,6628,2352668,0.9971906873914931,6628,2352668,0.9971906873914931,1520,0.9993557400173612,1487,0.9993697272406684
muon_sft_bf16,Muon + SFT (BF16),9,v_proj,attn,model.layers.9.self_attn.v_proj.weight,393216,3941,389275,0.9899775187174479,3941,389275,0.9899775187174479,1976,0.9949747721354166,1956,0.995025634765625
muon_sft_mixed,Muon + SFT (Mixed),-1,embed,embed,model.embed_tokens.weight,233373696,220896589,12477107,0.05346406734716147,20588240,212785456,0.911779946271237,36745881,0.8425448898919611,15000428,0.9357235701490539
muon_sft_mixed,Muon + SFT (Mixed),0,down_proj,mlp,model.layers.0.mlp.down_proj.weight,13762560,13761997,563,4.0908086867519344e-05,2304278,11458282,0.8325690859840029,5878157,0.5728878202892485,1792883,0.8697275070917039
muon_sft_mixed,Muon + SFT (Mixed),0,gate_proj,mlp,model.layers.0.mlp.gate_proj.weight,13762560,13747257,15303,0.0011119297572544928,1714161,12048399,0.8754475184849331,5067812,0.6317682175409226,1242455,0.9097221011207217
muon_sft_mixed,Muon + SFT (Mixed),0,up_proj,mlp,model.layers.0.mlp.up_proj.weight,13762560,13752931,9629,0.0006996518089658066,2034974,11727586,0.8521369570777529,4974432,0.6385532924107142,1460127,0.8939058576311384
muon_sft_mixed,Muon + SFT (Mixed),0,k_proj,attn,model.layers.0.self_attn.k_proj.weight,393216,393179,37,9.409586588537966e-05,35511,357705,0.9096908569335938,167413,0.5742467244466145,28053,0.9286575317382812
muon_sft_mixed,Muon + SFT (Mixed),0,o_proj,attn,model.layers.0.self_attn.o_proj.weight,2359296,2359168,128,5.4253472222209886e-05,403881,1955415,0.8288129170735677,713250,0.6976852416992188,265664,0.8873969184027778
muon_sft_mixed,Muon + SFT (Mixed),0,q_proj,attn,model.layers.0.self_attn.q_proj.weight,2359296,2130699,228597,0.09689203898111975,161905,2197391,0.931375715467665,417877,0.8228806389702691,97011,0.9588813781738281
muon_sft_mixed,Muon + SFT (Mixed),0,v_proj,attn,model.layers.0.self_attn.v_proj.weight,393216,393204,12,3.0517578125e-05,106656,286560,0.728759765625,201185,0.4883600870768229,88671,0.7744979858398438
muon_sft_mixed,Muon + SFT (Mixed),1,down_proj,mlp,model.layers.1.mlp.down_proj.weight,13762560,13761256,1304,9.474981398804871e-05,1123690,12638870,0.9183516729445684,1510912,0.8902157738095238,449175,0.967362540108817
muon_sft_mixed,Muon + SFT (Mixed),1,gate_proj,mlp,model.layers.1.mlp.gate_proj.weight,13762560,13757084,5476,0.000397891090029745,2089874,11672686,0.8481478736514136,6440266,0.5320444742838542,1683351,0.8776862008231027
muon_sft_mixed,Muon + SFT (Mixed),1,up_proj,mlp,model.layers.1.mlp.up_proj.weight,13762560,13757839,4721,0.00034303211030506375,2461226,11301334,0.8211651030040923,6564773,0.5229976835704986,1985901,0.8557026454380581
muon_sft_mixed,Muon + SFT (Mixed),1,k_proj,attn,model.layers.1.self_attn.k_proj.weight,393216,393156,60,0.000152587890625,41521,351695,0.8944066365559896,179955,0.5423507690429688,33533,0.9147211710611979
muon_sft_mixed,Muon + SFT (Mixed),1,o_proj,attn,model.layers.1.self_attn.o_proj.weight,2359296,2359185,111,4.704793294274534e-05,372820,1986476,0.8419782850477431,771997,0.6727850172254775,254089,0.8923030429416232
muon_sft_mixed,Muon + SFT (Mixed),1,q_proj,attn,model.layers.1.self_attn.q_proj.weight,2359296,2358844,452,0.00019158257378470989,205379,2153917,0.9129490322536893,603806,0.7440736558702257,128374,0.9455880059136285
muon_sft_mixed,Muon + SFT (Mixed),1,v_proj,attn,model.layers.1.self_attn.v_proj.weight,393216,393194,22,5.594889322912966e-05,104467,288749,0.734326680501302,194077,0.5064366658528645,85756,0.7819112141927084
muon_sft_mixed,Muon + SFT (Mixed),10,down_proj,mlp,model.layers.10.mlp.down_proj.weight,13762560,13762079,481,3.4949893043201286e-05,2622887,11139673,0.8094186692010789,6808048,0.5053211030505953,2151393,0.8436778477260045
muon_sft_mixed,Muon + SFT (Mixed),10,gate_proj,mlp,model.layers.10.mlp.gate_proj.weight,13762560,13758023,4537,0.00032966250465027436,2278024,11484536,0.8344767252604166,6256527,0.5453951154436384,1849339,0.8656253633045015
muon_sft_mixed,Muon + SFT (Mixed),10,up_proj,mlp,model.layers.10.mlp.up_proj.weight,13762560,13759331,3229,0.0002346220470610394,2463241,11299319,0.8210186912899926,6811780,0.5050499325706845,2022065,0.8530749366396949
muon_sft_mixed,Muon + SFT (Mixed),10,k_proj,attn,model.layers.10.self_attn.k_proj.weight,393216,393203,13,3.306070963537966e-05,73252,319964,0.8137105305989584,210281,0.4652277628580729,61984,0.8423665364583334
muon_sft_mixed,Muon + SFT (Mixed),10,o_proj,attn,model.layers.10.self_attn.o_proj.weight,2359296,2359202,94,3.984239366316977e-05,410169,1949127,0.826147715250651,973019,0.5875807868109809,306187,0.8702210320366753
muon_sft_mixed,Muon + SFT (Mixed),10,q_proj,attn,model.layers.10.self_attn.q_proj.weight,2359296,2359165,131,5.552503797745523e-05,323439,2035857,0.862908681233724,833056,0.6469048394097222,227019,0.9037768046061198
muon_sft_mixed,Muon + SFT (Mixed),10,v_proj,attn,model.layers.10.self_attn.v_proj.weight,393216,393201,15,3.814697265625e-05,86516,306700,0.7799784342447916,218221,0.4450352986653646,74218,0.8112538655598959
muon_sft_mixed,Muon + SFT (Mixed),11,down_proj,mlp,model.layers.11.mlp.down_proj.weight,13762560,13762075,485,3.524053664438753e-05,2644119,11118441,0.8078759329659598,6791872,0.5064964657738096,2164381,0.842734127952939
muon_sft_mixed,Muon + SFT (Mixed),11,gate_proj,mlp,model.layers.11.mlp.gate_proj.weight,13762560,13761911,649,4.715692429313467e-05,2285374,11477186,0.8339426676432291,6261868,0.5450070335751488,1853508,0.8653224400111608
muon_sft_mixed,Muon + SFT (Mixed),11,up_proj,mlp,model.layers.11.mlp.up_proj.weight,13762560,13762002,558,4.0544782366036536e-05,2430000,11332560,0.8234340122767857,6727749,0.5111557006835937,1982381,0.8559584118071056
muon_sft_mixed,Muon + SFT (Mixed),11,k_proj,attn,model.layers.11.self_attn.k_proj.weight,393216,393194,22,5.594889322912966e-05,64345,328871,0.8363622029622396,201614,0.48726908365885413,53897,0.8629328409830729
muon_sft_mixed,Muon + SFT (Mixed),11,o_proj,attn,model.layers.11.self_attn.o_proj.weight,2359296,2359205,91,3.8570827908035454e-05,410233,1949063,0.82612058851454,938199,0.6023394266764324,297314,0.8739818996853299
muon_sft_mixed,Muon + SFT (Mixed),11,q_proj,attn,model.layers.11.self_attn.q_proj.weight,2359296,2359137,159,6.739298502600466e-05,290563,2068733,0.8768433464898003,769226,0.6739595201280382,196557,0.9166882832845052
muon_sft_mixed,Muon + SFT (Mixed),11,v_proj,attn,model.layers.11.self_attn.v_proj.weight,393216,393202,14,3.560384114587034e-05,83733,309483,0.7870559692382812,212511,0.45955657958984375,71429,0.8183466593424479
muon_sft_mixed,Muon + SFT (Mixed),12,down_proj,mlp,model.layers.12.mlp.down_proj.weight,13762560,13762055,505,3.6693754650318766e-05,2695091,11067469,0.8041722615559896,6704755,0.5128264654250372,2195296,0.840487816220238
muon_sft_mixed,Muon + SFT (Mixed),12,gate_proj,mlp,model.layers.12.mlp.gate_proj.weight,13762560,13760396,2164,0.00015723818824409097,2201732,11560828,0.8400201706659226,5851863,0.5747983660016741,1770921,0.8713232857840402
muon_sft_mixed,Muon + SFT (Mixed),12,up_proj,mlp,model.layers.12.mlp.up_proj.weight,13762560,13761693,867,6.299700055800717e-05,2482411,11280149,0.8196257818312872,6662374,0.5159059070405506,2019783,0.8532407488141741
muon_sft_mixed,Muon + SFT (Mixed),12,k_proj,attn,model.layers.12.self_attn.k_proj.weight,393216,393203,13,3.306070963537966e-05,70787,322429,0.8199793497721354,198364,0.49553426106770837,59437,0.8488438924153646
muon_sft_mixed,Muon + SFT (Mixed),12,o_proj,attn,model.layers.12.self_attn.o_proj.weight,2359296,2359180,116,4.9167209201339546e-05,398158,1961138,0.8312386406792535,910592,0.6140407986111112,287181,0.8782768249511719
muon_sft_mixed,Muon + SFT (Mixed),12,q_proj,attn,model.layers.12.self_attn.q_proj.weight,2359296,2359163,133,5.6372748480915114e-05,305958,2053338,0.8703180948893229,750473,0.6819080776638455,205721,0.9128040737575955
muon_sft_mixed,Muon + SFT (Mixed),12,v_proj,attn,model.layers.12.self_attn.v_proj.weight,393216,393207,9,2.288818359375e-05,81537,311679,0.7926406860351562,210999,0.46340179443359375,69387,0.8235397338867188
muon_sft_mixed,Muon + SFT (Mixed),13,down_proj,mlp,model.layers.13.mlp.down_proj.weight,13762560,13762063,497,3.611246744794627e-05,2667990,11094570,0.8061414446149553,6812348,0.5050086611793154,2186776,0.8411068870907739
muon_sft_mixed,Muon + SFT (Mixed),13,gate_proj,mlp,model.layers.13.mlp.gate_proj.weight,13762560,13761919,641,4.657563709076218e-05,2357907,11404653,0.828672354561942,6238684,0.5466916038876488,1916983,0.8607102893647693
muon_sft_mixed,Muon + SFT (Mixed),13,up_proj,mlp,model.layers.13.mlp.up_proj.weight,13762560,13762039,521,3.785632905506375e-05,2483369,11279191,0.8195561726888021,6796388,0.5061683291480654,2037729,0.851936776297433
muon_sft_mixed,Muon + SFT (Mixed),13,k_proj,attn,model.layers.13.self_attn.k_proj.weight,393216,393191,25,6.357828776037966e-05,59040,334176,0.849853515625,185270,0.5288340250651042,48192,0.87744140625
muon_sft_mixed,Muon + SFT (Mixed),13,o_proj,attn,model.layers.13.self_attn.o_proj.weight,2359296,2359226,70,2.9669867621540114e-05,416159,1943137,0.8236088222927518,935451,0.6035041809082031,301484,0.8722144232855903
muon_sft_mixed,Muon + SFT (Mixed),13,q_proj,attn,model.layers.13.self_attn.q_proj.weight,2359296,2359129,167,7.078382703995523e-05,297930,2061366,0.8737208048502604,761700,0.6771494547526042,203814,0.9136123657226562
muon_sft_mixed,Muon + SFT (Mixed),13,v_proj,attn,model.layers.13.self_attn.v_proj.weight,393216,393209,7,1.780192057287966e-05,86401,306815,0.7802708943684896,208090,0.47079976399739587,73320,0.81353759765625
muon_sft_mixed,Muon + SFT (Mixed),14,down_proj,mlp,model.layers.14.mlp.down_proj.weight,13762560,13762058,502,3.647577194942908e-05,2661394,11101166,0.8066207159133185,6792999,0.5064145769391741,2178731,0.8416914440336681
muon_sft_mixed,Muon + SFT (Mixed),14,gate_proj,mlp,model.layers.14.mlp.gate_proj.weight,13762560,13762018,542,3.938220796129155e-05,2453125,11309435,0.8217537289574033,6446846,0.5315663655598959,1999959,0.8546811785016741
muon_sft_mixed,Muon + SFT (Mixed),14,up_proj,mlp,model.layers.14.mlp.up_proj.weight,13762560,13762056,504,3.6621093750022204e-05,2484024,11278536,0.8195085797991072,6716443,0.5119772048223586,2027804,0.852657935732887
muon_sft_mixed,Muon + SFT (Mixed),14,k_proj,attn,model.layers.14.self_attn.k_proj.weight,393216,393068,148,0.00037638346354162966,78173,315043,0.8011957804361979,185247,0.5288925170898438,63113,0.8394953409830729
muon_sft_mixed,Muon + SFT (Mixed),14,o_proj,attn,model.layers.14.self_attn.o_proj.weight,2359296,2357930,1366,0.0005789862738715401,407081,1952215,0.8274565802680122,844871,0.64189698961046,295051,0.8749410841200087
muon_sft_mixed,Muon + SFT (Mixed),14,q_proj,attn,model.layers.14.self_attn.q_proj.weight,2359296,2355834,3462,0.0014673868815103797,285416,2073880,0.8790249294704862,627943,0.7338430616590712,181146,0.9232203165690104
muon_sft_mixed,Muon + SFT (Mixed),14,v_proj,attn,model.layers.14.self_attn.v_proj.weight,393216,393201,15,3.814697265625e-05,90706,302510,0.7693227132161459,194246,0.5060068766276042,75007,0.8092473347981771
muon_sft_mixed,Muon + SFT (Mixed),15,down_proj,mlp,model.layers.15.mlp.down_proj.weight,13762560,13762107,453,3.2915387834786536e-05,2667677,11094883,0.8061641874767485,6768173,0.5082184564499628,2184353,0.841282944452195
muon_sft_mixed,Muon + SFT (Mixed),15,gate_proj,mlp,model.layers.15.mlp.gate_proj.weight,13762560,13758244,4316,0.0003136044456845122,2352104,11410456,0.829094005766369,6104411,0.556448000953311,1899100,0.8620096842447916
muon_sft_mixed,Muon + SFT (Mixed),15,up_proj,mlp,model.layers.15.mlp.up_proj.weight,13762560,13759481,3079,0.0002237229120163331,2411642,11350918,0.8247679210844494,6606280,0.5199817475818452,1960444,0.8575523739769345
muon_sft_mixed,Muon + SFT (Mixed),15,k_proj,attn,model.layers.15.self_attn.k_proj.weight,393216,393203,13,3.306070963537966e-05,79824,313392,0.7969970703125,194039,0.5065333048502605,67141,0.8292516072591146
muon_sft_mixed,Muon + SFT (Mixed),15,o_proj,attn,model.layers.15.self_attn.o_proj.weight,2359296,2359198,98,4.1537814670089546e-05,401499,1957797,0.8298225402832031,972970,0.587601555718316,298482,0.8734868367513021
muon_sft_mixed,Muon + SFT (Mixed),15,q_proj,attn,model.layers.15.self_attn.q_proj.weight,2359296,2359133,163,6.908840603303545e-05,335040,2024256,0.8579915364583334,736291,0.687919192843967,227298,0.9036585489908854
muon_sft_mixed,Muon + SFT (Mixed),15,v_proj,attn,model.layers.15.self_attn.v_proj.weight,393216,393206,10,2.543131510412966e-05,73547,319669,0.8129603068033854,203856,0.4815673828125,62345,0.8414484659830729
muon_sft_mixed,Muon + SFT (Mixed),16,down_proj,mlp,model.layers.16.mlp.down_proj.weight,13762560,13762030,530,3.851027715773281e-05,2618600,11143960,0.8097301664806548,6691783,0.513769022623698,2139384,0.8445504324776786
muon_sft_mixed,Muon + SFT (Mixed),16,gate_proj,mlp,model.layers.16.mlp.gate_proj.weight,13762560,13761873,687,4.991803850451504e-05,2413996,11348564,0.8245968773251489,6065072,0.5593064081101191,1951808,0.8581798735119047
muon_sft_mixed,Muon + SFT (Mixed),16,up_proj,mlp,model.layers.16.mlp.up_proj.weight,13762560,13762037,523,3.800165085565688e-05,2427604,11334956,0.8236081077938988,6594292,0.5208528064546131,1976151,0.8564110892159598
muon_sft_mixed,Muon + SFT (Mixed),16,k_proj,attn,model.layers.16.self_attn.k_proj.weight,393216,393202,14,3.560384114587034e-05,67828,325388,0.8275044759114584,203503,0.4824651082356771,57518,0.8537241617838541
muon_sft_mixed,Muon + SFT (Mixed),16,o_proj,attn,model.layers.16.self_attn.o_proj.weight,2359296,2359197,99,4.1961669921875e-05,407934,1951362,0.8270950317382812,954510,0.5954259236653645,298984,0.8732740614149306
muon_sft_mixed,Muon + SFT (Mixed),16,q_proj,attn,model.layers.16.self_attn.q_proj.weight,2359296,2355234,4062,0.0017217000325521203,304834,2054462,0.8707945081922743,775378,0.6713519626193576,218787,0.9072659810384115
muon_sft_mixed,Muon + SFT (Mixed),16,v_proj,attn,model.layers.16.self_attn.v_proj.weight,393216,393206,10,2.543131510412966e-05,79958,313258,0.7966562906901041,209094,0.4682464599609375,68727,0.8252182006835938
muon_sft_mixed,Muon + SFT (Mixed),17,down_proj,mlp,model.layers.17.mlp.down_proj.weight,13762560,13762008,552,4.0108816964257166e-05,2577593,11184967,0.8127097720191592,6636988,0.5177504766555059,2106023,0.8469744727725075
muon_sft_mixed,Muon + SFT (Mixed),17,gate_proj,mlp,model.layers.17.mlp.gate_proj.weight,13762560,13758991,3569,0.00025932675316220344,2407668,11354892,0.8250566755022322,6204945,0.5491431100027901,1953439,0.8580613635835194
muon_sft_mixed,Muon + SFT (Mixed),17,up_proj,mlp,model.layers.17.mlp.up_proj.weight,13762560,13760310,2250,0.00016348702566959528,2398942,11363618,0.8256907145182292,6557401,0.5235333397274926,1950016,0.858310081845238
muon_sft_mixed,Muon + SFT (Mixed),17,k_proj,attn,model.layers.17.self_attn.k_proj.weight,393216,393198,18,4.57763671875e-05,85576,307640,0.7823689778645834,206490,0.4748687744140625,71658,0.8177642822265625
muon_sft_mixed,Muon + SFT (Mixed),17,o_proj,attn,model.layers.17.self_attn.o_proj.weight,2359296,2359205,91,3.8570827908035454e-05,409643,1949653,0.8263706631130643,986898,0.5816980997721355,310555,0.868369632297092
muon_sft_mixed,Muon + SFT (Mixed),17,q_proj,attn,model.layers.17.self_attn.q_proj.weight,2359296,2359184,112,4.747178819441977e-05,343942,2015354,0.8542183770073785,827007,0.6494687398274739,235938,0.8999964396158854
muon_sft_mixed,Muon + SFT (Mixed),17,v_proj,attn,model.layers.17.self_attn.v_proj.weight,393216,393196,20,5.086263020837034e-05,84354,308862,0.7854766845703125,211079,0.4631983439127604,72310,0.8161061604817709
muon_sft_mixed,Muon + SFT (Mixed),18,down_proj,mlp,model.layers.18.mlp.down_proj.weight,13762560,13762076,484,3.516787574409097e-05,2534683,11227877,0.81582765125093,6537447,0.5249832153320313,2062532,0.8501345679873512
muon_sft_mixed,Muon + SFT (Mixed),18,gate_proj,mlp,model.layers.18.mlp.gate_proj.weight,13762560,13760450,2110,0.00015331449962796562,2331536,11431024,0.8305884951636905,6120190,0.5553014846075148,1893422,0.8624222528366816
muon_sft_mixed,Muon + SFT (Mixed),18,up_proj,mlp,model.layers.18.mlp.up_proj.weight,13762560,13761198,1362,9.896414620536031e-05,2354510,11408050,0.828919183640253,6363806,0.5376001267206101,1895838,0.8622467041015625
muon_sft_mixed,Muon + SFT (Mixed),18,k_proj,attn,model.layers.18.self_attn.k_proj.weight,393216,393191,25,6.357828776037966e-05,73701,319515,0.8125686645507812,207842,0.47143046061197913,62552,0.8409220377604166
muon_sft_mixed,Muon + SFT (Mixed),18,o_proj,attn,model.layers.18.self_attn.o_proj.weight,2359296,2359196,100,4.2385525173660454e-05,422708,1936588,0.8208329942491319,1023786,0.5660629272460938,323787,0.8627611796061198
muon_sft_mixed,Muon + SFT (Mixed),18,q_proj,attn,model.layers.18.self_attn.q_proj.weight,2359296,2359169,127,5.3829616970535454e-05,353313,2005983,0.8502464294433594,903629,0.6169921027289497,260398,0.8896289401584201
muon_sft_mixed,Muon + SFT (Mixed),18,v_proj,attn,model.layers.18.self_attn.v_proj.weight,393216,393208,8,2.034505208337034e-05,101364,291852,0.742218017578125,216556,0.44926961263020837,86004,0.781280517578125
muon_sft_mixed,Muon + SFT (Mixed),19,down_proj,mlp,model.layers.19.mlp.down_proj.weight,13762560,13762035,525,3.814697265625e-05,2475749,11286811,0.8201098487490699,6410105,0.5342359996977306,2004446,0.8543551490420387
muon_sft_mixed,Muon + SFT (Mixed),19,gate_proj,mlp,model.layers.19.mlp.gate_proj.weight,13762560,13760579,1981,0.00014394124348959814,2263426,11499134,0.8355374290829614,5955510,0.5672672816685268,1817831,0.8679147629510788
muon_sft_mixed,Muon + SFT (Mixed),19,up_proj,mlp,model.layers.19.mlp.up_proj.weight,13762560,13761242,1318,9.57670665923116e-05,2295900,11466660,0.8331778390066964,6236223,0.5468704223632812,1838922,0.8663822719029017
muon_sft_mixed,Muon + SFT (Mixed),19,k_proj,attn,model.layers.19.self_attn.k_proj.weight,393216,393203,13,3.306070963537966e-05,75566,317650,0.8078257242838541,204144,0.4808349609375,63099,0.8395309448242188
muon_sft_mixed,Muon + SFT (Mixed),19,o_proj,attn,model.layers.19.self_attn.o_proj.weight,2359296,2359183,113,4.789564344620523e-05,376673,1982623,0.8403451707628038,1036859,0.5605218675401475,290268,0.8769683837890625
muon_sft_mixed,Muon + SFT (Mixed),19,q_proj,attn,model.layers.19.self_attn.q_proj.weight,2359296,2359170,126,5.340576171875e-05,357106,2002190,0.8486387464735243,893250,0.6213912963867188,258255,0.8905372619628906
muon_sft_mixed,Muon + SFT (Mixed),19,v_proj,attn,model.layers.19.self_attn.v_proj.weight,393216,393205,11,2.797444661462034e-05,70817,322399,0.8199030558268229,211756,0.46147664388020837,60768,0.845458984375
muon_sft_mixed,Muon + SFT (Mixed),2,down_proj,mlp,model.layers.2.mlp.down_proj.weight,13762560,13762043,517,3.7565685453877506e-05,2550172,11212388,0.8147022065662203,6734603,0.5106576828729539,2084940,0.8485063825334822
muon_sft_mixed,Muon + SFT (Mixed),2,gate_proj,mlp,model.layers.2.mlp.gate_proj.weight,13762560,13761469,1091,7.927304222465903e-05,2177519,11585041,0.8417795090448289,6792454,0.5064541771298363,1791545,0.8698247273763021
muon_sft_mixed,Muon + SFT (Mixed),2,up_proj,mlp,model.layers.2.mlp.up_proj.weight,13762560,13761795,765,5.558558872764685e-05,2536144,11226416,0.8157214936755952,6840334,0.5029751732235863,2080794,0.8488076346261161
muon_sft_mixed,Muon + SFT (Mixed),2,k_proj,attn,model.layers.2.self_attn.k_proj.weight,393216,392886,330,0.0008392333984375,51329,341887,0.8694636027018229,194067,0.5064620971679688,42456,0.89202880859375
muon_sft_mixed,Muon + SFT (Mixed),2,o_proj,attn,model.layers.2.self_attn.o_proj.weight,2359296,2359204,92,3.8994683159709886e-05,408981,1950315,0.8266512552897135,976730,0.5860078599717882,308205,0.8693656921386719
muon_sft_mixed,Muon + SFT (Mixed),2,q_proj,attn,model.layers.2.self_attn.q_proj.weight,2359296,2357617,1679,0.0007116529676649552,253735,2105561,0.8924530877007378,701461,0.7026820712619357,164912,0.9301011827256944
muon_sft_mixed,Muon + SFT (Mixed),2,v_proj,attn,model.layers.2.self_attn.v_proj.weight,393216,393205,11,2.797444661462034e-05,103378,289838,0.7370961507161458,207163,0.4731572469075521,87277,0.7780431111653646
muon_sft_mixed,Muon + SFT (Mixed),20,down_proj,mlp,model.layers.20.mlp.down_proj.weight,13762560,13761990,570,4.1416713169595276e-05,2450652,11311908,0.8219334193638392,6244279,0.5462850661504837,1970670,0.8568093436104911
muon_sft_mixed,Muon + SFT (Mixed),20,gate_proj,mlp,model.layers.20.mlp.gate_proj.weight,13762560,13760854,1706,0.0001239594959077106,2306294,11456266,0.8324226016090029,5938915,0.5684730893089658,1850745,0.865523202078683
muon_sft_mixed,Muon + SFT (Mixed),20,up_proj,mlp,model.layers.20.mlp.up_proj.weight,13762560,13761369,1191,8.653913225442622e-05,2292923,11469637,0.8333941505068825,6124950,0.5549556187220982,1832113,0.8668770199730282
muon_sft_mixed,Muon + SFT (Mixed),20,k_proj,attn,model.layers.20.self_attn.k_proj.weight,393216,393049,167,0.00042470296223962034,74461,318755,0.8106358846028646,196828,0.49944051106770837,61281,0.8441543579101562
muon_sft_mixed,Muon + SFT (Mixed),20,o_proj,attn,model.layers.20.self_attn.o_proj.weight,2359296,2359205,91,3.8570827908035454e-05,371176,1988120,0.8426751030815972,985616,0.5822414822048612,279863,0.8813785976833768
muon_sft_mixed,Muon + SFT (Mixed),20,q_proj,attn,model.layers.20.self_attn.q_proj.weight,2359296,2358103,1193,0.0005056593153212052,331843,2027453,0.8593466016981337,807941,0.6575499640570747,226844,0.9038509792751737
muon_sft_mixed,Muon + SFT (Mixed),20,v_proj,attn,model.layers.20.self_attn.v_proj.weight,393216,393199,17,4.323323567712034e-05,67117,326099,0.8293126424153646,205784,0.47666422526041663,57094,0.8548024495442709
muon_sft_mixed,Muon + SFT (Mixed),21,down_proj,mlp,model.layers.21.mlp.down_proj.weight,13762560,13761967,593,4.308791387652722e-05,2415858,11346702,0.8244615827287947,5987712,0.5649274553571428,1914615,0.860882350376674
muon_sft_mixed,Muon + SFT (Mixed),21,gate_proj,mlp,model.layers.21.mlp.gate_proj.weight,13762560,13761748,812,5.900065104169627e-05,2096761,11665799,0.847647458031064,5322230,0.613281976609003,1632593,0.8813743228004092
muon_sft_mixed,Muon + SFT (Mixed),21,up_proj,mlp,model.layers.21.mlp.up_proj.weight,13762560,13761901,659,4.788353329610029e-05,2186164,11576396,0.841151355561756,5695711,0.5861445109049479,1705249,0.8760950724283854
muon_sft_mixed,Muon + SFT (Mixed),21,k_proj,attn,model.layers.21.self_attn.k_proj.weight,393216,393206,10,2.543131510412966e-05,71925,321291,0.8170852661132812,194484,0.505401611328125,58749,0.8505935668945312
muon_sft_mixed,Muon + SFT (Mixed),21,o_proj,attn,model.layers.21.self_attn.o_proj.weight,2359296,2359166,130,5.510118272566977e-05,357439,2001857,0.8484976026746962,898424,0.6191982693142362,260123,0.8897455003526475
muon_sft_mixed,Muon + SFT (Mixed),21,q_proj,attn,model.layers.21.self_attn.q_proj.weight,2359296,2359150,146,6.188286675345989e-05,325597,2033699,0.8619940016004775,757779,0.6788113911946614,222737,0.9055917527940538
muon_sft_mixed,Muon + SFT (Mixed),21,v_proj,attn,model.layers.21.self_attn.v_proj.weight,393216,393199,17,4.323323567712034e-05,71705,321511,0.8176447550455729,208098,0.4707794189453125,60877,0.8451817830403646
muon_sft_mixed,Muon + SFT (Mixed),22,down_proj,mlp,model.layers.22.mlp.down_proj.weight,13762560,13761907,653,4.744756789432092e-05,2321442,11441118,0.8313219342912946,5954446,0.5673445928664435,1837376,0.8664946056547619
muon_sft_mixed,Muon + SFT (Mixed),22,gate_proj,mlp,model.layers.22.mlp.gate_proj.weight,13762560,13761497,1063,7.72385370163553e-05,2101023,11661537,0.8473377772739955,5688430,0.5866735549200148,1666888,0.8788824172247024
muon_sft_mixed,Muon + SFT (Mixed),22,up_proj,mlp,model.layers.22.mlp.up_proj.weight,13762560,13761752,808,5.8710007440510026e-05,2237234,11525326,0.8374405633835565,5979749,0.5655060541062128,1771050,0.8713139125279018
muon_sft_mixed,Muon + SFT (Mixed),22,k_proj,attn,model.layers.22.self_attn.k_proj.weight,393216,393045,171,0.00043487548828125,79617,313599,0.7975234985351562,160728,0.59124755859375,62101,0.8420689900716146
muon_sft_mixed,Muon + SFT (Mixed),22,o_proj,attn,model.layers.22.self_attn.o_proj.weight,2359296,2359172,124,5.2558051215290114e-05,349974,2009322,0.8516616821289062,1038102,0.5599950154622395,271807,0.8847931755913628
muon_sft_mixed,Muon + SFT (Mixed),22,q_proj,attn,model.layers.22.self_attn.q_proj.weight,2359296,2358350,946,0.00040096706814241045,358990,2000306,0.8478402031792535,716635,0.696250491672092,234508,0.9006025526258681
muon_sft_mixed,Muon + SFT (Mixed),22,v_proj,attn,model.layers.22.self_attn.v_proj.weight,393216,393200,16,4.069010416662966e-05,77047,316169,0.8040593465169271,180004,0.5422261555989583,61133,0.8445307413736979
muon_sft_mixed,Muon + SFT (Mixed),23,down_proj,mlp,model.layers.23.mlp.down_proj.weight,13762560,13761992,568,4.127139136900215e-05,2312148,11450412,0.8319972446986608,6081663,0.5581008911132812,1842050,0.8661549886067709
muon_sft_mixed,Muon + SFT (Mixed),23,gate_proj,mlp,model.layers.23.mlp.gate_proj.weight,13762560,13761129,1431,0.0001039777483259341,2131596,11630964,0.8451163155691964,5914716,0.5702314104352679,1704591,0.8761428833007813
muon_sft_mixed,Muon + SFT (Mixed),23,up_proj,mlp,model.layers.23.mlp.up_proj.weight,13762560,13761578,982,7.135300409222278e-05,2246778,11515782,0.8367470877511161,6190673,0.5501801263718378,1801050,0.8691340855189732
muon_sft_mixed,Muon + SFT (Mixed),23,k_proj,attn,model.layers.23.self_attn.k_proj.weight,393216,393014,202,0.0005137125651041297,72305,320911,0.8161188761393229,181939,0.537305196126302,57782,0.8530527750651041
muon_sft_mixed,Muon + SFT (Mixed),23,o_proj,attn,model.layers.23.self_attn.o_proj.weight,2359296,2359189,107,4.5352511935714546e-05,336536,2022760,0.8573574490017362,945330,0.599316914876302,249505,0.8942459954155816
muon_sft_mixed,Muon + SFT (Mixed),23,q_proj,attn,model.layers.23.self_attn.q_proj.weight,2359296,2358245,1051,0.0004454718695746651,341339,2017957,0.8553216722276475,835238,0.645979987250434,243312,0.8968709309895834
muon_sft_mixed,Muon + SFT (Mixed),23,v_proj,attn,model.layers.23.self_attn.v_proj.weight,393216,393201,15,3.814697265625e-05,70378,322838,0.8210194905598959,191404,0.5132344563802083,58015,0.8524602254231771
muon_sft_mixed,Muon + SFT (Mixed),24,down_proj,mlp,model.layers.24.mlp.down_proj.weight,13762560,13761934,626,4.548572358631375e-05,2231899,11530661,0.8378282092866444,5888887,0.572108168829055,1758257,0.8722434634254093
muon_sft_mixed,Muon + SFT (Mixed),24,gate_proj,mlp,model.layers.24.mlp.gate_proj.weight,13762560,13758532,4028,0.00029267810639876934,2084468,11678092,0.8485406784784226,5661309,0.5886441911969866,1639821,0.8808491298130581
muon_sft_mixed,Muon + SFT (Mixed),24,up_proj,mlp,model.layers.24.mlp.up_proj.weight,13762560,13759357,3203,0.0002327328636533288,2102776,11659784,0.8472104027157739,5758109,0.5816106160481771,1647502,0.8802910214378721
muon_sft_mixed,Muon + SFT (Mixed),24,k_proj,attn,model.layers.24.self_attn.k_proj.weight,393216,393113,103,0.00026194254557287966,72327,320889,0.8160629272460938,210784,0.46394856770833337,61084,0.8446553548177084
muon_sft_mixed,Muon + SFT (Mixed),24,o_proj,attn,model.layers.24.self_attn.o_proj.weight,2359296,2359187,109,4.6200222439285454e-05,330734,2028562,0.859816657172309,993935,0.5787154303656684,251164,0.8935428195529513
muon_sft_mixed,Muon + SFT (Mixed),24,q_proj,attn,model.layers.24.self_attn.q_proj.weight,2359296,2358906,390,0.00016530354817712034,340886,2018410,0.855513678656684,925708,0.6076338026258681,251696,0.8933173285590278
muon_sft_mixed,Muon + SFT (Mixed),24,v_proj,attn,model.layers.24.self_attn.v_proj.weight,393216,393196,20,5.086263020837034e-05,64462,328754,0.8360646565755209,214407,0.45473480224609375,55445,0.8589960734049479
muon_sft_mixed,Muon + SFT (Mixed),25,down_proj,mlp,model.layers.25.mlp.down_proj.weight,13762560,13761859,701,5.09352911086669e-05,2123655,11638905,0.8456933157784599,5688191,0.586690920875186,1658143,0.879517836797805
muon_sft_mixed,Muon + SFT (Mixed),25,gate_proj,mlp,model.layers.25.mlp.gate_proj.weight,13762560,13760956,1604,0.00011654808407735029,2145335,11617225,0.8441180274600074,5758208,0.5816034226190476,1697091,0.8766878400530134
muon_sft_mixed,Muon + SFT (Mixed),25,up_proj,mlp,model.layers.25.mlp.up_proj.weight,13762560,13761102,1458,0.00010593959263394126,2024830,11737730,0.852874029250372,5569525,0.5953132992699033,1574209,0.8856165568033854
muon_sft_mixed,Muon + SFT (Mixed),25,k_proj,attn,model.layers.25.self_attn.k_proj.weight,393216,393047,169,0.00042978922526037966,74408,318808,0.8107706705729166,135895,0.654401143391927,54582,0.8611907958984375
muon_sft_mixed,Muon + SFT (Mixed),25,o_proj,attn,model.layers.25.self_attn.o_proj.weight,2359296,2359158,138,5.849202473962034e-05,281802,2077494,0.8805567423502604,923095,0.6087413363986545,206179,0.9126099480523003
muon_sft_mixed,Muon + SFT (Mixed),25,q_proj,attn,model.layers.25.self_attn.q_proj.weight,2359296,2358149,1147,0.00048616197374129477,358344,2000952,0.848114013671875,643626,0.7271957397460938,226134,0.9041519165039062
muon_sft_mixed,Muon + SFT (Mixed),25,v_proj,attn,model.layers.25.self_attn.v_proj.weight,393216,393193,23,5.849202473962034e-05,47255,345961,0.8798243204752604,152547,0.6120529174804688,36082,0.9082387288411459
muon_sft_mixed,Muon + SFT (Mixed),26,down_proj,mlp,model.layers.26.mlp.down_proj.weight,13762560,13761763,797,5.791073753724785e-05,1923972,11838588,0.8602024623325892,4989793,0.6374371483212425,1438319,0.8954904465448289
muon_sft_mixed,Muon + SFT (Mixed),26,gate_proj,mlp,model.layers.26.mlp.gate_proj.weight,13762560,13757637,4923,0.00035770961216519126,2166973,11595587,0.8425457908993675,5798998,0.5786395844959078,1718704,0.8751174200148809
muon_sft_mixed,Muon + SFT (Mixed),26,up_proj,mlp,model.layers.26.mlp.up_proj.weight,13762560,13756447,6113,0.0004441760835193209,1806624,11955936,0.8687290736607143,4682126,0.6597925095331101,1331717,0.9032362438383557
muon_sft_mixed,Muon + SFT (Mixed),26,k_proj,attn,model.layers.26.self_attn.k_proj.weight,393216,393201,15,3.814697265625e-05,85850,307366,0.7816721598307291,186286,0.5262502034505208,69209,0.8239924112955729
muon_sft_mixed,Muon + SFT (Mixed),26,o_proj,attn,model.layers.26.self_attn.o_proj.weight,2359296,2359175,121,5.128648546004477e-05,289998,2069298,0.8770828247070312,932848,0.6046074761284722,213480,0.909515380859375
muon_sft_mixed,Muon + SFT (Mixed),26,q_proj,attn,model.layers.26.self_attn.q_proj.weight,2359296,2359164,132,5.594889322912966e-05,360260,1999036,0.8473019070095487,734247,0.6887855529785156,237335,0.89940431382921
muon_sft_mixed,Muon + SFT (Mixed),26,v_proj,attn,model.layers.26.self_attn.v_proj.weight,393216,393189,27,6.866455078125e-05,60738,332478,0.8455352783203125,196429,0.5004552205403645,51298,0.8695424397786459
muon_sft_mixed,Muon + SFT (Mixed),27,down_proj,mlp,model.layers.27.mlp.down_proj.weight,13762560,13761223,1337,9.714762369794627e-05,1546380,12216180,0.8876386369977679,2502249,0.818184334891183,947750,0.9311356317429316
muon_sft_mixed,Muon + SFT (Mixed),27,gate_proj,mlp,model.layers.27.mlp.gate_proj.weight,13762560,13755313,7247,0.0005265735444568431,1621608,12140952,0.8821725027901786,3789084,0.7246817452566965,1154836,0.9160885765438989
muon_sft_mixed,Muon + SFT (Mixed),27,up_proj,mlp,model.layers.27.mlp.up_proj.weight,13762560,13753841,8719,0.0006335303896949362,1307287,12455273,0.9050113496326265,2492713,0.8188772292364211,828129,0.939827401297433
muon_sft_mixed,Muon + SFT (Mixed),27,k_proj,attn,model.layers.27.self_attn.k_proj.weight,393216,393204,12,3.0517578125e-05,78346,314870,0.8007558186848959,149186,0.6206003824869792,58892,0.8502298990885416
muon_sft_mixed,Muon + SFT (Mixed),27,o_proj,attn,model.layers.27.self_attn.o_proj.weight,2359296,2359146,150,6.357828776037966e-05,320658,2038638,0.8640874226888021,775094,0.6714723375108507,219473,0.9069752163357205
muon_sft_mixed,Muon + SFT (Mixed),27,q_proj,attn,model.layers.27.self_attn.q_proj.weight,2359296,2359173,123,5.213419596350466e-05,403040,1956256,0.8291693793402778,823266,0.6510543823242188,281212,0.8808068169487847
muon_sft_mixed,Muon + SFT (Mixed),27,v_proj,attn,model.layers.27.self_attn.v_proj.weight,393216,393189,27,6.866455078125e-05,44916,348300,0.885772705078125,169948,0.5677998860677083,35790,0.9089813232421875
muon_sft_mixed,Muon + SFT (Mixed),3,down_proj,mlp,model.layers.3.mlp.down_proj.weight,13762560,13762091,469,3.407796223953152e-05,2518986,11243574,0.8169682094029018,6535364,0.5251345679873511,2037707,0.8519383748372396
muon_sft_mixed,Muon + SFT (Mixed),3,gate_proj,mlp,model.layers.3.mlp.gate_proj.weight,13762560,13761423,1137,8.261544363841189e-05,2139947,11622613,0.844509524390811,6475211,0.5295053391229538,1737593,0.8737449282691592
muon_sft_mixed,Muon + SFT (Mixed),3,up_proj,mlp,model.layers.3.mlp.up_proj.weight,13762560,13761906,654,4.752022879461748e-05,2498127,11264433,0.8184838431222098,6709130,0.5125085739862352,2033714,0.8522285098121279
muon_sft_mixed,Muon + SFT (Mixed),3,k_proj,attn,model.layers.3.self_attn.k_proj.weight,393216,393188,28,7.120768229162966e-05,60553,332663,0.8460057576497396,181180,0.5392354329427083,49026,0.8753204345703125
muon_sft_mixed,Muon + SFT (Mixed),3,o_proj,attn,model.layers.3.self_attn.o_proj.weight,2359296,2359176,120,5.086263020837034e-05,386323,1972973,0.8362549675835503,792217,0.6642146640353732,273273,0.8841718037923177
muon_sft_mixed,Muon + SFT (Mixed),3,q_proj,attn,model.layers.3.self_attn.q_proj.weight,2359296,2358199,1097,0.00046496921115446455,271079,2088217,0.8851017422146268,570376,0.7582431369357638,162583,0.9310883416069878
muon_sft_mixed,Muon + SFT (Mixed),3,v_proj,attn,model.layers.3.self_attn.v_proj.weight,393216,393207,9,2.288818359375e-05,88636,304580,0.7745869954427084,191875,0.512036641438802,74259,0.8111495971679688
muon_sft_mixed,Muon + SFT (Mixed),4,down_proj,mlp,model.layers.4.mlp.down_proj.weight,13762560,13762099,461,3.349667503715903e-05,2612126,11150434,0.8102005731491815,6660663,0.5160302298409598,2126926,0.8454556419735864
muon_sft_mixed,Muon + SFT (Mixed),4,gate_proj,mlp,model.layers.4.mlp.gate_proj.weight,13762560,13761493,1067,7.752918061754155e-05,2104902,11657658,0.847055925641741,6068764,0.5590381440662202,1692904,0.8769920712425595
muon_sft_mixed,Muon + SFT (Mixed),4,up_proj,mlp,model.layers.4.mlp.up_proj.weight,13762560,13761946,614,4.461379278275501e-05,2483190,11279370,0.8195691789899553,6591676,0.5210428873697917,2007060,0.8541652134486607
muon_sft_mixed,Muon + SFT (Mixed),4,k_proj,attn,model.layers.4.self_attn.k_proj.weight,393216,393187,29,7.375081380212034e-05,60818,332398,0.8453318277994791,179017,0.5447362263997395,48480,0.876708984375
muon_sft_mixed,Muon + SFT (Mixed),4,o_proj,attn,model.layers.4.self_attn.o_proj.weight,2359296,2359178,118,5.0014919704910454e-05,370454,1988842,0.8429811265733507,814148,0.6549190945095487,263871,0.8881568908691406
muon_sft_mixed,Muon + SFT (Mixed),4,q_proj,attn,model.layers.4.self_attn.q_proj.weight,2359296,2359078,218,9.240044487845989e-05,244138,2115158,0.8965208265516493,514904,0.7817552354600694,141225,0.9401410420735677
muon_sft_mixed,Muon + SFT (Mixed),4,v_proj,attn,model.layers.4.self_attn.v_proj.weight,393216,393198,18,4.57763671875e-05,78940,314276,0.7992451985677084,200933,0.4890009562174479,66658,0.8304799397786459
muon_sft_mixed,Muon + SFT (Mixed),5,down_proj,mlp,model.layers.5.mlp.down_proj.weight,13762560,13762070,490,3.560384114587034e-05,2659631,11102929,0.8067488170805431,6646043,0.5170925322033111,2162896,0.842842029389881
muon_sft_mixed,Muon + SFT (Mixed),5,gate_proj,mlp,model.layers.5.mlp.gate_proj.weight,13762560,13757690,4870,0.00035385858444936247,2039792,11722768,0.8517868768601191,5786939,0.5795158022925968,1636583,0.8810844058082217
muon_sft_mixed,Muon + SFT (Mixed),5,up_proj,mlp,model.layers.5.mlp.up_proj.weight,13762560,13759552,3008,0.00021856398809527722,2532797,11229763,0.8159646897088914,6626179,0.5185358683268229,2053569,0.8507858276367187
muon_sft_mixed,Muon + SFT (Mixed),5,k_proj,attn,model.layers.5.self_attn.k_proj.weight,393216,393167,49,0.00012461344401037966,63903,329313,0.8374862670898438,185004,0.529510498046875,51884,0.8680521647135416
muon_sft_mixed,Muon + SFT (Mixed),5,o_proj,attn,model.layers.5.self_attn.o_proj.weight,2359296,2359192,104,4.408094618058023e-05,391608,1967688,0.834014892578125,880392,0.6268412272135417,282509,0.880257076687283
muon_sft_mixed,Muon + SFT (Mixed),5,q_proj,attn,model.layers.5.self_attn.q_proj.weight,2359296,2358188,1108,0.00046963161892366045,293283,2066013,0.8756904602050781,646529,0.7259652879503038,185863,0.9212209913465712
muon_sft_mixed,Muon + SFT (Mixed),5,v_proj,attn,model.layers.5.self_attn.v_proj.weight,393216,393196,20,5.086263020837034e-05,91414,301802,0.7675221761067709,204721,0.4793675740559896,77746,0.8022816975911459
muon_sft_mixed,Muon + SFT (Mixed),6,down_proj,mlp,model.layers.6.mlp.down_proj.weight,13762560,13762081,479,3.480457124260816e-05,2630065,11132495,0.8088971092587426,6656342,0.5163441975911458,2143828,0.8442275274367559
muon_sft_mixed,Muon + SFT (Mixed),6,gate_proj,mlp,model.layers.6.mlp.gate_proj.weight,13762560,13761250,1310,9.518577938982808e-05,2042397,11720163,0.8515975952148438,5916920,0.5700712658110119,1636894,0.8810618082682291
muon_sft_mixed,Muon + SFT (Mixed),6,up_proj,mlp,model.layers.6.mlp.up_proj.weight,13762560,13761970,590,4.286993117563753e-05,2511716,11250844,0.8174964541480655,6654794,0.5164566766648065,2040313,0.851749020531064
muon_sft_mixed,Muon + SFT (Mixed),6,k_proj,attn,model.layers.6.self_attn.k_proj.weight,393216,393179,37,9.409586588537966e-05,64680,328536,0.83551025390625,200609,0.4898249308268229,53745,0.8633193969726562
muon_sft_mixed,Muon + SFT (Mixed),6,o_proj,attn,model.layers.6.self_attn.o_proj.weight,2359296,2359191,105,4.450480143225466e-05,374196,1985100,0.8413950602213541,934354,0.6039691501193576,279249,0.8816388448079427
muon_sft_mixed,Muon + SFT (Mixed),6,q_proj,attn,model.layers.6.self_attn.q_proj.weight,2359296,2358463,833,0.00035307142469620523,300974,2058322,0.8724305894639757,719734,0.6949369642469618,200066,0.9152009752061632
muon_sft_mixed,Muon + SFT (Mixed),6,v_proj,attn,model.layers.6.self_attn.v_proj.weight,393216,393201,15,3.814697265625e-05,79593,313623,0.7975845336914062,211234,0.46280415852864587,68349,0.8261795043945312
muon_sft_mixed,Muon + SFT (Mixed),7,down_proj,mlp,model.layers.7.mlp.down_proj.weight,13762560,13762049,511,3.7129720052098136e-05,2573511,11189049,0.8130063738141741,6780886,0.5072947184244792,2112109,0.8465322585332962
muon_sft_mixed,Muon + SFT (Mixed),7,gate_proj,mlp,model.layers.7.mlp.gate_proj.weight,13762560,13760663,1897,0.00013783772786457593,2259237,11503323,0.835841805594308,6419753,0.5335349673316592,1848291,0.8657015119280134
muon_sft_mixed,Muon + SFT (Mixed),7,up_proj,mlp,model.layers.7.mlp.up_proj.weight,13762560,13761416,1144,8.312406994048782e-05,2470248,11292312,0.8205095563616072,6837630,0.5031716482979911,2029202,0.8525563557942708
muon_sft_mixed,Muon + SFT (Mixed),7,k_proj,attn,model.layers.7.self_attn.k_proj.weight,393216,393195,21,5.340576171875e-05,59285,333931,0.8492304484049479,190484,0.5155741373697917,48292,0.8771870930989584
muon_sft_mixed,Muon + SFT (Mixed),7,o_proj,attn,model.layers.7.self_attn.o_proj.weight,2359296,2359203,93,3.941853841149534e-05,396581,1962715,0.8319070604112413,959554,0.5932879977756076,295546,0.8747312757703993
muon_sft_mixed,Muon + SFT (Mixed),7,q_proj,attn,model.layers.7.self_attn.q_proj.weight,2359296,2359129,167,7.078382703995523e-05,271897,2087399,0.8847550286187066,668754,0.7165451049804688,173196,0.9265899658203125
muon_sft_mixed,Muon + SFT (Mixed),7,v_proj,attn,model.layers.7.self_attn.v_proj.weight,393216,393208,8,2.034505208337034e-05,88471,304745,0.7750066121419271,209576,0.46702067057291663,75291,0.8085250854492188
muon_sft_mixed,Muon + SFT (Mixed),8,down_proj,mlp,model.layers.8.mlp.down_proj.weight,13762560,13762055,505,3.6693754650318766e-05,2663193,11099367,0.806489998953683,6781312,0.5072637648809524,2185825,0.8411759876069569
muon_sft_mixed,Muon + SFT (Mixed),8,gate_proj,mlp,model.layers.8.mlp.gate_proj.weight,13762560,13761879,681,4.9482073102624646e-05,2276412,11486148,0.8345938546316964,6205274,0.5491192045665922,1858958,0.8649264381045387
muon_sft_mixed,Muon + SFT (Mixed),8,up_proj,mlp,model.layers.8.mlp.up_proj.weight,13762560,13762044,516,3.7493024553580945e-05,2538849,11223711,0.8155249459402902,6860019,0.5015448434012277,2090630,0.8480929420107887
muon_sft_mixed,Muon + SFT (Mixed),8,k_proj,attn,model.layers.8.self_attn.k_proj.weight,393216,393148,68,0.00017293294270837034,60361,332855,0.8464940388997396,202786,0.48428853352864587,50757,0.8709182739257812
muon_sft_mixed,Muon + SFT (Mixed),8,o_proj,attn,model.layers.8.self_attn.o_proj.weight,2359296,2359164,132,5.594889322912966e-05,381282,1978014,0.8383916219075521,924478,0.6081551445855035,281554,0.880661858452691
muon_sft_mixed,Muon + SFT (Mixed),8,q_proj,attn,model.layers.8.self_attn.q_proj.weight,2359296,2358145,1151,0.00048785739474821455,273388,2085908,0.8841230604383681,708161,0.6998422410753038,179392,0.9239637586805556
muon_sft_mixed,Muon + SFT (Mixed),8,v_proj,attn,model.layers.8.self_attn.v_proj.weight,393216,393202,14,3.560384114587034e-05,81644,311572,0.7923685709635416,216132,0.450347900390625,70060,0.8218282063802084
muon_sft_mixed,Muon + SFT (Mixed),9,down_proj,mlp,model.layers.9.mlp.down_proj.weight,13762560,13762079,481,3.4949893043201286e-05,2632783,11129777,0.8086996169317336,6874946,0.5004602341424851,2167941,0.8424754551478795
muon_sft_mixed,Muon + SFT (Mixed),9,gate_proj,mlp,model.layers.9.mlp.gate_proj.weight,13762560,13761592,968,7.033575148807092e-05,2295216,11467344,0.8332275390625,6397430,0.535156976609003,1876297,0.8636665707542783
muon_sft_mixed,Muon + SFT (Mixed),9,up_proj,mlp,model.layers.9.mlp.up_proj.weight,13762560,13761959,601,4.366920107889971e-05,2497671,11264889,0.8185169764927456,6885712,0.499677966889881,2056719,0.8505569458007812
muon_sft_mixed,Muon + SFT (Mixed),9,k_proj,attn,model.layers.9.self_attn.k_proj.weight,393216,393197,19,4.831949869787966e-05,65294,327922,0.8339487711588541,184036,0.5319722493489583,52229,0.8671747843424479
muon_sft_mixed,Muon + SFT (Mixed),9,o_proj,attn,model.layers.9.self_attn.o_proj.weight,2359296,2358342,954,0.00040435791015625,387046,1972250,0.8359485202365451,848619,0.6403083801269531,288489,0.877722422281901
muon_sft_mixed,Muon + SFT (Mixed),9,q_proj,attn,model.layers.9.self_attn.q_proj.weight,2359296,2358394,902,0.0003823174370659599,259959,2099337,0.8898150126139323,633393,0.7315330505371094,172000,0.9270968967013888
muon_sft_mixed,Muon + SFT (Mixed),9,v_proj,attn,model.layers.9.self_attn.v_proj.weight,393216,393206,10,2.543131510412966e-05,91331,301885,0.7677332560221354,200900,0.48908487955729163,75711,0.8074569702148438
