experiment,experiment_label,layer,component,type,param_name,condition_number_base,condition_number_exp,condition_number_diff,condition_number_log_ratio
adamw_sft,AdamW + SFT,-1,embed,embed,model.embed_tokens.weight,69.18641058154057,69.22686701598784,0.040456434447264655,0.00025387747538736387
adamw_sft,AdamW + SFT,0,down_proj,mlp,model.layers.0.mlp.down_proj.weight,10.546793843948734,10.547550969526203,0.0007571255774685426,3.117569788974056e-05
adamw_sft,AdamW + SFT,0,gate_proj,mlp,model.layers.0.mlp.gate_proj.weight,50.790417231602824,50.78015043606166,-0.010266795541163276,-8.779733672712763e-05
adamw_sft,AdamW + SFT,0,up_proj,mlp,model.layers.0.mlp.up_proj.weight,30.557746350661454,30.56360079477191,0.00585444411045799,8.319688286678641e-05
adamw_sft,AdamW + SFT,0,k_proj,attn,model.layers.0.self_attn.k_proj.weight,18.73935745084044,18.74300341265581,0.0036459618153692475,8.44888670916664e-05
adamw_sft,AdamW + SFT,0,o_proj,attn,model.layers.0.self_attn.o_proj.weight,38555.79005042446,25054.216605317386,-13501.573445107075,-0.18720877894165214
adamw_sft,AdamW + SFT,0,q_proj,attn,model.layers.0.self_attn.q_proj.weight,184976.8751259078,183015.3000035588,-1961.5751223489933,-0.004630040407570322
adamw_sft,AdamW + SFT,0,v_proj,attn,model.layers.0.self_attn.v_proj.weight,7.7755061789352835,7.780100521094947,0.004594342159663256,0.00025653740730422945
adamw_sft,AdamW + SFT,1,down_proj,mlp,model.layers.1.mlp.down_proj.weight,8.998430005007657,8.998641553112952,0.00021154810529466772,1.020990270486844e-05
adamw_sft,AdamW + SFT,1,gate_proj,mlp,model.layers.1.mlp.gate_proj.weight,33.91668364456576,33.91523409046388,-0.0014495541018746394,-1.8561567143623318e-05
adamw_sft,AdamW + SFT,1,up_proj,mlp,model.layers.1.mlp.up_proj.weight,37.735381088331756,37.73384517559632,-0.0015359127354344082,-1.767709724341587e-05
adamw_sft,AdamW + SFT,1,k_proj,attn,model.layers.1.self_attn.k_proj.weight,30.087513316132128,30.090639837309695,0.0031265211775668433,4.5127037804897725e-05
adamw_sft,AdamW + SFT,1,o_proj,attn,model.layers.1.self_attn.o_proj.weight,49034.98587834326,141490.49078460218,92455.50490625892,0.46022119845247633
adamw_sft,AdamW + SFT,1,q_proj,attn,model.layers.1.self_attn.q_proj.weight,1074758.1049613138,776515.0262300393,-298243.07873127447,-0.14116086478548012
adamw_sft,AdamW + SFT,1,v_proj,attn,model.layers.1.self_attn.v_proj.weight,3.341969736117407,3.3416027819203618,-0.00036695419704546595,-4.768892164124701e-05
adamw_sft,AdamW + SFT,10,down_proj,mlp,model.layers.10.mlp.down_proj.weight,13.491719978091211,13.491188053911493,-0.0005319241797181462,-1.7122819808653986e-05
adamw_sft,AdamW + SFT,10,gate_proj,mlp,model.layers.10.mlp.gate_proj.weight,16.210019773701827,16.20974160047607,-0.000278173225755296,-7.452806056601402e-06
adamw_sft,AdamW + SFT,10,up_proj,mlp,model.layers.10.mlp.up_proj.weight,8.538043575643336,8.53786205550966,-0.0001815201336761163,-9.233266347995376e-06
adamw_sft,AdamW + SFT,10,k_proj,attn,model.layers.10.self_attn.k_proj.weight,24.034098760920294,24.028438823600766,-0.0056599373195282965,-0.00010228671562878155
adamw_sft,AdamW + SFT,10,o_proj,attn,model.layers.10.self_attn.o_proj.weight,15508.710116684786,14770.14408348888,-738.5660331959061,-0.02119094647759882
adamw_sft,AdamW + SFT,10,q_proj,attn,model.layers.10.self_attn.q_proj.weight,12813.850813777506,12892.372293099808,78.52147932230218,0.0026531747662379888
adamw_sft,AdamW + SFT,10,v_proj,attn,model.layers.10.self_attn.v_proj.weight,3.2994636012714755,3.299323177650804,-0.0001404236206714593,-1.8483762436578684e-05
adamw_sft,AdamW + SFT,11,down_proj,mlp,model.layers.11.mlp.down_proj.weight,16.054627449194015,16.053273878281725,-0.0013535709122898254,-3.661705400330495e-05
adamw_sft,AdamW + SFT,11,gate_proj,mlp,model.layers.11.mlp.gate_proj.weight,13.225697438590451,13.225223220435234,-0.00047421815521708766,-1.5572261601462436e-05
adamw_sft,AdamW + SFT,11,up_proj,mlp,model.layers.11.mlp.up_proj.weight,6.605510357941471,6.605378883032893,-0.0001314749085778999,-8.644206497288141e-06
adamw_sft,AdamW + SFT,11,k_proj,attn,model.layers.11.self_attn.k_proj.weight,21.610944081803808,21.613438976503268,0.0024948946994598487,5.0134619649644284e-05
adamw_sft,AdamW + SFT,11,o_proj,attn,model.layers.11.self_attn.o_proj.weight,139258.46738802953,779527.3822974947,640268.9149094651,0.7480097639365737
adamw_sft,AdamW + SFT,11,q_proj,attn,model.layers.11.self_attn.q_proj.weight,28543.812668067454,23966.485407705542,-4577.327260361912,-0.07590763134893978
adamw_sft,AdamW + SFT,11,v_proj,attn,model.layers.11.self_attn.v_proj.weight,2.8678401021237847,2.8679005804259283,6.047830214361838e-05,9.158500828621458e-06
adamw_sft,AdamW + SFT,12,down_proj,mlp,model.layers.12.mlp.down_proj.weight,14.145448240851502,14.146124707921615,0.0006764670701127073,2.0768439869173124e-05
adamw_sft,AdamW + SFT,12,gate_proj,mlp,model.layers.12.mlp.gate_proj.weight,18.888272791501652,18.889054460449653,0.0007816689480009131,1.797239431870942e-05
adamw_sft,AdamW + SFT,12,up_proj,mlp,model.layers.12.mlp.up_proj.weight,8.061255117094625,8.060829478036467,-0.000425639058157401,-2.2931611999992616e-05
adamw_sft,AdamW + SFT,12,k_proj,attn,model.layers.12.self_attn.k_proj.weight,20.867707840632306,20.877121843157205,0.00941400252489899,0.00019587812188785297
adamw_sft,AdamW + SFT,12,o_proj,attn,model.layers.12.self_attn.o_proj.weight,102000.14319866779,47433.68442169494,-54566.45877697285,-0.33251392159132603
adamw_sft,AdamW + SFT,12,q_proj,attn,model.layers.12.self_attn.q_proj.weight,14798.684955393119,18576.13209558939,3777.447140196271,0.09873216597033276
adamw_sft,AdamW + SFT,12,v_proj,attn,model.layers.12.self_attn.v_proj.weight,2.550671517667282,2.550816732230239,0.00014521456295701896,2.4724504031709425e-05
adamw_sft,AdamW + SFT,13,down_proj,mlp,model.layers.13.mlp.down_proj.weight,30.005646690345184,30.00410011207265,-0.0015465782725350152,-2.2385377227238246e-05
adamw_sft,AdamW + SFT,13,gate_proj,mlp,model.layers.13.mlp.gate_proj.weight,12.316046719506732,12.316801992473374,0.0007552729666429059,2.6631989314929403e-05
adamw_sft,AdamW + SFT,13,up_proj,mlp,model.layers.13.mlp.up_proj.weight,6.311217662216599,6.311157415237879,-6.0246978719646904e-05,-4.145801443671229e-06
adamw_sft,AdamW + SFT,13,k_proj,attn,model.layers.13.self_attn.k_proj.weight,41.906820743475016,41.94160277032601,0.03478202685099063,0.0003603083412713052
adamw_sft,AdamW + SFT,13,o_proj,attn,model.layers.13.self_attn.o_proj.weight,9641.296136551193,9804.447645877155,163.15150932596225,0.007287709194913771
adamw_sft,AdamW + SFT,13,q_proj,attn,model.layers.13.self_attn.q_proj.weight,57124.68510683214,206552.11794434552,149427.4328375134,0.5582058334178988
adamw_sft,AdamW + SFT,13,v_proj,attn,model.layers.13.self_attn.v_proj.weight,3.7001013163270056,3.7002302859890692,0.00012896966206366045,1.5137379129144163e-05
adamw_sft,AdamW + SFT,14,down_proj,mlp,model.layers.14.mlp.down_proj.weight,12.14858893422566,12.147831749859497,-0.0007571843661633437,-2.706908942598119e-05
adamw_sft,AdamW + SFT,14,gate_proj,mlp,model.layers.14.mlp.gate_proj.weight,13.416229041756727,13.416391513486408,0.0001624717296806466,5.259313045541368e-06
adamw_sft,AdamW + SFT,14,up_proj,mlp,model.layers.14.mlp.up_proj.weight,6.92702720942221,6.926948569727838,-7.863969437238438e-05,-4.930394836719549e-06
adamw_sft,AdamW + SFT,14,k_proj,attn,model.layers.14.self_attn.k_proj.weight,23.136335100841148,23.133789421657593,-0.002545679183555194,-4.778783003670512e-05
adamw_sft,AdamW + SFT,14,o_proj,attn,model.layers.14.self_attn.o_proj.weight,6453.263467239998,6814.794031195862,361.5305639558637,0.023673337950206597
adamw_sft,AdamW + SFT,14,q_proj,attn,model.layers.14.self_attn.q_proj.weight,12016.462412922161,12716.964313127513,700.5019002053523,0.02460682021818794
adamw_sft,AdamW + SFT,14,v_proj,attn,model.layers.14.self_attn.v_proj.weight,6.809948120874071,6.80842094277884,-0.0015271780952312852,-9.74044717575975e-05
adamw_sft,AdamW + SFT,15,down_proj,mlp,model.layers.15.mlp.down_proj.weight,12.83113835849419,12.831817215699537,0.0006788572053473274,2.2976616040905925e-05
adamw_sft,AdamW + SFT,15,gate_proj,mlp,model.layers.15.mlp.gate_proj.weight,16.831657108500657,16.830838282008507,-0.0008188264921500377,-2.1128072837236495e-05
adamw_sft,AdamW + SFT,15,up_proj,mlp,model.layers.15.mlp.up_proj.weight,9.399973299687645,9.40053152087406,0.0005582211864147979,2.578998631437847e-05
adamw_sft,AdamW + SFT,15,k_proj,attn,model.layers.15.self_attn.k_proj.weight,25.442585553328566,25.46639873292701,0.02381317959844509,0.00040629108576569454
adamw_sft,AdamW + SFT,15,o_proj,attn,model.layers.15.self_attn.o_proj.weight,29248.74824238646,45998.52111072128,16749.77286833482,0.19663658465997091
adamw_sft,AdamW + SFT,15,q_proj,attn,model.layers.15.self_attn.q_proj.weight,23869.157071525828,26554.62698572082,2685.469914194993,0.04630312287539077
adamw_sft,AdamW + SFT,15,v_proj,attn,model.layers.15.self_attn.v_proj.weight,3.3575600712900404,3.3575565639835947,-3.507306445715841e-06,-4.536641486697491e-07
adamw_sft,AdamW + SFT,16,down_proj,mlp,model.layers.16.mlp.down_proj.weight,9.686499227673869,9.68637393330681,-0.0001252943670593254,-5.617613017529949e-06
adamw_sft,AdamW + SFT,16,gate_proj,mlp,model.layers.16.mlp.gate_proj.weight,12.919883539201004,12.918876538977091,-0.0010070002239128684,-3.385105472701947e-05
adamw_sft,AdamW + SFT,16,up_proj,mlp,model.layers.16.mlp.up_proj.weight,6.159145316251316,6.159326216926931,0.0001809006756143816,1.2755505418947373e-05
adamw_sft,AdamW + SFT,16,k_proj,attn,model.layers.16.self_attn.k_proj.weight,20.671141321487564,20.665654742633354,-0.005486578854210222,-0.00011528667733257485
adamw_sft,AdamW + SFT,16,o_proj,attn,model.layers.16.self_attn.o_proj.weight,41529.00729033527,43442.745687893206,1913.738397557936,0.019565716067031714
adamw_sft,AdamW + SFT,16,q_proj,attn,model.layers.16.self_attn.q_proj.weight,103943.38985456145,91731.7820586503,-12211.607795911157,-0.054277045590814005
adamw_sft,AdamW + SFT,16,v_proj,attn,model.layers.16.self_attn.v_proj.weight,2.78870242790059,2.7888099683345082,0.00010754043391836277,1.6747328816205408e-05
adamw_sft,AdamW + SFT,17,down_proj,mlp,model.layers.17.mlp.down_proj.weight,6.7996349709306605,6.79928414160518,-0.00035082932548036183,-2.240813978211485e-05
adamw_sft,AdamW + SFT,17,gate_proj,mlp,model.layers.17.mlp.gate_proj.weight,17.968770886906377,17.969127130811778,0.0003562439054007882,8.61011750085058e-06
adamw_sft,AdamW + SFT,17,up_proj,mlp,model.layers.17.mlp.up_proj.weight,12.572357420855843,12.57280272689324,0.0004453060373972306,1.5382201082315606e-05
adamw_sft,AdamW + SFT,17,k_proj,attn,model.layers.17.self_attn.k_proj.weight,15.488632202364206,15.488614408163711,-1.7794200495302448e-05,-4.989418964303305e-07
adamw_sft,AdamW + SFT,17,o_proj,attn,model.layers.17.self_attn.o_proj.weight,57591.66094582242,42514.79029793104,-15076.870647891381,-0.13181956249875948
adamw_sft,AdamW + SFT,17,q_proj,attn,model.layers.17.self_attn.q_proj.weight,13024.993728263826,12699.54898469162,-325.44474357220497,-0.010989225277066068
adamw_sft,AdamW + SFT,17,v_proj,attn,model.layers.17.self_attn.v_proj.weight,4.045377579425002,4.045238042484059,-0.0001395369409431524,-1.4980349162862032e-05
adamw_sft,AdamW + SFT,18,down_proj,mlp,model.layers.18.mlp.down_proj.weight,6.643981466821017,6.64398504663892,3.5798179034429722e-06,2.340004634987101e-07
adamw_sft,AdamW + SFT,18,gate_proj,mlp,model.layers.18.mlp.gate_proj.weight,18.455846043796296,18.45451760683005,-0.0013284369662471818,-3.126129288282488e-05
adamw_sft,AdamW + SFT,18,up_proj,mlp,model.layers.18.mlp.up_proj.weight,10.672724442726581,10.67289966948625,0.00017522675966930024,7.1302684248382526e-06
adamw_sft,AdamW + SFT,18,k_proj,attn,model.layers.18.self_attn.k_proj.weight,22.852605445749074,22.87328358129289,0.02067813554381459,0.00039279283425570677
adamw_sft,AdamW + SFT,18,o_proj,attn,model.layers.18.self_attn.o_proj.weight,21937.349567301397,13692.623481826215,-8244.726085475182,-0.20469748955712694
adamw_sft,AdamW + SFT,18,q_proj,attn,model.layers.18.self_attn.q_proj.weight,33741.713223670544,23956.000459733244,-9785.7127639373,-0.14875281721654618
adamw_sft,AdamW + SFT,18,v_proj,attn,model.layers.18.self_attn.v_proj.weight,2.1434580875579408,2.1432101625723234,-0.00024792498561732046,-5.023596276491788e-05
adamw_sft,AdamW + SFT,19,down_proj,mlp,model.layers.19.mlp.down_proj.weight,7.114441587440737,7.114373464477529,-6.812296320823918e-05,-4.158522955637089e-06
adamw_sft,AdamW + SFT,19,gate_proj,mlp,model.layers.19.mlp.gate_proj.weight,18.805480505433707,18.804314425321433,-0.0011660801122737041,-2.6930333404473623e-05
adamw_sft,AdamW + SFT,19,up_proj,mlp,model.layers.19.mlp.up_proj.weight,10.390484231630769,10.389844563965994,-0.0006396676647746347,-2.6737222484177225e-05
adamw_sft,AdamW + SFT,19,k_proj,attn,model.layers.19.self_attn.k_proj.weight,22.401692950673606,22.398528977777175,-0.003163972896430778,-6.134326630303113e-05
adamw_sft,AdamW + SFT,19,o_proj,attn,model.layers.19.self_attn.o_proj.weight,24022.826455842358,20307.564981606654,-3715.2614742357036,-0.07296625230254339
adamw_sft,AdamW + SFT,19,q_proj,attn,model.layers.19.self_attn.q_proj.weight,25682.89091427411,22647.03441728415,-3035.85649698996,-0.054632567047895195
adamw_sft,AdamW + SFT,19,v_proj,attn,model.layers.19.self_attn.v_proj.weight,3.008918396896258,3.009118911586948,0.00020051469069004568,2.894047320599849e-05
adamw_sft,AdamW + SFT,2,down_proj,mlp,model.layers.2.mlp.down_proj.weight,13.20255066881167,13.204435808499948,0.0018851396882784144,6.20067546389586e-05
adamw_sft,AdamW + SFT,2,gate_proj,mlp,model.layers.2.mlp.gate_proj.weight,17.38657445257771,17.384878106176973,-0.0016963464007382356,-4.237463940149643e-05
adamw_sft,AdamW + SFT,2,up_proj,mlp,model.layers.2.mlp.up_proj.weight,8.916099391549464,8.913353118018163,-0.002746273531300858,-0.00013378890341510076
adamw_sft,AdamW + SFT,2,k_proj,attn,model.layers.2.self_attn.k_proj.weight,17.246031056628958,17.24589048267197,-0.00014057395698685582,-3.539987979469877e-06
adamw_sft,AdamW + SFT,2,o_proj,attn,model.layers.2.self_attn.o_proj.weight,31093.030750193404,28771.06184985826,-2321.968900335145,-0.03370716572439362
adamw_sft,AdamW + SFT,2,q_proj,attn,model.layers.2.self_attn.q_proj.weight,24610.069351651575,25772.72766169542,1162.6583100438438,0.020047547070396726
adamw_sft,AdamW + SFT,2,v_proj,attn,model.layers.2.self_attn.v_proj.weight,3.1911166787384015,3.1917619826736288,0.000645303935227215,8.781365087474304e-05
adamw_sft,AdamW + SFT,20,down_proj,mlp,model.layers.20.mlp.down_proj.weight,7.516513788547348,7.5165615373995385,4.7748852190387936e-05,2.758858393808654e-06
adamw_sft,AdamW + SFT,20,gate_proj,mlp,model.layers.20.mlp.gate_proj.weight,19.204884886797178,19.206260251529596,0.0013753647324179497,3.1101041741829014e-05
adamw_sft,AdamW + SFT,20,up_proj,mlp,model.layers.20.mlp.up_proj.weight,11.187456334212877,11.186828483327579,-0.0006278508852979314,-2.437371091306184e-05
adamw_sft,AdamW + SFT,20,k_proj,attn,model.layers.20.self_attn.k_proj.weight,22.072850031907265,22.078671772992948,0.0058217410856826746,0.00011453059554356771
adamw_sft,AdamW + SFT,20,o_proj,attn,model.layers.20.self_attn.o_proj.weight,123534.76145527787,53204.43184242886,-70330.32961284902,-0.365841371123631
adamw_sft,AdamW + SFT,20,q_proj,attn,model.layers.20.self_attn.q_proj.weight,9243.896257866112,9066.877972579905,-177.01828528620717,-0.008397292070156845
adamw_sft,AdamW + SFT,20,v_proj,attn,model.layers.20.self_attn.v_proj.weight,6.942409244310096,6.941055946225163,-0.001353298084933563,-8.466616719276983e-05
adamw_sft,AdamW + SFT,21,down_proj,mlp,model.layers.21.mlp.down_proj.weight,9.390981919055381,9.389837733577496,-0.0011441854778855287,-5.291711960662893e-05
adamw_sft,AdamW + SFT,21,gate_proj,mlp,model.layers.21.mlp.gate_proj.weight,17.629945642520745,17.62997613612335,3.0493602604764192e-05,7.511759911004437e-07
adamw_sft,AdamW + SFT,21,up_proj,mlp,model.layers.21.mlp.up_proj.weight,8.16699577216017,8.167666386809497,0.0006706146493264953,3.5659659075325205e-05
adamw_sft,AdamW + SFT,21,k_proj,attn,model.layers.21.self_attn.k_proj.weight,29.992183020775197,30.018679243928528,0.026496223153330334,0.0003835027133507416
adamw_sft,AdamW + SFT,21,o_proj,attn,model.layers.21.self_attn.o_proj.weight,298850.6543733745,146176.2683681241,-152674.3860052504,-0.3105773402275269
adamw_sft,AdamW + SFT,21,q_proj,attn,model.layers.21.self_attn.q_proj.weight,14032.644030663625,13847.446523774537,-185.1975068890879,-0.0057698118423110435
adamw_sft,AdamW + SFT,21,v_proj,attn,model.layers.21.self_attn.v_proj.weight,4.366601968716395,4.364276675096358,-0.0023252936200375274,-0.000231331175947505
adamw_sft,AdamW + SFT,22,down_proj,mlp,model.layers.22.mlp.down_proj.weight,9.904782336268656,9.904217492605616,-0.0005648436630405484,-2.476737727114873e-05
adamw_sft,AdamW + SFT,22,gate_proj,mlp,model.layers.22.mlp.gate_proj.weight,22.904187063530273,22.903696428662077,-0.000490634868196338,-9.303202839832562e-06
adamw_sft,AdamW + SFT,22,up_proj,mlp,model.layers.22.mlp.up_proj.weight,12.79968858450657,12.799668542679447,-2.0041827124117617e-05,-6.800213680433625e-07
adamw_sft,AdamW + SFT,22,k_proj,attn,model.layers.22.self_attn.k_proj.weight,20.39377999771742,20.39658527418297,0.0028052764655512874,5.973548326925849e-05
adamw_sft,AdamW + SFT,22,o_proj,attn,model.layers.22.self_attn.o_proj.weight,35374.77308841131,40965.750538015505,5590.977449604194,0.06372725326719489
adamw_sft,AdamW + SFT,22,q_proj,attn,model.layers.22.self_attn.q_proj.weight,47977.340735145204,51017.1852868474,3039.8445517021974,0.026680321664850785
adamw_sft,AdamW + SFT,22,v_proj,attn,model.layers.22.self_attn.v_proj.weight,5.233505964972921,5.233205554684312,-0.00030041028860949837,-2.4929803490042764e-05
adamw_sft,AdamW + SFT,23,down_proj,mlp,model.layers.23.mlp.down_proj.weight,11.80645745879601,11.806389860484328,-6.759831168068331e-05,-2.4865763414409498e-06
adamw_sft,AdamW + SFT,23,gate_proj,mlp,model.layers.23.mlp.gate_proj.weight,19.84423847022627,19.842759179631244,-0.0014792905950251622,-3.2375729125031606e-05
adamw_sft,AdamW + SFT,23,up_proj,mlp,model.layers.23.mlp.up_proj.weight,10.79189058648552,10.79316159368976,0.0012710072042398934,5.114571058631742e-05
adamw_sft,AdamW + SFT,23,k_proj,attn,model.layers.23.self_attn.k_proj.weight,16.001526800630636,16.002624880540207,0.0010980799095712257,2.9801761368603128e-05
adamw_sft,AdamW + SFT,23,o_proj,attn,model.layers.23.self_attn.o_proj.weight,13053.866526333686,11963.549460677923,-1090.3170656557631,-0.03787911836641053
adamw_sft,AdamW + SFT,23,q_proj,attn,model.layers.23.self_attn.q_proj.weight,764874.9518123881,377668.5584125123,-387206.39339987584,-0.3064796083089908
adamw_sft,AdamW + SFT,23,v_proj,attn,model.layers.23.self_attn.v_proj.weight,4.042193780833294,4.042268506544067,7.472571077293821e-05,8.028478009409505e-06
adamw_sft,AdamW + SFT,24,down_proj,mlp,model.layers.24.mlp.down_proj.weight,10.013056479364716,10.01194680334923,-0.0011096760154849505,-4.813244361711692e-05
adamw_sft,AdamW + SFT,24,gate_proj,mlp,model.layers.24.mlp.gate_proj.weight,21.0475855955308,21.047431943644494,-0.0001536518863076708,-3.1704543795589623e-06
adamw_sft,AdamW + SFT,24,up_proj,mlp,model.layers.24.mlp.up_proj.weight,13.895235392599337,13.895860685155446,0.0006252925561085476,1.9543029607678802e-05
adamw_sft,AdamW + SFT,24,k_proj,attn,model.layers.24.self_attn.k_proj.weight,31.211181081905732,31.249644644910347,0.03846356300461551,0.0005348797453247804
adamw_sft,AdamW + SFT,24,o_proj,attn,model.layers.24.self_attn.o_proj.weight,13596.107700858232,13633.164103897489,37.05640303925611,0.0011820662270981474
adamw_sft,AdamW + SFT,24,q_proj,attn,model.layers.24.self_attn.q_proj.weight,119825.2524376554,164010.60513695134,44185.35269929594,0.13632357839667508
adamw_sft,AdamW + SFT,24,v_proj,attn,model.layers.24.self_attn.v_proj.weight,3.6003445004354857,3.5991915647414228,-0.0011529356940629398,-0.00013909607776614908
adamw_sft,AdamW + SFT,25,down_proj,mlp,model.layers.25.mlp.down_proj.weight,9.428473935149443,9.427316209848113,-0.0011577253013292932,-5.333043130969692e-05
adamw_sft,AdamW + SFT,25,gate_proj,mlp,model.layers.25.mlp.gate_proj.weight,21.338091581274373,21.340007001734385,0.0019154204600120295,3.898283027999112e-05
adamw_sft,AdamW + SFT,25,up_proj,mlp,model.layers.25.mlp.up_proj.weight,18.112209505291784,18.11307299916157,0.0008634938697866801,2.0704358776570566e-05
adamw_sft,AdamW + SFT,25,k_proj,attn,model.layers.25.self_attn.k_proj.weight,22.462953951457504,22.43363117097219,-0.02932278048531245,-0.0005672914113546733
adamw_sft,AdamW + SFT,25,o_proj,attn,model.layers.25.self_attn.o_proj.weight,16296.613319126418,16655.664025528804,359.0507064023859,0.009464590891819273
adamw_sft,AdamW + SFT,25,q_proj,attn,model.layers.25.self_attn.q_proj.weight,24555.210708810777,20208.0690875612,-4347.141621249575,-0.08461884718986754
adamw_sft,AdamW + SFT,25,v_proj,attn,model.layers.25.self_attn.v_proj.weight,4.337190824833435,4.337092283899656,-9.854093377903439e-05,-9.867278539855366e-06
adamw_sft,AdamW + SFT,26,down_proj,mlp,model.layers.26.mlp.down_proj.weight,8.741682232718533,8.741258819718984,-0.0004234129995488445,-2.1036040647246412e-05
adamw_sft,AdamW + SFT,26,gate_proj,mlp,model.layers.26.mlp.gate_proj.weight,20.0336868429297,20.033295830840693,-0.000391012089007603,-8.476525123010164e-06
adamw_sft,AdamW + SFT,26,up_proj,mlp,model.layers.26.mlp.up_proj.weight,18.54966977174175,18.548969098137007,-0.0007006736047436846,-1.640484338303138e-05
adamw_sft,AdamW + SFT,26,k_proj,attn,model.layers.26.self_attn.k_proj.weight,18.924022446774764,18.935771527067146,0.01174908029238253,0.0002695503787340772
adamw_sft,AdamW + SFT,26,o_proj,attn,model.layers.26.self_attn.o_proj.weight,32723.99759321507,30085.332408056816,-2638.6651851582537,-0.0365115377428618
adamw_sft,AdamW + SFT,26,q_proj,attn,model.layers.26.self_attn.q_proj.weight,48120.87790718429,39323.93749177265,-8796.940415411635,-0.0876765448291164
adamw_sft,AdamW + SFT,26,v_proj,attn,model.layers.26.self_attn.v_proj.weight,4.835564685889436,4.834969274185213,-0.0005954117042223928,-5.3478746674923895e-05
adamw_sft,AdamW + SFT,27,down_proj,mlp,model.layers.27.mlp.down_proj.weight,11.983131396493501,11.984317836425253,0.001186439931752048,4.299700905866644e-05
adamw_sft,AdamW + SFT,27,gate_proj,mlp,model.layers.27.mlp.gate_proj.weight,34.01131673372879,34.01157192013584,0.00025518640705257667,3.2584928583195126e-06
adamw_sft,AdamW + SFT,27,up_proj,mlp,model.layers.27.mlp.up_proj.weight,27.05991417573715,27.060782304145157,0.0008681284080083174,1.393268755711182e-05
adamw_sft,AdamW + SFT,27,k_proj,attn,model.layers.27.self_attn.k_proj.weight,16.960271595775623,16.951221174781768,-0.009050420993855113,-0.00023181214796098344
adamw_sft,AdamW + SFT,27,o_proj,attn,model.layers.27.self_attn.o_proj.weight,99634.79632267175,107223.94523927418,7589.148916602426,0.03188074544492362
adamw_sft,AdamW + SFT,27,q_proj,attn,model.layers.27.self_attn.q_proj.weight,91711.44628086085,58230.99990883636,-33480.44637202449,-0.19726929465867613
adamw_sft,AdamW + SFT,27,v_proj,attn,model.layers.27.self_attn.v_proj.weight,7.853791579470053,7.853856011561068,6.443209101547609e-05,3.5629143604992173e-06
adamw_sft,AdamW + SFT,3,down_proj,mlp,model.layers.3.mlp.down_proj.weight,10.758270959803003,10.757898878578478,-0.00037208122452447867,-1.5020593707936741e-05
adamw_sft,AdamW + SFT,3,gate_proj,mlp,model.layers.3.mlp.gate_proj.weight,13.999766940935217,14.000147721962774,0.00038078102755711996,1.1812257364590536e-05
adamw_sft,AdamW + SFT,3,up_proj,mlp,model.layers.3.mlp.up_proj.weight,7.592358408260811,7.592179976904633,-0.00017843135617745531,-1.020666567851147e-05
adamw_sft,AdamW + SFT,3,k_proj,attn,model.layers.3.self_attn.k_proj.weight,15.502942945207748,15.488213791986372,-0.014729153221376023,-0.00041281391998589095
adamw_sft,AdamW + SFT,3,o_proj,attn,model.layers.3.self_attn.o_proj.weight,16528.241725287102,18494.63553523329,1966.3938099461884,0.04881912153382618
adamw_sft,AdamW + SFT,3,q_proj,attn,model.layers.3.self_attn.q_proj.weight,75355.26316454641,138037.22588416305,62681.96271961664,0.26288263187762356
adamw_sft,AdamW + SFT,3,v_proj,attn,model.layers.3.self_attn.v_proj.weight,3.891617107326821,3.890982581309611,-0.0006345260172100353,-7.081724861458599e-05
adamw_sft,AdamW + SFT,4,down_proj,mlp,model.layers.4.mlp.down_proj.weight,11.15720155550664,11.157780237494551,0.0005786819879105565,2.252463358598282e-05
adamw_sft,AdamW + SFT,4,gate_proj,mlp,model.layers.4.mlp.gate_proj.weight,17.495981170242754,17.49611256930404,0.0001313990612850091,3.261644625676364e-06
adamw_sft,AdamW + SFT,4,up_proj,mlp,model.layers.4.mlp.up_proj.weight,8.782003015120793,8.780168700338976,-0.0018343147818171701,-9.072144420641381e-05
adamw_sft,AdamW + SFT,4,k_proj,attn,model.layers.4.self_attn.k_proj.weight,23.93670634239095,23.94614907439205,0.009442732001101461,0.00017128997089398368
adamw_sft,AdamW + SFT,4,o_proj,attn,model.layers.4.self_attn.o_proj.weight,8582.208719375358,8514.258238638047,-67.9504807373105,-0.0034522541168966734
adamw_sft,AdamW + SFT,4,q_proj,attn,model.layers.4.self_attn.q_proj.weight,19385.367499083055,18807.192694840378,-578.174804242677,-0.013150064302581642
adamw_sft,AdamW + SFT,4,v_proj,attn,model.layers.4.self_attn.v_proj.weight,3.7875720759658726,3.7876897400416185,0.00011766407574587134,1.3491509616432897e-05
adamw_sft,AdamW + SFT,5,down_proj,mlp,model.layers.5.mlp.down_proj.weight,12.388049471794826,12.390060567971831,0.002011096177005456,7.049835300326125e-05
adamw_sft,AdamW + SFT,5,gate_proj,mlp,model.layers.5.mlp.gate_proj.weight,20.634483011844836,20.63537513134398,0.0008921194991451387,1.8776055609101933e-05
adamw_sft,AdamW + SFT,5,up_proj,mlp,model.layers.5.mlp.up_proj.weight,8.094579137228608,8.094790237103114,0.00021109987450529388,1.1325890281872557e-05
adamw_sft,AdamW + SFT,5,k_proj,attn,model.layers.5.self_attn.k_proj.weight,22.35050954040556,22.35837695421682,0.007867413811258217,0.0001528454277543882
adamw_sft,AdamW + SFT,5,o_proj,attn,model.layers.5.self_attn.o_proj.weight,14934.50156341116,15167.572719607162,233.07115619600154,0.006725353134667747
adamw_sft,AdamW + SFT,5,q_proj,attn,model.layers.5.self_attn.q_proj.weight,14969.234018258956,15287.675361977637,318.4413437186813,0.009141873893367571
adamw_sft,AdamW + SFT,5,v_proj,attn,model.layers.5.self_attn.v_proj.weight,3.3558693468749854,3.356058843741598,0.0001894968666125152,2.4522742553948034e-05
adamw_sft,AdamW + SFT,6,down_proj,mlp,model.layers.6.mlp.down_proj.weight,9.162314837809912,9.162387741751921,7.29039420086508e-05,3.4556391391468562e-06
adamw_sft,AdamW + SFT,6,gate_proj,mlp,model.layers.6.mlp.gate_proj.weight,19.228406692239826,19.22574497504763,-0.0026617171921969884,-6.01219395401581e-05
adamw_sft,AdamW + SFT,6,up_proj,mlp,model.layers.6.mlp.up_proj.weight,7.421489572866498,7.420267672907562,-0.001221899958935957,-7.150964700675633e-05
adamw_sft,AdamW + SFT,6,k_proj,attn,model.layers.6.self_attn.k_proj.weight,22.193674123897594,22.20289067167465,0.009216547777054274,0.00018031556800406952
adamw_sft,AdamW + SFT,6,o_proj,attn,model.layers.6.self_attn.o_proj.weight,70513.61868597266,123029.65371583182,52516.035029859166,0.24173679883377266
adamw_sft,AdamW + SFT,6,q_proj,attn,model.layers.6.self_attn.q_proj.weight,18604.75910456698,18041.050264488335,-563.7088400786452,-0.013362234615971443
adamw_sft,AdamW + SFT,6,v_proj,attn,model.layers.6.self_attn.v_proj.weight,3.2802787964379356,3.2801524830096587,-0.00012631342827695846,-1.6723664210797812e-05
adamw_sft,AdamW + SFT,7,down_proj,mlp,model.layers.7.mlp.down_proj.weight,7.967968298583799,7.968342345272775,0.00037404668897522697,2.0386953625094728e-05
adamw_sft,AdamW + SFT,7,gate_proj,mlp,model.layers.7.mlp.gate_proj.weight,16.82272426896548,16.822767986032456,4.371706697625655e-05,1.1285958195066827e-06
adamw_sft,AdamW + SFT,7,up_proj,mlp,model.layers.7.mlp.up_proj.weight,8.451906164480205,8.452057650649172,0.00015148616896709655,7.783926656304146e-06
adamw_sft,AdamW + SFT,7,k_proj,attn,model.layers.7.self_attn.k_proj.weight,30.442592542837964,30.463392667212293,0.020800124374328988,0.0002966335593688123
adamw_sft,AdamW + SFT,7,o_proj,attn,model.layers.7.self_attn.o_proj.weight,9457.463639954845,9388.002632960899,-69.46100699394628,-0.003201477556036055
adamw_sft,AdamW + SFT,7,q_proj,attn,model.layers.7.self_attn.q_proj.weight,9030.470682093728,9159.497378190801,129.026696097073,0.006161255674685853
adamw_sft,AdamW + SFT,7,v_proj,attn,model.layers.7.self_attn.v_proj.weight,4.6148320901395445,4.61441906544491,-0.0004130246946347782,-3.8870834234653985e-05
adamw_sft,AdamW + SFT,8,down_proj,mlp,model.layers.8.mlp.down_proj.weight,8.059006885143106,8.059876115889365,0.0008692307462592197,4.6839736592501136e-05
adamw_sft,AdamW + SFT,8,gate_proj,mlp,model.layers.8.mlp.gate_proj.weight,15.70276662952571,15.703398272367293,0.0006316428415829023,1.746911802364794e-05
adamw_sft,AdamW + SFT,8,up_proj,mlp,model.layers.8.mlp.up_proj.weight,11.03707620181019,11.037355505051986,0.000279303241795148,1.0990077416823704e-05
adamw_sft,AdamW + SFT,8,k_proj,attn,model.layers.8.self_attn.k_proj.weight,26.24428190856445,26.23706283450366,-0.007219074060788699,-0.00011947880010220833
adamw_sft,AdamW + SFT,8,o_proj,attn,model.layers.8.self_attn.o_proj.weight,8728.55329977634,8836.160582913437,107.6072831370966,0.0053213316502296595
adamw_sft,AdamW + SFT,8,q_proj,attn,model.layers.8.self_attn.q_proj.weight,20459.276858621644,21979.165794140354,1519.8889355187093,0.031120925683465986
adamw_sft,AdamW + SFT,8,v_proj,attn,model.layers.8.self_attn.v_proj.weight,2.614956506444022,2.6149139253950304,-4.258104899168558e-05,-7.071958991001197e-06
adamw_sft,AdamW + SFT,9,down_proj,mlp,model.layers.9.mlp.down_proj.weight,11.96143651469935,11.962008446858006,0.0005719321586550308,2.0765151588652738e-05
adamw_sft,AdamW + SFT,9,gate_proj,mlp,model.layers.9.mlp.gate_proj.weight,17.04541620966512,17.045882545813246,0.0004663361481256345,1.1881460856538085e-05
adamw_sft,AdamW + SFT,9,up_proj,mlp,model.layers.9.mlp.up_proj.weight,8.607523542303687,8.607780049325996,0.00025650702230883837,1.294192504633187e-05
adamw_sft,AdamW + SFT,9,k_proj,attn,model.layers.9.self_attn.k_proj.weight,29.979145885547403,29.978816063339742,-0.0003298222076608681,-4.7780131325971765e-06
adamw_sft,AdamW + SFT,9,o_proj,attn,model.layers.9.self_attn.o_proj.weight,26480.436490575365,23454.14780514337,-3026.288685431995,-0.05270548182997043
adamw_sft,AdamW + SFT,9,q_proj,attn,model.layers.9.self_attn.q_proj.weight,35295.52653603585,36347.0938886657,1051.5673526298488,0.01275002776071431
adamw_sft,AdamW + SFT,9,v_proj,attn,model.layers.9.self_attn.v_proj.weight,3.911800039733773,3.9116818054923943,-0.00011823424137880068,-1.3126758551409392e-05
muon_sft,Muon + SFT,-1,embed,embed,model.embed_tokens.weight,69.18641058154057,69.22570726926864,0.03929668772806849,0.0002466017478948703
muon_sft,Muon + SFT,0,down_proj,mlp,model.layers.0.mlp.down_proj.weight,10.546793843948734,10.54736114575362,0.0005673018048852896,2.335965044485256e-05
muon_sft,Muon + SFT,0,gate_proj,mlp,model.layers.0.mlp.gate_proj.weight,50.790417231602824,50.782933080262865,-0.007484151339959055,-6.399957517547559e-05
muon_sft,Muon + SFT,0,up_proj,mlp,model.layers.0.mlp.up_proj.weight,30.557746350661454,30.560554941835175,0.002808591173721453,3.991457955253871e-05
muon_sft,Muon + SFT,0,k_proj,attn,model.layers.0.self_attn.k_proj.weight,18.73935745084044,18.740072856764563,0.0007154059241223365,1.6579592734155247e-05
muon_sft,Muon + SFT,0,o_proj,attn,model.layers.0.self_attn.o_proj.weight,38555.79005042446,37923.80581689666,-631.9842335278008,-0.00717769255156756
muon_sft,Muon + SFT,0,q_proj,attn,model.layers.0.self_attn.q_proj.weight,184976.8751259078,184368.52526852893,-608.3498573788675,-0.001430656641547314
muon_sft,Muon + SFT,0,v_proj,attn,model.layers.0.self_attn.v_proj.weight,7.7755061789352835,7.7754182500512465,-8.792888403696963e-05,-4.911223035257534e-06
muon_sft,Muon + SFT,1,down_proj,mlp,model.layers.1.mlp.down_proj.weight,8.998430005007657,8.998310801457459,-0.00011920355019867657,-5.75320216386192e-06
muon_sft,Muon + SFT,1,gate_proj,mlp,model.layers.1.mlp.gate_proj.weight,33.91668364456576,33.9183558047889,0.0016721602231442034,2.1411057288685042e-05
muon_sft,Muon + SFT,1,up_proj,mlp,model.layers.1.mlp.up_proj.weight,37.735381088331756,37.734313355855434,-0.0010677324763221918,-1.2288649796767539e-05
muon_sft,Muon + SFT,1,k_proj,attn,model.layers.1.self_attn.k_proj.weight,30.087513316132128,30.092728978780194,0.005215662648065944,7.527831151276307e-05
muon_sft,Muon + SFT,1,o_proj,attn,model.layers.1.self_attn.o_proj.weight,49034.98587834326,51718.59503444595,2683.6091561026915,0.02314066394478484
muon_sft,Muon + SFT,1,q_proj,attn,model.layers.1.self_attn.q_proj.weight,1074758.1049613138,836138.2048589295,-238619.90010238427,-0.10903266121466093
muon_sft,Muon + SFT,1,v_proj,attn,model.layers.1.self_attn.v_proj.weight,3.341969736117407,3.342197731017445,0.00022799490003766465,2.9627302880607187e-05
muon_sft,Muon + SFT,10,down_proj,mlp,model.layers.10.mlp.down_proj.weight,13.491719978091211,13.491477676900518,-0.0002423011906937944,-7.799673813706064e-06
muon_sft,Muon + SFT,10,gate_proj,mlp,model.layers.10.mlp.gate_proj.weight,16.210019773701827,16.210663631386844,0.0006438576850165134,1.7249719031268906e-05
muon_sft,Muon + SFT,10,up_proj,mlp,model.layers.10.mlp.up_proj.weight,8.538043575643336,8.537259213853616,-0.0007843617897194122,-3.9899028618123014e-05
muon_sft,Muon + SFT,10,k_proj,attn,model.layers.10.self_attn.k_proj.weight,24.034098760920294,24.0461548706348,0.012056109714507102,0.00021779843642633765
muon_sft,Muon + SFT,10,o_proj,attn,model.layers.10.self_attn.o_proj.weight,15508.710116684786,15813.647238550075,304.93712186528865,0.008456368211743014
muon_sft,Muon + SFT,10,q_proj,attn,model.layers.10.self_attn.q_proj.weight,12813.850813777506,12137.8869350518,-675.9638787257063,-0.02353657567790675
muon_sft,Muon + SFT,10,v_proj,attn,model.layers.10.self_attn.v_proj.weight,3.2994636012714755,3.299429141890882,-3.445938059343234e-05,-4.535766657892829e-06
muon_sft,Muon + SFT,11,down_proj,mlp,model.layers.11.mlp.down_proj.weight,16.054627449194015,16.052822140046747,-0.00180530914726873,-4.8838248546338576e-05
muon_sft,Muon + SFT,11,gate_proj,mlp,model.layers.11.mlp.gate_proj.weight,13.225697438590451,13.225035786177987,-0.0006616524124645196,-2.1727336576233258e-05
muon_sft,Muon + SFT,11,up_proj,mlp,model.layers.11.mlp.up_proj.weight,6.605510357941471,6.604913530207888,-0.0005968277335828276,-3.924158584352728e-05
muon_sft,Muon + SFT,11,k_proj,attn,model.layers.11.self_attn.k_proj.weight,21.610944081803808,21.60592435997054,-0.00501972183326771,-0.00010088826799743025
muon_sft,Muon + SFT,11,o_proj,attn,model.layers.11.self_attn.o_proj.weight,139258.46738802953,193975.25395077036,54716.78656274083,0.14392471788630282
muon_sft,Muon + SFT,11,q_proj,attn,model.layers.11.self_attn.q_proj.weight,28543.812668067454,27665.07797206222,-878.7346960052346,-0.013580083867461849
muon_sft,Muon + SFT,11,v_proj,attn,model.layers.11.self_attn.v_proj.weight,2.8678401021237847,2.8678816910049347,4.158888115002313e-05,6.298011738967931e-06
muon_sft,Muon + SFT,12,down_proj,mlp,model.layers.12.mlp.down_proj.weight,14.145448240851502,14.14515732837485,-0.0002909124766521387,-8.9317058287692e-06
muon_sft,Muon + SFT,12,gate_proj,mlp,model.layers.12.mlp.gate_proj.weight,18.888272791501652,18.886860012929578,-0.0014127785720745578,-3.2484965252995456e-05
muon_sft,Muon + SFT,12,up_proj,mlp,model.layers.12.mlp.up_proj.weight,8.061255117094625,8.0607216729114,-0.0005334441832243186,-2.8739883238869064e-05
muon_sft,Muon + SFT,12,k_proj,attn,model.layers.12.self_attn.k_proj.weight,20.867707840632306,20.86889268326212,0.0011848426298151082,2.4658003274399943e-05
muon_sft,Muon + SFT,12,o_proj,attn,model.layers.12.self_attn.o_proj.weight,102000.14319866779,57178.40684407627,-44821.73635459152,-0.2513687309820384
muon_sft,Muon + SFT,12,q_proj,attn,model.layers.12.self_attn.q_proj.weight,14798.684955393119,14373.31020759281,-425.3747478003097,-0.012666326012475509
muon_sft,Muon + SFT,12,v_proj,attn,model.layers.12.self_attn.v_proj.weight,2.550671517667282,2.5508796809458607,0.00020816327857886563,3.544183318067992e-05
muon_sft,Muon + SFT,13,down_proj,mlp,model.layers.13.mlp.down_proj.weight,30.005646690345184,30.00528379665072,-0.0003628936944650718,-5.25246743374477e-06
muon_sft,Muon + SFT,13,gate_proj,mlp,model.layers.13.mlp.gate_proj.weight,12.316046719506732,12.31631912740869,0.00027240790195826037,9.605674857823873e-06
muon_sft,Muon + SFT,13,up_proj,mlp,model.layers.13.mlp.up_proj.weight,6.311217662216599,6.3106337791436955,-0.0005838830729034683,-4.018066572840353e-05
muon_sft,Muon + SFT,13,k_proj,attn,model.layers.13.self_attn.k_proj.weight,41.906820743475016,41.91323275577071,0.006412012295690772,6.6444757479697e-05
muon_sft,Muon + SFT,13,o_proj,attn,model.layers.13.self_attn.o_proj.weight,9641.296136551193,10370.842544220515,729.5464076693224,0.03167861800928716
muon_sft,Muon + SFT,13,q_proj,attn,model.layers.13.self_attn.q_proj.weight,57124.68510683214,63629.16257422997,6504.477467397832,0.04683238842124554
muon_sft,Muon + SFT,13,v_proj,attn,model.layers.13.self_attn.v_proj.weight,3.7001013163270056,3.700267526079719,0.0001662097527135309,1.9508211007175918e-05
muon_sft,Muon + SFT,14,down_proj,mlp,model.layers.14.mlp.down_proj.weight,12.14858893422566,12.148632142743228,4.3208517567450144e-05,1.5446392566017145e-06
muon_sft,Muon + SFT,14,gate_proj,mlp,model.layers.14.mlp.gate_proj.weight,13.416229041756727,13.415885376661512,-0.0003436650952153286,-1.1124867176346778e-05
muon_sft,Muon + SFT,14,up_proj,mlp,model.layers.14.mlp.up_proj.weight,6.92702720942221,6.9265641337630095,-0.0004630756592005625,-2.9033800490759817e-05
muon_sft,Muon + SFT,14,k_proj,attn,model.layers.14.self_attn.k_proj.weight,23.136335100841148,23.143293586648632,0.006958485807484038,0.0001305988011170862
muon_sft,Muon + SFT,14,o_proj,attn,model.layers.14.self_attn.o_proj.weight,6453.263467239998,6557.474390185486,104.21092294548816,0.0069572067552435305
muon_sft,Muon + SFT,14,q_proj,attn,model.layers.14.self_attn.q_proj.weight,12016.462412922161,12225.029017720008,208.5666047978466,0.007473266315933354
muon_sft,Muon + SFT,14,v_proj,attn,model.layers.14.self_attn.v_proj.weight,6.809948120874071,6.8092708441257805,-0.0006772767482905451,-4.319448207746155e-05
muon_sft,Muon + SFT,15,down_proj,mlp,model.layers.15.mlp.down_proj.weight,12.83113835849419,12.83087942644779,-0.0002589320463997069,-8.764140052100081e-06
muon_sft,Muon + SFT,15,gate_proj,mlp,model.layers.15.mlp.gate_proj.weight,16.831657108500657,16.832082278328617,0.0004251698279595928,1.0970196034492174e-05
muon_sft,Muon + SFT,15,up_proj,mlp,model.layers.15.mlp.up_proj.weight,9.399973299687645,9.400120219990002,0.0001469203023578558,6.787910552435394e-06
muon_sft,Muon + SFT,15,k_proj,attn,model.layers.15.self_attn.k_proj.weight,25.442585553328566,25.4378677214738,-0.004717831854765819,-8.053891878193346e-05
muon_sft,Muon + SFT,15,o_proj,attn,model.layers.15.self_attn.o_proj.weight,29248.74824238646,29547.825045875907,299.0768034894463,0.004418234546811417
muon_sft,Muon + SFT,15,q_proj,attn,model.layers.15.self_attn.q_proj.weight,23869.157071525828,25339.88225882007,1470.7251872942434,0.025967510248218455
muon_sft,Muon + SFT,15,v_proj,attn,model.layers.15.self_attn.v_proj.weight,3.3575600712900404,3.357320066755884,-0.00024000453415640166,-3.10452733979947e-05
muon_sft,Muon + SFT,16,down_proj,mlp,model.layers.16.mlp.down_proj.weight,9.686499227673869,9.686654208369685,0.00015498069581632024,6.948508534558045e-06
muon_sft,Muon + SFT,16,gate_proj,mlp,model.layers.16.mlp.gate_proj.weight,12.919883539201004,12.920159534875307,0.00027599567430236505,9.277337351192264e-06
muon_sft,Muon + SFT,16,up_proj,mlp,model.layers.16.mlp.up_proj.weight,6.159145316251316,6.159299616744474,0.00015430049315767747,1.0879920818124055e-05
muon_sft,Muon + SFT,16,k_proj,attn,model.layers.16.self_attn.k_proj.weight,20.671141321487564,20.66479796491479,-0.006343356572774184,-0.00013329247262720175
muon_sft,Muon + SFT,16,o_proj,attn,model.layers.16.self_attn.o_proj.weight,41529.00729033527,47406.00988175533,5877.00259142006,0.05748185285271765
muon_sft,Muon + SFT,16,q_proj,attn,model.layers.16.self_attn.q_proj.weight,103943.38985456145,106335.90729573781,2392.5174411763583,0.009883064828563912
muon_sft,Muon + SFT,16,v_proj,attn,model.layers.16.self_attn.v_proj.weight,2.78870242790059,2.78877801111289,7.55832123000566e-05,1.1770681183853782e-05
muon_sft,Muon + SFT,17,down_proj,mlp,model.layers.17.mlp.down_proj.weight,6.7996349709306605,6.7994554597140215,-0.0001795112166389501,-1.146558017659001e-05
muon_sft,Muon + SFT,17,gate_proj,mlp,model.layers.17.mlp.gate_proj.weight,17.968770886906377,17.968819602882547,4.8715976170399244e-05,1.1774345104179618e-06
muon_sft,Muon + SFT,17,up_proj,mlp,model.layers.17.mlp.up_proj.weight,12.572357420855843,12.571713226814682,-0.0006441940411612279,-2.225335120415207e-05
muon_sft,Muon + SFT,17,k_proj,attn,model.layers.17.self_attn.k_proj.weight,15.488632202364206,15.485811564125683,-0.0028206382385231876,-7.909666659757924e-05
muon_sft,Muon + SFT,17,o_proj,attn,model.layers.17.self_attn.o_proj.weight,57591.66094582242,52512.39961903409,-5079.261326788328,-0.0400977394170027
muon_sft,Muon + SFT,17,q_proj,attn,model.layers.17.self_attn.q_proj.weight,13024.993728263826,13284.331861028542,259.33813276471665,0.008562193488075525
muon_sft,Muon + SFT,17,v_proj,attn,model.layers.17.self_attn.v_proj.weight,4.045377579425002,4.0452803915754,-9.71878496027756e-05,-1.0433798324907772e-05
muon_sft,Muon + SFT,18,down_proj,mlp,model.layers.18.mlp.down_proj.weight,6.643981466821017,6.6438192364548545,-0.0001622303661621416,-1.0604576994809886e-05
muon_sft,Muon + SFT,18,gate_proj,mlp,model.layers.18.mlp.gate_proj.weight,18.455846043796296,18.456682136727633,0.000836092931336907,1.967410873205121e-05
muon_sft,Muon + SFT,18,up_proj,mlp,model.layers.18.mlp.up_proj.weight,10.672724442726581,10.673996288204478,0.0012718454778966048,5.175085021249901e-05
muon_sft,Muon + SFT,18,k_proj,attn,model.layers.18.self_attn.k_proj.weight,22.852605445749074,22.857676507647582,0.005071061898508589,9.636056111802621e-05
muon_sft,Muon + SFT,18,o_proj,attn,model.layers.18.self_attn.o_proj.weight,21937.349567301397,19941.4469203588,-1995.9026469425953,-0.041427488847939044
muon_sft,Muon + SFT,18,q_proj,attn,model.layers.18.self_attn.q_proj.weight,33741.713223670544,37390.31900505578,3648.6057813852385,0.04459204050116621
muon_sft,Muon + SFT,18,v_proj,attn,model.layers.18.self_attn.v_proj.weight,2.1434580875579408,2.1435057367814254,4.7649223484658165e-05,9.654289457640887e-06
muon_sft,Muon + SFT,19,down_proj,mlp,model.layers.19.mlp.down_proj.weight,7.114441587440737,7.114471295254858,2.9707814120705223e-05,1.8134821470078728e-06
muon_sft,Muon + SFT,19,gate_proj,mlp,model.layers.19.mlp.gate_proj.weight,18.805480505433707,18.80552554623218,4.504079847222897e-05,1.0401726669999852e-06
muon_sft,Muon + SFT,19,up_proj,mlp,model.layers.19.mlp.up_proj.weight,10.390484231630769,10.390365523374529,-0.00011870825623994108,-4.961716315693119e-06
muon_sft,Muon + SFT,19,k_proj,attn,model.layers.19.self_attn.k_proj.weight,22.401692950673606,22.391352841033868,-0.010340109639738415,-0.00020050668844718105
muon_sft,Muon + SFT,19,o_proj,attn,model.layers.19.self_attn.o_proj.weight,24022.826455842358,24473.482148611605,450.65569276924725,0.008071662361845913
muon_sft,Muon + SFT,19,q_proj,attn,model.layers.19.self_attn.q_proj.weight,25682.89091427411,26860.761659938096,1177.8707456639859,0.01947441615176759
muon_sft,Muon + SFT,19,v_proj,attn,model.layers.19.self_attn.v_proj.weight,3.008918396896258,3.0089667967494003,4.83998531422003e-05,6.985772732043775e-06
muon_sft,Muon + SFT,2,down_proj,mlp,model.layers.2.mlp.down_proj.weight,13.20255066881167,13.202514618536107,-3.6050275562971024e-05,-1.1858660887877198e-06
muon_sft,Muon + SFT,2,gate_proj,mlp,model.layers.2.mlp.gate_proj.weight,17.38657445257771,17.385813563754475,-0.0007608888232368827,-1.9006449437472177e-05
muon_sft,Muon + SFT,2,up_proj,mlp,model.layers.2.mlp.up_proj.weight,8.916099391549464,8.913190496832955,-0.00290889471650857,-0.00014171253515259444
muon_sft,Muon + SFT,2,k_proj,attn,model.layers.2.self_attn.k_proj.weight,17.246031056628958,17.246904386766648,0.000873330137689976,2.19918922460144e-05
muon_sft,Muon + SFT,2,o_proj,attn,model.layers.2.self_attn.o_proj.weight,31093.030750193404,32351.82132399528,1258.7905738018744,0.017235678990005443
muon_sft,Muon + SFT,2,q_proj,attn,model.layers.2.self_attn.q_proj.weight,24610.069351651575,24489.20205037672,-120.86730127485498,-0.0021382031350074566
muon_sft,Muon + SFT,2,v_proj,attn,model.layers.2.self_attn.v_proj.weight,3.1911166787384015,3.191278327696238,0.00016164895783665756,2.1999030250576936e-05
muon_sft,Muon + SFT,20,down_proj,mlp,model.layers.20.mlp.down_proj.weight,7.516513788547348,7.516676274715184,0.00016248616783620662,9.388139946741277e-06
muon_sft,Muon + SFT,20,gate_proj,mlp,model.layers.20.mlp.gate_proj.weight,19.204884886797178,19.20485850519443,-2.6381602747704846e-05,-5.965874012822861e-07
muon_sft,Muon + SFT,20,up_proj,mlp,model.layers.20.mlp.up_proj.weight,11.187456334212877,11.18746624315994,9.908947063763662e-06,3.8466287567413055e-07
muon_sft,Muon + SFT,20,k_proj,attn,model.layers.20.self_attn.k_proj.weight,22.072850031907265,22.076431813535198,0.0035817816279326564,7.046764680125385e-05
muon_sft,Muon + SFT,20,o_proj,attn,model.layers.20.self_attn.o_proj.weight,123534.76145527787,56215.132909569846,-67319.62854570802,-0.3419359391430223
muon_sft,Muon + SFT,20,q_proj,attn,model.layers.20.self_attn.q_proj.weight,9243.896257866112,9352.452508001434,108.55625013532153,0.005070448670336928
muon_sft,Muon + SFT,20,v_proj,attn,model.layers.20.self_attn.v_proj.weight,6.942409244310096,6.942743445769995,0.0003342014598990417,2.0906050246018974e-05
muon_sft,Muon + SFT,21,down_proj,mlp,model.layers.21.mlp.down_proj.weight,9.390981919055381,9.389722622534688,-0.0012592965206934537,-5.8241215565216726e-05
muon_sft,Muon + SFT,21,gate_proj,mlp,model.layers.21.mlp.gate_proj.weight,17.629945642520745,17.62880130551273,-0.0011443370080144177,-2.819040897426753e-05
muon_sft,Muon + SFT,21,up_proj,mlp,model.layers.21.mlp.up_proj.weight,8.16699577216017,8.167389871715399,0.00039409955522806683,2.0956437042810786e-05
muon_sft,Muon + SFT,21,k_proj,attn,model.layers.21.self_attn.k_proj.weight,29.992183020775197,29.99374908827048,0.0015660674952826525,2.2676465888973014e-05
muon_sft,Muon + SFT,21,o_proj,attn,model.layers.21.self_attn.o_proj.weight,298850.6543733745,637693.8262386573,338843.1718652829,0.3291580013177876
muon_sft,Muon + SFT,21,q_proj,attn,model.layers.21.self_attn.q_proj.weight,14032.644030663625,14010.8958587937,-21.7481718699255,-0.0006736034726946239
muon_sft,Muon + SFT,21,v_proj,attn,model.layers.21.self_attn.v_proj.weight,4.366601968716395,4.36573702314321,-0.0008649455731850608,-8.60344728164011e-05
muon_sft,Muon + SFT,22,down_proj,mlp,model.layers.22.mlp.down_proj.weight,9.904782336268656,9.904259024735085,-0.0005233115335716576,-2.294622008786259e-05
muon_sft,Muon + SFT,22,gate_proj,mlp,model.layers.22.mlp.gate_proj.weight,22.904187063530273,22.904167460970672,-1.9602559600429004e-05,-3.716913018974966e-07
muon_sft,Muon + SFT,22,up_proj,mlp,model.layers.22.mlp.up_proj.weight,12.79968858450657,12.799350085005157,-0.00033849950141373597,-1.1485467676935763e-05
muon_sft,Muon + SFT,22,k_proj,attn,model.layers.22.self_attn.k_proj.weight,20.39377999771742,20.39386479739243,8.479967500818475e-05,1.8058424853282939e-06
muon_sft,Muon + SFT,22,o_proj,attn,model.layers.22.self_attn.o_proj.weight,35374.77308841131,33168.443409181025,-2206.3296792302863,-0.02796857214494873
muon_sft,Muon + SFT,22,q_proj,attn,model.layers.22.self_attn.q_proj.weight,47977.340735145204,55735.91743729977,7758.576702154569,0.0650989817638525
muon_sft,Muon + SFT,22,v_proj,attn,model.layers.22.self_attn.v_proj.weight,5.233505964972921,5.2333008776535115,-0.0002050873194097136,-1.7019190757726453e-05
muon_sft,Muon + SFT,23,down_proj,mlp,model.layers.23.mlp.down_proj.weight,11.80645745879601,11.806402721022893,-5.473777311593153e-05,-2.0135055757676696e-06
muon_sft,Muon + SFT,23,gate_proj,mlp,model.layers.23.mlp.gate_proj.weight,19.84423847022627,19.84402578420703,-0.00021268601923907227,-4.654694090021429e-06
muon_sft,Muon + SFT,23,up_proj,mlp,model.layers.23.mlp.up_proj.weight,10.79189058648552,10.792469786028294,0.000579199542773523,2.3307910085515913e-05
muon_sft,Muon + SFT,23,k_proj,attn,model.layers.23.self_attn.k_proj.weight,16.001526800630636,16.00187250578544,0.00034570515480325525,9.382618369038557e-06
muon_sft,Muon + SFT,23,o_proj,attn,model.layers.23.self_attn.o_proj.weight,13053.866526333686,13408.96471346449,355.0981871308031,0.011656080112740204
muon_sft,Muon + SFT,23,q_proj,attn,model.layers.23.self_attn.q_proj.weight,764874.9518123881,363981.16633061535,-400893.7854817728,-0.3225115265417935
muon_sft,Muon + SFT,23,v_proj,attn,model.layers.23.self_attn.v_proj.weight,4.042193780833294,4.042309529334394,0.00011574850109941082,1.243587475717197e-05
muon_sft,Muon + SFT,24,down_proj,mlp,model.layers.24.mlp.down_proj.weight,10.013056479364716,10.012351839361687,-0.0007046400030290556,-3.056329841561482e-05
muon_sft,Muon + SFT,24,gate_proj,mlp,model.layers.24.mlp.gate_proj.weight,21.0475855955308,21.04880607951149,0.0012204839806884138,2.5182655193118598e-05
muon_sft,Muon + SFT,24,up_proj,mlp,model.layers.24.mlp.up_proj.weight,13.895235392599337,13.895595270507409,0.00035987790807112674,1.1247809864850523e-05
muon_sft,Muon + SFT,24,k_proj,attn,model.layers.24.self_attn.k_proj.weight,31.211181081905732,31.2008549236642,-0.010326158241532823,-0.00014370925454434836
muon_sft,Muon + SFT,24,o_proj,attn,model.layers.24.self_attn.o_proj.weight,13596.107700858232,13303.345295590392,-292.7624052678402,-0.009453732587231816
muon_sft,Muon + SFT,24,q_proj,attn,model.layers.24.self_attn.q_proj.weight,119825.2524376554,145907.84538525998,26082.59294760457,0.08553029169919947
muon_sft,Muon + SFT,24,v_proj,attn,model.layers.24.self_attn.v_proj.weight,3.6003445004354857,3.5996329000611085,-0.0007116003743772303,-8.584585748764673e-05
muon_sft,Muon + SFT,25,down_proj,mlp,model.layers.25.mlp.down_proj.weight,9.428473935149443,9.428046115536182,-0.0004278196132609935,-1.970667936838342e-05
muon_sft,Muon + SFT,25,gate_proj,mlp,model.layers.25.mlp.gate_proj.weight,21.338091581274373,21.33800907295442,-8.250831995226804e-05,-1.6792962579346617e-06
muon_sft,Muon + SFT,25,up_proj,mlp,model.layers.25.mlp.up_proj.weight,18.112209505291784,18.11347945256067,0.001269947268887961,3.0449722684544138e-05
muon_sft,Muon + SFT,25,k_proj,attn,model.layers.25.self_attn.k_proj.weight,22.462953951457504,22.45804560578392,-0.004908345673584336,-9.49073916789396e-05
muon_sft,Muon + SFT,25,o_proj,attn,model.layers.25.self_attn.o_proj.weight,16296.613319126418,16586.689312075257,290.0759929488395,0.007662349027182299
muon_sft,Muon + SFT,25,q_proj,attn,model.layers.25.self_attn.q_proj.weight,24555.210708810777,25615.894169513365,1060.6834607025885,0.018365855143820577
muon_sft,Muon + SFT,25,v_proj,attn,model.layers.25.self_attn.v_proj.weight,4.337190824833435,4.337100014648676,-9.08101847594267e-05,-9.093161129332764e-06
muon_sft,Muon + SFT,26,down_proj,mlp,model.layers.26.mlp.down_proj.weight,8.741682232718533,8.741529977629737,-0.00015225508879623817,-7.564232946661191e-06
muon_sft,Muon + SFT,26,gate_proj,mlp,model.layers.26.mlp.gate_proj.weight,20.0336868429297,20.034365980886786,0.0006791379570856293,1.4722246101607925e-05
muon_sft,Muon + SFT,26,up_proj,mlp,model.layers.26.mlp.up_proj.weight,18.54966977174175,18.548721103693474,-0.0009486680482773124,-2.2211275955232977e-05
muon_sft,Muon + SFT,26,k_proj,attn,model.layers.26.self_attn.k_proj.weight,18.924022446774764,18.93079652119355,0.006774074418785858,0.00015543295420183872
muon_sft,Muon + SFT,26,o_proj,attn,model.layers.26.self_attn.o_proj.weight,32723.99759321507,30001.474451444246,-2722.5231417708237,-0.03772375298174493
muon_sft,Muon + SFT,26,q_proj,attn,model.layers.26.self_attn.q_proj.weight,48120.87790718429,40499.91604349615,-7620.961863688135,-0.07487941899611325
muon_sft,Muon + SFT,26,v_proj,attn,model.layers.26.self_attn.v_proj.weight,4.835564685889436,4.834187969900223,-0.001376715989212407,-0.00012366400312106908
muon_sft,Muon + SFT,27,down_proj,mlp,model.layers.27.mlp.down_proj.weight,11.983131396493501,11.984014924859546,0.0008835283660442173,3.201978984120925e-05
muon_sft,Muon + SFT,27,gate_proj,mlp,model.layers.27.mlp.gate_proj.weight,34.01131673372879,34.0114559197277,0.00013918599891127315,1.7772786649663894e-06
muon_sft,Muon + SFT,27,up_proj,mlp,model.layers.27.mlp.up_proj.weight,27.05991417573715,27.058183781119762,-0.0017303946173861107,-2.777262551619174e-05
muon_sft,Muon + SFT,27,k_proj,attn,model.layers.27.self_attn.k_proj.weight,16.960271595775623,16.963980321895903,0.003708726120279948,9.495739503724545e-05
muon_sft,Muon + SFT,27,o_proj,attn,model.layers.27.self_attn.o_proj.weight,99634.79632267175,105713.0792648925,6078.282942220743,0.02571768602650722
muon_sft,Muon + SFT,27,q_proj,attn,model.layers.27.self_attn.q_proj.weight,91711.44628086085,108417.98617321563,16706.539892354776,0.07267779386615589
muon_sft,Muon + SFT,27,v_proj,attn,model.layers.27.self_attn.v_proj.weight,7.853791579470053,7.854170506100497,0.0003789266304448091,2.0953162960725715e-05
muon_sft,Muon + SFT,3,down_proj,mlp,model.layers.3.mlp.down_proj.weight,10.758270959803003,10.758878689416894,0.00060772961389155,2.4532395988787854e-05
muon_sft,Muon + SFT,3,gate_proj,mlp,model.layers.3.mlp.gate_proj.weight,13.999766940935217,14.000117487339974,0.00035054640475706833,1.0874356973529874e-05
muon_sft,Muon + SFT,3,up_proj,mlp,model.layers.3.mlp.up_proj.weight,7.592358408260811,7.592266824088656,-9.158417215449077e-05,-5.238785941463311e-06
muon_sft,Muon + SFT,3,k_proj,attn,model.layers.3.self_attn.k_proj.weight,15.502942945207748,15.498813040315424,-0.004129904892323566,-0.00011570924672584106
muon_sft,Muon + SFT,3,o_proj,attn,model.layers.3.self_attn.o_proj.weight,16528.241725287102,17363.67349807948,835.4317727923772,0.021414955112685225
muon_sft,Muon + SFT,3,q_proj,attn,model.layers.3.self_attn.q_proj.weight,75355.26316454641,90341.47380148256,14986.210636936143,0.07877358035151734
muon_sft,Muon + SFT,3,v_proj,attn,model.layers.3.self_attn.v_proj.weight,3.891617107326821,3.891176150116548,-0.0004409572102730408,-4.921248118694723e-05
muon_sft,Muon + SFT,4,down_proj,mlp,model.layers.4.mlp.down_proj.weight,11.15720155550664,11.159160523480901,0.0019589679742608723,7.624620721068981e-05
muon_sft,Muon + SFT,4,gate_proj,mlp,model.layers.4.mlp.gate_proj.weight,17.495981170242754,17.495881017385592,-0.00010015285716136191,-2.4860542133258235e-06
muon_sft,Muon + SFT,4,up_proj,mlp,model.layers.4.mlp.up_proj.weight,8.782003015120793,8.781206331264386,-0.0007966838564072987,-3.940002035762136e-05
muon_sft,Muon + SFT,4,k_proj,attn,model.layers.4.self_attn.k_proj.weight,23.93670634239095,23.9401508832393,0.003444540848352773,6.249136523984056e-05
muon_sft,Muon + SFT,4,o_proj,attn,model.layers.4.self_attn.o_proj.weight,8582.208719375358,8430.121672467483,-152.08704690787454,-0.007765229500795573
muon_sft,Muon + SFT,4,q_proj,attn,model.layers.4.self_attn.q_proj.weight,19385.367499083055,19502.125661562684,116.75816247962939,0.0026079118983230575
muon_sft,Muon + SFT,4,v_proj,attn,model.layers.4.self_attn.v_proj.weight,3.7875720759658726,3.787584182730622,1.2106764749386656e-05,1.388196083330005e-06
muon_sft,Muon + SFT,5,down_proj,mlp,model.layers.5.mlp.down_proj.weight,12.388049471794826,12.389278332720453,0.0012288609256270178,4.307869869373634e-05
muon_sft,Muon + SFT,5,gate_proj,mlp,model.layers.5.mlp.gate_proj.weight,20.634483011844836,20.632512083422345,-0.001970928422490914,-4.1484161218351506e-05
muon_sft,Muon + SFT,5,up_proj,mlp,model.layers.5.mlp.up_proj.weight,8.094579137228608,8.094884142020703,0.00030500479209472076,1.6363964128010042e-05
muon_sft,Muon + SFT,5,k_proj,attn,model.layers.5.self_attn.k_proj.weight,22.35050954040556,22.358700883082875,0.00819134267731414,0.0001591374542401694
muon_sft,Muon + SFT,5,o_proj,attn,model.layers.5.self_attn.o_proj.weight,14934.50156341116,14012.479732693133,-922.0218307180276,-0.02767573522289908
muon_sft,Muon + SFT,5,q_proj,attn,model.layers.5.self_attn.q_proj.weight,14969.234018258956,14513.065670526403,-456.16834773255323,-0.013440417471931601
muon_sft,Muon + SFT,5,v_proj,attn,model.layers.5.self_attn.v_proj.weight,3.3558693468749854,3.3558735733364338,4.226461448375574e-06,5.469604264768887e-07
muon_sft,Muon + SFT,6,down_proj,mlp,model.layers.6.mlp.down_proj.weight,9.162314837809912,9.162555424933151,0.00024058712323871134,1.1403699840445345e-05
muon_sft,Muon + SFT,6,gate_proj,mlp,model.layers.6.mlp.gate_proj.weight,19.228406692239826,19.226011892246312,-0.0023947999935138853,-5.4092531473577736e-05
muon_sft,Muon + SFT,6,up_proj,mlp,model.layers.6.mlp.up_proj.weight,7.421489572866498,7.420377772625266,-0.0011118002412313643,-6.506576287320143e-05
muon_sft,Muon + SFT,6,k_proj,attn,model.layers.6.self_attn.k_proj.weight,22.193674123897594,22.18545018658969,-0.008223937307903384,-0.00016095904048202628
muon_sft,Muon + SFT,6,o_proj,attn,model.layers.6.self_attn.o_proj.weight,70513.61868597266,95242.54493731055,24728.926251337893,0.13055798870158844
muon_sft,Muon + SFT,6,q_proj,attn,model.layers.6.self_attn.q_proj.weight,18604.75910456698,16691.644546643358,-1913.1145579236218,-0.04712492341275391
muon_sft,Muon + SFT,6,v_proj,attn,model.layers.6.self_attn.v_proj.weight,3.2802787964379356,3.2798431541062647,-0.0004356423316709268,-5.7680958504289655e-05
muon_sft,Muon + SFT,7,down_proj,mlp,model.layers.7.mlp.down_proj.weight,7.967968298583799,7.968269492715066,0.0003011941312669464,1.6416289831973746e-05
muon_sft,Muon + SFT,7,gate_proj,mlp,model.layers.7.mlp.gate_proj.weight,16.82272426896548,16.82313869956022,0.0004144305947413329,1.0698784608704401e-05
muon_sft,Muon + SFT,7,up_proj,mlp,model.layers.7.mlp.up_proj.weight,8.451906164480205,8.452051432573688,0.00014526809348325287,7.46442139784895e-06
muon_sft,Muon + SFT,7,k_proj,attn,model.layers.7.self_attn.k_proj.weight,30.442592542837964,30.435597725741108,-0.006994817096856565,-9.979963159394567e-05
muon_sft,Muon + SFT,7,o_proj,attn,model.layers.7.self_attn.o_proj.weight,9457.463639954845,9208.379477334402,-249.08416262044375,-0.01159147201803686
muon_sft,Muon + SFT,7,q_proj,attn,model.layers.7.self_attn.q_proj.weight,9030.470682093728,8915.957586068585,-114.51309602514266,-0.005542393164153553
muon_sft,Muon + SFT,7,v_proj,attn,model.layers.7.self_attn.v_proj.weight,4.6148320901395445,4.61470831114276,-0.00012377899678472915,-1.164880003666974e-05
muon_sft,Muon + SFT,8,down_proj,mlp,model.layers.8.mlp.down_proj.weight,8.059006885143106,8.059014125548119,7.240405013320128e-06,3.901804001504648e-07
muon_sft,Muon + SFT,8,gate_proj,mlp,model.layers.8.mlp.gate_proj.weight,15.70276662952571,15.703272216809602,0.0005055872838912734,1.3982901097908742e-05
muon_sft,Muon + SFT,8,up_proj,mlp,model.layers.8.mlp.up_proj.weight,11.03707620181019,11.036594950051173,-0.0004812517590178089,-1.8937038786427332e-05
muon_sft,Muon + SFT,8,k_proj,attn,model.layers.8.self_attn.k_proj.weight,26.24428190856445,26.23450247766491,-0.009779430899538255,-0.0001618617113433298
muon_sft,Muon + SFT,8,o_proj,attn,model.layers.8.self_attn.o_proj.weight,8728.55329977634,8570.608651522134,-157.9446482542062,-0.007930603284987752
muon_sft,Muon + SFT,8,q_proj,attn,model.layers.8.self_attn.q_proj.weight,20459.276858621644,22502.617584232852,2043.3407256112077,0.04134276038915189
muon_sft,Muon + SFT,8,v_proj,attn,model.layers.8.self_attn.v_proj.weight,2.614956506444022,2.6149195823758378,-3.69240681843408e-05,-6.132427915995166e-06
muon_sft,Muon + SFT,9,down_proj,mlp,model.layers.9.mlp.down_proj.weight,11.96143651469935,11.961531765073326,9.525037397573044e-05,3.4583260181719127e-06
muon_sft,Muon + SFT,9,gate_proj,mlp,model.layers.9.mlp.gate_proj.weight,17.04541620966512,17.044381765901086,-0.0010344437640341653,-2.6357047878049953e-05
muon_sft,Muon + SFT,9,up_proj,mlp,model.layers.9.mlp.up_proj.weight,8.607523542303687,8.607750682507234,0.00022714020354719366,1.1460257412833328e-05
muon_sft,Muon + SFT,9,k_proj,attn,model.layers.9.self_attn.k_proj.weight,29.979145885547403,29.979227854489828,8.196894242473718e-05,1.1874457948501443e-06
muon_sft,Muon + SFT,9,o_proj,attn,model.layers.9.self_attn.o_proj.weight,26480.436490575365,24993.841610093652,-1486.5948804817126,-0.025092126221720544
muon_sft,Muon + SFT,9,q_proj,attn,model.layers.9.self_attn.q_proj.weight,35295.52653603585,38150.67199955531,2855.145463519453,0.033782527123548144
muon_sft,Muon + SFT,9,v_proj,attn,model.layers.9.self_attn.v_proj.weight,3.911800039733773,3.9122217239168067,0.00042168418303356603,4.681354922236789e-05
adamw_grpo,AdamW + GRPO,-1,embed,embed,model.embed_tokens.weight,69.18641058154057,69.18678430794768,0.0003737264071048685,2.3459358075301205e-06
adamw_grpo,AdamW + GRPO,0,down_proj,mlp,model.layers.0.mlp.down_proj.weight,10.546793843948734,10.546369656560858,-0.000424187387876529,-1.7467483421182978e-05
adamw_grpo,AdamW + GRPO,0,gate_proj,mlp,model.layers.0.mlp.gate_proj.weight,50.790417231602824,50.7772794976479,-0.01313773395492035,-0.00011235157588275379
adamw_grpo,AdamW + GRPO,0,up_proj,mlp,model.layers.0.mlp.up_proj.weight,30.557746350661454,30.55779738135295,5.103069149825501e-05,7.25260592353841e-07
adamw_grpo,AdamW + GRPO,0,k_proj,attn,model.layers.0.self_attn.k_proj.weight,18.73935745084044,18.731866817270284,-0.0074906335701570015,-0.00017363408494662944
adamw_grpo,AdamW + GRPO,0,o_proj,attn,model.layers.0.self_attn.o_proj.weight,38555.79005042446,47067.94874385748,8512.158693433019,0.08663566512080337
adamw_grpo,AdamW + GRPO,0,q_proj,attn,model.layers.0.self_attn.q_proj.weight,184976.8751259078,184910.4591362534,-66.41598965440062,-0.00015596153452821816
adamw_grpo,AdamW + GRPO,0,v_proj,attn,model.layers.0.self_attn.v_proj.weight,7.7755061789352835,7.773008531896661,-0.0024976470386226524,-0.00013952642501475733
adamw_grpo,AdamW + GRPO,1,down_proj,mlp,model.layers.1.mlp.down_proj.weight,8.998430005007657,8.999481056230103,0.0010510512224453095,5.072430295616883e-05
adamw_grpo,AdamW + GRPO,1,gate_proj,mlp,model.layers.1.mlp.gate_proj.weight,33.91668364456576,33.91837959275857,0.0016959481928111586,2.17156410485627e-05
adamw_grpo,AdamW + GRPO,1,up_proj,mlp,model.layers.1.mlp.up_proj.weight,37.735381088331756,37.733554434426814,-0.0018266539049420771,-2.1023370898828914e-05
adamw_grpo,AdamW + GRPO,1,k_proj,attn,model.layers.1.self_attn.k_proj.weight,30.087513316132128,30.0891982211389,0.0016849050067726523,2.431987154070319e-05
adamw_grpo,AdamW + GRPO,1,o_proj,attn,model.layers.1.self_attn.o_proj.weight,49034.98587834326,62225.28215178212,13190.296273438864,0.10346081996931551
adamw_grpo,AdamW + GRPO,1,q_proj,attn,model.layers.1.self_attn.q_proj.weight,1074758.1049613138,1492189.8888774924,417431.7839161786,0.14251336397026743
adamw_grpo,AdamW + GRPO,1,v_proj,attn,model.layers.1.self_attn.v_proj.weight,3.341969736117407,3.3418443893026297,-0.00012534681477749388,-1.6289330902056183e-05
adamw_grpo,AdamW + GRPO,10,down_proj,mlp,model.layers.10.mlp.down_proj.weight,13.491719978091211,13.491252063472635,-0.0004679146185768701,-1.5062294587671693e-05
adamw_grpo,AdamW + GRPO,10,gate_proj,mlp,model.layers.10.mlp.gate_proj.weight,16.210019773701827,16.209537122059515,-0.0004826516423115379,-1.2931265262337009e-05
adamw_grpo,AdamW + GRPO,10,up_proj,mlp,model.layers.10.mlp.up_proj.weight,8.538043575643336,8.53832442168734,0.00028084604400469004,1.4285225898790984e-05
adamw_grpo,AdamW + GRPO,10,k_proj,attn,model.layers.10.self_attn.k_proj.weight,24.034098760920294,24.036248305906202,0.002149544985908136,3.8840390534630406e-05
adamw_grpo,AdamW + GRPO,10,o_proj,attn,model.layers.10.self_attn.o_proj.weight,15508.710116684786,16212.221556081242,703.5114393964559,0.01926685180044214
adamw_grpo,AdamW + GRPO,10,q_proj,attn,model.layers.10.self_attn.q_proj.weight,12813.850813777506,13500.025727973138,686.1749141956316,0.022654932783041575
adamw_grpo,AdamW + GRPO,10,v_proj,attn,model.layers.10.self_attn.v_proj.weight,3.2994636012714755,3.2991899014637434,-0.00027369980773217506,-3.602744596757541e-05
adamw_grpo,AdamW + GRPO,11,down_proj,mlp,model.layers.11.mlp.down_proj.weight,16.054627449194015,16.052420305095286,-0.0022071440987296853,-5.970966322966265e-05
adamw_grpo,AdamW + GRPO,11,gate_proj,mlp,model.layers.11.mlp.gate_proj.weight,13.225697438590451,13.226040789346108,0.00034335075565650186,1.1274520960601925e-05
adamw_grpo,AdamW + GRPO,11,up_proj,mlp,model.layers.11.mlp.up_proj.weight,6.605510357941471,6.605508882949241,-1.4749922296886098e-06,-9.697676985270324e-08
adamw_grpo,AdamW + GRPO,11,k_proj,attn,model.layers.11.self_attn.k_proj.weight,21.610944081803808,21.604640997836853,-0.006303083966955114,-0.0001266855279264287
adamw_grpo,AdamW + GRPO,11,o_proj,attn,model.layers.11.self_attn.o_proj.weight,139258.46738802953,97929.10753384882,-41329.359854180715,-0.15290981459975142
adamw_grpo,AdamW + GRPO,11,q_proj,attn,model.layers.11.self_attn.q_proj.weight,28543.812668067454,31974.732949567846,3430.920281500392,0.0492949435252043
adamw_grpo,AdamW + GRPO,11,v_proj,attn,model.layers.11.self_attn.v_proj.weight,2.8678401021237847,2.867759772906702,-8.032921708256424e-05,-1.2164912642768411e-05
adamw_grpo,AdamW + GRPO,12,down_proj,mlp,model.layers.12.mlp.down_proj.weight,14.145448240851502,14.145416376438265,-3.1864413237769895e-05,-9.783044120631263e-07
adamw_grpo,AdamW + GRPO,12,gate_proj,mlp,model.layers.12.mlp.gate_proj.weight,18.888272791501652,18.88784020097375,-0.00043259052790389774,-9.946586046991295e-06
adamw_grpo,AdamW + GRPO,12,up_proj,mlp,model.layers.12.mlp.up_proj.weight,8.061255117094625,8.061215738465497,-3.9378629127284626e-05,-2.1215012869989446e-06
adamw_grpo,AdamW + GRPO,12,k_proj,attn,model.layers.12.self_attn.k_proj.weight,20.867707840632306,20.864259789570507,-0.003448051061798907,-7.17660651008462e-05
adamw_grpo,AdamW + GRPO,12,o_proj,attn,model.layers.12.self_attn.o_proj.weight,102000.14319866779,460517.8128697011,358517.66967103333,0.654645651935495
adamw_grpo,AdamW + GRPO,12,q_proj,attn,model.layers.12.self_attn.q_proj.weight,14798.684955393119,14654.870874815957,-143.8140805771618,-0.0042411285303640064
adamw_grpo,AdamW + GRPO,12,v_proj,attn,model.layers.12.self_attn.v_proj.weight,2.550671517667282,2.550844061314782,0.00017254364749996753,2.9377447883944376e-05
adamw_grpo,AdamW + GRPO,13,down_proj,mlp,model.layers.13.mlp.down_proj.weight,30.005646690345184,30.00364985397849,-0.001996836366693344,-2.890268893582908e-05
adamw_grpo,AdamW + GRPO,13,gate_proj,mlp,model.layers.13.mlp.gate_proj.weight,12.316046719506732,12.3165234826961,0.00047676318936851203,1.6811532101044e-05
adamw_grpo,AdamW + GRPO,13,up_proj,mlp,model.layers.13.mlp.up_proj.weight,6.311217662216599,6.310615192773089,-0.0006024694435096123,-4.1459771815427525e-05
adamw_grpo,AdamW + GRPO,13,k_proj,attn,model.layers.13.self_attn.k_proj.weight,41.906820743475016,41.95047969390503,0.04365895043001444,0.00045221687012869584
adamw_grpo,AdamW + GRPO,13,o_proj,attn,model.layers.13.self_attn.o_proj.weight,9641.296136551193,10186.537244141398,545.2411075902055,0.02389115479060338
adamw_grpo,AdamW + GRPO,13,q_proj,attn,model.layers.13.self_attn.q_proj.weight,57124.68510683214,83375.61938874004,26250.934281907903,0.16421525417799124
adamw_grpo,AdamW + GRPO,13,v_proj,attn,model.layers.13.self_attn.v_proj.weight,3.7001013163270056,3.7003145485965065,0.00021323226950098473,2.5027133535187393e-05
adamw_grpo,AdamW + GRPO,14,down_proj,mlp,model.layers.14.mlp.down_proj.weight,12.14858893422566,12.148792968065536,0.00020403383987499524,7.293853398465645e-06
adamw_grpo,AdamW + GRPO,14,gate_proj,mlp,model.layers.14.mlp.gate_proj.weight,13.416229041756727,13.416326169009505,9.712725277744028e-05,3.144078496602608e-06
adamw_grpo,AdamW + GRPO,14,up_proj,mlp,model.layers.14.mlp.up_proj.weight,6.92702720942221,6.927588300905541,0.0005610914833305003,3.5176571302856703e-05
adamw_grpo,AdamW + GRPO,14,k_proj,attn,model.layers.14.self_attn.k_proj.weight,23.136335100841148,23.130917529228025,-0.005417571613122618,-0.00010170569177555737
adamw_grpo,AdamW + GRPO,14,o_proj,attn,model.layers.14.self_attn.o_proj.weight,6453.263467239998,6517.4596030903695,64.19613585037132,0.004298951578596298
adamw_grpo,AdamW + GRPO,14,q_proj,attn,model.layers.14.self_attn.q_proj.weight,12016.462412922161,12616.386105741676,599.923692819515,0.02115833912501141
adamw_grpo,AdamW + GRPO,14,v_proj,attn,model.layers.14.self_attn.v_proj.weight,6.809948120874071,6.80914618038126,-0.0008019404928107932,-5.11455936116189e-05
adamw_grpo,AdamW + GRPO,15,down_proj,mlp,model.layers.15.mlp.down_proj.weight,12.83113835849419,12.830767606231527,-0.0003707522626630322,-1.2549002561253333e-05
adamw_grpo,AdamW + GRPO,15,gate_proj,mlp,model.layers.15.mlp.gate_proj.weight,16.831657108500657,16.832216428620413,0.0005593201197555686,1.443147303776879e-05
adamw_grpo,AdamW + GRPO,15,up_proj,mlp,model.layers.15.mlp.up_proj.weight,9.399973299687645,9.400207340910477,0.00023404122283210427,1.0812961169103927e-05
adamw_grpo,AdamW + GRPO,15,k_proj,attn,model.layers.15.self_attn.k_proj.weight,25.442585553328566,25.420842460743025,-0.021743092585541746,-0.0003713043368604734
adamw_grpo,AdamW + GRPO,15,o_proj,attn,model.layers.15.self_attn.o_proj.weight,29248.74824238646,33077.9780744891,3829.229832102643,0.053431670663107625
adamw_grpo,AdamW + GRPO,15,q_proj,attn,model.layers.15.self_attn.q_proj.weight,23869.157071525828,21722.5256490804,-2146.631422445429,-0.040926763671970345
adamw_grpo,AdamW + GRPO,15,v_proj,attn,model.layers.15.self_attn.v_proj.weight,3.3575600712900404,3.3577669640439427,0.000206892753902288,2.6760388860034204e-05
adamw_grpo,AdamW + GRPO,16,down_proj,mlp,model.layers.16.mlp.down_proj.weight,9.686499227673869,9.68644226831485,-5.695935901783855e-05,-2.553782069623683e-06
adamw_grpo,AdamW + GRPO,16,gate_proj,mlp,model.layers.16.mlp.gate_proj.weight,12.919883539201004,12.920724479532623,0.0008409403316189668,2.826680746025389e-05
adamw_grpo,AdamW + GRPO,16,up_proj,mlp,model.layers.16.mlp.up_proj.weight,6.159145316251316,6.1593609356807475,0.00021561942943115753,1.5203520051414333e-05
adamw_grpo,AdamW + GRPO,16,k_proj,attn,model.layers.16.self_attn.k_proj.weight,20.671141321487564,20.68338255066786,0.012241229180297353,0.00025710843420291996
adamw_grpo,AdamW + GRPO,16,o_proj,attn,model.layers.16.self_attn.o_proj.weight,41529.00729033527,95882.82925114324,54353.82196080797,0.36338929058750213
adamw_grpo,AdamW + GRPO,16,q_proj,attn,model.layers.16.self_attn.q_proj.weight,103943.38985456145,89927.73405170505,-14015.655802856403,-0.06290322570571306
adamw_grpo,AdamW + GRPO,16,v_proj,attn,model.layers.16.self_attn.v_proj.weight,2.78870242790059,2.7887260930441133,2.3665143523476928e-05,3.685440775114602e-06
adamw_grpo,AdamW + GRPO,17,down_proj,mlp,model.layers.17.mlp.down_proj.weight,6.7996349709306605,6.79974908436276,0.00011411343209921654,7.288393896554395e-06
adamw_grpo,AdamW + GRPO,17,gate_proj,mlp,model.layers.17.mlp.gate_proj.weight,17.968770886906377,17.968372912321353,-0.0003979745850237748,-9.618915024883187e-06
adamw_grpo,AdamW + GRPO,17,up_proj,mlp,model.layers.17.mlp.up_proj.weight,12.572357420855843,12.572389887624226,3.246676838308815e-05,1.1215176021069077e-06
adamw_grpo,AdamW + GRPO,17,k_proj,attn,model.layers.17.self_attn.k_proj.weight,15.488632202364206,15.491249205523424,0.0026170031592176457,7.337342702577247e-05
adamw_grpo,AdamW + GRPO,17,o_proj,attn,model.layers.17.self_attn.o_proj.weight,57591.66094582242,86555.08261383869,28963.42166801627,0.1769329714499828
adamw_grpo,AdamW + GRPO,17,q_proj,attn,model.layers.17.self_attn.q_proj.weight,13024.993728263826,12756.209010016355,-268.78471824747066,-0.009055896323731917
adamw_grpo,AdamW + GRPO,17,v_proj,attn,model.layers.17.self_attn.v_proj.weight,4.045377579425002,4.045349680002559,-2.789942244341148e-05,-2.99517332050856e-06
adamw_grpo,AdamW + GRPO,18,down_proj,mlp,model.layers.18.mlp.down_proj.weight,6.643981466821017,6.644038713473205,5.724665218842517e-05,3.7420029192805386e-06
adamw_grpo,AdamW + GRPO,18,gate_proj,mlp,model.layers.18.mlp.gate_proj.weight,18.455846043796296,18.45587515532664,2.9111530345460324e-05,6.850386044508926e-07
adamw_grpo,AdamW + GRPO,18,up_proj,mlp,model.layers.18.mlp.up_proj.weight,10.672724442726581,10.671075247230098,-0.0016491954964834576,-6.711424540445134e-05
adamw_grpo,AdamW + GRPO,18,k_proj,attn,model.layers.18.self_attn.k_proj.weight,22.852605445749074,22.847716525525648,-0.004888920223425686,-9.291974288205605e-05
adamw_grpo,AdamW + GRPO,18,o_proj,attn,model.layers.18.self_attn.o_proj.weight,21937.349567301397,19658.086073081988,-2279.263494219409,-0.04764292340100926
adamw_grpo,AdamW + GRPO,18,q_proj,attn,model.layers.18.self_attn.q_proj.weight,33741.713223670544,37002.97288567756,3261.259662007018,0.04006948750867823
adamw_grpo,AdamW + GRPO,18,v_proj,attn,model.layers.18.self_attn.v_proj.weight,2.1434580875579408,2.143610896314739,0.0001528087567983505,3.0960080251466485e-05
adamw_grpo,AdamW + GRPO,19,down_proj,mlp,model.layers.19.mlp.down_proj.weight,7.114441587440737,7.1143015451466125,-0.00014004229412467595,-8.548835973297683e-06
adamw_grpo,AdamW + GRPO,19,gate_proj,mlp,model.layers.19.mlp.gate_proj.weight,18.805480505433707,18.805914350859936,0.00043384542622959543,1.0019127200100439e-05
adamw_grpo,AdamW + GRPO,19,up_proj,mlp,model.layers.19.mlp.up_proj.weight,10.390484231630769,10.390477111166165,-7.120464603715959e-06,-2.97616499520322e-07
adamw_grpo,AdamW + GRPO,19,k_proj,attn,model.layers.19.self_attn.k_proj.weight,22.401692950673606,22.399051135134926,-0.002641815538680703,-5.1219056084781966e-05
adamw_grpo,AdamW + GRPO,19,o_proj,attn,model.layers.19.self_attn.o_proj.weight,24022.826455842358,26280.150197230454,2257.323741388096,0.039003739091936857
adamw_grpo,AdamW + GRPO,19,q_proj,attn,model.layers.19.self_attn.q_proj.weight,25682.89091427411,23382.90548396205,-2299.985430312059,-0.04074543294619483
adamw_grpo,AdamW + GRPO,19,v_proj,attn,model.layers.19.self_attn.v_proj.weight,3.008918396896258,3.008982024368089,6.36274718308627e-05,9.183621522570669e-06
adamw_grpo,AdamW + GRPO,2,down_proj,mlp,model.layers.2.mlp.down_proj.weight,13.20255066881167,13.20196082667285,-0.0005898421388188524,-1.9403137692549332e-05
adamw_grpo,AdamW + GRPO,2,gate_proj,mlp,model.layers.2.mlp.gate_proj.weight,17.38657445257771,17.385922332288068,-0.0006521202896436762,-1.628943961746919e-05
adamw_grpo,AdamW + GRPO,2,up_proj,mlp,model.layers.2.mlp.up_proj.weight,8.916099391549464,8.915970209244591,-0.00012918230487279914,-6.2923893213369605e-06
adamw_grpo,AdamW + GRPO,2,k_proj,attn,model.layers.2.self_attn.k_proj.weight,17.246031056628958,17.244214685981405,-0.0018163706475533559,-4.574277353311059e-05
adamw_grpo,AdamW + GRPO,2,o_proj,attn,model.layers.2.self_attn.o_proj.weight,31093.030750193404,35165.935922596575,4072.9051724031706,0.05345912405807009
adamw_grpo,AdamW + GRPO,2,q_proj,attn,model.layers.2.self_attn.q_proj.weight,24610.069351651575,25704.483978456803,1094.4146268052282,0.018896052206016426
adamw_grpo,AdamW + GRPO,2,v_proj,attn,model.layers.2.self_attn.v_proj.weight,3.1911166787384015,3.191466949006767,0.0003502702683655379,4.7667356591234876e-05
adamw_grpo,AdamW + GRPO,20,down_proj,mlp,model.layers.20.mlp.down_proj.weight,7.516513788547348,7.516668681603352,0.00015489305600357994,8.949428990640385e-06
adamw_grpo,AdamW + GRPO,20,gate_proj,mlp,model.layers.20.mlp.gate_proj.weight,19.204884886797178,19.205261350172037,0.00037646337485952586,8.513165523377695e-06
adamw_grpo,AdamW + GRPO,20,up_proj,mlp,model.layers.20.mlp.up_proj.weight,11.187456334212877,11.18798312526301,0.0005267910501327577,2.0449425956151045e-05
adamw_grpo,AdamW + GRPO,20,k_proj,attn,model.layers.20.self_attn.k_proj.weight,22.072850031907265,22.0640659939855,-0.008784037921763854,-0.00017286478495142908
adamw_grpo,AdamW + GRPO,20,o_proj,attn,model.layers.20.self_attn.o_proj.weight,123534.76145527787,124425.34685598378,890.5854007059097,0.0031196791368335052
adamw_grpo,AdamW + GRPO,20,q_proj,attn,model.layers.20.self_attn.q_proj.weight,9243.896257866112,9200.548008410362,-43.34824945575019,-0.0020413670293957893
adamw_grpo,AdamW + GRPO,20,v_proj,attn,model.layers.20.self_attn.v_proj.weight,6.942409244310096,6.941487775109861,-0.0009214692002350588,-5.7647933996293276e-05
adamw_grpo,AdamW + GRPO,21,down_proj,mlp,model.layers.21.mlp.down_proj.weight,9.390981919055381,9.389602071226674,-0.001379847828706815,-6.381700369507135e-05
adamw_grpo,AdamW + GRPO,21,gate_proj,mlp,model.layers.21.mlp.gate_proj.weight,17.629945642520745,17.62940091452695,-0.0005447279937946803,-1.3418987301937514e-05
adamw_grpo,AdamW + GRPO,21,up_proj,mlp,model.layers.21.mlp.up_proj.weight,8.16699577216017,8.167381904447515,0.0003861322873444095,2.0532783682336438e-05
adamw_grpo,AdamW + GRPO,21,k_proj,attn,model.layers.21.self_attn.k_proj.weight,29.992183020775197,29.998669602937994,0.00648658216279685,9.39172132912718e-05
adamw_grpo,AdamW + GRPO,21,o_proj,attn,model.layers.21.self_attn.o_proj.weight,298850.6543733745,1136653.6669543446,837803.0125809701,0.5801739462335648
adamw_grpo,AdamW + GRPO,21,q_proj,attn,model.layers.21.self_attn.q_proj.weight,14032.644030663625,14000.848137145624,-31.79589351800132,-0.0009851635280228345
adamw_grpo,AdamW + GRPO,21,v_proj,attn,model.layers.21.self_attn.v_proj.weight,4.366601968716395,4.36592682108312,-0.0006751476332755857,-6.715417704168798e-05
adamw_grpo,AdamW + GRPO,22,down_proj,mlp,model.layers.22.mlp.down_proj.weight,9.904782336268656,9.905199415493946,0.00041707922528999575,1.8287266324235322e-05
adamw_grpo,AdamW + GRPO,22,gate_proj,mlp,model.layers.22.mlp.gate_proj.weight,22.904187063530273,22.903962020517447,-0.0002250430128256653,-4.267142009279011e-06
adamw_grpo,AdamW + GRPO,22,up_proj,mlp,model.layers.22.mlp.up_proj.weight,12.79968858450657,12.799515281372479,-0.00017330313409225084,-5.880229340588979e-06
adamw_grpo,AdamW + GRPO,22,k_proj,attn,model.layers.22.self_attn.k_proj.weight,20.39377999771742,20.390907224234148,-0.002872773483272084,-6.118127947465262e-05
adamw_grpo,AdamW + GRPO,22,o_proj,attn,model.layers.22.self_attn.o_proj.weight,35374.77308841131,35603.489839144764,228.7167507334525,0.0027989066643176394
adamw_grpo,AdamW + GRPO,22,q_proj,attn,model.layers.22.self_attn.q_proj.weight,47977.340735145204,42560.26217939284,-5417.078555752363,-0.05203187780157194
adamw_grpo,AdamW + GRPO,22,v_proj,attn,model.layers.22.self_attn.v_proj.weight,5.233505964972921,5.2334188605408,-8.710443212134322e-05,-7.22828812684482e-06
adamw_grpo,AdamW + GRPO,23,down_proj,mlp,model.layers.23.mlp.down_proj.weight,11.80645745879601,11.805555603342238,-0.0009018554537707502,-3.317555739163618e-05
adamw_grpo,AdamW + GRPO,23,gate_proj,mlp,model.layers.23.mlp.gate_proj.weight,19.84423847022627,19.84323832039263,-0.0010001498336400516,-2.1888998195082938e-05
adamw_grpo,AdamW + GRPO,23,up_proj,mlp,model.layers.23.mlp.up_proj.weight,10.79189058648552,10.793279069887932,0.001388483402411822,5.587268391335166e-05
adamw_grpo,AdamW + GRPO,23,k_proj,attn,model.layers.23.self_attn.k_proj.weight,16.001526800630636,16.006873129440816,0.0053463288101802675,0.00014507948709504656
adamw_grpo,AdamW + GRPO,23,o_proj,attn,model.layers.23.self_attn.o_proj.weight,13053.866526333686,13043.137479464322,-10.729046869364538,-0.00035709586532865973
adamw_grpo,AdamW + GRPO,23,q_proj,attn,model.layers.23.self_attn.q_proj.weight,764874.9518123881,475660.82399464713,-289214.127817741,-0.20629305497405206
adamw_grpo,AdamW + GRPO,23,v_proj,attn,model.layers.23.self_attn.v_proj.weight,4.042193780833294,4.0425385630622745,0.00034478222898037814,3.704192377084539e-05
adamw_grpo,AdamW + GRPO,24,down_proj,mlp,model.layers.24.mlp.down_proj.weight,10.013056479364716,10.01248031727512,-0.0005761620895956554,-2.4990492769628267e-05
adamw_grpo,AdamW + GRPO,24,gate_proj,mlp,model.layers.24.mlp.gate_proj.weight,21.0475855955308,21.04787439170655,0.00028879617574872896,5.95896020910357e-06
adamw_grpo,AdamW + GRPO,24,up_proj,mlp,model.layers.24.mlp.up_proj.weight,13.895235392599337,13.895127155923973,-0.00010823667536463688,-3.3829418934920513e-06
adamw_grpo,AdamW + GRPO,24,k_proj,attn,model.layers.24.self_attn.k_proj.weight,31.211181081905732,31.178298573764785,-0.03288250814094695,-0.0004577917058415529
adamw_grpo,AdamW + GRPO,24,o_proj,attn,model.layers.24.self_attn.o_proj.weight,13596.107700858232,11622.794749725004,-1973.3129511332281,-0.06810402762543923
adamw_grpo,AdamW + GRPO,24,q_proj,attn,model.layers.24.self_attn.q_proj.weight,119825.2524376554,154581.19562287096,34755.943185215554,0.1106083094671228
adamw_grpo,AdamW + GRPO,24,v_proj,attn,model.layers.24.self_attn.v_proj.weight,3.6003445004354857,3.6000878111486063,-0.00025668928687938575,-3.096445770991941e-05
adamw_grpo,AdamW + GRPO,25,down_proj,mlp,model.layers.25.mlp.down_proj.weight,9.428473935149443,9.428123542456834,-0.0003503926926082812,-1.6140092410348015e-05
adamw_grpo,AdamW + GRPO,25,gate_proj,mlp,model.layers.25.mlp.gate_proj.weight,21.338091581274373,21.339694243275716,0.0016026620013427362,3.261777762923569e-05
adamw_grpo,AdamW + GRPO,25,up_proj,mlp,model.layers.25.mlp.up_proj.weight,18.112209505291784,18.113760245544594,0.001550740252810101,3.718205142357415e-05
adamw_grpo,AdamW + GRPO,25,k_proj,attn,model.layers.25.self_attn.k_proj.weight,22.462953951457504,22.447228332722855,-0.01572561873464906,-0.00030414259629944236
adamw_grpo,AdamW + GRPO,25,o_proj,attn,model.layers.25.self_attn.o_proj.weight,16296.613319126418,15743.974437035411,-552.638882091007,-0.0149829849297314
adamw_grpo,AdamW + GRPO,25,q_proj,attn,model.layers.25.self_attn.q_proj.weight,24555.210708810777,23188.401260365856,-1366.8094484449211,-0.02487285822387881
adamw_grpo,AdamW + GRPO,25,v_proj,attn,model.layers.25.self_attn.v_proj.weight,4.337190824833435,4.337206406874554,1.5582041118733514e-05,1.5602685221386748e-06
adamw_grpo,AdamW + GRPO,26,down_proj,mlp,model.layers.26.mlp.down_proj.weight,8.741682232718533,8.742577105222178,0.0008948725036450611,4.4455779700731544e-05
adamw_grpo,AdamW + GRPO,26,gate_proj,mlp,model.layers.26.mlp.gate_proj.weight,20.0336868429297,20.033126822019575,-0.0005600209101253029,-1.2140420901331508e-05
adamw_grpo,AdamW + GRPO,26,up_proj,mlp,model.layers.26.mlp.up_proj.weight,18.54966977174175,18.549318953182695,-0.0003508185590561652,-8.213623583212979e-06
adamw_grpo,AdamW + GRPO,26,k_proj,attn,model.layers.26.self_attn.k_proj.weight,18.924022446774764,18.8935288697565,-0.030493577018262386,-0.0007003729560281607
adamw_grpo,AdamW + GRPO,26,o_proj,attn,model.layers.26.self_attn.o_proj.weight,32723.99759321507,34409.814998198155,1685.817404983085,0.02181598562758194
adamw_grpo,AdamW + GRPO,26,q_proj,attn,model.layers.26.self_attn.q_proj.weight,48120.87790718429,42744.41423291225,-5376.4636742720395,-0.051454172006854065
adamw_grpo,AdamW + GRPO,26,v_proj,attn,model.layers.26.self_attn.v_proj.weight,4.835564685889436,4.837548564277636,0.0019838783882004662,0.0001781406723069141
adamw_grpo,AdamW + GRPO,27,down_proj,mlp,model.layers.27.mlp.down_proj.weight,11.983131396493501,11.98040725671848,-0.0027241397750206175,-9.873991437087267e-05
adamw_grpo,AdamW + GRPO,27,gate_proj,mlp,model.layers.27.mlp.gate_proj.weight,34.01131673372879,34.01034346737778,-0.0009732663510106931,-1.2427929704875404e-05
adamw_grpo,AdamW + GRPO,27,up_proj,mlp,model.layers.27.mlp.up_proj.weight,27.05991417573715,27.058238351740314,-0.0016758239968339694,-2.689674649662592e-05
adamw_grpo,AdamW + GRPO,27,k_proj,attn,model.layers.27.self_attn.k_proj.weight,16.960271595775623,16.954797602425472,-0.005473993350150863,-0.000140192851307265
adamw_grpo,AdamW + GRPO,27,o_proj,attn,model.layers.27.self_attn.o_proj.weight,99634.79632267175,97730.28452595389,-1904.5117967178667,-0.00838187418689409
adamw_grpo,AdamW + GRPO,27,q_proj,attn,model.layers.27.self_attn.q_proj.weight,91711.44628086085,67961.50601372142,-23749.940267139435,-0.13016054809810948
adamw_grpo,AdamW + GRPO,27,v_proj,attn,model.layers.27.self_attn.v_proj.weight,7.853791579470053,7.8547899167833055,0.0009983373132529394,5.520197821949579e-05
adamw_grpo,AdamW + GRPO,3,down_proj,mlp,model.layers.3.mlp.down_proj.weight,10.758270959803003,10.758362125046517,9.116524351426847e-05,3.680181935859833e-06
adamw_grpo,AdamW + GRPO,3,gate_proj,mlp,model.layers.3.mlp.gate_proj.weight,13.999766940935217,14.00007347729781,0.0003065363625935902,9.509129251752427e-06
adamw_grpo,AdamW + GRPO,3,up_proj,mlp,model.layers.3.mlp.up_proj.weight,7.592358408260811,7.592148385497082,-0.0002100227637287233,-1.201378860786206e-05
adamw_grpo,AdamW + GRPO,3,k_proj,attn,model.layers.3.self_attn.k_proj.weight,15.502942945207748,15.506486745258927,0.003543800051179602,9.926353559275672e-05
adamw_grpo,AdamW + GRPO,3,o_proj,attn,model.layers.3.self_attn.o_proj.weight,16528.241725287102,15131.958169625455,-1396.2835556616465,-0.03833152370178443
adamw_grpo,AdamW + GRPO,3,q_proj,attn,model.layers.3.self_attn.q_proj.weight,75355.26316454641,96519.88994751284,21164.62678296643,0.10750322718130018
adamw_grpo,AdamW + GRPO,3,v_proj,attn,model.layers.3.self_attn.v_proj.weight,3.891617107326821,3.8920131575136403,0.00039605018681942994,4.419593556946031e-05
adamw_grpo,AdamW + GRPO,4,down_proj,mlp,model.layers.4.mlp.down_proj.weight,11.15720155550664,11.159558563484563,0.0023570079779222652,9.173693286679835e-05
adamw_grpo,AdamW + GRPO,4,gate_proj,mlp,model.layers.4.mlp.gate_proj.weight,17.495981170242754,17.495742363744245,-0.00023880649850838154,-5.927821443002503e-06
adamw_grpo,AdamW + GRPO,4,up_proj,mlp,model.layers.4.mlp.up_proj.weight,8.782003015120793,8.781285659900417,-0.0007173552203756373,-3.5476660403584334e-05
adamw_grpo,AdamW + GRPO,4,k_proj,attn,model.layers.4.self_attn.k_proj.weight,23.93670634239095,23.911935977949142,-0.02477036444180669,-0.00044965261420722803
adamw_grpo,AdamW + GRPO,4,o_proj,attn,model.layers.4.self_attn.o_proj.weight,8582.208719375358,8803.12301558261,220.91429620725285,0.011037698396467451
adamw_grpo,AdamW + GRPO,4,q_proj,attn,model.layers.4.self_attn.q_proj.weight,19385.367499083055,19581.18699613244,195.81949704938597,0.0043649762736810505
adamw_grpo,AdamW + GRPO,4,v_proj,attn,model.layers.4.self_attn.v_proj.weight,3.7875720759658726,3.787108809591011,-0.00046326637486160394,-5.3122774026871166e-05
adamw_grpo,AdamW + GRPO,5,down_proj,mlp,model.layers.5.mlp.down_proj.weight,12.388049471794826,12.388536921175044,0.0004874493802180524,1.7088437664984952e-05
adamw_grpo,AdamW + GRPO,5,gate_proj,mlp,model.layers.5.mlp.gate_proj.weight,20.634483011844836,20.634830938520416,0.00034792667558036783,7.322759738451605e-06
adamw_grpo,AdamW + GRPO,5,up_proj,mlp,model.layers.5.mlp.up_proj.weight,8.094579137228608,8.094992321125806,0.0004131838971979107,2.216778709245257e-05
adamw_grpo,AdamW + GRPO,5,k_proj,attn,model.layers.5.self_attn.k_proj.weight,22.35050954040556,22.340162814334757,-0.010346726070803669,-0.00020109458559640003
adamw_grpo,AdamW + GRPO,5,o_proj,attn,model.layers.5.self_attn.o_proj.weight,14934.50156341116,14252.538860620904,-681.962702790257,-0.020298498859094523
adamw_grpo,AdamW + GRPO,5,q_proj,attn,model.layers.5.self_attn.q_proj.weight,14969.234018258956,15649.384172397233,680.1501541382768,0.019297674167662295
adamw_grpo,AdamW + GRPO,5,v_proj,attn,model.layers.5.self_attn.v_proj.weight,3.3558693468749854,3.3560631048870584,0.0001937580120729976,2.5074160413869732e-05
adamw_grpo,AdamW + GRPO,6,down_proj,mlp,model.layers.6.mlp.down_proj.weight,9.162314837809912,9.162345432303187,3.059449327480479e-05,1.4501790931189535e-06
adamw_grpo,AdamW + GRPO,6,gate_proj,mlp,model.layers.6.mlp.gate_proj.weight,19.228406692239826,19.226004729985455,-0.0024019622543711705,-5.425431910611759e-05
adamw_grpo,AdamW + GRPO,6,up_proj,mlp,model.layers.6.mlp.up_proj.weight,7.421489572866498,7.420906201544516,-0.0005833713219818293,-3.413935998181685e-05
adamw_grpo,AdamW + GRPO,6,k_proj,attn,model.layers.6.self_attn.k_proj.weight,22.193674123897594,22.190444032646827,-0.003230091250767231,-6.321228705188991e-05
adamw_grpo,AdamW + GRPO,6,o_proj,attn,model.layers.6.self_attn.o_proj.weight,70513.61868597266,143335.13103522037,72821.51234924771,0.3080796450007433
adamw_grpo,AdamW + GRPO,6,q_proj,attn,model.layers.6.self_attn.q_proj.weight,18604.75910456698,17694.70983605459,-910.04926851239,-0.021780605803926472
adamw_grpo,AdamW + GRPO,6,v_proj,attn,model.layers.6.self_attn.v_proj.weight,3.2802787964379356,3.280508083132401,0.00022928669446553585,3.0355488769485537e-05
adamw_grpo,AdamW + GRPO,7,down_proj,mlp,model.layers.7.mlp.down_proj.weight,7.967968298583799,7.968305554496684,0.00033725591288469303,1.8381760168933984e-05
adamw_grpo,AdamW + GRPO,7,gate_proj,mlp,model.layers.7.mlp.gate_proj.weight,16.82272426896548,16.82287465603153,0.00015038706604997287,3.882366492034408e-06
adamw_grpo,AdamW + GRPO,7,up_proj,mlp,model.layers.7.mlp.up_proj.weight,8.451906164480205,8.452014037095557,0.00010787261535227799,5.542913245873948e-06
adamw_grpo,AdamW + GRPO,7,k_proj,attn,model.layers.7.self_attn.k_proj.weight,30.442592542837964,30.457168040404568,0.014575497566603701,0.00020788450478006728
adamw_grpo,AdamW + GRPO,7,o_proj,attn,model.layers.7.self_attn.o_proj.weight,9457.463639954845,9764.98231666396,307.5186767091145,0.01389678087892445
adamw_grpo,AdamW + GRPO,7,q_proj,attn,model.layers.7.self_attn.q_proj.weight,9030.470682093728,9209.06610639966,178.59542430593137,0.008505203519092655
adamw_grpo,AdamW + GRPO,7,v_proj,attn,model.layers.7.self_attn.v_proj.weight,4.6148320901395445,4.615365778757892,0.0005336886183471279,5.0221680088183e-05
adamw_grpo,AdamW + GRPO,8,down_proj,mlp,model.layers.8.mlp.down_proj.weight,8.059006885143106,8.058517148775543,-0.0004897363675624433,-2.6392366673383616e-05
adamw_grpo,AdamW + GRPO,8,gate_proj,mlp,model.layers.8.mlp.gate_proj.weight,15.70276662952571,15.704641074502339,0.0018744449766288085,5.1838796669813277e-05
adamw_grpo,AdamW + GRPO,8,up_proj,mlp,model.layers.8.mlp.up_proj.weight,11.03707620181019,11.03681244822249,-0.0002637535877010322,-1.0378481974068037e-05
adamw_grpo,AdamW + GRPO,8,k_proj,attn,model.layers.8.self_attn.k_proj.weight,26.24428190856445,26.237893737694865,-0.006388170869584542,-0.00010572531864979356
adamw_grpo,AdamW + GRPO,8,o_proj,attn,model.layers.8.self_attn.o_proj.weight,8728.55329977634,8979.886182701553,251.3328829252132,0.012328563933059094
adamw_grpo,AdamW + GRPO,8,q_proj,attn,model.layers.8.self_attn.q_proj.weight,20459.276858621644,21596.385458670215,1137.1086000485702,0.02349079095055601
adamw_grpo,AdamW + GRPO,8,v_proj,attn,model.layers.8.self_attn.v_proj.weight,2.614956506444022,2.614807395030725,-0.00014911141329720934,-2.476527247552043e-05
adamw_grpo,AdamW + GRPO,9,down_proj,mlp,model.layers.9.mlp.down_proj.weight,11.96143651469935,11.961604066782549,0.0001675520831980748,6.083419448137861e-06
adamw_grpo,AdamW + GRPO,9,gate_proj,mlp,model.layers.9.mlp.gate_proj.weight,17.04541620966512,17.047230969850805,0.0018147601856846052,4.623520908861243e-05
adamw_grpo,AdamW + GRPO,9,up_proj,mlp,model.layers.9.mlp.up_proj.weight,8.607523542303687,8.607189696619242,-0.0003338456844446114,-1.6844583649720683e-05
adamw_grpo,AdamW + GRPO,9,k_proj,attn,model.layers.9.self_attn.k_proj.weight,29.979145885547403,29.970374535610148,-0.00877134993725548,-0.00012708521692964157
adamw_grpo,AdamW + GRPO,9,o_proj,attn,model.layers.9.self_attn.o_proj.weight,26480.436490575365,29280.62757627163,2800.191085696264,0.043655241262998794
adamw_grpo,AdamW + GRPO,9,q_proj,attn,model.layers.9.self_attn.q_proj.weight,35295.52653603585,38352.217271673275,3056.6907356374213,0.03607081199407468
adamw_grpo,AdamW + GRPO,9,v_proj,attn,model.layers.9.self_attn.v_proj.weight,3.911800039733773,3.9117689360194916,-3.1103714281499606e-05,-3.4531993061372355e-06
muon_grpo,Muon + GRPO,-1,embed,embed,model.embed_tokens.weight,69.18641058154057,69.18100836454231,-0.005402216998263043,-3.3911928855087044e-05
muon_grpo,Muon + GRPO,0,down_proj,mlp,model.layers.0.mlp.down_proj.weight,10.546793843948734,10.547251692414335,0.0004578484656008186,1.885281434956783e-05
muon_grpo,Muon + GRPO,0,gate_proj,mlp,model.layers.0.mlp.gate_proj.weight,50.790417231602824,50.78412495122337,-0.006292280379454951,-5.380684159939048e-05
muon_grpo,Muon + GRPO,0,up_proj,mlp,model.layers.0.mlp.up_proj.weight,30.557746350661454,30.557024905518343,-0.0007214451431103441,-1.0253483346923771e-05
muon_grpo,Muon + GRPO,0,k_proj,attn,model.layers.0.self_attn.k_proj.weight,18.73935745084044,18.738420413946333,-0.0009370368941077345,-2.1716866672511508e-05
muon_grpo,Muon + GRPO,0,o_proj,attn,model.layers.0.self_attn.o_proj.weight,38555.79005042446,35106.23907327521,-3449.5509771492507,-0.040705300675109635
muon_grpo,Muon + GRPO,0,q_proj,attn,model.layers.0.self_attn.q_proj.weight,184976.8751259078,186153.130369525,1176.2552436171973,0.0027529052597715683
muon_grpo,Muon + GRPO,0,v_proj,attn,model.layers.0.self_attn.v_proj.weight,7.7755061789352835,7.774665375029586,-0.0008408039056977401,-4.696494771081568e-05
muon_grpo,Muon + GRPO,1,down_proj,mlp,model.layers.1.mlp.down_proj.weight,8.998430005007657,8.998810774534553,0.0003807695268953637,1.8376828588076066e-05
muon_grpo,Muon + GRPO,1,gate_proj,mlp,model.layers.1.mlp.gate_proj.weight,33.91668364456576,33.91746045179575,0.0007768072299896289,9.946704509805971e-06
muon_grpo,Muon + GRPO,1,up_proj,mlp,model.layers.1.mlp.up_proj.weight,37.735381088331756,37.7346246343065,-0.0007564540252573693,-8.706076164903902e-06
muon_grpo,Muon + GRPO,1,k_proj,attn,model.layers.1.self_attn.k_proj.weight,30.087513316132128,30.085841336644428,-0.001671979487699815,-2.4134651283475978e-05
muon_grpo,Muon + GRPO,1,o_proj,attn,model.layers.1.self_attn.o_proj.weight,49034.98587834326,55945.06999071483,6910.084112371573,0.05725576695083942
muon_grpo,Muon + GRPO,1,q_proj,attn,model.layers.1.self_attn.q_proj.weight,1074758.1049613138,1469350.5738634393,394592.4689021255,0.1358146980191106
muon_grpo,Muon + GRPO,1,v_proj,attn,model.layers.1.self_attn.v_proj.weight,3.341969736117407,3.341881252941069,-8.848317633836089e-05,-1.149868699649771e-05
muon_grpo,Muon + GRPO,10,down_proj,mlp,model.layers.10.mlp.down_proj.weight,13.491719978091211,13.491295659395904,-0.0004243186953072353,-1.3658908287444531e-05
muon_grpo,Muon + GRPO,10,gate_proj,mlp,model.layers.10.mlp.gate_proj.weight,16.210019773701827,16.20954761398088,-0.00047215972094605263,-1.2650160253298757e-05
muon_grpo,Muon + GRPO,10,up_proj,mlp,model.layers.10.mlp.up_proj.weight,8.538043575643336,8.537278664205722,-0.0007649114376135913,-3.890958097965144e-05
muon_grpo,Muon + GRPO,10,k_proj,attn,model.layers.10.self_attn.k_proj.weight,24.034098760920294,24.03957114013676,0.00547237921646726,9.88742532763188e-05
muon_grpo,Muon + GRPO,10,o_proj,attn,model.layers.10.self_attn.o_proj.weight,15508.710116684786,16524.147591187477,1015.4374745026907,0.027543387000063514
muon_grpo,Muon + GRPO,10,q_proj,attn,model.layers.10.self_attn.q_proj.weight,12813.850813777506,13039.431588652567,225.58077487506125,0.0075789967827645105
muon_grpo,Muon + GRPO,10,v_proj,attn,model.layers.10.self_attn.v_proj.weight,3.2994636012714755,3.2992739369091977,-0.00018966436227785266,-2.4965437857494056e-05
muon_grpo,Muon + GRPO,11,down_proj,mlp,model.layers.11.mlp.down_proj.weight,16.054627449194015,16.053559199976284,-0.0010682492177309655,-2.8898221241735805e-05
muon_grpo,Muon + GRPO,11,gate_proj,mlp,model.layers.11.mlp.gate_proj.weight,13.225697438590451,13.225343396070812,-0.0003540425196391084,-1.1625910194502704e-05
muon_grpo,Muon + GRPO,11,up_proj,mlp,model.layers.11.mlp.up_proj.weight,6.605510357941471,6.605092078624382,-0.00041827931708926513,-2.7501607173354488e-05
muon_grpo,Muon + GRPO,11,k_proj,attn,model.layers.11.self_attn.k_proj.weight,21.610944081803808,21.609136270377647,-0.0018078114261612654,-3.633137748768832e-05
muon_grpo,Muon + GRPO,11,o_proj,attn,model.layers.11.self_attn.o_proj.weight,139258.46738802953,158568.36413461703,19309.896746587503,0.056394934601183576
muon_grpo,Muon + GRPO,11,q_proj,attn,model.layers.11.self_attn.q_proj.weight,28543.812668067454,29600.246091567988,1056.4334235005335,0.01578333927911427
muon_grpo,Muon + GRPO,11,v_proj,attn,model.layers.11.self_attn.v_proj.weight,2.8678401021237847,2.8676631703418294,-0.0001769317819553251,-2.679468320411564e-05
muon_grpo,Muon + GRPO,12,down_proj,mlp,model.layers.12.mlp.down_proj.weight,14.145448240851502,14.14598941037147,0.0005411695199679656,1.6614704365487618e-05
muon_grpo,Muon + GRPO,12,gate_proj,mlp,model.layers.12.mlp.gate_proj.weight,18.888272791501652,18.889440657366453,0.0011678658648008877,2.6851688709754195e-05
muon_grpo,Muon + GRPO,12,up_proj,mlp,model.layers.12.mlp.up_proj.weight,8.061255117094625,8.06076442671802,-0.0004906903766048742,-2.6436405484946983e-05
muon_grpo,Muon + GRPO,12,k_proj,attn,model.layers.12.self_attn.k_proj.weight,20.867707840632306,20.862393883279296,-0.0053139573530103235,-0.00011060708086574874
muon_grpo,Muon + GRPO,12,o_proj,attn,model.layers.12.self_attn.o_proj.weight,102000.14319866779,98717.4681882802,-3282.6750103875966,-0.014206773010962728
muon_grpo,Muon + GRPO,12,q_proj,attn,model.layers.12.self_attn.q_proj.weight,14798.684955393119,13976.023818383914,-822.661137009205,-0.02483949260593921
muon_grpo,Muon + GRPO,12,v_proj,attn,model.layers.12.self_attn.v_proj.weight,2.550671517667282,2.550627700082882,-4.381758439997441e-05,-7.460740608786023e-06
muon_grpo,Muon + GRPO,13,down_proj,mlp,model.layers.13.mlp.down_proj.weight,30.005646690345184,30.00362679583984,-0.002019894505345121,-2.9236449204199e-05
muon_grpo,Muon + GRPO,13,gate_proj,mlp,model.layers.13.mlp.gate_proj.weight,12.316046719506732,12.31664602339885,0.0005993038921179306,2.113243372113903e-05
muon_grpo,Muon + GRPO,13,up_proj,mlp,model.layers.13.mlp.up_proj.weight,6.311217662216599,6.310658248469466,-0.0005594137471325311,-3.849670292413524e-05
muon_grpo,Muon + GRPO,13,k_proj,attn,model.layers.13.self_attn.k_proj.weight,41.906820743475016,41.904207046348084,-0.0026136971269323794,-2.708746736308599e-05
muon_grpo,Muon + GRPO,13,o_proj,attn,model.layers.13.self_attn.o_proj.weight,9641.296136551193,9925.378686434851,284.08254988365843,0.012611662932606526
muon_grpo,Muon + GRPO,13,q_proj,attn,model.layers.13.self_attn.q_proj.weight,57124.68510683214,44597.711396961124,-12526.973709871017,-0.10751124632024092
muon_grpo,Muon + GRPO,13,v_proj,attn,model.layers.13.self_attn.v_proj.weight,3.7001013163270056,3.700242281860683,0.000140965533677484,1.6545327283710737e-05
muon_grpo,Muon + GRPO,14,down_proj,mlp,model.layers.14.mlp.down_proj.weight,12.14858893422566,12.148497138933775,-9.179529188507729e-05,-3.2815613041647884e-06
muon_grpo,Muon + GRPO,14,gate_proj,mlp,model.layers.14.mlp.gate_proj.weight,13.416229041756727,13.416472458379975,0.0002434166232472279,7.879526873725392e-06
muon_grpo,Muon + GRPO,14,up_proj,mlp,model.layers.14.mlp.up_proj.weight,6.92702720942221,6.927755796644804,0.000728587222593724,4.5676848278457786e-05
muon_grpo,Muon + GRPO,14,k_proj,attn,model.layers.14.self_attn.k_proj.weight,23.136335100841148,23.1383922155133,0.0020571146721515277,3.861259063670986e-05
muon_grpo,Muon + GRPO,14,o_proj,attn,model.layers.14.self_attn.o_proj.weight,6453.263467239998,6418.815526379859,-34.44794086013917,-0.002324501947424704
muon_grpo,Muon + GRPO,14,q_proj,attn,model.layers.14.self_attn.q_proj.weight,12016.462412922161,11679.199938884056,-337.2624740381052,-0.01236353904860131
muon_grpo,Muon + GRPO,14,v_proj,attn,model.layers.14.self_attn.v_proj.weight,6.809948120874071,6.809593645248547,-0.0003544756255244863,-2.2606752974921082e-05
muon_grpo,Muon + GRPO,15,down_proj,mlp,model.layers.15.mlp.down_proj.weight,12.83113835849419,12.830703069166294,-0.00043528932789627106,-1.4733451898829574e-05
muon_grpo,Muon + GRPO,15,gate_proj,mlp,model.layers.15.mlp.gate_proj.weight,16.831657108500657,16.831454748850224,-0.0002023596504336922,-5.221363961654174e-06
muon_grpo,Muon + GRPO,15,up_proj,mlp,model.layers.15.mlp.up_proj.weight,9.399973299687645,9.400418463425781,0.0004451637381368556,2.0566821956514407e-05
muon_grpo,Muon + GRPO,15,k_proj,attn,model.layers.15.self_attn.k_proj.weight,25.442585553328566,25.44250075785945,-8.479546911743796e-05,-1.4474262302850852e-06
muon_grpo,Muon + GRPO,15,o_proj,attn,model.layers.15.self_attn.o_proj.weight,29248.74824238646,32861.19593974393,3612.4476973574674,0.05057608062888517
muon_grpo,Muon + GRPO,15,q_proj,attn,model.layers.15.self_attn.q_proj.weight,23869.157071525828,24459.485414923485,590.3283433976576,0.010610233630459341
muon_grpo,Muon + GRPO,15,v_proj,attn,model.layers.15.self_attn.v_proj.weight,3.3575600712900404,3.3574996137826227,-6.045750741767719e-05,-7.820142513467932e-06
muon_grpo,Muon + GRPO,16,down_proj,mlp,model.layers.16.mlp.down_proj.weight,9.686499227673869,9.686973763858896,0.0004745361850275742,2.1275322886281523e-05
muon_grpo,Muon + GRPO,16,gate_proj,mlp,model.layers.16.mlp.gate_proj.weight,12.919883539201004,12.919352482992696,-0.0005310562083078452,-1.7851517024970596e-05
muon_grpo,Muon + GRPO,16,up_proj,mlp,model.layers.16.mlp.up_proj.weight,6.159145316251316,6.159125477136038,-1.983911527858595e-05,-1.398900614498398e-06
muon_grpo,Muon + GRPO,16,k_proj,attn,model.layers.16.self_attn.k_proj.weight,20.671141321487564,20.6663690278167,-0.004772293670864514,-0.00010027603496063766
muon_grpo,Muon + GRPO,16,o_proj,attn,model.layers.16.self_attn.o_proj.weight,41529.00729033527,46591.38013500564,5062.372844670368,0.04995402550206119
muon_grpo,Muon + GRPO,16,q_proj,attn,model.layers.16.self_attn.q_proj.weight,103943.38985456145,96777.80247279453,-7165.58738176692,-0.031021119761479303
muon_grpo,Muon + GRPO,16,v_proj,attn,model.layers.16.self_attn.v_proj.weight,2.78870242790059,2.7888437233143604,0.00014129541377050359,2.200387656803504e-05
muon_grpo,Muon + GRPO,17,down_proj,mlp,model.layers.17.mlp.down_proj.weight,6.7996349709306605,6.799700517441363,6.554651070267425e-05,4.186452776399331e-06
muon_grpo,Muon + GRPO,17,gate_proj,mlp,model.layers.17.mlp.gate_proj.weight,17.968770886906377,17.969304124233773,0.0005332373273958524,1.2887837135299478e-05
muon_grpo,Muon + GRPO,17,up_proj,mlp,model.layers.17.mlp.up_proj.weight,12.572357420855843,12.572438699901982,8.127904613886017e-05,2.8076617573764302e-06
muon_grpo,Muon + GRPO,17,k_proj,attn,model.layers.17.self_attn.k_proj.weight,15.488632202364206,15.489361619126326,0.0007294167621196834,2.0452045841363244e-05
muon_grpo,Muon + GRPO,17,o_proj,attn,model.layers.17.self_attn.o_proj.weight,57591.66094582242,60278.84142055759,2687.1804747351707,0.019805292657099672
muon_grpo,Muon + GRPO,17,q_proj,attn,model.layers.17.self_attn.q_proj.weight,13024.993728263826,12770.49027196481,-254.50345629901494,-0.00856995226669431
muon_grpo,Muon + GRPO,17,v_proj,attn,model.layers.17.self_attn.v_proj.weight,4.045377579425002,4.045360904209649,-1.667521535342331e-05,-1.7901836840238454e-06
muon_grpo,Muon + GRPO,18,down_proj,mlp,model.layers.18.mlp.down_proj.weight,6.643981466821017,6.643979661459301,-1.8053617152347101e-06,-1.1801037394396905e-07
muon_grpo,Muon + GRPO,18,gate_proj,mlp,model.layers.18.mlp.gate_proj.weight,18.455846043796296,18.456202858634327,0.0003568148380317382,8.39632151728188e-06
muon_grpo,Muon + GRPO,18,up_proj,mlp,model.layers.18.mlp.up_proj.weight,10.672724442726581,10.67277934109786,5.489837127825581e-05,2.23391866998199e-06
muon_grpo,Muon + GRPO,18,k_proj,attn,model.layers.18.self_attn.k_proj.weight,22.852605445749074,22.852173637469498,-0.0004318082795755629,-8.206229494023314e-06
muon_grpo,Muon + GRPO,18,o_proj,attn,model.layers.18.self_attn.o_proj.weight,21937.349567301397,20020.32310651959,-1917.0264607818062,-0.03971307345217273
muon_grpo,Muon + GRPO,18,q_proj,attn,model.layers.18.self_attn.q_proj.weight,33741.713223670544,31867.468157028856,-1874.245066641688,-0.024819569442349292
muon_grpo,Muon + GRPO,18,v_proj,attn,model.layers.18.self_attn.v_proj.weight,2.1434580875579408,2.1434201843737224,-3.790318421836858e-05,-7.679781280848345e-06
muon_grpo,Muon + GRPO,19,down_proj,mlp,model.layers.19.mlp.down_proj.weight,7.114441587440737,7.114264069510573,-0.00017751793016440587,-1.0836552441501734e-05
muon_grpo,Muon + GRPO,19,gate_proj,mlp,model.layers.19.mlp.gate_proj.weight,18.805480505433707,18.80527978636728,-0.00020071906642726844,-4.635438490810501e-06
muon_grpo,Muon + GRPO,19,up_proj,mlp,model.layers.19.mlp.up_proj.weight,10.390484231630769,10.390202772275382,-0.000281459355386815,-1.1764408453764627e-05
muon_grpo,Muon + GRPO,19,k_proj,attn,model.layers.19.self_attn.k_proj.weight,22.401692950673606,22.405690201771453,0.003997251097846544,7.748652016901986e-05
muon_grpo,Muon + GRPO,19,o_proj,attn,model.layers.19.self_attn.o_proj.weight,24022.826455842358,24522.557195874193,499.730740031835,0.008941652248281784
muon_grpo,Muon + GRPO,19,q_proj,attn,model.layers.19.self_attn.q_proj.weight,25682.89091427411,29809.65542079417,4126.7645065200595,0.06471304876669451
muon_grpo,Muon + GRPO,19,v_proj,attn,model.layers.19.self_attn.v_proj.weight,3.008918396896258,3.0089139340436097,-4.46285264832369e-06,-6.441496446291634e-07
muon_grpo,Muon + GRPO,2,down_proj,mlp,model.layers.2.mlp.down_proj.weight,13.20255066881167,13.202310018325512,-0.000240650486157179,-7.916207507902492e-06
muon_grpo,Muon + GRPO,2,gate_proj,mlp,model.layers.2.mlp.gate_proj.weight,17.38657445257771,17.387635816871,0.0010613642932888467,2.651071885956078e-05
muon_grpo,Muon + GRPO,2,up_proj,mlp,model.layers.2.mlp.up_proj.weight,8.916099391549464,8.915193800502209,-0.0009055910472550721,-4.4112694551783105e-05
muon_grpo,Muon + GRPO,2,k_proj,attn,model.layers.2.self_attn.k_proj.weight,17.246031056628958,17.24771249598614,0.0016814393571813468,4.2340422340252754e-05
muon_grpo,Muon + GRPO,2,o_proj,attn,model.layers.2.self_attn.o_proj.weight,31093.030750193404,29788.816448111273,-1304.2143020821313,-0.018609807938124515
muon_grpo,Muon + GRPO,2,q_proj,attn,model.layers.2.self_attn.q_proj.weight,24610.069351651575,23978.234900601645,-631.8344510499301,-0.011295627146525229
muon_grpo,Muon + GRPO,2,v_proj,attn,model.layers.2.self_attn.v_proj.weight,3.1911166787384015,3.191579873753757,0.00046319501535529994,6.303387225528617e-05
muon_grpo,Muon + GRPO,20,down_proj,mlp,model.layers.20.mlp.down_proj.weight,7.516513788547348,7.516485792148911,-2.7996398436869185e-05,-1.6175988416922545e-06
muon_grpo,Muon + GRPO,20,gate_proj,mlp,model.layers.20.mlp.gate_proj.weight,19.204884886797178,19.204895096589865,1.0209792687732033e-05,2.3088164672603154e-07
muon_grpo,Muon + GRPO,20,up_proj,mlp,model.layers.20.mlp.up_proj.weight,11.187456334212877,11.187012589180332,-0.00044374503254474007,-1.7226421748022008e-05
muon_grpo,Muon + GRPO,20,k_proj,attn,model.layers.20.self_attn.k_proj.weight,22.072850031907265,22.074090193512795,0.001240161605529977,2.4400121020466086e-05
muon_grpo,Muon + GRPO,20,o_proj,attn,model.layers.20.self_attn.o_proj.weight,123534.76145527787,122355.73414759728,-1179.0273076805897,-0.0041648537633623825
muon_grpo,Muon + GRPO,20,q_proj,attn,model.layers.20.self_attn.q_proj.weight,9243.896257866112,9515.391553385383,271.49529551927117,0.012571601134750648
muon_grpo,Muon + GRPO,20,v_proj,attn,model.layers.20.self_attn.v_proj.weight,6.942409244310096,6.942099083802265,-0.0003101605078308367,-1.940306331262569e-05
muon_grpo,Muon + GRPO,21,down_proj,mlp,model.layers.21.mlp.down_proj.weight,9.390981919055381,9.389681149908856,-0.0013007691465247717,-6.015941624578588e-05
muon_grpo,Muon + GRPO,21,gate_proj,mlp,model.layers.21.mlp.gate_proj.weight,17.629945642520745,17.63007089610976,0.00012525358901527284,3.0854745906603374e-06
muon_grpo,Muon + GRPO,21,up_proj,mlp,model.layers.21.mlp.up_proj.weight,8.16699577216017,8.166725199587002,-0.000270572573167982,-1.4388414702968231e-05
muon_grpo,Muon + GRPO,21,k_proj,attn,model.layers.21.self_attn.k_proj.weight,29.992183020775197,29.994079851176775,0.0018968304015771764,2.746572089489939e-05
muon_grpo,Muon + GRPO,21,o_proj,attn,model.layers.21.self_attn.o_proj.weight,298850.6543733745,159644.27913521437,-139206.3752381601,-0.2723008509376575
muon_grpo,Muon + GRPO,21,q_proj,attn,model.layers.21.self_attn.q_proj.weight,14032.644030663625,13276.556979336809,-756.0870513268164,-0.024054044820220825
muon_grpo,Muon + GRPO,21,v_proj,attn,model.layers.21.self_attn.v_proj.weight,4.366601968716395,4.366652391774686,5.0423058290505196e-05,5.014958931167686e-06
muon_grpo,Muon + GRPO,22,down_proj,mlp,model.layers.22.mlp.down_proj.weight,9.904782336268656,9.904541233668494,-0.00024110260016207974,-1.0571741983848248e-05
muon_grpo,Muon + GRPO,22,gate_proj,mlp,model.layers.22.mlp.gate_proj.weight,22.904187063530273,22.904661183654632,0.00047412012435898987,8.989868187241442e-06
muon_grpo,Muon + GRPO,22,up_proj,mlp,model.layers.22.mlp.up_proj.weight,12.79968858450657,12.799204940283358,-0.00048364422321256484,-1.641039814218889e-05
muon_grpo,Muon + GRPO,22,k_proj,attn,model.layers.22.self_attn.k_proj.weight,20.39377999771742,20.393822734222724,4.273650530350892e-05,9.100916546665614e-07
muon_grpo,Muon + GRPO,22,o_proj,attn,model.layers.22.self_attn.o_proj.weight,35374.77308841131,34034.815414384124,-1339.9576740271877,-0.016770263178992224
muon_grpo,Muon + GRPO,22,q_proj,attn,model.layers.22.self_attn.q_proj.weight,47977.340735145204,48900.634347254054,923.2936121088496,0.008278320466970147
muon_grpo,Muon + GRPO,22,v_proj,attn,model.layers.22.self_attn.v_proj.weight,5.233505964972921,5.233380205316527,-0.00012575965639438635,-1.0436097982169997e-05
muon_grpo,Muon + GRPO,23,down_proj,mlp,model.layers.23.mlp.down_proj.weight,11.80645745879601,11.80509525484548,-0.0013622039505296613,-5.011086452237512e-05
muon_grpo,Muon + GRPO,23,gate_proj,mlp,model.layers.23.mlp.gate_proj.weight,19.84423847022627,19.84369126078939,-0.0005472094368776936,-1.1975935278411077e-05
muon_grpo,Muon + GRPO,23,up_proj,mlp,model.layers.23.mlp.up_proj.weight,10.79189058648552,10.793051715248685,0.001161128763165209,4.6724407048092154e-05
muon_grpo,Muon + GRPO,23,k_proj,attn,model.layers.23.self_attn.k_proj.weight,16.001526800630636,16.01048281786763,0.008956017236993574,0.00024300561031257185
muon_grpo,Muon + GRPO,23,o_proj,attn,model.layers.23.self_attn.o_proj.weight,13053.866526333686,12986.924329970969,-66.94219636271737,-0.002232857726017086
muon_grpo,Muon + GRPO,23,q_proj,attn,model.layers.23.self_attn.q_proj.weight,764874.9518123881,864272.15018968,99397.1983772919,0.05306007992524605
muon_grpo,Muon + GRPO,23,v_proj,attn,model.layers.23.self_attn.v_proj.weight,4.042193780833294,4.042265995320932,7.221448763772287e-05,7.758676365174018e-06
muon_grpo,Muon + GRPO,24,down_proj,mlp,model.layers.24.mlp.down_proj.weight,10.013056479364716,10.011760604057105,-0.001295875307610217,-5.6209401940679175e-05
muon_grpo,Muon + GRPO,24,gate_proj,mlp,model.layers.24.mlp.gate_proj.weight,21.0475855955308,21.047731476210668,0.0001458806798666501,3.0100818185538533e-06
muon_grpo,Muon + GRPO,24,up_proj,mlp,model.layers.24.mlp.up_proj.weight,13.895235392599337,13.89524435986788,8.967268541937301e-06,2.802711778016786e-07
muon_grpo,Muon + GRPO,24,k_proj,attn,model.layers.24.self_attn.k_proj.weight,31.211181081905732,31.212913298429342,0.0017322165236102194,2.4102618879037543e-05
muon_grpo,Muon + GRPO,24,o_proj,attn,model.layers.24.self_attn.o_proj.weight,13596.107700858232,12931.353751859353,-664.7539489988794,-0.021770603676145
muon_grpo,Muon + GRPO,24,q_proj,attn,model.layers.24.self_attn.q_proj.weight,119825.2524376554,117112.78025324464,-2712.47218441077,-0.009944061364870664
muon_grpo,Muon + GRPO,24,v_proj,attn,model.layers.24.self_attn.v_proj.weight,3.6003445004354857,3.6002388241834535,-0.0001056762520321719,-1.2747470881187614e-05
muon_grpo,Muon + GRPO,25,down_proj,mlp,model.layers.25.mlp.down_proj.weight,9.428473935149443,9.428402647483543,-7.128766590014379e-05,-3.2836657537238906e-06
muon_grpo,Muon + GRPO,25,gate_proj,mlp,model.layers.25.mlp.gate_proj.weight,21.338091581274373,21.33816803754481,7.64562704382854e-05,1.5561127734249614e-06
muon_grpo,Muon + GRPO,25,up_proj,mlp,model.layers.25.mlp.up_proj.weight,18.112209505291784,18.11288006655849,0.000670561266705505,1.6078417548890806e-05
muon_grpo,Muon + GRPO,25,k_proj,attn,model.layers.25.self_attn.k_proj.weight,22.462953951457504,22.459887654219756,-0.0030662972377477615,-5.9287254532395225e-05
muon_grpo,Muon + GRPO,25,o_proj,attn,model.layers.25.self_attn.o_proj.weight,16296.613319126418,17327.95089854944,1031.3375794230215,0.0266498477737123
muon_grpo,Muon + GRPO,25,q_proj,attn,model.layers.25.self_attn.q_proj.weight,24555.210708810777,24074.957022077793,-480.2536867329836,-0.008578144667026567
muon_grpo,Muon + GRPO,25,v_proj,attn,model.layers.25.self_attn.v_proj.weight,4.337190824833435,4.3372176110427985,2.678620936347187e-05,2.6821662834268823e-06
muon_grpo,Muon + GRPO,26,down_proj,mlp,model.layers.26.mlp.down_proj.weight,8.741682232718533,8.742022626802033,0.00034039408349961775,1.6910748990904013e-05
muon_grpo,Muon + GRPO,26,gate_proj,mlp,model.layers.26.mlp.gate_proj.weight,20.0336868429297,20.033904830998914,0.00021798806921324854,4.725565556905746e-06
muon_grpo,Muon + GRPO,26,up_proj,mlp,model.layers.26.mlp.up_proj.weight,18.54966977174175,18.549620166854666,-4.960488708505295e-05,-1.1613768765955605e-06
muon_grpo,Muon + GRPO,26,k_proj,attn,model.layers.26.self_attn.k_proj.weight,18.924022446774764,18.92174071401943,-0.002281732755335497,-5.236749708603286e-05
muon_grpo,Muon + GRPO,26,o_proj,attn,model.layers.26.self_attn.o_proj.weight,32723.99759321507,33376.37166196098,652.3740687459067,0.008572770803664514
muon_grpo,Muon + GRPO,26,q_proj,attn,model.layers.26.self_attn.q_proj.weight,48120.87790718429,46836.2135985282,-1284.664308656087,-0.011751763965648367
muon_grpo,Muon + GRPO,26,v_proj,attn,model.layers.26.self_attn.v_proj.weight,4.835564685889436,4.8366649647096125,0.0011002788201768254,9.880762543506884e-05
muon_grpo,Muon + GRPO,27,down_proj,mlp,model.layers.27.mlp.down_proj.weight,11.983131396493501,11.984326087160952,0.00119469066745026,4.32960037783809e-05
muon_grpo,Muon + GRPO,27,gate_proj,mlp,model.layers.27.mlp.gate_proj.weight,34.01131673372879,34.011030512067954,-0.000286221660836361,-3.6548132469942986e-06
muon_grpo,Muon + GRPO,27,up_proj,mlp,model.layers.27.mlp.up_proj.weight,27.05991417573715,27.059645369576895,-0.00026880616025337645,-4.314190029686505e-06
muon_grpo,Muon + GRPO,27,k_proj,attn,model.layers.27.self_attn.k_proj.weight,16.960271595775623,16.959454333064134,-0.0008172627114895192,-2.0927803879006064e-05
muon_grpo,Muon + GRPO,27,o_proj,attn,model.layers.27.self_attn.o_proj.weight,99634.79632267175,95602.5465012329,-4032.2498214388615,-0.017941576894871622
muon_grpo,Muon + GRPO,27,q_proj,attn,model.layers.27.self_attn.q_proj.weight,91711.44628086085,84858.73758057637,-6852.708700284478,-0.03372697568023173
muon_grpo,Muon + GRPO,27,v_proj,attn,model.layers.27.self_attn.v_proj.weight,7.853791579470053,7.854131494015253,0.00033991454520077014,1.8795993669185893e-05
muon_grpo,Muon + GRPO,3,down_proj,mlp,model.layers.3.mlp.down_proj.weight,10.758270959803003,10.758318090576775,4.713077377260788e-05,1.9025910593076761e-06
muon_grpo,Muon + GRPO,3,gate_proj,mlp,model.layers.3.mlp.gate_proj.weight,13.999766940935217,14.000690749260123,0.0009238083249059059,2.865702142635979e-05
muon_grpo,Muon + GRPO,3,up_proj,mlp,model.layers.3.mlp.up_proj.weight,7.592358408260811,7.59207109546393,-0.00028731279688098965,-1.643504120453232e-05
muon_grpo,Muon + GRPO,3,k_proj,attn,model.layers.3.self_attn.k_proj.weight,15.502942945207748,15.499079480318173,-0.003863464889574786,-0.00010824335704458057
muon_grpo,Muon + GRPO,3,o_proj,attn,model.layers.3.self_attn.o_proj.weight,16528.241725287102,16480.09349571787,-48.14822956923308,-0.0012669845422906977
muon_grpo,Muon + GRPO,3,q_proj,attn,model.layers.3.self_attn.q_proj.weight,75355.26316454641,76531.97594731541,1176.7127827689983,0.006729335472266488
muon_grpo,Muon + GRPO,3,v_proj,attn,model.layers.3.self_attn.v_proj.weight,3.891617107326821,3.891741705878138,0.00012459855131696784,1.3904655970138745e-05
muon_grpo,Muon + GRPO,4,down_proj,mlp,model.layers.4.mlp.down_proj.weight,11.15720155550664,11.157850908629667,0.0006493531230269411,2.5275358744470553e-05
muon_grpo,Muon + GRPO,4,gate_proj,mlp,model.layers.4.mlp.gate_proj.weight,17.495981170242754,17.496212266844733,0.00023109660197917492,5.736363981185118e-06
muon_grpo,Muon + GRPO,4,up_proj,mlp,model.layers.4.mlp.up_proj.weight,8.782003015120793,8.780675868123815,-0.0013271469969780014,-6.563607094234687e-05
muon_grpo,Muon + GRPO,4,k_proj,attn,model.layers.4.self_attn.k_proj.weight,23.93670634239095,23.93532861062893,-0.0013777317620196072,-2.4997529457012546e-05
muon_grpo,Muon + GRPO,4,o_proj,attn,model.layers.4.self_attn.o_proj.weight,8582.208719375358,8938.125945615126,355.91722623976784,0.017647397567372228
muon_grpo,Muon + GRPO,4,q_proj,attn,model.layers.4.self_attn.q_proj.weight,19385.367499083055,18871.147893865564,-514.2196052174913,-0.011675720355003576
muon_grpo,Muon + GRPO,4,v_proj,attn,model.layers.4.self_attn.v_proj.weight,3.7875720759658726,3.787245873797004,-0.00032620216886858344,-3.7404939089388436e-05
muon_grpo,Muon + GRPO,5,down_proj,mlp,model.layers.5.mlp.down_proj.weight,12.388049471794826,12.388292937320843,0.0002434655260170615,8.535217405401035e-06
muon_grpo,Muon + GRPO,5,gate_proj,mlp,model.layers.5.mlp.gate_proj.weight,20.634483011844836,20.635184630392892,0.0007016185480566151,1.476673214296829e-05
muon_grpo,Muon + GRPO,5,up_proj,mlp,model.layers.5.mlp.up_proj.weight,8.094579137228608,8.09495183595112,0.0003726987225114442,1.999576132200646e-05
muon_grpo,Muon + GRPO,5,k_proj,attn,model.layers.5.self_attn.k_proj.weight,22.35050954040556,22.349172969899904,-0.0013365705056571642,-2.5971781581249017e-05
muon_grpo,Muon + GRPO,5,o_proj,attn,model.layers.5.self_attn.o_proj.weight,14934.50156341116,15020.827880054298,86.32631664313703,0.002503137000698778
muon_grpo,Muon + GRPO,5,q_proj,attn,model.layers.5.self_attn.q_proj.weight,14969.234018258956,15196.685802674023,227.45178441506687,0.00654930646814373
muon_grpo,Muon + GRPO,5,v_proj,attn,model.layers.5.self_attn.v_proj.weight,3.3558693468749854,3.3559465255165892,7.71786416038367e-05,9.987836021773771e-06
muon_grpo,Muon + GRPO,6,down_proj,mlp,model.layers.6.mlp.down_proj.weight,9.162314837809912,9.162104575113334,-0.00021026269657831165,-9.966583586684973e-06
muon_grpo,Muon + GRPO,6,gate_proj,mlp,model.layers.6.mlp.gate_proj.weight,19.228406692239826,19.227088048933457,-0.001318643306369438,-2.9784014775192742e-05
muon_grpo,Muon + GRPO,6,up_proj,mlp,model.layers.6.mlp.up_proj.weight,7.421489572866498,7.420520650700109,-0.0009689221663888858,-5.670357916691453e-05
muon_grpo,Muon + GRPO,6,k_proj,attn,model.layers.6.self_attn.k_proj.weight,22.193674123897594,22.196118166165377,0.00244404226778272,4.782334031092362e-05
muon_grpo,Muon + GRPO,6,o_proj,attn,model.layers.6.self_attn.o_proj.weight,70513.61868597266,98434.70682795286,27921.088141980203,0.1448752493611729
muon_grpo,Muon + GRPO,6,q_proj,attn,model.layers.6.self_attn.q_proj.weight,18604.75910456698,19229.826997261047,625.0678926940673,0.014351325964225817
muon_grpo,Muon + GRPO,6,v_proj,attn,model.layers.6.self_attn.v_proj.weight,3.2802787964379356,3.280325368320374,4.657188243850641e-05,6.165868583878584e-06
muon_grpo,Muon + GRPO,7,down_proj,mlp,model.layers.7.mlp.down_proj.weight,7.967968298583799,7.967982926414431,1.4627830631219751e-05,7.972898555729869e-07
muon_grpo,Muon + GRPO,7,gate_proj,mlp,model.layers.7.mlp.gate_proj.weight,16.82272426896548,16.823033498514228,0.0003092295487476804,7.982978870243845e-06
muon_grpo,Muon + GRPO,7,up_proj,mlp,model.layers.7.mlp.up_proj.weight,8.451906164480205,8.451553199847188,-0.00035296463301648373,-1.8137185903099053e-05
muon_grpo,Muon + GRPO,7,k_proj,attn,model.layers.7.self_attn.k_proj.weight,30.442592542837964,30.45033220870652,0.0077396658685557895,0.0001104001560215589
muon_grpo,Muon + GRPO,7,o_proj,attn,model.layers.7.self_attn.o_proj.weight,9457.463639954845,9302.810098543318,-154.65354141152784,-0.007160524639817502
muon_grpo,Muon + GRPO,7,q_proj,attn,model.layers.7.self_attn.q_proj.weight,9030.470682093728,9164.199755500276,133.7290734065482,0.00638416009700451
muon_grpo,Muon + GRPO,7,v_proj,attn,model.layers.7.self_attn.v_proj.weight,4.6148320901395445,4.61499396802558,0.00016187788603527764,1.5233802286503152e-05
muon_grpo,Muon + GRPO,8,down_proj,mlp,model.layers.8.mlp.down_proj.weight,8.059006885143106,8.059318643659932,0.00031175851682618827,1.680013265881841e-05
muon_grpo,Muon + GRPO,8,gate_proj,mlp,model.layers.8.mlp.gate_proj.weight,15.70276662952571,15.703047081243723,0.00028045171801238666,7.756438645264866e-06
muon_grpo,Muon + GRPO,8,up_proj,mlp,model.layers.8.mlp.up_proj.weight,11.03707620181019,11.037455299764341,0.0003790979541502537,1.491675142396352e-05
muon_grpo,Muon + GRPO,8,k_proj,attn,model.layers.8.self_attn.k_proj.weight,26.24428190856445,26.242759339951302,-0.0015225686131472571,-2.519643445182215e-05
muon_grpo,Muon + GRPO,8,o_proj,attn,model.layers.8.self_attn.o_proj.weight,8728.55329977634,8934.269906359987,205.71660658364635,0.01011680025073633
muon_grpo,Muon + GRPO,8,q_proj,attn,model.layers.8.self_attn.q_proj.weight,20459.276858621644,19813.553545173803,-645.7233134478411,-0.013927906437720334
muon_grpo,Muon + GRPO,8,v_proj,attn,model.layers.8.self_attn.v_proj.weight,2.614956506444022,2.615003260599575,4.675415555288609e-05,7.764905531841133e-06
muon_grpo,Muon + GRPO,9,down_proj,mlp,model.layers.9.mlp.down_proj.weight,11.96143651469935,11.960989293349725,-0.000447221349626048,-1.6237965657246e-05
muon_grpo,Muon + GRPO,9,gate_proj,mlp,model.layers.9.mlp.gate_proj.weight,17.04541620966512,17.046684080605917,0.0012678709407971667,3.230246003734494e-05
muon_grpo,Muon + GRPO,9,up_proj,mlp,model.layers.9.mlp.up_proj.weight,8.607523542303687,8.608053082827773,0.0005295405240861584,2.6717261075263047e-05
muon_grpo,Muon + GRPO,9,k_proj,attn,model.layers.9.self_attn.k_proj.weight,29.979145885547403,29.97635953721624,-0.002786348331163424,-4.0366458333489305e-05
muon_grpo,Muon + GRPO,9,o_proj,attn,model.layers.9.self_attn.o_proj.weight,26480.436490575365,28464.99955468414,1984.5630641087737,0.031386041828636406
muon_grpo,Muon + GRPO,9,q_proj,attn,model.layers.9.self_attn.q_proj.weight,35295.52653603585,35814.96970192461,519.4431658887552,0.006344923045746877
muon_grpo,Muon + GRPO,9,v_proj,attn,model.layers.9.self_attn.v_proj.weight,3.911800039733773,3.9118986155953666,9.857586159345288e-05,1.0943916586575299e-05
