experiment,experiment_label,layer,component,type,param_name,frobenius_norm,spectral_norm,nuclear_norm,effective_rank,stable_rank,spectral_entropy,gini_coefficient,rank_90,rank_95,rank_99,top1_energy,top5_energy,top10_energy,top50_energy,num_sv
adamw_sft,AdamW + SFT,-1,embed,embed,model.embed_tokens.weight,0.1988017969560381,0.11522216349840164,5.150521290546749,671.2151682553605,2.976929570627583,0.6222699749499518,0.24110646690271698,810,1107,1427,0.33591657991061724,0.49342064877573544,0.5411627600209967,0.6410737120063671,1536
adamw_sft,AdamW + SFT,0,down_proj,mlp,model.layers.0.mlp.down_proj.weight,0.0739077410600329,0.017010996118187904,2.5964956906391308,1234.227887598654,18.87645191863295,0.9168138193524832,0.1881118868112659,1111,1292,1477,0.05297605738146689,0.11831658128498193,0.16314204098189933,0.2691160064380367,1536
adamw_sft,AdamW + SFT,0,gate_proj,mlp,model.layers.0.mlp.gate_proj.weight,0.0712269683865553,0.018066462129354477,2.487724308099132,1219.8756981827885,15.543280692534136,0.9110471806231724,0.19302780326492153,1101,1284,1473,0.06433648209675114,0.12723743458308134,0.17023299029704297,0.2747548413970048,1536
adamw_sft,AdamW + SFT,0,up_proj,mlp,model.layers.0.mlp.up_proj.weight,0.07728911034566001,0.021964523941278458,2.6255330061540008,1153.9801753540958,12.382063500597946,0.8870955864839835,0.20685181693819477,1068,1263,1466,0.08076198284330466,0.1569439344219636,0.2052102289213037,0.3219053795133164,1536
adamw_sft,AdamW + SFT,0,k_proj,attn,model.layers.0.self_attn.k_proj.weight,0.01115484926752866,0.003875692607834935,0.15711227741849143,198.37769310961454,8.283783941836193,0.8846649904124125,0.22656621648434072,173,206,242,0.120717779099673,0.23932009330316983,0.29893452016305,0.5447194776814085,256
adamw_sft,AdamW + SFT,0,o_proj,attn,model.layers.0.self_attn.o_proj.weight,0.03627077726738841,0.013718025758862495,0.9881139386443714,742.1647555391168,6.9908582591717945,0.7717185840072365,0.4307399159275729,598,782,1089,0.14304395296357642,0.26527716191897965,0.327781595376873,0.4673780661250866,1536
adamw_sft,AdamW + SFT,0,q_proj,attn,model.layers.0.self_attn.q_proj.weight,0.027737571212125996,0.009121608920395374,0.7631440167547494,756.9656054288248,9.246853215770445,0.8069940530592685,0.4703444675352133,583,742,1010,0.10814489823354251,0.20579549894544388,0.2621263383589169,0.39256720903165643,1536
adamw_sft,AdamW + SFT,0,v_proj,attn,model.layers.0.self_attn.v_proj.weight,0.014680689500948701,0.0056219627149403095,0.20321189213427715,191.60433583959963,6.818941814721742,0.8623961108330601,0.22120425275906008,175,209,245,0.1466503201187392,0.27780882637423127,0.3442445716817122,0.5724889508723001,256
adamw_sft,AdamW + SFT,1,down_proj,mlp,model.layers.1.mlp.down_proj.weight,0.07124585688677593,0.013189714401960373,2.5384372720727697,1269.44428129875,29.177524653372576,0.931845099614957,0.18437268544393914,1125,1300,1479,0.034272955361359346,0.08707440449067726,0.12956331919924396,0.2476729585717362,1536
adamw_sft,AdamW + SFT,1,gate_proj,mlp,model.layers.1.mlp.gate_proj.weight,0.06771858649150268,0.013210989534854889,2.416903134513632,1273.8043308736294,26.275141995052255,0.932402296226207,0.18281887551293274,1128,1301,1479,0.038058785759875445,0.09100081821188216,0.13552872634828414,0.24085819728155797,1536
adamw_sft,AdamW + SFT,1,up_proj,mlp,model.layers.1.mlp.up_proj.weight,0.07195083404399306,0.014969202689826488,2.527503717070431,1233.9908537526408,23.103316474796987,0.9195474640259885,0.19220397069522877,1109,1289,1475,0.043283829016101776,0.10707148405194925,0.15446766389659905,0.27094419578157164,1536
adamw_sft,AdamW + SFT,1,k_proj,attn,model.layers.1.self_attn.k_proj.weight,0.013027547891535485,0.005271388217806816,0.1735399855824653,177.4490821450404,6.107667043680234,0.8329878842892706,0.2645287666749798,157,195,240,0.16372863694898476,0.3108746259431429,0.37872003962096784,0.6274308030925848,256
adamw_sft,AdamW + SFT,1,o_proj,attn,model.layers.1.self_attn.o_proj.weight,0.03346377963390965,0.010754196904599667,0.9374150374932242,784.7184226930879,9.68264513463945,0.7955386302896811,0.4226392557234435,625,805,1104,0.10327756373333583,0.2410492222355982,0.2949966031447975,0.4347075340864687,1536
adamw_sft,AdamW + SFT,1,q_proj,attn,model.layers.1.self_attn.q_proj.weight,0.02851524172029171,0.007872866466641426,0.8384152379653358,864.4984341658542,13.118625794817628,0.8378742949026923,0.41296953475942555,662,836,1122,0.07622749635827246,0.17291445839888142,0.2199569151689789,0.36262024935059184,1536
adamw_sft,AdamW + SFT,1,v_proj,attn,model.layers.1.self_attn.v_proj.weight,0.016373945162097458,0.007365453988313675,0.21407175113563426,170.92754705519644,4.942055536013597,0.8024878307756849,0.2430281100496221,164,201,242,0.20234495397974192,0.36691936431999334,0.43567857633956525,0.6379610060510613,256
adamw_sft,AdamW + SFT,10,down_proj,mlp,model.layers.10.mlp.down_proj.weight,0.06807034480669322,0.012978160753846169,2.409165642457083,1252.6144604164635,27.509937425068618,0.9251670503630278,0.1889022361962549,1115,1294,1478,0.0363505007135619,0.11144551379348737,0.14615821515655394,0.2534963048200152,1536
adamw_sft,AdamW + SFT,10,gate_proj,mlp,model.layers.10.mlp.gate_proj.weight,0.06308034290974399,0.010745523497462273,2.267204162722919,1291.7937218932439,34.46140142244316,0.9385781512590581,0.17990651931082824,1135,1306,1481,0.029017972535172208,0.08661041283267198,0.12048690400135582,0.2277802676027721,1536
adamw_sft,AdamW + SFT,10,up_proj,mlp,model.layers.10.mlp.up_proj.weight,0.06580649389666918,0.01338169351220131,2.3269113216083497,1250.3228268431715,24.18328798768798,0.9232986599757861,0.1861079142736084,1120,1297,1478,0.041350870092979615,0.11306799313687761,0.14817169399110128,0.25852010690253036,1536
adamw_sft,AdamW + SFT,10,k_proj,attn,model.layers.10.self_attn.k_proj.weight,0.010071393276785686,0.002470199018716812,0.14819636070751585,216.5189774401581,16.62322259257836,0.9291947127833922,0.1939511513173362,187,216,247,0.060156807407876614,0.1653663385710388,0.23065013890865363,0.4844544033053769,256
adamw_sft,AdamW + SFT,10,o_proj,attn,model.layers.10.self_attn.o_proj.weight,0.0285561262363079,0.007394664455205202,0.8341994998413611,853.3776489453959,14.912884091079142,0.832238937352412,0.4139767288268146,657,832,1120,0.06705611026630308,0.1864584658378794,0.2309328004446389,0.37315079839558374,1536
adamw_sft,AdamW + SFT,10,q_proj,attn,model.layers.10.self_attn.q_proj.weight,0.026058826991172186,0.004676673095673323,0.785417922020418,908.4308805048278,31.048147891655233,0.8637551176617725,0.40970681852120694,680,850,1131,0.032208040347191484,0.11874279567209756,0.1707224815676331,0.32914257755326326,1536
adamw_sft,AdamW + SFT,10,v_proj,attn,model.layers.10.self_attn.v_proj.weight,0.011162789028570626,0.002581051317974925,0.16504677466582507,218.60930818372097,18.704760624826932,0.9334410473602505,0.189119531081418,188,217,247,0.05346232545059649,0.16315099878754277,0.22066107355476616,0.4727336565014518,256
adamw_sft,AdamW + SFT,11,down_proj,mlp,model.layers.11.mlp.down_proj.weight,0.06903554183178387,0.0141343604773283,2.4356365077546798,1244.7423749202676,23.85575408253731,0.9216959966665308,0.1891520923646015,1112,1292,1477,0.04191860783524809,0.11776128700424066,0.15428918519904555,0.2586480481027923,1536
adamw_sft,AdamW + SFT,11,gate_proj,mlp,model.layers.11.mlp.gate_proj.weight,0.06390687454195394,0.011604611761868,2.2832994793425314,1276.5287449568484,30.327312443145555,0.9328900055428982,0.18168153151298116,1130,1304,1481,0.03297357792170653,0.09849734672187015,0.13293933693748683,0.23922805272418438,1536
adamw_sft,AdamW + SFT,11,up_proj,mlp,model.layers.11.mlp.up_proj.weight,0.06664403249736874,0.014447786845266819,2.3442554679349996,1237.3351212144723,21.277464942254568,0.9178441029758236,0.18676472086626683,1116,1295,1478,0.04699808002099519,0.1231149993051535,0.15994258672122114,0.26838366314982304,1536
adamw_sft,AdamW + SFT,11,k_proj,attn,model.layers.11.self_attn.k_proj.weight,0.009606348322198241,0.0024040299467742443,0.1408515932271257,214.98436070635458,15.967499572117852,0.9250094199640365,0.19474010963985666,186,216,246,0.06262721320163248,0.1750176128977017,0.23868985679177157,0.48789905888952406,256
adamw_sft,AdamW + SFT,11,o_proj,attn,model.layers.11.self_attn.o_proj.weight,0.0287687878668757,0.007940798066556454,0.8308097478386856,833.9884558450223,13.125468786783214,0.8229717295080562,0.41722767084022183,648,824,1115,0.07618775498570818,0.2003759654380375,0.2469004545491016,0.3906325722052256,1536
adamw_sft,AdamW + SFT,11,q_proj,attn,model.layers.11.self_attn.q_proj.weight,0.025331612794733,0.004743929952383041,0.7672408878885335,917.3557690049082,28.513409189200676,0.86731397740764,0.40761669210107376,685,855,1135,0.035071218364822736,0.11044996319303238,0.1630867888873895,0.3224657944596489,1536
adamw_sft,AdamW + SFT,11,v_proj,attn,model.layers.11.self_attn.v_proj.weight,0.011411198842376452,0.003120040288195014,0.16712725890101865,214.50234002879532,13.376489169482575,0.9234380014955123,0.19539965084097166,186,215,246,0.07475803159781437,0.17887531727706563,0.23954869685778699,0.4881834163712727,256
adamw_sft,AdamW + SFT,12,down_proj,mlp,model.layers.12.mlp.down_proj.weight,0.07039382856851933,0.016459379345178604,2.4571643444360234,1218.4262222086136,18.29120271887962,0.9104019427779505,0.19225055439457228,1102,1285,1475,0.054671090543861864,0.13881302890426733,0.17366246416305725,0.2755564736322932,1536
adamw_sft,AdamW + SFT,12,gate_proj,mlp,model.layers.12.mlp.gate_proj.weight,0.06338726784236036,0.013031432405114174,2.2599329391960055,1271.1214236907936,23.66027317562686,0.9290705229282279,0.18001628373927692,1130,1303,1480,0.04226493889470935,0.11137784564383425,0.14251485839150874,0.24030693033510286,1536
adamw_sft,AdamW + SFT,12,up_proj,mlp,model.layers.12.mlp.up_proj.weight,0.06725601687219235,0.015548002906143665,2.355790941393934,1226.9057681241793,18.711692008740386,0.9133185770747857,0.18852605702453396,1111,1291,1477,0.05344252136754345,0.13301083385124934,0.1680120497201696,0.27344836623236934,1536
adamw_sft,AdamW + SFT,12,k_proj,attn,model.layers.12.self_attn.k_proj.weight,0.010472735779876959,0.0026035886257886887,0.15128069912316278,208.6636271379013,16.179889908540424,0.9126317426284821,0.2084642994355872,182,213,246,0.06180511768946945,0.19912020436556796,0.26857799615267586,0.5193034272206787,256
adamw_sft,AdamW + SFT,12,o_proj,attn,model.layers.12.self_attn.o_proj.weight,0.029399792767481066,0.008766552433371544,0.8457679664069531,827.5875067605851,11.246849119513037,0.8166693607683209,0.41615134858268155,646,823,1115,0.08891379170945059,0.21442522163343347,0.2588202819692853,0.3931197475659541,1536
adamw_sft,AdamW + SFT,12,q_proj,attn,model.layers.12.self_attn.q_proj.weight,0.027266677482384837,0.006229298189282417,0.8056610608268215,873.0523893808794,19.159589561758732,0.8461332439034159,0.41407210182696064,664,837,1123,0.05219318486842398,0.1492883619662906,0.2069673987664871,0.36043995959445896,1536
adamw_sft,AdamW + SFT,12,v_proj,attn,model.layers.12.self_attn.v_proj.weight,0.011630447611554462,0.00295617850497365,0.1703118247387465,214.43552986357795,15.478595432472313,0.9241770640479512,0.19627658553177785,186,215,247,0.06460534512725329,0.1800492517925941,0.2441578798736708,0.4891248801366295,256
adamw_sft,AdamW + SFT,13,down_proj,mlp,model.layers.13.mlp.down_proj.weight,0.07025743879768116,0.015942838042974472,2.4593014350975864,1225.2900277720933,19.420184827422812,0.9132428281343862,0.1911522866643094,1105,1287,1476,0.05149281579379833,0.13342037700962694,0.1693138108970289,0.2713705415456721,1536
adamw_sft,AdamW + SFT,13,gate_proj,mlp,model.layers.13.mlp.gate_proj.weight,0.06501278323544124,0.013414583168923855,2.304757496865932,1256.76175181377,23.487843952068594,0.9245802022622783,0.18327778033026187,1123,1299,1479,0.04257521473834252,0.11679728325189986,0.15021461983922113,0.2519574743046849,1536
adamw_sft,AdamW + SFT,13,up_proj,mlp,model.layers.13.mlp.up_proj.weight,0.06740896349392839,0.015691885724663734,2.360661090235226,1226.3995570113168,18.453766672632653,0.9124857231841808,0.18699637853118833,1113,1293,1477,0.05418947891451464,0.1349630501415017,0.17120784677356377,0.27450367849728546,1536
adamw_sft,AdamW + SFT,13,k_proj,attn,model.layers.13.self_attn.k_proj.weight,0.009837920692237368,0.002318162936717272,0.14386820222716779,213.85676796761933,18.0102075840568,0.9231176850231162,0.1962694771249538,186,216,246,0.05552406852241011,0.18258686707582047,0.24905612454951412,0.49331101368674657,256
adamw_sft,AdamW + SFT,13,o_proj,attn,model.layers.13.self_attn.o_proj.weight,0.02946645592411614,0.00802569929510355,0.8467563425964499,825.7738166239167,13.480004624042714,0.819982712180758,0.4192365003485221,642,819,1112,0.07418395081381624,0.20562690511517331,0.2538338541755091,0.398063536503429,1536
adamw_sft,AdamW + SFT,13,q_proj,attn,model.layers.13.self_attn.q_proj.weight,0.02562058146082305,0.005002231802791357,0.769677546411188,902.4843315575426,26.233143667688875,0.860990714423842,0.4104517608606708,677,848,1130,0.03811971651844727,0.12128423519695561,0.1762229091554494,0.33528697111452516,1536
adamw_sft,AdamW + SFT,13,v_proj,attn,model.layers.13.self_attn.v_proj.weight,0.012022311580711854,0.0037580665666610003,0.17364646319765598,208.61999253750056,10.234037916588196,0.9076925649077693,0.20144345667592045,183,214,246,0.09771314198270803,0.20821101938332676,0.26578174930708953,0.5084699086607777,256
adamw_sft,AdamW + SFT,14,down_proj,mlp,model.layers.14.mlp.down_proj.weight,0.07089842282971615,0.01649477705359459,2.4887627880088985,1232.2359095600436,18.474821395149014,0.9156341242334672,0.18983093090875736,1108,1289,1476,0.05412772219073105,0.12758565125804242,0.1642288653700182,0.2665109664350321,1536
adamw_sft,AdamW + SFT,14,gate_proj,mlp,model.layers.14.mlp.gate_proj.weight,0.06743413587116208,0.014577578753232956,2.373213003796991,1238.5508605476143,21.39876949866599,0.9179340035472253,0.18614468110877724,1116,1295,1478,0.04673165903592449,0.12519328412449923,0.16253402499568997,0.26604495083901775,1536
adamw_sft,AdamW + SFT,14,up_proj,mlp,model.layers.14.mlp.up_proj.weight,0.06888090491156316,0.016476178541779518,2.3969278800068423,1210.9110602986689,17.47771724136812,0.9064735525637895,0.1891174367827173,1106,1288,1476,0.057215709934538464,0.14293843268766912,0.1818447234189849,0.2861310298788341,1536
adamw_sft,AdamW + SFT,14,k_proj,attn,model.layers.14.self_attn.k_proj.weight,0.010650211295106295,0.0028540012426674366,0.15228399459738284,204.4523339385419,13.925414539521062,0.9019496945290362,0.21246042128460552,181,212,246,0.07181114767980136,0.21680788819941121,0.2906326909110733,0.5353048323697847,256
adamw_sft,AdamW + SFT,14,o_proj,attn,model.layers.14.self_attn.o_proj.weight,0.029806978222201956,0.009147458709776402,0.8540779357322215,821.0301475250604,10.617810862670954,0.8169565225501136,0.42243265172864763,636,813,1108,0.0941813725007761,0.20375202730520992,0.2515431829001598,0.3945295584666111,1536
adamw_sft,AdamW + SFT,14,q_proj,attn,model.layers.14.self_attn.q_proj.weight,0.02640078808671624,0.006350924726575613,0.7701401968245705,850.9534452922132,17.280641143225445,0.837184571624558,0.4196818094801158,650,825,1115,0.057868223274344856,0.16243850085074393,0.2203213467014391,0.37833774368116985,1536
adamw_sft,AdamW + SFT,14,v_proj,attn,model.layers.14.self_attn.v_proj.weight,0.011837174165316287,0.003124567214399576,0.17264577868627384,212.72368751047122,14.352129100737844,0.9202309760800317,0.19942638584258932,185,215,246,0.06967607335336677,0.18868779397946073,0.2498575004514221,0.4970797603852737,256
adamw_sft,AdamW + SFT,15,down_proj,mlp,model.layers.15.mlp.down_proj.weight,0.07190330157848172,0.01791413314640522,2.5058687333366834,1214.5599885659635,16.110390561157363,0.9082854222706807,0.19236132813595663,1101,1284,1475,0.06207174160079211,0.13838136052673997,0.1754611860125584,0.2789587892603345,1536
adamw_sft,AdamW + SFT,15,gate_proj,mlp,model.layers.15.mlp.gate_proj.weight,0.06792512488645511,0.016993677243590355,2.3832313423627056,1231.0381509890756,15.976666143454397,0.9128620742770452,0.18542186999803922,1115,1293,1477,0.06259128099823866,0.13408967601035574,0.16865573163112554,0.26957683716826314,1536
adamw_sft,AdamW + SFT,15,up_proj,mlp,model.layers.15.mlp.up_proj.weight,0.07001917504799242,0.019479509443044662,2.423332658712752,1197.8214642034948,12.920459167267373,0.8987550493734232,0.18956649614179333,1102,1285,1475,0.0773966301858215,0.15579181701862838,0.190766394093745,0.2928588295525902,1536
adamw_sft,AdamW + SFT,15,k_proj,attn,model.layers.15.self_attn.k_proj.weight,0.011352546722760263,0.003158204024657607,0.16098673769738525,201.09144902130288,12.92130061951293,0.8922381524013908,0.21346409850200976,180,212,245,0.0773915900145426,0.23789504404005513,0.3066446291501454,0.5449617641444467,256
adamw_sft,AdamW + SFT,15,o_proj,attn,model.layers.15.self_attn.o_proj.weight,0.02925383891841973,0.008733305148780346,0.8480418788197142,840.3667634213324,11.220403147184337,0.8231346163037969,0.41457571876630017,652,827,1117,0.08912335741260254,0.20255846953134463,0.24621818360760228,0.3809447548901854,1536
adamw_sft,AdamW + SFT,15,q_proj,attn,model.layers.15.self_attn.q_proj.weight,0.027976587271677796,0.007394107058644295,0.8129751618813117,844.4327775085789,14.315878473041554,0.8305959558622882,0.41650369915742935,653,828,1118,0.06985250691273436,0.17480577798931032,0.232779351830338,0.38737320583471463,1536
adamw_sft,AdamW + SFT,15,v_proj,attn,model.layers.15.self_attn.v_proj.weight,0.011429844824753656,0.003183200489729643,0.16543444033595733,209.49380483191712,12.892961408327583,0.9108461106394985,0.20041181182998669,183,214,246,0.07756169962271806,0.20833949311863087,0.26371149781751796,0.5049789051828241,256
adamw_sft,AdamW + SFT,16,down_proj,mlp,model.layers.16.mlp.down_proj.weight,0.07179566209889703,0.01754770427942276,2.502041890111286,1214.4866443064475,16.740013197228713,0.9079811161504937,0.19131280688218943,1102,1286,1475,0.05973710941670874,0.14236613180613586,0.1781291868816477,0.27874737284703643,1536
adamw_sft,AdamW + SFT,16,gate_proj,mlp,model.layers.16.mlp.gate_proj.weight,0.0679414509721555,0.016697805374860764,2.381787428865209,1228.9560796799224,16.555825703423356,0.9128580782870508,0.1871577335379564,1112,1292,1477,0.060401698949586274,0.13504558280389467,0.16898771190510065,0.27016689867016364,1536
adamw_sft,AdamW + SFT,16,up_proj,mlp,model.layers.16.mlp.up_proj.weight,0.06907804381651614,0.01745944283902645,2.4046084681758657,1211.7378767547143,15.653782671997673,0.9061316207716827,0.18919460192520754,1106,1288,1476,0.06388232294733807,0.14630182634736139,0.18077290888517009,0.28339115175696034,1536
adamw_sft,AdamW + SFT,16,k_proj,attn,model.layers.16.self_attn.k_proj.weight,0.010460720151747585,0.002928100060671568,0.15113832728820853,208.74979372968147,12.76295801450131,0.9112050370470144,0.2061333945328716,182,213,246,0.07835174250857811,0.2000893336928376,0.2658292870838266,0.5153816158799059,256
adamw_sft,AdamW + SFT,16,o_proj,attn,model.layers.16.self_attn.o_proj.weight,0.02983257752312553,0.00952405296266079,0.8480974572150881,808.1834756406373,9.811557471038734,0.8089174862819798,0.42170410755149224,633,811,1107,0.1019206178990186,0.2220017798278884,0.27050538825962867,0.40941019748516255,1536
adamw_sft,AdamW + SFT,16,q_proj,attn,model.layers.16.self_attn.q_proj.weight,0.02686963665741702,0.00789229292422533,0.77842569438765,839.287467196467,11.590900984746431,0.8277188815077986,0.42093901120026,644,818,1107,0.08627457014049167,0.18414804758553743,0.23514653560255455,0.37946582487307806,1536
adamw_sft,AdamW + SFT,16,v_proj,attn,model.layers.16.self_attn.v_proj.weight,0.012317915971616697,0.0036682074423879385,0.1760135962977074,204.18223750937835,11.276302011320467,0.8990494358045844,0.2125106387990685,179,211,245,0.0886815552648451,0.2237616854711182,0.2833964792984856,0.5278917144062637,256
adamw_sft,AdamW + SFT,17,down_proj,mlp,model.layers.17.mlp.down_proj.weight,0.07135740899950853,0.017061304301023483,2.508213432272896,1235.5229984429527,17.492572665265484,0.9155926433548826,0.1876627935087931,1111,1291,1477,0.05716711996204379,0.13172109234048662,0.1651676792657668,0.26240388052897373,1536
adamw_sft,AdamW + SFT,17,gate_proj,mlp,model.layers.17.mlp.gate_proj.weight,0.06711061427839,0.015705116093158722,2.3669085368164815,1243.8858401490313,18.259972784344416,0.9190893441318647,0.1859159966137045,1117,1295,1478,0.05476459421984307,0.12338646222351674,0.1565267212779722,0.25936081779303416,1536
adamw_sft,AdamW + SFT,17,up_proj,mlp,model.layers.17.mlp.up_proj.weight,0.06886603926495466,0.01716393232345581,2.4078518871683627,1222.5012900280658,16.098174280179567,0.9103375808992814,0.18814898862281448,1110,1290,1477,0.06211884544144999,0.13887602429837526,0.171846857433515,0.27509744880216674,1536
adamw_sft,AdamW + SFT,17,k_proj,attn,model.layers.17.self_attn.k_proj.weight,0.011131180758856052,0.0028069515246897936,0.16056503949221224,208.07481171023295,15.725796287657898,0.9110384330711648,0.20987195394788638,182,213,246,0.06358978468930261,0.20142759161366683,0.26902946191541216,0.5215763540604053,256
adamw_sft,AdamW + SFT,17,o_proj,attn,model.layers.17.self_attn.o_proj.weight,0.02900786400528506,0.00804686825722456,0.8528947060216581,864.4887302601982,12.995042946169692,0.840268347355569,0.4166048563369218,657,831,1119,0.0769524197913291,0.16085085274126568,0.20701812509433054,0.35955328155658356,1536
adamw_sft,AdamW + SFT,17,q_proj,attn,model.layers.17.self_attn.q_proj.weight,0.026979586551714917,0.007026361767202616,0.7955952262483486,869.5884386687742,14.743804611695861,0.8437538567148607,0.4151125471636272,662,835,1122,0.0678250984964035,0.15199176332603856,0.206387428374446,0.3608556427538226,1536
adamw_sft,AdamW + SFT,17,v_proj,attn,model.layers.17.self_attn.v_proj.weight,0.011523919650299051,0.0027162227779626846,0.16903007309883833,215.14314627437895,17.99988246942271,0.9260923508242606,0.195794316268465,186,216,246,0.05555591830661946,0.17887379629238703,0.23790944747040677,0.4876154241002127,256
adamw_sft,AdamW + SFT,18,down_proj,mlp,model.layers.18.mlp.down_proj.weight,0.07077928222262526,0.016202237457036972,2.497962119814474,1245.5449013612158,19.083688656334406,0.9198641378820235,0.18673334491182048,1115,1294,1478,0.05240077104632873,0.12551285662491196,0.15836136682528346,0.2548793037543813,1536
adamw_sft,AdamW + SFT,18,gate_proj,mlp,model.layers.18.mlp.gate_proj.weight,0.0658082731484639,0.013954184018075466,2.3410943735507317,1265.5428451586677,22.240886707236445,0.9275387936093817,0.18216043520301128,1126,1300,1479,0.0449622361357847,0.11036136717338213,0.14385274743982612,0.24456308875647698,1536
adamw_sft,AdamW + SFT,18,up_proj,mlp,model.layers.18.mlp.up_proj.weight,0.06886057227621227,0.01618269830942154,2.418272988521494,1233.3018830003944,18.106703074953018,0.9150349462418187,0.1864549671535407,1114,1293,1477,0.05522816582679256,0.13141487853245018,0.1649553487352114,0.26818672447970526,1536
adamw_sft,AdamW + SFT,18,k_proj,attn,model.layers.18.self_attn.k_proj.weight,0.010886191725161339,0.002816124353557825,0.15822110351291485,211.2403414717783,14.943361433633605,0.9173811299798206,0.20174906839437567,184,215,246,0.06691934772783191,0.19036492962873638,0.25955063753437657,0.5065053897451506,256
adamw_sft,AdamW + SFT,18,o_proj,attn,model.layers.18.self_attn.o_proj.weight,0.029926602644380594,0.007875836454331875,0.8834947791795003,871.5516721333877,14.438479350280819,0.8421307818473477,0.41340705270445355,664,837,1123,0.0692593711387308,0.17103314038223502,0.21199981299294268,0.3510907213918585,1536
adamw_sft,AdamW + SFT,18,q_proj,attn,model.layers.18.self_attn.q_proj.weight,0.02718714186751421,0.006102544721215963,0.8003618461350328,866.6538042721231,19.847470513101566,0.8436315953755136,0.4159306504443059,660,833,1120,0.05038425422221372,0.1572638517687809,0.21124623475212745,0.36435515697487136,1536
adamw_sft,AdamW + SFT,18,v_proj,attn,model.layers.18.self_attn.v_proj.weight,0.01227971106399549,0.0031826701015233994,0.1778863307845313,209.84994412384137,14.886515285909793,0.9138836954159206,0.203724537016301,184,214,246,0.0671748881987518,0.19709589020703833,0.2642456822300255,0.51206734419962,256
adamw_sft,AdamW + SFT,19,down_proj,mlp,model.layers.19.mlp.down_proj.weight,0.07116724578557879,0.015625638887286186,2.504693638475146,1238.6508587232865,20.743629672236306,0.9173830527314705,0.1869674814337392,1113,1292,1477,0.04820757098929606,0.13066315794737696,0.16639757869012556,0.26013965688821894,1536
adamw_sft,AdamW + SFT,19,gate_proj,mlp,model.layers.19.mlp.gate_proj.weight,0.06612328489478003,0.013921220786869526,2.3503939959337004,1263.4920020504348,22.560784557546917,0.9267345272898778,0.18192077708060972,1125,1300,1479,0.04432469967740928,0.11322912192607025,0.14756864959815819,0.24631360573461267,1536
adamw_sft,AdamW + SFT,19,up_proj,mlp,model.layers.19.mlp.up_proj.weight,0.06876310929237646,0.016024237498641014,2.4174442756921053,1235.9529307563096,18.41434459790033,0.9157748710942003,0.18533739608367128,1116,1294,1478,0.05430548965147657,0.1315172835279501,0.16607789164009146,0.26617951140687995,1536
adamw_sft,AdamW + SFT,19,k_proj,attn,model.layers.19.self_attn.k_proj.weight,0.010968916730582865,0.0028434612322598696,0.1599019308341667,212.51027665743135,14.88102534160118,0.9205387521152651,0.20073244003420898,184,214,246,0.06719967052299913,0.18305411431772844,0.2547082278583055,0.4999318870185109,256
adamw_sft,AdamW + SFT,19,o_proj,attn,model.layers.19.self_attn.o_proj.weight,0.028886970940099812,0.008123110979795456,0.8566187789263182,879.3690426027844,12.646176406148351,0.8419953738958651,0.40899751700666376,671,843,1126,0.0790752847250982,0.17495194375541118,0.2107753586674323,0.3429155956755774,1536
adamw_sft,AdamW + SFT,19,q_proj,attn,model.layers.19.self_attn.q_proj.weight,0.027006135966868645,0.006594168953597546,0.8037816737097074,885.831868518687,16.772768742741402,0.8512795036759767,0.41198459775469276,670,842,1126,0.05962044879637184,0.14152324658788235,0.19654973729134656,0.3458947083469322,1536
adamw_sft,AdamW + SFT,19,v_proj,attn,model.layers.19.self_attn.v_proj.weight,0.011060256250029127,0.0026408687699586153,0.1637054839229677,219.0766431885888,17.540288671519217,0.9333563753811871,0.18546314233314076,189,217,247,0.057011604468273955,0.16538504178284733,0.22029584695802135,0.4662320705575651,256
adamw_sft,AdamW + SFT,2,down_proj,mlp,model.layers.2.mlp.down_proj.weight,0.07003958266821747,0.015134293586015701,2.5041412693681195,1278.2934157460952,21.417204839222208,0.9322446366481594,0.18039941526688397,1130,1303,1480,0.0466914337098116,0.09507991056911654,0.1326996811139072,0.2357006525921971,1536
adamw_sft,AdamW + SFT,2,gate_proj,mlp,model.layers.2.mlp.gate_proj.weight,0.06571213751805485,0.012588872574269772,2.3664996005245484,1296.945367445542,27.246926081987283,0.9392962204747083,0.17663563724208364,1139,1309,1482,0.036701387781908054,0.08477120972539207,0.1223764137030493,0.22353654922311628,1536
adamw_sft,AdamW + SFT,2,up_proj,mlp,model.layers.2.mlp.up_proj.weight,0.07125509928784234,0.016744347289204597,2.505892197601497,1236.7811818781,18.109041048378934,0.9174690048043138,0.18738700658671292,1115,1293,1477,0.05522103557711672,0.11703860654535851,0.1583262523346303,0.2681938339596555,1536
adamw_sft,AdamW + SFT,2,k_proj,attn,model.layers.2.self_attn.k_proj.weight,0.011072947046328796,0.0031264612916857004,0.15974365765578113,208.12334747151613,12.543546202322457,0.9057864426147887,0.19769475502192724,184,214,246,0.07972227182571771,0.21888092948938187,0.27619102224757647,0.5062597371961,256
adamw_sft,AdamW + SFT,2,o_proj,attn,model.layers.2.self_attn.o_proj.weight,0.03099948946830408,0.008663855493068695,0.9141165384839667,869.5489797157298,12.802261180730083,0.8390741932355833,0.41053256282357586,667,840,1125,0.07811120128569134,0.17278628507658567,0.223828859142937,0.3573601250590241,1536
adamw_sft,AdamW + SFT,2,q_proj,attn,model.layers.2.self_attn.q_proj.weight,0.02803759228854716,0.006976250559091568,0.8316828243082142,879.9014493318152,16.152408575955878,0.848369582881457,0.41201949458387466,669,841,1125,0.06191027148041427,0.14203203108932402,0.2024510374890254,0.35439310482830233,1536
adamw_sft,AdamW + SFT,2,v_proj,attn,model.layers.2.self_attn.v_proj.weight,0.013862878563562518,0.003942105919122696,0.1971263930608984,202.20072714886348,12.366598465608668,0.897568946105228,0.21829215636880184,179,211,245,0.08086297964480578,0.2191966148940683,0.3009470009853062,0.546107780530475,256
adamw_sft,AdamW + SFT,20,down_proj,mlp,model.layers.20.mlp.down_proj.weight,0.06977640050696622,0.016233567148447037,2.4609107713913545,1243.8689018752311,18.475202222942276,0.9178562271615528,0.1850510466570261,1116,1294,1478,0.05412660646053511,0.1340541170664146,0.16407396949450873,0.25337664169684854,1536
adamw_sft,AdamW + SFT,20,gate_proj,mlp,model.layers.20.mlp.gate_proj.weight,0.06448231578830187,0.013780725188553333,2.300395425176248,1272.693242607726,21.894604662718802,0.92917571682486,0.1799417835255317,1129,1302,1480,0.0456733526549012,0.11292258533939371,0.14357337257911348,0.23631360992857836,1536
adamw_sft,AdamW + SFT,20,up_proj,mlp,model.layers.20.mlp.up_proj.weight,0.06681388719120365,0.015159668400883675,2.361836034047883,1249.5855934841388,19.42468905527439,0.9202585927722761,0.18275044565323073,1122,1298,1479,0.05148087555761774,0.12702873536385417,0.1592064472212779,0.25400237882884985,1536
adamw_sft,AdamW + SFT,20,k_proj,attn,model.layers.20.self_attn.k_proj.weight,0.011488664655597157,0.0028250443283468485,0.1664078632602468,209.80149685118883,16.53821266574679,0.9138607492335845,0.2028866943817793,184,214,246,0.060466026178944685,0.20070534464036613,0.2680626553268133,0.5109367265167293,256
adamw_sft,AdamW + SFT,20,o_proj,attn,model.layers.20.self_attn.o_proj.weight,0.029203628183677697,0.008800902403891087,0.854001280293474,855.1522105076609,11.010808536495437,0.8288942382406185,0.41185787105759086,660,834,1121,0.09081985184698196,0.1931947839982259,0.23233052978786375,0.3657695530309182,1536
adamw_sft,AdamW + SFT,20,q_proj,attn,model.layers.20.self_attn.q_proj.weight,0.02780852635399267,0.007187162060290575,0.8203438557955849,870.2337235147752,14.970664398869749,0.841561969996434,0.4115847871046192,666,839,1124,0.06679730260171338,0.16506546869289287,0.21998787192885422,0.36115006973826375,1536
adamw_sft,AdamW + SFT,20,v_proj,attn,model.layers.20.self_attn.v_proj.weight,0.011308445635620543,0.0031822919845581055,0.16559422219870612,214.42949862557646,12.627744299473747,0.9203626382725824,0.18894552868176007,187,216,247,0.07919070708785847,0.18969135072423748,0.23757669481338023,0.4787932412788019,256
adamw_sft,AdamW + SFT,21,down_proj,mlp,model.layers.21.mlp.down_proj.weight,0.06963833594256914,0.018502211198210716,2.4339914287556894,1221.6345855699374,14.166073851546749,0.9083410708689438,0.18841128901180193,1106,1288,1476,0.07059118923701031,0.14441971877297494,0.179667307047987,0.2683722966681522,1536
adamw_sft,AdamW + SFT,21,gate_proj,mlp,model.layers.21.mlp.gate_proj.weight,0.06221499369879622,0.01277022436261177,2.235716609924566,1291.3482661385642,23.735209417067654,0.9356666929441737,0.17665495727398906,1136,1307,1481,0.04213150102989671,0.102739506358605,0.13099419782739927,0.22129135139998785,1536
adamw_sft,AdamW + SFT,21,up_proj,mlp,model.layers.21.mlp.up_proj.weight,0.06649668853675214,0.015640325844287872,2.3515905722160824,1250.6142816284232,18.07625434100414,0.92035807443533,0.18278437495571787,1122,1298,1479,0.05532119548304883,0.12569157213501475,0.15758522155002866,0.2526474025550718,1536
adamw_sft,AdamW + SFT,21,k_proj,attn,model.layers.21.self_attn.k_proj.weight,0.010504217024493211,0.002626220230013132,0.15316978716873564,212.62721254127712,15.997977703246548,0.9209017671292478,0.20129382255907857,184,214,246,0.06250790059527743,0.18584586180987367,0.25017475185560833,0.4988325630713643,256
adamw_sft,AdamW + SFT,21,o_proj,attn,model.layers.21.self_attn.o_proj.weight,0.029448632823201055,0.00987075176090002,0.8615874643896575,855.9895621419296,8.900815814848245,0.8267502700084353,0.4111894226159982,660,834,1121,0.11234925211370071,0.19561027561663005,0.23317197242184584,0.3601704932508262,1536
adamw_sft,AdamW + SFT,21,q_proj,attn,model.layers.21.self_attn.q_proj.weight,0.02652203950629058,0.006329865660518408,0.7885019065910228,883.8766486305817,17.5559707743453,0.8504015356894568,0.41168054285715816,670,842,1126,0.05696067809940246,0.14289857167566636,0.20121350322425144,0.34933078141729373,1536
adamw_sft,AdamW + SFT,21,v_proj,attn,model.layers.21.self_attn.v_proj.weight,0.011027601832568762,0.0030699034687131643,0.16157950690831058,214.68930156905378,12.903654158703707,0.9227697747609103,0.19300441658609602,186,216,246,0.07749742729469272,0.18216003449440027,0.23657422998972777,0.48452127154376035,256
adamw_sft,AdamW + SFT,22,down_proj,mlp,model.layers.22.mlp.down_proj.weight,0.07081747089570549,0.020025406032800674,2.473124820739031,1219.582676380653,12.505992514060388,0.9058196748740749,0.18721434609515586,1106,1288,1476,0.07996166628723853,0.14984132178439027,0.18115257140461824,0.26912641052773345,1536
adamw_sft,AdamW + SFT,22,gate_proj,mlp,model.layers.22.mlp.gate_proj.weight,0.06111283475797769,0.011666934937238693,2.209483527869452,1307.1236662655554,27.437927645744026,0.9411759739249268,0.17361930519539515,1143,1311,1482,0.036445901196007886,0.09333729619109586,0.12145874716582007,0.20877156249788087,1536
adamw_sft,AdamW + SFT,22,up_proj,mlp,model.layers.22.mlp.up_proj.weight,0.06688680424501328,0.01569504290819168,2.367036208335776,1252.3591977192061,18.161674100879885,0.9210442680152996,0.18266592470669152,1122,1298,1479,0.05506100343203233,0.12469146204769307,0.15690795731236484,0.2507672192324815,1536
adamw_sft,AdamW + SFT,22,k_proj,attn,model.layers.22.self_attn.k_proj.weight,0.010935030615960633,0.0036404505372047424,0.1556595647125505,202.6336730066009,9.022559137705896,0.8935309541191261,0.21160130461723003,179,211,245,0.11083329959245501,0.23042488614061907,0.2946656274843645,0.5327570104582128,256
adamw_sft,AdamW + SFT,22,o_proj,attn,model.layers.22.self_attn.o_proj.weight,0.02705134536610865,0.007340376265347004,0.8302865407967346,942.0593355737749,13.5812922158373,0.8699244066151017,0.39912540484863657,699,866,1141,0.07363069611549103,0.12606913691045324,0.15388476506052612,0.2779948641466479,1536
adamw_sft,AdamW + SFT,22,q_proj,attn,model.layers.22.self_attn.q_proj.weight,0.026463599066881956,0.006394009571522474,0.7798460878541675,868.4003288688828,17.12975897695148,0.844347759349789,0.4155975681563764,661,835,1121,0.05837793756149898,0.1496777123439283,0.20632163419968363,0.36385974258246717,1536
adamw_sft,AdamW + SFT,22,v_proj,attn,model.layers.22.self_attn.v_proj.weight,0.011369244010367756,0.0031538999173790216,0.16647106874734163,214.39485564011704,12.994732970581836,0.922190332618638,0.19388426702841066,186,216,247,0.07695425540977663,0.18082322526246405,0.2383723252484346,0.48569176290818483,256
adamw_sft,AdamW + SFT,23,down_proj,mlp,model.layers.23.mlp.down_proj.weight,0.06952753076495018,0.018822964280843735,2.4358283753390424,1227.3820252246917,13.64387008962746,0.9094949490316914,0.18695880616961347,1109,1289,1476,0.07329298750507998,0.14649792628729194,0.17445914284606695,0.26257174251689996,1536
adamw_sft,AdamW + SFT,23,gate_proj,mlp,model.layers.23.mlp.gate_proj.weight,0.060292214026702665,0.011726226657629013,2.181528141372837,1309.1794362941866,26.43661798182167,0.9413264049777091,0.17216050082996182,1145,1312,1482,0.03782632107812048,0.09431202131697654,0.12178054798701476,0.206408173532539,1536
adamw_sft,AdamW + SFT,23,up_proj,mlp,model.layers.23.mlp.up_proj.weight,0.06561869843474717,0.015455103479325771,2.3272358972462825,1257.8405486984332,18.02649901333938,0.9222133242816718,0.18021745881775875,1126,1301,1479,0.05547388870462383,0.12477329779130722,0.15561146521213085,0.2464049037229367,1536
adamw_sft,AdamW + SFT,23,k_proj,attn,model.layers.23.self_attn.k_proj.weight,0.01150037202274241,0.002950466237962246,0.16738969172001816,211.85252282647997,15.192962998657855,0.916772844094409,0.195324161004506,186,216,247,0.06581994572673809,0.19997347074796,0.26018893173574814,0.49716091834648246,256
adamw_sft,AdamW + SFT,23,o_proj,attn,model.layers.23.self_attn.o_proj.weight,0.028957404020374937,0.010062779299914837,0.8504023144569857,862.4414397249051,8.281010888207748,0.8277091869086762,0.4082915950744852,666,839,1124,0.12075820373862944,0.19205574342201415,0.2321978976724776,0.3547613072274498,1536
adamw_sft,AdamW + SFT,23,q_proj,attn,model.layers.23.self_attn.q_proj.weight,0.026726230389973578,0.0070684221573174,0.8005287699025985,897.1777059667993,14.2965239634132,0.8541440014466615,0.4087760453575191,677,848,1130,0.06994707262822344,0.13964111485985503,0.18832531522885373,0.3334838676270232,1536
adamw_sft,AdamW + SFT,23,v_proj,attn,model.layers.23.self_attn.v_proj.weight,0.011981667293587692,0.0038340778555721045,0.1727923759026453,207.97667973216758,9.76590863434898,0.9052791511852698,0.2008838012107279,183,214,246,0.10239702596466718,0.2133909773443405,0.26919315315428405,0.5081602421551709,256
adamw_sft,AdamW + SFT,24,down_proj,mlp,model.layers.24.mlp.down_proj.weight,0.06770213297472673,0.017355015501379967,2.3772693322971463,1232.968759428747,15.21789877967139,0.9135729812143717,0.18902163141218398,1108,1289,1476,0.06571209432249842,0.13709390381778283,0.16604737722881432,0.25944517441403125,1536
adamw_sft,AdamW + SFT,24,gate_proj,mlp,model.layers.24.mlp.gate_proj.weight,0.06058602121356174,0.011981243267655373,2.1914405871066265,1308.321675319927,25.57061025405468,0.9409001583642942,0.17242042101851185,1144,1312,1482,0.0391073967365105,0.09587443305352417,0.12192216217055238,0.20643276110563494,1536
adamw_sft,AdamW + SFT,24,up_proj,mlp,model.layers.24.mlp.up_proj.weight,0.06479977332397319,0.014855584129691124,2.3047470105811954,1265.0262787838396,19.026876838692072,0.9249131733159923,0.17915346482793515,1129,1302,1480,0.05255723303818584,0.12176319372273939,0.1506983155572615,0.24051188471291834,1536
adamw_sft,AdamW + SFT,24,k_proj,attn,model.layers.24.self_attn.k_proj.weight,0.011574773212856252,0.0029347476083785295,0.16782962653087452,210.23851253566758,15.555481774417157,0.9140339685331438,0.20015684662865985,184,214,246,0.06428601919900798,0.20120054003329624,0.2691941052220789,0.5048669250056735,256
adamw_sft,AdamW + SFT,24,o_proj,attn,model.layers.24.self_attn.o_proj.weight,0.02852551791952701,0.008877052925527096,0.8490854630178433,886.0041054240387,10.325936699297218,0.8422824087898151,0.40669997030305605,675,846,1128,0.09684351445501886,0.17290946279553063,0.20680663036297003,0.3329274778997844,1536
adamw_sft,AdamW + SFT,24,q_proj,attn,model.layers.24.self_attn.q_proj.weight,0.02695253000646165,0.006632158067077398,0.8058552521563342,893.9536565221573,16.515409239199894,0.8530057399040745,0.40830523436342503,677,848,1129,0.06054951382170207,0.14818132901187428,0.19684965605448437,0.3382136860387189,1536
adamw_sft,AdamW + SFT,24,v_proj,attn,model.layers.24.self_attn.v_proj.weight,0.011543170315084249,0.003950508777052164,0.16668223054148257,208.51072579218297,8.537763983189533,0.9038549129293679,0.19682384378830964,184,214,246,0.11712668585931331,0.21037720867624773,0.2622959230304202,0.5018061717662937,256
adamw_sft,AdamW + SFT,25,down_proj,mlp,model.layers.25.mlp.down_proj.weight,0.06758955973534712,0.01854584366083145,2.3745560329407454,1234.2570292950077,13.282078609490847,0.9123020667371501,0.1879282260978783,1110,1290,1477,0.07528942038375225,0.13778746320726254,0.16253792999378175,0.25697845442798656,1536
adamw_sft,AdamW + SFT,25,gate_proj,mlp,model.layers.25.mlp.gate_proj.weight,0.060152764585967584,0.012561391107738018,2.182858480606228,1316.8611237279592,22.93167131698731,0.9436891500513616,0.17144485550509758,1147,1313,1482,0.04360781149253699,0.08755602873881232,0.11270648447487161,0.1999517410318119,1536
adamw_sft,AdamW + SFT,25,up_proj,mlp,model.layers.25.mlp.up_proj.weight,0.06348284803415807,0.014918328262865543,2.2685733029502444,1277.0056807536807,18.108083411225156,0.9286965416555076,0.17699183390110962,1133,1305,1480,0.05522395591463327,0.11403954283207889,0.14124158057550773,0.23111180870062242,1536
adamw_sft,AdamW + SFT,25,k_proj,attn,model.layers.25.self_attn.k_proj.weight,0.011767848689115236,0.0032102244440466166,0.16622840499621816,199.53373143170836,13.437650970788594,0.8924912619361796,0.22572976118648302,176,209,244,0.07441776856489632,0.22935033794202636,0.30979220057769513,0.5548959322676914,256
adamw_sft,AdamW + SFT,25,o_proj,attn,model.layers.25.self_attn.o_proj.weight,0.027807770280378247,0.009360221214592457,0.8303349832645637,891.6087819052657,8.825922480855194,0.8403669922957868,0.4034090090989404,679,849,1130,0.11330260402458285,0.17476105538449235,0.20390578019381872,0.3208133769528382,1536
adamw_sft,AdamW + SFT,25,q_proj,attn,model.layers.25.self_attn.q_proj.weight,0.02711111547698911,0.007212053053081036,0.7941165103982613,857.9731111844109,14.131131833123652,0.8383837532279251,0.41726048137210836,655,830,1118,0.07076573991447595,0.1589875761561503,0.21269232157796006,0.3717082219365275,1536
adamw_sft,AdamW + SFT,25,v_proj,attn,model.layers.25.self_attn.v_proj.weight,0.011942119889379774,0.004241387825459242,0.16763413057196885,197.0434663821668,7.927694077907536,0.8774815443403731,0.21726845360629077,175,208,244,0.12614008438932392,0.26335264642320017,0.31495869941299715,0.5439452668288679,256
adamw_sft,AdamW + SFT,26,down_proj,mlp,model.layers.26.mlp.down_proj.weight,0.06773118575878546,0.019018176943063736,2.3620322153437883,1216.169970242,12.683513928648264,0.9065642062891435,0.19250458463935516,1101,1285,1475,0.07884250418500342,0.14197037722667338,0.16929882911640387,0.27251396525363575,1536
adamw_sft,AdamW + SFT,26,gate_proj,mlp,model.layers.26.mlp.gate_proj.weight,0.06116979524727113,0.013760000467300415,2.207032422971679,1301.7973197914598,19.762284915663674,0.9376149650513909,0.17338613144260617,1142,1310,1482,0.05060143623409637,0.09873969843964402,0.12476614376282441,0.209965749827051,1536
adamw_sft,AdamW + SFT,26,up_proj,mlp,model.layers.26.mlp.up_proj.weight,0.06301651243489705,0.01515663880854845,2.249484381725779,1274.2576110133914,17.286335018667096,0.9272509284969089,0.177298616502519,1132,1304,1480,0.05784916229612143,0.11776764939215818,0.14381260505599575,0.23158642442209268,1536
adamw_sft,AdamW + SFT,26,k_proj,attn,model.layers.26.self_attn.k_proj.weight,0.011227788798777977,0.0034555799793452024,0.16040225833421573,204.09505745972623,10.557147055618005,0.8993797394766104,0.21182291335287906,180,212,245,0.09472256043528808,0.22382310240357003,0.2920920784060247,0.5306625456260854,256
adamw_sft,AdamW + SFT,26,o_proj,attn,model.layers.26.self_attn.o_proj.weight,0.026997604275212105,0.0086536705493927,0.8137712517850844,908.561296034791,9.733067603526871,0.8513277376130975,0.4035504755868229,684,853,1132,0.10274253100200807,0.1531994768147886,0.18247937953965318,0.30604928281434823,1536
adamw_sft,AdamW + SFT,26,q_proj,attn,model.layers.26.self_attn.q_proj.weight,0.026234936407832036,0.006625062320381403,0.7800031686073226,883.9601810846475,15.681228954129601,0.8500778226134176,0.41324316979336917,667,839,1124,0.06377051205139461,0.14897785534858515,0.19704050898412148,0.3422501045920277,1536
adamw_sft,AdamW + SFT,26,v_proj,attn,model.layers.26.self_attn.v_proj.weight,0.011235658401161404,0.004176522605121136,0.16085810496588238,204.96931157924524,7.2371467824378195,0.8930705042288567,0.20233316714118854,181,212,246,0.13817600085529175,0.22002061079749513,0.26783603734204503,0.5115306830310374,256
adamw_sft,AdamW + SFT,27,down_proj,mlp,model.layers.27.mlp.down_proj.weight,0.06961676215388353,0.022591015323996544,2.2876620333408937,1079.8317381810207,9.49633749453695,0.8518642762128996,0.21070596363076932,1040,1245,1464,0.1053037553241215,0.2222345657767371,0.26305929756315044,0.37475132493606583,1536
adamw_sft,AdamW + SFT,27,gate_proj,mlp,model.layers.27.mlp.gate_proj.weight,0.05974196371587873,0.01435345783829689,2.1416588538486394,1285.1138332425076,17.323909710701937,0.931262712588832,0.17632454373450002,1135,1305,1480,0.05772369036201134,0.10906534350806292,0.13577279717616522,0.22178566450973222,1536
adamw_sft,AdamW + SFT,27,up_proj,mlp,model.layers.27.mlp.up_proj.weight,0.063761773224863,0.015860361978411674,2.2428476035493077,1237.3106691423206,16.161980664368357,0.9150021240864735,0.18607851666542907,1114,1292,1476,0.06187360452699082,0.1311892653230757,0.16132188094906677,0.2612967787248875,1536
adamw_sft,AdamW + SFT,27,k_proj,attn,model.layers.27.self_attn.k_proj.weight,0.011168032517631644,0.003217467339709401,0.15950007241917774,203.97100209298148,12.04827981944467,0.8968579968342709,0.20595979235666184,181,213,246,0.08299940032817832,0.23298173593936572,0.29444418683148915,0.5266161299828709,256
adamw_sft,AdamW + SFT,27,o_proj,attn,model.layers.27.self_attn.o_proj.weight,0.028577124490444382,0.010414634831249714,0.8262312432781016,835.9228049025477,7.529202187488852,0.8162475444513535,0.41656490610734864,648,823,1113,0.1328161968689967,0.20188053439162537,0.23821636541422916,0.3758902665794637,1536
adamw_sft,AdamW + SFT,27,q_proj,attn,model.layers.27.self_attn.q_proj.weight,0.02687005059487509,0.008009995333850384,0.7914242724436065,867.5245284830578,11.253106839920113,0.8379553918770088,0.41304590028428567,662,836,1122,0.08886434779527067,0.17372691216670458,0.21643207999076514,0.353858740170121,1536
adamw_sft,AdamW + SFT,27,v_proj,attn,model.layers.27.self_attn.v_proj.weight,0.010033444694820261,0.0031229618471115828,0.1470615409198217,214.83156992495006,10.32206917476778,0.9213876800911516,0.1927266627254547,185,215,246,0.09687980026761421,0.17570495409038664,0.22829807624320309,0.4787880105138127,256
adamw_sft,AdamW + SFT,3,down_proj,mlp,model.layers.3.mlp.down_proj.weight,0.06985080417577183,0.014866332523524761,2.4848636555252597,1265.5004593982064,22.076749785865406,0.9279728308647907,0.18335379023301757,1124,1299,1479,0.04529652279885185,0.10500311553472093,0.14108739078098131,0.24445336492026454,1536
adamw_sft,AdamW + SFT,3,gate_proj,mlp,model.layers.3.mlp.gate_proj.weight,0.06558793831825002,0.012576732784509659,2.3593002954730764,1293.9529500197134,27.19645459227082,0.9376296603265065,0.17543523879106004,1140,1310,1482,0.036769498634730065,0.09120549545377396,0.12592729915666043,0.22639123908438177,1536
adamw_sft,AdamW + SFT,3,up_proj,mlp,model.layers.3.mlp.up_proj.weight,0.0710029050766313,0.016905780881643295,2.4909436983871274,1230.766272834667,17.63931699405185,0.9141370323388592,0.18643719943037063,1114,1293,1477,0.0566915374522273,0.12706204433499557,0.16482263810174191,0.27261976832587886,1536
adamw_sft,AdamW + SFT,3,k_proj,attn,model.layers.3.self_attn.k_proj.weight,0.011821988263367531,0.0044807861559093,0.1656029085861519,196.22524178614358,6.961015679919023,0.8728944912886466,0.21376072401006074,177,210,245,0.14365719687786035,0.2618791915980055,0.3232067156811529,0.5505732711485005,256
adamw_sft,AdamW + SFT,3,o_proj,attn,model.layers.3.self_attn.o_proj.weight,0.031964947403014976,0.010656202211976051,0.8986714196609853,790.4126311856633,8.99793977812184,0.7950909943709443,0.41916381987566065,630,809,1105,0.11113655177282507,0.2483038256861063,0.29941482764903626,0.4265706358439841,1536
adamw_sft,AdamW + SFT,3,q_proj,attn,model.layers.3.self_attn.q_proj.weight,0.02911561994088793,0.007461594417691231,0.8387627122697126,829.9007314407366,15.226104486144674,0.824233169394059,0.418618655665449,646,822,1113,0.06567668052652416,0.18441484096662533,0.245990094431647,0.4026027407475155,1536
adamw_sft,AdamW + SFT,3,v_proj,attn,model.layers.3.self_attn.v_proj.weight,0.013932159934763383,0.005009942688047886,0.1934779820148833,192.85290955902317,7.733416259640062,0.868146352870864,0.22179264397060594,175,209,244,0.1293089582179743,0.2729659718369112,0.34453556354927345,0.5685819027694783,256
adamw_sft,AdamW + SFT,4,down_proj,mlp,model.layers.4.mlp.down_proj.weight,0.06982474100343222,0.013948093168437481,2.4757979126879945,1257.2212643335074,25.06045706732211,0.9263190076930151,0.18689655798090787,1118,1296,1478,0.03990350205160314,0.10783996392864015,0.1444369820891337,0.2504399621759946,1536
adamw_sft,AdamW + SFT,4,gate_proj,mlp,model.layers.4.mlp.gate_proj.weight,0.06450111370660812,0.012704698368906975,2.318022055842448,1291.5187067276431,25.775417564198435,0.9364863434370682,0.17636025355490226,1138,1308,1482,0.0387966556704393,0.09609513427449581,0.12827303601672835,0.22574764017609575,1536
adamw_sft,AdamW + SFT,4,up_proj,mlp,model.layers.4.mlp.up_proj.weight,0.07002237375070143,0.016244634985923767,2.452069454244338,1226.2862994336012,18.580343723779514,0.9131309976872037,0.1883203272990841,1111,1291,1477,0.05382031758218654,0.1306472372123267,0.1681403556011581,0.2746324519517045,1536
adamw_sft,AdamW + SFT,4,k_proj,attn,model.layers.4.self_attn.k_proj.weight,0.011037338643428945,0.003177426289767027,0.15749251810484566,203.60625624427277,12.066401336681968,0.8970197697914696,0.20709492473211322,181,213,246,0.08287475048256443,0.23107420784604896,0.30131117844966915,0.5292867502398745,256
adamw_sft,AdamW + SFT,4,o_proj,attn,model.layers.4.self_attn.o_proj.weight,0.03032973854568975,0.0092074079439044,0.8716832342528278,826.0000104697542,10.850820074200518,0.8141182142502833,0.4154247349392064,646,822,1112,0.09215893298034243,0.22436964679652688,0.264892807887736,0.3899895478735613,1536
adamw_sft,AdamW + SFT,4,q_proj,attn,model.layers.4.self_attn.q_proj.weight,0.028146158857282857,0.0064232973381876945,0.8252124659229594,859.5938326381358,19.200927887564365,0.8384574513743384,0.4139939281239069,660,834,1121,0.052080816398860495,0.16169566799151108,0.2219453871826139,0.3750984821639173,1536
adamw_sft,AdamW + SFT,4,v_proj,attn,model.layers.4.self_attn.v_proj.weight,0.012156570654620046,0.0034872323740273714,0.17644297305378132,210.66218134809577,12.152353142476287,0.9135477150044764,0.19903754121094042,184,214,246,0.08228858956580896,0.1986263958471477,0.2596669670833653,0.5017292279898693,256
adamw_sft,AdamW + SFT,5,down_proj,mlp,model.layers.5.mlp.down_proj.weight,0.07068134883438099,0.015406553633511066,2.489199345407542,1240.2513225629611,21.047409804116484,0.920192983274379,0.19055029090347841,1110,1291,1477,0.04751178455243545,0.11611833062966109,0.15490608712535409,0.26210104215981966,1536
adamw_sft,AdamW + SFT,5,gate_proj,mlp,model.layers.5.mlp.gate_proj.weight,0.06383316156107989,0.012849576771259308,2.2933194981887937,1290.7330102144442,24.678289970750615,0.9362782590323799,0.1771714856285147,1136,1307,1481,0.04052144622602406,0.0960713625058601,0.12799767391606623,0.22523617566763401,1536
adamw_sft,AdamW + SFT,5,up_proj,mlp,model.layers.5.mlp.up_proj.weight,0.07086900272440164,0.017448794096708298,2.4688151666196063,1213.569102299421,16.49611999664749,0.908267085717954,0.1916620595812324,1103,1286,1475,0.06062031557743458,0.13699474299523648,0.17503885235342265,0.281814626292127,1536
adamw_sft,AdamW + SFT,5,k_proj,attn,model.layers.5.self_attn.k_proj.weight,0.010295983152735015,0.002651683986186981,0.14913477777736261,209.8080833081764,15.076207798081162,0.9151177926648932,0.20629573130257017,183,214,246,0.06632967742241361,0.19002508365883897,0.2657979238775331,0.5137964219060905,256
adamw_sft,AdamW + SFT,5,o_proj,attn,model.layers.5.self_attn.o_proj.weight,0.030456933625577484,0.008323022164404392,0.880484349994731,835.7394990706221,13.39091493958465,0.8226867130712555,0.41587172850549736,649,825,1116,0.07467749623619199,0.20435645126478547,0.2515664446508064,0.38731388172934694,1536
adamw_sft,AdamW + SFT,5,q_proj,attn,model.layers.5.self_attn.q_proj.weight,0.026817901909826348,0.005584401078522205,0.7979543380925982,885.3326572699349,23.061969386977687,0.8538473319805436,0.4139281296545567,668,841,1125,0.0433614312472666,0.1287205947968983,0.18973140665449445,0.3511228877072135,1536
adamw_sft,AdamW + SFT,5,v_proj,attn,model.layers.5.self_attn.v_proj.weight,0.012275446794170822,0.0031586659606546164,0.17845192621462047,211.33326545587767,15.10313888250909,0.918014735081572,0.2039263407369425,183,214,246,0.06621140199922929,0.18576113726337848,0.2555734541282394,0.5053670430950602,256
adamw_sft,AdamW + SFT,6,down_proj,mlp,model.layers.6.mlp.down_proj.weight,0.06934393831645795,0.014605800621211529,2.4430131105473265,1241.179484894011,22.540641447262225,0.9207648356392079,0.1906194745758767,1110,1291,1477,0.04436430978859564,0.11514853183753833,0.1539192561468304,0.26159560398353765,1536
adamw_sft,AdamW + SFT,6,gate_proj,mlp,model.layers.6.mlp.gate_proj.weight,0.06243342836363125,0.01188634056597948,2.2502231406397186,1299.022895529646,27.58913145517731,0.939573395870092,0.1764645759360033,1139,1309,1482,0.036246157354560084,0.08951860837106759,0.12089904959686762,0.21924519045436638,1536
adamw_sft,AdamW + SFT,6,up_proj,mlp,model.layers.6.mlp.up_proj.weight,0.06901001788142591,0.016253551468253136,2.413582048029639,1223.206707860896,18.02717763701559,0.9128475222663747,0.19129742410009265,1107,1289,1476,0.055471800419089376,0.12815258031452834,0.16567242612613442,0.27573048329822886,1536
adamw_sft,AdamW + SFT,6,k_proj,attn,model.layers.6.self_attn.k_proj.weight,0.010649736934043358,0.002746793208643794,0.1555157503753435,213.24114223528156,15.032313705052445,0.9218155264292824,0.1988233470583729,185,215,246,0.06652335892005064,0.18324395853294503,0.24957737345669,0.49698447767496173,256
adamw_sft,AdamW + SFT,6,o_proj,attn,model.layers.6.self_attn.o_proj.weight,0.029526457294242955,0.008849363774061203,0.8606426777985661,849.6167641984105,11.132650807110037,0.8264772502403013,0.41179662657688487,658,832,1120,0.08982586603375134,0.20157060659254167,0.24482216528924117,0.3717007466884372,1536
adamw_sft,AdamW + SFT,6,q_proj,attn,model.layers.6.self_attn.q_proj.weight,0.02803244414064569,0.006424360908567905,0.8236975579789316,863.4031445051606,19.039786283102078,0.8416300452861618,0.41546286432388246,660,834,1121,0.05252159793870722,0.15676434974879178,0.21482169974061852,0.3695352466081592,1536
adamw_sft,AdamW + SFT,6,v_proj,attn,model.layers.6.self_attn.v_proj.weight,0.012140039986919723,0.0036506131291389465,0.1753895565343555,208.7215184254343,11.058815478176907,0.908604116657059,0.20177164217173638,183,213,246,0.09042559774809211,0.20535519159951549,0.2689201912300339,0.5076855711856954,256
adamw_sft,AdamW + SFT,7,down_proj,mlp,model.layers.7.mlp.down_proj.weight,0.06797506148855313,0.013097455725073814,2.4115212222677656,1258.5861788167476,26.93551851148831,0.9275424825371364,0.18816051349425877,1118,1295,1478,0.03712570075729147,0.104509342165867,0.1399312928800613,0.2497828833610368,1536
adamw_sft,AdamW + SFT,7,gate_proj,mlp,model.layers.7.mlp.gate_proj.weight,0.06321210291156783,0.01164892129600048,2.2691686932812445,1288.64439574791,29.4461862615937,0.9373115168134154,0.18063434508576903,1133,1305,1481,0.03396025519624889,0.0896352471258717,0.12253927626223149,0.22891183857468755,1536
adamw_sft,AdamW + SFT,7,up_proj,mlp,model.layers.7.mlp.up_proj.weight,0.06719342139553748,0.01487753540277481,2.362250742968172,1235.9431016387932,20.39818498093835,0.9179250333713119,0.18866385689656995,1113,1293,1477,0.04902396958035618,0.12017181431815593,0.15714514811960856,0.26859240092670056,1536
adamw_sft,AdamW + SFT,7,k_proj,attn,model.layers.7.self_attn.k_proj.weight,0.010568402139361756,0.002749117324128747,0.15173568320460618,206.1373973017776,14.778559734814861,0.9044599992181805,0.20679227439911307,182,213,246,0.06766559244905522,0.21860609854090454,0.2860990898572095,0.5210717733837553,256
adamw_sft,AdamW + SFT,7,o_proj,attn,model.layers.7.self_attn.o_proj.weight,0.029095246496214207,0.008443589322268963,0.8459571727341881,845.3813689827233,11.873804054733943,0.8259901781087319,0.41347904578295536,656,830,1118,0.08421900811150004,0.200679643729629,0.2436677497095351,0.3783273824217857,1536
adamw_sft,AdamW + SFT,7,q_proj,attn,model.layers.7.self_attn.q_proj.weight,0.026142691141502035,0.005246621556580067,0.7787788642131375,887.4169685905879,24.82796391420919,0.8541412299919549,0.41218830119165806,671,843,1127,0.04027716503275946,0.13043749587582434,0.19240108595131805,0.35059830087105104,1536
adamw_sft,AdamW + SFT,7,v_proj,attn,model.layers.7.self_attn.v_proj.weight,0.012465782218443954,0.0038736085407435894,0.17848633221001364,205.0080239700913,10.356371273143306,0.8991038155081216,0.20540491665486638,182,213,246,0.09655891756152594,0.22626506195949178,0.2865291744249151,0.5222983528652403,256
adamw_sft,AdamW + SFT,8,down_proj,mlp,model.layers.8.mlp.down_proj.weight,0.06794187039265841,0.012472008354961872,2.4119784781360067,1260.2939736057467,29.67578464814509,0.9288703105594158,0.18905963902797174,1118,1295,1478,0.03369750831718971,0.09978487142640133,0.1357395808624079,0.24927785529465457,1536
adamw_sft,AdamW + SFT,8,gate_proj,mlp,model.layers.8.mlp.gate_proj.weight,0.06297122065128982,0.011402935720980167,2.2590218355180696,1286.935063924607,30.496561228706714,0.9370591674915504,0.18177725261034272,1132,1304,1481,0.032790582272557676,0.08978246262396544,0.1223383655975643,0.2303262622477255,1536
adamw_sft,AdamW + SFT,8,up_proj,mlp,model.layers.8.mlp.up_proj.weight,0.06663039849262758,0.013526021502912045,2.353486252075527,1247.6090320114677,24.266362125309936,0.9235686186502644,0.18915328635944273,1116,1295,1478,0.04120930837659408,0.10807392328319856,0.1441551639016688,0.26066440713952355,1536
adamw_sft,AdamW + SFT,8,k_proj,attn,model.layers.8.self_attn.k_proj.weight,0.010647455938418832,0.0034985560923814774,0.15232199770980515,204.66027373163942,9.262197138709446,0.8973889099190003,0.20564732562574273,181,212,246,0.10796574344338947,0.2299754725532447,0.28627386742732047,0.5208277470715886,256
adamw_sft,AdamW + SFT,8,o_proj,attn,model.layers.8.self_attn.o_proj.weight,0.02834445709976197,0.0065503958612680435,0.8380150898331351,874.112622432363,18.724110394032255,0.8441362554838397,0.4114734274870413,667,840,1125,0.05340707670249155,0.1630659975471531,0.21248182438047514,0.3585602280751961,1536
adamw_sft,AdamW + SFT,8,q_proj,attn,model.layers.8.self_attn.q_proj.weight,0.026558337049005135,0.006280853878706694,0.7881725748754604,880.7261309012521,17.879870816909822,0.8492937305453038,0.4115549934719702,670,842,1126,0.05592881571908527,0.14024672620721,0.19912213352619906,0.35855285717286683,1536
adamw_sft,AdamW + SFT,8,v_proj,attn,model.layers.8.self_attn.v_proj.weight,0.011285758032045337,0.002436576411128044,0.16798792176996358,221.56167781310413,21.453660246115742,0.9412291763468958,0.18784587894139038,189,218,247,0.046612092693182894,0.1413092437851209,0.20422045910203457,0.46477629486011435,256
adamw_sft,AdamW + SFT,9,down_proj,mlp,model.layers.9.mlp.down_proj.weight,0.06765585840001004,0.012125304900109768,2.4048556683701463,1263.476637181295,31.133323267653665,0.929939857811224,0.18825234316246808,1119,1296,1478,0.03211992473154839,0.09929563593177997,0.13469670877508289,0.24688169730941018,1536
adamw_sft,AdamW + SFT,9,gate_proj,mlp,model.layers.9.mlp.gate_proj.weight,0.06324239820955657,0.010262916795909405,2.2755226122098975,1294.6299512437993,37.97301185518542,0.9404030060331007,0.18099240180620746,1135,1306,1481,0.026334492607897907,0.08046304478333792,0.11494951189182308,0.22638515507173843,1536
adamw_sft,AdamW + SFT,9,up_proj,mlp,model.layers.9.mlp.up_proj.weight,0.0662521144347195,0.012982706539332867,2.341421263292432,1248.9919215753587,26.041680468323854,0.9239402343754846,0.18781588454632359,1118,1296,1478,0.038399979648639164,0.10790093609647425,0.1448562071946544,0.26121170116803505,1536
adamw_sft,AdamW + SFT,9,k_proj,attn,model.layers.9.self_attn.k_proj.weight,0.009920335275223333,0.0022016207221895456,0.1437410854268819,209.94674207848195,20.303349555571398,0.9174005811698315,0.2098185093989,182,213,246,0.0492529568711283,0.18120972553857378,0.26372211790626454,0.5181012733012126,256
adamw_sft,AdamW + SFT,9,o_proj,attn,model.layers.9.self_attn.o_proj.weight,0.029184242765288717,0.009683146141469479,0.8369820687547929,822.4991337649759,9.083723070781138,0.8163640476957096,0.4223253262737199,637,813,1108,0.11008701962927704,0.19953514280226756,0.2474618422025698,0.3920775790463568,1536
adamw_sft,AdamW + SFT,9,q_proj,attn,model.layers.9.self_attn.q_proj.weight,0.026000350282029412,0.007214900106191635,0.7589080258379255,851.9613511621723,12.986668443997626,0.8352888294325422,0.41838969717691654,652,826,1116,0.0770020428497345,0.16218750189763503,0.21818587946763465,0.37654233305555346,1536
adamw_sft,AdamW + SFT,9,v_proj,attn,model.layers.9.self_attn.v_proj.weight,0.011519764948604771,0.0025733907241374254,0.17024379887152463,218.40137482190246,20.038987441995726,0.933963175091591,0.19296214354563967,187,216,247,0.04990272102792474,0.1553386894059856,0.21623402499563288,0.47740668750369386,256
muon_sft,Muon + SFT,-1,embed,embed,model.embed_tokens.weight,0.20203815046291082,0.12145280092954636,5.080050044809468,632.2214303338983,2.7672710423245785,0.6008527787178436,0.25263816543015793,756,1068,1416,0.3613668428951486,0.5122877843514796,0.5645638208226562,0.6632764166959305,1536
muon_sft,Muon + SFT,0,down_proj,mlp,model.layers.0.mlp.down_proj.weight,0.045570904433224424,0.0027900112327188253,1.6714876913174521,1345.336947920325,266.78621922244275,0.9641585688154302,0.2057036551545386,1092,1274,1471,0.0037483195455692317,0.016228560204721607,0.030357353041870015,0.12066789988788872,1536
muon_sft,Muon + SFT,0,gate_proj,mlp,model.layers.0.mlp.gate_proj.weight,0.032339248347053484,0.002139865420758724,1.1805367549886245,1332.5980794757165,228.39517314656518,0.9615098086848135,0.20920902176632916,1088,1266,1460,0.004378376242471125,0.02043987717383645,0.037194041905359146,0.13538049196371865,1536
muon_sft,Muon + SFT,0,up_proj,mlp,model.layers.0.mlp.up_proj.weight,0.03496873446614517,0.002567634452134371,1.265370999083645,1309.4108124857164,185.4784431370276,0.957007324665861,0.2229582530970351,1062,1249,1456,0.005391462118652899,0.02110173133081468,0.037693029909403944,0.1379649788163059,1536
muon_sft,Muon + SFT,0,k_proj,attn,model.layers.0.self_attn.k_proj.weight,0.005991844623523615,0.0010375977726653218,0.0878647328572697,215.03447843402827,33.34748027912728,0.9372466084609,0.23233298272558867,173,203,239,0.02998727315016709,0.10976576170408481,0.17723927033237624,0.4912967443156152,256
muon_sft,Muon + SFT,0,o_proj,attn,model.layers.0.self_attn.o_proj.weight,0.013577639242151359,0.001109789009205997,0.415061983232377,934.4958631315088,149.68135005724844,0.8979057705001511,0.4469681968847241,633,783,1050,0.006680859035661632,0.026158930546513977,0.04694553726672439,0.17921487100265523,1536
muon_sft,Muon + SFT,0,q_proj,attn,model.layers.0.self_attn.q_proj.weight,0.008598053797040569,0.000991341075859964,0.2238792840223104,677.9965788561468,75.22359995043534,0.8393610562986645,0.5790409364810032,439,564,812,0.013293700390022516,0.05248714874073903,0.09204959602402643,0.2988731528108406,1536
muon_sft,Muon + SFT,0,v_proj,attn,model.layers.0.self_attn.v_proj.weight,0.010410041635246413,0.001181163126602769,0.1593298012157902,234.2551220514281,77.67569923629974,0.9690304756124848,0.1728644296434354,190,218,247,0.012874039240481994,0.055423856910364645,0.10340747684602575,0.39029760601215613,256
muon_sft,Muon + SFT,1,down_proj,mlp,model.layers.1.mlp.down_proj.weight,0.01789452183575245,0.002149563981220126,0.5982648042700021,1117.7552346000834,69.30099072989945,0.9043305756591704,0.27720160034124386,938,1170,1439,0.014429808137916802,0.06240449063183259,0.10672093385728193,0.29300560147106475,1536
muon_sft,Muon + SFT,1,gate_proj,mlp,model.layers.1.mlp.gate_proj.weight,0.04158129063767834,0.0022651455365121365,1.5659430551279483,1418.2604744006821,336.9796763030421,0.9787449339535043,0.16075807031555045,1169,1324,1483,0.002967538015855624,0.01306855537288192,0.023785853103329917,0.09243731311570816,1536
muon_sft,Muon + SFT,1,up_proj,mlp,model.layers.1.mlp.up_proj.weight,0.0445138177092851,0.002395198680460453,1.676420939831841,1418.3273180818423,345.3874861535907,0.9786913441330627,0.16040772004832404,1171,1327,1484,0.0028952988747117173,0.012549825801763136,0.023320381770496255,0.09286153220122717,1536
muon_sft,Muon + SFT,1,k_proj,attn,model.layers.1.self_attn.k_proj.weight,0.006962607542006283,0.0010578831424936652,0.1013946160528576,212.07328209391335,43.3180042026592,0.9332797501912218,0.244809238158471,168,202,242,0.023085089408126796,0.09886523076102537,0.17284530387687252,0.5139569526154651,256
muon_sft,Muon + SFT,1,o_proj,attn,model.layers.1.self_attn.o_proj.weight,0.0137857887789193,0.000887824222445488,0.427248047019269,960.4990335542915,241.10668994965894,0.9040748386005025,0.43520583495228826,650,799,1067,0.004147541489656681,0.019678040106171708,0.03765999088521631,0.1605015436073065,1536
muon_sft,Muon + SFT,1,q_proj,attn,model.layers.1.self_attn.q_proj.weight,0.009816885587723024,0.0008951851050369442,0.28635549201045996,850.8707115958492,120.26015637493504,0.8753583793647614,0.4812484408590909,564,720,1009,0.008315306001118945,0.03647280217561329,0.06634590961764522,0.23553165446449795,1536
muon_sft,Muon + SFT,1,v_proj,attn,model.layers.1.self_attn.v_proj.weight,0.010514201358200392,0.0012848851038143039,0.15840693513746373,226.9842914464734,66.96131773005396,0.9582810186468093,0.20134174609254885,182,212,245,0.014933995236344854,0.0644790375747168,0.1182066420605408,0.4294583929502121,256
muon_sft,Muon + SFT,10,down_proj,mlp,model.layers.10.mlp.down_proj.weight,0.04883865891937834,0.0024112900719046593,1.837685700826114,1415.8427203489962,410.2310644464056,0.9782602021100426,0.1643783595519288,1160,1320,1484,0.002437650599058045,0.011252419938415139,0.021197904176233462,0.08818181135760604,1536
muon_sft,Muon + SFT,10,gate_proj,mlp,model.layers.10.mlp.gate_proj.weight,0.04778753702200029,0.0024354178458452225,1.7877321212284798,1399.5086655792431,385.01914641084863,0.9755119395083252,0.17666407748900514,1134,1300,1477,0.002597273432560452,0.011444675579071717,0.021419766825121405,0.09034114611407731,1536
muon_sft,Muon + SFT,10,up_proj,mlp,model.layers.10.mlp.up_proj.weight,0.046590249359282805,0.002680170116946101,1.7577707521314991,1423.4243734663573,302.1797436813647,0.9796624413237075,0.15812864420458772,1171,1326,1485,0.0033092886631555826,0.012325288858988133,0.022017452262196396,0.08765068290222504,1536
muon_sft,Muon + SFT,10,k_proj,attn,model.layers.10.self_attn.k_proj.weight,0.00873701363585935,0.0011441841488704085,0.13311232250998728,232.1188952407078,58.308809334159314,0.964993675454404,0.17799154809298523,190,218,247,0.01715006722687725,0.06721314734252973,0.12002645717630822,0.4107882432804055,256
muon_sft,Muon + SFT,10,o_proj,attn,model.layers.10.self_attn.o_proj.weight,0.015243094138815179,0.0009428277262486517,0.49061197986983984,1035.9291023102116,261.385548367427,0.9168105975356696,0.39340685448865953,721,881,1147,0.0038257662148724085,0.018190450907678655,0.0348880357980054,0.14948887356054544,1536
muon_sft,Muon + SFT,10,q_proj,attn,model.layers.10.self_attn.q_proj.weight,0.012585553791065573,0.0009363677236251533,0.39797855498567536,999.9417031380538,180.65575033120868,0.9087460431763733,0.4100312338175611,692,852,1124,0.005535389812760629,0.02439409403629076,0.04468498277709332,0.1711629349874232,1536
muon_sft,Muon + SFT,10,v_proj,attn,model.layers.10.self_attn.v_proj.weight,0.009847567639523084,0.001236089738085866,0.15073486827895977,234.29849908561238,63.468457424926704,0.9681431681238009,0.16854746290459555,193,220,248,0.01575585795799188,0.06653152619421634,0.11666748956659964,0.3997941535789546,256
muon_sft,Muon + SFT,11,down_proj,mlp,model.layers.11.mlp.down_proj.weight,0.048624019184560996,0.0023917409125715494,1.830872928869212,1417.799106727378,413.3076493321882,0.9786444567631076,0.16310481954672595,1163,1322,1485,0.00241950518364655,0.010775229146289811,0.02042815885218015,0.08695181452243925,1536
muon_sft,Muon + SFT,11,gate_proj,mlp,model.layers.11.mlp.gate_proj.weight,0.04739778350816115,0.002421146724373102,1.771562394744251,1397.00139504373,383.2426618430695,0.9749425124920561,0.17821293090986123,1131,1297,1476,0.0026093128442195215,0.011757388591216495,0.02210073052701833,0.09262985015725164,1536
muon_sft,Muon + SFT,11,up_proj,mlp,model.layers.11.mlp.up_proj.weight,0.04583976699034525,0.0026218672282993793,1.7274814113625325,1420.1753256513732,305.67745750139306,0.9790081448237246,0.16064730286455053,1165,1321,1483,0.0032714221329043958,0.013221783047041118,0.02316981345456577,0.08941434325255168,1536
muon_sft,Muon + SFT,11,k_proj,attn,model.layers.11.self_attn.k_proj.weight,0.008187562199234345,0.0010993557516485453,0.1246450897451723,231.7614101899084,55.46674986883226,0.9644278743058944,0.17913756346446097,190,218,247,0.018028819109913587,0.06910074935852827,0.12198619450408753,0.41240943063652297,256
muon_sft,Muon + SFT,11,o_proj,attn,model.layers.11.self_attn.o_proj.weight,0.014654888327149613,0.0009552852134220302,0.47422981561292943,1047.1591305705406,235.3417160056722,0.9193935998944087,0.3880579819607106,731,888,1150,0.004249140428532857,0.01895043144417077,0.03548141292828402,0.1460510835450967,1536
muon_sft,Muon + SFT,11,q_proj,attn,model.layers.11.self_attn.q_proj.weight,0.011677050791495473,0.0010076324688270688,0.36576104615212923,981.1345361992752,134.29567671657023,0.9044756267252904,0.41853043017192615,678,838,1110,0.007446256085447119,0.028210305306922374,0.050494669853071515,0.18326491777484197,1536
muon_sft,Muon + SFT,11,v_proj,attn,model.layers.11.self_attn.v_proj.weight,0.009823299854111466,0.0012777812080457807,0.15048430833849125,234.67543469679265,59.10194975891297,0.9686829891908705,0.16675359188935301,194,220,248,0.01691991557096123,0.0673668110940415,0.11727669266104956,0.3957071988845514,256
muon_sft,Muon + SFT,12,down_proj,mlp,model.layers.12.mlp.down_proj.weight,0.04944714338880591,0.0024366399738937616,1.8558673977095168,1408.677153125717,411.81265153684916,0.9769054051479741,0.1692933916571424,1152,1315,1482,0.0024282886799812647,0.01119788632899683,0.021243874891429617,0.09091204692910501,1536
muon_sft,Muon + SFT,12,gate_proj,mlp,model.layers.12.mlp.gate_proj.weight,0.04777607841240239,0.002599832834675908,1.7740811895790003,1378.8784512262764,337.699291037088,0.9717418969796359,0.1904566249923787,1106,1278,1468,0.0029612143896688677,0.012785488030980665,0.023890689745095468,0.0976266066838113,1536
muon_sft,Muon + SFT,12,up_proj,mlp,model.layers.12.mlp.up_proj.weight,0.046583023828019585,0.0025442778132855892,1.747891044566579,1407.9050341838133,335.2171975879939,0.9766551372400297,0.16830050882571923,1154,1313,1480,0.002983140504709642,0.01316008090542812,0.024559683746504298,0.09772130540806857,1536
muon_sft,Muon + SFT,12,k_proj,attn,model.layers.12.self_attn.k_proj.weight,0.008624539046016,0.0011294697178527713,0.13060107256751508,229.30931753916823,58.307255831403864,0.9609969672125934,0.1896219985980363,186,215,246,0.017150524162747635,0.07129733277850497,0.12498949643144996,0.423170053107295,256
muon_sft,Muon + SFT,12,o_proj,attn,model.layers.12.self_attn.o_proj.weight,0.01462723022133639,0.0009345027501694858,0.4665484027672431,1017.3472608238096,244.9982747873721,0.9137029020817387,0.4037910390387338,701,859,1128,0.00408166139483176,0.018801968824888517,0.035501418795351715,0.1510864601561352,1536
muon_sft,Muon + SFT,12,q_proj,attn,model.layers.12.self_attn.q_proj.weight,0.012014580384759077,0.000928055087570101,0.3730466862022901,964.0713083487731,167.598336285037,0.9023190406817531,0.4292963951701161,663,820,1088,0.0059666463412816045,0.026555844060100618,0.04791862041362371,0.18085865275104018,1536
muon_sft,Muon + SFT,12,v_proj,attn,model.layers.12.self_attn.v_proj.weight,0.009812475944402845,0.0012950702803209424,0.15004961425438523,233.8366369940674,57.40775132797207,0.967428969363515,0.17022761100365824,193,220,248,0.01741925048216873,0.06807889432053506,0.11899134023154216,0.4001122158456874,256
muon_sft,Muon + SFT,13,down_proj,mlp,model.layers.13.mlp.down_proj.weight,0.04936330121850401,0.002229709643870592,1.8583071833127178,1417.185237119024,490.13054338612284,0.9786034710240636,0.16400456169590272,1160,1320,1484,0.0020402727671109534,0.009927466062577911,0.01930358261650688,0.0854875617552351,1536
muon_sft,Muon + SFT,13,gate_proj,mlp,model.layers.13.mlp.gate_proj.weight,0.04852035198032024,0.0025982377119362354,1.8088212907896377,1389.7716142950078,348.73065167946817,0.9736118902391736,0.18318600735335444,1122,1291,1474,0.0028675426010993112,0.01207033534489383,0.022515935688457583,0.09387502394508128,1536
muon_sft,Muon + SFT,13,up_proj,mlp,model.layers.13.mlp.up_proj.weight,0.04724696642373549,0.0024112157989293337,1.7783070537843741,1416.6600409284479,383.9509062303655,0.9784136918521207,0.16365539141613228,1160,1319,1483,0.002604499647671135,0.011600968024062784,0.02159621525295582,0.08903041449360247,1536
muon_sft,Muon + SFT,13,k_proj,attn,model.layers.13.self_attn.k_proj.weight,0.007685421172738041,0.0010842687916010618,0.11462697701063007,222.45303398592603,50.241364930594536,0.9497705998716012,0.21144765397187504,180,211,244,0.019903917845015568,0.08458198278261689,0.14711847814067375,0.4649633898968828,256
muon_sft,Muon + SFT,13,o_proj,attn,model.layers.13.self_attn.o_proj.weight,0.014902631139625576,0.0010461898054927588,0.47926886749503694,1034.2666791972074,202.91069429302024,0.9158870288584446,0.3930833120810808,723,883,1148,0.004928276469035758,0.020754228128366244,0.03892407486365753,0.15780517124289317,1536
muon_sft,Muon + SFT,13,q_proj,attn,model.layers.13.self_attn.q_proj.weight,0.01205400076718039,0.000984987709671259,0.3712657971240674,948.6531514705396,149.761715576672,0.8981145286889906,0.43543050550088247,649,808,1083,0.006677273935794626,0.028461777173251084,0.051323515306782225,0.1913081899246734,1536
muon_sft,Muon + SFT,13,v_proj,attn,model.layers.13.self_attn.v_proj.weight,0.010015282049585522,0.0012787682935595512,0.15307701675919816,233.61117351352215,61.339841509588226,0.9673468857612786,0.17239032715482772,192,219,247,0.016302617929713544,0.06516088464923475,0.11542046908260076,0.40015111504014705,256
muon_sft,Muon + SFT,14,down_proj,mlp,model.layers.14.mlp.down_proj.weight,0.04897103230147964,0.0023053425829857588,1.844617133261636,1418.8417470098975,451.23998193060237,0.9788919716214357,0.16267532383533956,1162,1321,1484,0.0022161156813311662,0.010337310672672469,0.019887432357535827,0.08551693085527665,1536
muon_sft,Muon + SFT,14,gate_proj,mlp,model.layers.14.mlp.gate_proj.weight,0.048516031252884985,0.0025231915060430765,1.8172415185836144,1402.9906181939104,369.71758392255316,0.9760241382717638,0.17404731958258202,1139,1303,1478,0.0027047672155335618,0.01178214995842538,0.021898917258345644,0.09087930042730426,1536
muon_sft,Muon + SFT,14,up_proj,mlp,model.layers.14.mlp.up_proj.weight,0.046975502092507816,0.002534307772293687,1.7655060853576288,1412.523156498304,343.57705314306696,0.9775707231032693,0.16607620255370814,1156,1315,1482,0.0029105552622095392,0.013445458132364115,0.024313255506050978,0.09211442702977898,1536
muon_sft,Muon + SFT,14,k_proj,attn,model.layers.14.self_attn.k_proj.weight,0.008718660896274738,0.001112331752665341,0.13079359008406755,225.04706234791254,61.43712771095705,0.9549354311586643,0.20686564390258444,181,211,245,0.016276802598986968,0.07031642549114464,0.12733971451289372,0.44453593140917985,256
muon_sft,Muon + SFT,14,o_proj,attn,model.layers.14.self_attn.o_proj.weight,0.014887279499817923,0.0010973584139719605,0.46373007513966324,970.2861710884088,184.04909583425828,0.9092392019926683,0.4331112980321159,678,822,1061,0.005433332858644032,0.02217011522457818,0.04026001581598587,0.1562101561970467,1536
muon_sft,Muon + SFT,14,q_proj,attn,model.layers.14.self_attn.q_proj.weight,0.011908079223904638,0.0009868342895060778,0.3437885667003856,833.48814688043,145.61126259471277,0.8769712182321929,0.4991428000061966,555,700,965,0.006867600638718111,0.030632635327487872,0.0572611488032752,0.21986230202803075,1536
muon_sft,Muon + SFT,14,v_proj,attn,model.layers.14.self_attn.v_proj.weight,0.009820553050411034,0.0012293573236092925,0.14902143995277584,230.26377432024435,63.81394982304756,0.9626759646773578,0.18720779533885645,187,216,246,0.01567055483594015,0.06583486715774248,0.11697522700958904,0.41750128862258745,256
muon_sft,Muon + SFT,15,down_proj,mlp,model.layers.15.mlp.down_proj.weight,0.05000851302809603,0.002465982921421528,1.8778187064162921,1410.0010616466136,411.2517448216758,0.9772239222120056,0.16872410161664586,1152,1314,1482,0.0024316006256304475,0.011528753028111323,0.021561728658798487,0.08931338489988275,1536
muon_sft,Muon + SFT,15,gate_proj,mlp,model.layers.15.mlp.gate_proj.weight,0.048722872941725885,0.0026166762690991163,1.816615926048236,1390.146137913965,346.7095350085936,0.9738414650027314,0.1831041674251439,1120,1288,1471,0.002884258720993104,0.012204372699249733,0.02259212394043789,0.09353678819254964,1536
muon_sft,Muon + SFT,15,up_proj,mlp,model.layers.15.mlp.up_proj.weight,0.04672762680515851,0.002630485687404871,1.7481196974539657,1399.570833362734,315.5553612389752,0.9752325483189945,0.1748629355705409,1141,1303,1476,0.0031690160359617017,0.013420074057903367,0.024594312052117862,0.0967701194829158,1536
muon_sft,Muon + SFT,15,k_proj,attn,model.layers.15.self_attn.k_proj.weight,0.009653258554558602,0.0011934181675314903,0.1457048561424017,227.8243688301002,65.42784066643766,0.9593524383306218,0.19746494784564605,183,212,245,0.01528401349966861,0.06730296020187036,0.11993744346024911,0.42671644022173427,256
muon_sft,Muon + SFT,15,o_proj,attn,model.layers.15.self_attn.o_proj.weight,0.015243581053766359,0.0009535819408483803,0.4899736521423961,1033.1691862473658,255.53946033813233,0.916833000687481,0.39550670214252137,719,875,1138,0.00391328994229224,0.018286325245415732,0.03504654722638801,0.1493504810486329,1536
muon_sft,Muon + SFT,15,q_proj,attn,model.layers.15.self_attn.q_proj.weight,0.012919142031927818,0.00104311213362962,0.3902469581412191,912.4555295631882,153.39293289434283,0.8918056037621697,0.45573650515517183,615,770,1046,0.006519205162396893,0.027411140597412634,0.05035627939075509,0.19486502021958563,1536
muon_sft,Muon + SFT,15,v_proj,attn,model.layers.15.self_attn.v_proj.weight,0.009634599920329523,0.0012835734523832798,0.14661784141208045,231.58278492332508,56.3411773289725,0.9640927853344492,0.1795398980651972,190,217,247,0.017749007873248096,0.07125222403286541,0.12373496071280327,0.41229648007663333,256
muon_sft,Muon + SFT,16,down_proj,mlp,model.layers.16.mlp.down_proj.weight,0.04988233821194731,0.0024852484930306673,1.8703674522112124,1405.9188941710977,402.85983175482266,0.976473512592081,0.17168055834234086,1147,1310,1481,0.0024822529355783282,0.011273910701587269,0.021179856312127338,0.09005649785415411,1536
muon_sft,Muon + SFT,16,gate_proj,mlp,model.layers.16.mlp.gate_proj.weight,0.04973644482604983,0.0028244347777217627,1.8547228592797183,1390.6203234085594,310.08901131767635,0.9737030943113704,0.18226140424651383,1123,1292,1475,0.003224880481093642,0.013382469670510445,0.024154000730902972,0.09525580146984347,1536
muon_sft,Muon + SFT,16,up_proj,mlp,model.layers.16.mlp.up_proj.weight,0.04777382464240834,0.0027881504502147436,1.783997063525021,1394.4670224536274,293.5942951616744,0.973962806859299,0.17737108195663231,1141,1307,1481,0.0034060607323767216,0.013978789515245256,0.025324224284327086,0.10033035418197225,1536
muon_sft,Muon + SFT,16,k_proj,attn,model.layers.16.self_attn.k_proj.weight,0.009077647492493438,0.0011167614720761776,0.13774682773509994,230.258983949676,66.07326729011666,0.9626646560654449,0.18704364676218432,187,215,246,0.015134713947308937,0.06584137052589759,0.11984960324722752,0.41697235872538047,256
muon_sft,Muon + SFT,16,o_proj,attn,model.layers.16.self_attn.o_proj.weight,0.014969595002436203,0.0009515606798231602,0.48283534393915417,1040.3464869606266,247.48399943972186,0.9174170961224022,0.3906125721985969,728,887,1150,0.004040665264275252,0.018942462721197702,0.035865589549005844,0.15178235386191521,1536
muon_sft,Muon + SFT,16,q_proj,attn,model.layers.16.self_attn.q_proj.weight,0.012902740443527454,0.000997452181763947,0.39279301808372946,926.7521394646506,167.33228925201092,0.8978301243812553,0.4524707380284423,640,789,1043,0.005976132905789326,0.026462327301602463,0.04856817668389976,0.18535413635198877,1536
muon_sft,Muon + SFT,16,v_proj,attn,model.layers.16.self_attn.v_proj.weight,0.010148954627577452,0.0011777327163144946,0.1547788574534934,232.58443688292593,74.25900791314369,0.9663059576660784,0.17868160344300565,189,217,247,0.01346637974438926,0.060125629433427946,0.11086727378120861,0.4035583864679931,256
muon_sft,Muon + SFT,17,down_proj,mlp,model.layers.17.mlp.down_proj.weight,0.04991192474777743,0.0025001810863614082,1.867150527308695,1399.4262873006342,398.53429973244437,0.9752079217154976,0.17581326519198126,1140,1306,1480,0.002509194316954272,0.011374805021445772,0.021815569700661733,0.09330647928625987,1536
muon_sft,Muon + SFT,17,gate_proj,mlp,model.layers.17.mlp.gate_proj.weight,0.0494127374712999,0.0026938337832689285,1.8483527580598853,1399.2389655270126,336.4621679110383,0.9753891387958868,0.1764108660251622,1135,1300,1477,0.002972102350194698,0.012428313900501918,0.02288968149927939,0.09232141841897472,1536
muon_sft,Muon + SFT,17,up_proj,mlp,model.layers.17.mlp.up_proj.weight,0.04771157645730282,0.0027202293276786804,1.7787966595315297,1389.9688814853218,307.63553247171154,0.97310782726664,0.17973467129012044,1137,1305,1479,0.003250599798942128,0.014496735331463109,0.026419204611049324,0.10323940263235899,1536
muon_sft,Muon + SFT,17,k_proj,attn,model.layers.17.self_attn.k_proj.weight,0.009389200864832619,0.0011062074918299913,0.1433407630538568,233.0677394363444,72.04171938345011,0.9670174296681375,0.17671265872446473,190,218,247,0.013880845828753588,0.060711143447305264,0.11042514314394233,0.3992221261488046,256
muon_sft,Muon + SFT,17,o_proj,attn,model.layers.17.self_attn.o_proj.weight,0.01566897376807273,0.0009837227407842875,0.5039607206998866,1034.4565877673554,253.70888971175336,0.9178462862139074,0.3959836676284376,717,871,1133,0.003941525269911241,0.01788701206204705,0.03373117059787304,0.14219885755160674,1536
muon_sft,Muon + SFT,17,q_proj,attn,model.layers.17.self_attn.q_proj.weight,0.01330513110786623,0.0009375446243211627,0.4168110643304628,981.386683957492,201.39766025437785,0.9051813331006003,0.41975370950286783,675,834,1108,0.004965300980840281,0.022680290199009804,0.04309033770034143,0.17508297882919258,1536
muon_sft,Muon + SFT,17,v_proj,attn,model.layers.17.self_attn.v_proj.weight,0.009878585717017076,0.0012964484049007297,0.15075235706171952,232.8834773299633,58.06027249243683,0.9662371088892759,0.1753051520686133,191,219,247,0.017223480997790083,0.06576916408657273,0.1166419488874462,0.4058459460379902,256
muon_sft,Muon + SFT,18,down_proj,mlp,model.layers.18.mlp.down_proj.weight,0.04935770535782437,0.002961767138913274,1.8450306774466299,1397.324458574189,277.7206043734473,0.9747200603746913,0.17663763536547772,1138,1305,1479,0.0036007411198605665,0.01387031702863955,0.02461786261300709,0.09618503542514063,1536
muon_sft,Muon + SFT,18,gate_proj,mlp,model.layers.18.mlp.gate_proj.weight,0.04964881074187566,0.0026136969681829214,1.8520836288265805,1391.5649630970186,360.83381668077743,0.9738854621963509,0.18117651061619577,1127,1295,1475,0.0027713588742838934,0.01271291163911497,0.024055793276937878,0.09673870144000059,1536
muon_sft,Muon + SFT,18,up_proj,mlp,model.layers.18.mlp.up_proj.weight,0.04705213270929159,0.0032756614964455366,1.7469469029935123,1378.4809978264514,206.32915274403547,0.9707318187645583,0.18617479865321918,1126,1297,1477,0.004846624854998383,0.017120859732151782,0.02986531068928672,0.10973337956019633,1536
muon_sft,Muon + SFT,18,k_proj,attn,model.layers.18.self_attn.k_proj.weight,0.00896269977120479,0.0012082724133506417,0.13629787223180756,231.25996436756301,55.02347030591131,0.963967431403153,0.18254871123677874,189,217,247,0.018174062712517924,0.06553677165600577,0.11636940052551495,0.4129200229671836,256
muon_sft,Muon + SFT,18,o_proj,attn,model.layers.18.self_attn.o_proj.weight,0.015945966923528627,0.0009645117679610848,0.520587492652794,1065.8246046452343,273.3295939476517,0.92349535953184,0.37913472061856157,747,903,1161,0.003658586637316414,0.016602307129923402,0.03137267799816891,0.13460124067676374,1536
muon_sft,Muon + SFT,18,q_proj,attn,model.layers.18.self_attn.q_proj.weight,0.013842881006387761,0.0009876244002953172,0.43419279827843127,983.8123275110046,196.4578329648971,0.9045338077753111,0.4166279613486674,679,842,1121,0.005090150822231043,0.023794994261681978,0.04428779161891218,0.17883577457414032,1536
muon_sft,Muon + SFT,18,v_proj,attn,model.layers.18.self_attn.v_proj.weight,0.010137059577528857,0.0012899573193863034,0.15534480911446735,234.8386059620647,61.75516915873579,0.9690616792471437,0.1668601076985965,194,221,248,0.016192976452377536,0.06428031989460152,0.11357667721090127,0.3953742130241575,256
muon_sft,Muon + SFT,19,down_proj,mlp,model.layers.19.mlp.down_proj.weight,0.048871152061299335,0.0025080780033022165,1.822744500648696,1391.0618470567376,379.68468116178843,0.9736893020936146,0.18162579731690154,1128,1298,1477,0.0026337644092991135,0.012050096461026553,0.022767375591626237,0.09542123332206005,1536
muon_sft,Muon + SFT,19,gate_proj,mlp,model.layers.19.mlp.gate_proj.weight,0.04858031788747402,0.0028493835125118494,1.8050058679600909,1380.5003834588665,290.6825026395567,0.9716319341676012,0.1874331953458852,1116,1287,1473,0.0034401795461352198,0.01555025829815228,0.028062792340452926,0.10348598658856527,1536
muon_sft,Muon + SFT,19,up_proj,mlp,model.layers.19.mlp.up_proj.weight,0.047296841450634904,0.003028293838724494,1.748558840200161,1366.7724764967345,243.93170531334133,0.9685150355436848,0.19359683241969972,1111,1286,1473,0.004099508092707566,0.01775095210136526,0.0315267810894711,0.11373062161325868,1536
muon_sft,Muon + SFT,19,k_proj,attn,model.layers.19.self_attn.k_proj.weight,0.008743075502231563,0.0013095630565658212,0.1331015209434554,231.75951783865654,44.573386151532816,0.9638655572332266,0.17678047985981138,191,218,247,0.0224349120930677,0.07604614760762235,0.12756284788435784,0.41186336965072506,256
muon_sft,Muon + SFT,19,o_proj,attn,model.layers.19.self_attn.o_proj.weight,0.01514614241322317,0.0009743820410221815,0.495798026126014,1071.5329118500565,241.6270381547625,0.9242898829193369,0.37567136690546143,753,910,1167,0.004138609683902587,0.017448216849264484,0.03237451980819535,0.13613898197630245,1536
muon_sft,Muon + SFT,19,q_proj,attn,model.layers.19.self_attn.q_proj.weight,0.013735911977856589,0.0009382122079841793,0.43900706596463834,1021.475659923974,214.3447441835503,0.9142628349037533,0.40104585015492056,709,866,1131,0.004665381480703198,0.02083234820962465,0.038693257765905625,0.1558271155479345,1536
muon_sft,Muon + SFT,19,v_proj,attn,model.layers.19.self_attn.v_proj.weight,0.009172141816394398,0.001244669547304511,0.13967402369598858,231.89413606710696,54.304196732873734,0.9641582891327124,0.1765411329434825,192,219,247,0.018414783021634077,0.07189006033500399,0.1257566536260651,0.41640240971079634,256
muon_sft,Muon + SFT,2,down_proj,mlp,model.layers.2.mlp.down_proj.weight,0.04790401512118853,0.0027823015116155148,1.7951648905291222,1404.3160522016085,296.43907408783093,0.9756675510325619,0.1697614167757977,1156,1318,1484,0.00337337445502786,0.014271649996895999,0.026226798987896677,0.10014192224413093,1536
muon_sft,Muon + SFT,2,gate_proj,mlp,model.layers.2.mlp.gate_proj.weight,0.0443934896040556,0.0024548633955419064,1.6772195076415386,1427.385368909305,327.0272247755746,0.9804895991833625,0.15503093780992816,1177,1330,1485,0.0030578493906318013,0.011882156837997232,0.021351502166263418,0.08618584203384233,1536
muon_sft,Muon + SFT,2,up_proj,mlp,model.layers.2.mlp.up_proj.weight,0.04636830702174063,0.0028332651127129793,1.7531923881553553,1429.6070262024537,267.8354452630393,0.9807273024428594,0.15219687815728467,1183,1335,1487,0.0037336357740772774,0.01344968917712192,0.02336129610414043,0.08881596463744482,1536
muon_sft,Muon + SFT,2,k_proj,attn,model.layers.2.self_attn.k_proj.weight,0.007830993585149342,0.001072483602911234,0.11641253580455668,220.9865097088612,53.315368389792944,0.9483785972171644,0.21929556711887588,177,209,243,0.018756317928611495,0.07903614386332437,0.141726689430702,0.46745378392995984,256
muon_sft,Muon + SFT,2,o_proj,attn,model.layers.2.self_attn.o_proj.weight,0.015208788261970719,0.000928879773709923,0.4949391675754953,1059.0450138067358,268.08358021513857,0.9221693001592465,0.3825269228480892,742,897,1155,0.003730179965507378,0.017064250647730397,0.032501378815522265,0.13930323165740768,1536
muon_sft,Muon + SFT,2,q_proj,attn,model.layers.2.self_attn.q_proj.weight,0.010567102779134203,0.0008729133987799287,0.32490013719969085,945.3397647020203,146.54450678939907,0.8947750422313155,0.43240201674193113,649,815,1101,0.006823865472058345,0.030129747763920595,0.05485535952595004,0.20644753270049454,1536
muon_sft,Muon + SFT,2,v_proj,attn,model.layers.2.self_attn.v_proj.weight,0.010693072784247045,0.0011866067070513964,0.16291335568530485,232.11773968868258,81.20662257389378,0.9656771034307605,0.1809637813649263,189,217,247,0.01231426659925491,0.057322738294735893,0.10795650678163739,0.40725627380092105,256
muon_sft,Muon + SFT,20,down_proj,mlp,model.layers.20.mlp.down_proj.weight,0.04921863654032706,0.0026174390222877264,1.826860633213073,1377.6905433121162,353.59491564843023,0.9711363536490956,0.19002346165411033,1113,1286,1474,0.0028280949633174945,0.013005261973038277,0.02433078884724771,0.10056375788731853,1536
muon_sft,Muon + SFT,20,gate_proj,mlp,model.layers.20.mlp.gate_proj.weight,0.04920416661243392,0.002785459626466036,1.8288491570308878,1381.5035718226281,312.03982438503294,0.9719775331947487,0.18762466037683012,1114,1286,1472,0.003204719147534443,0.01423385631676804,0.025960008326676408,0.10060170177857379,1536
muon_sft,Muon + SFT,20,up_proj,mlp,model.layers.20.mlp.up_proj.weight,0.04834976182851476,0.0030368270818144083,1.7849604665702614,1362.9142281292582,253.48283209701165,0.9681491743660263,0.19789582185954324,1099,1277,1471,0.003945040347416053,0.015615660557985737,0.028378381555376173,0.10961060399635618,1536
muon_sft,Muon + SFT,20,k_proj,attn,model.layers.20.self_attn.k_proj.weight,0.008552622082816845,0.0012161117047071457,0.12953369345632382,229.38601335541009,49.459717039237354,0.960591634066954,0.18727054060920278,188,216,246,0.0202184739392399,0.07406173730284348,0.12914812818950222,0.4263636800156041,256
muon_sft,Muon + SFT,20,o_proj,attn,model.layers.20.self_attn.o_proj.weight,0.014433455841071467,0.0009308535372838378,0.4713092883133072,1066.2801924729765,240.4240722270584,0.9233917785560108,0.37853844897213684,748,904,1162,0.004159317287728128,0.01793208428486981,0.033340741378236505,0.13745922154752038,1536
muon_sft,Muon + SFT,20,q_proj,attn,model.layers.20.self_attn.q_proj.weight,0.012701987062065158,0.0009071692475117743,0.40136140461115993,998.4535919277228,196.04993070224978,0.9091209421059598,0.4118062140866081,690,848,1116,0.00510074141020099,0.023137881442674774,0.04313241200465259,0.16914037993508713,1536
muon_sft,Muon + SFT,20,v_proj,attn,model.layers.20.self_attn.v_proj.weight,0.008789074159859158,0.0011039504315704107,0.13352881697937846,230.8148489504081,63.38508991149256,0.962736347081673,0.18170935307994673,190,218,247,0.0157765809182624,0.06894636174639118,0.12534641969126242,0.42336126578159333,256
muon_sft,Muon + SFT,21,down_proj,mlp,model.layers.21.mlp.down_proj.weight,0.048881943561925434,0.0028365356847643852,1.7987283041002229,1354.0484571715433,296.9753668372846,0.9666017067454357,0.2043629749935112,1085,1267,1468,0.0033672826492303276,0.014404789106719761,0.026762114604790735,0.10875482325795537,1536
muon_sft,Muon + SFT,21,gate_proj,mlp,model.layers.21.mlp.gate_proj.weight,0.04734773889830457,0.0027645030058920383,1.7333044614642859,1340.1432453224484,293.3353174680175,0.9640162043990244,0.21278553067982386,1066,1250,1461,0.0034090678498303584,0.015546959875220347,0.028877687420339488,0.11451491630362111,1536
muon_sft,Muon + SFT,21,up_proj,mlp,model.layers.21.mlp.up_proj.weight,0.04724345635008334,0.002952733775600791,1.7204737629217561,1326.2114758382302,255.99692153837705,0.9609236447236467,0.2190680197641368,1058,1248,1462,0.0039062969741614165,0.017256259574144672,0.03153349582447731,0.1220682869618562,1536
muon_sft,Muon + SFT,21,k_proj,attn,model.layers.21.self_attn.k_proj.weight,0.008210658434925697,0.0010861074551939964,0.12451931582472753,229.99451558142042,57.14922982878416,0.9616664559065644,0.18555905915728177,188,216,246,0.017498048582560835,0.07313826813295714,0.1273771388224378,0.4222383521564811,256
muon_sft,Muon + SFT,21,o_proj,attn,model.layers.21.self_attn.o_proj.weight,0.013606668290088188,0.0009897163836285472,0.43627960367810914,1028.0783769191219,189.0088221871946,0.914741629974265,0.3963738696429002,717,876,1143,0.005290758327722918,0.02212544078518246,0.040576444635395635,0.15958317511306622,1536
muon_sft,Muon + SFT,21,q_proj,attn,model.layers.21.self_attn.q_proj.weight,0.012666323717166738,0.001001474098302424,0.38409144918328764,919.5346757273902,159.9638041678379,0.8900679422387278,0.44666848714861973,621,786,1077,0.006251414219624183,0.02799868891933117,0.05218479581994894,0.2046637050162869,1536
muon_sft,Muon + SFT,21,v_proj,attn,model.layers.21.self_attn.v_proj.weight,0.009080532396064926,0.0012254207395017147,0.13751546209095977,229.34033402377227,54.91009206564395,0.9602088753199446,0.18610758488036505,189,217,247,0.018211588478207603,0.07482428403256255,0.1321930124049928,0.43151406472784526,256
muon_sft,Muon + SFT,22,down_proj,mlp,model.layers.22.mlp.down_proj.weight,0.04849479020056279,0.0029508289881050587,1.7816245687718038,1349.7154413228802,270.08600887841436,0.9656578604712504,0.20635596929487687,1083,1265,1467,0.003702524259411652,0.015453446786703464,0.028128577208963532,0.11141845861527255,1536
muon_sft,Muon + SFT,22,gate_proj,mlp,model.layers.22.mlp.gate_proj.weight,0.04879385864738186,0.0028314515948295593,1.7973901248544166,1356.9204105220945,296.96963446808167,0.96755417484268,0.2039288771878811,1081,1261,1463,0.003367347647483063,0.014329070851669318,0.026485133937391853,0.10496282613499389,1536
muon_sft,Muon + SFT,22,up_proj,mlp,model.layers.22.mlp.up_proj.weight,0.04780953144489954,0.0033306984696537256,1.7526258382991813,1343.8458213416288,206.0432254739328,0.9644216976821322,0.20891608683125762,1080,1263,1465,0.004853350541857602,0.017623300878938455,0.030424797956712116,0.11512617958012694,1536
muon_sft,Muon + SFT,22,k_proj,attn,model.layers.22.self_attn.k_proj.weight,0.008795839422149591,0.0010958871571347117,0.13016175970551558,218.98392630664864,64.42032472744847,0.9473143759836278,0.23229311956539256,169,202,241,0.015523051214517022,0.06782704173626151,0.1258219343652395,0.4602329093415222,256
muon_sft,Muon + SFT,22,o_proj,attn,model.layers.22.self_attn.o_proj.weight,0.014912059224424498,0.0009891606168821454,0.4866546986816189,1065.041675074124,227.26973535066824,0.9228770713659762,0.37877878696357503,749,905,1163,0.004400057924373606,0.01854968053894831,0.03391901806152931,0.1398348215480725,1536
muon_sft,Muon + SFT,22,q_proj,attn,model.layers.22.self_attn.q_proj.weight,0.012849344861159332,0.0010021625785157084,0.3831957826022361,889.3638462484371,164.393865250467,0.8832527312994468,0.4607327593496675,603,766,1052,0.0060829520522339515,0.028313944529735825,0.05338277333351296,0.21672212013122158,1536
muon_sft,Muon + SFT,22,v_proj,attn,model.layers.22.self_attn.v_proj.weight,0.00888857571955627,0.0011918899836018682,0.13323988346382976,224.70055003429275,55.61500910945561,0.9539535606674954,0.2064901828760597,181,212,245,0.017980757641015668,0.07361728016036595,0.13272488316972458,0.4501969605726353,256
muon_sft,Muon + SFT,23,down_proj,mlp,model.layers.23.mlp.down_proj.weight,0.04843358305517162,0.002868326846510172,1.7845922862179577,1357.6406259612884,285.1254095089794,0.9671110165484701,0.20131983255953778,1093,1273,1469,0.0035072286322082678,0.015096040522714904,0.027848281103866977,0.1105240374515766,1536
muon_sft,Muon + SFT,23,gate_proj,mlp,model.layers.23.mlp.gate_proj.weight,0.04885935267645147,0.0029079618398100138,1.808536824244392,1370.1221719923008,282.30463680177456,0.9699476603590106,0.1953548786120336,1099,1275,1468,0.00354227267156851,0.013989561125906474,0.02563713875820665,0.1017738381254247,1536
muon_sft,Muon + SFT,23,up_proj,mlp,model.layers.23.mlp.up_proj.weight,0.04881704259298978,0.0027893302030861378,1.8003878335671857,1360.1575217351856,306.29723228665756,0.9677118355035921,0.1999121793605867,1097,1275,1469,0.003264802598882512,0.014586903425103189,0.027060102068966283,0.10867011633748747,1536
muon_sft,Muon + SFT,23,k_proj,attn,model.layers.23.self_attn.k_proj.weight,0.008525864431725675,0.0010900666238740087,0.12796959783008788,225.28732830900074,61.17454679124441,0.9554441368116406,0.20657435054999707,180,211,245,0.01634666789461405,0.06882237303836596,0.12357405902416498,0.44181826047698425,256
muon_sft,Muon + SFT,23,o_proj,attn,model.layers.23.self_attn.o_proj.weight,0.013596644280651826,0.0009837860707193613,0.44235428984080727,1058.4662517724987,191.01265133245872,0.9215022880541596,0.38199574486811017,742,899,1159,0.0052352553248396815,0.020192631105170042,0.03638131087799117,0.1429741450701515,1536
muon_sft,Muon + SFT,23,q_proj,attn,model.layers.23.self_attn.q_proj.weight,0.013443010773930284,0.0009578000754117966,0.41609702633996015,958.0675500991674,196.9896277876394,0.8987449218567681,0.428589107972571,656,821,1105,0.005076409409118888,0.024229390026620078,0.04581348842741968,0.18804009658279408,1536
muon_sft,Muon + SFT,23,v_proj,attn,model.layers.23.self_attn.v_proj.weight,0.008807741047941074,0.0012262574164196849,0.13142923056147993,222.66648601184335,51.590030106768765,0.9503416305325252,0.21174245590989282,180,211,245,0.019383590161324543,0.0789165758245519,0.14186325186908552,0.4649962136987528,256
muon_sft,Muon + SFT,24,down_proj,mlp,model.layers.24.mlp.down_proj.weight,0.04769719738555869,0.0029065085109323263,1.7458862920466345,1339.819170700892,269.3038266960095,0.963555794249908,0.21124450740672418,1074,1259,1465,0.00371327809288355,0.016376126387150077,0.030372014185356296,0.11827838592353399,1536
muon_sft,Muon + SFT,24,gate_proj,mlp,model.layers.24.mlp.gate_proj.weight,0.04803621338980869,0.0035702898167073727,1.7625439741852773,1346.3016914845052,181.02167887100293,0.965074413786661,0.20831669707681733,1076,1259,1463,0.005524200229700696,0.017985431512975807,0.030740333501379356,0.11300953616194326,1536
muon_sft,Muon + SFT,24,up_proj,mlp,model.layers.24.mlp.up_proj.weight,0.04813268577758364,0.003242494771257043,1.7483500122434172,1319.4002751950807,220.3543471252857,0.9597230257608953,0.22304798062714792,1050,1242,1459,0.004538145096958017,0.018199356680267866,0.032547475837358154,0.12278691531639739,1536
muon_sft,Muon + SFT,24,k_proj,attn,model.layers.24.self_attn.k_proj.weight,0.008737914147174437,0.0011452981270849705,0.1338149424700532,234.52744744595063,58.20743282075415,0.9685224918284424,0.1676427209869633,193,220,248,0.01717993650535031,0.06715145390700056,0.11810802488557018,0.3956134942293943,256
muon_sft,Muon + SFT,24,o_proj,attn,model.layers.24.self_attn.o_proj.weight,0.013740222987927132,0.0011130349012091756,0.4504295975327892,1074.6481079798214,152.39474672880377,0.9243873087197486,0.3730020290536631,759,916,1171,0.0065619059807853096,0.02115532301809879,0.036910469643757486,0.14134783528544026,1536
muon_sft,Muon + SFT,24,q_proj,attn,model.layers.24.self_attn.q_proj.weight,0.013623311413790081,0.0009549782844260335,0.4383002788348165,1035.0900298964884,203.50654266097064,0.9164990665979275,0.3933896257515963,722,881,1145,0.004913846930542859,0.021049358967494464,0.03843114915440097,0.15439701152404758,1536
muon_sft,Muon + SFT,24,v_proj,attn,model.layers.24.self_attn.v_proj.weight,0.008775733878827047,0.0011439992813393474,0.13312080403557047,230.1044270262302,58.84578851031221,0.9614515596961059,0.18351595843379487,190,218,247,0.016993569553830665,0.07226474663173586,0.1296959312514783,0.4284987622233296,256
muon_sft,Muon + SFT,25,down_proj,mlp,model.layers.25.mlp.down_proj.weight,0.04713439920572372,0.0031114877201616764,1.7222762581368443,1335.14882563797,229.47731979613238,0.9626988100220571,0.21418178383427677,1066,1252,1463,0.004357729124988909,0.01874624880683052,0.03258416193245222,0.11948553560148095,1536
muon_sft,Muon + SFT,25,gate_proj,mlp,model.layers.25.mlp.gate_proj.weight,0.0491738210018256,0.0032411266583949327,1.8069218438492207,1350.2395480545888,230.1844099347399,0.9659204261330896,0.20595927014314563,1082,1262,1464,0.004344342869630103,0.017032891252485402,0.029887531485044604,0.11262534539516289,1536
muon_sft,Muon + SFT,25,up_proj,mlp,model.layers.25.mlp.up_proj.weight,0.047963670137631656,0.0030550220981240273,1.7347640013027288,1308.1453075480924,246.48818279503763,0.9576711756294052,0.2295621513846431,1036,1230,1453,0.004056989623845497,0.018366830668866622,0.033684172369127054,0.127452477586497,1536
muon_sft,Muon + SFT,25,k_proj,attn,model.layers.25.self_attn.k_proj.weight,0.00866006699021191,0.0010876948945224285,0.1256633580342168,210.55948943048674,63.39110511397611,0.9355671503709113,0.26198897345351213,157,191,237,0.01577508387339229,0.07395181607509461,0.13802177944805494,0.49172721246356427,256
muon_sft,Muon + SFT,25,o_proj,attn,model.layers.25.self_attn.o_proj.weight,0.012126283208233344,0.0009894530521705747,0.3965834998203803,1069.5814648738274,150.19830402426405,0.9232768967204027,0.37534533917864943,755,912,1168,0.006657864790793199,0.02310247839929526,0.039655654121548346,0.14473520752127475,1536
muon_sft,Muon + SFT,25,q_proj,attn,model.layers.25.self_attn.q_proj.weight,0.012178116051750629,0.001030410872772336,0.3601810807829561,874.7452182338826,139.68164834949445,0.8768540057182765,0.4617363538957677,594,764,1061,0.007159136592502986,0.033200490632220005,0.06143858697225097,0.23684696905684757,1536
muon_sft,Muon + SFT,25,v_proj,attn,model.layers.25.self_attn.v_proj.weight,0.007765219683327944,0.0011847865534946322,0.11133924352179747,205.58387088323568,42.95633891996477,0.9250018715505799,0.2705025703122461,157,192,238,0.023279451302011006,0.09625091107035048,0.16927086409260036,0.5327892425116634,256
muon_sft,Muon + SFT,26,down_proj,mlp,model.layers.26.mlp.down_proj.weight,0.04288528134494488,0.003087685676291585,1.5525239801208954,1310.5696511707108,192.90805439904187,0.9576347476289093,0.2267003205362852,1040,1232,1455,0.005183816731319265,0.020365296097502972,0.036555910997210186,0.13370740573082418,1536
muon_sft,Muon + SFT,26,gate_proj,mlp,model.layers.26.mlp.gate_proj.weight,0.04889094750338544,0.003100377507507801,1.8007517933376818,1356.5968491194185,248.67249560756804,0.9670204760708618,0.2016257838336295,1092,1271,1467,0.004021353457513482,0.01607067833376599,0.029055682095534097,0.11195075109697675,1536
muon_sft,Muon + SFT,26,up_proj,mlp,model.layers.26.mlp.up_proj.weight,0.04530720862173741,0.003255763789638877,1.6009990476067646,1248.6695895562175,193.65505365020354,0.9459118203859295,0.26094221886906,966,1175,1433,0.00516382083065225,0.02160550631710733,0.03929226303380455,0.1466179045440313,1536
muon_sft,Muon + SFT,26,k_proj,attn,model.layers.26.self_attn.k_proj.weight,0.009196269695125707,0.0012017530389130116,0.13909216949832626,228.76098818431788,58.558904066238604,0.9605773670665869,0.1934093569222206,185,214,246,0.017076822320118135,0.06736375823620776,0.11855325008996638,0.42280294820620007,256
muon_sft,Muon + SFT,26,o_proj,attn,model.layers.26.self_attn.o_proj.weight,0.01234786916368611,0.0008822174277156591,0.40485632049808373,1075.0231317663404,195.8992497162989,0.9245540823249679,0.37289348932935096,759,915,1170,0.005104664777676275,0.021367940058912207,0.038247150214281135,0.1419930874596392,1536
muon_sft,Muon + SFT,26,q_proj,attn,model.layers.26.self_attn.q_proj.weight,0.012698625834464128,0.001030696090310812,0.3918824026138772,952.3532545848203,151.7931580127523,0.8972912122627345,0.4309296787044663,652,815,1099,0.006587912216148696,0.028821452634235783,0.05223291713056229,0.1961534583247527,1536
muon_sft,Muon + SFT,26,v_proj,attn,model.layers.26.self_attn.v_proj.weight,0.008528583037157481,0.001204596133902669,0.12705575027212035,221.93964429130878,50.126898519552405,0.9493097175800932,0.21464115950935136,179,210,245,0.019949369091924605,0.08208675674838042,0.1434859611452935,0.4646864286198382,256
muon_sft,Muon + SFT,27,down_proj,mlp,model.layers.27.mlp.down_proj.weight,0.03583746383190389,0.00304878456518054,1.1859447428541898,1095.1014984525498,138.17232361710734,0.9152377577528321,0.33741156198196154,788,1008,1347,0.007237339387670168,0.030012406703035694,0.05426866758613155,0.19707178555971966,1536
muon_sft,Muon + SFT,27,gate_proj,mlp,model.layers.27.mlp.gate_proj.weight,0.04460506398062187,0.003112307982519269,1.569817918207712,1238.597589572285,205.40130572179862,0.9450249776120496,0.2699336700615418,938,1141,1414,0.004868518223318543,0.021283618854760634,0.038829373981792176,0.14451582114851377,1536
muon_sft,Muon + SFT,27,up_proj,mlp,model.layers.27.mlp.up_proj.weight,0.04027216422873506,0.0030544844921678305,1.3188196691916527,1072.4100934636886,173.833746165727,0.9135500382344182,0.35601421314517556,741,952,1310,0.005752622963360836,0.025517184325226785,0.04754934018584356,0.18179263883360627,1536
muon_sft,Muon + SFT,27,k_proj,attn,model.layers.27.self_attn.k_proj.weight,0.008974376164909847,0.0010655854130163789,0.13175488637352828,215.53853325658258,70.9303340157379,0.9428101856679798,0.24537341806003687,164,198,240,0.014098340489671481,0.06523694683906368,0.12336225857645787,0.47090563732842444,256
muon_sft,Muon + SFT,27,o_proj,attn,model.layers.27.self_attn.o_proj.weight,0.012048338627828002,0.0009262872044928372,0.3780743095433934,984.6910826835233,169.1854460489254,0.903519182770126,0.4135899864854964,688,851,1125,0.005910673898692313,0.02617869196370188,0.04886704883873638,0.19240878505291925,1536
muon_sft,Muon + SFT,27,q_proj,attn,model.layers.27.self_attn.q_proj.weight,0.014144321938573158,0.0010548890568315983,0.43677246738794295,953.5560870089912,179.78385616440133,0.8975593126086338,0.43035956372397566,653,818,1103,0.005562234681881343,0.0241153803366887,0.04524594195724446,0.18937092315734164,1536
muon_sft,Muon + SFT,27,v_proj,attn,model.layers.27.self_attn.v_proj.weight,0.007826668490969224,0.0011175788240507245,0.11364232418418396,210.8270521101308,49.04531744874842,0.9327225528663073,0.252919687832303,164,199,241,0.020389306299117834,0.08854564178234983,0.16129220720736445,0.5151373264268038,256
muon_sft,Muon + SFT,3,down_proj,mlp,model.layers.3.mlp.down_proj.weight,0.04754666968290456,0.0030298177152872086,1.7749100822838955,1393.5177560147063,246.26755852564034,0.9737482030297141,0.1778288633769054,1140,1307,1481,0.004060624168229142,0.014323314587539684,0.02545702746948312,0.1004736291534216,1536
muon_sft,Muon + SFT,3,gate_proj,mlp,model.layers.3.mlp.gate_proj.weight,0.04452249861450752,0.0025839360896497965,1.6691340701128397,1405.4758442148593,296.88996783382873,0.9760397261330187,0.16924629935683955,1154,1316,1483,0.0033682512322535147,0.014680540709503531,0.026348631805691296,0.09933203992666349,1536
muon_sft,Muon + SFT,3,up_proj,mlp,model.layers.3.mlp.up_proj.weight,0.04547351188851224,0.0028497909661382437,1.7134163231351351,1419.7399672729107,254.61910116698155,0.978589138417785,0.15830430441390053,1175,1331,1487,0.003927435119426451,0.014950612697123632,0.025807123544506247,0.09619018883012342,1536
muon_sft,Muon + SFT,3,k_proj,attn,model.layers.3.self_attn.k_proj.weight,0.008563461058308738,0.0012285573175176978,0.12657731886429247,218.48072601482033,48.58562661778767,0.9449119854585797,0.2293709920729594,172,205,243,0.02058221884975937,0.08086344249718876,0.14326261713155736,0.4747849865337181,256
muon_sft,Muon + SFT,3,o_proj,attn,model.layers.3.self_attn.o_proj.weight,0.014400183278357716,0.001025500358082354,0.44031402510923456,934.9513195111356,197.18070112706692,0.8974815290381766,0.44597673505806124,636,788,1055,0.005071490233496945,0.02312760789369006,0.04382208623076209,0.18062510115329336,1536
muon_sft,Muon + SFT,3,q_proj,attn,model.layers.3.self_attn.q_proj.weight,0.011007732481633406,0.0009448953787796199,0.31613694746884846,824.8116342190652,135.7151349768251,0.8695577960027675,0.4940715117270127,534,690,990,0.007368374943375043,0.03330104576893429,0.06161073570183491,0.23720635490637704,1536
muon_sft,Muon + SFT,3,v_proj,attn,model.layers.3.self_attn.v_proj.weight,0.010506222432265518,0.001339924754574895,0.15710826733266003,223.6170406027916,61.47978799465743,0.9531985698197996,0.21333518328646117,178,209,244,0.0162655082689436,0.06972118151212567,0.12615813093112022,0.44698118712894375,256
muon_sft,Muon + SFT,4,down_proj,mlp,model.layers.4.mlp.down_proj.weight,0.04837260574644116,0.0027723130770027637,1.8112638500751927,1402.053136782512,304.44890635203393,0.9754308119026454,0.17247528683378444,1149,1313,1482,0.003284623393731956,0.01341915445159539,0.024754196448235583,0.09772439878051553,1536
muon_sft,Muon + SFT,4,gate_proj,mlp,model.layers.4.mlp.gate_proj.weight,0.045156008474526776,0.0029249826911836863,1.6810675369656565,1385.9234126299627,238.33317075968318,0.9724053473352098,0.18268556707750938,1128,1297,1476,0.004195807057878331,0.015883236106420413,0.02797773081689586,0.10445765906783952,1536
muon_sft,Muon + SFT,4,up_proj,mlp,model.layers.4.mlp.up_proj.weight,0.044907301787223734,0.002851020311936736,1.6895017324482353,1415.4135848018336,248.10373398290773,0.9777465305936051,0.1612339641658962,1170,1327,1486,0.0040305721479745715,0.015450378247632726,0.026921143024949978,0.09829609910735755,1536
muon_sft,Muon + SFT,4,k_proj,attn,model.layers.4.self_attn.k_proj.weight,0.008151926015822786,0.001156683312729001,0.12041702189890202,218.20028094880877,49.66969792170064,0.9442087336611216,0.22904453733118824,173,205,242,0.020132999431089777,0.08266332040943511,0.1482538508964992,0.4778209940451312,256
muon_sft,Muon + SFT,4,o_proj,attn,model.layers.4.self_attn.o_proj.weight,0.014107334261532196,0.000990700675174594,0.43156150239231295,935.8268021203368,202.77060431247534,0.8948952825001919,0.4411455431968361,630,794,1084,0.004931681312439999,0.022983108427547097,0.04415170315227074,0.18641695548206813,1536
muon_sft,Muon + SFT,4,q_proj,attn,model.layers.4.self_attn.q_proj.weight,0.009911654246639692,0.0009661041549406946,0.2847913367890822,825.5839863482526,105.25540048851633,0.8680929572673282,0.49103545598521503,541,698,996,0.009500700157509761,0.040412120815295646,0.07245856066884344,0.25295249981762385,1536
muon_sft,Muon + SFT,4,v_proj,attn,model.layers.4.self_attn.v_proj.weight,0.010041245703381307,0.0013571901945397258,0.15046040076413192,224.5273446520736,54.738609585824186,0.9532731104730379,0.2054752284928527,182,212,245,0.018268640865495657,0.07713146914653145,0.13854951342989014,0.4528164345960913,256
muon_sft,Muon + SFT,5,down_proj,mlp,model.layers.5.mlp.down_proj.weight,0.04917651422520189,0.0027056364342570305,1.8418079311959445,1402.7271235777398,330.35174546428595,0.9756976524599343,0.17285449809952458,1147,1311,1482,0.0030270764835662388,0.012672285028364984,0.0235754399637753,0.09447245748379264,1536
muon_sft,Muon + SFT,5,gate_proj,mlp,model.layers.5.mlp.gate_proj.weight,0.04654529641779521,0.002570968819782138,1.7258670700830407,1374.8745850711236,327.76153247395973,0.9707841466262466,0.1921156573712266,1106,1279,1470,0.003050998671051945,0.014048901459668282,0.025588699650170247,0.10157620840348017,1536
muon_sft,Muon + SFT,5,up_proj,mlp,model.layers.5.mlp.up_proj.weight,0.04590556545148689,0.0028409892693161964,1.7274929892673514,1416.126026246455,261.09075604600804,0.9780199640099936,0.16157940098470824,1168,1325,1484,0.003830085810559242,0.015490849807736691,0.026523959552350006,0.0954970831289996,1536
muon_sft,Muon + SFT,5,k_proj,attn,model.layers.5.self_attn.k_proj.weight,0.00833402152006798,0.0011398112401366234,0.12328650613198988,218.837555599844,53.461773829440176,0.9447577949552018,0.22579681830677223,175,207,244,0.01870495362144761,0.07929681210229293,0.14440508524752718,0.48268539498519936,256
muon_sft,Muon + SFT,5,o_proj,attn,model.layers.5.self_attn.o_proj.weight,0.014327456669767055,0.001017215894535184,0.4526792390121841,998.2583391826993,198.38641622648043,0.9079215292468285,0.41022713050875903,690,853,1129,0.005040667698026196,0.022879263751361564,0.0429114461970594,0.17048220653425264,1536
muon_sft,Muon + SFT,5,q_proj,attn,model.layers.5.self_attn.q_proj.weight,0.011384713878073688,0.0010449496330693364,0.338605870723093,884.5955015362375,118.70076696456219,0.881583248614134,0.462254473291553,591,755,1051,0.00842454539740714,0.03356579198228844,0.06111325383372672,0.22646783725703545,1536
muon_sft,Muon + SFT,5,v_proj,attn,model.layers.5.self_attn.v_proj.weight,0.01049651246619008,0.001260086428374052,0.15866577689303085,228.49488012632187,69.3888010759623,0.9603154553375872,0.1950114968980734,184,214,246,0.01441154746145946,0.06313221177720713,0.11596952306154755,0.42602222024905195,256
muon_sft,Muon + SFT,6,down_proj,mlp,model.layers.6.mlp.down_proj.weight,0.049659153988670476,0.00268753245472908,1.8576257666572928,1399.3225083220298,341.42176093117627,0.9750601113399884,0.17516295075279475,1142,1308,1481,0.002928928716414124,0.01321274385446036,0.024272537738772654,0.09587972042613918,1536
muon_sft,Muon + SFT,6,gate_proj,mlp,model.layers.6.mlp.gate_proj.weight,0.046555137175605624,0.0029403844382613897,1.7244388215964648,1372.019745188349,250.68421600695106,0.970023096382398,0.1928364047628044,1106,1280,1470,0.003989082423810327,0.01581682675230316,0.027986097600008655,0.10558224374298567,1536
muon_sft,Muon + SFT,6,up_proj,mlp,model.layers.6.mlp.up_proj.weight,0.04626916964565581,0.0028914897702634335,1.7373995902640047,1409.9899534925974,256.0590270541908,0.9767681889800247,0.16524804562334183,1163,1322,1483,0.003905349526257342,0.015820630123225144,0.0272825915463757,0.09956355527999948,1536
muon_sft,Muon + SFT,6,k_proj,attn,model.layers.6.self_attn.k_proj.weight,0.00856825626149859,0.001468774164095521,0.12838451206334867,224.51242237451376,34.03101047834983,0.9518411753653604,0.20040058182158882,184,214,246,0.029384963477243484,0.09269677905949668,0.15083327381208927,0.4530488358699832,256
muon_sft,Muon + SFT,6,o_proj,attn,model.layers.6.self_attn.o_proj.weight,0.014684168986470063,0.000949713634327054,0.4663730547964846,1008.7142446182701,239.0635705919575,0.9111869354391038,0.4069231427638953,696,856,1128,0.004182987803302063,0.019883099618695672,0.03799420543864663,0.15960821150808227,1536
muon_sft,Muon + SFT,6,q_proj,attn,model.layers.6.self_attn.q_proj.weight,0.011816736363874378,0.0010325228795409203,0.35981603170027654,927.1839952956659,130.97720691813743,0.8913059747300078,0.44215107794588326,631,795,1082,0.0076349162081690595,0.03185564757912427,0.057502753659242505,0.21067993384676542,1536
muon_sft,Muon + SFT,6,v_proj,attn,model.layers.6.self_attn.v_proj.weight,0.009886224887565055,0.0012461313745006919,0.14959114015800878,228.9553382520144,62.94095230028683,0.9603717550349655,0.1908601433901873,187,216,247,0.015887907053408895,0.06646155156513558,0.12162480719651042,0.4305776484509101,256
muon_sft,Muon + SFT,7,down_proj,mlp,model.layers.7.mlp.down_proj.weight,0.04888446248162825,0.0028849912341684103,1.8362027577823028,1410.9108793982195,287.1128912092392,0.9772491552369243,0.16731412431994275,1156,1317,1483,0.0034829505418174705,0.012868757825462485,0.022902791459346032,0.09112119705275708,1536
muon_sft,Muon + SFT,7,gate_proj,mlp,model.layers.7.mlp.gate_proj.weight,0.048242584498475086,0.0025793644599616528,1.8078986369885612,1404.3877166039597,349.81281011364524,0.9762865703675252,0.17265614057644663,1143,1307,1479,0.002858671755545846,0.011938583969444567,0.022152474167514247,0.09112282295493146,1536
muon_sft,Muon + SFT,7,up_proj,mlp,model.layers.7.mlp.up_proj.weight,0.04659067739872131,0.0029424489475786686,1.7571760577831945,1422.4352450163303,250.71491846176707,0.9791946175174564,0.1570292494149672,1175,1330,1487,0.003988593922273898,0.01582985560644438,0.026247347791081968,0.09275401923875044,1536
muon_sft,Muon + SFT,7,k_proj,attn,model.layers.7.self_attn.k_proj.weight,0.008019921580528057,0.0011600139550864697,0.11890066509658936,219.8003220522204,47.79845023440616,0.9457899270231278,0.22101316934427961,177,208,244,0.020921180395932222,0.08564178400139405,0.1510201390215899,0.47676355764560846,256
muon_sft,Muon + SFT,7,o_proj,attn,model.layers.7.self_attn.o_proj.weight,0.01489454235704461,0.0009929253719747066,0.48084614970787243,1042.2165326243755,225.0199952225519,0.9179967207167983,0.38996343096783037,728,887,1150,0.004444049512182099,0.020333397945396275,0.03741385155430424,0.15020010328366207,1536
muon_sft,Muon + SFT,7,q_proj,attn,model.layers.7.self_attn.q_proj.weight,0.010908869441384318,0.0009993592975661159,0.3296811709620684,913.3322645698748,119.1560707447246,0.8877840307804645,0.44799930236129426,619,783,1075,0.00839235461315573,0.034050766582911667,0.061844382293313654,0.218949658992815,1536
muon_sft,Muon + SFT,7,v_proj,attn,model.layers.7.self_attn.v_proj.weight,0.010380929881316127,0.0013419878669083118,0.15779513036250137,231.05463123899236,59.83776123328277,0.9636698929349915,0.18331315527026137,188,217,247,0.016711855179564826,0.06684682489391831,0.118576528979957,0.4137775405158889,256
muon_sft,Muon + SFT,8,down_proj,mlp,model.layers.8.mlp.down_proj.weight,0.04951061705943843,0.00302363489754498,1.860960841004271,1412.7905821944196,268.1254138215021,0.977673155689156,0.16644537794200298,1156,1317,1483,0.0037295979733787017,0.012315713103261612,0.022086976441737346,0.08894021076650513,1536
muon_sft,Muon + SFT,8,gate_proj,mlp,model.layers.8.mlp.gate_proj.weight,0.04886810845386278,0.0024691687431186438,1.8236542041995563,1392.624163252002,391.6963429307988,0.974120215208055,0.18124075757365166,1126,1295,1476,0.0025529980507800415,0.01175192663692861,0.022241973526523486,0.09339982167882693,1536
muon_sft,Muon + SFT,8,up_proj,mlp,model.layers.8.mlp.up_proj.weight,0.047706514549235,0.0026543226558715105,1.7990557120647281,1422.1121567463379,323.0337865144506,0.9792257141060716,0.15857128180549118,1172,1329,1487,0.003095651420212251,0.013027250407826766,0.023189323905727602,0.09025431163067904,1536
muon_sft,Muon + SFT,8,k_proj,attn,model.layers.8.self_attn.k_proj.weight,0.008233051927123421,0.0011108805192634463,0.12370201747398823,225.75212975218264,54.927142654775345,0.9546053647819067,0.19875191570016248,185,214,246,0.018205935201929903,0.0804768535101082,0.14382600490408362,0.4495500138623353,256
muon_sft,Muon + SFT,8,o_proj,attn,model.layers.8.self_attn.o_proj.weight,0.01480144542175701,0.001020902069285512,0.4698668530640333,1007.7234412685387,210.20357019260382,0.9116986488648431,0.4082421198265638,699,854,1118,0.00475729312819819,0.020907141499407138,0.03913921728848108,0.15993872652415633,1536
muon_sft,Muon + SFT,8,q_proj,attn,model.layers.8.self_attn.q_proj.weight,0.010991284939401763,0.0009661606163717806,0.3369795373245097,939.9616304109884,129.41906941768698,0.8929925764892815,0.4338387720759729,646,811,1096,0.007726836582116048,0.034032240851754526,0.061126725745265294,0.21725586055006374,1536
muon_sft,Muon + SFT,8,v_proj,attn,model.layers.8.self_attn.v_proj.weight,0.009864553236311956,0.0013388411607593298,0.15030660183401778,232.1674175881444,54.28711101687465,0.9649024551660759,0.17703624254167094,191,219,247,0.01842057868375348,0.06825421850776527,0.121354830781089,0.41168733276863173,256
muon_sft,Muon + SFT,9,down_proj,mlp,model.layers.9.mlp.down_proj.weight,0.048859556884027405,0.0023789398837834597,1.8423939139465801,1421.8897802077165,421.8248035830373,0.9794323477048837,0.16034567717507375,1167,1324,1485,0.0023706524403161308,0.010902163976827615,0.020210059378456307,0.08486125166543385,1536
muon_sft,Muon + SFT,9,gate_proj,mlp,model.layers.9.mlp.gate_proj.weight,0.04800692957709647,0.002458966802805662,1.7983815769195743,1403.3171384396007,381.1557970305907,0.9761247420301513,0.17359584223775104,1141,1305,1479,0.0026235990841292182,0.011765473991923694,0.021738243085571724,0.09073301006732044,1536
muon_sft,Muon + SFT,9,up_proj,mlp,model.layers.9.mlp.up_proj.weight,0.04669558885338446,0.002842153888195753,1.7658530900050948,1430.0704291528123,269.9333439074058,0.9808907417006767,0.1531591219359234,1179,1332,1487,0.003704618279181642,0.012295540551328933,0.021610373246676785,0.0851255143817999,1536
muon_sft,Muon + SFT,9,k_proj,attn,model.layers.9.self_attn.k_proj.weight,0.008196262862106054,0.001080626854673028,0.12105112863355316,218.12524373208748,57.52812831185729,0.9440594630659024,0.22949160387379752,173,206,243,0.017382800889662996,0.07860841542769212,0.14373993654211384,0.48335824771911096,256
muon_sft,Muon + SFT,9,o_proj,attn,model.layers.9.self_attn.o_proj.weight,0.015068964592384377,0.001032141037285328,0.46312476670550057,944.5592127602401,213.15166699754454,0.9064902917683783,0.4485369022678294,668,810,1042,0.004691495094014534,0.01988320290236078,0.03788120320429646,0.15841889144191967,1536
muon_sft,Muon + SFT,9,q_proj,attn,model.layers.9.self_attn.q_proj.weight,0.0114921657661466,0.001024646102450788,0.32897707087206784,819.4595018872993,125.79285634567427,0.8747709682192663,0.5072451663638173,560,704,957,0.007949577019318456,0.03392003778713606,0.06221401879293074,0.23189707813286353,1536
muon_sft,Muon + SFT,9,v_proj,attn,model.layers.9.self_attn.v_proj.weight,0.010006817892985319,0.0012527629733085632,0.15166289170156233,229.70300232077878,63.804920973580735,0.9617461666824153,0.18902005783915277,187,216,246,0.015672772330743316,0.065287867269254,0.11799052348048904,0.42291108759950913,256
adamw_grpo,AdamW + GRPO,-1,embed,embed,model.embed_tokens.weight,0.02455778666194754,0.006987703964114189,0.7582086608599639,953.2329312210262,12.35120838664177,0.8503748595029681,0.34259717716078875,746,991,1351,0.0809637380162359,0.14759819746160388,0.19396778918257523,0.3572840337561043,1536
adamw_grpo,AdamW + GRPO,0,down_proj,mlp,model.layers.0.mlp.down_proj.weight,0.05180193346005942,0.011967472732067108,1.4840027577301953,820.6868535810061,18.736438683907554,0.81090837618565,0.38383713750902215,617,879,1311,0.05337193566346656,0.17503164347300068,0.247408975387291,0.4498729516742956,1536
adamw_grpo,AdamW + GRPO,0,gate_proj,mlp,model.layers.0.mlp.gate_proj.weight,0.051817573872848945,0.015034466050565243,1.3076828779885545,636.8699011091657,11.87895215108092,0.7564146011388747,0.4745762062349188,403,609,1134,0.08418250930567184,0.21114572904073453,0.2951359602124654,0.5238995474965238,1536
adamw_grpo,AdamW + GRPO,0,up_proj,mlp,model.layers.0.mlp.up_proj.weight,0.05214682540181429,0.015475410968065262,1.2931528562949097,614.9559072848789,11.354587646771114,0.7473357393374217,0.4827404484815272,385,585,1109,0.08807012910630607,0.22338591479056583,0.3063952041482458,0.5381625827094961,1536
adamw_grpo,AdamW + GRPO,0,k_proj,attn,model.layers.0.self_attn.k_proj.weight,0.008372534703477385,0.004656011704355478,0.08335874170370516,99.12618407000211,3.233596200729695,0.6295839120286842,0.4535681939719447,70,111,190,0.30925320847864046,0.5394163591163668,0.6410045024880952,0.8585280086824028,256
adamw_grpo,AdamW + GRPO,0,o_proj,attn,model.layers.0.self_attn.o_proj.weight,0.021703318270984085,0.008223103359341621,0.4501170964291532,430.1290144382727,6.96595685476586,0.6720192465608605,0.5977304921860713,262,409,765,0.14355529625708713,0.3164503945963043,0.41116492984136976,0.6389289213462571,1536
adamw_grpo,AdamW + GRPO,0,q_proj,attn,model.layers.0.self_attn.q_proj.weight,0.01964779922153327,0.00859192106872797,0.3602130837266035,336.1175146832442,5.229344648598462,0.6145864428395109,0.6489572545793854,194,321,651,0.1912285510323008,0.3956900771694651,0.4838681578517697,0.7099481542353244,1536
adamw_grpo,AdamW + GRPO,0,v_proj,attn,model.layers.0.self_attn.v_proj.weight,0.008926461385814995,0.0033600698225200176,0.11158046234049834,156.2491458491806,7.057681523003771,0.8007478196104432,0.33752000857617404,127,169,229,0.14168958980943036,0.33168146717306296,0.43221794685916465,0.7117918659541898,256
adamw_grpo,AdamW + GRPO,1,down_proj,mlp,model.layers.1.mlp.down_proj.weight,0.05214750614621712,0.010936971753835678,1.5230686837167013,853.0448967182709,22.733845644111813,0.8246520143803526,0.3761181796166615,645,906,1324,0.04398727851215992,0.14900302511956218,0.21931551827635068,0.43024415831113516,1536
adamw_grpo,AdamW + GRPO,1,gate_proj,mlp,model.layers.1.mlp.gate_proj.weight,0.052412142674497626,0.01233561523258686,1.4291057738719246,743.4725160400898,18.05270144964886,0.7885541708975685,0.41775607675389237,525,781,1255,0.055393371611950674,0.18639707748282275,0.26485105247023444,0.4865164564092825,1536
adamw_grpo,AdamW + GRPO,1,up_proj,mlp,model.layers.1.mlp.up_proj.weight,0.05250871428816993,0.012937616556882858,1.4177417695646,729.0066679434452,16.472299041637932,0.7843433165071824,0.42560476470643827,507,759,1239,0.060707979953025695,0.19229988648090665,0.266191032826367,0.49101970543830953,1536
adamw_grpo,AdamW + GRPO,1,k_proj,attn,model.layers.1.self_attn.k_proj.weight,0.008476066142487472,0.0031824233010411263,0.09062737987187575,114.32209500093514,7.093699430269898,0.7193681778454895,0.46529704431650276,75,116,192,0.1409701679398548,0.3899168843747692,0.5344013335848803,0.8405019498192015,256
adamw_grpo,AdamW + GRPO,1,o_proj,attn,model.layers.1.self_attn.o_proj.weight,0.021748191352736715,0.008214447647333145,0.43220828325663163,394.94796525067267,7.009540652774668,0.6507028271413213,0.6048166257665506,226,376,751,0.14266270067271217,0.335541412006151,0.4356412450474285,0.6784620628219798,1536
adamw_grpo,AdamW + GRPO,1,q_proj,attn,model.layers.1.self_attn.q_proj.weight,0.021113232738609485,0.005159297492355108,0.42854161635803273,411.98038246910437,16.74666485269852,0.6926196896678453,0.623184847155875,219,355,726,0.05971338226422214,0.21478216726464117,0.32822530319563076,0.6433582621031569,1536
adamw_grpo,AdamW + GRPO,1,v_proj,attn,model.layers.1.self_attn.v_proj.weight,0.008734229821643482,0.0030566188506782055,0.10663000575004844,149.04233119602867,8.165196789572098,0.7914552625737498,0.36406833489432233,116,159,223,0.12247102253274725,0.3283370087787538,0.445165224046646,0.7393851844265962,256
adamw_grpo,AdamW + GRPO,10,down_proj,mlp,model.layers.10.mlp.down_proj.weight,0.052528335307399796,0.013937266543507576,1.5051132385560777,821.0149703321924,14.204699926819602,0.8032696855001124,0.3711540134938389,641,910,1328,0.07039923441901934,0.19827243229119992,0.2631116905757351,0.46320478290169337,1536
adamw_grpo,AdamW + GRPO,10,gate_proj,mlp,model.layers.10.mlp.gate_proj.weight,0.05249188889094201,0.013474853709340096,1.4806751955256914,795.6740612068963,15.175265005980963,0.7967782692088367,0.3826915541757754,612,881,1310,0.06589670754387975,0.19574333459451648,0.26122207774660716,0.47677884774727536,1536
adamw_grpo,AdamW + GRPO,10,up_proj,mlp,model.layers.10.mlp.up_proj.weight,0.05259527313840847,0.015447617508471012,1.4088605139986612,717.5341327348168,11.592321428043883,0.7667384155758659,0.4098960979897155,527,794,1261,0.0862639986483486,0.23079957337503082,0.3007376176169205,0.5196115319316993,1536
adamw_grpo,AdamW + GRPO,10,k_proj,attn,model.layers.10.self_attn.k_proj.weight,0.008680279401109754,0.002950675319880247,0.10372352295235032,142.78648716335738,8.654152834008201,0.7859748550441972,0.39805388661499763,107,146,208,0.11555146057396891,0.3240814343890873,0.4354237650392932,0.7532427393436593,256
adamw_grpo,AdamW + GRPO,10,o_proj,attn,model.layers.10.self_attn.o_proj.weight,0.021757092775806276,0.00820823572576046,0.45219198609612477,431.9604604362804,7.025901988625237,0.6627705720557879,0.5807858882821471,265,431,807,0.1423304796478766,0.3335001788506542,0.41448604391280247,0.6591018256263633,1536
adamw_grpo,AdamW + GRPO,10,q_proj,attn,model.layers.10.self_attn.q_proj.weight,0.02158506287634262,0.0059333425015211105,0.4593693869570856,452.9157917883041,13.23450793977303,0.6987175256670543,0.5938150794672317,270,427,792,0.07556004383017129,0.24487200807086398,0.3507024055151872,0.6290039796732875,1536
adamw_grpo,AdamW + GRPO,10,v_proj,attn,model.layers.10.self_attn.v_proj.weight,0.00890728382634531,0.0033486748579889536,0.11319739912869409,161.5036398630929,7.075296093729177,0.8118724081861761,0.32622684128194535,132,174,232,0.14133684113747527,0.31369924930162435,0.3996683162061785,0.698473465663632,256
adamw_grpo,AdamW + GRPO,11,down_proj,mlp,model.layers.11.mlp.down_proj.weight,0.05244410770222206,0.014342501759529114,1.503395638486836,821.7754649000177,13.37037467453316,0.8023119628037191,0.3688856047135445,647,915,1330,0.0747922196903518,0.2004065475301447,0.26854256775247737,0.46455227942920113,1536
adamw_grpo,AdamW + GRPO,11,gate_proj,mlp,model.layers.11.mlp.gate_proj.weight,0.05227750618746331,0.014062050729990005,1.4555996318304096,775.2720907186645,13.820775213248243,0.7879150475722053,0.3864854810769789,595,867,1304,0.0723548415027708,0.20622143035589197,0.27742158219800445,0.4912714289565431,1536
adamw_grpo,AdamW + GRPO,11,up_proj,mlp,model.layers.11.mlp.up_proj.weight,0.052328514688052816,0.016076229512691498,1.3903797589591704,705.9761962437206,10.59518196735106,0.7612620777109995,0.41086777613386394,519,789,1260,0.09438252245987747,0.23462596404678893,0.3102122933360629,0.5305877316688875,1536
adamw_grpo,AdamW + GRPO,11,k_proj,attn,model.layers.11.self_attn.k_proj.weight,0.008608752326777366,0.0027045782189816236,0.10243236451060511,141.57741194484515,10.131676964287797,0.7880335780575368,0.40583313301930013,103,144,208,0.098700343834965,0.30915906050565534,0.43022477346085386,0.7631490781271736,256
adamw_grpo,AdamW + GRPO,11,o_proj,attn,model.layers.11.self_attn.o_proj.weight,0.0215455222469534,0.008352408185601234,0.44466588272645313,425.94504195552895,6.654120026655974,0.6642391765189202,0.5885827266642476,254,415,792,0.15028283168834716,0.32025905194257664,0.40441686977099073,0.6586354857606963,1536
adamw_grpo,AdamW + GRPO,11,q_proj,attn,model.layers.11.self_attn.q_proj.weight,0.021387724493530387,0.006127587519586086,0.452453723876701,447.52692753918984,12.182884202592078,0.6978820343942236,0.5982574768728743,262,417,783,0.08208236927896237,0.24079239738806144,0.33629834057724084,0.6319225911150123,1536
adamw_grpo,AdamW + GRPO,11,v_proj,attn,model.layers.11.self_attn.v_proj.weight,0.008824931007753663,0.0033527931664139032,0.11090995634731371,157.94956388025693,6.928019673978106,0.8029204752064985,0.3323824707090903,129,172,231,0.14434139148825403,0.330053353414972,0.41618195201820013,0.7100297718383568,256
adamw_grpo,AdamW + GRPO,12,down_proj,mlp,model.layers.12.mlp.down_proj.weight,0.052352043963064705,0.01554932538419962,1.4776660113420803,796.6825104896712,11.33559135620502,0.7904360812145517,0.37439361276329364,624,895,1322,0.08821771785665221,0.2204945970837948,0.28623901601754037,0.4795380358914405,1536
adamw_grpo,AdamW + GRPO,12,gate_proj,mlp,model.layers.12.mlp.gate_proj.weight,0.05237709089020289,0.014899772591888905,1.456083343953651,772.840230571322,12.357296481848428,0.7823247207526292,0.38130394749672636,603,876,1308,0.08092384944141262,0.22295371236606928,0.2952285483734364,0.4983487740041745,1536
adamw_grpo,AdamW + GRPO,12,up_proj,mlp,model.layers.12.mlp.up_proj.weight,0.05244862120878506,0.01663019135594368,1.3863733169127954,698.7023928472448,9.946577219229582,0.7572935263364377,0.4130054496775426,511,780,1255,0.10053709712992664,0.2405345063625689,0.3172333203189553,0.5333546902243942,1536
adamw_grpo,AdamW + GRPO,12,k_proj,attn,model.layers.12.self_attn.k_proj.weight,0.00854743115447295,0.0030954547692090273,0.09875264897709712,133.48310038371815,7.624691875501562,0.7641824315284509,0.41772042490946504,96,137,205,0.13115284083977738,0.3429455963190888,0.4687751019035571,0.7860251069547908,256
adamw_grpo,AdamW + GRPO,12,o_proj,attn,model.layers.12.self_attn.o_proj.weight,0.021667609767188255,0.008845699019730091,0.4437628623490415,419.44970915523254,6.000089028223875,0.6543243331837412,0.5882028640768113,256,416,786,0.16666419369714194,0.3446228597437451,0.42684517948365774,0.6645102013457737,1536
adamw_grpo,AdamW + GRPO,12,q_proj,attn,model.layers.12.self_attn.q_proj.weight,0.02145572475030751,0.00642377370968461,0.44757258920607157,435.1515992373741,11.155933348687592,0.6894022005441652,0.5994747803045819,253,409,777,0.08963839857627351,0.2490383727708844,0.35499546211025984,0.6477287801376349,1536
adamw_grpo,AdamW + GRPO,12,v_proj,attn,model.layers.12.self_attn.v_proj.weight,0.008833905761329539,0.003003233578056097,0.11430262339126784,167.4198206370984,8.652214984133487,0.83122646430759,0.32126772739364995,135,178,233,0.11557734081201282,0.2792847977564792,0.373782736562592,0.6840478508457,256
adamw_grpo,AdamW + GRPO,13,down_proj,mlp,model.layers.13.mlp.down_proj.weight,0.05247046406353498,0.015603531152009964,1.4785426380985882,794.0318003190408,11.307953808367424,0.7886992217308302,0.37315764692412934,625,898,1323,0.08843332904844736,0.2196644123058535,0.2895266484016463,0.4852843519357123,1536
adamw_grpo,AdamW + GRPO,13,gate_proj,mlp,model.layers.13.mlp.gate_proj.weight,0.052438952824040146,0.01532861590385437,1.4365768812931492,750.4983213656843,11.703132900705032,0.7743967248424126,0.38889395175823616,579,852,1295,0.08544720533249323,0.22827766294423396,0.3045587737716156,0.5127636987908489,1536
adamw_grpo,AdamW + GRPO,13,up_proj,mlp,model.layers.13.mlp.up_proj.weight,0.05247912720523579,0.016993289813399315,1.379792762840225,691.2808374905183,9.537142654086313,0.7513188408427892,0.4109024070016718,511,781,1256,0.10485320774472603,0.25202530663781786,0.3317482180119326,0.543850559879473,1536
adamw_grpo,AdamW + GRPO,13,k_proj,attn,model.layers.13.self_attn.k_proj.weight,0.008873964171694865,0.002998024458065629,0.10111229773974628,129.82927069651637,8.761228330141936,0.7549735281776105,0.4230297962840148,93,135,204,0.11413924649807632,0.3608903507561253,0.49099301630401937,0.797346655442999,256
adamw_grpo,AdamW + GRPO,13,o_proj,attn,model.layers.13.self_attn.o_proj.weight,0.021560383215761845,0.008232316933572292,0.43863630122204356,413.9007276673266,6.859126111125597,0.66055810962733,0.5963444015469124,244,399,771,0.14579116695026006,0.31954998070670076,0.4144492600512739,0.6661684574815315,1536
adamw_grpo,AdamW + GRPO,13,q_proj,attn,model.layers.13.self_attn.q_proj.weight,0.021514318365999232,0.0070246621035039425,0.4360927977493603,410.8683106801679,9.380031658651383,0.6740581973243854,0.6085659760135993,235,385,751,0.10660944828237129,0.27052930892812477,0.384681526480879,0.6674083337573385,1536
adamw_grpo,AdamW + GRPO,13,v_proj,attn,model.layers.13.self_attn.v_proj.weight,0.008772897221657123,0.00332471146248281,0.10980567231308669,156.66192831046692,6.962707666724782,0.801619372357767,0.3375539606280433,127,169,230,0.1436222871712772,0.3226248848664063,0.4198964227790637,0.7136845813665844,256
adamw_grpo,AdamW + GRPO,14,down_proj,mlp,model.layers.14.mlp.down_proj.weight,0.05244355197840283,0.015328541398048401,1.484538861172041,801.3070140966827,11.705299624059146,0.7919146676519719,0.3723248414399236,630,902,1324,0.08543138852632133,0.2164005239091412,0.28508800270171253,0.47824272355291014,1536
adamw_grpo,AdamW + GRPO,14,gate_proj,mlp,model.layers.14.mlp.gate_proj.weight,0.052483126480585965,0.015930386260151863,1.4314505774964346,743.8978766142874,10.85392421280452,0.7694986275878394,0.3868383205865513,580,855,1297,0.09213257623637049,0.23390762965537393,0.31245839026404476,0.5228117020723891,1536
adamw_grpo,AdamW + GRPO,14,up_proj,mlp,model.layers.14.mlp.up_proj.weight,0.05265109710878966,0.01828696019947529,1.3698248526488896,676.8855334119866,8.289566330125574,0.7407879677630971,0.4095194088469294,505,779,1255,0.12063357239399175,0.26506155290772276,0.3476215983879595,0.5592807947325145,1536
adamw_grpo,AdamW + GRPO,14,k_proj,attn,model.layers.14.self_attn.k_proj.weight,0.009165530563450874,0.0037600696086883545,0.10290991275905981,126.0663561745775,5.941874162739002,0.7300465410624093,0.4154829956705739,94,135,203,0.1682970679976558,0.41369629014640147,0.5215510594351109,0.7952403128432138,256
adamw_grpo,AdamW + GRPO,14,o_proj,attn,model.layers.14.self_attn.o_proj.weight,0.02144732660244955,0.008946073241531849,0.4368537384798543,414.8831364510888,5.747532448326916,0.6613604648921136,0.6084946411073229,250,397,747,0.17398770846280234,0.3234394517128873,0.4029406858963502,0.6450954864872432,1536
adamw_grpo,AdamW + GRPO,14,q_proj,attn,model.layers.14.self_attn.q_proj.weight,0.021080794322498264,0.007134374231100082,0.43153286103361843,419.03838108244423,8.730963433247947,0.6749732903348499,0.6039697213706703,246,398,759,0.11453489728200554,0.28318896305149205,0.38568773145275387,0.659490698343127,1536
adamw_grpo,AdamW + GRPO,14,v_proj,attn,model.layers.14.self_attn.v_proj.weight,0.008797006200009488,0.003140499582514167,0.11286498306435533,164.60713095721886,7.846433820270845,0.8232100138743076,0.32687945717186584,132,174,231,0.12744643272419542,0.2948641399431508,0.38460170086519646,0.6870700086558611,256
adamw_grpo,AdamW + GRPO,15,down_proj,mlp,model.layers.15.mlp.down_proj.weight,0.052561977565613295,0.017422469332814217,1.4515646621293854,762.6572106636539,9.101730575042968,0.7718912824180021,0.3806103119983546,596,869,1309,0.109869215722778,0.248634952542936,0.31022742061512565,0.500926689040895,1536
adamw_grpo,AdamW + GRPO,15,gate_proj,mlp,model.layers.15.mlp.gate_proj.weight,0.052222974551262485,0.017708271741867065,1.4249461077124579,744.515371420633,8.697027722548853,0.7639973214074508,0.38264702446904497,586,863,1303,0.11498181124653566,0.2527984696917377,0.32189814676587447,0.5191590378152481,1536
adamw_grpo,AdamW + GRPO,15,up_proj,mlp,model.layers.15.mlp.up_proj.weight,0.05272634165148347,0.020059999078512192,1.3576263315335382,662.9873262609748,6.908654294749181,0.7287704789184462,0.41060594080177304,494,768,1250,0.14474598920951,0.28958295686548585,0.36353551135941414,0.5647877204506867,1536
adamw_grpo,AdamW + GRPO,15,k_proj,attn,model.layers.15.self_attn.k_proj.weight,0.008868443439787006,0.003433863166719675,0.09819127940500039,122.58886848565136,6.670046022646482,0.7306012554706495,0.4313856183836715,88,130,201,0.14992400301358472,0.4018443900546117,0.5219947230807184,0.8152662976600498,256
adamw_grpo,AdamW + GRPO,15,o_proj,attn,model.layers.15.self_attn.o_proj.weight,0.021910884975349373,0.009761249646544456,0.4384305664181767,400.38869924629114,5.038589736761982,0.6349553784400612,0.5908673414441394,243,400,772,0.1984682326294428,0.3708252415002845,0.4529485704249772,0.6804900316582062,1536
adamw_grpo,AdamW + GRPO,15,q_proj,attn,model.layers.15.self_attn.q_proj.weight,0.021767282427737927,0.008222502656280994,0.4304582760182427,391.06927801870796,7.008101440722779,0.6505307453643606,0.6056836200555509,225,377,748,0.14269199846183522,0.31835126193700647,0.4285967420696211,0.6917790622655055,1536
adamw_grpo,AdamW + GRPO,15,v_proj,attn,model.layers.15.self_attn.v_proj.weight,0.008990047499067953,0.003759351558983326,0.10701864110887982,141.70817062813774,5.718710222589081,0.7600601813677796,0.36105150745874304,113,159,225,0.1748646042686285,0.38404794785279034,0.47885219555877945,0.7597102747009273,256
adamw_grpo,AdamW + GRPO,16,down_proj,mlp,model.layers.16.mlp.down_proj.weight,0.05268205572667898,0.01744287647306919,1.4451445706072263,752.4838170204783,9.121982113816726,0.7677647249606231,0.38370663614881817,585,859,1303,0.1096252971692783,0.25492161282985804,0.3181334464678194,0.5071560842701833,1536
adamw_grpo,AdamW + GRPO,16,gate_proj,mlp,model.layers.16.mlp.gate_proj.weight,0.052297768234452736,0.017637602984905243,1.4228726433066186,740.2284058668544,8.79199003150178,0.7632525671498013,0.38690696547053083,577,851,1294,0.11373989238124602,0.25578850030009737,0.325596359866786,0.5174795433394181,1536
adamw_grpo,AdamW + GRPO,16,up_proj,mlp,model.layers.16.mlp.up_proj.weight,0.05269314140519129,0.019150253385305405,1.3605539545533247,666.6891029398209,7.571102606755753,0.7329988819998979,0.4127944072187182,494,765,1246,0.1320811580479298,0.2870020155954514,0.3618410020480344,0.5593159433713104,1536
adamw_grpo,AdamW + GRPO,16,k_proj,attn,model.layers.16.self_attn.k_proj.weight,0.00894071927855709,0.0034606577828526497,0.09989993579438305,124.84912416262009,6.674636334124151,0.7384001244952514,0.43055739587960473,90,131,201,0.14982089659139766,0.3877944768265697,0.5116448327525005,0.8080121019897488,256
adamw_grpo,AdamW + GRPO,16,o_proj,attn,model.layers.16.self_attn.o_proj.weight,0.021627033716157533,0.009290922433137894,0.4152822829920453,368.71677128089556,5.418464669990376,0.6310958786666484,0.6145891982535414,205,347,719,0.18455412389018608,0.3533939622800581,0.44752236170530346,0.7019644858435624,1536
adamw_grpo,AdamW + GRPO,16,q_proj,attn,model.layers.16.self_attn.q_proj.weight,0.021390978136975408,0.008560831658542156,0.4202232227712166,385.921354641045,6.243518076957674,0.646469263960485,0.6115977959687633,221,369,735,0.16016610950332627,0.32795062372066636,0.4283830716055409,0.6881249566010645,1536
adamw_grpo,AdamW + GRPO,16,v_proj,attn,model.layers.16.self_attn.v_proj.weight,0.008786422635381073,0.0032718528527766466,0.1125814136757981,164.1758285354241,7.211683384542587,0.8206497953485073,0.3249005151772071,133,176,232,0.13866388007873237,0.29164608278579357,0.38699019382739347,0.691761304207804,256
adamw_grpo,AdamW + GRPO,17,down_proj,mlp,model.layers.17.mlp.down_proj.weight,0.052783110917666534,0.01828019507229328,1.4583721574163064,763.3905205887737,8.337355389298608,0.7697661721900629,0.3802381702439881,596,869,1308,0.11994211033435705,0.25535686285916964,0.31242027258784083,0.49682663894588786,1536
adamw_grpo,AdamW + GRPO,17,gate_proj,mlp,model.layers.17.mlp.gate_proj.weight,0.052211036040763985,0.01747276820242405,1.4230387647694442,742.8631906216688,8.928966453010764,0.7644724528773235,0.38644543986482804,578,853,1296,0.1119950450326543,0.2532372072700011,0.3221657461134896,0.5148573518112215,1536
adamw_grpo,AdamW + GRPO,17,up_proj,mlp,model.layers.17.mlp.up_proj.weight,0.052677574721278965,0.019412098452448845,1.3584066951225395,664.9792337377253,7.363877801732166,0.7319166445718206,0.413789369907571,491,762,1246,0.13579801660543242,0.2866027183666327,0.3594000803540727,0.558722943253722,1536
adamw_grpo,AdamW + GRPO,17,k_proj,attn,model.layers.17.self_attn.k_proj.weight,0.008893453155759484,0.0031738451216369867,0.10464495654741768,138.45089267877538,7.851802798077781,0.7713969688612047,0.3980677749525383,104,145,211,0.12735928623230483,0.35075253078846336,0.46573738832806494,0.7696729018530264,256
adamw_grpo,AdamW + GRPO,17,o_proj,attn,model.layers.17.self_attn.o_proj.weight,0.021529267283770744,0.007906977087259293,0.4488468784596513,434.64823395755934,7.413743195200846,0.678232103399016,0.5943526682322782,256,412,783,0.13488462894794254,0.28559287145491924,0.37698027750626434,0.6415684087088042,1536
adamw_grpo,AdamW + GRPO,17,q_proj,attn,model.layers.17.self_attn.q_proj.weight,0.021963761377683296,0.008594630286097527,0.44162737937114827,404.2951645963327,6.53068948103763,0.655536808583424,0.5991506744194501,234,388,765,0.15312318904513506,0.3174775762389069,0.41931618067674353,0.6771257506207402,1536
adamw_grpo,AdamW + GRPO,17,v_proj,attn,model.layers.17.self_attn.v_proj.weight,0.008912577797096729,0.0028723974246531725,0.1127605138317449,160.06907115771034,9.627590511746854,0.8128835791400494,0.33275411497227814,129,173,231,0.1038681483991115,0.31171212398692494,0.40930102457892037,0.706446323210404,256
adamw_grpo,AdamW + GRPO,18,down_proj,mlp,model.layers.18.mlp.down_proj.weight,0.05268495072148554,0.01767980493605137,1.4455472771369386,752.8205118241208,8.880107396910073,0.7710045908548102,0.3906375788168772,573,843,1294,0.11261125066437377,0.24663478479302145,0.3035907048831096,0.49707834767540593,1536
adamw_grpo,AdamW + GRPO,18,gate_proj,mlp,model.layers.18.mlp.gate_proj.weight,0.05206899651790201,0.01664658449590206,1.4394021339830942,764.1979502920938,9.783812853530902,0.7756381552773363,0.3821111017514842,597,871,1305,0.10220964106433288,0.23581334574615867,0.30449836237452954,0.5013859219150552,1536
adamw_grpo,AdamW + GRPO,18,up_proj,mlp,model.layers.18.mlp.up_proj.weight,0.052430664097717156,0.018305014818906784,1.3746128814964322,687.3692528043094,8.204092486526285,0.7459950702614332,0.41111939710881296,507,778,1255,0.12189038600458446,0.2644517743935174,0.33787415890659084,0.5419955513395099,1536
adamw_grpo,AdamW + GRPO,18,k_proj,attn,model.layers.18.self_attn.k_proj.weight,0.008574688339803642,0.0034095922019332647,0.09966875734789937,135.1081039666594,6.324581736571747,0.7614358326398575,0.4079089537744629,100,141,207,0.1581132226053026,0.35782201197953417,0.46658611180389353,0.7758268310731004,256
adamw_grpo,AdamW + GRPO,18,o_proj,attn,model.layers.18.self_attn.o_proj.weight,0.021434298083349845,0.007628954015672207,0.45415855971315366,448.94844917348274,7.89384397010481,0.6871091889111401,0.5899793322543228,265,421,797,0.12668099392224527,0.28643445533766554,0.3707070024172418,0.6231246506193067,1536
adamw_grpo,AdamW + GRPO,18,q_proj,attn,model.layers.18.self_attn.q_proj.weight,0.021150857557912937,0.0075307199731469154,0.43503907882623594,423.05865112827496,7.888291723965582,0.6767506315719256,0.6018892978881816,245,398,768,0.12677015949624168,0.2790680096448241,0.37491008233002604,0.6533030175056269,1536
adamw_grpo,AdamW + GRPO,18,v_proj,attn,model.layers.18.self_attn.v_proj.weight,0.00871044816340826,0.00332026369869709,0.11009267404733691,159.7481508637688,6.882335611025408,0.8108426246070516,0.3357115636465071,128,171,230,0.14529951117147114,0.30406181824217016,0.4013603646278915,0.7051204885190019,256
adamw_grpo,AdamW + GRPO,19,down_proj,mlp,model.layers.19.mlp.down_proj.weight,0.05243810386945286,0.01711333729326725,1.4221597936120816,735.5341372961294,9.389112412131533,0.7696570159781481,0.4022286790054519,544,812,1279,0.10650634012091652,0.23779025280857116,0.2990559308505117,0.502288260514016,1536
adamw_grpo,AdamW + GRPO,19,gate_proj,mlp,model.layers.19.mlp.gate_proj.weight,0.051740768093639325,0.01649663597345352,1.4233543455629842,756.763749182367,9.837278369728761,0.7750902109868549,0.3876282967132987,583,857,1299,0.1016541326183466,0.2316570315968921,0.29899251636244606,0.5029540153152805,1536
adamw_grpo,AdamW + GRPO,19,up_proj,mlp,model.layers.19.mlp.up_proj.weight,0.052362531466048426,0.018509823828935623,1.3635982696723659,678.159131917731,8.002702975497852,0.7436906495116762,0.4163701412120602,493,763,1248,0.1249577802727071,0.2634480233558908,0.33329593752129233,0.544511255667724,1536
adamw_grpo,AdamW + GRPO,19,k_proj,attn,model.layers.19.self_attn.k_proj.weight,0.008839032089414325,0.003151883604004979,0.10417661843894166,138.9092259253536,7.86446309997012,0.771763535955256,0.3996604797877723,104,145,209,0.1271542618088957,0.3434812168293014,0.45618743253609495,0.765010312184819,256
adamw_grpo,AdamW + GRPO,19,o_proj,attn,model.layers.19.self_attn.o_proj.weight,0.021318641427819144,0.008198227733373642,0.45136395131935103,448.26485601827005,6.762061147585482,0.6850278713208205,0.5918403506232848,265,420,791,0.14788390376461893,0.27723823385603313,0.3579391937030019,0.6208601760780892,1536
adamw_grpo,AdamW + GRPO,19,q_proj,attn,model.layers.19.self_attn.q_proj.weight,0.021431561360073764,0.00730770081281662,0.4504660045783764,441.79054710842354,8.600943743832788,0.6878517807748369,0.5946932251369303,261,419,787,0.1162663109751228,0.2629585955299001,0.36149305517540975,0.639960030843207,1536
adamw_grpo,AdamW + GRPO,19,v_proj,attn,model.layers.19.self_attn.v_proj.weight,0.008906221292661162,0.0036228098906576633,0.11015041191421915,152.96261073791084,6.043602249581744,0.7903477884759234,0.3436896216845202,123,166,228,0.16546423121561424,0.33664140110909113,0.4330148703479505,0.7235044310902632,256
adamw_grpo,AdamW + GRPO,2,down_proj,mlp,model.layers.2.mlp.down_proj.weight,0.05229636705180015,0.012275565415620804,1.545223396999063,873.0507916831187,18.149306308419913,0.8262961175829755,0.3626896720365689,678,938,1339,0.055098524594081884,0.15981363658600664,0.23551788266644735,0.4246610660397267,1536
adamw_grpo,AdamW + GRPO,2,gate_proj,mlp,model.layers.2.mlp.gate_proj.weight,0.05216295620035941,0.012582154013216496,1.4663565437949728,790.232289568939,17.18756675942252,0.8025357763357471,0.3982946693912819,580,840,1285,0.058181592193774764,0.17642708427589382,0.25409046785791956,0.46318180001928366,1536
adamw_grpo,AdamW + GRPO,2,up_proj,mlp,model.layers.2.mlp.up_proj.weight,0.05246765964245269,0.013860550709068775,1.4383410627488047,751.5197062880377,14.329215465025644,0.7865531837428342,0.409636463498269,545,801,1262,0.0697874913278241,0.1986643134400223,0.2775309037057967,0.48797994615967694,1536
adamw_grpo,AdamW + GRPO,2,k_proj,attn,model.layers.2.self_attn.k_proj.weight,0.009016045414068398,0.0036353503819555044,0.09925386715804052,121.18885787431371,6.1509136545891465,0.7204335584498845,0.4290894897643651,89,131,200,0.16257747322690966,0.42411276089990413,0.5383666975662051,0.8117085748963355,256
adamw_grpo,AdamW + GRPO,2,o_proj,attn,model.layers.2.self_attn.o_proj.weight,0.021678498328628476,0.007137250155210495,0.4914929489571449,514.0154735879069,9.225641050530053,0.714567427998706,0.5592927441060564,331,502,868,0.1083935516808933,0.26331563583316714,0.35059358719294187,0.5810671034261483,1536
adamw_grpo,AdamW + GRPO,2,q_proj,attn,model.layers.2.self_attn.q_proj.weight,0.02133360343999063,0.006541745271533728,0.44558700929758643,436.2511711469123,10.635090197435407,0.6894512295363421,0.6006588612377901,255,408,775,0.09402835156406521,0.24924473352730667,0.35133522200091916,0.6441483394527711,1536
adamw_grpo,AdamW + GRPO,2,v_proj,attn,model.layers.2.self_attn.v_proj.weight,0.008928647391341405,0.003027226310223341,0.11289514831150882,159.8745048601444,8.699245073544603,0.8140945779523534,0.33379631175864666,129,172,231,0.1149525035271295,0.29959348654218537,0.417149858316626,0.7084387187416163,256
adamw_grpo,AdamW + GRPO,20,down_proj,mlp,model.layers.20.mlp.down_proj.weight,0.05208115649229172,0.01711304672062397,1.417423576611327,740.6927022221429,9.262038177697868,0.7714564426177534,0.40169924781208133,546,815,1281,0.10796759642039779,0.2393754295599115,0.2949395373658415,0.49528267016634586,1536
adamw_grpo,AdamW + GRPO,20,gate_proj,mlp,model.layers.20.mlp.gate_proj.weight,0.05152771285787628,0.016326390206813812,1.4247785777261015,764.562549681875,9.960964397744227,0.7792359857376957,0.3886368149406312,584,857,1299,0.10039188577227133,0.2293856705637163,0.2922897996463884,0.4899692947981463,1536
adamw_grpo,AdamW + GRPO,20,up_proj,mlp,model.layers.20.mlp.up_proj.weight,0.05180165859626157,0.017678460106253624,1.3598475239195977,689.1172146393509,8.586149873901936,0.7505441862047221,0.416317248778999,498,767,1251,0.11646663693112948,0.25748815977873096,0.323881129128517,0.5316744818290357,1536
adamw_grpo,AdamW + GRPO,20,k_proj,attn,model.layers.20.self_attn.k_proj.weight,0.008652885932107987,0.002829250879585743,0.10578942359279608,149.47292886842783,9.35360526324961,0.8008482302976543,0.3801765224898095,113,153,215,0.1069106480181506,0.30593528624653715,0.41402803324096943,0.7372281136364375,256
adamw_grpo,AdamW + GRPO,20,o_proj,attn,model.layers.20.self_attn.o_proj.weight,0.021598401895556757,0.008615910075604916,0.42097648965527057,379.90275986259195,6.284068653670464,0.6393455430714758,0.6091598723844027,211,358,737,0.1591325708091858,0.34932210342689385,0.43420482460999416,0.6923545300452413,1536
adamw_grpo,AdamW + GRPO,20,q_proj,attn,model.layers.20.self_attn.q_proj.weight,0.02132101672983331,0.0073393648490309715,0.4350215401134534,416.299319839066,8.439153119221835,0.6688676618185735,0.6000259042424279,240,394,769,0.11849530229784584,0.29907275598189353,0.3916904483844439,0.6623184828040967,1536
adamw_grpo,AdamW + GRPO,20,v_proj,attn,model.layers.20.self_attn.v_proj.weight,0.008765413426359074,0.0031226039864122868,0.10937296887277626,155.69518883563958,7.879723707405182,0.8035363028355368,0.34734369762003214,123,166,227,0.12690800301287508,0.31600877485811696,0.4121926914343163,0.7183174206207756,256
adamw_grpo,AdamW + GRPO,21,down_proj,mlp,model.layers.21.mlp.down_proj.weight,0.052196826122238645,0.01868223212659359,1.3558891129650874,674.7768195836326,7.806038060346566,0.7421266440569638,0.4198737306714966,481,748,1245,0.1281059600618451,0.27639457378722915,0.3396518462186947,0.5376610015130213,1536
adamw_grpo,AdamW + GRPO,21,gate_proj,mlp,model.layers.21.mlp.gate_proj.weight,0.051381596940447645,0.016412097960710526,1.416922953503672,760.4615762845483,9.801374760563641,0.7773795356171963,0.38989274051463396,579,852,1297,0.102026503876125,0.23296432628324662,0.2946945070847579,0.49226839946123707,1536
adamw_grpo,AdamW + GRPO,21,up_proj,mlp,model.layers.21.mlp.up_proj.weight,0.05194783776325362,0.018171915784478188,1.331110982617247,656.5889693252119,8.172097135823318,0.7380298521691356,0.4293278707968353,460,723,1225,0.1223676105875426,0.27065890552033983,0.33802089287708065,0.5494987089627158,1536
adamw_grpo,AdamW + GRPO,21,k_proj,attn,model.layers.21.self_attn.k_proj.weight,0.008903255123315208,0.0032119331881403923,0.10380482313485118,135.93692107108436,7.683597929004421,0.7659576981492344,0.4065235141775547,102,142,206,0.13014736185311718,0.36185876365405406,0.47674971321204856,0.7710807112820461,256
adamw_grpo,AdamW + GRPO,21,o_proj,attn,model.layers.21.self_attn.o_proj.weight,0.021424730813959656,0.008909547701478004,0.43143788095461844,405.5139513693728,5.7825504879364695,0.655598379181752,0.603666033653198,232,381,755,0.17293407158073162,0.3252706579847959,0.40664799104056965,0.661253768945642,1536
adamw_grpo,AdamW + GRPO,21,q_proj,attn,model.layers.21.self_attn.q_proj.weight,0.021756350504886477,0.007377213798463345,0.4491025086311424,426.1071956788239,8.697358142964934,0.6761940386138128,0.5996153730841913,252,405,770,0.1149774429846693,0.2876943630554103,0.387300734023252,0.6526111117994717,1536
adamw_grpo,AdamW + GRPO,21,v_proj,attn,model.layers.21.self_attn.v_proj.weight,0.008962426709626235,0.0036867614835500717,0.11039449991949368,151.72028103942858,5.909641708542577,0.7877036275514232,0.3485815730065256,120,164,227,0.16921499632616777,0.34371378195328195,0.43401906686600683,0.7257371519390804,256
adamw_grpo,AdamW + GRPO,22,down_proj,mlp,model.layers.22.mlp.down_proj.weight,0.05223170294046093,0.018995892256498337,1.3500165559671586,668.0513066540841,7.560473160385755,0.7384874270051367,0.4204575511801045,476,745,1246,0.13226685404289926,0.27659089278434257,0.33649914899576,0.5433495172173214,1536
adamw_grpo,AdamW + GRPO,22,gate_proj,mlp,model.layers.22.mlp.gate_proj.weight,0.05142306898062113,0.016262855380773544,1.3990892738074763,740.2439552870042,9.998212994772267,0.771475285207338,0.3981434310134073,553,827,1286,0.10001787324623579,0.23416727867119844,0.3021194892994595,0.5045628758963747,1536
adamw_grpo,AdamW + GRPO,22,up_proj,mlp,model.layers.22.mlp.up_proj.weight,0.052035961017287614,0.018237248063087463,1.3124945615636534,636.1915050549725,8.141202335099628,0.7315089207173252,0.43861530917258706,434,693,1207,0.12283197970509138,0.2741910905074978,0.34394976559394197,0.5594915251479401,1536
adamw_grpo,AdamW + GRPO,22,k_proj,attn,model.layers.22.self_attn.k_proj.weight,0.00860966234180186,0.003668387420475483,0.10082058967236662,137.12802704389642,5.50835406252357,0.7654806206995136,0.40931893182452384,102,140,202,0.1815424333020933,0.34788095678356806,0.4532215193543069,0.758712668301461,256
adamw_grpo,AdamW + GRPO,22,o_proj,attn,model.layers.22.self_attn.o_proj.weight,0.02121450175759597,0.0067545766942203045,0.4775422319497409,506.70815859175536,9.864371014983671,0.7311857443422969,0.5841111109365771,297,455,825,0.1013749379946305,0.19854249723102071,0.2707017826403065,0.5492797116763961,1536
adamw_grpo,AdamW + GRPO,22,q_proj,attn,model.layers.22.self_attn.q_proj.weight,0.02123542901249618,0.006670685950666666,0.4346719568615285,418.98759596644857,10.13400440422713,0.6836445462542016,0.6104682849677494,234,381,750,0.09867767568591906,0.2545534505349313,0.3613820225783067,0.6483740210334806,1536
adamw_grpo,AdamW + GRPO,22,v_proj,attn,model.layers.22.self_attn.v_proj.weight,0.008694636887380945,0.0029822182841598988,0.11137552626314573,164.08793122585783,8.50010012802498,0.8272386622510385,0.3365015577020867,129,171,230,0.11764567298483725,0.27292099247070234,0.3713177712345208,0.6950761861040553,256
adamw_grpo,AdamW + GRPO,23,down_proj,mlp,model.layers.23.mlp.down_proj.weight,0.05207369556901844,0.018331056460738182,1.33667025215982,658.8882549911158,8.069782125991184,0.73908634342365,0.4284818848376428,458,724,1233,0.12391908286832136,0.27005278044677183,0.33109366986776867,0.543926331529987,1536
adamw_grpo,AdamW + GRPO,23,gate_proj,mlp,model.layers.23.mlp.gate_proj.weight,0.05103590034335738,0.016499172896146774,1.3654385571862804,715.8017619914041,9.568133237932871,0.7618868483113003,0.4048973898792261,529,804,1275,0.1045135947768264,0.24252338596101564,0.31257234544315177,0.5211288126540828,1536
adamw_grpo,AdamW + GRPO,23,up_proj,mlp,model.layers.23.mlp.up_proj.weight,0.05173705222023061,0.018289465457201004,1.295651822059881,627.1526460351646,8.002051388432319,0.7276712804674851,0.4404833305041811,426,686,1205,0.12496795527276786,0.27568818109210275,0.34758435476775645,0.5673673130041966,1536
adamw_grpo,AdamW + GRPO,23,k_proj,attn,model.layers.23.self_attn.k_proj.weight,0.008483086889071194,0.0025046865921467543,0.10323541225443478,148.0981256727453,11.470993898774417,0.8011490650545673,0.3865720853211887,111,151,213,0.0871764041393869,0.3000803842547135,0.4254285315151628,0.7396796263232729,256
adamw_grpo,AdamW + GRPO,23,o_proj,attn,model.layers.23.self_attn.o_proj.weight,0.021449488012605582,0.009614575654268265,0.4273464224543977,396.94129721544493,4.977068503196504,0.6480250769454875,0.6087495756534449,224,368,742,0.20092148608317398,0.3277839230613136,0.40477183888131885,0.6618200652984745,1536
adamw_grpo,AdamW + GRPO,23,q_proj,attn,model.layers.23.self_attn.q_proj.weight,0.02148128653136796,0.007431096397340298,0.44937204858832347,437.61432975663797,8.356314675648393,0.6873532791911289,0.5993803532923403,255,408,776,0.11966997879031006,0.26046070562982787,0.3621705172891925,0.6358641184146604,1536
adamw_grpo,AdamW + GRPO,23,v_proj,attn,model.layers.23.self_attn.v_proj.weight,0.00887067718914242,0.0038931698072701693,0.10847802853095345,149.54435264887158,5.191667342889764,0.7806348281542893,0.3556279667205817,118,161,224,0.19261634730305816,0.33554649610808523,0.4280217724147412,0.7318167345454621,256
adamw_grpo,AdamW + GRPO,24,down_proj,mlp,model.layers.24.mlp.down_proj.weight,0.05197647903816539,0.01839546672999859,1.3124927480675979,637.6466936278892,7.983477219478462,0.7311181254502144,0.43730383995992095,432,694,1216,0.12525870275675782,0.2825156579897867,0.34027809535779635,0.554623855385055,1536
adamw_grpo,AdamW + GRPO,24,gate_proj,mlp,model.layers.24.mlp.gate_proj.weight,0.05083314459289621,0.01623617298901081,1.3694244633807102,725.7419223534686,9.802268924014928,0.7662398693910399,0.4029406974426586,538,811,1279,0.10201719701344494,0.23924077918375136,0.3049918166933494,0.5130263188555001,1536
adamw_grpo,AdamW + GRPO,24,up_proj,mlp,model.layers.24.mlp.up_proj.weight,0.0515423648588566,0.017966846004128456,1.2957132474839455,631.9593100869986,8.229718701836955,0.7305255047073437,0.43965715130598815,429,690,1208,0.12151083606014264,0.2742686306434082,0.34216250688626415,0.5623579066583159,1536
adamw_grpo,AdamW + GRPO,24,k_proj,attn,model.layers.24.self_attn.k_proj.weight,0.00865585014904104,0.003288078820332885,0.10041516007368045,134.5795622325115,6.930028475760547,0.7597962317114516,0.4058630428111769,101,142,208,0.1442995513651556,0.3710790304297156,0.4816875164530814,0.7764933302927535,256
adamw_grpo,AdamW + GRPO,24,o_proj,attn,model.layers.24.self_attn.o_proj.weight,0.02166658327558733,0.008822746574878693,0.4332578701738967,399.86377352935204,6.030776743464241,0.6538001098630606,0.6063564141236266,225,372,749,0.1658161199689135,0.32900787428317096,0.4075470321725047,0.6644781817117069,1536
adamw_grpo,AdamW + GRPO,24,q_proj,attn,model.layers.24.self_attn.q_proj.weight,0.02138305347616176,0.006867663003504276,0.42766992194063036,400.0165598594716,9.694412425772544,0.6661662075029379,0.6107996376358131,225,374,744,0.1031522031537987,0.2845712033882691,0.3955253569228422,0.6769947482944834,1536
adamw_grpo,AdamW + GRPO,24,v_proj,attn,model.layers.24.self_attn.v_proj.weight,0.008929090078568062,0.003790631890296936,0.10695551201206399,143.48018689242517,5.548699233024491,0.7686451253573788,0.36808961102510396,111,156,223,0.1802224193461859,0.3558460093422692,0.4558149838858753,0.754120528698494,256
adamw_grpo,AdamW + GRPO,25,down_proj,mlp,model.layers.25.mlp.down_proj.weight,0.05160794641841401,0.01916343718767166,1.2894180322327884,624.2439225699487,7.252476677429108,0.7305077639000254,0.44959333098795895,407,661,1195,0.13788393185905212,0.2635441986357417,0.3231254547597145,0.5516111394903545,1536
adamw_grpo,AdamW + GRPO,25,gate_proj,mlp,model.layers.25.mlp.gate_proj.weight,0.050248999988434274,0.01648264192044735,1.368387124286528,741.588713823629,9.293968555521715,0.774425228197677,0.4029196476460293,546,817,1280,0.10759666272013389,0.22414706269872114,0.28455335559283307,0.4955614996216515,1536
adamw_grpo,AdamW + GRPO,25,up_proj,mlp,model.layers.25.mlp.up_proj.weight,0.05091641906132247,0.018258363008499146,1.299853582862852,651.7381848098935,7.776640624675027,0.7393380864677418,0.4360675051545104,445,707,1217,0.12859022915718035,0.2602240730418485,0.3236573336868654,0.544260107665981,1536
adamw_grpo,AdamW + GRPO,25,k_proj,attn,model.layers.25.self_attn.k_proj.weight,0.008876039095367428,0.0035259448923170567,0.09593170702646603,116.81158907358429,6.3370534794795,0.712530027853681,0.44239163889082644,84,124,195,0.1578020452625462,0.4351614310197397,0.5652508792215418,0.821406406831571,256
adamw_grpo,AdamW + GRPO,25,o_proj,attn,model.layers.25.self_attn.o_proj.weight,0.02155509331884994,0.009152893908321857,0.4175644071596558,375.2728371006526,5.546039493347105,0.6462812788903425,0.6257922006972874,196,327,702,0.18030884944104272,0.32013160031920557,0.39250734469359655,0.6655734063668274,1536
adamw_grpo,AdamW + GRPO,25,q_proj,attn,model.layers.25.self_attn.q_proj.weight,0.021429768469789445,0.007695124018937349,0.4207030704880381,385.4041667338331,7.755391220273465,0.6518964794642463,0.6159444885754892,215,358,724,0.128942560290948,0.3249513044455835,0.41648682123995107,0.6822371682417893,1536
adamw_grpo,AdamW + GRPO,25,v_proj,attn,model.layers.25.self_attn.v_proj.weight,0.008787556570076316,0.004138507880270481,0.10031399752188008,130.312719213249,4.508672545587596,0.7206283622076489,0.37516845945160626,104,149,220,0.2217947721616306,0.44128155704654737,0.5296874172172358,0.7840997489858827,256
adamw_grpo,AdamW + GRPO,26,down_proj,mlp,model.layers.26.mlp.down_proj.weight,0.05185141981803191,0.020355654880404472,1.221254351476091,554.7418653096333,6.4886021751901355,0.7052640803884408,0.4807125405520465,329,556,1124,0.15411639872507626,0.27727242614220454,0.345452742912296,0.5910739688091237,1536
adamw_grpo,AdamW + GRPO,26,gate_proj,mlp,model.layers.26.mlp.gate_proj.weight,0.0503228577470468,0.017013313248753548,1.349222677785292,718.8473441083338,8.74888675971862,0.7660448776444869,0.41296245867023873,517,785,1262,0.11430025641709894,0.2335521890695299,0.2955804227738217,0.5042827016676296,1536
adamw_grpo,AdamW + GRPO,26,up_proj,mlp,model.layers.26.mlp.up_proj.weight,0.0508749000052402,0.01826188899576664,1.2940821590309497,647.0182971973462,7.760965270800376,0.7388129719730689,0.43946941153371744,437,696,1211,0.12884995166289048,0.25784481019059585,0.322578128683514,0.5452191393790884,1536
adamw_grpo,AdamW + GRPO,26,k_proj,attn,model.layers.26.self_attn.k_proj.weight,0.00965310942226833,0.005033663008362055,0.1059590982622467,120.48751548696032,3.67761433722892,0.6924131438758986,0.405451377528389,93,136,207,0.27191540719125523,0.46212516235183515,0.5545603720659007,0.804748745199047,256
adamw_grpo,AdamW + GRPO,26,o_proj,attn,model.layers.26.self_attn.o_proj.weight,0.02155379843159283,0.009176927618682384,0.4242581643329828,387.4474286077657,5.516365345887979,0.6571820525422795,0.6248473230440423,205,336,708,0.18127878363702327,0.29703734361766615,0.3728335615617286,0.6525449392446262,1536
adamw_grpo,AdamW + GRPO,26,q_proj,attn,model.layers.26.self_attn.q_proj.weight,0.022799170021853492,0.011506293900310993,0.4369608321226508,367.3220040655799,3.9261523591096883,0.6103033532339351,0.6069901511728222,213,359,729,0.25470229082672796,0.3916908612546506,0.4710678324732397,0.701532160747542,1536
adamw_grpo,AdamW + GRPO,26,v_proj,attn,model.layers.26.self_attn.v_proj.weight,0.00938074079743734,0.004626665264368057,0.11189491115510464,142.280833152003,4.11091135870552,0.7447852657457027,0.34424905994934996,118,163,227,0.24325506262311836,0.3982622237077049,0.487324911380486,0.7452546239249693,256
adamw_grpo,AdamW + GRPO,27,down_proj,mlp,model.layers.27.mlp.down_proj.weight,0.051427492650230416,0.026156507432460785,0.9720601998997154,357.2692364737288,3.8657271148281467,0.5759301114095913,0.5289445386214016,172,328,928,0.25868354653493325,0.4518001509963768,0.5367466302878746,0.753068206548496,1536
adamw_grpo,AdamW + GRPO,27,gate_proj,mlp,model.layers.27.mlp.gate_proj.weight,0.05031010411506755,0.01824267767369747,1.3180962931037357,686.410384422505,7.605596178682042,0.7520204832778972,0.4242710767409763,482,747,1240,0.1314821319074145,0.24744251325500627,0.30941632912574163,0.5218913836206752,1536
adamw_grpo,AdamW + GRPO,27,up_proj,mlp,model.layers.27.mlp.up_proj.weight,0.050392012214370056,0.019115028902888298,1.1998530946148094,566.9343231558184,6.9498188258465845,0.7082695164203806,0.4693361866998458,346,590,1151,0.14388864300763785,0.2753741547786886,0.35262985126721275,0.595563625567713,1536
adamw_grpo,AdamW + GRPO,27,k_proj,attn,model.layers.27.self_attn.k_proj.weight,0.00847389993278082,0.0030585681088268757,0.09681125723727746,130.52240212056782,7.675918422544956,0.7525394344368044,0.4191503503095013,95,136,204,0.13027757005114826,0.3757667487597114,0.48753160290667596,0.7913348932027443,256
adamw_grpo,AdamW + GRPO,27,o_proj,attn,model.layers.27.self_attn.o_proj.weight,0.021321729857010904,0.01073756068944931,0.37323307908616776,306.4187820979556,3.943062039020065,0.5952627058758279,0.6543745196297477,147,251,608,0.2536100092020164,0.3685679651202355,0.4496650953373328,0.7281577123580301,1536
adamw_grpo,AdamW + GRPO,27,q_proj,attn,model.layers.27.self_attn.q_proj.weight,0.020703577016698345,0.007643819786608219,0.4096532719792396,391.50930059571226,7.33617856483593,0.6597420570204237,0.6165149248652328,214,355,727,0.13631074968557072,0.302555542851,0.39555322271436677,0.6720592699872961,1536
adamw_grpo,AdamW + GRPO,27,v_proj,attn,model.layers.27.self_attn.v_proj.weight,0.009794611084086345,0.0058036139234900475,0.10687016911106184,119.0525223190464,2.8482451351121645,0.6515868416690225,0.3610463824332739,101,149,221,0.35109337594308565,0.515550870829353,0.5858309265087551,0.7963853781617187,256
adamw_grpo,AdamW + GRPO,3,down_proj,mlp,model.layers.3.mlp.down_proj.weight,0.05213919571439795,0.012834605760872364,1.521516830282053,851.5788491046479,16.503026196771827,0.8194025709135493,0.37066150215139837,654,915,1328,0.06059494713736872,0.166923559914431,0.23963518473791623,0.43567804514642794,1536
adamw_grpo,AdamW + GRPO,3,gate_proj,mlp,model.layers.3.mlp.gate_proj.weight,0.051929696488401705,0.012783707119524479,1.4739094898322946,805.5825710264171,16.501291799914814,0.8040976887945088,0.38574828413913087,609,873,1305,0.060601316074245924,0.1795373290867587,0.2551209345130361,0.4647169231530007,1536
adamw_grpo,AdamW + GRPO,3,up_proj,mlp,model.layers.3.mlp.up_proj.weight,0.0523480675475003,0.014690917916595936,1.4344296250128536,750.8569134245253,12.697067953425819,0.7830708404578689,0.40488291863493453,552,812,1270,0.07875834040332029,0.2030996163607958,0.2839039017013393,0.49501190082224444,1536
adamw_grpo,AdamW + GRPO,3,k_proj,attn,model.layers.3.self_attn.k_proj.weight,0.008890056154868492,0.003295710776001215,0.09986650556129462,126.19167323941006,7.276303817377706,0.743169076060471,0.429998526640212,92,132,200,0.1374324141897071,0.37446124616465776,0.5091714354174883,0.8026426771913224,256
adamw_grpo,AdamW + GRPO,3,o_proj,attn,model.layers.3.self_attn.o_proj.weight,0.022055157575233783,0.010296006686985493,0.43448996980141885,388.096012378015,4.5886263853122715,0.6141839511344515,0.5827284001970168,245,407,781,0.21793014205752265,0.422836930400057,0.5016989455608144,0.7008233945207776,1536
adamw_grpo,AdamW + GRPO,3,q_proj,attn,model.layers.3.self_attn.q_proj.weight,0.02156297644673395,0.005802445113658905,0.4420544589758606,420.27555875859963,13.81005266814334,0.6811860505264938,0.6066054903539884,249,401,755,0.0724110200033323,0.2565378029713542,0.38030268085685937,0.663687466338101,1536
adamw_grpo,AdamW + GRPO,3,v_proj,attn,model.layers.3.self_attn.v_proj.weight,0.00893981067119515,0.003413069061934948,0.11097068309027236,154.08482735770974,6.860669372307521,0.7960294314902047,0.34284809784208137,124,167,228,0.14575837221312699,0.33121431722722894,0.4334743990347584,0.7221497331432679,256
adamw_grpo,AdamW + GRPO,4,down_proj,mlp,model.layers.4.mlp.down_proj.weight,0.05208499161900965,0.013683829456567764,1.5031536998867523,832.878369192269,14.488048511100606,0.8136704855971163,0.3788163799781554,631,894,1317,0.06902240831357027,0.17000936229071947,0.24003689313298887,0.4426222198892721,1536
adamw_grpo,AdamW + GRPO,4,gate_proj,mlp,model.layers.4.mlp.gate_proj.weight,0.051790681969324334,0.013730709441006184,1.4684320904416381,803.9045266351578,14.22713018263893,0.8032782178756654,0.3880961590743195,603,866,1302,0.07028824416186752,0.18158811647999182,0.2538550070471726,0.46121626844938474,1536
adamw_grpo,AdamW + GRPO,4,up_proj,mlp,model.layers.4.mlp.up_proj.weight,0.052046356527204456,0.015395605005323887,1.409153896762291,733.054370035316,11.428445049856274,0.7773934237114621,0.41378428599633366,528,786,1255,0.08750096759773773,0.20857909478805312,0.28451518493648614,0.5006999959451015,1536
adamw_grpo,AdamW + GRPO,4,k_proj,attn,model.layers.4.self_attn.k_proj.weight,0.008996703760962373,0.0035328175872564316,0.09732254036134691,117.01998340760822,6.485215521655666,0.7186195284689777,0.4521641859156098,83,123,192,0.15419688006678636,0.412917626014972,0.5382738315768799,0.8252962627098526,256
adamw_grpo,AdamW + GRPO,4,o_proj,attn,model.layers.4.self_attn.o_proj.weight,0.021522181704172878,0.009237668476998806,0.43277361172494855,404.34209453460954,5.4281000388534,0.6370565932183102,0.588782179891532,247,406,777,0.18422652361639857,0.3832302845128696,0.4595239923983953,0.6749789157287746,1536
adamw_grpo,AdamW + GRPO,4,q_proj,attn,model.layers.4.self_attn.q_proj.weight,0.02179540983504873,0.00668602017685771,0.42471353469213113,379.71882023867283,10.626609308365719,0.6593654028774475,0.6222193143582682,208,350,716,0.09410339375258273,0.2834441139928956,0.40137066106110375,0.6959743526600456,1536
adamw_grpo,AdamW + GRPO,4,v_proj,attn,model.layers.4.self_attn.v_proj.weight,0.008787800501053942,0.003259510500356555,0.11162595453788526,161.35038021486912,7.268680997961009,0.8165191361662287,0.33622264306876537,128,170,229,0.1375765424676798,0.29102429427879206,0.39008953254298095,0.6995706179126933,256
adamw_grpo,AdamW + GRPO,5,down_proj,mlp,model.layers.5.mlp.down_proj.weight,0.05232379629052955,0.01446571759879589,1.4848687426419929,805.3369730573096,13.083336978086304,0.8029052927699961,0.38690181635759324,604,868,1306,0.07643309972638722,0.18726027227438186,0.25459708106851237,0.4578414242869756,1536
adamw_grpo,AdamW + GRPO,5,gate_proj,mlp,model.layers.5.mlp.gate_proj.weight,0.052037612303176106,0.014528421685099602,1.4633652679185616,790.8074716004212,12.829148993950657,0.7971054105082656,0.3901328400533437,594,859,1299,0.07794749289072339,0.19260506622471993,0.2584502268177364,0.4718583593785936,1536
adamw_grpo,AdamW + GRPO,5,up_proj,mlp,model.layers.5.mlp.up_proj.weight,0.052297058532092135,0.016093790531158447,1.39266987049632,709.1560870895033,10.559365824139471,0.7684135457401435,0.4232672591427049,500,756,1238,0.09470265702073964,0.22351225213217965,0.2925404386493213,0.5113884723757088,1536
adamw_grpo,AdamW + GRPO,5,k_proj,attn,model.layers.5.self_attn.k_proj.weight,0.008962475313422225,0.0032553239725530148,0.10308040056770551,132.28062865329292,7.57997044137763,0.7600565298707631,0.41923844142901245,97,137,202,0.1319266358271252,0.3544761930816196,0.47919585154931826,0.7852533338004963,256
adamw_grpo,AdamW + GRPO,5,o_proj,attn,model.layers.5.self_attn.o_proj.weight,0.021625919807751536,0.008500381372869015,0.4494734312345514,431.9752594558712,6.47250440347607,0.6570360917998073,0.5791646435979583,273,435,804,0.15449970176350103,0.35912389729523153,0.4386168956041506,0.6564057745677138,1536
adamw_grpo,AdamW + GRPO,5,q_proj,attn,model.layers.5.self_attn.q_proj.weight,0.021356129801017143,0.0063297683373093605,0.4441482081779693,432.5245123423467,11.383333834314936,0.6887561219435603,0.6045742724163199,256,407,761,0.08784772673410587,0.25238472082950514,0.361394387078277,0.6462480259128994,1536
adamw_grpo,AdamW + GRPO,5,v_proj,attn,model.layers.5.self_attn.v_proj.weight,0.008777426381208563,0.003130662254989147,0.11221017548814416,163.42936450047782,7.860713301477177,0.8192706440753755,0.3249191790041315,133,175,232,0.1272149182456611,0.3002406913687961,0.39565804500733986,0.6933666692692113,256
adamw_grpo,AdamW + GRPO,6,down_proj,mlp,model.layers.6.mlp.down_proj.weight,0.052542729003766095,0.015027754008769989,1.4794980450824369,792.872837305652,12.22466865711413,0.7977932478932896,0.38945521327738675,594,861,1303,0.08180180813473839,0.19026841868597624,0.2573067947845645,0.4685154746443229,1536
adamw_grpo,AdamW + GRPO,6,gate_proj,mlp,model.layers.6.mlp.gate_proj.weight,0.05220018645052461,0.014793599024415016,1.4670987922872882,789.9045413558357,12.450776067811955,0.7972250962921803,0.39109816573547396,590,858,1300,0.0803162786442866,0.19059794223345777,0.25363411177587186,0.46957351317235807,1536
adamw_grpo,AdamW + GRPO,6,up_proj,mlp,model.layers.6.mlp.up_proj.weight,0.05275572508713355,0.01663750223815441,1.3893102109723259,693.5204350420529,10.054556967682801,0.7633087841716697,0.4300075295308843,482,735,1227,0.09945739063532925,0.22366418489422196,0.29391998004677644,0.5189599127374082,1536
adamw_grpo,AdamW + GRPO,6,k_proj,attn,model.layers.6.self_attn.k_proj.weight,0.00859866055555209,0.0028973438311368227,0.10189695395820308,140.43029028477537,8.807680188756425,0.7821072839731257,0.4036078034376802,103,144,209,0.11353727412543485,0.3211444240878474,0.44750148573090015,0.7642889854738448,256
adamw_grpo,AdamW + GRPO,6,o_proj,attn,model.layers.6.self_attn.o_proj.weight,0.021836794915930557,0.009251618757843971,0.4493504224324454,423.44062097682706,5.571117711939321,0.6494552778634269,0.5810806943576918,266,429,798,0.17949719458573374,0.36372230051911775,0.4433336166834217,0.6644841770326881,1536
adamw_grpo,AdamW + GRPO,6,q_proj,attn,model.layers.6.self_attn.q_proj.weight,0.02158958337133787,0.006759589072316885,0.43942795610512775,414.2732036973816,10.201121792588102,0.6752974775553262,0.6066553734850495,237,387,756,0.09802843455183298,0.2841931037006596,0.3866208131545265,0.6624315421816059,1536
adamw_grpo,AdamW + GRPO,6,v_proj,attn,model.layers.6.self_attn.v_proj.weight,0.00878661560602624,0.0033279703930020332,0.11100416276894975,159.60087803390437,6.970827678466717,0.8088641355260587,0.3307390155307206,130,173,232,0.1434549878616361,0.30993599623257334,0.41284926056011595,0.7064267507660471,256
adamw_grpo,AdamW + GRPO,7,down_proj,mlp,model.layers.7.mlp.down_proj.weight,0.05258076418235637,0.014294322580099106,1.500767938181525,814.6541960992527,13.530898306859468,0.8061905347901125,0.3820065091437763,618,885,1315,0.07390492318555461,0.1814990436354039,0.24835101807883306,0.45767973759165553,1536
adamw_grpo,AdamW + GRPO,7,gate_proj,mlp,model.layers.7.mlp.gate_proj.weight,0.052083267154014484,0.014599542133510113,1.450287502266292,775.3749569418234,12.726763312980854,0.7937851600699436,0.3980700282079477,571,839,1291,0.07857457355084423,0.1923589502629759,0.2540119765735942,0.4758122357870485,1536
adamw_grpo,AdamW + GRPO,7,up_proj,mlp,model.layers.7.mlp.up_proj.weight,0.052612095900902496,0.016806481406092644,1.3866621611377923,694.6565314146876,9.799808913070724,0.761477977252494,0.4254706772717205,489,747,1236,0.10204280602514879,0.23007065763846835,0.298025894421434,0.5231803655114527,1536
adamw_grpo,AdamW + GRPO,7,k_proj,attn,model.layers.7.self_attn.k_proj.weight,0.008630115135328107,0.002769063925370574,0.10228764122257417,140.47956318004503,9.71330924893083,0.7833837656235684,0.4069790245606877,104,144,205,0.10295152500267327,0.3331441468744541,0.4372536430515963,0.7605066084264257,256
adamw_grpo,AdamW + GRPO,7,o_proj,attn,model.layers.7.self_attn.o_proj.weight,0.02182230724806257,0.008937126956880093,0.4462175835485951,418.11141804330964,5.962185411377743,0.6493919056512377,0.5875445485940856,260,418,783,0.16772373400057006,0.3689411848218391,0.44201483095938615,0.6630166599343806,1536
adamw_grpo,AdamW + GRPO,7,q_proj,attn,model.layers.7.self_attn.q_proj.weight,0.021363495067716273,0.005878899712115526,0.4433879541317811,430.74790190005973,13.205428746556159,0.6952110280115544,0.6123302894996978,248,395,750,0.07572643184802233,0.22498652345821493,0.3417130496503292,0.6390612243474374,1536
adamw_grpo,AdamW + GRPO,7,v_proj,attn,model.layers.7.self_attn.v_proj.weight,0.008864727765191285,0.0034713316708803177,0.10844092066690791,149.64271744228998,6.521366147988588,0.7820539563004112,0.348409515611801,121,164,225,0.15334210306661497,0.36262283250613175,0.4544423725977158,0.7293477227303359,256
adamw_grpo,AdamW + GRPO,8,down_proj,mlp,model.layers.8.mlp.down_proj.weight,0.05268500354496516,0.013911218382418156,1.5188584634452127,831.1139728732443,14.343121935675459,0.8113825989689833,0.37503573318751027,638,905,1325,0.06971982839473136,0.17959230926578448,0.24275787795994233,0.4498547377884744,1536
adamw_grpo,AdamW + GRPO,8,gate_proj,mlp,model.layers.8.mlp.gate_proj.weight,0.05236722834802775,0.013531536795198917,1.472578277636785,790.747090419155,14.97700350340441,0.8002629497563364,0.39260992238623205,590,857,1298,0.06676903025179175,0.18275102517741873,0.24808946598993137,0.47038457635670444,1536
adamw_grpo,AdamW + GRPO,8,up_proj,mlp,model.layers.8.mlp.up_proj.weight,0.05263969832441296,0.015370946377515793,1.41627571592835,723.8837605091263,11.728043506771797,0.7760043308387626,0.4182953205776023,516,776,1250,0.08526571370771244,0.2085825641557305,0.27645967444304653,0.5037618058815709,1536
adamw_grpo,AdamW + GRPO,8,k_proj,attn,model.layers.8.self_attn.k_proj.weight,0.008591588606522642,0.002841288922354579,0.09880792915282655,132.26247576233166,9.143577506977818,0.7661636447250861,0.42961049127475714,95,134,200,0.10936638304174283,0.33958810087322944,0.4578996279641892,0.7871464739870243,256
adamw_grpo,AdamW + GRPO,8,o_proj,attn,model.layers.8.self_attn.o_proj.weight,0.02173728914817444,0.007377294357866049,0.46706206926295124,461.67720642074374,8.681935198957419,0.6877211754085357,0.5775276100789277,285,450,823,0.11518169360675329,0.2953365092302017,0.37783227007068626,0.6266831973387407,1536
adamw_grpo,AdamW + GRPO,8,q_proj,attn,model.layers.8.self_attn.q_proj.weight,0.02154175051171611,0.006999752949923277,0.43841997548983613,414.2081915198852,9.47101575394553,0.681915440962658,0.6139144249710855,233,380,744,0.10558529580984069,0.24433341481496176,0.355686875620633,0.6576964251202011,1536
adamw_grpo,AdamW + GRPO,8,v_proj,attn,model.layers.8.self_attn.v_proj.weight,0.008897293243413549,0.002768296981230378,0.11571647151140496,169.15099456990083,10.329765223560154,0.8416775393224736,0.3285557281558693,134,175,232,0.09680762131158582,0.24670465176942485,0.351274624559148,0.6831337197085506,256
adamw_grpo,AdamW + GRPO,9,down_proj,mlp,model.layers.9.mlp.down_proj.weight,0.052526563633959696,0.013307705521583557,1.517031777475495,834.12545956787,15.579431820463714,0.8124221167889327,0.37322475860176363,644,910,1327,0.06418719318675611,0.1782078661215881,0.24374648392496553,0.44916748682682633,1536
adamw_grpo,AdamW + GRPO,9,gate_proj,mlp,model.layers.9.mlp.gate_proj.weight,0.052397381840902084,0.012707684189081192,1.4864792444859631,804.819564578269,17.001465069778654,0.8051206337172139,0.386140563583679,610,877,1307,0.058818460403013924,0.1744760720330657,0.24196577852590956,0.4663377555075612,1536
adamw_grpo,AdamW + GRPO,9,up_proj,mlp,model.layers.9.mlp.up_proj.weight,0.05263189218982245,0.015424760058522224,1.4129790706720087,720.7314783047112,11.642899092184766,0.7724818912476196,0.4146732413552259,521,784,1255,0.08588926109230344,0.21321957880815662,0.2871451153288792,0.5137428502023738,1536
adamw_grpo,AdamW + GRPO,9,k_proj,attn,model.layers.9.self_attn.k_proj.weight,0.008713539058610513,0.0030915052630007267,0.1027080526255304,138.93761047116104,7.944181980881263,0.7803005742397807,0.4154219790796201,103,141,199,0.12587828456178796,0.3265184783095465,0.4369760934875194,0.759460516720407,256
adamw_grpo,AdamW + GRPO,9,o_proj,attn,model.layers.9.self_attn.o_proj.weight,0.021745264101080693,0.00973371509462595,0.4491521252076911,426.6360448887365,4.990822365635291,0.6602934935044419,0.6001884746190345,263,413,765,0.2003677804454794,0.32926297996145504,0.4018538199820756,0.6342537417126038,1536
adamw_grpo,AdamW + GRPO,9,q_proj,attn,model.layers.9.self_attn.q_proj.weight,0.02095964475540805,0.006444210186600685,0.4440976245846606,448.9407888559268,10.578605969634445,0.6998200529304387,0.6027713645749819,269,421,771,0.0945304138248904,0.2350370842759377,0.33554850212106463,0.6266864198030643,1536
adamw_grpo,AdamW + GRPO,9,v_proj,attn,model.layers.9.self_attn.v_proj.weight,0.00877492878647365,0.002726835198700428,0.11654420506965835,176.39820711120717,10.355460549753815,0.8557930300633457,0.3117261207513746,141,181,234,0.09656740955126071,0.23208318518271,0.3262198900162545,0.654674555371709,256
muon_grpo,Muon + GRPO,-1,embed,embed,model.embed_tokens.weight,0.05665392150123136,0.025747284293174744,1.4970054770237766,698.211223436092,4.841691302685497,0.7104579126264262,0.3515346746730781,606,913,1349,0.20653939656279593,0.33722952520823074,0.40547818235620536,0.577924680707467,1536
muon_grpo,Muon + GRPO,0,down_proj,mlp,model.layers.0.mlp.down_proj.weight,0.036729458335022544,0.001812758855521679,1.3734993318503257,1398.3885446695283,410.53385424633854,0.9758300930691202,0.1791627803382072,1113,1279,1468,0.0024358527065588983,0.011388421477143886,0.021750815140133817,0.08844206045058386,1536
muon_grpo,Muon + GRPO,0,gate_proj,mlp,model.layers.0.mlp.gate_proj.weight,0.03103563650449737,0.0018008796032518148,1.0710292979600524,1190.9167096083727,296.9969263544099,0.9455876423729868,0.3083599718603043,855,992,1243,0.003367038212397823,0.015505053310524722,0.02935315770992604,0.115796036454417,1536
muon_grpo,Muon + GRPO,0,up_proj,mlp,model.layers.0.mlp.up_proj.weight,0.03077044480619478,0.0017849225550889969,1.0559500968032154,1177.6581449119265,297.18630585186526,0.9432138468884721,0.3161727363169684,843,981,1233,0.003364892595348783,0.015725477238953605,0.03007740403372499,0.1187954624875041,1536
muon_grpo,Muon + GRPO,0,k_proj,attn,model.layers.0.self_attn.k_proj.weight,0.006532804635267646,0.0007167868898250163,0.09899410531215835,229.62508412185528,83.06522287278071,0.963356172225102,0.19342035052354922,181,209,242,0.012038732521449548,0.056595298827368336,0.10801205862397963,0.4000589466153203,256
muon_grpo,Muon + GRPO,0,o_proj,attn,model.layers.0.self_attn.o_proj.weight,0.01144894322190421,0.0007648395258001983,0.3559891013320531,966.8132665638088,224.07332367661567,0.9086066547434902,0.4353311049159849,659,796,1043,0.00446282486282574,0.020559387016692115,0.0388136103170873,0.15233543509725525,1536
muon_grpo,Muon + GRPO,0,q_proj,attn,model.layers.0.self_attn.q_proj.weight,0.00946640898822671,0.0007899045012891293,0.2554109859644191,727.9618490519931,143.62212573716482,0.8643753999231784,0.5693188893219916,475,584,797,0.006962715492946028,0.02892327007977656,0.05332099871954677,0.20041927011750402,1536
muon_grpo,Muon + GRPO,0,v_proj,attn,model.layers.0.self_attn.v_proj.weight,0.006454233934252202,0.00071857706643641,0.09848275891272351,232.82574870291742,80.67569210425464,0.966657731195988,0.1773102340308801,189,217,246,0.012395307358599809,0.05878401747363449,0.109997630495836,0.40489834592743246,256
muon_grpo,Muon + GRPO,1,down_proj,mlp,model.layers.1.mlp.down_proj.weight,0.02077063207914441,0.0018362028058618307,0.6530045074541704,988.4004450639177,127.95525671063969,0.8861548479182907,0.3705852721969314,705,936,1314,0.007815231868600897,0.03755888228049821,0.07264831729241993,0.27975850046198225,1536
muon_grpo,Muon + GRPO,1,gate_proj,mlp,model.layers.1.mlp.gate_proj.weight,0.03687499949039375,0.0018212656723335385,1.3920535378123162,1425.1081731061429,409.93730532962905,0.9806643116012584,0.15785293030085135,1156,1308,1473,0.00243939740784485,0.011199239126563426,0.021348573102714086,0.08441597336384668,1536
muon_grpo,Muon + GRPO,1,up_proj,mlp,model.layers.1.mlp.up_proj.weight,0.03679579517422944,0.0018218699842691422,1.3869161185106549,1420.7053164096828,407.9074372447174,0.9798904369151854,0.16141771559569906,1150,1304,1472,0.002451536571028653,0.011164495951882639,0.021287697091056025,0.08512717889220042,1536
muon_grpo,Muon + GRPO,1,k_proj,attn,model.layers.1.self_attn.k_proj.weight,0.006537690569974366,0.0007367240032181144,0.09903102830867283,229.4530602498939,78.74791852966077,0.9627034967340347,0.1936993181111255,182,211,244,0.012698748343720926,0.05805416215836189,0.1087224434019084,0.4079612769282264,256
muon_grpo,Muon + GRPO,1,o_proj,attn,model.layers.1.self_attn.o_proj.weight,0.011923704999197126,0.0007392771658487618,0.3788352867049696,1009.4351045508647,260.14043426683236,0.9174589954649435,0.4131238660191119,699,835,1071,0.0038440775376513588,0.017604330061875513,0.03360318409206537,0.13651671938460483,1536
muon_grpo,Muon + GRPO,1,q_proj,attn,model.layers.1.self_attn.q_proj.weight,0.010547920402497078,0.0007876954041421413,0.3153903981075057,894.0529633693782,179.31518332128343,0.8936490979901439,0.4731338233506741,594,728,984,0.005576772593809167,0.024472494339526172,0.04516041187794983,0.17288724449374068,1536
muon_grpo,Muon + GRPO,1,v_proj,attn,model.layers.1.self_attn.v_proj.weight,0.006721011240241066,0.0007477147737517953,0.10238677790039219,232.06973621181498,80.7973877573245,0.9660462487001958,0.18230253307310096,187,215,246,0.01237663775719466,0.055218970749265434,0.10419417470625433,0.40259384786651836,256
muon_grpo,Muon + GRPO,10,down_proj,mlp,model.layers.10.mlp.down_proj.weight,0.03806483313842575,0.0017576516838744283,1.444151847739704,1439.3879406103447,469.01013926766655,0.9828465934260617,0.14724533341343293,1178,1328,1485,0.0021321500672916043,0.010416411584416233,0.020161854773810533,0.08138997469780879,1536
muon_grpo,Muon + GRPO,10,gate_proj,mlp,model.layers.10.mlp.gate_proj.weight,0.03810646416253438,0.0018777449149638414,1.4488733554089208,1445.6512812210121,411.83581989746375,0.9840054973943785,0.14160522508527684,1189,1336,1486,0.0024281520734378416,0.01076763809872252,0.020330155162636157,0.07952651875077985,1536
muon_grpo,Muon + GRPO,10,up_proj,mlp,model.layers.10.mlp.up_proj.weight,0.03783046954181538,0.0018366276053711772,1.434989994968646,1438.8458974536454,424.26894880580795,0.9828487531591187,0.14752812907333412,1177,1327,1484,0.002356995492634343,0.010788284627386062,0.02040812907744896,0.08038012748940773,1536
muon_grpo,Muon + GRPO,10,k_proj,attn,model.layers.10.self_attn.k_proj.weight,0.006736568643714056,0.0007697413675487041,0.10379829250450712,237.4121493355694,76.59277856359164,0.9732718550200299,0.15709784172452967,195,221,248,0.013056061142497185,0.05673193821375152,0.10473570541163921,0.3754807953476405,256
muon_grpo,Muon + GRPO,10,o_proj,attn,model.layers.10.self_attn.o_proj.weight,0.012783594515581273,0.0007356324349530041,0.4276386765326712,1119.0461054619104,301.9842092836195,0.9348769393330112,0.3513077218370777,794,942,1183,0.0033114314234252338,0.01547911526781705,0.02937559725782289,0.11681123644115826,1536
muon_grpo,Muon + GRPO,10,q_proj,attn,model.layers.10.self_attn.q_proj.weight,0.01153539438225136,0.0007703984738327563,0.37005548728583904,1029.1265974693133,224.19920421733423,0.91809056599269,0.3998968582936939,711,859,1116,0.004460319132224127,0.019858312758153866,0.03719482476666529,0.14270863192765743,1536
muon_grpo,Muon + GRPO,10,v_proj,attn,model.layers.10.self_attn.v_proj.weight,0.006431385815525696,0.0007139708613976836,0.09832178820215631,233.71705766343047,81.14245653302245,0.9676913003341838,0.17278081104220666,192,219,247,0.012324004506728622,0.05781092426442613,0.10935572541795514,0.4037876709920403,256
muon_grpo,Muon + GRPO,11,down_proj,mlp,model.layers.11.mlp.down_proj.weight,0.038141445394297376,0.0017670963425189257,1.4483748222701252,1442.0078997575788,465.87975433512673,0.9833027093947456,0.14508271925016825,1182,1332,1486,0.0021464766191163103,0.010366457619787514,0.019919327463483037,0.08069440162142623,1536
muon_grpo,Muon + GRPO,11,gate_proj,mlp,model.layers.11.mlp.gate_proj.weight,0.03798477646771546,0.0018241103971377015,1.4436875247047283,1444.5323001393913,433.62759566473574,0.9837748679852387,0.1428261263894699,1186,1333,1485,0.002306126293616151,0.010711756115560498,0.020289859142402018,0.07969804674053438,1536
muon_grpo,Muon + GRPO,11,up_proj,mlp,model.layers.11.mlp.up_proj.weight,0.03772928873958798,0.0018215662566944957,1.430764097807696,1438.0660432869022,429.0098769024022,0.9826832888157628,0.14843077521827097,1175,1324,1482,0.002330948665378852,0.010785785288908901,0.02040963651288941,0.08023349124481209,1536
muon_grpo,Muon + GRPO,11,k_proj,attn,model.layers.11.self_attn.k_proj.weight,0.006646806359371828,0.0007125776610337198,0.10247876176435966,237.7068434937405,87.00849302586964,0.9740278587867491,0.1571142948941231,195,220,247,0.011493130902780684,0.05367585991606486,0.0997967411468349,0.3696887802490156,256
muon_grpo,Muon + GRPO,11,o_proj,attn,model.layers.11.self_attn.o_proj.weight,0.012589816139277484,0.0007518502534367144,0.4181336732392644,1103.0406352137743,280.3987508701559,0.9320605416081522,0.3602370724962516,779,926,1170,0.0035663496962690445,0.016780679377769978,0.031031458764491145,0.12004309632683673,1536
muon_grpo,Muon + GRPO,11,q_proj,attn,model.layers.11.self_attn.q_proj.weight,0.011242557804313925,0.00077289022738114,0.3561410485311587,1003.4917528024492,211.5897504660593,0.9134938729727649,0.4138684494540976,686,833,1093,0.004726126845923986,0.020612994235174147,0.037874683400643205,0.14627859061889664,1536
muon_grpo,Muon + GRPO,11,v_proj,attn,model.layers.11.self_attn.v_proj.weight,0.006407636554384376,0.0007539864745922387,0.09806428465526551,234.2210851461581,72.22185349143669,0.9684066970311326,0.17044679333217583,192,219,247,0.013846224538097316,0.05998622647200692,0.11052777094380577,0.39887072775040266,256
muon_grpo,Muon + GRPO,12,down_proj,mlp,model.layers.12.mlp.down_proj.weight,0.037854596414678185,0.0018100012093782425,1.4355161320709158,1438.0663167756263,437.40073709572454,0.982663710129228,0.1487031532815939,1175,1326,1485,0.0022862330014344523,0.010540592108499083,0.01997869919916739,0.07959979447062687,1536
muon_grpo,Muon + GRPO,12,gate_proj,mlp,model.layers.12.mlp.gate_proj.weight,0.03764361636719018,0.0018487066263332963,1.4262954781431176,1435.6095314879258,414.6165960893022,0.9823483130299072,0.15034575378700188,1171,1321,1480,0.0024118667931580214,0.010870994028082587,0.02056285721968982,0.08005513744925406,1536
muon_grpo,Muon + GRPO,12,up_proj,mlp,model.layers.12.mlp.up_proj.weight,0.03741924973432998,0.0018428987823426723,1.4157101898691735,1431.3919317796467,412.2751751783618,0.9816197485459938,0.15392218550862613,1164,1317,1479,0.002425564429309555,0.010793525015008,0.020397081369108144,0.08046938490765276,1536
muon_grpo,Muon + GRPO,12,k_proj,attn,model.layers.12.self_attn.k_proj.weight,0.006684333263523172,0.0007378994487226009,0.10301192110637203,237.49735868643194,82.058168093903,0.9736131859791598,0.15759260356963445,195,220,247,0.012186477266414883,0.05496880881184335,0.10174862884093686,0.3723805542453671,256
muon_grpo,Muon + GRPO,12,o_proj,attn,model.layers.12.self_attn.o_proj.weight,0.012341323417355882,0.0007700193673372269,0.4054337935918966,1079.2359981134202,256.8740127312457,0.927968300871381,0.3734246679634432,756,902,1150,0.003892959001058038,0.017649997048416147,0.03274429784830032,0.12541823538247351,1536
muon_grpo,Muon + GRPO,12,q_proj,attn,model.layers.12.self_attn.q_proj.weight,0.011426784232467155,0.0007718126871623099,0.3621063460788587,1004.209252440283,219.19176165475136,0.9141582588401876,0.41390718200047116,690,834,1088,0.004562215260512841,0.020394400896597564,0.037987913689866044,0.1471691909535198,1536
muon_grpo,Muon + GRPO,12,v_proj,attn,model.layers.12.self_attn.v_proj.weight,0.006377073481118752,0.0007349840016104281,0.0976199084543623,234.33326819341457,75.2812931688086,0.9686462987386256,0.1703297183810384,192,219,247,0.013283512515620963,0.05859884602780515,0.10831969784842127,0.3992873917467455,256
muon_grpo,Muon + GRPO,13,down_proj,mlp,model.layers.13.mlp.down_proj.weight,0.037776898192422324,0.00183458486571908,1.4334157839766704,1439.7655350128402,424.0108583962139,0.9828855003922723,0.14691941217200766,1180,1330,1486,0.0023584301679971534,0.01088495925036415,0.02087008944395462,0.08049154324444642,1536
muon_grpo,Muon + GRPO,13,gate_proj,mlp,model.layers.13.mlp.gate_proj.weight,0.03771087069135779,0.0018335360800847411,1.4317901398753747,1441.5364062188485,423.01347193942075,0.9832533991104367,0.14555982962284864,1181,1330,1485,0.0023639909041554327,0.010758560146725011,0.020451829007073905,0.07934459968642195,1536
muon_grpo,Muon + GRPO,13,up_proj,mlp,model.layers.13.mlp.up_proj.weight,0.03764064719228569,0.0018564405618235469,1.4280056761053856,1439.281367756466,411.10434454294773,0.9828705856947421,0.14750697817126257,1177,1327,1484,0.0024324724690315963,0.010749264428698788,0.020441839056763923,0.07960874967411907,1536
muon_grpo,Muon + GRPO,13,k_proj,attn,model.layers.13.self_attn.k_proj.weight,0.006480918589441751,0.0006818818510510027,0.09911230014404282,233.87401861406374,90.33475463401318,0.9688462967850703,0.17558897988474653,189,216,246,0.011069936527214257,0.051567620442643076,0.09778150443205395,0.389280002558033,256
muon_grpo,Muon + GRPO,13,o_proj,attn,model.layers.13.self_attn.o_proj.weight,0.012305610781303147,0.0007709575002081692,0.4062081308439236,1089.6596651808384,254.76834942871267,0.9294408720708962,0.3674787569760751,766,914,1162,0.003925134351430936,0.01748796454302591,0.032304274774105725,0.12440523429257597,1536
muon_grpo,Muon + GRPO,13,q_proj,attn,model.layers.13.self_attn.q_proj.weight,0.01112999396345366,0.0007539512007497251,0.3504228967119474,991.2771448216478,217.9231576833763,0.9115069038171794,0.42067480623339804,676,821,1080,0.004588773449460174,0.020400468250535174,0.03857172495125227,0.14855860551082006,1536
muon_grpo,Muon + GRPO,13,v_proj,attn,model.layers.13.self_attn.v_proj.weight,0.006444541611744196,0.0007373180706053972,0.09858443755365442,234.00905436066654,76.39664883628348,0.9681831733733305,0.17173361280412003,192,219,247,0.013089579389051219,0.05970937695475567,0.11061067615636773,0.3987701837899494,256
muon_grpo,Muon + GRPO,14,down_proj,mlp,model.layers.14.mlp.down_proj.weight,0.03787551726464598,0.0018216781318187714,1.4387754411436617,1443.0084918338446,432.2886724537515,0.9834804470197336,0.14439724973868184,1184,1333,1487,0.0023132690346101665,0.010814743834593148,0.020287927886217905,0.07906306025354587,1536
muon_grpo,Muon + GRPO,14,gate_proj,mlp,model.layers.14.mlp.gate_proj.weight,0.03802144155873191,0.0018373568309471011,1.446522914338857,1447.4163619726467,428.22314922531956,0.984274409213692,0.1405400041352296,1190,1336,1487,0.0023352310630778785,0.010643590942442853,0.020208778013758626,0.07831589118455555,1536
muon_grpo,Muon + GRPO,14,up_proj,mlp,model.layers.14.mlp.up_proj.weight,0.03775993003607805,0.0018123399931937456,1.4331590672081802,1440.5436735239628,434.0932307252775,0.9831027298923164,0.14653479710361528,1179,1328,1484,0.002303652600915275,0.010562471179488386,0.020065888192882873,0.07927966445411307,1536
muon_grpo,Muon + GRPO,14,k_proj,attn,model.layers.14.self_attn.k_proj.weight,0.006310264659379304,0.0007837709272280335,0.09676870572729968,235.16609955697967,64.82116750301678,0.9701810696858902,0.16767435054812463,191,218,247,0.015427059377686464,0.06042518836048246,0.10902638444047413,0.3825842068066078,256
muon_grpo,Muon + GRPO,14,o_proj,attn,model.layers.14.self_attn.o_proj.weight,0.011745609376952976,0.0007663711439818144,0.373350997948916,1010.3771737184553,234.89448428115995,0.9192607376449122,0.4136833955296504,708,845,1075,0.0042572306585242645,0.018455822479914327,0.033594771837233674,0.129224517782037,1536
muon_grpo,Muon + GRPO,14,q_proj,attn,model.layers.14.self_attn.q_proj.weight,0.010125306313386472,0.0007552679744549096,0.29736804864072314,862.5261383773405,179.72736265452687,0.8904803345810641,0.4938071972530167,575,702,940,0.005563983053165959,0.02332706863428774,0.04293286929284058,0.16503447387830222,1536
muon_grpo,Muon + GRPO,14,v_proj,attn,model.layers.14.self_attn.v_proj.weight,0.0063118612281448105,0.0006948623340576887,0.09735029665171169,237.8809556914282,82.51204336441644,0.9741310699025771,0.15574487372784707,195,221,248,0.012119442922816439,0.05582297379620766,0.10334424551182599,0.3687559266954348,256
muon_grpo,Muon + GRPO,15,down_proj,mlp,model.layers.15.mlp.down_proj.weight,0.037819284738017225,0.0018507639179006219,1.4341614662262145,1438.035068591819,417.56546594596784,0.9826244313078569,0.14854965144322274,1176,1327,1485,0.0023948340596954398,0.010926377204448764,0.02058460116016913,0.08011517199664087,1536
muon_grpo,Muon + GRPO,15,gate_proj,mlp,model.layers.15.mlp.gate_proj.weight,0.037692613319876465,0.0018800243269652128,1.4285550607279447,1436.420087022488,401.96252019512315,0.982450029726788,0.1495616767302863,1173,1323,1481,0.002487794134424707,0.010976668673193454,0.020735806618176145,0.0806252483152414,1536
muon_grpo,Muon + GRPO,15,up_proj,mlp,model.layers.15.mlp.up_proj.weight,0.037174777724290606,0.0018798282835632563,1.4026347690641074,1423.614619963059,391.07531308900593,0.9802490619133709,0.15990044565257988,1153,1308,1476,0.0025570522263378133,0.011160068107799119,0.021001475525046148,0.08330441539292008,1536
muon_grpo,Muon + GRPO,15,k_proj,attn,model.layers.15.self_attn.k_proj.weight,0.006591274733535084,0.0007067362894304097,0.10149466889561154,237.10877904378376,86.980929440073,0.9731934292315434,0.1600214122783914,194,220,247,0.011496772987335887,0.05367442281796016,0.10073340075327832,0.3721918347340049,256
muon_grpo,Muon + GRPO,15,o_proj,attn,model.layers.15.self_attn.o_proj.weight,0.012325703726382085,0.000766548968385905,0.40596954324559675,1084.8344229518534,258.5494639580632,0.929255860927576,0.3706902183368783,761,907,1152,0.0038677318633396985,0.016642770426731263,0.030637995684146054,0.12067168255865283,1536
muon_grpo,Muon + GRPO,15,q_proj,attn,model.layers.15.self_attn.q_proj.weight,0.01102258791983683,0.0007829772075638175,0.344980964848574,979.5421347838162,198.18414312651458,0.9097290169629562,0.4273880641132628,666,810,1066,0.0050458123653295064,0.02082716348412624,0.03887445476197039,0.14904165204709058,1536
muon_grpo,Muon + GRPO,15,v_proj,attn,model.layers.15.self_attn.v_proj.weight,0.006488758468063292,0.0007563814288005233,0.09983598558756057,236.72874843932775,73.59384654890113,0.9723140649709877,0.1603327178947509,194,220,247,0.013588092576945642,0.05815336265924498,0.10650606925358942,0.3779730792345193,256
muon_grpo,Muon + GRPO,16,down_proj,mlp,model.layers.16.mlp.down_proj.weight,0.03770432753304509,0.001856165356002748,1.4285253429843578,1435.467948995605,412.6188588530206,0.9821706479758098,0.15064924630439513,1172,1325,1484,0.002423544097765563,0.010988853643974004,0.02069780157560222,0.0807630148495583,1536
muon_grpo,Muon + GRPO,16,gate_proj,mlp,model.layers.16.mlp.gate_proj.weight,0.03753438542170431,0.001881560543552041,1.422415366396308,1436.1316459516752,397.9442408423141,0.982309008608985,0.15005289184367543,1172,1324,1483,0.002512914869388074,0.011181440341085458,0.02078104893130429,0.08057883860874092,1536
muon_grpo,Muon + GRPO,16,up_proj,mlp,model.layers.16.mlp.up_proj.weight,0.03701711691153555,0.0018813081551343203,1.39761997415917,1425.51902028382,387.1553856174637,0.9804672484260863,0.15859180107073412,1156,1312,1479,0.0025829422426995995,0.011473500075841822,0.02117911237725618,0.08278627289295071,1536
muon_grpo,Muon + GRPO,16,k_proj,attn,model.layers.16.self_attn.k_proj.weight,0.00656346900606631,0.0007159195956774056,0.10111889214022085,237.35464112245722,84.05012776020781,0.9734934594679167,0.15885074126937693,194,220,247,0.011897661867367607,0.053080129704462756,0.099592855608982,0.3722710813614523,256
muon_grpo,Muon + GRPO,16,o_proj,attn,model.layers.16.self_attn.o_proj.weight,0.012176350109603367,0.0007545456173829734,0.400425020785363,1081.4542697096256,260.4133545917052,0.9281284942856245,0.37213174505492175,758,906,1155,0.0038400488391537066,0.017452749320518723,0.03258280844018946,0.12464263318734221,1536
muon_grpo,Muon + GRPO,16,q_proj,attn,model.layers.16.self_attn.q_proj.weight,0.01119383842562925,0.0007868274115025997,0.34818667039309165,967.5339527495106,202.39468564947438,0.9101653112347544,0.4363633497942847,666,804,1046,0.004940841192499943,0.020400785828854958,0.037961296421418024,0.144535360757202,1536
muon_grpo,Muon + GRPO,16,v_proj,attn,model.layers.16.self_attn.v_proj.weight,0.006322905326648789,0.0007095197797752917,0.0969185840949649,234.95287484149182,79.41532985359193,0.9696861471962679,0.16838462924454767,193,219,247,0.012592027280420222,0.057722702022975275,0.1057145353110998,0.39292421574781833,256
muon_grpo,Muon + GRPO,17,down_proj,mlp,model.layers.17.mlp.down_proj.weight,0.037910008640450896,0.0018726367270573974,1.4372809564811178,1437.3931666028589,409.8271192870413,0.9825367214677474,0.1492378872573079,1174,1326,1485,0.002440053263775363,0.010849178381759214,0.020331513970287016,0.07953973181889055,1536
muon_grpo,Muon + GRPO,17,gate_proj,mlp,model.layers.17.mlp.gate_proj.weight,0.03776470527672624,0.0018867921316996217,1.4330110012292891,1439.8818239871869,400.61212213452694,0.9830602780467198,0.1468411497704345,1179,1328,1483,0.0024961800822996478,0.010896521124406916,0.020370940940066452,0.07882807383215498,1536
muon_grpo,Muon + GRPO,17,up_proj,mlp,model.layers.17.mlp.up_proj.weight,0.03720810808622207,0.0018708946881815791,1.4056713156325031,1427.2248181585837,395.5273251732115,0.9808699197964064,0.15717003634320315,1159,1313,1478,0.0025282703276242025,0.011165369969301278,0.020976878185979462,0.08150951402289665,1536
muon_grpo,Muon + GRPO,17,k_proj,attn,model.layers.17.self_attn.k_proj.weight,0.006421180198110948,0.0007654137443751097,0.0989657013269607,237.5416111928381,70.37804562793478,0.9732956722543383,0.15560563991927512,196,221,248,0.014208976550537733,0.06134013374714994,0.10943544104742231,0.37224538803339724,256
muon_grpo,Muon + GRPO,17,o_proj,attn,model.layers.17.self_attn.o_proj.weight,0.01230420270483835,0.000774382206145674,0.40400775170957104,1078.1332535723127,252.46211969368497,0.9284963352673934,0.37455915296766973,758,901,1141,0.003960990271385311,0.017474939571381323,0.03169342980908853,0.1210181940629301,1536
muon_grpo,Muon + GRPO,17,q_proj,attn,model.layers.17.self_attn.q_proj.weight,0.010914449800622353,0.0007293546223081648,0.3424878861054359,984.6609944857851,223.93718579707948,0.910683443210525,0.42470014850506166,670,814,1070,0.004465537942886132,0.02060513377630031,0.0382942870431738,0.146571282422754,1536
muon_grpo,Muon + GRPO,17,v_proj,attn,model.layers.17.self_attn.v_proj.weight,0.0064455530601095785,0.0007223361753858626,0.09941651481494773,237.90123291664173,79.62356988655996,0.9740269655334349,0.15524673082135854,196,222,248,0.01255909527071826,0.05561815716914834,0.10291115165257841,0.3716555621300769,256
muon_grpo,Muon + GRPO,18,down_proj,mlp,model.layers.18.mlp.down_proj.weight,0.03762155244433638,0.0018692282028496265,1.424523313617101,1433.724468791346,405.08743760398033,0.9818915929590313,0.15220480933323355,1169,1322,1483,0.0024686028426722413,0.01121014091515929,0.020599391243535187,0.08029069922332852,1536
muon_grpo,Muon + GRPO,18,gate_proj,mlp,model.layers.18.mlp.gate_proj.weight,0.03770557911967583,0.0018918697023764253,1.4293980961454338,1437.1270624429155,397.21787764844606,0.9825582871638415,0.1491106658664303,1175,1325,1483,0.002517510052468083,0.011283942603583293,0.020567447185044628,0.07960973259712747,1536
muon_grpo,Muon + GRPO,18,up_proj,mlp,model.layers.18.mlp.up_proj.weight,0.03632168403977499,0.001845459220930934,1.3631837744426605,1408.5649063108615,387.36738008530733,0.9776719080637715,0.17170788451332664,1130,1291,1471,0.002581528676420241,0.011463495772065378,0.02123707480088225,0.08466129585200928,1536
muon_grpo,Muon + GRPO,18,k_proj,attn,model.layers.18.self_attn.k_proj.weight,0.006562960260768146,0.0006943151820451021,0.10119365355058108,237.7425974317542,89.34828599727666,0.9740128272982732,0.15690525792366716,195,221,248,0.011192156501250399,0.05222223038622454,0.09937079534703541,0.3707964832714386,256
muon_grpo,Muon + GRPO,18,o_proj,attn,model.layers.18.self_attn.o_proj.weight,0.012554288085145885,0.0007723918533883989,0.41899677793784207,1113.8768707113277,264.18539906809445,0.9339172733746032,0.354161637618416,790,938,1179,0.0037852205440855853,0.01676355417843537,0.030410917814807984,0.11755995623021566,1536
muon_grpo,Muon + GRPO,18,q_proj,attn,model.layers.18.self_attn.q_proj.weight,0.011649943407489616,0.0007472243742085993,0.3757048852788394,1040.0304460123623,243.07795352335265,0.920652103826894,0.39480342987095907,718,865,1121,0.004113906611049074,0.01794685079635706,0.033918423460720694,0.1333132383123606,1536
muon_grpo,Muon + GRPO,18,v_proj,attn,model.layers.18.self_attn.v_proj.weight,0.006402577339244795,0.0007304971222765744,0.09838219388620928,236.11487034843435,76.81970720665159,0.9713955254332316,0.1632495975207482,194,220,248,0.013017492989265298,0.056347230125234786,0.10438277727091268,0.38436207130437455,256
muon_grpo,Muon + GRPO,19,down_proj,mlp,model.layers.19.mlp.down_proj.weight,0.037210138387854724,0.001855006325058639,1.4063127199187875,1428.3717078861332,402.3757330130726,0.9809465026774138,0.15645605618929181,1161,1316,1481,0.0024852393371533454,0.011288790557516302,0.02085326848217921,0.0816168640763155,1536
muon_grpo,Muon + GRPO,19,gate_proj,mlp,model.layers.19.mlp.gate_proj.weight,0.0371816379505559,0.0018958731088787317,1.4063032981695187,1430.5431272864264,384.6258794227467,0.9814484821481885,0.15464205808892229,1164,1317,1480,0.002599929057038017,0.011175916322478064,0.020418502770491957,0.07996908040868876,1536
muon_grpo,Muon + GRPO,19,up_proj,mlp,model.layers.19.mlp.up_proj.weight,0.03636232975345543,0.0019129090942442417,1.366606604761671,1412.4842985362002,361.3389166175544,0.9783295701372399,0.1687280477621096,1136,1296,1473,0.002767484912394345,0.01164195943092816,0.021206023119306444,0.08337393309433527,1536
muon_grpo,Muon + GRPO,19,k_proj,attn,model.layers.19.self_attn.k_proj.weight,0.006466016492642021,0.0007232446223497391,0.10015679999196436,239.93149757178298,79.9287810291918,0.9771431608231409,0.14645044981284028,198,223,248,0.012511137879542757,0.0526508598983406,0.09718657394154741,0.35617395135368185,256
muon_grpo,Muon + GRPO,19,o_proj,attn,model.layers.19.self_attn.o_proj.weight,0.01270664142624625,0.0007641584961675107,0.4258683856823672,1123.2831746384038,276.4996952184827,0.9358294802524035,0.3491126780972067,798,945,1184,0.0036166405145937924,0.016071652911531127,0.02887362474287115,0.11191419764508047,1536
muon_grpo,Muon + GRPO,19,q_proj,attn,model.layers.19.self_attn.q_proj.weight,0.011775511336145596,0.0007511175936087966,0.38309852107812503,1058.4281969078918,245.77838173117635,0.9242952580136617,0.3851352884402086,735,882,1134,0.004068706095940384,0.017344752053958096,0.031841014392535436,0.12590526258074458,1536
muon_grpo,Muon + GRPO,19,v_proj,attn,model.layers.19.self_attn.v_proj.weight,0.006309972666350244,0.0007540631922893226,0.09718961436010431,237.23827734983786,70.02279974482413,0.9727866615970043,0.15681015188386183,196,221,248,0.01428106279160763,0.06161070075194647,0.10966474396938307,0.37712069015388106,256
muon_grpo,Muon + GRPO,2,down_proj,mlp,model.layers.2.mlp.down_proj.weight,0.0383096569619145,0.0017635668627917767,1.4525473809917457,1437.6199435636788,471.88119066476196,0.9825604494418634,0.14878220619689642,1174,1326,1484,0.0021191774959100434,0.010299976574555227,0.020028502893137415,0.08143649557354056,1536
muon_grpo,Muon + GRPO,2,gate_proj,mlp,model.layers.2.mlp.gate_proj.weight,0.038044115670219016,0.00179280957672745,1.4461543972512914,1444.9550528557402,450.30488680175955,0.984010996012295,0.1417501792524012,1188,1333,1482,0.0022207176277885612,0.010349906220374915,0.019883357424539453,0.07989278665419473,1536
muon_grpo,Muon + GRPO,2,up_proj,mlp,model.layers.2.mlp.up_proj.weight,0.037904384406319346,0.0017951198387891054,1.4383493027005443,1439.9580454907093,445.85331747771244,0.98313835128695,0.1460833095912979,1181,1328,1481,0.002242890118340296,0.01048319851881058,0.02004432583402126,0.08094032041692893,1536
muon_grpo,Muon + GRPO,2,k_proj,attn,model.layers.2.self_attn.k_proj.weight,0.006653213554678271,0.0007619785028509796,0.10157914146839175,233.10207986232618,76.23905230478542,0.967551121339189,0.17744813991864317,188,215,245,0.013116637337020407,0.05885196982243727,0.10846420661025857,0.392952458341428,256
muon_grpo,Muon + GRPO,2,o_proj,attn,model.layers.2.self_attn.o_proj.weight,0.013057823678852042,0.0007511192234233022,0.4383301061116498,1126.83674708135,302.220448605472,0.9362057846965566,0.346724375803791,804,950,1188,0.00330884294763731,0.015460456160014242,0.0295616564198138,0.11767069205250953,1536
muon_grpo,Muon + GRPO,2,q_proj,attn,model.layers.2.self_attn.q_proj.weight,0.01114399613119631,0.0007484144880436361,0.35198491275541727,997.6223997505292,221.71625434559505,0.9119452704301393,0.4164654204913616,681,829,1093,0.004510269231056345,0.020676359060013666,0.03871962749582109,0.15088477536369602,1536
muon_grpo,Muon + GRPO,2,v_proj,attn,model.layers.2.self_attn.v_proj.weight,0.006576112508556945,0.000705485581420362,0.10070909591740929,234.53028154003928,86.888477081361,0.9692999793557114,0.17092875987690093,191,218,247,0.011509005953270602,0.05455152729349173,0.10336958435698142,0.39370318598343373,256
muon_grpo,Muon + GRPO,20,down_proj,mlp,model.layers.20.mlp.down_proj.weight,0.036920693808849,0.0018964052433148026,1.3924051566282287,1422.3010763174373,379.0333399884397,0.9799011380177127,0.16125878397593563,1151,1309,1479,0.002638290341505313,0.011510646497955582,0.021271487723683775,0.0824086088716934,1536
muon_grpo,Muon + GRPO,20,gate_proj,mlp,model.layers.20.mlp.gate_proj.weight,0.03691121734433891,0.0019215408246964216,1.3928447730793323,1423.9301975828714,368.99247162076466,0.9803096083353113,0.15999350584922212,1153,1310,1478,0.0027100823916748062,0.011274032066686736,0.02057979207965323,0.0808804397704885,1536
muon_grpo,Muon + GRPO,20,up_proj,mlp,model.layers.20.mlp.up_proj.weight,0.036099972218276544,0.0019097173353657126,1.3543235884151272,1407.4440844106423,357.3349986026453,0.9774541922919592,0.17255390765198952,1128,1291,1471,0.0027984944209508986,0.0116625231423894,0.02137633199025162,0.08430388719313289,1536
muon_grpo,Muon + GRPO,20,k_proj,attn,model.layers.20.self_attn.k_proj.weight,0.006426887365787635,0.0007730433135293424,0.09926440825802274,238.55347013632257,69.11840718451244,0.9747171990892433,0.15063340710808015,197,222,248,0.01446792599445308,0.06172015486770547,0.10878702451891437,0.36612767425225196,256
muon_grpo,Muon + GRPO,20,o_proj,attn,model.layers.20.self_attn.o_proj.weight,0.012284538494181079,0.000737170223146677,0.406309739791908,1093.9482429490436,277.7039918701319,0.9307674762728851,0.3657320642382569,770,917,1161,0.0036009565194426493,0.01570677507692486,0.02883564304972041,0.11723769118391025,1536
muon_grpo,Muon + GRPO,20,q_proj,attn,model.layers.20.self_attn.q_proj.weight,0.010856359215543237,0.0007237978861667216,0.34489785601423817,1009.2821202825678,224.97475566516886,0.9143430846102725,0.410618687901781,692,840,1100,0.004444943153925703,0.020261709210344758,0.037573269918845055,0.14326292776874702,1536
muon_grpo,Muon + GRPO,20,v_proj,attn,model.layers.20.self_attn.v_proj.weight,0.006300899981479626,0.0007565547130070627,0.09710482173250057,237.50700270448837,69.36246033460193,0.9732653496203374,0.1560625656528345,196,221,248,0.014417020318714722,0.05895267563493333,0.10673038593914821,0.37557777207357984,256
muon_grpo,Muon + GRPO,21,down_proj,mlp,model.layers.21.mlp.down_proj.weight,0.0356666388294381,0.0018664317904040217,1.334282183466712,1399.493887422181,365.1742297409228,0.9759233672192217,0.178278607817264,1118,1284,1470,0.00273841886572736,0.011853238121918581,0.022115478677951873,0.0872589534823518,1536
muon_grpo,Muon + GRPO,21,gate_proj,mlp,model.layers.21.mlp.gate_proj.weight,0.035207010898005,0.0019006648799404502,1.3140360561665148,1393.0164814401512,343.1209292639647,0.97485110550299,0.18305354332138557,1108,1275,1466,0.0029144243755259095,0.012106567141920195,0.02211736661100314,0.08731149597276504,1536
muon_grpo,Muon + GRPO,21,up_proj,mlp,model.layers.21.mlp.up_proj.weight,0.03428068907671448,0.0018930691294372082,1.2682122045953292,1368.6259504596885,327.9186665712394,0.9706559910196052,0.19989180216837288,1073,1247,1455,0.0030495366746154805,0.012241000103998617,0.02297893991294355,0.09209405511624201,1536
muon_grpo,Muon + GRPO,21,k_proj,attn,model.layers.21.self_attn.k_proj.weight,0.006403188308844965,0.0007566654239781201,0.0981219573150156,234.82258124514252,71.6118295961331,0.9697058309739174,0.16920202141160945,191,218,247,0.01396417331661078,0.059763261602382496,0.1087069219180162,0.3860140738670808,256
muon_grpo,Muon + GRPO,21,o_proj,attn,model.layers.21.self_attn.o_proj.weight,0.011605704022882921,0.0007257416727952659,0.3753441767382313,1045.9631479831894,255.72833941540486,0.9215673224682841,0.39163439758625906,723,872,1129,0.003910399615021161,0.01702628081633233,0.03146848787566526,0.12923215099205457,1536
muon_grpo,Muon + GRPO,21,q_proj,attn,model.layers.21.self_attn.q_proj.weight,0.010195668932893429,0.0006943501648493111,0.3115396225799003,933.673707365246,215.61271283977982,0.9001395339950462,0.45085055338383206,621,765,1033,0.0046379454477857825,0.020916047087510558,0.039484794717021585,0.15929257534321997,1536
muon_grpo,Muon + GRPO,21,v_proj,attn,model.layers.21.self_attn.v_proj.weight,0.0064225859373167795,0.0007557444041594863,0.09902005088224541,237.6985006081545,72.22207597294107,0.9735787783633281,0.15527966066501597,196,221,248,0.013846181884534348,0.06006090815981141,0.10782210139798132,0.37225215446918875,256
muon_grpo,Muon + GRPO,22,down_proj,mlp,model.layers.22.mlp.down_proj.weight,0.03546830778918919,0.001971814315766096,1.3242215510399546,1393.9280771421159,323.5555892346135,0.9748729197725818,0.18189407753489673,1112,1279,1468,0.0030906590189511136,0.012889716320475695,0.02319853739744666,0.0895775325114079,1536
muon_grpo,Muon + GRPO,22,gate_proj,mlp,model.layers.22.mlp.gate_proj.weight,0.03591911634983839,0.0019334984244778752,1.3457060519344282,1403.618627287957,345.1148467725333,0.976779051451754,0.17509670221514106,1124,1287,1468,0.0028975861495147567,0.012011210843601544,0.022049892150669007,0.08611899567785933,1536
muon_grpo,Muon + GRPO,22,up_proj,mlp,model.layers.22.mlp.up_proj.weight,0.03489328852321588,0.001892615924589336,1.2960260463160012,1379.5697287482653,339.90599401865506,0.9726775698224593,0.19232439686293845,1088,1258,1457,0.002941989896021419,0.012445576957888227,0.022803015273784758,0.09010739954360009,1536
muon_grpo,Muon + GRPO,22,k_proj,attn,model.layers.22.self_attn.k_proj.weight,0.006221388210215488,0.0007582582184113562,0.09558223500789609,236.03682228410068,67.31941780911848,0.9719078849248319,0.1654472963418887,191,218,247,0.014854555082984527,0.056008173837058535,0.10032923563395343,0.3708450120618357,256
muon_grpo,Muon + GRPO,22,o_proj,attn,model.layers.22.self_attn.o_proj.weight,0.012508634170015335,0.0007678804686293006,0.41760953517027133,1114.6051105404483,265.3582167319262,0.934419259468678,0.35418008043537874,790,936,1177,0.0037684908058084883,0.015433994438874245,0.027987232017839692,0.11161605776053979,1536
muon_grpo,Muon + GRPO,22,q_proj,attn,model.layers.22.self_attn.q_proj.weight,0.010305319429686663,0.0007553957984782755,0.31299842684937473,922.4894192149205,186.1117471082315,0.8997398812927989,0.4587860863406976,613,750,1008,0.005373115966819975,0.02223659772361912,0.039010098934865324,0.1521613134248132,1536
muon_grpo,Muon + GRPO,22,v_proj,attn,model.layers.22.self_attn.v_proj.weight,0.006247660988708454,0.0007376279099844396,0.09597576857777312,235.9871121795979,71.7398112355617,0.97151383460216,0.16465755094926315,192,219,247,0.013939261656494242,0.05942321399793944,0.10546589929791984,0.37610630523881877,256
muon_grpo,Muon + GRPO,23,down_proj,mlp,model.layers.23.mlp.down_proj.weight,0.03511965468612731,0.0019310510251671076,1.311083430191502,1393.6707436092645,330.7599937656063,0.9747957521367593,0.18202902702521495,1112,1280,1469,0.0030233402432237677,0.012328347589451394,0.022903155809246963,0.09002568731563305,1536
muon_grpo,Muon + GRPO,23,gate_proj,mlp,model.layers.23.mlp.gate_proj.weight,0.03533720617426334,0.0019149240106344223,1.3211539704991537,1397.7916693696563,340.53466782027414,0.9757285045519886,0.17926476091425325,1117,1281,1466,0.002936558578311256,0.012140593273732942,0.022001839561845083,0.08726457282155996,1536
muon_grpo,Muon + GRPO,23,up_proj,mlp,model.layers.23.mlp.up_proj.weight,0.034647410331816,0.0019336745608597994,1.2861427830047774,1377.960635727527,321.0515651337312,0.9723339376773422,0.19325298547951397,1087,1257,1457,0.0031147644447192114,0.01274938343975737,0.023009709166947778,0.09110475915354146,1536
muon_grpo,Muon + GRPO,23,k_proj,attn,model.layers.23.self_attn.k_proj.weight,0.006490000226826728,0.0007799299783073366,0.1000946766580455,237.86609231579976,69.24337002621479,0.9740890530348001,0.155535610987537,195,221,248,0.014441815868023334,0.05786600765570567,0.1039999815866336,0.3664218217082872,256
muon_grpo,Muon + GRPO,23,o_proj,attn,model.layers.23.self_attn.o_proj.weight,0.011663334618577261,0.0007680106209591031,0.3780366168739846,1050.5633952087412,230.62746173464288,0.92223062874574,0.3887976191196343,728,877,1133,0.00433599707718497,0.019373144961180682,0.03400754720406336,0.1307395660548431,1536
muon_grpo,Muon + GRPO,23,q_proj,attn,model.layers.23.self_attn.q_proj.weight,0.011053624782734625,0.0007643654244020581,0.3503452328258022,1004.576439124057,209.1256813850322,0.9138641927261946,0.41364610321913564,683,831,1095,0.004781813469187688,0.01952694173036478,0.03524179777233256,0.1389476368862012,1536
muon_grpo,Muon + GRPO,23,v_proj,attn,model.layers.23.self_attn.v_proj.weight,0.006464490752886333,0.0007688279147259891,0.09960097142902669,237.38786323170802,70.69852455207017,0.9733845593928693,0.15754887507146043,194,220,247,0.014144566754904341,0.05882831221021035,0.10613990339853735,0.36912231145437174,256
muon_grpo,Muon + GRPO,24,down_proj,mlp,model.layers.24.mlp.down_proj.weight,0.03338179684108631,0.0018871206557378173,1.23337266992894,1365.1149474692936,312.910461340783,0.969850445421971,0.20173050265295078,1072,1247,1456,0.0031958023893324705,0.013141812264192752,0.023895467441404628,0.09428801317623775,1536
muon_grpo,Muon + GRPO,24,gate_proj,mlp,model.layers.24.mlp.gate_proj.weight,0.033388187763303136,0.001935265609063208,1.2320405356342405,1361.6462660320399,297.6490743824626,0.9692993941236223,0.20372189218632752,1068,1244,1453,0.0033596610440489913,0.0137142741014131,0.024464493081483005,0.09594663852810777,1536
muon_grpo,Muon + GRPO,24,up_proj,mlp,model.layers.24.mlp.up_proj.weight,0.03258129500561254,0.0019117268966510892,1.1912041342869486,1336.7053914509138,290.45909744382385,0.9650774261769651,0.2201809172192335,1032,1213,1440,0.003442825543425799,0.013647168761664922,0.024839707253380507,0.0990090182502529,1536
muon_grpo,Muon + GRPO,24,k_proj,attn,model.layers.24.self_attn.k_proj.weight,0.006470556881156762,0.0007243265863507986,0.10012777568772435,239.4560522946617,79.80212686471928,0.9763695468233733,0.14812951600546986,197,222,248,0.012530994339226095,0.05497311602328016,0.10180520626219383,0.3585216841863394,256
muon_grpo,Muon + GRPO,24,o_proj,attn,model.layers.24.self_attn.o_proj.weight,0.011558473143275511,0.0007672353531233966,0.3767095012747461,1062.214465749255,226.95707405055364,0.9238236486936562,0.38207208876267784,739,891,1149,0.004406119545660228,0.018484907890641805,0.03311033292813425,0.12999119546510635,1536
muon_grpo,Muon + GRPO,24,q_proj,attn,model.layers.24.self_attn.q_proj.weight,0.011005349633619108,0.000702093297149986,0.352636690314318,1026.708848075468,245.70728609951314,0.9176147109829869,0.4015039920660257,706,855,1117,0.0040698833798318585,0.01844241372261429,0.034232812576788375,0.1365792770152336,1536
muon_grpo,Muon + GRPO,24,v_proj,attn,model.layers.24.self_attn.v_proj.weight,0.006296817182339694,0.0007754192920401692,0.09701431356370449,237.37198487211168,65.94304012870124,0.9729189800740508,0.1556543873562306,196,221,248,0.015164602633550059,0.06366411425054574,0.11261795480360338,0.3740981398569921,256
muon_grpo,Muon + GRPO,25,down_proj,mlp,model.layers.25.mlp.down_proj.weight,0.0332533884642709,0.0018856966635212302,1.2224750129971653,1351.4754797048508,310.9769116751928,0.967750518915511,0.2112762779004349,1047,1225,1446,0.0032156728118918156,0.013026213955302162,0.02385253975460177,0.09450812996694648,1536
muon_grpo,Muon + GRPO,25,gate_proj,mlp,model.layers.25.mlp.gate_proj.weight,0.034020487588286547,0.0017291877884417772,1.2604137321386304,1372.6037619842257,387.0764485133142,0.9714942245923794,0.19708440768963542,1080,1252,1455,0.002583468986141644,0.012105234768381165,0.022687477591517628,0.09016737478852968,1536
muon_grpo,Muon + GRPO,25,up_proj,mlp,model.layers.25.mlp.up_proj.weight,0.031971234830571744,0.001848467974923551,1.1642120320123865,1326.0055623804435,299.15410001566926,0.9632770506050528,0.22689206980022947,1018,1202,1435,0.0033427587987181905,0.013792824201872795,0.025058846994200284,0.09982331254507563,1536
muon_grpo,Muon + GRPO,25,k_proj,attn,model.layers.25.self_attn.k_proj.weight,0.005675552876485204,0.0007021520286798477,0.08453725498111453,221.86047327435648,65.33622503005031,0.9518989789307065,0.22283440913790709,172,203,241,0.015305445019819657,0.06621052847436938,0.12090537613113868,0.4410486091688518,256
muon_grpo,Muon + GRPO,25,o_proj,attn,model.layers.25.self_attn.o_proj.weight,0.010815111011635242,0.000676396710332483,0.3405071027115838,991.26640452754,255.65776607565323,0.9109443489363289,0.42036086257018335,669,819,1089,0.003911479065744805,0.018319579150157993,0.03430702290308764,0.14171409704239535,1536
muon_grpo,Muon + GRPO,25,q_proj,attn,model.layers.25.self_attn.q_proj.weight,0.00867068599294646,0.0007012420101091266,0.24642732464543873,807.7385435566847,152.88717827920703,0.8719308682381399,0.5126275130440865,511,649,932,0.006540770856361616,0.028622586029826112,0.05181398429779408,0.2021660826773787,1536
muon_grpo,Muon + GRPO,25,v_proj,attn,model.layers.25.self_attn.v_proj.weight,0.006322008247450461,0.000754213600885123,0.09632330991735216,232.1414427098545,70.26214376816044,0.9665507532707599,0.1826624804367114,185,213,245,0.01423241515800652,0.05934303152496758,0.10678238517385184,0.3881908772983337,256
muon_grpo,Muon + GRPO,26,down_proj,mlp,model.layers.26.mlp.down_proj.weight,0.027341187802688915,0.001794886658899486,0.9381454012036556,1177.3499019628355,232.03884601240316,0.9375946921478692,0.3124568841000457,832,1021,1335,0.004309623225529,0.01812596199551283,0.03286562129408069,0.1268472517026175,1536
muon_grpo,Muon + GRPO,26,gate_proj,mlp,model.layers.26.mlp.gate_proj.weight,0.03322547540081589,0.0017011873424053192,1.2242966881044737,1357.7847981137436,381.4504415501756,0.9690612017685862,0.2074193463939762,1056,1233,1448,0.0026215725322956823,0.011726545052037188,0.021996297029612224,0.090513051935102,1536
muon_grpo,Muon + GRPO,26,up_proj,mlp,model.layers.26.mlp.up_proj.weight,0.028969164316864162,0.0017713455017656088,1.0194814025743142,1238.4733943507126,267.46402549065664,0.9476407042955081,0.27746064797892167,909,1106,1391,0.003738820569104659,0.016223409372861413,0.030153097648410055,0.11836352092024445,1536
muon_grpo,Muon + GRPO,26,k_proj,attn,model.layers.26.self_attn.k_proj.weight,0.006459108974018475,0.000682629004586488,0.0998146078636637,238.80476394681364,89.53147695551573,0.9757793202905223,0.1530386144327489,195,221,248,0.011169256154423279,0.050861706303763195,0.09452811699286023,0.3588964127290838,256
muon_grpo,Muon + GRPO,26,o_proj,attn,model.layers.26.self_attn.o_proj.weight,0.011088815700510124,0.0006566740339621902,0.35319020727180117,1014.4881449802995,285.1482057010566,0.9159137794301687,0.40876270273581516,691,839,1103,0.0035069482465843707,0.016342276435663685,0.030884757667906583,0.1324965760984559,1536
muon_grpo,Muon + GRPO,26,q_proj,attn,model.layers.26.self_attn.q_proj.weight,0.009859678423881935,0.0007038486655801535,0.293008934930139,883.153565321845,196.23068411704327,0.8888524345454965,0.4753604063571333,573,717,998,0.005096042978699205,0.024011386047555917,0.0450644047967961,0.17528308724292133,1536
muon_grpo,Muon + GRPO,26,v_proj,attn,model.layers.26.self_attn.v_proj.weight,0.00627686115884697,0.0007792743272148073,0.09670751374505926,237.37522617928147,64.87902385192082,0.9731321051420975,0.1567551646728076,195,221,248,0.015413302183497537,0.06114896202992121,0.10716937971157789,0.3720100856293488,256
muon_grpo,Muon + GRPO,27,down_proj,mlp,model.layers.27.mlp.down_proj.weight,0.022569815835083457,0.0017328722169622779,0.6896350583519961,933.6468402118867,169.63792562748458,0.8960217813758464,0.4444962237672989,604,754,1059,0.005894908207000504,0.024177432999206435,0.04298040363987359,0.1688015050377718,1536
muon_grpo,Muon + GRPO,27,gate_proj,mlp,model.layers.27.mlp.gate_proj.weight,0.029691313396868053,0.0017537170788273215,1.0460118617961527,1241.1217910117887,286.64195370199866,0.9493868041836316,0.2785375450263188,901,1089,1375,0.0034886728445886507,0.014463219393587986,0.026459311029207646,0.10826736732421774,1536
muon_grpo,Muon + GRPO,27,up_proj,mlp,model.layers.27.mlp.up_proj.weight,0.024122980208174345,0.0017591919749975204,0.7711418100874319,1021.8957195487682,188.0335955370896,0.9096051365465809,0.39355350869188244,671,849,1200,0.005318198575864333,0.02262785284208016,0.039951688604527316,0.15502747162492722,1536
muon_grpo,Muon + GRPO,27,k_proj,attn,model.layers.27.self_attn.k_proj.weight,0.006244860840346948,0.0006629039417020977,0.09604270406998694,236.52836405633215,88.74508860154437,0.973041605162975,0.16472458729737727,190,217,246,0.011268229214237303,0.04925258098037246,0.09172822244487801,0.36319508423959795,256
muon_grpo,Muon + GRPO,27,o_proj,attn,model.layers.27.self_attn.o_proj.weight,0.009361015451066311,0.0006650802679359913,0.2741634099559107,857.7743629926017,198.1060770333088,0.8852450028257076,0.49063572102893094,551,687,961,0.005047800728656415,0.022607268577461957,0.04121251195910752,0.1708781544532896,1536
muon_grpo,Muon + GRPO,27,q_proj,attn,model.layers.27.self_attn.q_proj.weight,0.01005781362191515,0.0007455686572939157,0.3057797192817846,924.2941153913057,181.98344497471336,0.89895391581132,0.4564535025520655,609,750,1021,0.005495005329407574,0.021798949217614296,0.03795138687776701,0.15220150260088802,1536
muon_grpo,Muon + GRPO,27,v_proj,attn,model.layers.27.self_attn.v_proj.weight,0.006272519990401493,0.0007750451914034784,0.09613362373784184,234.89107655931292,65.49830419607721,0.970213649733294,0.17024519195244525,190,217,246,0.01526757085200828,0.05763592545167093,0.10361416086537757,0.3773164812071491,256
muon_grpo,Muon + GRPO,3,down_proj,mlp,model.layers.3.mlp.down_proj.weight,0.03819854481313041,0.0018438578117638826,1.4444124656438362,1429.8445304890677,429.1793148079725,0.9811753956381845,0.1548442178175804,1163,1317,1482,0.0023300284181856003,0.010698771429926623,0.02061911940281236,0.08476774500058835,1536
muon_grpo,Muon + GRPO,3,gate_proj,mlp,model.layers.3.mlp.gate_proj.weight,0.03827524367885581,0.0017805645475164056,1.4565235152959985,1448.1017308325606,462.0835251055158,0.9844446478193785,0.13967888074559665,1193,1339,1487,0.0021641109143020238,0.010113805013935622,0.01946333787136157,0.07856501541749777,1536
muon_grpo,Muon + GRPO,3,up_proj,mlp,model.layers.3.mlp.up_proj.weight,0.037906233332078924,0.0017878565704450011,1.4378316048242823,1438.781311101709,449.52713606631255,0.9828224775930412,0.1476248138624574,1178,1328,1484,0.002224559809115692,0.010381348795847975,0.01983056224325334,0.08070139830999357,1536
muon_grpo,Muon + GRPO,3,k_proj,attn,model.layers.3.self_attn.k_proj.weight,0.006824886627857834,0.00081001000944525,0.10440103034488857,234.0015244188982,70.99211449089056,0.9688378220409254,0.1739402262962082,189,216,246,0.014086071490775448,0.056712775495580806,0.10475706086679386,0.387735001102379,256
muon_grpo,Muon + GRPO,3,o_proj,attn,model.layers.3.self_attn.o_proj.weight,0.01214134677828197,0.0007487509283237159,0.3918687294861769,1041.7115769326601,262.94140506122534,0.9218925386137439,0.39445539705410626,724,866,1111,0.003803128684762113,0.01755237744608241,0.03325427779856155,0.13374180783916134,1536
muon_grpo,Muon + GRPO,3,q_proj,attn,model.layers.3.self_attn.q_proj.weight,0.01065744095941791,0.0007507316186092794,0.3240991673875016,924.8045543919943,201.52849233641066,0.8984732002028857,0.45544423429803227,615,757,1023,0.004962077512745465,0.022683174935200227,0.04283108113958809,0.16677886946785778,1536
muon_grpo,Muon + GRPO,3,v_proj,attn,model.layers.3.self_attn.v_proj.weight,0.006791942051781297,0.0007498413906432688,0.10416786282439716,235.22288061907093,82.04443429900535,0.9703436769888377,0.16793037635370522,192,218,247,0.012188517216848228,0.05630501529795324,0.10568125869965159,0.385546166219589,256
muon_grpo,Muon + GRPO,4,down_proj,mlp,model.layers.4.mlp.down_proj.weight,0.038245415246200835,0.0018188894027844071,1.4478096668317448,1433.0593692437856,442.1261229120304,0.9817516456803878,0.15234387431247076,1167,1320,1483,0.0022617980439915545,0.010663833258880942,0.020447101723235595,0.08349575498683807,1536
muon_grpo,Muon + GRPO,4,gate_proj,mlp,model.layers.4.mlp.gate_proj.weight,0.03814160685132217,0.0018033317755907774,1.447966389880321,1441.1825391082948,447.34923615503226,0.9832587529576102,0.14560445894196938,1181,1330,1484,0.0022353899798622716,0.010251819731928796,0.019728310157588136,0.07995927333107887,1536
muon_grpo,Muon + GRPO,4,up_proj,mlp,model.layers.4.mlp.up_proj.weight,0.03775239058991149,0.0018098839791491628,1.428447576954568,1431.6593639843334,435.09835741886207,0.98159456999935,0.15340384877707836,1166,1319,1481,0.002298330901390456,0.010635898360449933,0.020353012173191232,0.08240111041766524,1536
muon_grpo,Muon + GRPO,4,k_proj,attn,model.layers.4.self_attn.k_proj.weight,0.006763605279636643,0.0007198743987828493,0.10314039094373584,232.5418041156419,88.27608238078633,0.9669905709036516,0.18084401558131358,187,214,245,0.011328096728244186,0.05471536105317024,0.10365325427850587,0.39489692614346045,256
muon_grpo,Muon + GRPO,4,o_proj,attn,model.layers.4.self_attn.o_proj.weight,0.012155729678645042,0.0007472612196579576,0.3947218286383247,1054.4359905055444,264.61665688818425,0.9232090958942026,0.3868245279713447,731,879,1133,0.0037790515977327815,0.01723001588907961,0.03285806354028195,0.13375838007673108,1536
muon_grpo,Muon + GRPO,4,q_proj,attn,model.layers.4.self_attn.q_proj.weight,0.01009690308596364,0.0007505000685341656,0.29851533313821577,874.0915288606685,180.99846969986785,0.8872433867408301,0.4804820609225937,572,713,984,0.00552490858988036,0.02565005374950608,0.04865240059422064,0.18575103140969002,1536
muon_grpo,Muon + GRPO,4,v_proj,attn,model.layers.4.self_attn.v_proj.weight,0.006873456396589148,0.0007485577370971441,0.10560030057968106,236.03692317317154,84.31401228537229,0.9715025453559004,0.16436409844679156,193,219,247,0.011860424772757385,0.054130114733805496,0.1022562241955323,0.38286273762218215,256
muon_grpo,Muon + GRPO,5,down_proj,mlp,model.layers.5.mlp.down_proj.weight,0.03818934793969532,0.0018046386539936066,1.444628284603823,1430.960814623709,447.8205050950282,0.981415643567787,0.15416485304005767,1163,1317,1481,0.002233037542101379,0.010748475158667923,0.020673970391925478,0.0830686985150426,1536
muon_grpo,Muon + GRPO,5,gate_proj,mlp,model.layers.5.mlp.gate_proj.weight,0.03789348423296695,0.0017872946336865425,1.4354620152656992,1435.0080268439972,449.5073283821011,0.9822053417802754,0.15074990485994322,1171,1322,1481,0.0022246578350552625,0.01044991046896876,0.02004673224153197,0.08129874795590096,1536
muon_grpo,Muon + GRPO,5,up_proj,mlp,model.layers.5.mlp.up_proj.weight,0.03740081646571568,0.0017856195336207747,1.4111519080398693,1423.591442104346,438.7168446989849,0.9802347141445295,0.15997217844820177,1153,1309,1477,0.00227937452615052,0.01065559787514161,0.020498110441819022,0.08328798684043205,1536
muon_grpo,Muon + GRPO,5,k_proj,attn,model.layers.5.self_attn.k_proj.weight,0.00674639169896702,0.0006951313116587698,0.10376223457569722,236.55684864852915,94.19099899321093,0.9727092729707383,0.1637854587561045,192,218,247,0.01061672570297378,0.050688070968974396,0.09613521313077547,0.37133868415703,256
muon_grpo,Muon + GRPO,5,o_proj,attn,model.layers.5.self_attn.o_proj.weight,0.012462432671500684,0.0007475365418940783,0.41125700506231766,1088.982666020224,277.9334355193143,0.9292771352260139,0.3678431896740386,765,913,1162,0.0035979838054803147,0.016586215917196997,0.03147706157884042,0.12564861553516937,1536
muon_grpo,Muon + GRPO,5,q_proj,attn,model.layers.5.self_attn.q_proj.weight,0.010978317712290952,0.0007049826672300696,0.34064508539358535,962.7924256660295,242.5016573955265,0.9062469618783439,0.436057662355837,648,791,1054,0.00412368315639581,0.01959832386739621,0.037700934421528165,0.15260984758032206,1536
muon_grpo,Muon + GRPO,5,v_proj,attn,model.layers.5.self_attn.v_proj.weight,0.006588216743979689,0.0006980308680795133,0.10081192004145123,234.1466861553971,89.08129059724854,0.9687391629424056,0.17254869111982174,191,218,247,0.011225701752808766,0.053480112356487156,0.10281816703113043,0.3973120160695767,256
muon_grpo,Muon + GRPO,6,down_proj,mlp,model.layers.6.mlp.down_proj.weight,0.038082409056985476,0.0017708385130390525,1.4394564547983464,1428.7236564932232,462.4778207972328,0.9810651638499714,0.15615172956005563,1159,1314,1480,0.0021622658536925524,0.010501118720521414,0.020357096229420574,0.08267461863742478,1536
muon_grpo,Muon + GRPO,6,gate_proj,mlp,model.layers.6.mlp.gate_proj.weight,0.03783025005572367,0.001772185554727912,1.4327599955830124,1434.3940333560374,455.68007533090025,0.9820921526503354,0.15129290105690085,1170,1322,1482,0.002194522109121914,0.010506519734925761,0.02005938368280249,0.08138440321088826,1536
muon_grpo,Muon + GRPO,6,up_proj,mlp,model.layers.6.mlp.up_proj.weight,0.03718396335922259,0.0017745959339663386,1.4002645581769002,1418.1064631627457,439.0483937455813,0.9793089934244325,0.16437284775894967,1144,1302,1475,0.0022776532479002252,0.01074010817353316,0.020604592290158145,0.08390663607227468,1536
muon_grpo,Muon + GRPO,6,k_proj,attn,model.layers.6.self_attn.k_proj.weight,0.006740866475881629,0.000717207498382777,0.10351065731083509,235.7972216442629,88.33682919090536,0.9712986882503216,0.16583032739223325,192,218,247,0.011320306707397124,0.05381044874354063,0.1019684701410298,0.38193843729070154,256
muon_grpo,Muon + GRPO,6,o_proj,attn,model.layers.6.self_attn.o_proj.weight,0.012677634787576096,0.0007458617328666151,0.4200571981851908,1097.8433846847734,288.9081688007242,0.9313273228351976,0.36324666822423657,774,920,1164,0.0034613074602599927,0.01581203967238929,0.03008882840527613,0.12134029648231594,1536
muon_grpo,Muon + GRPO,6,q_proj,attn,model.layers.6.self_attn.q_proj.weight,0.011135293382388193,0.0007437220774590969,0.3488370994407474,981.3908524070245,224.17231684288825,0.9088540986721957,0.42496157355148556,666,813,1077,0.0044608541058209815,0.02085553688482263,0.04001721492741101,0.15698345552646045,1536
muon_grpo,Muon + GRPO,6,v_proj,attn,model.layers.6.self_attn.v_proj.weight,0.0065786829333023674,0.0007048455299809575,0.10066166336764582,234.12634961911422,87.11441238338722,0.9685651937820928,0.17217340335152875,191,218,247,0.011479156808164394,0.05430722891056147,0.1039736942958721,0.39957834777461426,256
muon_grpo,Muon + GRPO,7,down_proj,mlp,model.layers.7.mlp.down_proj.weight,0.038163509315234774,0.0017759937327355146,1.445350147492718,1434.3314978815188,461.757277515264,0.9820018725207298,0.1515194075003825,1169,1322,1483,0.002165639933995288,0.010453790917406483,0.020076327144416983,0.0822960697245499,1536
muon_grpo,Muon + GRPO,7,gate_proj,mlp,model.layers.7.mlp.gate_proj.weight,0.03826776483675475,0.0017628696514293551,1.4558461414349892,1447.320676650712,471.2222519467431,0.984322232628877,0.1405157958306158,1191,1338,1487,0.002122140870616226,0.010184927772131772,0.019404203762175116,0.07811059879163967,1536
muon_grpo,Muon + GRPO,7,up_proj,mlp,model.layers.7.mlp.up_proj.weight,0.03777948797216687,0.001792657538317144,1.4312630669427335,1435.247483658278,444.1375287789078,0.9822231869204462,0.1506389739044014,1172,1323,1483,0.002251554834263513,0.010402162173756483,0.019990741320868265,0.08101185266831488,1536
muon_grpo,Muon + GRPO,7,k_proj,attn,model.layers.7.self_attn.k_proj.weight,0.006767861651786412,0.0007062617805786431,0.10396487137768418,235.97733743283166,91.82724072564928,0.9718334284286558,0.16611066076159453,191,218,247,0.010890014685159531,0.051790443910271725,0.09832229432897173,0.37546957425459876,256
muon_grpo,Muon + GRPO,7,o_proj,attn,model.layers.7.self_attn.o_proj.weight,0.012622528994102291,0.0007183672278188169,0.41888300346062124,1101.2672490627824,308.74485634293455,0.9318469339300665,0.3612489310491953,778,925,1167,0.0032389203559370795,0.015656329832194858,0.03007232893510475,0.12203562523406207,1536
muon_grpo,Muon + GRPO,7,q_proj,attn,model.layers.7.self_attn.q_proj.weight,0.010851670988589617,0.0007513667223975062,0.3357614080082101,957.3446595519313,208.58800138094438,0.9044055908593418,0.43788304272070055,644,790,1056,0.004794139611960227,0.021212029163179814,0.04044580047900855,0.1605317523392602,1536
muon_grpo,Muon + GRPO,7,v_proj,attn,model.layers.7.self_attn.v_proj.weight,0.006590361453284257,0.0007154861814342439,0.10064858430996537,233.2366915474479,84.84299053496348,0.9672994732440134,0.1760041281459186,190,217,247,0.011786477512104005,0.05689035935968895,0.10743720626617527,0.40213506925459375,256
muon_grpo,Muon + GRPO,8,down_proj,mlp,model.layers.8.mlp.down_proj.weight,0.03808229155627673,0.0018303703982383013,1.4431752861710265,1436.1242610047063,432.88065718778006,0.982284573614432,0.14992353443734552,1172,1324,1484,0.0023101055300010975,0.010578944737929823,0.02021517854840701,0.08227540910127275,1536
muon_grpo,Muon + GRPO,8,gate_proj,mlp,model.layers.8.mlp.gate_proj.weight,0.038027979210827234,0.0018481839215382934,1.445199900190346,1444.2731921374914,423.3661391400192,0.9837266768059669,0.1433726972758922,1185,1334,1486,0.002362021681826736,0.01047693318717483,0.019841682258422626,0.07865050667263826,1536
muon_grpo,Muon + GRPO,8,up_proj,mlp,model.layers.8.mlp.up_proj.weight,0.03778581604048479,0.0018425895832479,1.4326755331421737,1437.6000413737593,420.5332974241601,0.9825692557678626,0.14896961173599332,1175,1326,1484,0.002377932986817393,0.010584324655525954,0.019999924039241224,0.08023710293353821,1536
muon_grpo,Muon + GRPO,8,k_proj,attn,model.layers.8.self_attn.k_proj.weight,0.006681474850982415,0.0007157157524488866,0.10210210664081387,233.52034819889275,87.14922400276483,0.9681553573890133,0.1762641320996996,189,216,246,0.01147457147717431,0.05468440004474228,0.10330305195837201,0.3931579430102335,256
muon_grpo,Muon + GRPO,8,o_proj,attn,model.layers.8.self_attn.o_proj.weight,0.012544072491347924,0.0007329651853069663,0.4147775403190721,1093.3352579728219,292.8939604844344,0.930660589722022,0.36575076021606456,771,916,1158,0.00341420491684445,0.015725036936770128,0.030303973266101344,0.12344209419380749,1536
muon_grpo,Muon + GRPO,8,q_proj,attn,model.layers.8.self_attn.q_proj.weight,0.011021938563136727,0.0007457041647285223,0.34419079622755633,975.174944130037,218.4654856748265,0.9075562101142557,0.42814873075675997,660,807,1074,0.004577382083540845,0.021295757558224687,0.04015329412032155,0.158426320817658,1536
muon_grpo,Muon + GRPO,8,v_proj,attn,model.layers.8.self_attn.v_proj.weight,0.006557914745183282,0.0007088310085237026,0.10024020745186135,233.64278843428872,85.59455076969392,0.9677126742109146,0.17362074898268243,191,218,247,0.011682986720622705,0.05527898933810083,0.10558904117235321,0.40484215112461575,256
muon_grpo,Muon + GRPO,9,down_proj,mlp,model.layers.9.mlp.down_proj.weight,0.03805139331013954,0.0017994455993175507,1.4437189970631152,1439.5415837410726,447.16075858968065,0.9828758509972294,0.14709888893937761,1178,1328,1485,0.002236332193267456,0.01051930602791268,0.020234189550850018,0.08135254295462051,1536
muon_grpo,Muon + GRPO,9,gate_proj,mlp,model.layers.9.mlp.gate_proj.weight,0.038176556375516646,0.0018752333708107471,1.4527281317230347,1448.022101217909,414.46022348139627,0.9844173613235253,0.13958288112522954,1193,1339,1487,0.0024127767716770696,0.010646143413568704,0.02020643318853404,0.0789118147551767,1536
muon_grpo,Muon + GRPO,9,up_proj,mlp,model.layers.9.mlp.up_proj.weight,0.03779253431271603,0.001859503798186779,1.4333697309213562,1438.481980590487,413.06451953610537,0.9827823096773237,0.1478453085752791,1177,1327,1483,0.002420929304514113,0.01084613003751308,0.020487934657332625,0.08030328357266518,1536
muon_grpo,Muon + GRPO,9,k_proj,attn,model.layers.9.self_attn.k_proj.weight,0.0064632159057997195,0.0007049248670227826,0.09867689473321661,233.09535573378156,84.06431252627573,0.9679753812256384,0.17830972165380587,187,214,244,0.011895654290724533,0.05574698755950534,0.10454465476701343,0.3881419548841096,256
muon_grpo,Muon + GRPO,9,o_proj,attn,model.layers.9.self_attn.o_proj.weight,0.012044633877216875,0.0007442182395607233,0.3814102756392522,1002.76131713198,261.93081069200565,0.9201747149991231,0.4184897450489977,716,848,1062,0.0038178021033801234,0.017714784451288993,0.0334344428060724,0.13094152169007853,1536
muon_grpo,Muon + GRPO,9,q_proj,attn,model.layers.9.self_attn.q_proj.weight,0.010303009182544443,0.0007359445444308221,0.3026743652527998,863.0244641756192,195.99184144620685,0.891191970291685,0.4941258978268763,588,717,945,0.005102253199016278,0.024154134138345742,0.045357361433515556,0.17514065556732591,1536
muon_grpo,Muon + GRPO,9,v_proj,attn,model.layers.9.self_attn.v_proj.weight,0.006384820879587773,0.000734799075871706,0.09763587202178314,233.8413894444552,75.50230896886636,0.9681976655232901,0.1734845420577662,190,218,247,0.013244628060478965,0.057424798172700194,0.1067440491161803,0.39708511128107415,256
