experiment,experiment_label,layer,component,type,param_name,spectral_norm_base,spectral_norm_exp,spectral_norm_change,spectral_norm_rel_change,nuclear_norm_change,frobenius_change,effective_rank_base,effective_rank_exp,effective_rank_change,top10_energy_change,top30_rel_change
adamw_sft,AdamW + SFT,-1,embed,embed,model.embed_tokens.weight,103.61547088623047,103.62118530273438,0.00571441650390625,5.515022472059858e-05,-0.4171159267425537,0.020823973346574924,88.15806397828281,88.14917691701439,-0.008887061268424645,2.6942602019741635e-05,5.2143541258678236e-05
adamw_sft,AdamW + SFT,0,down_proj,mlp,model.layers.0.mlp.down_proj.weight,5.5577826499938965,5.557575225830078,-0.00020742416381835938,-3.7321388201207756e-05,-0.01747763156890869,0.0028181335949062384,478.7068812810931,478.7216031228443,0.014721841751168085,-6.420265432627303e-07,3.326574547398016e-05
adamw_sft,AdamW + SFT,0,gate_proj,mlp,model.layers.0.mlp.gate_proj.weight,9.040079116821289,9.039093971252441,-0.0009851455688476562,-0.0001089753260029053,0.008961617946624756,0.0026992579580440877,315.55635843302076,315.5917414666739,0.03538303365314732,-1.125660221784619e-06,2.9238177232071145e-05
adamw_sft,AdamW + SFT,0,up_proj,mlp,model.layers.0.mlp.up_proj.weight,4.161773681640625,4.161569595336914,-0.0002040863037109375,-4.903829937010992e-05,0.007695898413658142,0.002160267292246972,580.4685034049537,580.498819266987,0.03031586203326242,-6.640297348127489e-07,2.7146327342148512e-05
adamw_sft,AdamW + SFT,0,k_proj,attn,model.layers.0.self_attn.k_proj.weight,3.344952344894409,3.3449079990386963,-4.4345855712890625e-05,-1.3257544843823628e-05,-0.00041961669921875,0.0005095530710894303,115.36894382788941,115.37034790771429,0.0014040798248800002,2.2098308742612982e-07,1.1861925453636222e-05
adamw_sft,AdamW + SFT,0,o_proj,attn,model.layers.0.self_attn.o_proj.weight,2.1647655963897705,2.1647789478302,1.33514404296875e-05,6.1676148456692056e-06,0.001975609724468086,0.0015643749372304652,385.913530430593,385.9120628942465,-0.0014675363465244118,1.7525558546893638e-06,4.658233261570293e-05
adamw_sft,AdamW + SFT,0,q_proj,attn,model.layers.0.self_attn.q_proj.weight,25.96732521057129,25.967817306518555,0.000492095947265625,1.8950582829582038e-05,0.0020860464428551495,0.002628098728963125,49.337537528160254,49.33668290277681,-0.0008546253834467166,1.1160474900739903e-05,5.402488391386993e-05
adamw_sft,AdamW + SFT,0,v_proj,attn,model.layers.0.self_attn.v_proj.weight,0.940507709980011,0.9405305981636047,2.288818359375e-05,2.433598720231273e-05,-0.0013324692845344543,0.0005697710268631482,146.27809844806748,146.2731219919408,-0.00497645612668407,2.3160181706061156e-06,4.380201040740821e-05
adamw_sft,AdamW + SFT,1,down_proj,mlp,model.layers.1.mlp.down_proj.weight,6.005411148071289,6.00544548034668,3.4332275390625e-05,5.716890075320027e-06,0.0013375282287597656,0.0027642511659102934,447.0539693280907,447.0516363035372,-0.0023330245535362337,6.71246158271549e-07,2.9044872365692682e-05
adamw_sft,AdamW + SFT,1,gate_proj,mlp,model.layers.1.mlp.gate_proj.weight,8.50372314453125,8.503687858581543,-3.528594970703125e-05,-4.1494706621209406e-06,-0.01389274001121521,0.002542390421455333,362.4731788870447,362.473049233926,-0.00012965311867674245,9.59239653174071e-07,1.920427592859208e-05
adamw_sft,AdamW + SFT,1,up_proj,mlp,model.layers.1.mlp.up_proj.weight,9.037690162658691,9.037631034851074,-5.91278076171875e-05,-6.542358340794611e-06,-0.014073804020881653,0.002269493080180268,293.22834142873234,293.2287026013589,0.0003611726265830839,-5.434598648809685e-07,2.3888986630841112e-05
adamw_sft,AdamW + SFT,1,k_proj,attn,model.layers.1.self_attn.k_proj.weight,3.4632623195648193,3.4632532596588135,-9.059906005859375e-06,-2.616003400804421e-06,-0.0002141892910003662,0.000498612803601861,100.72261482447821,100.72281646960192,0.00020164512370968168,-2.1548214501621032e-07,1.4102657432764483e-05
adamw_sft,AdamW + SFT,1,o_proj,attn,model.layers.1.self_attn.o_proj.weight,2.8765265941619873,2.876422882080078,-0.00010371208190917969,-3.6054623002501364e-05,0.006105252011366247,0.001649760775393773,262.44833177154385,262.459917103833,0.011585332289143935,-3.4843948935603386e-06,4.518591989224724e-05
adamw_sft,AdamW + SFT,1,q_proj,attn,model.layers.1.self_attn.q_proj.weight,6.238831996917725,6.238755702972412,-7.62939453125e-05,-1.222888280213232e-05,0.00399813064996124,0.0023647513243394104,196.74674783016465,196.7497947063647,0.00304687620004529,2.2226486260934486e-06,4.979751387223099e-05
adamw_sft,AdamW + SFT,1,v_proj,attn,model.layers.1.self_attn.v_proj.weight,0.8123999834060669,0.8123169541358948,-8.302927017211914e-05,-0.00010220245183168363,0.0009650737047195435,0.000626233702204326,163.67597422487916,163.69389207125081,0.017917846371659607,-1.2483635011828476e-07,6.187753146549446e-05
adamw_sft,AdamW + SFT,10,down_proj,mlp,model.layers.10.mlp.down_proj.weight,7.043017387390137,7.0429487228393555,-6.866455078125e-05,-9.749308713079063e-06,-0.0002155900001525879,0.0024053654458966655,382.7604938021478,382.76419487798825,0.003701075840467638,-1.79006029771972e-06,2.9541487129047644e-05
adamw_sft,AdamW + SFT,10,gate_proj,mlp,model.layers.10.mlp.gate_proj.weight,8.740035057067871,8.739742279052734,-0.00029277801513671875,-3.349849436816111e-05,-0.0119284987449646,0.0025363562544277415,336.8723229301777,336.8822431667875,0.009920236609787025,-6.466041826830304e-07,3.598478889094395e-05
adamw_sft,AdamW + SFT,10,up_proj,mlp,model.layers.10.mlp.up_proj.weight,3.592778205871582,3.592785120010376,6.9141387939453125e-06,1.9244546692711837e-06,-0.008598238229751587,0.002589851923720637,780.5921487873546,780.5882533802484,-0.0038954071062562434,-1.0542155666377895e-06,2.685108594468531e-05
adamw_sft,AdamW + SFT,10,k_proj,attn,model.layers.10.self_attn.k_proj.weight,2.1872925758361816,2.187232255935669,-6.031990051269531e-05,-2.7577426622789854e-05,0.0004140511155128479,0.0003915049732184811,104.69434480857669,104.69742139249243,0.0030765839157425035,-7.423908136017232e-07,9.058898077148212e-06
adamw_sft,AdamW + SFT,10,o_proj,attn,model.layers.10.self_attn.o_proj.weight,2.311302423477173,2.3112294673919678,-7.295608520507812e-05,-3.1564923942459e-05,0.017886791363707744,0.0019647024407342044,392.8175696155415,392.83770834434335,0.020138728801839534,-1.6073243576039675e-06,4.7715810325148724e-05
adamw_sft,AdamW + SFT,10,q_proj,attn,model.layers.10.self_attn.q_proj.weight,3.4616098403930664,3.461555242538452,-5.459785461425781e-05,-1.5772388319781936e-05,-0.00020719849271699786,0.0017257096056872896,289.12609986952,289.1306002935149,0.0045004239948980285,6.743939494346929e-07,2.395967936641431e-05
adamw_sft,AdamW + SFT,10,v_proj,attn,model.layers.10.self_attn.v_proj.weight,1.0966647863388062,1.0966825485229492,1.7762184143066406e-05,1.619654826555078e-05,7.084012031555176e-05,0.0003940748941191754,180.94655223316158,180.9436861659804,-0.0028660671811735483,-7.906926796502622e-07,2.2460067252929878e-05
adamw_sft,AdamW + SFT,11,down_proj,mlp,model.layers.11.mlp.down_proj.weight,7.730634689331055,7.730386257171631,-0.0002484321594238281,-3.213606248484177e-05,-0.02048972249031067,0.0026068050842315217,344.5392709776938,344.5476929258913,0.0084219481975083,-5.015187036078173e-07,2.527160969434228e-05
adamw_sft,AdamW + SFT,11,gate_proj,mlp,model.layers.11.mlp.gate_proj.weight,8.870319366455078,8.870576858520508,0.0002574920654296875,2.902849996624093e-05,0.03687781095504761,0.0028509868968150795,331.4264975601546,331.421034343589,-0.00546321656560167,6.532427157673881e-07,3.6115047736311176e-05
adamw_sft,AdamW + SFT,11,up_proj,mlp,model.layers.11.mlp.up_proj.weight,3.565291404724121,3.5650768280029297,-0.00021457672119140625,-6.0184904074625e-05,-0.000490725040435791,0.0029321962062307826,784.0649510970906,784.112005163373,0.04705406628249875,-1.725605152387566e-06,4.0935002472827946e-05
adamw_sft,AdamW + SFT,11,k_proj,attn,model.layers.11.self_attn.k_proj.weight,2.42330265045166,2.4233124256134033,9.775161743164062e-06,4.033817955566609e-06,-9.205937385559082e-05,0.00037062901489420553,101.4692038752348,101.46875657952408,-0.00044729571071400187,-3.440647923236284e-07,9.9530241933591e-06
adamw_sft,AdamW + SFT,11,o_proj,attn,model.layers.11.self_attn.o_proj.weight,2.714001417160034,2.714003562927246,2.1457672119140625e-06,7.906286261852512e-07,0.0007858275821490679,0.0017791487234371506,323.351181824855,323.3512157198799,3.3895024898811243e-05,-1.2720725278692058e-08,4.897945671595685e-05
adamw_sft,AdamW + SFT,11,q_proj,attn,model.layers.11.self_attn.q_proj.weight,3.473287582397461,3.473367929458618,8.034706115722656e-05,2.3132855904136348e-05,0.002377783224801533,0.001979250600280455,288.82459935003567,288.8186027424358,-0.005996607599854542,-6.077757986749921e-07,3.547506364008351e-05
adamw_sft,AdamW + SFT,11,v_proj,attn,model.layers.11.self_attn.v_proj.weight,1.076063871383667,1.0760695934295654,5.7220458984375e-06,5.317570871587532e-06,7.709860801696777e-05,0.0004051843798136285,177.0336174614847,177.03274772603046,-0.0008697354542448466,-1.0690581891542594e-06,2.091921520929053e-05
adamw_sft,AdamW + SFT,12,down_proj,mlp,model.layers.12.mlp.down_proj.weight,7.163233757019043,7.163254737854004,2.09808349609375e-05,2.9289613703278908e-06,-0.0045639872550964355,0.0023315927546326953,361.39756634929597,361.3958706941232,-0.0016956551727957958,4.1266075848089834e-08,2.8832232227250194e-05
adamw_sft,AdamW + SFT,12,gate_proj,mlp,model.layers.12.mlp.gate_proj.weight,10.201515197753906,10.201373100280762,-0.00014209747314453125,-1.3929055673594175e-05,-0.004805266857147217,0.002694426875319385,295.6159277851848,295.6195744520733,0.003646666888528216,1.5532657267960936e-06,2.814705509297582e-05
adamw_sft,AdamW + SFT,12,up_proj,mlp,model.layers.12.mlp.up_proj.weight,3.471902370452881,3.471888303756714,-1.4066696166992188e-05,-4.051581716901015e-06,0.009037762880325317,0.002380070827197062,782.1945557351376,782.2003279991869,0.005772264049369369,7.801882267385873e-07,2.970372307500158e-05
adamw_sft,AdamW + SFT,12,k_proj,attn,model.layers.12.self_attn.k_proj.weight,2.567537546157837,2.5675137042999268,-2.384185791015625e-05,-9.285884814356127e-06,-5.207955837249756e-05,0.0003845071966580619,86.51005331966668,86.51083636547372,0.0007830458070401392,-5.135841349979131e-07,9.8314132518123e-06
adamw_sft,AdamW + SFT,12,o_proj,attn,model.layers.12.self_attn.o_proj.weight,2.645681142807007,2.645711898803711,3.075599670410156e-05,1.1624982393558642e-05,0.013144476866727928,0.0017868784936268258,340.48173483695837,340.4827450080785,0.001010171120128689,-4.908882897600164e-07,3.6292433257431075e-05
adamw_sft,AdamW + SFT,12,q_proj,attn,model.layers.12.self_attn.q_proj.weight,3.3572638034820557,3.3575937747955322,0.0003299713134765625,9.828578651886871e-05,0.003941802395274863,0.0017993387602867569,284.3650427990749,284.3382705001272,-0.026772298947719264,2.5320034035825056e-06,2.901688517655669e-05
adamw_sft,AdamW + SFT,12,v_proj,attn,model.layers.12.self_attn.v_proj.weight,1.1192669868469238,1.1192742586135864,7.271766662597656e-06,6.4969008717775905e-06,3.1441450119018555e-05,0.0004277611258875517,180.18077240589398,180.17962988780778,-0.001142518086197697,-1.727978708274125e-06,2.2910792355053703e-05
adamw_sft,AdamW + SFT,13,down_proj,mlp,model.layers.13.mlp.down_proj.weight,7.355894565582275,7.355912685394287,1.811981201171875e-05,2.4633050202350785e-06,-0.002262711524963379,0.002514349695467499,360.20627230263403,360.20507740244415,-0.0011949001898869938,2.733346626954125e-07,2.7097002026929854e-05
adamw_sft,AdamW + SFT,13,gate_proj,mlp,model.layers.13.mlp.gate_proj.weight,8.297859191894531,8.297894477844238,3.528594970703125e-05,4.252416061904145e-06,0.016459107398986816,0.002828354490278021,351.6710211766297,351.67150925965404,0.00048808302432234996,-8.138778649288692e-07,3.1929103054571935e-05
adamw_sft,AdamW + SFT,13,up_proj,mlp,model.layers.13.mlp.up_proj.weight,3.731966018676758,3.7319271564483643,-3.886222839355469e-05,-1.0413339295981602e-05,0.02517855167388916,0.0026248561758512815,749.254489938031,749.269039056626,0.014549118594914034,-4.722305651135017e-07,2.1771844591709872e-05
adamw_sft,AdamW + SFT,13,k_proj,attn,model.layers.13.self_attn.k_proj.weight,2.5551741123199463,2.555145025253296,-2.9087066650390625e-05,-1.1383594765673834e-05,0.0002356991171836853,0.0004050046953583042,97.90540656718649,97.90661334025532,0.0012067730688301026,-2.759722202982928e-07,1.219289105489405e-05
adamw_sft,AdamW + SFT,13,o_proj,attn,model.layers.13.self_attn.o_proj.weight,2.726930618286133,2.7269248962402344,-5.7220458984375e-06,-2.0983467126251225e-06,0.009819280065130442,0.0016689643883685793,315.4737343774629,315.4779972140629,0.004262836599991715,3.9221220269475277e-07,3.649525556869087e-05
adamw_sft,AdamW + SFT,13,q_proj,attn,model.layers.13.self_attn.q_proj.weight,3.571514129638672,3.5712876319885254,-0.00022649765014648438,-6.341782278470196e-05,-0.009778852010640549,0.0020449837190324974,286.26946186304514,286.28487941382343,0.015417550778295208,2.4580790091016658e-06,3.5926928986592535e-05
adamw_sft,AdamW + SFT,13,v_proj,attn,model.layers.13.self_attn.v_proj.weight,1.1234354972839355,1.1234567165374756,2.1219253540039062e-05,1.8887825417070774e-05,-8.627772331237793e-05,0.00041587276683482314,163.77107703579986,163.76790701805282,-0.0031700177470384006,6.836515124702958e-07,2.188772108390667e-05
adamw_sft,AdamW + SFT,14,down_proj,mlp,model.layers.14.mlp.down_proj.weight,6.946869373321533,6.9467692375183105,-0.00010013580322265625,-1.4414522260518328e-05,-0.004307687282562256,0.0024611527183364852,381.1877260034069,381.1926006221947,0.004874618787766849,-1.4115710424283945e-06,2.796496260661729e-05
adamw_sft,AdamW + SFT,14,gate_proj,mlp,model.layers.14.mlp.gate_proj.weight,8.213993072509766,8.213603019714355,-0.00039005279541015625,-4.748637988453727e-05,0.018531620502471924,0.0027858493656287998,340.80362808713716,340.82206859710095,0.018440509963795648,-1.699142549077548e-06,3.672102628903305e-05
adamw_sft,AdamW + SFT,14,up_proj,mlp,model.layers.14.mlp.up_proj.weight,3.640230417251587,3.640183210372925,-4.7206878662109375e-05,-1.29681018098165e-05,-0.002407848834991455,0.002543152138584762,767.946517141178,767.9558146153057,0.009297474127720307,2.5722153666404846e-07,2.6121996701853815e-05
adamw_sft,AdamW + SFT,14,k_proj,attn,model.layers.14.self_attn.k_proj.weight,2.0714662075042725,2.071427822113037,-3.838539123535156e-05,-1.853054184340219e-05,0.0008348375558853149,0.0003793587900059979,103.14787126372195,103.15018571025891,0.0023144465369568934,-6.485521947263706e-07,1.0903922152306018e-05
adamw_sft,AdamW + SFT,14,o_proj,attn,model.layers.14.self_attn.o_proj.weight,2.605828285217285,2.6058943271636963,6.604194641113281e-05,2.5343936431185813e-05,0.013679709343705326,0.0015926476122157392,302.43177964049823,302.4293645486909,-0.0024150918073360117,-7.812953896485508e-07,2.865701767585764e-05
adamw_sft,AdamW + SFT,14,q_proj,attn,model.layers.14.self_attn.q_proj.weight,3.6657183170318604,3.665781259536743,6.29425048828125e-05,1.7170578707688913e-05,0.007064208184601739,0.0019525506500543246,242.9131846378718,242.91094081710258,-0.002243820769223248,2.7160640163753635e-06,4.2952467029346645e-05
adamw_sft,AdamW + SFT,14,v_proj,attn,model.layers.14.self_attn.v_proj.weight,1.061585783958435,1.061610460281372,2.467632293701172e-05,2.3244775231445532e-05,0.0002321004867553711,0.0004401432525112255,154.4324269611544,154.42905592809964,-0.0033710330547478407,-4.4338204802096826e-08,2.6016682637704013e-05
adamw_sft,AdamW + SFT,15,down_proj,mlp,model.layers.15.mlp.down_proj.weight,6.8657002449035645,6.865727424621582,2.7179718017578125e-05,3.958768522956378e-06,-0.021478474140167236,0.0027917584114732254,388.96843032293066,388.96376213201484,-0.004668190915822379,-7.060906848377346e-07,4.049523725966666e-05
adamw_sft,AdamW + SFT,15,gate_proj,mlp,model.layers.15.mlp.gate_proj.weight,8.500003814697266,8.499579429626465,-0.00042438507080078125,-4.992763298140897e-05,-0.021279096603393555,0.00246313449964908,339.0675433921619,339.08196953028096,0.014426138119063125,-1.2302167778921458e-06,2.6352664725491113e-05
adamw_sft,AdamW + SFT,15,up_proj,mlp,model.layers.15.mlp.up_proj.weight,3.7414653301239014,3.741518497467041,5.316734313964844e-05,1.4210299561398786e-05,0.008762985467910767,0.0028355750455439535,756.3553093837107,756.3469035942371,-0.008405789473613368,-1.4176214369401863e-07,3.596343221938788e-05
adamw_sft,AdamW + SFT,15,k_proj,attn,model.layers.15.self_attn.k_proj.weight,2.381193161010742,2.381277322769165,8.416175842285156e-05,3.534436424600158e-05,-0.00011610239744186401,0.00043698209532071767,82.45236090027703,82.44939802064539,-0.0029628796316387707,1.5492124357530113e-06,1.5739898724092982e-05
adamw_sft,AdamW + SFT,15,o_proj,attn,model.layers.15.self_attn.o_proj.weight,2.9801230430603027,2.980073928833008,-4.9114227294921875e-05,-1.648060384932504e-05,0.00987336993421195,0.00177239240696009,309.46083873790724,309.4692520526456,0.008413314738334066,-2.6124298345142627e-06,2.8559912257275856e-05
adamw_sft,AdamW + SFT,15,q_proj,attn,model.layers.15.self_attn.q_proj.weight,3.580899953842163,3.580913782119751,1.3828277587890625e-05,3.861676608153611e-06,0.015171141734754201,0.001935182338977706,256.36013440010373,256.36338109168616,0.003246691582432959,1.3905531076607858e-07,2.8988637044947512e-05
adamw_sft,AdamW + SFT,15,v_proj,attn,model.layers.15.self_attn.v_proj.weight,1.3750841617584229,1.3750736713409424,-1.049041748046875e-05,-7.628927575642984e-06,-6.467103958129883e-06,0.00038864442592750426,160.35833618984657,160.35955485821617,0.0012186683696029377,4.018227597879509e-09,1.6643327010548922e-05
adamw_sft,AdamW + SFT,16,down_proj,mlp,model.layers.16.mlp.down_proj.weight,5.6885600090026855,5.688534736633301,-2.5272369384765625e-05,-4.442665515485414e-06,0.009266555309295654,0.0024365813838450193,479.29060066095127,479.29435898632005,0.0037583253687785145,1.2600502151058346e-07,2.9841300488135186e-05
adamw_sft,AdamW + SFT,16,gate_proj,mlp,model.layers.16.mlp.gate_proj.weight,9.195464134216309,9.195335388183594,-0.00012874603271484375,-1.4001036906422151e-05,0.016646981239318848,0.0026996284446510407,315.4378319542139,315.44405884515965,0.006226890945754349,-7.509501660091233e-08,3.695790713921596e-05
adamw_sft,AdamW + SFT,16,up_proj,mlp,model.layers.16.mlp.up_proj.weight,3.921692132949829,3.9214985370635986,-0.00019359588623046875,-4.936539627980671e-05,-0.004937112331390381,0.002708514473666507,736.7633424574203,736.7984558811772,0.03511342375691129,-2.384784150988306e-07,3.503441075828107e-05
adamw_sft,AdamW + SFT,16,k_proj,attn,model.layers.16.self_attn.k_proj.weight,2.4901044368743896,2.4901375770568848,3.314018249511719e-05,1.3308752036406619e-05,0.00013700872659683228,0.0003687672113050086,92.60678664670195,92.60560920288913,-0.001177443812821366,9.404254258660316e-08,1.2232475515400541e-05
adamw_sft,AdamW + SFT,16,o_proj,attn,model.layers.16.self_attn.o_proj.weight,3.190805435180664,3.1905648708343506,-0.00024056434631347656,-7.539298500030785e-05,0.00050975767953787,0.0017518546673812774,272.87572864259516,272.89646287983635,0.020734237241185838,-5.462579185738781e-06,3.524851159953603e-05
adamw_sft,AdamW + SFT,16,q_proj,attn,model.layers.16.self_attn.q_proj.weight,11.11042594909668,11.110391616821289,-3.4332275390625e-05,-3.090095334591231e-06,0.009415934153366834,0.0018974437949040555,89.44322215337678,89.44434603126685,0.0011238778900661828,-4.992160008376878e-06,2.7425259117311384e-05
adamw_sft,AdamW + SFT,16,v_proj,attn,model.layers.16.self_attn.v_proj.weight,1.1914799213409424,1.1915204524993896,4.0531158447265625e-05,3.4017491794280616e-05,0.0001525580883026123,0.0004786272061159672,172.05898558038544,172.05326080083657,-0.005724779548870629,1.824427566660125e-06,1.8111193169272414e-05
adamw_sft,AdamW + SFT,17,down_proj,mlp,model.layers.17.mlp.down_proj.weight,5.263240814208984,5.263149738311768,-9.107589721679688e-05,-1.730414784953835e-05,0.01884704828262329,0.002853325662580759,522.691350195546,522.7039760251865,0.012625829640569464,-1.1315605174533339e-06,2.650501424969514e-05
adamw_sft,AdamW + SFT,17,gate_proj,mlp,model.layers.17.mlp.gate_proj.weight,8.850125312805176,8.849957466125488,-0.0001678466796875,-1.896545797432314e-05,-0.01205262541770935,0.0028163047140797285,326.7646132692581,326.76944874221067,0.004835472952549935,-2.9252079822017496e-06,4.6865799817727076e-05
adamw_sft,AdamW + SFT,17,up_proj,mlp,model.layers.17.mlp.up_proj.weight,4.878442764282227,4.878708839416504,0.00026607513427734375,5.4540997431685934e-05,0.03026515245437622,0.0026948781360518876,591.2904625169439,591.2644182210166,-0.02604429592724955,4.52296112507522e-08,2.706035878222791e-05
adamw_sft,AdamW + SFT,17,k_proj,attn,model.layers.17.self_attn.k_proj.weight,1.8933212757110596,1.8933273553848267,6.079673767089844e-06,3.2111157493894157e-06,0.00032370537519454956,0.00041549182212650217,99.86179918972846,99.8616494946507,-0.0001496950777521988,2.7487674483794855e-07,1.1875752547486965e-05
adamw_sft,AdamW + SFT,17,o_proj,attn,model.layers.17.self_attn.o_proj.weight,2.656911611557007,2.65690279006958,-8.821487426757812e-06,-3.320203573346662e-06,-0.0012834204608225264,0.0017646704969930492,339.7938221505987,339.7944672876641,0.000645137065362178,-1.0085691281719322e-06,2.4766293949359333e-05
adamw_sft,AdamW + SFT,17,q_proj,attn,model.layers.17.self_attn.q_proj.weight,3.6231441497802734,3.6231203079223633,-2.384185791015625e-05,-6.5804331609610806e-06,-0.0028862370527349412,0.0019769545766283344,249.2671581613942,249.2680018416626,0.00084368026838888,-2.6741633886023797e-06,4.88654615730688e-05
adamw_sft,AdamW + SFT,17,v_proj,attn,model.layers.17.self_attn.v_proj.weight,1.5452799797058105,1.5452700853347778,-9.894371032714844e-06,-6.402963322283207e-06,8.228421211242676e-05,0.0004027415751642121,143.974417615771,143.97539273367013,0.0009751178991450615,-1.150164912880336e-06,1.4845952823385704e-05
adamw_sft,AdamW + SFT,18,down_proj,mlp,model.layers.18.mlp.down_proj.weight,4.964751720428467,4.964672565460205,-7.915496826171875e-05,-1.5943389059319876e-05,0.028893470764160156,0.0027692857208802516,552.6854617613661,552.7000933951729,0.014631633806743594,-5.504101795346383e-07,3.572264978487043e-05
adamw_sft,AdamW + SFT,18,gate_proj,mlp,model.layers.18.mlp.gate_proj.weight,9.15322494506836,9.153122901916504,-0.00010204315185546875,-1.1148327771672245e-05,-0.017986953258514404,0.002665795244310733,325.55749206306785,325.55915640861474,0.0016643455468852153,2.864762009974209e-07,4.755160607504529e-05
adamw_sft,AdamW + SFT,18,up_proj,mlp,model.layers.18.mlp.up_proj.weight,4.089057922363281,4.089094638824463,3.6716461181640625e-05,8.979198113295558e-06,-0.039081841707229614,0.0029292579652476208,698.6332644262479,698.6174337379028,-0.015830688345090493,-2.46554063908222e-07,2.893977523960141e-05
adamw_sft,AdamW + SFT,18,k_proj,attn,model.layers.18.self_attn.k_proj.weight,2.235016345977783,2.23496675491333,-4.9591064453125e-05,-2.2188233451791476e-05,0.00015380233526229858,0.0004374109525924798,99.79688014036297,99.79916332235632,0.0022831819933486486,-1.7354336522279468e-06,1.5338918008026158e-05
adamw_sft,AdamW + SFT,18,o_proj,attn,model.layers.18.self_attn.o_proj.weight,2.6267247200012207,2.626668691635132,-5.602836608886719e-05,-2.1330124798475703e-05,0.005485643392603379,0.0017747002544614065,366.5139663768355,366.5238727735426,0.0099063967070947,-1.0735562085834038e-07,5.940301915073755e-05
adamw_sft,AdamW + SFT,18,q_proj,attn,model.layers.18.self_attn.q_proj.weight,3.6732170581817627,3.673187732696533,-2.9325485229492188e-05,-7.983597147947544e-06,0.0130488393624546,0.0022424745781062746,282.2737368477805,282.27954288199794,0.005806034217414435,-5.92494054019177e-06,5.223958392861165e-05
adamw_sft,AdamW + SFT,18,v_proj,attn,model.layers.18.self_attn.v_proj.weight,1.1093703508377075,1.10940682888031,3.647804260253906e-05,3.2881753667739334e-05,-0.00017762184143066406,0.000441087653308079,192.89805377628136,192.89155105331514,-0.006502722966217789,1.8408194808264278e-06,2.5306110254252788e-05
adamw_sft,AdamW + SFT,19,down_proj,mlp,model.layers.19.mlp.down_proj.weight,4.505390167236328,4.505314350128174,-7.581710815429688e-05,-1.6828089319687977e-05,0.02115166187286377,0.002644587623421755,613.5122004044457,613.5272196411662,0.01501923672049088,-8.132453340747858e-07,2.8081407707773918e-05
adamw_sft,AdamW + SFT,19,gate_proj,mlp,model.layers.19.mlp.gate_proj.weight,9.142460823059082,9.142585754394531,0.00012493133544921875,1.366495715618681e-05,0.006775379180908203,0.002624698332644702,325.81934503521336,325.815633867758,-0.0037111674553784724,-4.2418081291212273e-07,3.3849759098068184e-05
adamw_sft,AdamW + SFT,19,up_proj,mlp,model.layers.19.mlp.up_proj.weight,3.9848127365112305,3.984686851501465,-0.000125885009765625,-3.1591198404931674e-05,-0.012257546186447144,0.002561235305853237,720.9175386779777,720.9372378834952,0.019699205517440532,-5.963684830689875e-07,2.865934947390276e-05
adamw_sft,AdamW + SFT,19,k_proj,attn,model.layers.19.self_attn.k_proj.weight,2.1415019035339355,2.141554594039917,5.269050598144531e-05,2.460446376185551e-05,0.00013557076454162598,0.000392922486684249,92.63342355665874,92.63120772185972,-0.0022158347990171023,1.6020274145045477e-06,1.624587684386837e-05
adamw_sft,AdamW + SFT,19,o_proj,attn,model.layers.19.self_attn.o_proj.weight,2.723078727722168,2.723114490509033,3.5762786865234375e-05,1.3133218111233104e-05,-0.0011003760882886127,0.0017469322295518173,370.36489525246844,370.35962714605955,-0.005268106408891526,-1.4075224635881622e-06,3.909732332919492e-05
adamw_sft,AdamW + SFT,19,q_proj,attn,model.layers.19.self_attn.q_proj.weight,3.4177815914154053,3.4175655841827393,-0.00021600723266601562,-6.320100535638984e-05,0.0044650180789176375,0.0016279199190122283,277.1342155247668,277.1530382836772,0.01882275891040308,4.6272374820688356e-08,4.1410270036557004e-05
adamw_sft,AdamW + SFT,19,v_proj,attn,model.layers.19.self_attn.v_proj.weight,1.4167624711990356,1.416779637336731,1.71661376953125e-05,1.2116454271113238e-05,0.00022917985916137695,0.0003685561574900437,169.46917430991954,169.46728273041663,-0.00189157950291019,2.4505503182226107e-10,1.4086121849135765e-05
adamw_sft,AdamW + SFT,2,down_proj,mlp,model.layers.2.mlp.down_proj.weight,4.680747985839844,4.680737495422363,-1.049041748046875e-05,-2.2411839971312843e-06,0.010930031538009644,0.002640983918719294,563.8036829911453,563.8072816906165,0.003598699471240252,-2.1801364793322398e-08,3.902778474529388e-05
adamw_sft,AdamW + SFT,2,gate_proj,mlp,model.layers.2.mlp.gate_proj.weight,8.03636360168457,8.03612995147705,-0.00023365020751953125,-2.9074120970653176e-05,-0.014179646968841553,0.0027949126832691163,385.1968407140462,385.2062758121914,0.009435098145218035,1.5061069521260517e-06,2.793525903912457e-05
adamw_sft,AdamW + SFT,2,up_proj,mlp,model.layers.2.mlp.up_proj.weight,3.371889114379883,3.371680498123169,-0.0002086162567138672,-6.18692518161984e-05,0.026200562715530396,0.0026084098932951574,788.5030068721536,788.55956475435,0.05655788219644364,-3.5709568768985123e-07,2.447047258898063e-05
adamw_sft,AdamW + SFT,2,k_proj,attn,model.layers.2.self_attn.k_proj.weight,2.434812545776367,2.4347994327545166,-1.3113021850585938e-05,-5.385639183325591e-06,0.00016637146472930908,0.0004070579714246905,123.39647052992927,123.39720343304033,0.0007329031110572259,4.4703623672259774e-07,1.2220952998235348e-05
adamw_sft,AdamW + SFT,2,o_proj,attn,model.layers.2.self_attn.o_proj.weight,2.9217090606689453,2.9216203689575195,-8.869171142578125e-05,-3.035610650619493e-05,0.0032414937668363564,0.0015489676170849292,291.4020537483149,291.4120093335565,0.009955585241584686,-3.855920842135707e-07,2.7656495418005784e-05
adamw_sft,AdamW + SFT,2,q_proj,attn,model.layers.2.self_attn.q_proj.weight,3.5897128582000732,3.5899908542633057,0.0002779960632324219,7.744242345105357e-05,0.004532549763098359,0.002242300553460819,323.5709957077756,323.5472020780179,-0.023793629757676626,2.459422826853186e-06,4.082656787419558e-05
adamw_sft,AdamW + SFT,2,v_proj,attn,model.layers.2.self_attn.v_proj.weight,0.9195089936256409,0.9195618629455566,5.2869319915771484e-05,5.749733856034054e-05,0.0005320310592651367,0.0005114346145138637,163.32481572167814,163.31600408953045,-0.008811632147683213,3.316391211150016e-06,3.899107265586154e-05
adamw_sft,AdamW + SFT,20,down_proj,mlp,model.layers.20.mlp.down_proj.weight,4.750884056091309,4.750884532928467,4.76837158203125e-07,1.0036808993302036e-07,-0.0008592605590820312,0.0027297138705754307,589.8277133559617,589.8274732928068,-0.00024006315493352304,-4.79052563680249e-07,2.6622253751010706e-05
adamw_sft,AdamW + SFT,20,gate_proj,mlp,model.layers.20.mlp.gate_proj.weight,9.011964797973633,9.011981964111328,1.71661376953125e-05,1.9048163280855644e-06,-0.017981529235839844,0.0026758799360125946,330.80240293241184,330.7997775244906,-0.00262540792124355,3.8416752806691434e-07,2.8077580245309085e-05
adamw_sft,AdamW + SFT,20,up_proj,mlp,model.layers.20.mlp.up_proj.weight,4.144670486450195,4.144726276397705,5.5789947509765625e-05,1.3460647279959834e-05,-0.01488494873046875,0.002598788168052144,701.5361998726071,701.523165570003,-0.013034302604069126,1.0166619577277325e-06,2.4168304038009104e-05
adamw_sft,AdamW + SFT,20,k_proj,attn,model.layers.20.self_attn.k_proj.weight,1.9967265129089355,1.9967687129974365,4.220008850097656e-05,2.1134636229924784e-05,0.0009705498814582825,0.000396738333358905,97.02214780770538,97.02058338348226,-0.0015644242231189764,1.837046190500402e-06,1.5611964270446965e-05
adamw_sft,AdamW + SFT,20,o_proj,attn,model.layers.20.self_attn.o_proj.weight,3.3813040256500244,3.3813583850860596,5.435943603515625e-05,1.607647097770398e-05,0.009003600640426157,0.0017147539366968447,276.168885469834,276.1671084371921,-0.0017770326418826699,-2.307493100317526e-06,2.2431868626728684e-05
adamw_sft,AdamW + SFT,20,q_proj,attn,model.layers.20.self_attn.q_proj.weight,3.2788546085357666,3.2787442207336426,-0.00011038780212402344,-3.366657424719395e-05,-0.007968494785018265,0.0020886703054031094,279.27648973379974,279.28346198340586,0.00697224960612175,4.44475247160514e-06,3.9682283927302205e-05
adamw_sft,AdamW + SFT,20,v_proj,attn,model.layers.20.self_attn.v_proj.weight,1.507444977760315,1.507432222366333,-1.2755393981933594e-05,-8.461598380117932e-06,6.884336471557617e-05,0.00039648602451881193,156.78896592743666,156.7903382932163,0.0013723657796447242,-8.499943749407102e-07,1.2525873296360586e-05
adamw_sft,AdamW + SFT,21,down_proj,mlp,model.layers.21.mlp.down_proj.weight,4.243462085723877,4.243404865264893,-5.7220458984375e-05,-1.348438087307995e-05,-0.018755823373794556,0.0027302357415397225,657.5547581042533,657.5592049487783,0.004446844524977678,6.033412318570686e-07,2.585632466700598e-05
adamw_sft,AdamW + SFT,21,gate_proj,mlp,model.layers.21.mlp.gate_proj.weight,10.714250564575195,10.7144193649292,0.00016880035400390625,1.575475139269332e-05,0.007506847381591797,0.002536470859086269,286.3042982611205,286.3004883094911,-0.0038099516294209934,6.191110424047519e-07,2.163715210889985e-05
adamw_sft,AdamW + SFT,21,up_proj,mlp,model.layers.21.mlp.up_proj.weight,4.429757595062256,4.429707050323486,-5.054473876953125e-05,-1.1410271935844132e-05,-0.007731616497039795,0.002594240578100758,655.6409106554179,655.6466463805505,0.005735725132581138,-3.8737704331076594e-07,1.9110313742109436e-05
adamw_sft,AdamW + SFT,21,k_proj,attn,model.layers.21.self_attn.k_proj.weight,2.4924468994140625,2.492396831512451,-5.0067901611328125e-05,-2.008785086779516e-05,0.0006929636001586914,0.0003985042687148503,80.93438666709552,80.93629052865111,0.0019038615555899696,-1.1337793006382935e-06,1.3047028820615996e-05
adamw_sft,AdamW + SFT,21,o_proj,attn,model.layers.21.self_attn.o_proj.weight,3.487109661102295,3.487069845199585,-3.981590270996094e-05,-1.1418024260635069e-05,-0.018367939053860027,0.0019934107906821137,274.1285379738176,274.1264005735971,-0.002137400220476593,1.942479833372257e-07,3.846038680026713e-05
adamw_sft,AdamW + SFT,21,q_proj,attn,model.layers.21.self_attn.q_proj.weight,3.9735939502716064,3.9736461639404297,5.221366882324219e-05,1.3140162149600926e-05,-0.005394975742092356,0.0018563321664218568,253.3714035591795,253.36671657258623,-0.004686986593270603,-4.896441087073877e-06,4.2985982512855914e-05
adamw_sft,AdamW + SFT,21,v_proj,attn,model.layers.21.self_attn.v_proj.weight,1.259284257888794,1.2592920064926147,7.748603820800781e-06,6.153180882123798e-06,0.0008147954940795898,0.0004454771839103948,182.47559908789034,182.47512331608593,-0.0004757718044174908,4.816782852301582e-07,1.5938399326790743e-05
adamw_sft,AdamW + SFT,22,down_proj,mlp,model.layers.22.mlp.down_proj.weight,4.425082683563232,4.425004482269287,-7.82012939453125e-05,-1.767227858493755e-05,-0.012224972248077393,0.0025860976312522864,629.3632092496922,629.3715690254223,0.008359775730127694,-9.610626027743707e-07,2.8275473718999564e-05
adamw_sft,AdamW + SFT,22,gate_proj,mlp,model.layers.22.mlp.gate_proj.weight,10.219348907470703,10.219449043273926,0.00010013580322265625,9.798648047866676e-06,0.007113039493560791,0.0025224223397732055,301.1379709311907,301.1357162447581,-0.0022546864325931892,1.490075177468242e-06,2.0033205429687058e-05
adamw_sft,AdamW + SFT,22,up_proj,mlp,model.layers.22.mlp.up_proj.weight,4.507721900939941,4.507335662841797,-0.00038623809814453125,-8.568365720697935e-05,-0.013050377368927002,0.0024969358197897743,633.9145995814935,633.9660249931553,0.051425411661853104,-1.284475919363648e-06,2.4535559448636256e-05
adamw_sft,AdamW + SFT,22,k_proj,attn,model.layers.22.self_attn.k_proj.weight,2.323201894760132,2.323303699493408,0.00010180473327636719,4.382087217903135e-05,0.0008784309029579163,0.000425543690398724,76.18677721537856,76.18381688624375,-0.0029603291348081484,-1.4944427193519516e-06,1.650322616350966e-05
adamw_sft,AdamW + SFT,22,o_proj,attn,model.layers.22.self_attn.o_proj.weight,3.3842482566833496,3.384242057800293,-6.198883056640625e-06,-1.8316868581962986e-06,-0.0019152651584590785,0.0018766326972751344,314.2143184073667,314.21432801443837,9.607071660866495e-06,1.4277857354055845e-06,2.1777943249924306e-05
adamw_sft,AdamW + SFT,22,q_proj,attn,model.layers.22.self_attn.q_proj.weight,4.277806282043457,4.2779436111450195,0.0001373291015625,3.210269294777404e-05,-0.012396323945722543,0.0020378055406278218,210.764672607664,210.7550089816713,-0.009663625992715197,2.559046934524911e-06,4.42035784118537e-05
adamw_sft,AdamW + SFT,22,v_proj,attn,model.layers.22.self_attn.v_proj.weight,1.5017176866531372,1.5016765594482422,-4.112720489501953e-05,-2.7386775331040623e-05,-0.00026807188987731934,0.0003603368778078456,141.2982799279307,141.30197122309355,0.0036912951628380597,1.2684073867480494e-06,1.4578210725346444e-05
adamw_sft,AdamW + SFT,23,down_proj,mlp,model.layers.23.mlp.down_proj.weight,4.294793605804443,4.2947258949279785,-6.771087646484375e-05,-1.576580452511898e-05,0.02218472957611084,0.00269278369537958,657.3871997002832,657.4027296769747,0.015529976691482261,-9.544402573107014e-07,3.1789894762809536e-05
adamw_sft,AdamW + SFT,23,gate_proj,mlp,model.layers.23.mlp.gate_proj.weight,9.416055679321289,9.415718078613281,-0.0003376007080078125,-3.585372893973231e-05,0.027193158864974976,0.002603288015089479,323.35001900931286,323.36450078893694,0.014481779624077262,-1.4210054187224763e-06,2.514869989611888e-05
adamw_sft,AdamW + SFT,23,up_proj,mlp,model.layers.23.mlp.up_proj.weight,4.097199440002441,4.097618103027344,0.00041866302490234375,0.00010218273018754837,-0.018692880868911743,0.0025269034223319568,707.3854456892388,707.3086086089115,-0.07683708032732284,1.3535566198499827e-06,2.3404584171897197e-05
adamw_sft,AdamW + SFT,23,k_proj,attn,model.layers.23.self_attn.k_proj.weight,2.063950300216675,2.0640244483947754,7.414817810058594e-05,3.592536995333745e-05,0.00018110871315002441,0.00043229582792308135,96.3777786569803,96.37440411944075,-0.0033745375395426436,7.937034329497106e-07,1.4335952733048345e-05
adamw_sft,AdamW + SFT,23,o_proj,attn,model.layers.23.self_attn.o_proj.weight,3.8522469997406006,3.852234363555908,-1.2636184692382812e-05,-3.2802114436674743e-06,0.010467646468896419,0.0018266924226318564,267.0628885401223,267.06648185795984,0.0035933178375557873,1.1681869945615042e-06,4.386077815436467e-05
adamw_sft,AdamW + SFT,23,q_proj,attn,model.layers.23.self_attn.q_proj.weight,3.747816324234009,3.7481634616851807,0.000347137451171875,9.262392314351855e-05,-0.001678593050201016,0.001982936309621262,266.52674073350215,266.50160842338266,-0.025132310119488466,4.789987228998038e-06,3.881878043531389e-05
adamw_sft,AdamW + SFT,23,v_proj,attn,model.layers.23.self_attn.v_proj.weight,1.5216680765151978,1.521673321723938,5.245208740234375e-06,3.4470124077561853e-06,-0.00021848082542419434,0.0004322400999969981,156.31201185114202,156.31132946423193,-0.0006823869100855973,1.5184494920883473e-06,1.8799129088892923e-05
adamw_sft,AdamW + SFT,24,down_proj,mlp,model.layers.24.mlp.down_proj.weight,3.7717514038085938,3.7717819213867188,3.0517578125e-05,8.091089485426936e-06,-0.00252610445022583,0.002509457734135626,765.6929290262273,765.6860640486726,-0.006864977554641882,-9.586158908336806e-09,2.9635741019170833e-05
adamw_sft,AdamW + SFT,24,gate_proj,mlp,model.layers.24.mlp.gate_proj.weight,9.900635719299316,9.900731086730957,9.5367431640625e-05,9.632455363924277e-06,-0.005287438631057739,0.0028253527720240573,303.49873685398614,303.4952793988375,-0.0034574551486343807,-1.2381806165154274e-06,2.9553911350853852e-05
adamw_sft,AdamW + SFT,24,up_proj,mlp,model.layers.24.mlp.up_proj.weight,5.177526473999023,5.177492141723633,-3.4332275390625e-05,-6.63101880078025e-06,0.0009482800960540771,0.0025985015197882663,573.3188903335403,573.3228752014186,0.003984867878330078,-5.499298339275982e-08,1.619141747183992e-05
adamw_sft,AdamW + SFT,24,k_proj,attn,model.layers.24.self_attn.k_proj.weight,2.1446313858032227,2.144674777984619,4.3392181396484375e-05,2.0232932187660222e-05,0.0005533993244171143,0.0004272972500242343,97.9228542753075,97.92113108306918,-0.0017231922383160736,-6.123931106938318e-07,1.5179518308775719e-05
adamw_sft,AdamW + SFT,24,o_proj,attn,model.layers.24.self_attn.o_proj.weight,2.688019037246704,2.6881661415100098,0.00014710426330566406,5.472590084642431e-05,0.0161374644812895,0.00216113010624017,385.3555287484479,385.34044412400453,-0.015084624443375105,-1.8773968036359112e-06,5.476925728289082e-05
adamw_sft,AdamW + SFT,24,q_proj,attn,model.layers.24.self_attn.q_proj.weight,4.313114643096924,4.312917709350586,-0.00019693374633789062,-4.565928861943889e-05,-0.003315064255730249,0.0017606309362765522,231.5966517066492,231.60645809175887,0.00980638510966969,3.880727263455563e-06,4.1373915686705035e-05
adamw_sft,AdamW + SFT,24,v_proj,attn,model.layers.24.self_attn.v_proj.weight,1.4349654912948608,1.4350066184997559,4.112720489501953e-05,2.8660762328094615e-05,2.1457672119140625e-06,0.00040968632449692085,184.00804773437505,184.00277556990085,-0.00527216447420642,-1.5779299242929534e-06,1.5915462861055798e-05
adamw_sft,AdamW + SFT,25,down_proj,mlp,model.layers.25.mlp.down_proj.weight,4.062180995941162,4.062107563018799,-7.343292236328125e-05,-1.80772157707039e-05,-0.017485618591308594,0.0029400437861472686,725.6278353643398,725.6366483643287,0.008812999988890624,-5.679982840699205e-07,2.4830399943802944e-05
adamw_sft,AdamW + SFT,25,gate_proj,mlp,model.layers.25.mlp.gate_proj.weight,8.875574111938477,8.875860214233398,0.000286102294921875,3.2234793075192815e-05,0.043354958295822144,0.002724159335631645,332.3430939380161,332.33726586475535,-0.005828073260772726,-5.757346506693461e-07,2.6377698019797865e-05
adamw_sft,AdamW + SFT,25,up_proj,mlp,model.layers.25.mlp.up_proj.weight,5.963744163513184,5.9636054039001465,-0.00013875961303710938,-2.326719745727111e-05,0.017327487468719482,0.0027645648079082717,507.9428938021143,507.9576180236063,0.014724221491974276,-6.125458909649051e-07,2.816390130699574e-05
adamw_sft,AdamW + SFT,25,k_proj,attn,model.layers.25.self_attn.k_proj.weight,2.277482509613037,2.2775328159332275,5.030632019042969e-05,2.2088564886049178e-05,0.0005846917629241943,0.0004343200361926512,68.36160142723534,68.36034817247334,-0.0012532547620054402,-2.7251207887490914e-06,1.2699505941996728e-05
adamw_sft,AdamW + SFT,25,o_proj,attn,model.layers.25.self_attn.o_proj.weight,3.9874706268310547,3.9876091480255127,0.0001385211944580078,3.4739113443474857e-05,-0.013641243625897914,0.002218667692761425,295.5575516931224,295.54386373457595,-0.013687958546427126,-1.4385831069926858e-06,5.247291860852931e-05
adamw_sft,AdamW + SFT,25,q_proj,attn,model.layers.25.self_attn.q_proj.weight,4.10963773727417,4.109455585479736,-0.00018215179443359375,-4.432307811014285e-05,0.0053286055190255865,0.0019215079767409635,213.9117165433209,213.92249485874893,0.010778315428041196,4.1738872550156625e-06,3.578924184486255e-05
adamw_sft,AdamW + SFT,25,v_proj,attn,model.layers.25.self_attn.v_proj.weight,2.1371097564697266,2.137104034423828,-5.7220458984375e-06,-2.677469363056813e-06,-0.00010305643081665039,0.0004076142980848883,142.66556512509138,142.66589888632595,0.0003337612345717389,-8.824367213194906e-07,1.4128643648241958e-05
adamw_sft,AdamW + SFT,26,down_proj,mlp,model.layers.26.mlp.down_proj.weight,4.550954341888428,4.550817966461182,-0.00013637542724609375,-2.9966336069525254e-05,0.008496582508087158,0.0028773962950777447,653.9135157265113,653.9349787510306,0.021463024519334795,-2.7605089401860905e-07,2.3017687493892974e-05
adamw_sft,AdamW + SFT,26,gate_proj,mlp,model.layers.26.mlp.gate_proj.weight,8.680781364440918,8.680384635925293,-0.000396728515625,-4.570193614714442e-05,0.024997979402542114,0.00274787567723802,336.8409350429373,336.8592098533538,0.01827481041647161,7.228936552625131e-07,4.468867133367631e-05
adamw_sft,AdamW + SFT,26,up_proj,mlp,model.layers.26.mlp.up_proj.weight,6.47318696975708,6.472872257232666,-0.0003147125244140625,-4.861786410378824e-05,-0.018673837184906006,0.002837432021401429,475.5178733540735,475.53810820313856,0.02023484906504791,6.334432110129129e-07,3.429728926530473e-05
adamw_sft,AdamW + SFT,26,k_proj,attn,model.layers.26.self_attn.k_proj.weight,1.758839726448059,1.7587761878967285,-6.35385513305664e-05,-3.612526506828522e-05,0.0007302314043045044,0.0004167219450967536,97.89228877327072,97.89624047881871,0.003951705547990514,-2.6163376683485673e-06,1.8057014735117677e-05
adamw_sft,AdamW + SFT,26,o_proj,attn,model.layers.26.self_attn.o_proj.weight,4.080582141876221,4.080462455749512,-0.00011968612670898438,-2.9330650026800736e-05,0.0008115004166029394,0.002000160595804296,281.9670412813022,281.9755106751079,0.008469393805683012,1.8181390980809287e-06,3.800588122395499e-05
adamw_sft,AdamW + SFT,26,q_proj,attn,model.layers.26.self_attn.q_proj.weight,3.3151118755340576,3.3150267601013184,-8.511543273925781e-05,-2.5674980493847103e-05,-0.004267442476702854,0.0020248286818771817,262.6555989924213,262.66105554037756,0.005456547956271152,-1.7728918202536414e-06,3.6233232891286914e-05
adamw_sft,AdamW + SFT,26,v_proj,attn,model.layers.26.self_attn.v_proj.weight,1.7621698379516602,1.762210488319397,4.0650367736816406e-05,2.306835973544312e-05,0.0001773238182067871,0.0004264323698685779,190.91604179147936,190.91173839892906,-0.004303392550298213,6.324929377188315e-07,1.419512597730941e-05
adamw_sft,AdamW + SFT,27,down_proj,mlp,model.layers.27.mlp.down_proj.weight,6.912415027618408,6.91251802444458,0.000102996826171875,1.4900266514720738e-05,-0.00066375732421875,0.0026049754699083803,394.66704806060267,394.66107148151485,-0.005976579087814571,-1.5522570927239965e-07,4.186407443532979e-05
adamw_sft,AdamW + SFT,27,gate_proj,mlp,model.layers.27.mlp.gate_proj.weight,12.510846138000488,12.510794639587402,-5.14984130859375e-05,-4.116301369058967e-06,0.00321313738822937,0.002981126130127751,247.63224887579236,247.6335250381541,0.0012761623617336681,-1.1686797884088995e-06,3.517801654320249e-05
adamw_sft,AdamW + SFT,27,up_proj,mlp,model.layers.27.mlp.up_proj.weight,8.75754451751709,8.756826400756836,-0.0007181167602539062,-8.199978416524275e-05,0.008350789546966553,0.00309669197238001,348.96551565708563,348.99508673263745,0.029571075551814374,-2.174152186465439e-06,4.265628415198546e-05
adamw_sft,AdamW + SFT,27,k_proj,attn,model.layers.27.self_attn.k_proj.weight,2.0158979892730713,2.0157363414764404,-0.00016164779663085938,-8.018649628652551e-05,0.001996763050556183,0.0005002049916145908,75.68175885235857,75.68881858151131,0.007059729152743444,-9.249189085958065e-06,2.2150506298961062e-05
adamw_sft,AdamW + SFT,27,o_proj,attn,model.layers.27.self_attn.o_proj.weight,7.647034645080566,7.647013187408447,-2.1457672119140625e-05,-2.8060121491596244e-06,0.011622684032772668,0.0018806185321911832,139.94278558645743,139.94469816723674,0.0019125807793045624,-1.9135250916013646e-06,3.2692380221810665e-05
adamw_sft,AdamW + SFT,27,q_proj,attn,model.layers.27.self_attn.q_proj.weight,4.4243669509887695,4.424501895904541,0.00013494491577148438,3.0500389607450285e-05,-0.008520911702362355,0.0018638533077586668,191.42878760979497,191.42102328871866,-0.0077643210763085335,4.344390652277763e-06,4.115193295900737e-05
adamw_sft,AdamW + SFT,27,v_proj,attn,model.layers.27.self_attn.v_proj.weight,2.3116233348846436,2.3116140365600586,-9.298324584960938e-06,-4.022422011683383e-06,0.0002487003803253174,0.0003592182562061815,139.7527955317286,139.75346526603994,0.0006697343113444276,7.02503220872952e-08,9.740016206649055e-06
adamw_sft,AdamW + SFT,3,down_proj,mlp,model.layers.3.mlp.down_proj.weight,5.527926921844482,5.527932643890381,5.7220458984375e-06,1.0351160533302143e-06,-0.002636432647705078,0.0026289963205891557,481.57157282994604,481.5705974187683,-0.000975411177762453,1.877764572034979e-06,4.144108057629927e-05
adamw_sft,AdamW + SFT,3,gate_proj,mlp,model.layers.3.mlp.gate_proj.weight,8.721921920776367,8.722097396850586,0.00017547607421875,2.011896871041128e-05,-0.017020106315612793,0.002810995919969462,357.76069601326236,357.75154700412713,-0.009149009135228425,5.12117930465128e-07,3.061336591075421e-05
adamw_sft,AdamW + SFT,3,up_proj,mlp,model.layers.3.mlp.up_proj.weight,3.6592304706573486,3.6592676639556885,3.719329833984375e-05,1.0164240442926325e-05,0.010837644338607788,0.0026239836444723595,735.6483184941939,735.6438029614256,-0.004515532768209596,-6.985480444435255e-08,1.9006358949441904e-05
adamw_sft,AdamW + SFT,3,k_proj,attn,model.layers.3.self_attn.k_proj.weight,2.1074042320251465,2.1073389053344727,-6.532669067382812e-05,-3.099865212430143e-05,0.0006831884384155273,0.0004375365259099599,121.34507672675502,121.34916257204016,0.00408584528513245,-5.675317669845414e-07,1.4341531354124297e-05
adamw_sft,AdamW + SFT,3,o_proj,attn,model.layers.3.self_attn.o_proj.weight,3.031338691711426,3.03120493888855,-0.00013375282287597656,-4.412335158776426e-05,0.008657644764753059,0.0017764855502340787,264.4279976128246,264.44252174985274,0.014524137028161022,-4.820446644765441e-07,4.187103559677597e-05
adamw_sft,AdamW + SFT,3,q_proj,attn,model.layers.3.self_attn.q_proj.weight,3.683208703994751,3.682814359664917,-0.0003943443298339844,-0.00010706543167273813,0.012112125070416369,0.0021486211814518517,272.28742261576076,272.3198671309046,0.03244451514382263,-3.482863285247939e-06,3.5857248892906704e-05
adamw_sft,AdamW + SFT,3,v_proj,attn,model.layers.3.self_attn.v_proj.weight,1.1654242277145386,1.1653118133544922,-0.00011241436004638672,-9.645788835781929e-05,0.0005283057689666748,0.0005376692651442802,151.14529002677602,151.16032394870197,0.01503392192594788,-1.305030515583172e-06,3.359493562306106e-05
adamw_sft,AdamW + SFT,4,down_proj,mlp,model.layers.4.mlp.down_proj.weight,5.510651588439941,5.510653972625732,2.384185791015625e-06,4.326504321225986e-07,0.019957810640335083,0.002637119978436277,475.65233208533874,475.6557479715842,0.0034158862454773953,-7.554329641175361e-07,2.511593670849107e-05
adamw_sft,AdamW + SFT,4,gate_proj,mlp,model.layers.4.mlp.gate_proj.weight,10.388897895812988,10.388529777526855,-0.0003681182861328125,-3.543381500372376e-05,0.021321892738342285,0.0029042900239755172,301.91719078993447,301.92994169255525,0.01275090262078038,-2.7326119618406586e-06,2.941509657466287e-05
adamw_sft,AdamW + SFT,4,up_proj,mlp,model.layers.4.mlp.up_proj.weight,4.297484874725342,4.297356605529785,-0.00012826919555664062,-2.984750366686014e-05,0.009615093469619751,0.002665799091988494,619.3058581606681,619.3265808899815,0.020722729313433774,3.4960562430436104e-07,2.1814741189417833e-05
adamw_sft,AdamW + SFT,4,k_proj,attn,model.layers.4.self_attn.k_proj.weight,2.3208131790161133,2.3207197189331055,-9.34600830078125e-05,-4.027040343136711e-05,0.0003701448440551758,0.0004161573008418785,100.1052292447933,100.10942018082036,0.004190936027058001,-1.6634525270009526e-06,1.4935660567995306e-05
adamw_sft,AdamW + SFT,4,o_proj,attn,model.layers.4.self_attn.o_proj.weight,2.75871205329895,2.758648157119751,-6.389617919921875e-05,-2.316159786332531e-05,0.0007164701819419861,0.001794749898163769,319.82552916203315,319.83319672175844,0.0076675597252915395,2.758612252101722e-07,2.9155587452672158e-05
adamw_sft,AdamW + SFT,4,q_proj,attn,model.layers.4.self_attn.q_proj.weight,3.810185194015503,3.809765577316284,-0.00041961669921875,-0.0001101302634522396,-0.009831683186348528,0.002081927517880731,262.15431709663414,262.18061074751813,0.02629365088398572,-2.295252157752392e-06,2.9907871591907063e-05
adamw_sft,AdamW + SFT,4,v_proj,attn,model.layers.4.self_attn.v_proj.weight,1.1220937967300415,1.1220484972000122,-4.5299530029296875e-05,-4.037053779399446e-05,-0.00026285648345947266,0.0004414735438459049,178.09941324610463,178.10636924065795,0.006955994553322853,-7.416336621629549e-07,1.929458044805387e-05
adamw_sft,AdamW + SFT,5,down_proj,mlp,model.layers.5.mlp.down_proj.weight,5.167912483215332,5.1679911613464355,7.867813110351562e-05,1.5224354390491588e-05,-0.0038565397262573242,0.0025206156678020653,496.48923310013623,496.48092825143203,-0.00830484870419923,7.53126914755653e-07,3.202540123644677e-05
adamw_sft,AdamW + SFT,5,gate_proj,mlp,model.layers.5.mlp.gate_proj.weight,11.790799140930176,11.790994644165039,0.00019550323486328125,1.6580999517209824e-05,0.0010439753532409668,0.002841386132540085,274.15119608354365,274.14673899812306,-0.0044570854205971955,1.306864395249352e-06,2.9259034939423715e-05
adamw_sft,AdamW + SFT,5,up_proj,mlp,model.layers.5.mlp.up_proj.weight,3.53743052482605,3.5376126766204834,0.00018215179443359375,5.1492684635142314e-05,-0.012949526309967041,0.0027503696044192103,742.2769279107133,742.2350475201113,-0.041880390602045736,9.387650698015892e-07,2.7454440959118885e-05
adamw_sft,AdamW + SFT,5,k_proj,attn,model.layers.5.self_attn.k_proj.weight,2.0194573402404785,2.0195069313049316,4.9591064453125e-05,2.45566288848764e-05,-1.7248094081878662e-05,0.0003804652419540903,122.56044211686759,122.55742397873496,-0.0030181381326315204,-8.759306829864144e-07,1.282790973570142e-05
adamw_sft,AdamW + SFT,5,o_proj,attn,model.layers.5.self_attn.o_proj.weight,2.7589478492736816,2.7588937282562256,-5.412101745605469e-05,-1.9616542396878774e-05,-0.00659325355081819,0.0017169636493586811,308.5817001956827,308.58536380255833,0.003663606875647929,5.377078734700169e-07,4.082102408343976e-05
adamw_sft,AdamW + SFT,5,q_proj,attn,model.layers.5.self_attn.q_proj.weight,3.295807361602783,3.296396493911743,0.0005891323089599609,0.0001787520459549736,0.004571421624859795,0.0020247634115458605,316.84213526868774,316.78689600440686,-0.055239264280885436,2.738471563457079e-06,3.882958656234229e-05
adamw_sft,AdamW + SFT,5,v_proj,attn,model.layers.5.self_attn.v_proj.weight,1.0597984790802002,1.059839129447937,4.0650367736816406e-05,3.835669567302728e-05,0.00012642145156860352,0.0004516329010276284,172.51307437464527,172.50657688057296,-0.006497494072306154,1.7880615597459792e-06,2.2214008878555847e-05
adamw_sft,AdamW + SFT,6,down_proj,mlp,model.layers.6.mlp.down_proj.weight,4.49146842956543,4.491521835327148,5.340576171875e-05,1.1890490283133807e-05,-0.027111142873764038,0.002705334231777121,580.2708264525083,580.2578907593304,-0.01293569317795118,-2.1370564138450954e-07,2.6511752236693933e-05
adamw_sft,AdamW + SFT,6,gate_proj,mlp,model.layers.6.mlp.gate_proj.weight,10.819626808166504,10.818463325500488,-0.001163482666015625,-0.00010753445443584473,0.007915496826171875,0.0031636754308014972,296.6741632486282,296.70680103946756,0.03263779083937379,-2.2946859525030394e-06,3.871265960632331e-05
adamw_sft,AdamW + SFT,6,up_proj,mlp,model.layers.6.mlp.up_proj.weight,3.153623342514038,3.153286933898926,-0.0003364086151123047,-0.00010667368248362945,0.009250342845916748,0.00243890343103836,846.5328799701828,846.6261259394863,0.09324596930355256,-8.830268397441027e-07,2.2533790129315985e-05
adamw_sft,AdamW + SFT,6,k_proj,attn,model.layers.6.self_attn.k_proj.weight,2.0946483612060547,2.0947022438049316,5.3882598876953125e-05,2.572393527948942e-05,-0.0002461075782775879,0.00038737195636419266,113.2985953166275,113.29556341538147,-0.0030319012460324757,-2.7381508851953562e-08,1.4357728936154366e-05
adamw_sft,AdamW + SFT,6,o_proj,attn,model.layers.6.self_attn.o_proj.weight,2.759568452835083,2.7595107555389404,-5.7697296142578125e-05,-2.0908086582632862e-05,-0.0021762603537354153,0.0018470209255431276,337.8342257665822,337.8405007415874,0.006274975005169381,-1.5013531141777614e-06,4.160556099502344e-05
adamw_sft,AdamW + SFT,6,q_proj,attn,model.layers.6.self_attn.q_proj.weight,3.420119524002075,3.420156717300415,3.719329833984375e-05,1.0874853372469792e-05,-0.00488630666222889,0.001961984691835221,302.20384165956153,302.19912659366327,-0.004715065898267312,-1.1280765271903803e-07,4.396913089303351e-05
adamw_sft,AdamW + SFT,6,v_proj,attn,model.layers.6.self_attn.v_proj.weight,1.065470576286316,1.0654782056808472,7.62939453125e-06,7.160586787710419e-06,0.00011345744132995605,0.0004364252894327105,196.5013699657019,196.50006939565864,-0.0013005700432699996,1.2684023290021607e-06,2.1428782305299864e-05
adamw_sft,AdamW + SFT,7,down_proj,mlp,model.layers.7.mlp.down_proj.weight,5.096033573150635,5.095907211303711,-0.00012636184692382812,-2.479611743328932e-05,-0.005607783794403076,0.0025483599265223793,534.0644447466244,534.0765873511214,0.012142604496943932,6.163549352393438e-07,3.368800775728851e-05
adamw_sft,AdamW + SFT,7,gate_proj,mlp,model.layers.7.mlp.gate_proj.weight,9.3909330368042,9.390937805175781,4.76837158203125e-06,5.077633461279541e-07,0.02532327175140381,0.002788383233879537,324.5294487634795,324.5319805441433,0.0025317806638440743,-1.3635064689127008e-07,2.9026635474415432e-05
adamw_sft,AdamW + SFT,7,up_proj,mlp,model.layers.7.mlp.up_proj.weight,3.5953619480133057,3.5951380729675293,-0.0002238750457763672,-6.226773521371725e-05,-0.010227739810943604,0.002582161434874796,780.7318842584712,780.7776568110621,0.04577255259096091,-1.2369389472063896e-07,2.424652388259272e-05
adamw_sft,AdamW + SFT,7,k_proj,attn,model.layers.7.self_attn.k_proj.weight,2.203357696533203,2.2033138275146484,-4.38690185546875e-05,-1.9910075710227026e-05,0.00010865181684494019,0.00040668897850010396,120.07995167843562,120.08239183987695,0.0024401614413278594,-7.857901001412371e-07,1.1661617641267843e-05
adamw_sft,AdamW + SFT,7,o_proj,attn,model.layers.7.self_attn.o_proj.weight,2.9766156673431396,2.976579427719116,-3.62396240234375e-05,-1.2174774332147548e-05,0.003832098707789555,0.0016042828268380451,292.2674153865957,292.27226113666086,0.004845750065157972,3.830792874345845e-06,4.046744753652656e-05
adamw_sft,AdamW + SFT,7,q_proj,attn,model.layers.7.self_attn.q_proj.weight,3.1035969257354736,3.1034374237060547,-0.0001595020294189453,-5.1392636748777354e-05,0.0013234943326096982,0.0018492890053307645,347.54082498820435,347.55911340632764,0.01828841812329074,-3.1662416924357895e-06,3.992158610634885e-05
adamw_sft,AdamW + SFT,7,v_proj,attn,model.layers.7.self_attn.v_proj.weight,1.1031601428985596,1.1031986474990845,3.8504600524902344e-05,3.490390835162997e-05,-0.00011958181858062744,0.00048023484882151103,159.1141979832889,159.10853607419944,-0.005661909089468509,-2.723869190729422e-06,2.4722663246376357e-05
adamw_sft,AdamW + SFT,8,down_proj,mlp,model.layers.8.mlp.down_proj.weight,5.186113357543945,5.186054229736328,-5.91278076171875e-05,-1.1401179176150792e-05,-0.010164320468902588,0.0028234066754560774,518.8393776592791,518.8433331741135,0.003955514834387941,-1.0348819724434466e-06,3.067279100446867e-05
adamw_sft,AdamW + SFT,8,gate_proj,mlp,model.layers.8.mlp.gate_proj.weight,10.198502540588379,10.198601722717285,9.918212890625e-05,9.725165877198273e-06,-0.0030966997146606445,0.0026829660724775693,303.2505421487754,303.2472893759955,-0.003252772779944735,-1.221135475584778e-07,2.32563125517707e-05
adamw_sft,AdamW + SFT,8,up_proj,mlp,model.layers.8.mlp.up_proj.weight,5.419294834136963,5.419325828552246,3.0994415283203125e-05,5.7192709073447315e-06,-0.0010400116443634033,0.002648107407138213,511.4181792250124,511.415062394689,-0.0031168303233926054,-5.152668212625444e-07,2.4731449044312982e-05
adamw_sft,AdamW + SFT,8,k_proj,attn,model.layers.8.self_attn.k_proj.weight,2.1979312896728516,2.1979331970214844,1.9073486328125e-06,8.677926565649816e-07,-0.0006519034504890442,0.0003945720907453928,113.45903650188116,113.45864144465658,-0.0003950572245798867,1.149653317975008e-06,1.4921693608107657e-05
adamw_sft,AdamW + SFT,8,o_proj,attn,model.layers.8.self_attn.o_proj.weight,2.3660013675689697,2.366175413131714,0.00017404556274414062,7.356105754197842e-05,-0.0012767268053721637,0.001750331243195926,396.15823222643957,396.1285529774375,-0.029679249002072083,3.45926624446824e-06,5.440848935800774e-05
adamw_sft,AdamW + SFT,8,q_proj,attn,model.layers.8.self_attn.q_proj.weight,3.453125,3.452982187271118,-0.00014281272888183594,-4.135753234587104e-05,0.015589462767820805,0.001872411470275166,304.6651221405234,304.6822376415746,0.01711550105119386,-3.5512142306654004e-06,3.3979047776464765e-05
adamw_sft,AdamW + SFT,8,v_proj,attn,model.layers.8.self_attn.v_proj.weight,1.038536548614502,1.0385586023330688,2.205371856689453e-05,2.1235380301556176e-05,-0.00011152029037475586,0.00042964535202444273,198.00023169521697,197.99591979440916,-0.0043119008078065235,-5.039573976739486e-07,2.794048857271547e-05
adamw_sft,AdamW + SFT,9,down_proj,mlp,model.layers.9.mlp.down_proj.weight,6.2776713371276855,6.277670383453369,-9.5367431640625e-07,-1.5191529871371037e-07,-0.0070534348487854,0.002594216601450692,430.2475232014539,430.24646498743016,-0.0010582140237147541,-4.7038464897827814e-07,3.48313869590787e-05
adamw_sft,AdamW + SFT,9,gate_proj,mlp,model.layers.9.mlp.gate_proj.weight,9.140878677368164,9.140442848205566,-0.00043582916259765625,-4.7679132168849645e-05,0.014406263828277588,0.0029476591023538407,326.16656896530856,326.183697147066,0.017128181757470884,-1.2846323441950691e-06,4.730672621398413e-05
adamw_sft,AdamW + SFT,9,up_proj,mlp,model.layers.9.mlp.up_proj.weight,3.4340531826019287,3.4339098930358887,-0.00014328956604003906,-4.1726076569225054e-05,0.010615378618240356,0.002539872616287426,814.9016388107499,814.938734216505,0.03709540575516712,-9.468113665658806e-08,2.691218894072591e-05
adamw_sft,AdamW + SFT,9,k_proj,attn,model.layers.9.self_attn.k_proj.weight,2.77843976020813,2.7784318923950195,-7.867813110351562e-06,-2.831737877866459e-06,-0.00019132345914840698,0.0003628078664853133,89.31932335398156,89.31950742337897,0.00018406939740600592,-4.3918589440195e-07,1.2344620528963209e-05
adamw_sft,AdamW + SFT,9,o_proj,attn,model.layers.9.self_attn.o_proj.weight,2.7356081008911133,2.735609531402588,1.430511474609375e-06,5.229226635728238e-07,0.0012656297694775276,0.0016201794211157404,282.0323040561795,282.0326192251802,0.00031516900071437703,1.1264009653413898e-06,3.852793709543428e-05
adamw_sft,AdamW + SFT,9,q_proj,attn,model.layers.9.self_attn.q_proj.weight,3.744722604751587,3.7451024055480957,0.00037980079650878906,0.00010142294546113219,0.0015012232033768669,0.0020791417031587153,248.5353386192816,248.51053483922283,-0.02480378005876105,4.310312941097072e-06,4.4257141949455316e-05
adamw_sft,AdamW + SFT,9,v_proj,attn,model.layers.9.self_attn.v_proj.weight,1.0861839056015015,1.0861884355545044,4.5299530029296875e-06,4.170521197716618e-06,-4.971027374267578e-05,0.0004284485746273562,158.30609696725185,158.30539098528044,-0.0007059819714072546,7.47430346961786e-07,2.0344532800950932e-05
muon_sft,Muon + SFT,-1,embed,embed,model.embed_tokens.weight,103.61547088623047,103.61912536621094,0.00365447998046875,3.526963637004903e-05,-0.5633642673492432,0.023939029666682977,88.15806397828281,88.14951790974436,-0.008546068538450413,2.6198613935102255e-05,6.082466825353045e-05
muon_sft,Muon + SFT,0,down_proj,mlp,model.layers.0.mlp.down_proj.weight,5.5577826499938965,5.557548999786377,-0.00023365020751953125,-4.204018441055586e-05,-0.014216482639312744,0.002427716695449303,478.7068812810931,478.72444900375586,0.017567722662761298,-1.5037200927145444e-07,2.5458618226415257e-05
muon_sft,Muon + SFT,0,gate_proj,mlp,model.layers.0.mlp.gate_proj.weight,9.040079116821289,9.038347244262695,-0.00173187255859375,-0.00019157714619678223,-0.008892104029655457,0.003097909048354378,315.55635843302076,315.615839583645,0.059481150624264956,-3.862213933142344e-06,4.098019398815731e-05
muon_sft,Muon + SFT,0,up_proj,mlp,model.layers.0.mlp.up_proj.weight,4.161773681640625,4.161231994628906,-0.00054168701171875,-0.0001301577291692637,0.012402594089508057,0.0021902295806262473,580.4685034049537,580.5470462123525,0.07854280739877595,1.0635014992613212e-07,3.5749195135708644e-05
muon_sft,Muon + SFT,0,k_proj,attn,model.layers.0.self_attn.k_proj.weight,3.344952344894409,3.3449394702911377,-1.2874603271484375e-05,-3.8489646320778274e-06,-0.0005077868700027466,0.0003714914831103261,115.36894382788941,115.36923607309154,0.0002922452021323352,-5.229735350747999e-07,9.286919910042521e-06
muon_sft,Muon + SFT,0,o_proj,attn,model.layers.0.self_attn.o_proj.weight,2.1647655963897705,2.164684772491455,-8.082389831542969e-05,-3.733609701217608e-05,0.007568924527731724,0.0013195815783124474,385.913530430593,385.9314360217268,0.01790559113379686,-1.0383932960433828e-06,4.3716410829994095e-05
muon_sft,Muon + SFT,0,q_proj,attn,model.layers.0.self_attn.q_proj.weight,25.96732521057129,25.967092514038086,-0.000232696533203125,-8.961128314763599e-06,-0.008803267002804205,0.002368154698061157,49.337537528160254,49.337640635850704,0.00010310769044963308,6.495003609052752e-06,3.943943729203586e-05
muon_sft,Muon + SFT,0,v_proj,attn,model.layers.0.self_attn.v_proj.weight,0.940507709980011,0.940535843372345,2.8133392333984375e-05,2.9912984269509396e-05,-0.0029973313212394714,0.0005575183058464062,146.27809844806748,146.27053613079391,-0.007562317273567487,3.2252064875587516e-06,3.552774535203305e-05
muon_sft,Muon + SFT,1,down_proj,mlp,model.layers.1.mlp.down_proj.weight,6.005411148071289,6.005488395690918,7.724761962890625e-05,1.286300266947006e-05,-0.014740705490112305,0.0025203601460490597,447.0539693280907,447.04576440665556,-0.008204921435151391,5.510090650626132e-07,3.574199072842925e-05
muon_sft,Muon + SFT,1,gate_proj,mlp,model.layers.1.mlp.gate_proj.weight,8.50372314453125,8.50374984741211,2.6702880859375e-05,3.1401399605239546e-06,-0.0017594397068023682,0.0027341249874527213,362.4731788870447,362.4718337724749,-0.0013451145698013534,-1.8521775766514037e-06,2.6470523172701923e-05
muon_sft,Muon + SFT,1,up_proj,mlp,model.layers.1.mlp.up_proj.weight,9.037690162658691,9.037480354309082,-0.000209808349609375,-2.321481991894862e-05,0.0110149085521698,0.0025303982610833014,293.22834142873234,293.2363676329488,0.008026204216491806,-1.5952523534437657e-06,2.9834503009874577e-05
muon_sft,Muon + SFT,1,k_proj,attn,model.layers.1.self_attn.k_proj.weight,3.4632623195648193,3.463228464126587,-3.3855438232421875e-05,-9.775591655637573e-06,-0.001023612916469574,0.00041242837273014065,100.72261482447821,100.72330389116067,0.0006890666824546088,-6.256893265166319e-07,1.0400858760105277e-05
muon_sft,Muon + SFT,1,o_proj,attn,model.layers.1.self_attn.o_proj.weight,2.8765265941619873,2.8763396739959717,-0.000186920166015625,-6.49812055953128e-05,0.010219194777164375,0.0015659954133656763,262.44833177154385,262.46893993582233,0.02060816427848522,-6.377597459084061e-06,5.292460228964297e-05
muon_sft,Muon + SFT,1,q_proj,attn,model.layers.1.self_attn.q_proj.weight,6.238831996917725,6.23903226852417,0.0002002716064453125,3.210081735559734e-05,0.004312797645070532,0.002208719140562573,196.74674783016465,196.74112356215392,-0.005624268010734568,5.109553821283641e-06,4.328939162440986e-05
muon_sft,Muon + SFT,1,v_proj,attn,model.layers.1.self_attn.v_proj.weight,0.8123999834060669,0.8123477697372437,-5.221366882324219e-05,-6.42708885890559e-05,0.0007105469703674316,0.00048101734931356747,163.67597422487916,163.68736918455986,0.011394959680700367,-2.7548681936356845e-06,3.268654411195132e-05
muon_sft,Muon + SFT,10,down_proj,mlp,model.layers.10.mlp.down_proj.weight,7.043017387390137,7.042835712432861,-0.00018167495727539062,-2.5795045970021687e-05,0.01370847225189209,0.0025692099833688003,382.7604938021478,382.7723138235155,0.01182002136772553,-1.398760409866695e-06,2.957297128271645e-05
muon_sft,Muon + SFT,10,gate_proj,mlp,model.layers.10.mlp.gate_proj.weight,8.740035057067871,8.739946365356445,-8.869171142578125e-05,-1.0147752365599295e-05,0.01748436689376831,0.0027498691585981,336.8723229301777,336.8777419737011,0.00541904352343181,-1.8046642747265862e-06,2.7838475785004677e-05
muon_sft,Muon + SFT,10,up_proj,mlp,model.layers.10.mlp.up_proj.weight,3.592778205871582,3.5928075313568115,2.9325485229492188e-05,8.162342217943296e-06,-0.000867307186126709,0.0026330809921139777,780.5921487873546,780.5855359781496,-0.006612809205080339,-9.359519141556583e-07,3.170931941575998e-05
muon_sft,Muon + SFT,10,k_proj,attn,model.layers.10.self_attn.k_proj.weight,2.1872925758361816,2.1873209476470947,2.8371810913085938e-05,1.297120066447428e-05,0.00013522803783416748,0.00041087876476704255,104.69434480857669,104.69304863842855,-0.0012961701481373211,-7.80270602573907e-08,8.187056164754149e-06
muon_sft,Muon + SFT,10,o_proj,attn,model.layers.10.self_attn.o_proj.weight,2.311302423477173,2.3112266063690186,-7.581710815429688e-05,-3.280276409706524e-05,0.008182423873222433,0.001760378568297752,392.8175696155415,392.83399583525056,0.016426219709046563,-2.9492714679127396e-06,4.992295259179757e-05
muon_sft,Muon + SFT,10,q_proj,attn,model.layers.10.self_attn.q_proj.weight,3.4616098403930664,3.4615976810455322,-1.2159347534179688e-05,-3.5126279664143178e-06,-0.002597278915345669,0.0017465913195569846,289.12609986952,289.12636515332787,0.000265283807891592,2.9711508658797348e-06,2.838119987681189e-05
muon_sft,Muon + SFT,10,v_proj,attn,model.layers.10.self_attn.v_proj.weight,1.0966647863388062,1.0966640710830688,-7.152557373046875e-07,-6.522099972705012e-07,0.00030112266540527344,0.0004252132214815825,180.94655223316158,180.94694482897685,0.00039259581527062437,-8.468704643938008e-07,2.131342995383714e-05
muon_sft,Muon + SFT,11,down_proj,mlp,model.layers.11.mlp.down_proj.weight,7.730634689331055,7.730539798736572,-9.489059448242188e-05,-1.227461887616797e-05,0.0026092827320098877,0.0026228256872181197,344.5392709776938,344.54383764702044,0.004566669326663941,1.0818278391167002e-08,3.2368177372463064e-05
muon_sft,Muon + SFT,11,gate_proj,mlp,model.layers.11.mlp.gate_proj.weight,8.870319366455078,8.870648384094238,0.00032901763916015625,3.7091972179085635e-05,0.04782068729400635,0.0029391756133395476,331.4264975601546,331.41959564342454,-0.006901916730043922,4.048916886281728e-07,2.8694853570514037e-05
muon_sft,Muon + SFT,11,up_proj,mlp,model.layers.11.mlp.up_proj.weight,3.565291404724121,3.565255641937256,-3.5762786865234375e-05,-1.0030817345770833e-05,0.0066887736320495605,0.002792970798653491,784.0649510970906,784.0746920875986,0.009740990508021241,-7.460588131308343e-08,2.8009061146731188e-05
muon_sft,Muon + SFT,11,k_proj,attn,model.layers.11.self_attn.k_proj.weight,2.42330265045166,2.4232592582702637,-4.3392181396484375e-05,-1.7906216290563975e-05,0.00023134052753448486,0.00037467770894845763,101.4692038752348,101.47111630396583,0.0019124287310319232,-6.209590694000733e-07,1.1217449991339914e-05
muon_sft,Muon + SFT,11,o_proj,attn,model.layers.11.self_attn.o_proj.weight,2.714001417160034,2.714010238647461,8.821487426757812e-06,3.2503621298726993e-06,-0.0012419578852131963,0.0017452957069788177,323.351181824855,323.34967320996043,-0.0015086148945897548,1.4117256639870068e-06,5.113477831085392e-05
muon_sft,Muon + SFT,11,q_proj,attn,model.layers.11.self_attn.q_proj.weight,3.473287582397461,3.473254680633545,-3.2901763916015625e-05,-9.472801527509839e-06,0.00940785174316261,0.002032948970287436,288.82459935003567,288.83004400994776,0.005444659912086536,-1.8640165867223057e-06,3.790514098199289e-05
muon_sft,Muon + SFT,11,v_proj,attn,model.layers.11.self_attn.v_proj.weight,1.076063871383667,1.0760632753372192,-5.960464477539062e-07,-5.539136324570346e-07,0.000440448522567749,0.0004470602177328351,177.0336174614847,177.0341248375786,0.0005073760938785199,1.1249982989625096e-07,2.5287224609570255e-05
muon_sft,Muon + SFT,12,down_proj,mlp,model.layers.12.mlp.down_proj.weight,7.163233757019043,7.163356304168701,0.00012254714965820312,1.7107797094869724e-05,0.006835877895355225,0.002505039300268677,361.39756634929597,361.3923380230528,-0.005228326243184256,7.013238907671582e-08,3.13766774321137e-05
muon_sft,Muon + SFT,12,gate_proj,mlp,model.layers.12.mlp.gate_proj.weight,10.201515197753906,10.20116901397705,-0.00034618377685546875,-3.39345450302999e-05,-0.010922491550445557,0.002801769223833292,295.6159277851848,295.62488900783524,0.008961222650441414,5.045299870526376e-07,3.206003010586428e-05
muon_sft,Muon + SFT,12,up_proj,mlp,model.layers.12.mlp.up_proj.weight,3.471902370452881,3.471754789352417,-0.0001475811004638672,-4.2507272589181836e-05,5.0395727157592773e-05,0.0024506319807250103,782.1945557351376,782.2278206216421,0.03326488650452575,-1.1612082201767349e-06,2.6688806324052082e-05
muon_sft,Muon + SFT,12,k_proj,attn,model.layers.12.self_attn.k_proj.weight,2.567537546157837,2.567507743835449,-2.9802322387695312e-05,-1.1607356017945158e-05,-0.0004021301865577698,0.0003965519412400705,86.51005331966668,86.51090086153582,0.0008475418691347159,6.441664358036725e-07,1.268045715773437e-05
muon_sft,Muon + SFT,12,o_proj,attn,model.layers.12.self_attn.o_proj.weight,2.645681142807007,2.6456825733184814,1.430511474609375e-06,5.406968555143555e-07,0.011482810547022382,0.001613802978202356,340.48173483695837,340.48589094685207,0.004156109893699522,9.126782407678502e-07,4.229894444882687e-05
muon_sft,Muon + SFT,12,q_proj,attn,model.layers.12.self_attn.q_proj.weight,3.3572638034820557,3.357508897781372,0.00024509429931640625,7.300418247210768e-05,0.002959706398542039,0.0017703460041410559,284.3650427990749,284.345165995603,-0.01987680347190235,-8.768531746250474e-07,3.2446607361180495e-05
muon_sft,Muon + SFT,12,v_proj,attn,model.layers.12.self_attn.v_proj.weight,1.1192669868469238,1.1192864179611206,1.9431114196777344e-05,1.736057118196307e-05,0.00037664175033569336,0.0004761779370856316,180.18077240589398,180.17798092074398,-0.002791485149998607,-9.596855375659796e-08,2.3694007977820543e-05
muon_sft,Muon + SFT,13,down_proj,mlp,model.layers.13.mlp.down_proj.weight,7.355894565582275,7.3559651374816895,7.05718994140625e-05,9.59392481565241e-06,-0.0003823190927505493,0.0027638412119434888,360.20627230263403,360.2027645698719,-0.0035077327621593213,2.8635408803184825e-07,3.2355267749295314e-05
muon_sft,Muon + SFT,13,gate_proj,mlp,model.layers.13.mlp.gate_proj.weight,8.297859191894531,8.298460960388184,0.0006017684936523438,7.252093338004096e-05,0.022833406925201416,0.0029240331737731442,351.6710211766297,351.64827103842333,-0.022750138206390602,1.1829419644254768e-06,3.1980434375351574e-05
muon_sft,Muon + SFT,13,up_proj,mlp,model.layers.13.mlp.up_proj.weight,3.731966018676758,3.731656074523926,-0.00030994415283203125,-8.305117229923976e-05,0.009446024894714355,0.002638180304273523,749.254489938031,749.319252892657,0.06476295462596227,-3.7059217955145995e-07,3.230519302818201e-05
muon_sft,Muon + SFT,13,k_proj,attn,model.layers.13.self_attn.k_proj.weight,2.5551741123199463,2.5551154613494873,-5.8650970458984375e-05,-2.2953805838981666e-05,-0.00029459595680236816,0.00040713942322071004,97.90540656718649,97.90753862393068,0.0021320567441875937,6.264731474414642e-07,1.3259707605790258e-05
muon_sft,Muon + SFT,13,o_proj,attn,model.layers.13.self_attn.o_proj.weight,2.726930618286133,2.726992130279541,6.151199340820312e-05,2.255722716072007e-05,0.0059080142236780375,0.001652278455638772,315.4737343774629,315.4687848200748,-0.004949557388101766,2.426284871195894e-06,4.6025534101917465e-05
muon_sft,Muon + SFT,13,q_proj,attn,model.layers.13.self_attn.q_proj.weight,3.571514129638672,3.5715527534484863,3.8623809814453125e-05,1.0814407674864966e-05,0.00457935359372641,0.001989685729481605,286.26946186304514,286.26764823628275,-0.0018136267623845015,8.25903333098732e-07,3.0336973249554365e-05
muon_sft,Muon + SFT,13,v_proj,attn,model.layers.13.self_attn.v_proj.weight,1.1234354972839355,1.1234437227249146,8.225440979003906e-06,7.321685133583615e-06,0.0006257295608520508,0.0004186694762238216,163.77107703579986,163.77043493886808,-0.0006420969317844083,1.1986759246712664e-06,2.241244609600475e-05
muon_sft,Muon + SFT,14,down_proj,mlp,model.layers.14.mlp.down_proj.weight,6.946869373321533,6.946842670440674,-2.6702880859375e-05,-3.843872602804887e-06,0.0071222782135009766,0.002649100446381516,381.1877260034069,381.1902165000925,0.0024904966855956445,-6.314390355033339e-08,2.9778334907240675e-05
muon_sft,Muon + SFT,14,gate_proj,mlp,model.layers.14.mlp.gate_proj.weight,8.213993072509766,8.21383285522461,-0.00016021728515625,-1.950540787433316e-05,0.019399821758270264,0.0026363270417963628,340.80362808713716,340.8126375782147,0.009009491077563325,-1.2775596603259443e-06,3.62119911351544e-05
muon_sft,Muon + SFT,14,up_proj,mlp,model.layers.14.mlp.up_proj.weight,3.640230417251587,3.640284299850464,5.3882598876953125e-05,1.4801974793022873e-05,0.0073160529136657715,0.002590684330780008,767.946517141178,767.9371599321189,-0.009357209059089655,-2.813877065660497e-07,3.353899053217661e-05
muon_sft,Muon + SFT,14,k_proj,attn,model.layers.14.self_attn.k_proj.weight,2.0714662075042725,2.0714452266693115,-2.09808349609375e-05,-1.0128494920617345e-05,0.0008315518498420715,0.00040479650910866274,103.14787126372195,103.14931744259013,0.0014461788681785492,-1.3094792886969575e-06,1.2530662902506408e-05
muon_sft,Muon + SFT,14,o_proj,attn,model.layers.14.self_attn.o_proj.weight,2.605828285217285,2.6057891845703125,-3.910064697265625e-05,-1.5005074276947558e-05,0.014223060861695558,0.00147549531299393,302.43177964049823,302.44177597453205,0.009996334033814946,-2.032906402660295e-06,2.4676296560089378e-05
muon_sft,Muon + SFT,14,q_proj,attn,model.layers.14.self_attn.q_proj.weight,3.6657183170318604,3.665687322616577,-3.0994415283203125e-05,-8.45520921211954e-06,0.0058057028509210795,0.00200649150720426,242.9131846378718,242.91682233356153,0.003637695689718612,-7.067400698515525e-06,4.436203602330028e-05
muon_sft,Muon + SFT,14,v_proj,attn,model.layers.14.self_attn.v_proj.weight,1.061585783958435,1.0616072416305542,2.1457672119140625e-05,2.021284802734394e-05,0.0012083500623703003,0.00045706257644246044,154.4324269611544,154.4304437321057,-0.0019832290487045157,2.3535522401807452e-07,2.717261020751552e-05
muon_sft,Muon + SFT,15,down_proj,mlp,model.layers.15.mlp.down_proj.weight,6.8657002449035645,6.865656852722168,-4.3392181396484375e-05,-6.320139220860182e-06,-0.032223641872406006,0.0028549333170608776,388.96843032293066,388.9661952194998,-0.0022351034308485396,7.04178688255841e-07,2.8681263373896882e-05
muon_sft,Muon + SFT,15,gate_proj,mlp,model.layers.15.mlp.gate_proj.weight,8.500003814697266,8.499675750732422,-0.00032806396484375,-3.8595743248549856e-05,-0.010934650897979736,0.002465663399565216,339.0675433921619,339.0793439825231,0.011800590361190189,-2.220167166153142e-07,2.9570224143413255e-05
muon_sft,Muon + SFT,15,up_proj,mlp,model.layers.15.mlp.up_proj.weight,3.7414653301239014,3.741415500640869,-4.982948303222656e-05,-1.3318173131535184e-05,0.0017564892768859863,0.002718538911505917,756.3553093837107,756.3658522606848,0.010542876974113824,-2.399828715228536e-07,2.385755971484376e-05
muon_sft,Muon + SFT,15,k_proj,attn,model.layers.15.self_attn.k_proj.weight,2.381193161010742,2.381148099899292,-4.506111145019531e-05,-1.89237530948847e-05,-0.0003352835774421692,0.0004126330185709235,82.45236090027703,82.45378043039636,0.001419530119335377,-1.0149484599986103e-06,1.2233393034009062e-05
muon_sft,Muon + SFT,15,o_proj,attn,model.layers.15.self_attn.o_proj.weight,2.9801230430603027,2.980097532272339,-2.5510787963867188e-05,-8.560313649892131e-06,-0.004493171123613138,0.0016782573306995932,309.46083873790724,309.46198011622783,0.0011413783205966865,-1.6826955663573617e-06,2.1655455125715105e-05
muon_sft,Muon + SFT,15,q_proj,attn,model.layers.15.self_attn.q_proj.weight,3.580899953842163,3.581000566482544,0.00010061264038085938,2.809702635587627e-05,-0.0016218459568335675,0.0016807938530674703,256.36013440010373,256.35247874201093,-0.007655658092801332,2.383194739150052e-06,2.6858188132911044e-05
muon_sft,Muon + SFT,15,v_proj,attn,model.layers.15.self_attn.v_proj.weight,1.3750841617584229,1.3750566244125366,-2.753734588623047e-05,-2.0025934886062833e-05,0.0010204315185546875,0.0004561971767751698,160.35833618984657,160.36228968120935,0.003953491362779005,-6.71316318923143e-07,2.0158670034942723e-05
muon_sft,Muon + SFT,16,down_proj,mlp,model.layers.16.mlp.down_proj.weight,5.6885600090026855,5.688641548156738,8.153915405273438e-05,1.4333883078264259e-05,0.016747891902923584,0.002418043583724401,479.29060066095127,479.2866747573711,-0.003925903580181966,3.1095369945610685e-08,2.6956402765412294e-05
muon_sft,Muon + SFT,16,gate_proj,mlp,model.layers.16.mlp.gate_proj.weight,9.195464134216309,9.19542121887207,-4.291534423828125e-05,-4.667012302140717e-06,0.0068811774253845215,0.0027133253531107016,315.4378319542139,315.4400524398321,0.0022204856181815558,-7.990600638316248e-07,2.639397259321965e-05
muon_sft,Muon + SFT,16,up_proj,mlp,model.layers.16.mlp.up_proj.weight,3.921692132949829,3.9216833114624023,-8.821487426757812e-06,-2.2494084511734587e-06,0.008643507957458496,0.0026595947332400394,736.7633424574203,736.7672037729109,0.003861315490553352,-6.025990063884823e-07,2.678342260425373e-05
muon_sft,Muon + SFT,16,k_proj,attn,model.layers.16.self_attn.k_proj.weight,2.4901044368743896,2.490109920501709,5.4836273193359375e-06,2.2021676031464187e-06,0.0007142871618270874,0.00041096677201692323,92.60678664670195,92.60686956113673,8.291443478469773e-05,-1.8416429961864988e-06,1.1393680711146763e-05
muon_sft,Muon + SFT,16,o_proj,attn,model.layers.16.self_attn.o_proj.weight,3.190805435180664,3.1905579566955566,-0.0002474784851074219,-7.755987951468736e-05,-0.012179413643025327,0.0017682628573751533,272.87572864259516,272.8930771625266,0.017348519931431383,-3.554342161010693e-07,5.753666033495249e-05
muon_sft,Muon + SFT,16,q_proj,attn,model.layers.16.self_attn.q_proj.weight,11.11042594909668,11.110346794128418,-7.915496826171875e-05,-7.124386465863116e-06,0.0043770956617663614,0.0017568470918036634,89.44322215337678,89.44425335170793,0.0010311983311481754,1.1004864623187505e-06,4.164525978516475e-05
muon_sft,Muon + SFT,16,v_proj,attn,model.layers.16.self_attn.v_proj.weight,1.1914799213409424,1.1914681196212769,-1.1801719665527344e-05,-9.905093198922886e-06,0.000611424446105957,0.00048123100539363865,172.05898558038544,172.0612030265062,0.0022174461207669083,1.1636067193537825e-06,1.7424985846350258e-05
muon_sft,Muon + SFT,17,down_proj,mlp,model.layers.17.mlp.down_proj.weight,5.263240814208984,5.263266086578369,2.5272369384765625e-05,4.801674534165092e-06,0.008273482322692871,0.0024330525845487256,522.691350195546,522.6904123431797,-0.000937852366291736,5.959854841586232e-08,2.0379018498512603e-05
muon_sft,Muon + SFT,17,gate_proj,mlp,model.layers.17.mlp.gate_proj.weight,8.850125312805176,8.850569725036621,0.0004444122314453125,5.021536031837832e-05,-0.021651655435562134,0.0029171134667068193,326.7646132692581,326.7457591331335,-0.018854136124616616,1.1919915772345968e-06,3.927621636254276e-05
muon_sft,Muon + SFT,17,up_proj,mlp,model.layers.17.mlp.up_proj.weight,4.878442764282227,4.878586292266846,0.00014352798461914062,2.9420860621751733e-05,0.018149495124816895,0.0024502673150088345,591.2904625169439,591.2767869910256,-0.0136755259183019,1.1128343528621354e-06,2.4569569766987708e-05
muon_sft,Muon + SFT,17,k_proj,attn,model.layers.17.self_attn.k_proj.weight,1.8933212757110596,1.8933022022247314,-1.9073486328125e-05,-1.0074088625535422e-05,0.0006827935576438904,0.0004593186917566933,99.86179918972846,99.86316585280852,0.0013666630800628354,-1.2652475107066685e-06,1.6839234816552642e-05
muon_sft,Muon + SFT,17,o_proj,attn,model.layers.17.self_attn.o_proj.weight,2.656911611557007,2.6568689346313477,-4.267692565917969e-05,-1.606260647646088e-05,0.001337930701993173,0.0016975417003905907,339.7938221505987,339.799783786938,0.0059616363392933636,-2.2847524746433256e-07,2.8812901470468702e-05
muon_sft,Muon + SFT,17,q_proj,attn,model.layers.17.self_attn.q_proj.weight,3.6231441497802734,3.623220920562744,7.677078247070312e-05,2.118899477829468e-05,-0.008703002298716456,0.0019021045685214044,249.2671581613942,249.25947454571482,-0.007683615679383138,-1.389674306559452e-06,4.127049574626938e-05
muon_sft,Muon + SFT,17,v_proj,attn,model.layers.17.self_attn.v_proj.weight,1.5452799797058105,1.5452721118927002,-7.867813110351562e-06,-5.091513003261345e-06,0.0004684627056121826,0.0004063038401647517,143.974417615771,143.97545382583635,0.0010362100653651396,-2.412020824599237e-07,1.1918864283006452e-05
muon_sft,Muon + SFT,18,down_proj,mlp,model.layers.18.mlp.down_proj.weight,4.964751720428467,4.964695930480957,-5.5789947509765625e-05,-1.1237207951448346e-05,0.03473484516143799,0.002793013791950031,552.6854617613661,552.6986688417152,0.013207080349047828,8.490751469553137e-07,3.661514097944888e-05
muon_sft,Muon + SFT,18,gate_proj,mlp,model.layers.18.mlp.gate_proj.weight,9.15322494506836,9.153346061706543,0.00012111663818359375,1.3232127355162384e-05,-0.006273180246353149,0.002691413615395867,325.55749206306785,325.5524989590256,-0.004993104042227969,7.049965193781094e-07,4.091868931771535e-05
muon_sft,Muon + SFT,18,up_proj,mlp,model.layers.18.mlp.up_proj.weight,4.089057922363281,4.088774681091309,-0.00028324127197265625,-6.926809973113716e-05,-0.02063119411468506,0.002802029214609416,698.6332644262479,698.6766149637973,0.04335053754937235,-6.402167133205683e-07,2.827852030405499e-05
muon_sft,Muon + SFT,18,k_proj,attn,model.layers.18.self_attn.k_proj.weight,2.235016345977783,2.2349352836608887,-8.106231689453125e-05,-3.6269227757736066e-05,0.00029602646827697754,0.00042108127114683357,99.79688014036297,99.80063228157826,0.003752141215286997,-1.6953779009010184e-06,1.5040901712759876e-05
muon_sft,Muon + SFT,18,o_proj,attn,model.layers.18.self_attn.o_proj.weight,2.6267247200012207,2.6267497539520264,2.5033950805664062e-05,9.530481292935953e-06,0.009622565245081205,0.0018014209411490972,366.5139663768355,366.5141366529117,0.00017027607617592366,1.2305108396601372e-06,6.027911032774083e-05
muon_sft,Muon + SFT,18,q_proj,attn,model.layers.18.self_attn.q_proj.weight,3.6732170581817627,3.6732170581817627,0.0,0.0,0.00020392042642924935,0.0022175977321723323,282.2737368477805,282.2737923632655,5.5515484973511775e-05,3.685243287310236e-06,4.163204030624894e-05
muon_sft,Muon + SFT,18,v_proj,attn,model.layers.18.self_attn.v_proj.weight,1.1093703508377075,1.109385371208191,1.5020370483398438e-05,1.3539545627892667e-05,-0.0006242990493774414,0.0005160226879877153,192.89805377628136,192.89487931646423,-0.003174459817131492,1.483223232984221e-06,2.0402777059829756e-05
muon_sft,Muon + SFT,19,down_proj,mlp,model.layers.19.mlp.down_proj.weight,4.505390167236328,4.505445957183838,5.5789947509765625e-05,1.2382933650336435e-05,0.026363492012023926,0.002558474438060231,613.5122004044457,613.5104548899018,-0.0017455145439271291,9.57449340192873e-08,2.2698013509353523e-05
muon_sft,Muon + SFT,19,gate_proj,mlp,model.layers.19.mlp.gate_proj.weight,9.142460823059082,9.142501831054688,4.100799560546875e-05,4.485443952030785e-06,-0.0028940141201019287,0.0025923829378808076,325.81934503521336,325.81756705226184,-0.0017779829515234269,1.4742377452137134e-07,3.1323225844160395e-05
muon_sft,Muon + SFT,19,up_proj,mlp,model.layers.19.mlp.up_proj.weight,3.9848127365112305,3.9843645095825195,-0.0004482269287109375,-0.00011248381250240824,0.012063741683959961,0.002717540628600869,720.9175386779777,721.0016671243318,0.08412844635404326,-8.33389203806767e-07,3.2113440912382616e-05
muon_sft,Muon + SFT,19,k_proj,attn,model.layers.19.self_attn.k_proj.weight,2.1415019035339355,2.1414999961853027,-1.9073486328125e-06,-8.906593216961271e-07,0.0007138997316360474,0.0004566828784008542,92.63342355665874,92.63383942589385,0.0004158692351126092,1.992274986928333e-07,1.3608352483417231e-05
muon_sft,Muon + SFT,19,o_proj,attn,model.layers.19.self_attn.o_proj.weight,2.723078727722168,2.723097562789917,1.8835067749023438e-05,6.916828205249435e-06,-0.016213887647609226,0.0017899300893777863,370.36489525246844,370.3563793124381,-0.008515940030349611,1.700850954522437e-07,4.539091047681138e-05
muon_sft,Muon + SFT,19,q_proj,attn,model.layers.19.self_attn.q_proj.weight,3.4177815914154053,3.417839527130127,5.793571472167969e-05,1.695126302605158e-05,0.008719789620954543,0.0016461742265039187,277.1342155247668,277.1320690871792,-0.0021464375875552832,3.3785908247069285e-06,3.770942846812783e-05
muon_sft,Muon + SFT,19,v_proj,attn,model.layers.19.self_attn.v_proj.weight,1.4167624711990356,1.4167757034301758,1.3232231140136719e-05,9.339766833983121e-06,0.00019928812980651855,0.00038181167253275536,169.46917430991954,169.46773218527636,-0.0014421246431766122,2.4769197970453405e-07,1.287449535956986e-05
muon_sft,Muon + SFT,2,down_proj,mlp,model.layers.2.mlp.down_proj.weight,4.680747985839844,4.680704593658447,-4.3392181396484375e-05,-9.27035198813395e-06,0.0064404308795928955,0.002571333774313839,563.8036829911453,563.8102856514811,0.006602660335829569,-1.2037870991722655e-06,4.1163376902311755e-05
muon_sft,Muon + SFT,2,gate_proj,mlp,model.layers.2.mlp.gate_proj.weight,8.03636360168457,8.037174224853516,0.0008106231689453125,0.00010086939928593958,0.009938716888427734,0.0029879349622375286,385.1968407140462,385.15922665239447,-0.03761406165170911,1.814326816736156e-06,2.992964521829231e-05
muon_sft,Muon + SFT,2,up_proj,mlp,model.layers.2.mlp.up_proj.weight,3.371889114379883,3.3713738918304443,-0.0005152225494384766,-0.00015279937505691972,0.004704028367996216,0.0027259419121311783,788.5030068721536,788.6249033366202,0.12189646446654478,-3.750835169593486e-07,2.5952887113817695e-05
muon_sft,Muon + SFT,2,k_proj,attn,model.layers.2.self_attn.k_proj.weight,2.434812545776367,2.4347994327545166,-1.3113021850585938e-05,-5.385639183325591e-06,0.0006175488233566284,0.0004280594542432958,123.39647052992927,123.39738873674648,0.0009182068172037816,-5.459304179972202e-07,1.2730542202912442e-05
muon_sft,Muon + SFT,2,o_proj,attn,model.layers.2.self_attn.o_proj.weight,2.9217090606689453,2.9216690063476562,-4.00543212890625e-05,-1.3709209389894485e-05,-0.0034353996961726807,0.0015366714088369093,291.4020537483149,291.40487286018936,0.002819111874430291,-2.3974970063678214e-06,4.012262052678007e-05
muon_sft,Muon + SFT,2,q_proj,attn,model.layers.2.self_attn.q_proj.weight,3.5897128582000732,3.5899064540863037,0.00019359588623046875,5.3930744290099056e-05,-0.011819229912362061,0.002050964992726692,323.5709957077756,323.5502538738205,-0.020741833955071343,5.372316967677815e-07,2.775251503380118e-05
muon_sft,Muon + SFT,2,v_proj,attn,model.layers.2.self_attn.v_proj.weight,0.9195089936256409,0.9195070266723633,-1.9669532775878906e-06,-2.139134354556074e-06,0.0013472139835357666,0.0004532944413474807,163.32481572167814,163.32663024426114,0.0018145225830039635,-8.712826057299949e-07,2.6968104561522818e-05
muon_sft,Muon + SFT,20,down_proj,mlp,model.layers.20.mlp.down_proj.weight,4.750884056091309,4.750954627990723,7.05718994140625e-05,1.4854477310087014e-05,0.02237236499786377,0.0027045594503068526,589.8277133559617,589.8236609289089,-0.004052427052783969,-4.0673174630384556e-07,3.0907486740199673e-05
muon_sft,Muon + SFT,20,gate_proj,mlp,model.layers.20.mlp.gate_proj.weight,9.011964797973633,9.012027740478516,6.29425048828125e-05,6.984326536313736e-06,0.0027366578578948975,0.0025339960902555666,330.80240293241184,330.8003961838171,-0.002006748594737928,1.114815111058487e-08,2.157369592045327e-05
muon_sft,Muon + SFT,20,up_proj,mlp,model.layers.20.mlp.up_proj.weight,4.144670486450195,4.144460201263428,-0.00021028518676757812,-5.073628590138707e-05,0.006540179252624512,0.0026052331438465286,701.5361998726071,701.573373073117,0.037173200509869275,5.593458386049521e-08,2.8576403892837614e-05
muon_sft,Muon + SFT,20,k_proj,attn,model.layers.20.self_attn.k_proj.weight,1.9967265129089355,1.996810793876648,8.428096771240234e-05,4.2209570097618136e-05,0.0010610595345497131,0.00040922236146774825,97.02214780770538,97.0185840945113,-0.003563713194083107,2.6337385330421625e-06,1.4722492477519476e-05
muon_sft,Muon + SFT,20,o_proj,attn,model.layers.20.self_attn.o_proj.weight,3.3813040256500244,3.3813815116882324,7.748603820800781e-05,2.291602222699032e-05,0.011534239300090121,0.0018513058633203533,276.168885469834,276.1659680251513,-0.0029174446826800704,-4.588001275757092e-06,3.1069000681431586e-05
muon_sft,Muon + SFT,20,q_proj,attn,model.layers.20.self_attn.q_proj.weight,3.2788546085357666,3.2788825035095215,2.7894973754882812e-05,8.507536040867586e-06,-0.010391368152340874,0.001991622947203379,279.27648973379974,279.2709446194248,-0.005545114374911009,4.575867752459883e-06,4.5880704974989194e-05
muon_sft,Muon + SFT,20,v_proj,attn,model.layers.20.self_attn.v_proj.weight,1.507444977760315,1.5074334144592285,-1.1563301086425781e-05,-7.670794793191023e-06,0.0006926357746124268,0.0004224229545381589,156.78896592743666,156.7906281128245,0.0016621853878291404,-4.332879549595603e-07,1.280600569538245e-05
muon_sft,Muon + SFT,21,down_proj,mlp,model.layers.21.mlp.down_proj.weight,4.243462085723877,4.243461608886719,-4.76837158203125e-07,-1.1236984060899958e-07,0.02018854022026062,0.002702843373186985,657.5547581042533,657.5595895575932,0.004831453339875225,-3.2645928521937706e-07,2.5004414914020408e-05
muon_sft,Muon + SFT,21,gate_proj,mlp,model.layers.21.mlp.gate_proj.weight,10.714250564575195,10.714028358459473,-0.00022220611572265625,-2.073930550563584e-05,0.007959425449371338,0.0025970668240825334,286.3042982611205,286.31097903413,0.006680773009520635,-1.6380541340704768e-06,2.73219710099202e-05
muon_sft,Muon + SFT,21,up_proj,mlp,model.layers.21.mlp.up_proj.weight,4.429757595062256,4.42965030670166,-0.00010728836059570312,-2.4219916844952165e-05,0.01773393154144287,0.002673312768120074,655.6409106554179,655.6607940692061,0.01988341378819314,-4.9343419659259036e-08,1.752351321766776e-05
muon_sft,Muon + SFT,21,k_proj,attn,model.layers.21.self_attn.k_proj.weight,2.4924468994140625,2.4924263954162598,-2.0503997802734375e-05,-8.226453212525636e-06,0.0013147667050361633,0.00044577969196981884,80.93438666709552,80.93557998024487,0.0011933131493435667,-8.666218766495426e-07,1.6262127500850695e-05
muon_sft,Muon + SFT,21,o_proj,attn,model.layers.21.self_attn.o_proj.weight,3.487109661102295,3.4870686531066895,-4.100799560546875e-05,-1.1759881274426539e-05,-0.024218469101469964,0.0019265387192525575,274.1285379738176,274.12481650787817,-0.0037214659394066985,2.6338652294316534e-06,4.932442280149854e-05
muon_sft,Muon + SFT,21,q_proj,attn,model.layers.21.self_attn.q_proj.weight,3.9735939502716064,3.9740140438079834,0.0004200935363769531,0.00010572130460089877,0.001804447383619845,0.0018013754278016197,253.3714035591795,253.34507369713046,-0.026329862049038866,-1.8469785449531928e-06,4.170326024457679e-05
muon_sft,Muon + SFT,21,v_proj,attn,model.layers.21.self_attn.v_proj.weight,1.259284257888794,1.2592979669570923,1.3709068298339844e-05,1.088639694529595e-05,0.00034177303314208984,0.0004792742494629195,182.47559908789034,182.47388400736594,-0.001715080524405721,5.01046229756108e-07,1.3131955940030245e-05
muon_sft,Muon + SFT,22,down_proj,mlp,model.layers.22.mlp.down_proj.weight,4.425082683563232,4.425013065338135,-6.961822509765625e-05,-1.5732638252444404e-05,0.006420135498046875,0.0025695678948179064,629.3632092496922,629.3745618229673,0.011352573275075883,-4.722900778172945e-07,3.354678906724275e-05
muon_sft,Muon + SFT,22,gate_proj,mlp,model.layers.22.mlp.gate_proj.weight,10.219348907470703,10.219491004943848,0.00014209747314453125,1.3904748182210806e-05,0.01973596215248108,0.002544952080644948,301.1379709311907,301.13571494969676,-0.0022559814939313583,4.5120276620513877e-07,2.0732269130824015e-05
muon_sft,Muon + SFT,22,up_proj,mlp,model.layers.22.mlp.up_proj.weight,4.507721900939941,4.507595539093018,-0.00012636184692382812,-2.8032307604752503e-05,0.013619720935821533,0.0026742769185799063,633.9145995814935,633.9353916733567,0.020792091863199857,-8.347768067976102e-07,2.944179771474311e-05
muon_sft,Muon + SFT,22,k_proj,attn,model.layers.22.self_attn.k_proj.weight,2.323201894760132,2.3232595920562744,5.7697296142578125e-05,2.4835248401230885e-05,0.0020799338817596436,0.0003939827867277688,76.18677721537856,76.18578041021168,-0.0009968051668778344,-4.277742914088334e-06,1.371384330092695e-05
muon_sft,Muon + SFT,22,o_proj,attn,model.layers.22.self_attn.o_proj.weight,3.3842482566833496,3.384233236312866,-1.5020370483398438e-05,-4.4383181563987235e-06,-0.006964935113501269,0.0019106196944589505,314.2143184073667,314.213654942563,-0.0006634648037220359,4.5602756981732995e-07,3.0142396871366707e-05
muon_sft,Muon + SFT,22,q_proj,attn,model.layers.22.self_attn.q_proj.weight,4.277806282043457,4.27732515335083,-0.0004811286926269531,-0.0001124708930010556,-0.013654111317009665,0.0022244648030244137,210.764672607664,210.7851879570753,0.020515349411283523,4.01569156026349e-06,5.08357714950581e-05
muon_sft,Muon + SFT,22,v_proj,attn,model.layers.22.self_attn.v_proj.weight,1.5017176866531372,1.5016835927963257,-3.409385681152344e-05,-2.270323983964527e-05,2.6166439056396484e-05,0.0005085542675243123,141.2982799279307,141.30150535423613,0.0032254263054198873,1.1939629263463258e-06,2.0819230932920154e-05
muon_sft,Muon + SFT,23,down_proj,mlp,model.layers.23.mlp.down_proj.weight,4.294793605804443,4.294764995574951,-2.86102294921875e-05,-6.661607545824921e-06,0.025597691535949707,0.0028742614767739653,657.3871997002832,657.3975391927188,0.01033949243560528,-9.399556545781895e-07,3.1221875309713984e-05
muon_sft,Muon + SFT,23,gate_proj,mlp,model.layers.23.mlp.gate_proj.weight,9.416055679321289,9.415575981140137,-0.00047969818115234375,-5.094470524487388e-05,0.016782790422439575,0.00253662319803198,323.35001900931286,323.36827526965857,0.018256260345708597,-8.540830028908042e-07,2.9080523784560913e-05
muon_sft,Muon + SFT,23,up_proj,mlp,model.layers.23.mlp.up_proj.weight,4.097199440002441,4.097743511199951,0.0005440711975097656,0.0001327909967471443,0.0021639466285705566,0.002589835333843748,707.3854456892388,707.2920518253079,-0.09339386393094173,1.3886743899758913e-06,3.0488747091002676e-05
muon_sft,Muon + SFT,23,k_proj,attn,model.layers.23.self_attn.k_proj.weight,2.063950300216675,2.06391978263855,-3.0517578125e-05,-1.4786004353785189e-05,0.0010097026824951172,0.0004638634039483158,96.3777786569803,96.3796929363556,0.0019142793752990883,-2.1136559087975293e-06,1.6610642721193048e-05
muon_sft,Muon + SFT,23,o_proj,attn,model.layers.23.self_attn.o_proj.weight,3.8522469997406006,3.852266788482666,1.9788742065429688e-05,5.136934902347177e-06,0.011595089046750218,0.0017271010211824026,267.0628885401223,267.0645266017563,0.0016380616340256893,3.5164883107480227e-07,4.5351356678450196e-05
muon_sft,Muon + SFT,23,q_proj,attn,model.layers.23.self_attn.q_proj.weight,3.747816324234009,3.748192071914673,0.0003757476806640625,0.0001002577629630393,0.01648300864326302,0.0019565528490542838,266.52674073350215,266.5044196265746,-0.022321106927563505,-2.7161468706127234e-06,3.098999572053142e-05
muon_sft,Muon + SFT,23,v_proj,attn,model.layers.23.self_attn.v_proj.weight,1.5216680765151978,1.5216691493988037,1.0728836059570312e-06,7.050707197683107e-07,6.0230493545532227e-05,0.0005085648397139907,156.31201185114202,156.3119412220559,-7.062908611032981e-05,5.529431212208946e-07,2.5576848186013975e-05
muon_sft,Muon + SFT,24,down_proj,mlp,model.layers.24.mlp.down_proj.weight,3.7717514038085938,3.7717366218566895,-1.4781951904296875e-05,-3.919121469503672e-06,0.0023498833179473877,0.002695127271166944,765.6929290262273,765.6965529058187,0.0036238795914869115,-2.2049865592427276e-07,2.9361642222281173e-05
muon_sft,Muon + SFT,24,gate_proj,mlp,model.layers.24.mlp.gate_proj.weight,9.900635719299316,9.900908470153809,0.0002727508544921875,2.7548822340823435e-05,0.013410389423370361,0.002906407094975229,303.49873685398614,303.49173051203275,-0.007006341953399442,-1.075544701897857e-06,3.479823321929759e-05
muon_sft,Muon + SFT,24,up_proj,mlp,model.layers.24.mlp.up_proj.weight,5.177526473999023,5.177313327789307,-0.00021314620971679688,-4.116757505484405e-05,0.00038364529609680176,0.0026738730151559596,573.3188903335403,573.3425675549037,0.02367722136341399,6.785397421091299e-07,2.354266538847769e-05
muon_sft,Muon + SFT,24,k_proj,attn,model.layers.24.self_attn.k_proj.weight,2.1446313858032227,2.1445937156677246,-3.7670135498046875e-05,-1.7564853217858876e-05,0.0009565651416778564,0.00042626763032284104,97.9228542753075,97.9250203416802,0.002166066372694786,-4.249105756831684e-06,1.651788714558884e-05
muon_sft,Muon + SFT,24,o_proj,attn,model.layers.24.self_attn.o_proj.weight,2.688019037246704,2.688183069229126,0.000164031982421875,6.102337079795774e-05,0.025073445969610475,0.002135306773730719,385.3555287484479,385.34134177368986,-0.0141869747580472,2.2506283343937117e-07,5.0355532833967894e-05
muon_sft,Muon + SFT,24,q_proj,attn,model.layers.24.self_attn.q_proj.weight,4.313114643096924,4.313162326812744,4.76837158203125e-05,1.1055517825529999e-05,0.004216033235024952,0.0017301044851448979,231.5966517066492,231.595068794815,-0.0015829118341912363,5.210778557251938e-06,4.188080133094278e-05
muon_sft,Muon + SFT,24,v_proj,attn,model.layers.24.self_attn.v_proj.weight,1.4349654912948608,1.434964656829834,-8.344650268554688e-07,-5.815227139033691e-07,0.0002875030040740967,0.0004599207374504098,184.00804773437505,184.0083550947567,0.0003073603816403647,-1.2760630224845082e-06,1.2358025465721169e-05
muon_sft,Muon + SFT,25,down_proj,mlp,model.layers.25.mlp.down_proj.weight,4.062180995941162,4.062267303466797,8.630752563476562e-05,2.124659775647666e-05,0.002406507730484009,0.0028980971806241334,725.6278353643398,725.6130109742215,-0.014824390118292285,-6.761222889686835e-07,3.116517869160268e-05
muon_sft,Muon + SFT,25,gate_proj,mlp,model.layers.25.mlp.gate_proj.weight,8.875574111938477,8.875466346740723,-0.00010776519775390625,-1.2141772058322626e-05,0.03467521071434021,0.0027409652676614977,332.3430939380161,332.351036081809,0.0079421437928886,-2.686646733487952e-07,2.0112837353208842e-05
muon_sft,Muon + SFT,25,up_proj,mlp,model.layers.25.mlp.up_proj.weight,5.963744163513184,5.9636921882629395,-5.1975250244140625e-05,-8.715204545850691e-06,0.029813319444656372,0.00294276960582302,507.9428938021143,507.95231980477934,0.009426002665009037,-9.09475620890221e-08,2.6162097440972928e-05
muon_sft,Muon + SFT,25,k_proj,attn,model.layers.25.self_attn.k_proj.weight,2.277482509613037,2.277585983276367,0.00010347366333007812,4.5433351471778877e-05,0.0011241436004638672,0.0003718434767080135,68.36160142723534,68.3589892396938,-0.002612187541544131,3.131478819584643e-07,1.6183723840798295e-05
muon_sft,Muon + SFT,25,o_proj,attn,model.layers.25.self_attn.o_proj.weight,3.9874706268310547,3.987848997116089,0.0003783702850341797,9.488979868295112e-05,0.005027128296205774,0.0018217831557605943,295.5575516931224,295.53076956901003,-0.026782124112344263,7.927532914148161e-07,4.697392634502074e-05
muon_sft,Muon + SFT,25,q_proj,attn,model.layers.25.self_attn.q_proj.weight,4.10963773727417,4.109619617462158,-1.811981201171875e-05,-4.409102010956619e-06,0.0033985294867306948,0.001735193271281548,213.9117165433209,213.91348667541456,0.0017701320936680531,2.3291554260979064e-06,3.7946246247229956e-05
muon_sft,Muon + SFT,25,v_proj,attn,model.layers.25.self_attn.v_proj.weight,2.1371097564697266,2.1371288299560547,1.9073486328125e-05,8.924897876856044e-06,-4.9442052841186523e-05,0.0005088498069678485,142.66556512509138,142.6642687260536,-0.0012963990377841128,-1.2964514996272047e-07,1.925507901845838e-05
muon_sft,Muon + SFT,26,down_proj,mlp,model.layers.26.mlp.down_proj.weight,4.550954341888428,4.550952911376953,-1.430511474609375e-06,-3.143321965334817e-07,0.006865382194519043,0.0027417280103429207,653.9135157265113,653.915229831916,0.0017141054047442594,-1.2076797323290478e-07,2.2348209402105024e-05
muon_sft,Muon + SFT,26,gate_proj,mlp,model.layers.26.mlp.gate_proj.weight,8.680781364440918,8.680442810058594,-0.00033855438232421875,-3.900045031787564e-05,0.017817914485931396,0.0027054432524056173,336.8409350429373,336.85612515386555,0.015190110928244849,-9.154150327275734e-07,2.066042911200699e-05
muon_sft,Muon + SFT,26,up_proj,mlp,model.layers.26.mlp.up_proj.weight,6.47318696975708,6.473141193389893,-4.57763671875e-05,-7.07168932418738e-06,-0.02023005485534668,0.0026509745256057646,475.5178733540735,475.5181108625526,0.00023750847907422212,2.869904700067427e-07,2.0876250254102463e-05
muon_sft,Muon + SFT,26,k_proj,attn,model.layers.26.self_attn.k_proj.weight,1.758839726448059,1.7588363885879517,-3.337860107421875e-06,-1.8977625176585109e-06,0.001093752682209015,0.000465911990925881,97.89228877327072,97.8930964114666,0.0008076381958801448,-1.7574861403413244e-06,1.667135613916598e-05
muon_sft,Muon + SFT,26,o_proj,attn,model.layers.26.self_attn.o_proj.weight,4.080582141876221,4.080534934997559,-4.7206878662109375e-05,-1.1568662759574792e-05,0.004803697083843872,0.002190767974043002,281.9670412813022,281.9714805230381,0.004439241735894939,4.637874733391667e-06,6.324032007400252e-05
muon_sft,Muon + SFT,26,q_proj,attn,model.layers.26.self_attn.q_proj.weight,3.3151118755340576,3.3151309490203857,1.9073486328125e-05,5.753497029433524e-06,0.00032773568091215566,0.0019324369123226554,262.6555989924213,262.65418667346086,-0.0014123189604333675,-3.5937139393343864e-06,4.696121326236045e-05
muon_sft,Muon + SFT,26,v_proj,attn,model.layers.26.self_attn.v_proj.weight,1.7621698379516602,1.762197494506836,2.765655517578125e-05,1.5694602517955436e-05,0.0004201531410217285,0.0004538799145265333,190.91604179147936,190.91328391279782,-0.0027578786815354306,-4.7011810737351833e-07,1.1862529690197402e-05
muon_sft,Muon + SFT,27,down_proj,mlp,model.layers.27.mlp.down_proj.weight,6.912415027618408,6.91302490234375,0.0006098747253417969,8.822889292744364e-05,-0.004500031471252441,0.002464274234191161,394.66704806060267,394.63157914613004,-0.035468914472630786,1.149567578399846e-06,3.657615617425769e-05
muon_sft,Muon + SFT,27,gate_proj,mlp,model.layers.27.mlp.gate_proj.weight,12.510846138000488,12.510677337646484,-0.00016880035400390625,-1.3492321154137725e-05,0.007366836071014404,0.002809169909678284,247.63224887579236,247.63617889860544,0.003930022813079859,-2.3623599302094456e-06,2.9090856154433076e-05
muon_sft,Muon + SFT,27,up_proj,mlp,model.layers.27.mlp.up_proj.weight,8.75754451751709,8.75650691986084,-0.00103759765625,-0.00011848043183503865,-0.007101863622665405,0.003035919119871454,348.96551565708563,349.00605510286965,0.040539445784020245,-1.4944613087528036e-06,3.8920268100098484e-05
muon_sft,Muon + SFT,27,k_proj,attn,model.layers.27.self_attn.k_proj.weight,2.0158979892730713,2.015873908996582,-2.4080276489257812e-05,-1.194518602498389e-05,0.003635980188846588,0.0005252753423991753,75.68175885235857,75.68446657025841,0.002707717899838258,-7.125073835267948e-06,1.8073946317951783e-05
muon_sft,Muon + SFT,27,o_proj,attn,model.layers.27.self_attn.o_proj.weight,7.647034645080566,7.647037982940674,3.337860107421875e-06,4.3649077875816376e-07,0.00275537338166032,0.0017911691189501752,139.94278558645743,139.94308482178823,0.00029923533080022935,5.644524630477044e-07,4.4929200736084415e-05
muon_sft,Muon + SFT,27,q_proj,attn,model.layers.27.self_attn.q_proj.weight,4.4243669509887695,4.424536228179932,0.00016927719116210938,3.8260206044681455e-05,-0.011055238581320737,0.0018463951624200397,191.42878760979497,191.4189651642743,-0.00982244552065481,6.952407165569663e-06,5.225159325694462e-05
muon_sft,Muon + SFT,27,v_proj,attn,model.layers.27.self_attn.v_proj.weight,2.3116233348846436,2.3116514682769775,2.8133392333984375e-05,1.2170405060990748e-05,0.0002110898494720459,0.0004227826665075546,139.7527955317286,139.7511860199021,-0.0016095118265013753,1.6990609241762655e-07,1.6155857818355283e-05
muon_sft,Muon + SFT,3,down_proj,mlp,model.layers.3.mlp.down_proj.weight,5.527926921844482,5.528001308441162,7.43865966796875e-05,1.3456508693292784e-05,-0.0012578368186950684,0.0024737211181186346,481.57157282994604,481.5648651059224,-0.006707724023613082,1.4734113547645866e-07,2.5388550875346246e-05
muon_sft,Muon + SFT,3,gate_proj,mlp,model.layers.3.mlp.gate_proj.weight,8.721921920776367,8.72215747833252,0.00023555755615234375,2.7007528649302103e-05,0.02109891176223755,0.00288269390280183,357.76069601326236,357.7534530434312,-0.007242969831168011,1.0504776727440768e-06,2.8938445648742802e-05
muon_sft,Muon + SFT,3,up_proj,mlp,model.layers.3.mlp.up_proj.weight,3.6592304706573486,3.65925669670105,2.6226043701171875e-05,7.167092620012152e-06,0.01976868510246277,0.0026729272749588186,735.6483184941939,735.6484484495898,0.0001299553958915567,2.1875749206534678e-07,2.6333974341041673e-05
muon_sft,Muon + SFT,3,k_proj,attn,model.layers.3.self_attn.k_proj.weight,2.1074042320251465,2.107377529144287,-2.6702880859375e-05,-1.2670981890225401e-05,-0.00028207898139953613,0.0004372205567744129,121.34507672675502,121.34648045442337,0.0014037276683467326,-8.38402892514023e-07,1.6832393162766606e-05
muon_sft,Muon + SFT,3,o_proj,attn,model.layers.3.self_attn.o_proj.weight,3.031338691711426,3.031275749206543,-6.29425048828125e-05,-2.0763930158947886e-05,-0.0036802417744183913,0.0016623806411911039,264.4279976128246,264.4322742012411,0.004276588416530558,-3.302914168487603e-06,4.1514175747670624e-05
muon_sft,Muon + SFT,3,q_proj,attn,model.layers.3.self_attn.q_proj.weight,3.683208703994751,3.682873249053955,-0.00033545494079589844,-9.107682125969925e-05,0.0003440419150138041,0.0018340472820953782,272.28742261576076,272.31231736422154,0.024894748460781102,-3.6764579150472265e-06,3.301324760498921e-05
muon_sft,Muon + SFT,3,v_proj,attn,model.layers.3.self_attn.v_proj.weight,1.1654242277145386,1.1654040813446045,-2.014636993408203e-05,-1.7286726545568886e-05,0.00036716461181640625,0.0004190067878907753,151.14529002677602,151.14821793272137,0.0029279059453415357,5.420539355011078e-07,2.4676079459970154e-05
muon_sft,Muon + SFT,4,down_proj,mlp,model.layers.4.mlp.down_proj.weight,5.510651588439941,5.510634899139404,-1.6689300537109375e-05,-3.02855302485819e-06,-0.0019398033618927002,0.0024559748127291753,475.65233208533874,475.65342061714483,0.0010885318060900318,1.527810606152813e-08,2.548346014764371e-05
muon_sft,Muon + SFT,4,gate_proj,mlp,model.layers.4.mlp.gate_proj.weight,10.388897895812988,10.388924598693848,2.6702880859375e-05,2.5703285494929155e-06,0.017119884490966797,0.0027310977812788077,301.91719078993447,301.9180626632097,0.0008718732752299729,-1.3879621099596728e-06,2.547743011291694e-05
muon_sft,Muon + SFT,4,up_proj,mlp,model.layers.4.mlp.up_proj.weight,4.297484874725342,4.297294616699219,-0.00019025802612304688,-4.4271947818130835e-05,-0.0038295984268188477,0.002558484034700253,619.3058581606681,619.3323860862309,0.026527925562845667,2.1495297706716765e-07,2.4649337698985336e-05
muon_sft,Muon + SFT,4,k_proj,attn,model.layers.4.self_attn.k_proj.weight,2.3208131790161133,2.3207881450653076,-2.5033950805664062e-05,-1.0786715204830475e-05,0.0007308870553970337,0.0004276789740136287,100.1052292447933,100.10662399357578,0.0013947487824736982,-1.281111487339004e-06,1.1895553452473784e-05
muon_sft,Muon + SFT,4,o_proj,attn,model.layers.4.self_attn.o_proj.weight,2.75871205329895,2.7586171627044678,-9.489059448242188e-05,-3.4396701304490575e-05,0.006206463207490742,0.0016836062247391303,319.82552916203315,319.83878032942766,0.013251167394514596,-5.172254818261446e-07,3.23002533907021e-05
muon_sft,Muon + SFT,4,q_proj,attn,model.layers.4.self_attn.q_proj.weight,3.810185194015503,3.8097214698791504,-0.00046372413635253906,-0.00012170645591738978,-0.00021301353990565985,0.0020447237260870815,262.15431709663414,262.1861709399417,0.031853843307544594,-6.115219067875932e-06,4.597931900692872e-05
muon_sft,Muon + SFT,4,v_proj,attn,model.layers.4.self_attn.v_proj.weight,1.1220937967300415,1.1220791339874268,-1.4662742614746094e-05,-1.306730565437189e-05,0.000624537467956543,0.00044671079096675743,178.09941324610463,178.10229714548944,0.0028838993848125938,-4.955481620466662e-07,1.5004313281553362e-05
muon_sft,Muon + SFT,5,down_proj,mlp,model.layers.5.mlp.down_proj.weight,5.167912483215332,5.1679277420043945,1.52587890625e-05,2.95260206361049e-06,-0.009520202875137329,0.0024434133791576234,496.48923310013623,496.48592499905425,-0.003308101081984205,1.0826279421907725e-06,2.7136017692579317e-05
muon_sft,Muon + SFT,5,gate_proj,mlp,model.layers.5.mlp.gate_proj.weight,11.790799140930176,11.79050064086914,-0.00029850006103515625,-2.5316355360422803e-05,0.006571471691131592,0.002932395757232689,274.15119608354365,274.1586941214258,0.00749803788215786,-4.532667710333005e-07,2.721722649824303e-05
muon_sft,Muon + SFT,5,up_proj,mlp,model.layers.5.mlp.up_proj.weight,3.53743052482605,3.5376110076904297,0.0001804828643798828,5.102089302199311e-05,0.0038029253482818604,0.002707656344087073,742.2769279107133,742.2401332092944,-0.03679470141889851,1.2596616522884962e-06,3.0506335797407078e-05
muon_sft,Muon + SFT,5,k_proj,attn,model.layers.5.self_attn.k_proj.weight,2.0194573402404785,2.01948881149292,3.147125244140625e-05,1.55840144846331e-05,-0.0006559193134307861,0.0004316202553320521,122.56044211686759,122.55820736820202,-0.0022347486655718285,1.4279451996529469e-06,9.947755856797504e-06
muon_sft,Muon + SFT,5,o_proj,attn,model.layers.5.self_attn.o_proj.weight,2.7589478492736816,2.7589147090911865,-3.314018249511719e-05,-1.201189159985088e-05,-0.0009784200374269858,0.0017456978803993138,308.5817001956827,308.58505225067415,0.0033520549914669573,8.234733852655052e-07,4.760693185846897e-05
muon_sft,Muon + SFT,5,q_proj,attn,model.layers.5.self_attn.q_proj.weight,3.295807361602783,3.2957990169525146,-8.344650268554688e-06,-2.531898667917473e-06,-0.0028086999082006514,0.0019669986146968995,316.84213526868774,316.84208527683506,-4.999185267706707e-05,-2.5656091991177465e-07,3.442604548260583e-05
muon_sft,Muon + SFT,5,v_proj,attn,model.layers.5.self_attn.v_proj.weight,1.0597984790802002,1.0598355531692505,3.707408905029297e-05,3.498220631762898e-05,0.00029471516609191895,0.0004484620804698751,172.51307437464527,172.5073177741072,-0.005756600538063594,2.1611564450796372e-06,2.047802995342715e-05
muon_sft,Muon + SFT,6,down_proj,mlp,model.layers.6.mlp.down_proj.weight,4.49146842956543,4.4914751052856445,6.67572021484375e-06,1.4863112853917259e-06,-0.009758919477462769,0.002563276064780971,580.2708264525083,580.267791225808,-0.00303522670037637,-2.507613983127044e-08,2.9565814398559057e-05
muon_sft,Muon + SFT,6,gate_proj,mlp,model.layers.6.mlp.gate_proj.weight,10.819626808166504,10.818696975708008,-0.0009298324584960938,-8.593942055323657e-05,0.020900309085845947,0.0030772192018001876,296.6741632486282,296.7015933149604,0.02743006633221512,-1.779000176227452e-06,3.7834575261774025e-05
muon_sft,Muon + SFT,6,up_proj,mlp,model.layers.6.mlp.up_proj.weight,3.153623342514038,3.1531550884246826,-0.00046825408935546875,-0.00014848129865191229,0.02751895785331726,0.0026829027591688155,846.5328799701828,846.6673203731397,0.13444040295689774,-7.233036096593315e-07,1.9841326047401916e-05
muon_sft,Muon + SFT,6,k_proj,attn,model.layers.6.self_attn.k_proj.weight,2.0946483612060547,2.0945956707000732,-5.269050598144531e-05,-2.5154821667111334e-05,-4.3258070945739746e-05,0.00043825769265537484,113.2985953166275,113.30142474205131,0.0028294254238119265,-9.727214454746669e-07,1.4401771487647878e-05
muon_sft,Muon + SFT,6,o_proj,attn,model.layers.6.self_attn.o_proj.weight,2.759568452835083,2.7596006393432617,3.218650817871094e-05,1.166360201923734e-05,-0.00404267841076944,0.001612542796400112,337.8342257665822,337.8288204980558,-0.005405268526430973,-1.7596623782673015e-06,3.711588135498419e-05
muon_sft,Muon + SFT,6,q_proj,attn,model.layers.6.self_attn.q_proj.weight,3.420119524002075,3.419978618621826,-0.00014090538024902344,-4.119896373801056e-05,-0.017285563983023167,0.002054520402674798,302.20384165956153,302.21123836757045,0.007396708008911901,2.1099737833318866e-06,3.420561617707356e-05
muon_sft,Muon + SFT,6,v_proj,attn,model.layers.6.self_attn.v_proj.weight,1.065470576286316,1.0654613971710205,-9.179115295410156e-06,-8.615080978964097e-06,4.413723945617676e-05,0.0004073565918126547,196.5013699657019,196.5031042809713,0.0017343152694024866,-2.5832905167083586e-07,1.7003871351968037e-05
muon_sft,Muon + SFT,7,down_proj,mlp,model.layers.7.mlp.down_proj.weight,5.096033573150635,5.095930576324463,-0.000102996826171875,-2.021117496449243e-05,-0.011701583862304688,0.0026136168320219843,534.0644447466244,534.07294277427,0.008498027645600814,4.873762497817347e-07,3.163957173508413e-05
muon_sft,Muon + SFT,7,gate_proj,mlp,model.layers.7.mlp.gate_proj.weight,9.3909330368042,9.391043663024902,0.000110626220703125,1.1780109630168535e-05,0.02807152271270752,0.003305858391046282,324.5294487634795,324.5286149963294,-0.000833767150083986,-8.745755929184806e-08,4.797332926589901e-05
muon_sft,Muon + SFT,7,up_proj,mlp,model.layers.7.mlp.up_proj.weight,3.5953619480133057,3.5952131748199463,-0.000148773193359375,-4.137919784170348e-05,-0.025538742542266846,0.002605089556962922,780.7318842584712,780.7570881138839,0.02520385541276937,1.0049443316742512e-07,2.4096026178523397e-05
muon_sft,Muon + SFT,7,k_proj,attn,model.layers.7.self_attn.k_proj.weight,2.203357696533203,2.2033181190490723,-3.9577484130859375e-05,-1.7962350912487428e-05,-8.971989154815674e-05,0.0003884140812821624,120.07995167843562,120.08206791505624,0.002116236620622658,1.3503890275018415e-06,1.1536472313483613e-05
muon_sft,Muon + SFT,7,o_proj,attn,model.layers.7.self_attn.o_proj.weight,2.9766156673431396,2.9765613079071045,-5.435943603515625e-05,-1.8262161498221323e-05,0.012884875381132588,0.0016957187541530804,292.2674153865957,292.2770816975756,0.009666310979923765,3.199414135818257e-06,4.359015310502217e-05
muon_sft,Muon + SFT,7,q_proj,attn,model.layers.7.self_attn.q_proj.weight,3.1035969257354736,3.103660821914673,6.389617919921875e-05,2.058778273344145e-05,0.009764452028321102,0.0019357239953440744,347.54082498820435,347.53681614847665,-0.004008839727703162,-4.96012250768979e-06,4.858007074763075e-05
muon_sft,Muon + SFT,7,v_proj,attn,model.layers.7.self_attn.v_proj.weight,1.1031601428985596,1.1031877994537354,2.765655517578125e-05,2.5070299497145985e-05,-0.00018928945064544678,0.0004462290756504855,159.1141979832889,159.11003745862695,-0.004160524661955378,-7.056563356977463e-07,2.474733306704656e-05
muon_sft,Muon + SFT,8,down_proj,mlp,model.layers.8.mlp.down_proj.weight,5.186113357543945,5.186120986938477,7.62939453125e-06,1.4711198936968765e-06,0.007503688335418701,0.0027152139577064967,518.8393776592791,518.8400612642381,0.0006836049590219773,-1.2607560627569958e-06,3.097143377729516e-05
muon_sft,Muon + SFT,8,gate_proj,mlp,model.layers.8.mlp.gate_proj.weight,10.198502540588379,10.199164390563965,0.0006618499755859375,6.489677998822694e-05,-0.005534112453460693,0.002776691009509703,303.2505421487754,303.230320837649,-0.020221311126420005,2.888157363364896e-06,2.1502151182341235e-05
muon_sft,Muon + SFT,8,up_proj,mlp,model.layers.8.mlp.up_proj.weight,5.419294834136963,5.41915225982666,-0.00014257431030273438,-2.6308646173785767e-05,-0.0024890005588531494,0.002592087198546326,511.4181792250124,511.4311750018874,0.012995776875015963,-4.783502212668544e-07,2.390143587911627e-05
muon_sft,Muon + SFT,8,k_proj,attn,model.layers.8.self_attn.k_proj.weight,2.1979312896728516,2.197941303253174,1.0013580322265625e-05,4.555911446966154e-06,-0.0005997046828269958,0.0004099017581037186,113.45903650188116,113.45824674655168,-0.0007897553294782256,1.4346741667309315e-06,1.1637756998870806e-05
muon_sft,Muon + SFT,8,o_proj,attn,model.layers.8.self_attn.o_proj.weight,2.3660013675689697,2.3662097454071045,0.00020837783813476562,8.807173190642348e-05,0.007998706627404317,0.0017171051560698602,396.15823222643957,396.12672534523097,-0.03150688120859968,2.3663961837283587e-07,4.4899043401410014e-05
muon_sft,Muon + SFT,8,q_proj,attn,model.layers.8.self_attn.q_proj.weight,3.453125,3.452852725982666,-0.0002722740173339844,-7.884858420531675e-05,0.0029089171293890104,0.002083717910205052,304.6651221405234,304.68998891611164,0.024866775588236578,-8.803305306670506e-06,4.845832516089587e-05
muon_sft,Muon + SFT,8,v_proj,attn,model.layers.8.self_attn.v_proj.weight,1.038536548614502,1.0385122299194336,-2.4318695068359375e-05,-2.3416311251445727e-05,-0.0002684593200683594,0.00045233960403945323,198.00023169521697,198.00460973507725,0.004378039860284844,-1.989291505834212e-06,2.300918842106104e-05
muon_sft,Muon + SFT,9,down_proj,mlp,model.layers.9.mlp.down_proj.weight,6.2776713371276855,6.277586936950684,-8.440017700195312e-05,-1.3444503936163368e-05,-0.004689276218414307,0.0024208815227060687,430.2475232014539,430.25256075668204,0.005037555228170731,-9.467436869817214e-07,3.7253505200079874e-05
muon_sft,Muon + SFT,9,gate_proj,mlp,model.layers.9.mlp.gate_proj.weight,9.140878677368164,9.1407470703125,-0.0001316070556640625,-1.4397637285123088e-05,0.02775031328201294,0.0028804054743540855,326.16656896530856,326.17430095204185,0.007731986733290341,-6.99128491835066e-07,4.05759487596418e-05
muon_sft,Muon + SFT,9,up_proj,mlp,model.layers.9.mlp.up_proj.weight,3.4340531826019287,3.4340875148773193,3.4332275390625e-05,9.997595717085537e-06,0.008713960647583008,0.0026267135080903967,814.9016388107499,814.8960293244602,-0.0056094862896998166,-1.2259834945502202e-06,2.9162229890038016e-05
muon_sft,Muon + SFT,9,k_proj,attn,model.layers.9.self_attn.k_proj.weight,2.77843976020813,2.7784054279327393,-3.4332275390625e-05,-1.2356674376144547e-05,-0.00017827004194259644,0.0004295602646202956,89.31932335398156,89.32036289469657,0.0010395407150127767,-2.3559601436407007e-08,1.300311677042448e-05
muon_sft,Muon + SFT,9,o_proj,attn,model.layers.9.self_attn.o_proj.weight,2.7356081008911133,2.7356083393096924,2.384185791015625e-07,8.71537772621373e-08,-0.00256237084249733,0.0015048288944608042,282.0323040561795,282.03134280286486,-0.000961253314642363,1.0251526376681142e-06,3.570806716634551e-05
muon_sft,Muon + SFT,9,q_proj,attn,model.layers.9.self_attn.q_proj.weight,3.744722604751587,3.7451205253601074,0.0003979206085205078,0.00010626170494327032,0.0004740903386846185,0.0019306295154116503,248.5353386192816,248.50905822531908,-0.026280393962508697,3.3962321230318615e-06,3.768164785582791e-05
muon_sft,Muon + SFT,9,v_proj,attn,model.layers.9.self_attn.v_proj.weight,1.0861839056015015,1.086180329322815,-3.5762786865234375e-06,-3.292516735039435e-06,0.00025776028633117676,0.0003976950305953556,158.30609696725185,158.30685550336656,0.0007585361147164349,1.3493678492626504e-07,1.941552848586294e-05
adamw_grpo,AdamW + GRPO,-1,embed,embed,model.embed_tokens.weight,103.61547088623047,103.61947631835938,0.00400543212890625,3.865669957051302e-05,0.05455601215362549,0.009254744787068399,88.15806397828281,88.15518271367567,-0.0028812646071401105,8.607452128633897e-06,2.6847570063134805e-05
adamw_grpo,AdamW + GRPO,0,down_proj,mlp,model.layers.0.mlp.down_proj.weight,5.5577826499938965,5.557967185974121,0.00018453598022460938,3.320316605486759e-05,-0.028604567050933838,0.0028554467327666882,478.7068812810931,478.6858406367864,-0.0210406443067086,1.1878406588859691e-06,3.496058962625846e-05
adamw_grpo,AdamW + GRPO,0,gate_proj,mlp,model.layers.0.mlp.gate_proj.weight,9.040079116821289,9.039782524108887,-0.00029659271240234375,-3.2808641226431316e-05,0.008607655763626099,0.002471161622321915,315.55635843302076,315.56766394526676,0.011305512245996852,3.988447462577316e-08,3.197490287739304e-05
adamw_grpo,AdamW + GRPO,0,up_proj,mlp,model.layers.0.mlp.up_proj.weight,4.161773681640625,4.161808967590332,3.528594970703125e-05,8.478584470533023e-06,0.029076695442199707,0.002391899271208564,580.4685034049537,580.4705684476049,0.0020650426512247577,-4.7421906571379346e-07,2.4601004600946262e-05
adamw_grpo,AdamW + GRPO,0,k_proj,attn,model.layers.0.self_attn.k_proj.weight,3.344952344894409,3.344703197479248,-0.0002491474151611328,-7.448459334298758e-05,-0.0009950250387191772,0.0006335565957907751,115.36894382788941,115.37724018408831,0.00829635619889757,-2.17202469406097e-06,1.4536827008883453e-05
adamw_grpo,AdamW + GRPO,0,o_proj,attn,model.layers.0.self_attn.o_proj.weight,2.1647655963897705,2.164703845977783,-6.175041198730469e-05,-2.8525218661220077e-05,0.008538249880075455,0.001582666924340358,385.913530430593,385.9284833163819,0.01495288578888676,6.052288085284241e-08,5.700976189422804e-05
adamw_grpo,AdamW + GRPO,0,q_proj,attn,model.layers.0.self_attn.q_proj.weight,25.96732521057129,25.969017028808594,0.0016918182373046875,6.515180996061731e-05,-0.007358098475378938,0.0029341144430582063,49.337537528160254,49.33403996627147,-0.003497561888785583,2.8133213050174355e-05,5.29599444047768e-05
adamw_grpo,AdamW + GRPO,0,v_proj,attn,model.layers.0.self_attn.v_proj.weight,0.940507709980011,0.9404391646385193,-6.854534149169922e-05,-7.28812116735928e-05,0.0009679421782493591,0.0005120741810584417,146.27809844806748,146.28978939502346,0.011690946955980053,-2.1244459129377002e-07,3.720696920154428e-05
adamw_grpo,AdamW + GRPO,1,down_proj,mlp,model.layers.1.mlp.down_proj.weight,6.005411148071289,6.005395889282227,-1.52587890625e-05,-2.5408400334755676e-06,-0.02710813283920288,0.002701295695883948,447.0539693280907,447.0505912609332,-0.003378067157541409,2.1267337349875626e-07,3.0424390490216997e-05
adamw_grpo,AdamW + GRPO,1,gate_proj,mlp,model.layers.1.mlp.gate_proj.weight,8.50372314453125,8.504735946655273,0.0010128021240234375,0.00011910102278844428,0.008736729621887207,0.002968088996810512,362.4731788870447,362.43104037997,-0.04213850707469646,1.6927025937932272e-06,2.5013930531410575e-05
adamw_grpo,AdamW + GRPO,1,up_proj,mlp,model.layers.1.mlp.up_proj.weight,9.037690162658691,9.037752151489258,6.198883056640625e-05,6.8589240669620926e-06,0.020959824323654175,0.002389066180231437,293.22834142873234,293.22864935290454,0.00030792417220482093,-1.2928304286147219e-06,3.3809859115488955e-05
adamw_grpo,AdamW + GRPO,1,k_proj,attn,model.layers.1.self_attn.k_proj.weight,3.4632623195648193,3.4631459712982178,-0.0001163482666015625,-3.359499104190941e-05,-0.0008451640605926514,0.0006711128874740151,100.72261482447821,100.72575466832885,0.0031398438506329285,2.350002188539202e-06,2.124154519555226e-05
adamw_grpo,AdamW + GRPO,1,o_proj,attn,model.layers.1.self_attn.o_proj.weight,2.8765265941619873,2.8766214847564697,9.489059448242188e-05,3.2987907942518486e-05,0.008470810415019514,0.0017502174862590416,262.44833177154385,262.4426191437634,-0.005712627780440016,-1.2061567593313338e-06,5.134502923633594e-05
adamw_grpo,AdamW + GRPO,1,q_proj,attn,model.layers.1.self_attn.q_proj.weight,6.238831996917725,6.238824367523193,-7.62939453125e-06,-1.2228882802132319e-06,0.025584511969100276,0.0026469839570089537,196.74674783016465,196.75108928440915,0.00434145424449639,9.689637293780473e-07,5.434702505863185e-05
adamw_grpo,AdamW + GRPO,1,v_proj,attn,model.layers.1.self_attn.v_proj.weight,0.8123999834060669,0.8123745918273926,-2.5391578674316406e-05,-3.125502116317102e-05,0.0012515634298324585,0.0005362940841929107,163.67597422487916,163.6826307043664,0.00665647948724768,-2.4940439573989392e-06,4.714247231358351e-05
adamw_grpo,AdamW + GRPO,10,down_proj,mlp,model.layers.10.mlp.down_proj.weight,7.043017387390137,7.042917251586914,-0.00010013580322265625,-1.42177418732403e-05,-0.004343509674072266,0.0027522724429786486,382.7604938021478,382.7653191491739,0.004825347026098825,-8.955238049238035e-07,3.3583371726937026e-05
adamw_grpo,AdamW + GRPO,10,gate_proj,mlp,model.layers.10.mlp.gate_proj.weight,8.740035057067871,8.739782333374023,-0.00025272369384765625,-2.8915638461116268e-05,0.007199406623840332,0.002639147151963129,336.8723229301777,336.8828878413972,0.010564911219489659,-4.704646842101923e-07,3.0470519899327428e-05
adamw_grpo,AdamW + GRPO,10,up_proj,mlp,model.layers.10.mlp.up_proj.weight,3.592778205871582,3.5928144454956055,3.62396240234375e-05,1.0086796887214481e-05,0.02076658606529236,0.00268075648770344,780.5921487873546,780.5900552253195,-0.0020935620351565376,-1.3590343812402983e-06,3.0290049421037246e-05
adamw_grpo,AdamW + GRPO,10,k_proj,attn,model.layers.10.self_attn.k_proj.weight,2.1872925758361816,2.187253713607788,-3.886222839355469e-05,-1.776727485974208e-05,0.0004786178469657898,0.0005113621819496333,104.69434480857669,104.69642379619397,0.0020789876172813138,-1.259179406298827e-07,1.7294978714188555e-05
adamw_grpo,AdamW + GRPO,10,o_proj,attn,model.layers.10.self_attn.o_proj.weight,2.311302423477173,2.311216354370117,-8.606910705566406e-05,-3.7238357984404244e-05,0.002053029958915431,0.0019872754610190057,392.8175696155415,392.8330863313798,0.015516715838259643,5.3731982752047713e-08,4.422367238778396e-05
adamw_grpo,AdamW + GRPO,10,q_proj,attn,model.layers.10.self_attn.q_proj.weight,3.4616098403930664,3.461979389190674,0.0003695487976074219,0.00010675634015572926,0.0019325483299326152,0.001932343862570162,289.12609986952,289.09579534068274,-0.030304528837234557,3.348691206883636e-06,3.406698351015348e-05
adamw_grpo,AdamW + GRPO,10,v_proj,attn,model.layers.10.self_attn.v_proj.weight,1.0966647863388062,1.0966788530349731,1.4066696166992188e-05,1.2826796612986522e-05,0.0006440281867980957,0.0005411624608428284,180.94655223316158,180.94481855152756,-0.0017336816340218775,1.7286875834271465e-06,3.121789532767819e-05
adamw_grpo,AdamW + GRPO,11,down_proj,mlp,model.layers.11.mlp.down_proj.weight,7.730634689331055,7.730443954467773,-0.00019073486328125,-2.4672600756116522e-05,0.0045272111892700195,0.002573297142493303,344.5392709776938,344.54835750135885,0.009086523665075674,-6.965617472889929e-07,3.31412358881349e-05
adamw_grpo,AdamW + GRPO,11,gate_proj,mlp,model.layers.11.mlp.gate_proj.weight,8.870319366455078,8.870257377624512,-6.198883056640625e-05,-6.988342584465409e-06,0.03821045160293579,0.002907855166834883,331.4264975601546,331.4331214031959,0.006623843041325017,8.967913103785641e-07,3.822437114570436e-05
adamw_grpo,AdamW + GRPO,11,up_proj,mlp,model.layers.11.mlp.up_proj.weight,3.565291404724121,3.56512451171875,-0.00016689300537109375,-4.6810480946930557e-05,-0.0036914944648742676,0.0025597182498800154,784.0649510970906,784.100619826531,0.03566872944043098,-1.730161943956643e-07,4.088698680520135e-05
adamw_grpo,AdamW + GRPO,11,k_proj,attn,model.layers.11.self_attn.k_proj.weight,2.42330265045166,2.4231925010681152,-0.00011014938354492188,-4.545424135297009e-05,-0.0016596615314483643,0.0005635239556254938,101.4692038752348,101.47313138356111,0.0039275083263135,1.5171752267145733e-06,2.4000666119922615e-05
adamw_grpo,AdamW + GRPO,11,o_proj,attn,model.layers.11.self_attn.o_proj.weight,2.714001417160034,2.714064359664917,6.29425048828125e-05,2.3191773034767365e-05,-0.00262308737001149,0.0018093247831375639,323.351181824855,323.3427164321207,-0.008465392734308352,2.6437631647571735e-06,3.8675275425357866e-05
adamw_grpo,AdamW + GRPO,11,q_proj,attn,model.layers.11.self_attn.q_proj.weight,3.473287582397461,3.4731202125549316,-0.00016736984252929688,-4.818772950950657e-05,0.006037696351995692,0.00215232071405864,288.82459935003567,288.84025622936485,0.015656879329185358,-3.2848845871180643e-06,3.507514325100676e-05
adamw_grpo,AdamW + GRPO,11,v_proj,attn,model.layers.11.self_attn.v_proj.weight,1.076063871383667,1.0760148763656616,-4.8995018005371094e-05,-4.553170058796824e-05,0.0004131197929382324,0.0005090723353655007,177.0336174614847,177.04206240520028,0.008444943715574027,-1.506773844861531e-07,2.8238386262290588e-05
adamw_grpo,AdamW + GRPO,12,down_proj,mlp,model.layers.12.mlp.down_proj.weight,7.163233757019043,7.1632537841796875,2.002716064453125e-05,2.795826762585714e-06,0.010327816009521484,0.0027609030289411345,361.39756634929597,361.3979977243365,0.0004313750405344763,-1.4780183924673063e-07,3.9779752858266986e-05
adamw_grpo,AdamW + GRPO,12,gate_proj,mlp,model.layers.12.mlp.gate_proj.weight,10.201515197753906,10.201526641845703,1.1444091796875e-05,1.1218031414975174e-06,0.0032886862754821777,0.0029203035755111925,295.6159277851848,295.61591853465376,-9.250531036286702e-06,1.1687137232846423e-06,2.8233493428133363e-05
adamw_grpo,AdamW + GRPO,12,up_proj,mlp,model.layers.12.mlp.up_proj.weight,3.471902370452881,3.471649408340454,-0.0002529621124267578,-7.285980002766063e-05,0.0040107667446136475,0.002637177696334615,782.1945557351376,782.2527057180843,0.05814998294670204,1.6027682115532516e-08,3.5803819618497295e-05
adamw_grpo,AdamW + GRPO,12,k_proj,attn,model.layers.12.self_attn.k_proj.weight,2.567537546157837,2.5675148963928223,-2.2649765014648438e-05,-8.82159057363832e-06,-3.318488597869873e-05,0.0005300007448274972,86.51005331966668,86.51080355776493,0.0007502380982487011,3.6628971494812035e-07,1.995391149413612e-05
adamw_grpo,AdamW + GRPO,12,o_proj,attn,model.layers.12.self_attn.o_proj.weight,2.645681142807007,2.6458122730255127,0.00013113021850585938,4.956387842214925e-05,0.0023681158454564866,0.0017456926740654938,340.48173483695837,340.4657551210609,-0.01597971589745839,4.507747354692837e-07,3.573818623646822e-05
adamw_grpo,AdamW + GRPO,12,q_proj,attn,model.layers.12.self_attn.q_proj.weight,3.3572638034820557,3.3574624061584473,0.00019860267639160156,5.9156112839752625e-05,0.007821764622349292,0.0020683740327367677,284.3650427990749,284.3505515291621,-0.014491269912809912,-2.2235761387018327e-06,4.082945364804688e-05
adamw_grpo,AdamW + GRPO,12,v_proj,attn,model.layers.12.self_attn.v_proj.weight,1.1192669868469238,1.119300365447998,3.337860107421875e-05,2.9821840067175824e-05,0.00064849853515625,0.0005067241804763802,180.18077240589398,180.17597862242545,-0.004793783468528545,7.552787968517771e-07,3.472618715522658e-05
adamw_grpo,AdamW + GRPO,13,down_proj,mlp,model.layers.13.mlp.down_proj.weight,7.355894565582275,7.355968475341797,7.390975952148438e-05,1.004769152990624e-05,-0.006736308336257935,0.002783500907562235,360.20627230263403,360.201737336584,-0.004534966050016465,6.658587301047736e-07,3.379206275566084e-05
adamw_grpo,AdamW + GRPO,13,gate_proj,mlp,model.layers.13.mlp.gate_proj.weight,8.297859191894531,8.297898292541504,3.910064697265625e-05,4.712136717245133e-06,0.020456969738006592,0.0028620712903971402,351.6710211766297,351.6718293819188,0.0008082052891040803,2.101230836742962e-06,4.2531102734897686e-05
adamw_grpo,AdamW + GRPO,13,up_proj,mlp,model.layers.13.mlp.up_proj.weight,3.731966018676758,3.731619119644165,-0.00034689903259277344,-9.295342745799527e-05,0.022719740867614746,0.0027646394044296024,749.254489938031,749.3302306257945,0.07574068776341392,-8.256084072198744e-07,3.067966441259245e-05
adamw_grpo,AdamW + GRPO,13,k_proj,attn,model.layers.13.self_attn.k_proj.weight,2.5551741123199463,2.5550930500030518,-8.106231689453125e-05,-3.172477229777954e-05,0.0005106925964355469,0.0005451719745620514,97.90540656718649,97.90871256486406,0.0033059976775717814,-3.357730112285573e-07,1.7752879048159708e-05
adamw_grpo,AdamW + GRPO,13,o_proj,attn,model.layers.13.self_attn.o_proj.weight,2.726930618286133,2.7270147800445557,8.416175842285156e-05,3.0863182898194513e-05,0.007142077200114727,0.0017630209014761731,315.4737343774629,315.46661716373774,-0.0071172137251664935,3.5182696197996743e-06,3.9972452753294805e-05
adamw_grpo,AdamW + GRPO,13,q_proj,attn,model.layers.13.self_attn.q_proj.weight,3.571514129638672,3.5717976093292236,0.0002834796905517578,7.937241188527435e-05,0.0010385235327703413,0.0021693669578457314,286.26946186304514,286.2470325253018,-0.022429337743346878,6.7170946509292895e-06,4.203544057394369e-05
adamw_grpo,AdamW + GRPO,13,v_proj,attn,model.layers.13.self_attn.v_proj.weight,1.1234354972839355,1.1234434843063354,7.987022399902344e-06,7.109462376088437e-06,-0.0004788637161254883,0.0005268345931749629,163.77107703579986,163.76948647338898,-0.0015905624108825123,9.186572832858841e-07,2.6842656464268387e-05
adamw_grpo,AdamW + GRPO,14,down_proj,mlp,model.layers.14.mlp.down_proj.weight,6.946869373321533,6.9470109939575195,0.00014162063598632812,2.0386252911304493e-05,-0.004600703716278076,0.002719118521186168,381.1877260034069,381.1792929158598,-0.008433087547132345,6.493519622355337e-07,3.6121279281045564e-05
adamw_grpo,AdamW + GRPO,14,gate_proj,mlp,model.layers.14.mlp.gate_proj.weight,8.213993072509766,8.213977813720703,-1.52587890625e-05,-1.8576578927936342e-06,0.010848760604858398,0.0027854593903458677,340.80362808713716,340.80558195305224,0.001953865915083952,2.3107899209048877e-06,4.327440204687814e-05
adamw_grpo,AdamW + GRPO,14,up_proj,mlp,model.layers.14.mlp.up_proj.weight,3.640230417251587,3.640394449234009,0.000164031982421875,4.506087901592804e-05,-0.006847262382507324,0.0026605859828140654,767.946517141178,767.9100334430966,-0.03648369808138341,-4.876997280744977e-07,3.403170175716716e-05
adamw_grpo,AdamW + GRPO,14,k_proj,attn,model.layers.14.self_attn.k_proj.weight,2.0714662075042725,2.071474552154541,8.344650268554688e-06,4.0283786616091715e-06,-0.0001597180962562561,0.000541978475034612,103.14787126372195,103.1473786431359,-0.0004926205860584787,-6.725915067978816e-06,2.0384877384301202e-05
adamw_grpo,AdamW + GRPO,14,o_proj,attn,model.layers.14.self_attn.o_proj.weight,2.605828285217285,2.6058239936828613,-4.291534423828125e-06,-1.6468983962503418e-06,0.011135677428683266,0.0016311906191540243,302.43177964049823,302.43655109622665,0.00477145572841664,-4.6159004807311277e-07,3.7761134185934465e-05
adamw_grpo,AdamW + GRPO,14,q_proj,attn,model.layers.14.self_attn.q_proj.weight,3.6657183170318604,3.6660187244415283,0.00030040740966796875,8.195048928669708e-05,0.004584886570228264,0.002096583722227988,242.9131846378718,242.89453005939268,-0.018654578479129214,-2.8502658217105514e-06,5.2517626240511554e-05
adamw_grpo,AdamW + GRPO,14,v_proj,attn,model.layers.14.self_attn.v_proj.weight,1.061585783958435,1.0616475343704224,6.175041198730469e-05,5.8168084878689786e-05,0.0004811286926269531,0.0005811452521727625,154.4324269611544,154.42389763573962,-0.008529325414770028,4.408453236709464e-06,3.9699456149916003e-05
adamw_grpo,AdamW + GRPO,15,down_proj,mlp,model.layers.15.mlp.down_proj.weight,6.8657002449035645,6.865830421447754,0.00013017654418945312,1.8960417662580548e-05,-0.017997920513153076,0.002627246909738138,388.96843032293066,388.9584340832395,-0.009996239691133724,6.583472842019988e-07,3.1454986745493116e-05
adamw_grpo,AdamW + GRPO,15,gate_proj,mlp,model.layers.15.mlp.gate_proj.weight,8.500003814697266,8.499993324279785,-1.049041748046875e-05,-1.2341662085292105e-06,-0.0034790635108947754,0.0027492979559342935,339.0675433921619,339.06755255647187,9.164309972220508e-06,4.783435248317813e-07,3.1685447580306936e-05
adamw_grpo,AdamW + GRPO,15,up_proj,mlp,model.layers.15.mlp.up_proj.weight,3.7414653301239014,3.741645574569702,0.00018024444580078125,4.817482721263445e-05,0.017532050609588623,0.0026721091911127625,756.3553093837107,756.3235595050568,-0.03174987865395451,-1.1751689976656488e-06,3.909601004386022e-05
adamw_grpo,AdamW + GRPO,15,k_proj,attn,model.layers.15.self_attn.k_proj.weight,2.381193161010742,2.3810768127441406,-0.0001163482666015625,-4.8861330742347794e-05,-0.00018646568059921265,0.0005688100564127758,82.45236090027703,82.4563115177191,0.003950617442072257,-4.010345670851789e-06,2.1831802326308373e-05
adamw_grpo,AdamW + GRPO,15,o_proj,attn,model.layers.15.self_attn.o_proj.weight,2.9801230430603027,2.9800376892089844,-8.535385131835938e-05,-2.8641049408050312e-05,0.0046091517360764556,0.0016898154093015923,309.46083873790724,309.47124895059244,0.010410212685201259,-3.174318417301092e-06,2.7859693704828846e-05
adamw_grpo,AdamW + GRPO,15,q_proj,attn,model.layers.15.self_attn.q_proj.weight,3.580899953842163,3.580683708190918,-0.0002162456512451172,-6.038863247578146e-05,0.003341068593726959,0.001982313142675688,256.36013440010373,256.37654965417266,0.016415254068931517,-6.960564196828445e-07,3.173752876929168e-05
adamw_grpo,AdamW + GRPO,15,v_proj,attn,model.layers.15.self_attn.v_proj.weight,1.3750841617584229,1.3751320838928223,4.792213439941406e-05,3.485032824327818e-05,0.0006766617298126221,0.0004755365461455987,160.35833618984657,160.35323991430238,-0.005096275544190121,1.4241761750605209e-06,2.1844031425640295e-05
adamw_grpo,AdamW + GRPO,16,down_proj,mlp,model.layers.16.mlp.down_proj.weight,5.6885600090026855,5.6888108253479,0.00025081634521484375,4.409135964425146e-05,0.01790642738342285,0.0025789037528817374,479.29060066095127,479.2726166758073,-0.017983985143985137,1.863759900043449e-06,3.553996385490354e-05
adamw_grpo,AdamW + GRPO,16,gate_proj,mlp,model.layers.16.mlp.gate_proj.weight,9.195464134216309,9.194944381713867,-0.0005197525024414062,-5.652270454814868e-05,0.04714977741241455,0.003123114305798982,315.4378319542139,315.4607901550656,0.02295820085168998,-2.252815962201782e-06,3.354131396325765e-05
adamw_grpo,AdamW + GRPO,16,up_proj,mlp,model.layers.16.mlp.up_proj.weight,3.921692132949829,3.921736717224121,4.458427429199219e-05,1.136863190187667e-05,0.030032038688659668,0.0029697329482898907,736.7633424574203,736.7626244030321,-0.000718054388244127,-2.3329254256188037e-07,3.385698123315233e-05
adamw_grpo,AdamW + GRPO,16,k_proj,attn,model.layers.16.self_attn.k_proj.weight,2.4901044368743896,2.4899797439575195,-0.0001246929168701172,-5.0075376367199e-05,0.0008561909198760986,0.0005437746880019816,92.60678664670195,92.61176805319688,0.004981406494934504,-2.7601688759593124e-06,2.169641853561281e-05
adamw_grpo,AdamW + GRPO,16,o_proj,attn,model.layers.16.self_attn.o_proj.weight,3.190805435180664,3.1907551288604736,-5.030632019042969e-05,-1.5766025604623346e-05,0.006689225141599309,0.001761847251982412,272.87572864259516,272.8821273156661,0.006398673070918903,-5.286816471564149e-06,3.895247589021459e-05
adamw_grpo,AdamW + GRPO,16,q_proj,attn,model.layers.16.self_attn.q_proj.weight,11.11042594909668,11.110275268554688,-0.0001506805419921875,-1.3562085079594847e-05,0.010037686006398872,0.0019597887927495,89.44322215337678,89.44533866612103,0.0021165127442515086,-1.4959878837095264e-06,3.476269295825399e-05
adamw_grpo,AdamW + GRPO,16,v_proj,attn,model.layers.16.self_attn.v_proj.weight,1.1914799213409424,1.1915642023086548,8.428096771240234e-05,7.073637264281294e-05,0.0014750957489013672,0.0005156736568231577,172.05898558038544,172.04805356175464,-0.010932018630796847,2.143306947505197e-06,2.5693032968386423e-05
adamw_grpo,AdamW + GRPO,17,down_proj,mlp,model.layers.17.mlp.down_proj.weight,5.263240814208984,5.263172626495361,-6.818771362304688e-05,-1.2955461478973738e-05,0.044801414012908936,0.0030309776823374017,522.691350195546,522.706634235767,0.015284040220990391,-3.706607589019917e-07,2.60765425901674e-05
adamw_grpo,AdamW + GRPO,17,gate_proj,mlp,model.layers.17.mlp.gate_proj.weight,8.850125312805176,8.8499116897583,-0.000213623046875,-2.4137855603684e-05,0.02058267593383789,0.0028186779806029286,326.7646132692581,326.7748266060009,0.010213336742765478,-3.024640264102929e-06,4.092566897234091e-05
adamw_grpo,AdamW + GRPO,17,up_proj,mlp,model.layers.17.mlp.up_proj.weight,4.878442764282227,4.878538608551025,9.584426879882812e-05,1.964648832216644e-05,0.0304010808467865,0.0026352053132872567,591.2904625169439,591.2850775598309,-0.005384957112937627,4.044881567084879e-07,2.7039024056149552e-05
adamw_grpo,AdamW + GRPO,17,k_proj,attn,model.layers.17.self_attn.k_proj.weight,1.8933212757110596,1.8932936191558838,-2.765655517578125e-05,-1.4607428507026362e-05,0.0007175207138061523,0.0004835253592652352,99.86179918972846,99.86363691528663,0.001837725558175407,-4.515951689459952e-06,2.203427244964263e-05
adamw_grpo,AdamW + GRPO,17,o_proj,attn,model.layers.17.self_attn.o_proj.weight,2.656911611557007,2.656862735748291,-4.887580871582031e-05,-1.8395722500974748e-05,0.003535094281687634,0.001720163423535204,339.7938221505987,339.8014035705437,0.007581419944983736,-2.1983503371153512e-07,2.8852342337059397e-05
adamw_grpo,AdamW + GRPO,17,q_proj,attn,model.layers.17.self_attn.q_proj.weight,3.6231441497802734,3.6231207847595215,-2.3365020751953125e-05,-6.448824497741859e-06,-0.008048299001529813,0.0021486576043205302,249.2671581613942,249.26654427993387,-0.0006138814603389164,3.381674400421142e-06,5.584249601639365e-05
adamw_grpo,AdamW + GRPO,17,v_proj,attn,model.layers.17.self_attn.v_proj.weight,1.5452799797058105,1.545271396636963,-8.58306884765625e-06,-5.55437782173965e-06,0.00019490718841552734,0.0005087998502423634,143.974417615771,143.9753434398885,0.0009258241175018611,-6.693792708456492e-07,2.1609776971100274e-05
adamw_grpo,AdamW + GRPO,18,down_proj,mlp,model.layers.18.mlp.down_proj.weight,4.964751720428467,4.9646711349487305,-8.058547973632812e-05,-1.62315225965365e-05,0.040965497493743896,0.0029162890953174244,552.6854617613661,552.7026842355741,0.017222474207983396,-1.191698468787361e-06,2.782251238114755e-05
adamw_grpo,AdamW + GRPO,18,gate_proj,mlp,model.layers.18.mlp.gate_proj.weight,9.15322494506836,9.153165817260742,-5.91278076171875e-05,-6.459778708819431e-06,-0.0035783052444458008,0.002887502059164291,325.55749206306785,325.5592041696578,0.0017121065899345922,-7.285151495950437e-08,4.0437273806197095e-05
adamw_grpo,AdamW + GRPO,18,up_proj,mlp,model.layers.18.mlp.up_proj.weight,4.089057922363281,4.089027404785156,-3.0517578125e-05,-7.463229600661242e-06,-0.0494539737701416,0.0029836941400705483,698.6332644262479,698.626384213484,-0.0068802127639173705,6.519246122556333e-07,2.4615712258894345e-05
adamw_grpo,AdamW + GRPO,18,k_proj,attn,model.layers.18.self_attn.k_proj.weight,2.235016345977783,2.2350144386291504,-1.9073486328125e-06,-8.533935942996721e-07,-0.0009395703673362732,0.0005186394690055762,99.79688014036297,99.7965449197436,-0.0003352206193767415,-6.662705350768405e-07,1.8938361925602725e-05
adamw_grpo,AdamW + GRPO,18,o_proj,attn,model.layers.18.self_attn.o_proj.weight,2.6267247200012207,2.626741409301758,1.6689300537109375e-05,6.3536541952906354e-06,0.006665022963716183,0.00198480642532044,366.5139663768355,366.5141750617201,0.0002086848845692657,4.926737094186617e-06,6.475320990409402e-05
adamw_grpo,AdamW + GRPO,18,q_proj,attn,model.layers.18.self_attn.q_proj.weight,3.6732170581817627,3.6728355884552,-0.0003814697265625,-0.00010385167021720382,0.0047324508559540845,0.0021036735590442557,282.2737368477805,282.30434299209594,0.03060614431541353,-5.941279661705878e-06,4.660772830055228e-05
adamw_grpo,AdamW + GRPO,18,v_proj,attn,model.layers.18.self_attn.v_proj.weight,1.1093703508377075,1.109479546546936,0.00010919570922851562,9.843034758055305e-05,0.0007567405700683594,0.0005385293212445014,192.89805377628136,192.87975069058317,-0.018303085698192945,2.3300714867419137e-06,2.97027266655477e-05
adamw_grpo,AdamW + GRPO,19,down_proj,mlp,model.layers.19.mlp.down_proj.weight,4.505390167236328,4.5053582191467285,-3.1948089599609375e-05,-7.091081663013172e-06,0.013787448406219482,0.002710147356617982,613.5122004044457,613.5196111339662,0.007410729520529458,-3.4722904311904057e-07,3.28076645074032e-05
adamw_grpo,AdamW + GRPO,19,gate_proj,mlp,model.layers.19.mlp.gate_proj.weight,9.142460823059082,9.142698287963867,0.00023746490478515625,2.597384986175966e-05,0.006696611642837524,0.0025659508136166953,325.81934503521336,325.81161492689336,-0.007730108320004092,4.0958942536944987e-07,3.345260291131048e-05
adamw_grpo,AdamW + GRPO,19,up_proj,mlp,model.layers.19.mlp.up_proj.weight,3.9848127365112305,3.9844889640808105,-0.0003237724304199219,-8.12516049884417e-05,0.009674817323684692,0.0026005304532774366,720.9175386779777,720.9785472648116,0.06100858683385013,2.3661940522917702e-07,3.338967924492141e-05
adamw_grpo,AdamW + GRPO,19,k_proj,attn,model.layers.19.self_attn.k_proj.weight,2.1415019035339355,2.141427993774414,-7.390975952148438e-05,-3.451304871572492e-05,0.0005744099617004395,0.000557262519078221,92.63342355665874,92.63688896574183,0.003465409083091231,1.9484385574419782e-07,2.0026782081662674e-05
adamw_grpo,AdamW + GRPO,19,o_proj,attn,model.layers.19.self_attn.o_proj.weight,2.723078727722168,2.722958564758301,-0.0001201629638671875,-4.412761285374323e-05,-0.0060091544219176285,0.0018721271124819312,370.36489525246844,370.37903244485994,0.014137192391501685,-3.0947298172712134e-07,4.61758991738796e-05
adamw_grpo,AdamW + GRPO,19,q_proj,attn,model.layers.19.self_attn.q_proj.weight,3.4177815914154053,3.417457342147827,-0.000324249267578125,-9.487126631864259e-05,0.008089677183306776,0.0018635255966034006,277.1342155247668,277.1628772559258,0.028661731159047577,-4.549739934342489e-06,3.976580240587154e-05
adamw_grpo,AdamW + GRPO,19,v_proj,attn,model.layers.19.self_attn.v_proj.weight,1.4167624711990356,1.416709542274475,-5.2928924560546875e-05,-3.7359067335932483e-05,0.0005247890949249268,0.00046446892669799747,169.46917430991954,169.47587618490098,0.006701874981445144,-1.9956380426094933e-06,1.9640259716133255e-05
adamw_grpo,AdamW + GRPO,2,down_proj,mlp,model.layers.2.mlp.down_proj.weight,4.680747985839844,4.680804252624512,5.626678466796875e-05,1.2020895984613253e-05,0.0031225383281707764,0.002571570524291787,563.8036829911453,563.7975727415911,-0.006110249554126312,-1.2269334720566016e-06,3.606198079235937e-05
adamw_grpo,AdamW + GRPO,2,gate_proj,mlp,model.layers.2.mlp.gate_proj.weight,8.03636360168457,8.036514282226562,0.0001506805419921875,1.8749841279033476e-05,0.006213128566741943,0.0025282912126002675,385.1968407140462,385.190391582203,-0.006449131843169198,8.770376304818861e-07,2.5404054217593708e-05
adamw_grpo,AdamW + GRPO,2,up_proj,mlp,model.layers.2.mlp.up_proj.weight,3.371889114379883,3.3718883991241455,-7.152557373046875e-07,-2.1212314908410882e-07,0.02779531478881836,0.0025354950796183935,788.5030068721536,788.5114173806675,0.008410508513861714,9.402054440901808e-08,2.249736400367428e-05
adamw_grpo,AdamW + GRPO,2,k_proj,attn,model.layers.2.self_attn.k_proj.weight,2.434812545776367,2.4348320960998535,1.9550323486328125e-05,8.029498418776336e-06,0.0014536231756210327,0.000539274235172563,123.39647052992927,123.39607673778983,-0.00039379213944812363,1.2323871984715185e-06,1.9384262791159533e-05
adamw_grpo,AdamW + GRPO,2,o_proj,attn,model.layers.2.self_attn.o_proj.weight,2.9217090606689453,2.9213383197784424,-0.0003707408905029297,-0.00012689178929336858,0.0024297400523209944,0.0017384464053996757,291.4020537483149,291.43986669048786,0.03781294217293407,-4.500695089316997e-06,5.260345591762594e-05
adamw_grpo,AdamW + GRPO,2,q_proj,attn,model.layers.2.self_attn.q_proj.weight,3.5897128582000732,3.589853286743164,0.0001404285430908203,3.9119714762153133e-05,-0.018579667521407828,0.002157168709999269,323.5709957077756,323.55316259151107,-0.017833116264512228,3.8754193682072335e-06,3.388758486020584e-05
adamw_grpo,AdamW + GRPO,2,v_proj,attn,model.layers.2.self_attn.v_proj.weight,0.9195089936256409,0.9194789528846741,-3.0040740966796875e-05,-3.2670415596856405e-05,0.001905977725982666,0.0005285364331716304,163.32481572167814,163.3322246745282,0.007408952850056494,-1.8304850041422904e-06,3.6136468548246007e-05
adamw_grpo,AdamW + GRPO,20,down_proj,mlp,model.layers.20.mlp.down_proj.weight,4.750884056091309,4.7509589195251465,7.486343383789062e-05,1.5757790119484195e-05,-0.003318965435028076,0.002583286022391239,589.8277133559617,589.8177205325687,-0.009992823392963146,8.072821450801071e-07,2.7835732818527225e-05
adamw_grpo,AdamW + GRPO,20,gate_proj,mlp,model.layers.20.mlp.gate_proj.weight,9.011964797973633,9.012988090515137,0.0010232925415039062,0.00011354821777976725,-0.044997841119766235,0.003040406324102719,330.80240293241184,330.7598526184759,-0.04255031393591935,4.125917425316927e-06,3.184377882953421e-05
adamw_grpo,AdamW + GRPO,20,up_proj,mlp,model.layers.20.mlp.up_proj.weight,4.144670486450195,4.144616603851318,-5.3882598876953125e-05,-1.3000454210559498e-05,-0.006830185651779175,0.0027692342865792,701.5361998726071,701.5436723148047,0.007472442197581586,4.5045430067947034e-07,1.902771458974536e-05
adamw_grpo,AdamW + GRPO,20,k_proj,attn,model.layers.20.self_attn.k_proj.weight,1.9967265129089355,1.9967316389083862,5.125999450683594e-06,2.5672015759513155e-06,0.0011760368943214417,0.0005286930656541294,97.02214780770538,97.02248771388241,0.0003399061770323897,-9.929079025916554e-07,2.154107344996544e-05
adamw_grpo,AdamW + GRPO,20,o_proj,attn,model.layers.20.self_attn.o_proj.weight,3.3813040256500244,3.381307601928711,3.5762786865234375e-06,1.0576625643226302e-06,0.01177776599979552,0.0021372118490131636,276.168885469834,276.1720765752793,0.003191105445296216,-3.043912927241932e-06,3.8554025346558366e-05
adamw_grpo,AdamW + GRPO,20,q_proj,attn,model.layers.20.self_attn.q_proj.weight,3.2788546085357666,3.2789371013641357,8.249282836914062e-05,2.5159038206326365e-05,-0.004732592293294147,0.002106264142826006,279.27648973379974,279.2680202514736,-0.008469482326120215,9.536303937476842e-06,4.927069428983961e-05
adamw_grpo,AdamW + GRPO,20,v_proj,attn,model.layers.20.self_attn.v_proj.weight,1.507444977760315,1.5074784755706787,3.349781036376953e-05,2.222158079264616e-05,-0.00019037723541259766,0.0005283206144402657,156.78896592743666,156.78535561765685,-0.0036103097798161343,1.0388217441398284e-06,1.982245104670473e-05
adamw_grpo,AdamW + GRPO,21,down_proj,mlp,model.layers.21.mlp.down_proj.weight,4.243462085723877,4.243683338165283,0.00022125244140625,5.213960604257581e-05,0.003885924816131592,0.0026054206180253074,657.5547581042533,657.5213909419349,-0.03336716231842729,4.1465628705661395e-07,2.6460412554642413e-05
adamw_grpo,AdamW + GRPO,21,gate_proj,mlp,model.layers.21.mlp.gate_proj.weight,10.714250564575195,10.714365005493164,0.00011444091796875,1.0681187384876828e-05,0.00598222017288208,0.0026820298221123377,286.3042982611205,286.30179856034266,-0.0024997007778324587,-2.395060991894349e-08,2.6704757104128164e-05
adamw_grpo,AdamW + GRPO,21,up_proj,mlp,model.layers.21.mlp.up_proj.weight,4.429757595062256,4.4303436279296875,0.0005860328674316406,0.00013229456801087204,0.03476870059967041,0.0029875726102778994,655.6409106554179,655.5620322541864,-0.07887840123146361,4.207234050972175e-07,3.4330154309714995e-05
adamw_grpo,AdamW + GRPO,21,k_proj,attn,model.layers.21.self_attn.k_proj.weight,2.4924468994140625,2.4923853874206543,-6.151199340820312e-05,-2.4679359637576906e-05,-0.0011120215058326721,0.0005267551073946267,80.93438666709552,80.93593795766753,0.001551290572010089,-3.5927618170505937e-06,1.824426523044617e-05
adamw_grpo,AdamW + GRPO,21,o_proj,attn,model.layers.21.self_attn.o_proj.weight,3.487109661102295,3.4871878623962402,7.82012939453125e-05,2.2425820104720377e-05,-0.00897720533885149,0.00199394491832461,274.1285379738176,274.11981621493453,-0.008721758883041275,2.568454495754935e-07,5.697614801710158e-05
adamw_grpo,AdamW + GRPO,21,q_proj,attn,model.layers.21.self_attn.q_proj.weight,3.9735939502716064,3.9736039638519287,1.0013580322265625e-05,2.5200310971837393e-06,0.0005253490817267448,0.0019982118984578144,253.3714035591795,253.37089726669603,-0.0005062924834646765,-2.115314258741008e-06,3.7998571958407656e-05
adamw_grpo,AdamW + GRPO,21,v_proj,attn,model.layers.21.self_attn.v_proj.weight,1.259284257888794,1.2593142986297607,3.0040740966796875e-05,2.3855408958387646e-05,-0.0010845661163330078,0.0004990674981484019,182.47559908789034,182.47038492624026,-0.00521416165008759,9.614410685920838e-07,1.6664592087542317e-05
adamw_grpo,AdamW + GRPO,22,down_proj,mlp,model.layers.22.mlp.down_proj.weight,4.425082683563232,4.4251933097839355,0.000110626220703125,2.4999808729911658e-05,-0.0044349730014801025,0.002974840632937865,629.3632092496922,629.3464734731722,-0.016735776520022227,-9.429238505727355e-07,4.249854536986914e-05
adamw_grpo,AdamW + GRPO,22,gate_proj,mlp,model.layers.22.mlp.gate_proj.weight,10.219348907470703,10.219202041625977,-0.0001468658447265625,-1.4371350470204458e-05,-0.0024293363094329834,0.0025131555709984794,301.1379709311907,301.1420610300067,0.004090098815993315,-4.341712733779701e-07,2.2197650347164957e-05
adamw_grpo,AdamW + GRPO,22,up_proj,mlp,model.layers.22.mlp.up_proj.weight,4.507721900939941,4.5074591636657715,-0.0002627372741699219,-5.828604335931558e-05,0.02564641833305359,0.0028997253782250864,633.9145995814935,633.9572398817835,0.04264030029003152,-1.1992564756917179e-06,2.6874791255185725e-05
adamw_grpo,AdamW + GRPO,22,k_proj,attn,model.layers.22.self_attn.k_proj.weight,2.323201894760132,2.3232195377349854,1.7642974853515625e-05,7.594249511120188e-06,0.0008416622877120972,0.0004703209119761694,76.18677721537856,76.1865609210944,-0.00021629428415792518,-3.201808575742371e-06,1.8535376380270247e-05
adamw_grpo,AdamW + GRPO,22,o_proj,attn,model.layers.22.self_attn.o_proj.weight,3.3842482566833496,3.3843436241149902,9.5367431640625e-05,2.817979781840459e-05,-0.0009960047391359694,0.00202526471491365,314.2143184073667,314.20516986315573,-0.009148544210972887,4.4356714898330374e-07,3.510079572695072e-05
adamw_grpo,AdamW + GRPO,22,q_proj,attn,model.layers.22.self_attn.q_proj.weight,4.277806282043457,4.277617931365967,-0.00018835067749023438,-4.4029735119342875e-05,-0.014772000817174558,0.0024071836556950484,210.764672607664,210.770499604946,0.0058269972819857685,1.8176545411863199e-06,5.783515175296977e-05
adamw_grpo,AdamW + GRPO,22,v_proj,attn,model.layers.22.self_attn.v_proj.weight,1.5017176866531372,1.501688003540039,-2.968311309814453e-05,-1.9766107412838017e-05,0.0005340874195098877,0.00043822445216687325,141.2982799279307,141.30142855816018,0.003148630229475202,-6.570650867010475e-07,1.7586516470049315e-05
adamw_grpo,AdamW + GRPO,23,down_proj,mlp,model.layers.23.mlp.down_proj.weight,4.294793605804443,4.295670509338379,0.0008769035339355469,0.0002041782712795338,0.0078088343143463135,0.0027289273123984304,657.3871997002832,657.2548207566397,-0.13237894364351632,5.851268047377123e-07,4.122256861979627e-05
adamw_grpo,AdamW + GRPO,23,gate_proj,mlp,model.layers.23.mlp.gate_proj.weight,9.416055679321289,9.415727615356445,-0.00032806396484375,-3.484091173804496e-05,-0.009483307600021362,0.002612949488563221,323.35001900931286,323.3602780339591,0.010259024646245507,5.441821184504203e-07,3.200582152603775e-05
adamw_grpo,AdamW + GRPO,23,up_proj,mlp,model.layers.23.mlp.up_proj.weight,4.097199440002441,4.097532749176025,0.0003333091735839844,8.13504879283557e-05,-0.012337684631347656,0.0026065027580066164,707.3854456892388,707.3248932158049,-0.06055247343397241,1.3033830419638404e-06,2.7351369402579434e-05
adamw_grpo,AdamW + GRPO,23,k_proj,attn,model.layers.23.self_attn.k_proj.weight,2.063950300216675,2.063878297805786,-7.200241088867188e-05,-3.488572902221193e-05,0.0011726170778274536,0.0005076830191434537,96.3777786569803,96.38170914527791,0.0039304882976125555,6.996560830696552e-10,2.2802040035870096e-05
adamw_grpo,AdamW + GRPO,23,o_proj,attn,model.layers.23.self_attn.o_proj.weight,3.8522469997406006,3.852407217025757,0.00016021728515625,4.159060547442534e-05,0.008059343817876652,0.001989204789831538,267.0628885401223,267.0538737228422,-0.00901481728010367,3.6326656667751145e-06,6.151952780883875e-05
adamw_grpo,AdamW + GRPO,23,q_proj,attn,model.layers.23.self_attn.q_proj.weight,3.747816324234009,3.7481768131256104,0.0003604888916015625,9.618638172596157e-05,-0.003272858705258841,0.0021880315295749898,266.52674073350215,266.5002337694479,-0.026506964054249238,5.524269661022485e-07,4.3501837692074286e-05
adamw_grpo,AdamW + GRPO,23,v_proj,attn,model.layers.23.self_attn.v_proj.weight,1.5216680765151978,1.5217177867889404,4.971027374267578e-05,3.2668276682598395e-05,-1.4007091522216797e-06,0.0005045540511990069,156.31201185114202,156.3069046534244,-0.005107197717620693,1.6897974226687262e-06,2.474433347157187e-05
adamw_grpo,AdamW + GRPO,24,down_proj,mlp,model.layers.24.mlp.down_proj.weight,3.7717514038085938,3.7714192867279053,-0.00033211708068847656,-8.805380979062283e-05,0.00079384446144104,0.002737891461953989,765.6929290262273,765.7605676326402,0.06763860641297015,-1.2201561317808085e-06,4.157115816370189e-05
adamw_grpo,AdamW + GRPO,24,gate_proj,mlp,model.layers.24.mlp.gate_proj.weight,9.900635719299316,9.9009428024292,0.0003070831298828125,3.1016506271836176e-05,0.008426189422607422,0.0028237736791270297,303.49873685398614,303.49017472467204,-0.008562129314100275,-8.628212151556847e-07,3.382981912084905e-05
adamw_grpo,AdamW + GRPO,24,up_proj,mlp,model.layers.24.mlp.up_proj.weight,5.177526473999023,5.177313804626465,-0.00021266937255859375,-4.107547757149988e-05,0.024351567029953003,0.002764909533084456,573.3188903335403,573.3471441619217,0.02825382838148016,3.612927250602749e-07,3.978513026181328e-05
adamw_grpo,AdamW + GRPO,24,k_proj,attn,model.layers.24.self_attn.k_proj.weight,2.1446313858032227,2.144636631011963,5.245208740234375e-06,2.445739055651236e-06,0.00014272332191467285,0.0004506228470426004,97.9228542753075,97.9226813310969,-0.0001729442106039869,-1.0403580359974463e-06,1.799109779548461e-05
adamw_grpo,AdamW + GRPO,24,o_proj,attn,model.layers.24.self_attn.o_proj.weight,2.688019037246704,2.6879947185516357,-2.4318695068359375e-05,-9.047069507836757e-06,0.016401115979533643,0.0022446266133315197,385.3555287484479,385.3651167358789,0.009587987431018519,-5.292262798411995e-07,5.795210582846726e-05
adamw_grpo,AdamW + GRPO,24,q_proj,attn,model.layers.24.self_attn.q_proj.weight,4.313114643096924,4.312994480133057,-0.0001201629638671875,-2.7859904920335597e-05,0.008429012403212255,0.0018659924012318755,231.5966517066492,231.6050584766233,0.00840676997410128,9.860638677805511e-07,3.960598083436851e-05
adamw_grpo,AdamW + GRPO,24,v_proj,attn,model.layers.24.self_attn.v_proj.weight,1.4349654912948608,1.4350091218948364,4.363059997558594e-05,3.0405330469804724e-05,-0.0001138448715209961,0.0005543259138635455,184.00804773437505,184.00237374508097,-0.005673989294081139,-2.9822538367973994e-07,1.944940273365977e-05
adamw_grpo,AdamW + GRPO,25,down_proj,mlp,model.layers.25.mlp.down_proj.weight,4.062180995941162,4.061469554901123,-0.0007114410400390625,-0.00017513770084344297,-0.023786455392837524,0.0032380371516101676,725.6278353643398,725.7490858033308,0.12125043899095544,-2.272225591640198e-06,4.5120437116748845e-05
adamw_grpo,AdamW + GRPO,25,gate_proj,mlp,model.layers.25.mlp.gate_proj.weight,8.875574111938477,8.875861167907715,0.00028705596923828125,3.234224238544345e-05,0.0038031041622161865,0.0026583151408965952,332.3430939380161,332.33277404194575,-0.01031989607037076,-7.566682142662318e-08,2.4947603078262622e-05
adamw_grpo,AdamW + GRPO,25,up_proj,mlp,model.layers.25.mlp.up_proj.weight,5.963744163513184,5.963931083679199,0.000186920166015625,3.1342753963059363e-05,-0.01018187403678894,0.0030252774621334225,507.9428938021143,507.9252667298699,-0.017627072244408737,1.671016780929041e-06,4.865846184092467e-05
adamw_grpo,AdamW + GRPO,25,k_proj,attn,model.layers.25.self_attn.k_proj.weight,2.277482509613037,2.277489185333252,6.67572021484375e-06,2.9311839659212175e-06,0.00032602250576019287,0.0006079833950636346,68.36160142723534,68.36154419736148,-5.722987386036493e-05,1.2623492995356145e-07,2.2343899528173068e-05
adamw_grpo,AdamW + GRPO,25,o_proj,attn,model.layers.25.self_attn.o_proj.weight,3.9874706268310547,3.9876511096954346,0.0001804828643798828,4.526249376370132e-05,0.002199102396843955,0.002068974845794545,295.5575516931224,295.54472610489637,-0.012825588226007767,4.082436220555208e-06,4.2323456053694024e-05
adamw_grpo,AdamW + GRPO,25,q_proj,attn,model.layers.25.self_attn.q_proj.weight,4.10963773727417,4.109433650970459,-0.0002040863037109375,-4.966041212340612e-05,0.008490953056025319,0.00201013955913052,213.9117165433209,213.92440622492543,0.012689681604541647,-4.7345612479432475e-06,4.230004555022351e-05
adamw_grpo,AdamW + GRPO,25,v_proj,attn,model.layers.25.self_attn.v_proj.weight,2.1371097564697266,2.137092113494873,-1.7642974853515625e-05,-8.255530536091841e-06,-0.0006391704082489014,0.000590905081750643,142.66556512509138,142.66644383057994,0.0008787054885601719,3.052631615263479e-07,1.833180201651509e-05
adamw_grpo,AdamW + GRPO,26,down_proj,mlp,model.layers.26.mlp.down_proj.weight,4.550954341888428,4.550997734069824,4.3392181396484375e-05,9.534743294848945e-06,-0.02331143617630005,0.0033458883683069322,653.9135157265113,653.9021586191058,-0.011357107405501665,-1.965673159423642e-06,3.8138470935858825e-05
adamw_grpo,AdamW + GRPO,26,gate_proj,mlp,model.layers.26.mlp.gate_proj.weight,8.680781364440918,8.680459022521973,-0.0003223419189453125,-3.713282311955484e-05,0.005437940359115601,0.002733120272850116,336.8409350429373,336.85406981996283,0.013134777025527455,-4.830973892658297e-07,2.9901097231445884e-05
adamw_grpo,AdamW + GRPO,26,up_proj,mlp,model.layers.26.mlp.up_proj.weight,6.47318696975708,6.472930431365967,-0.00025653839111328125,-3.963092558763344e-05,-0.02829006314277649,0.0030843484303113545,475.5178733540735,475.53234879576513,0.014475441691615742,-1.0799874790301534e-06,4.600183238631379e-05
adamw_grpo,AdamW + GRPO,26,k_proj,attn,model.layers.26.self_attn.k_proj.weight,1.758839726448059,1.7587634325027466,-7.62939453125e-05,-4.3377428975051676e-05,0.003373563289642334,0.0008075280903503762,97.89228877327072,97.89845341827952,0.006164645008794878,-1.1597874043839385e-05,4.303490591465125e-05
adamw_grpo,AdamW + GRPO,26,o_proj,attn,model.layers.26.self_attn.o_proj.weight,4.080582141876221,4.079308986663818,-0.0012731552124023438,-0.00031200332897035046,-0.012557409325381741,0.002996574789727205,281.9670412813022,282.05196507602824,0.08492379472602352,5.056599317466992e-06,5.73891455031156e-05
adamw_grpo,AdamW + GRPO,26,q_proj,attn,model.layers.26.self_attn.q_proj.weight,3.3151118755340576,3.3150932788848877,-1.8596649169921875e-05,-5.609659603697687e-06,0.010300345020368695,0.002307624311351145,262.6555989924213,262.6601795148289,0.004580522407593435,-3.016600664193514e-06,4.609953750368993e-05
adamw_grpo,AdamW + GRPO,26,v_proj,attn,model.layers.26.self_attn.v_proj.weight,1.7621698379516602,1.7621703147888184,4.76837158203125e-07,2.7059659513716273e-07,-0.0036173760890960693,0.0010301282975012389,190.91604179147936,190.91393733431036,-0.002104457168996987,5.545227152459198e-09,1.641898546866016e-05
adamw_grpo,AdamW + GRPO,27,down_proj,mlp,model.layers.27.mlp.down_proj.weight,6.912415027618408,6.915027618408203,0.002612590789794922,0.0003779562973803469,0.006064891815185547,0.004421255846130685,394.66704806060267,394.5188145813531,-0.14823347924954078,2.521404941266403e-06,6.181307284142461e-05
adamw_grpo,AdamW + GRPO,27,gate_proj,mlp,model.layers.27.mlp.gate_proj.weight,12.510846138000488,12.511173248291016,0.00032711029052734375,2.6146136473837514e-05,-0.011460810899734497,0.002993454236062353,247.63224887579236,247.6248583724448,-0.007390503347551203,-9.769617930963093e-07,3.206827528226481e-05
adamw_grpo,AdamW + GRPO,27,up_proj,mlp,model.layers.27.mlp.up_proj.weight,8.75754451751709,8.75942325592041,0.0018787384033203125,0.0002145279877895461,0.00020235776901245117,0.003619566391919234,348.96551565708563,348.8906919456629,-0.0748237114227095,3.4638376849166486e-06,4.72693109705315e-05
adamw_grpo,AdamW + GRPO,27,k_proj,attn,model.layers.27.self_attn.k_proj.weight,2.0158979892730713,2.015653133392334,-0.0002448558807373047,-0.00012146243611543024,-0.0013829022645950317,0.0006382801758739149,75.68175885235857,75.69026637836632,0.008507526007747401,-7.360625974783819e-06,3.705442181265246e-05
adamw_grpo,AdamW + GRPO,27,o_proj,attn,model.layers.27.self_attn.o_proj.weight,7.647034645080566,7.648005485534668,0.0009708404541015625,0.00012695646079308878,0.008952708696597256,0.0022174539894662055,139.94278558645743,139.92619179490612,-0.016593791551315462,8.680346199219091e-06,3.434846307741788e-05
adamw_grpo,AdamW + GRPO,27,q_proj,attn,model.layers.27.self_attn.q_proj.weight,4.4243669509887695,4.424445152282715,7.82012939453125e-05,1.7675137440359884e-05,-0.020076512242667377,0.0023033106322160853,191.42878760979497,191.42086650558284,-0.007921104212130103,9.537259743383486e-06,3.9959525431021976e-05
adamw_grpo,AdamW + GRPO,27,v_proj,attn,model.layers.27.self_attn.v_proj.weight,2.3116233348846436,2.311784267425537,0.0001609325408935547,6.961884250990469e-05,-0.004479050636291504,0.0009726447053403064,139.7527955317286,139.74112929474524,-0.011666236983359113,2.770604656671116e-07,2.5215423528132594e-05
adamw_grpo,AdamW + GRPO,3,down_proj,mlp,model.layers.3.mlp.down_proj.weight,5.527926921844482,5.527832508087158,-9.441375732421875e-05,-1.7079414879948535e-05,-0.011306941509246826,0.002666403633830427,481.57157282994604,481.57775247450877,0.00617964456273512,1.0270248928558046e-06,3.5775595108977256e-05
adamw_grpo,AdamW + GRPO,3,gate_proj,mlp,model.layers.3.mlp.gate_proj.weight,8.721921920776367,8.722323417663574,0.00040149688720703125,4.603307514719103e-05,-0.017956256866455078,0.0030158747749895274,357.76069601326236,357.7421692910872,-0.018526722175181476,2.281440045145966e-06,3.450437034713084e-05
adamw_grpo,AdamW + GRPO,3,up_proj,mlp,model.layers.3.mlp.up_proj.weight,3.6592304706573486,3.659318685531616,8.821487426757812e-05,2.410749335822269e-05,0.002626270055770874,0.002506058951818122,735.6483184941939,735.6313019784934,-0.0170165157004476,9.501923891111486e-08,2.3743642224963808e-05
adamw_grpo,AdamW + GRPO,3,k_proj,attn,model.layers.3.self_attn.k_proj.weight,2.1074042320251465,2.1075215339660645,0.00011730194091796875,5.5661813303490155e-05,0.002465978264808655,0.0006282721633895573,121.34507672675502,121.33949290017655,-0.005583826578472895,1.5296005825976566e-06,2.669274122767676e-05
adamw_grpo,AdamW + GRPO,3,o_proj,attn,model.layers.3.self_attn.o_proj.weight,3.031338691711426,3.031177043914795,-0.00016164779663085938,-5.332554790820707e-05,-0.004891221105935983,0.0019025822661563588,264.4279976128246,264.4404854950984,0.012487882273831019,8.909049151878401e-07,3.6624811693608974e-05
adamw_grpo,AdamW + GRPO,3,q_proj,attn,model.layers.3.self_attn.q_proj.weight,3.683208703994751,3.6830813884735107,-0.00012731552124023438,-3.4566469475962616e-05,0.00517174027118017,0.0021054523491538467,272.28742261576076,272.2982391444244,0.010816528663610825,-1.7869403118320193e-07,3.07720308562112e-05
adamw_grpo,AdamW + GRPO,3,v_proj,attn,model.layers.3.self_attn.v_proj.weight,1.1654242277145386,1.1653695106506348,-5.4717063903808594e-05,-4.695034014447407e-05,0.0006372034549713135,0.0005512113422111292,151.14529002677602,151.15293346507323,0.007643438297208149,-2.194480418993283e-06,3.180697893368274e-05
adamw_grpo,AdamW + GRPO,4,down_proj,mlp,model.layers.4.mlp.down_proj.weight,5.510651588439941,5.510678768157959,2.7179718017578125e-05,4.932214926197624e-06,-0.0007715821266174316,0.0024892333875057866,475.65233208533874,475.64984606157225,-0.0024860237664938722,-5.270710394696121e-07,2.23507628744163e-05
adamw_grpo,AdamW + GRPO,4,gate_proj,mlp,model.layers.4.mlp.gate_proj.weight,10.388897895812988,10.388442993164062,-0.00045490264892578125,-4.378738278957574e-05,0.028609037399291992,0.003021379727284024,301.91719078993447,301.9331654617265,0.015974671792037043,-2.3733099661985e-06,2.8372442673816215e-05
adamw_grpo,AdamW + GRPO,4,up_proj,mlp,model.layers.4.mlp.up_proj.weight,4.297484874725342,4.2971906661987305,-0.0002942085266113281,-6.846063108718478e-05,-0.0005978047847747803,0.0027487654228609323,619.3058581606681,619.3481200180939,0.04226185742584221,-1.1842141721049582e-07,1.9199881014147128e-05
adamw_grpo,AdamW + GRPO,4,k_proj,attn,model.layers.4.self_attn.k_proj.weight,2.3208131790161133,2.3209152221679688,0.00010204315185546875,4.3968705787308985e-05,0.00162506103515625,0.000527148905815354,100.1052292447933,100.10152812206717,-0.003701122726141648,2.3662246154132482e-07,2.093929764103687e-05
adamw_grpo,AdamW + GRPO,4,o_proj,attn,model.layers.4.self_attn.o_proj.weight,2.75871205329895,2.75891375541687,0.00020170211791992188,7.311459624019856e-05,0.007482643501134589,0.0018419733656982549,319.82552916203315,319.8048591273198,-0.02067003471336193,7.849282297606175e-07,3.238912178187875e-05
adamw_grpo,AdamW + GRPO,4,q_proj,attn,model.layers.4.self_attn.q_proj.weight,3.810185194015503,3.809821844100952,-0.00036334991455078125,-9.536279630750747e-05,0.005614529669401236,0.002293312182894961,262.15431709663414,262.1807929483966,0.026475851762427283,-4.640814364575974e-06,4.3681227841177834e-05
adamw_grpo,AdamW + GRPO,4,v_proj,attn,model.layers.4.self_attn.v_proj.weight,1.1220937967300415,1.1221251487731934,3.135204315185547e-05,2.7940661683738268e-05,0.00119096040725708,0.0005330339041455106,178.09941324610463,178.09549851334336,-0.003914732761273854,-9.389588058461573e-08,2.0596120210099156e-05
adamw_grpo,AdamW + GRPO,5,down_proj,mlp,model.layers.5.mlp.down_proj.weight,5.167912483215332,5.167935371398926,2.288818359375e-05,4.428903095415735e-06,-0.0102195143699646,0.00249449005344996,496.48923310013623,496.48505672223314,-0.004176377903092998,1.970787338920199e-06,3.7637801466133605e-05
adamw_grpo,AdamW + GRPO,5,gate_proj,mlp,model.layers.5.mlp.gate_proj.weight,11.790799140930176,11.790968894958496,0.0001697540283203125,1.4397160556406579e-05,0.033672869205474854,0.0030985770802440895,274.15119608354365,274.15010496025997,-0.0010911232836861018,-3.2808741973200384e-09,2.802292595031127e-05
adamw_grpo,AdamW + GRPO,5,up_proj,mlp,model.layers.5.mlp.up_proj.weight,3.53743052482605,3.537458896636963,2.8371810913085938e-05,8.020457423536565e-06,0.0016477704048156738,0.0027106782147244034,742.2769279107133,742.2714403641986,-0.005487546514700625,3.224881447647099e-07,2.4031613719447157e-05
adamw_grpo,AdamW + GRPO,5,k_proj,attn,model.layers.5.self_attn.k_proj.weight,2.0194573402404785,2.0195109844207764,5.364418029785156e-05,2.6563661053351872e-05,-0.0006521120667457581,0.0005354058550132816,122.56044211686759,122.55686364337733,-0.003578473490264855,2.912042889338662e-06,1.578972752034752e-05
adamw_grpo,AdamW + GRPO,5,o_proj,attn,model.layers.5.self_attn.o_proj.weight,2.7589478492736816,2.758938789367676,-9.059906005859375e-06,-3.2838264805347727e-06,-0.010492583271116018,0.001810681212712692,308.5817001956827,308.5789104048755,-0.0027897908071849997,-3.801508249925978e-07,4.894991325899826e-05
adamw_grpo,AdamW + GRPO,5,q_proj,attn,model.layers.5.self_attn.q_proj.weight,3.295807361602783,3.2960853576660156,0.0002779960632324219,8.434839562262209e-05,0.009161121502984315,0.0021640362019425567,316.84213526868774,316.81819179144003,-0.023943477247712508,2.5628348714473725e-06,4.309694678617041e-05
adamw_grpo,AdamW + GRPO,5,v_proj,attn,model.layers.5.self_attn.v_proj.weight,1.0597984790802002,1.0597835779190063,-1.4901161193847656e-05,-1.406037231415956e-05,0.0004297196865081787,0.0005373121765540245,172.51307437464527,172.5159054855233,0.0028311108780201266,-5.711655168549878e-07,2.0637048505158534e-05
adamw_grpo,AdamW + GRPO,6,down_proj,mlp,model.layers.6.mlp.down_proj.weight,4.49146842956543,4.491455554962158,-1.2874603271484375e-05,-2.866457478969757e-06,0.014259099960327148,0.0025653684421298047,580.2708264525083,580.2756644958497,0.004838043341351295,-8.694015370472319e-08,2.2290608075944085e-05
adamw_grpo,AdamW + GRPO,6,gate_proj,mlp,model.layers.6.mlp.gate_proj.weight,10.819626808166504,10.818666458129883,-0.0009603500366210938,-8.875999640729151e-05,0.028563499450683594,0.0031023128487656175,296.6741632486282,296.7031385889998,0.02897534037163041,-3.6932610065001925e-06,3.898547569348338e-05
adamw_grpo,AdamW + GRPO,6,up_proj,mlp,model.layers.6.mlp.up_proj.weight,3.153623342514038,3.153033494949341,-0.0005898475646972656,-0.0001870380513568386,0.010037362575531006,0.0025299541682252675,846.5328799701828,846.69442684911,0.1615468789271972,-5.369587035859019e-07,3.144427049714669e-05
adamw_grpo,AdamW + GRPO,6,k_proj,attn,model.layers.6.self_attn.k_proj.weight,2.0946483612060547,2.0945944786071777,-5.3882598876953125e-05,-2.572393527948942e-05,-0.0018902197480201721,0.0005452373681640761,113.2985953166275,113.30060744979207,0.0020121331645697182,9.105588837654555e-07,1.972568586857635e-05
adamw_grpo,AdamW + GRPO,6,o_proj,attn,model.layers.6.self_attn.o_proj.weight,2.759568452835083,2.7595620155334473,-6.4373016357421875e-06,-2.332720403847468e-06,-0.012971771906450158,0.0018653938363373313,337.8342257665822,337.83031317790636,-0.003912588675859752,-2.073751603971774e-06,5.5387031311834775e-05
adamw_grpo,AdamW + GRPO,6,q_proj,attn,model.layers.6.self_attn.q_proj.weight,3.420119524002075,3.4204490184783936,0.0003294944763183594,9.634004718431573e-05,-0.025744749713339843,0.00231433687345479,302.20384165956153,302.1672034154055,-0.03663824415605177,3.817908862530084e-06,4.343290791709317e-05
adamw_grpo,AdamW + GRPO,6,v_proj,attn,model.layers.6.self_attn.v_proj.weight,1.065470576286316,1.0654314756393433,-3.910064697265625e-05,-3.66980072870159e-05,-0.0007777214050292969,0.0005170623111520972,196.5013699657019,196.5078514799518,0.0064815142498844125,1.6052747251263377e-06,2.602963209914428e-05
adamw_grpo,AdamW + GRPO,7,down_proj,mlp,model.layers.7.mlp.down_proj.weight,5.096033573150635,5.095957279205322,-7.62939453125e-05,-1.4971240714438836e-05,0.0037049055099487305,0.002534123831930083,534.0644447466244,534.0731675020588,0.008722755434405371,3.510693987116009e-07,3.008027557030799e-05
adamw_grpo,AdamW + GRPO,7,gate_proj,mlp,model.layers.7.mlp.gate_proj.weight,9.3909330368042,9.391193389892578,0.00026035308837890625,2.7723878698586297e-05,0.0388142466545105,0.0028864704400925387,324.5294487634795,324.52458484515677,-0.0048639183227123794,1.1515120651242605e-06,3.838192691725437e-05
adamw_grpo,AdamW + GRPO,7,up_proj,mlp,model.layers.7.mlp.up_proj.weight,3.5953619480133057,3.595402240753174,4.029273986816406e-05,1.1206866082128026e-05,0.0036757588386535645,0.0027228990360261447,780.7318842584712,780.7241571486736,-0.007727109797542653,-8.510833507738291e-08,2.224324021619682e-05
adamw_grpo,AdamW + GRPO,7,k_proj,attn,model.layers.7.self_attn.k_proj.weight,2.203357696533203,2.2031803131103516,-0.0001773834228515625,-8.050595830657015e-05,9.322911500930786e-05,0.0006039398864443691,120.07995167843562,120.08966192404387,0.009710245608246737,-2.348870574875317e-06,2.2714243281504747e-05
adamw_grpo,AdamW + GRPO,7,o_proj,attn,model.layers.7.self_attn.o_proj.weight,2.9766156673431396,2.9766740798950195,5.841255187988281e-05,1.962381389063256e-05,0.0023535190266557038,0.001748482701474765,292.2674153865957,292.26247075169704,-0.00494463489866348,5.888050997299166e-06,5.307702710079073e-05
adamw_grpo,AdamW + GRPO,7,q_proj,attn,model.layers.7.self_attn.q_proj.weight,3.1035969257354736,3.1033120155334473,-0.0002849102020263672,-9.180000136739751e-05,0.006447075749747455,0.0018615935814053793,347.54082498820435,347.5748096477815,0.03398465957712915,-3.906647971618771e-06,3.2568314682657926e-05
adamw_grpo,AdamW + GRPO,7,v_proj,attn,model.layers.7.self_attn.v_proj.weight,1.1031601428985596,1.1030925512313843,-6.759166717529297e-05,-6.127094747793868e-05,-0.00011166930198669434,0.0005172637996833743,159.1141979832889,159.12384642538842,0.009648442099518206,-3.6159272632924067e-06,3.355408297673665e-05
adamw_grpo,AdamW + GRPO,8,down_proj,mlp,model.layers.8.mlp.down_proj.weight,5.186113357543945,5.186043739318848,-6.961822509765625e-05,-1.3423969029983998e-05,-0.008140623569488525,0.0028052015597787097,518.8393776592791,518.8447729190224,0.005395259743295355,7.572336517547296e-08,3.7697424203460216e-05
adamw_grpo,AdamW + GRPO,8,gate_proj,mlp,model.layers.8.mlp.gate_proj.weight,10.198502540588379,10.199189186096191,0.0006866455078125,6.73280714575265e-05,0.027377605438232422,0.002970077317725919,303.2505421487754,303.23281054151033,-0.017731607265091043,2.13492714155189e-06,3.3406750204302405e-05
adamw_grpo,AdamW + GRPO,8,up_proj,mlp,model.layers.8.mlp.up_proj.weight,5.419294834136963,5.419526100158691,0.00023126602172851562,4.267455984711069e-05,-0.0016461610794067383,0.002549925521452124,511.4181792250124,511.39605186431476,-0.02212736069765242,5.782111723307004e-07,3.0605840617871646e-05
adamw_grpo,AdamW + GRPO,8,k_proj,attn,model.layers.8.self_attn.k_proj.weight,2.1979312896728516,2.1979727745056152,4.1484832763671875e-05,1.8874490280288352e-05,0.0015757232904434204,0.0005206382448391484,113.45903650188116,113.45761195927504,-0.0014245426061165745,-1.0659999065409931e-07,2.0034769463440157e-05
adamw_grpo,AdamW + GRPO,8,o_proj,attn,model.layers.8.self_attn.o_proj.weight,2.3660013675689697,2.3661811351776123,0.00017976760864257812,7.597950326938594e-05,-4.724727477878332e-05,0.0017261322485133612,396.15823222643957,396.1281146398074,-0.030117586632172788,5.548723699816405e-07,4.233208106066316e-05
adamw_grpo,AdamW + GRPO,8,q_proj,attn,model.layers.8.self_attn.q_proj.weight,3.453125,3.4531846046447754,5.9604644775390625e-05,1.7261073600113122e-05,-0.004622524560545571,0.00200412566177101,304.6651221405234,304.6585247576582,-0.006597382865209056,-6.134641149416198e-06,4.2060650586656705e-05
adamw_grpo,AdamW + GRPO,8,v_proj,attn,model.layers.8.self_attn.v_proj.weight,1.038536548614502,1.0384900569915771,-4.649162292480469e-05,-4.476647739246977e-05,-0.0001551210880279541,0.0005475643222796243,198.00023169521697,198.00894649317004,0.008714797953075504,-2.792983423788309e-06,2.737403675450178e-05
adamw_grpo,AdamW + GRPO,9,down_proj,mlp,model.layers.9.mlp.down_proj.weight,6.2776713371276855,6.277714729309082,4.3392181396484375e-05,6.9121460914738225e-06,-0.001569211483001709,0.0026222291421954275,430.2475232014539,430.2442993228726,-0.003223878581252393,-2.0340398424606443e-07,3.5048317244952815e-05
adamw_grpo,AdamW + GRPO,9,gate_proj,mlp,model.layers.9.mlp.gate_proj.weight,9.140878677368164,9.141526222229004,0.0006475448608398438,7.084054867100418e-05,0.0027750730514526367,0.0028433216410810127,326.16656896530856,326.1437683511231,-0.022800614185484847,1.7949467846986589e-06,3.977020990642978e-05
adamw_grpo,AdamW + GRPO,9,up_proj,mlp,model.layers.9.mlp.up_proj.weight,3.4340531826019287,3.4338130950927734,-0.00024008750915527344,-6.991374227156345e-05,0.008374005556106567,0.0029743035474890465,814.9016388107499,814.9610543073348,0.05941549658496115,-9.82263936414457e-07,3.605117207811729e-05
adamw_grpo,AdamW + GRPO,9,k_proj,attn,model.layers.9.self_attn.k_proj.weight,2.77843976020813,2.778404474258423,-3.528594970703125e-05,-1.2699915331037452e-05,-0.00302278995513916,0.0005994468226853006,89.31932335398156,89.31936975730325,4.640332169003614e-05,-3.118751258912589e-07,1.8236102735332543e-05
adamw_grpo,AdamW + GRPO,9,o_proj,attn,model.layers.9.self_attn.o_proj.weight,2.7356081008911133,2.7355523109436035,-5.5789947509765625e-05,-2.0393983879340127e-05,-0.00453837350505637,0.0016722595402767974,282.0323040561795,282.0363969020335,0.0040928458540179236,-7.22316030925263e-07,2.5794453357594935e-05
adamw_grpo,AdamW + GRPO,9,q_proj,attn,model.layers.9.self_attn.q_proj.weight,3.744722604751587,3.74446439743042,-0.0002582073211669922,-6.89523226204684e-05,0.005295207723975182,0.001970714650410544,248.5353386192816,248.55389103275144,0.01855241346984826,-1.5018926800419719e-06,3.199387551484033e-05
adamw_grpo,AdamW + GRPO,9,v_proj,attn,model.layers.9.self_attn.v_proj.weight,1.0861839056015015,1.0861455202102661,-3.838539123535156e-05,-3.53396796227566e-05,-0.0011863410472869873,0.0005478685090009338,158.30609696725185,158.31059940300173,0.004502435749884626,1.685125575121016e-06,3.546645475087605e-05
muon_grpo,Muon + GRPO,-1,embed,embed,model.embed_tokens.weight,103.61547088623047,103.61824035644531,0.00276947021484375,2.672834656018329e-05,0.2630389928817749,0.011175180032993089,88.15806397828281,88.15824626144484,0.00018228316203305894,-1.6545073695806156e-06,3.484901019517035e-05
muon_grpo,Muon + GRPO,0,down_proj,mlp,model.layers.0.mlp.down_proj.weight,5.5577826499938965,5.557872295379639,8.96453857421875e-05,1.6129703406498983e-05,-0.034091055393218994,0.002944841840951821,478.7068812810931,478.69302617353924,-0.013855107553865764,3.256821332897619e-07,2.5134890583479183e-05
muon_grpo,Muon + GRPO,0,gate_proj,mlp,model.layers.0.mlp.gate_proj.weight,9.040079116821289,9.039617538452148,-0.000461578369140625,-5.105910724627896e-05,0.012805134057998657,0.0027664176357091535,315.55635843302076,315.5738878387375,0.01752940571674344,-1.9403856962724175e-06,3.449122938439223e-05
muon_grpo,Muon + GRPO,0,up_proj,mlp,model.layers.0.mlp.up_proj.weight,4.161773681640625,4.161557674407959,-0.00021600723266601562,-5.190268601556026e-05,0.009686395525932312,0.0021443581506253627,580.4685034049537,580.5009604321449,0.03245702719118526,3.121083373344713e-07,3.4091318178837935e-05
muon_grpo,Muon + GRPO,0,k_proj,attn,model.layers.0.self_attn.k_proj.weight,3.344952344894409,3.344907283782959,-4.506111145019531e-05,-1.3471376212272395e-05,-0.0012715309858322144,0.0005667951094832615,115.36894382788941,115.3701178878907,0.001174060001289945,-1.5514303225161452e-06,1.4254766822660524e-05
muon_grpo,Muon + GRPO,0,o_proj,attn,model.layers.0.self_attn.o_proj.weight,2.1647655963897705,2.16481351852417,4.792213439941406e-05,2.213733185677697e-05,-0.005970823320240015,0.0014744951724495654,385.913530430593,385.9022294001889,-0.011301030404126777,2.230842356204521e-06,4.348246399382128e-05
muon_grpo,Muon + GRPO,0,q_proj,attn,model.layers.0.self_attn.q_proj.weight,25.96732521057129,25.967571258544922,0.0002460479736328125,9.475291414791019e-06,0.003932140476536006,0.002531104151993031,49.337537528160254,49.33722147008248,-0.00031605807777168593,8.290890627482561e-06,4.728111971299526e-05
muon_grpo,Muon + GRPO,0,v_proj,attn,model.layers.0.self_attn.v_proj.weight,0.940507709980011,0.9404990673065186,-8.64267349243164e-06,-9.189370167539963e-06,-0.0002929791808128357,0.000491477204812037,146.27809844806748,146.2791311494246,0.0010327013571043153,1.0507996366648786e-06,3.2613133383442e-05
muon_grpo,Muon + GRPO,1,down_proj,mlp,model.layers.1.mlp.down_proj.weight,6.005411148071289,6.0053486824035645,-6.246566772460938e-05,-1.0401563887040605e-05,-0.003264486789703369,0.0025688080904436054,447.0539693280907,447.058075840338,0.004106512247290084,8.798634461987254e-07,2.7394922108687234e-05
muon_grpo,Muon + GRPO,1,gate_proj,mlp,model.layers.1.mlp.gate_proj.weight,8.50372314453125,8.50297737121582,-0.0007457733154296875,-8.769962318320474e-05,0.010757923126220703,0.003189567051294891,362.4731788870447,362.5062356311977,0.03305674415298654,-3.7288333828086606e-06,3.1667438374612124e-05
muon_grpo,Muon + GRPO,1,up_proj,mlp,model.layers.1.mlp.up_proj.weight,9.037690162658691,9.037371635437012,-0.0003185272216796875,-3.524431751331291e-05,0.03871804475784302,0.002733873832534729,293.22834142873234,293.2429606409326,0.014619212200273068,-1.5780722420338789e-06,3.136854273336394e-05
muon_grpo,Muon + GRPO,1,k_proj,attn,model.layers.1.self_attn.k_proj.weight,3.4632623195648193,3.463259696960449,-2.6226043701171875e-06,-7.572641423381219e-07,-0.00047453492879867554,0.0005490422444762434,100.72261482447821,100.72255407842468,-6.074605353489915e-05,-1.3693467345587962e-06,1.3012723072282718e-05
muon_grpo,Muon + GRPO,1,o_proj,attn,model.layers.1.self_attn.o_proj.weight,2.8765265941619873,2.8765292167663574,2.6226043701171875e-06,9.117260989138275e-07,0.010495831971638836,0.0017120887659595263,262.44833177154385,262.4517412741391,0.003409502595275171,-4.652960416295926e-06,4.174928114519475e-05
muon_grpo,Muon + GRPO,1,q_proj,attn,model.layers.1.self_attn.q_proj.weight,6.238831996917725,6.238597869873047,-0.00023412704467773438,-3.7527384099043555e-05,0.010056687926407903,0.0023856958001069292,196.74674783016465,196.75574350895602,0.00899567879136498,5.046718754744828e-06,5.2730150827049396e-05
muon_grpo,Muon + GRPO,1,v_proj,attn,model.layers.1.self_attn.v_proj.weight,0.8123999834060669,0.8123822212219238,-1.7762184143066406e-05,-2.1863841095363765e-05,0.001361161470413208,0.0005192172418162605,163.67597422487916,163.6812284071506,0.005254182271443142,-2.623764249837235e-06,3.1587645077425756e-05
muon_grpo,Muon + GRPO,10,down_proj,mlp,model.layers.10.mlp.down_proj.weight,7.043017387390137,7.042904376983643,-0.00011301040649414062,-1.6045737256942626e-05,-0.0028524398803710938,0.0027480985766437796,382.7604938021478,382.7662305659815,0.005736763833738223,-1.687282176924404e-06,3.4286109668971316e-05
muon_grpo,Muon + GRPO,10,gate_proj,mlp,model.layers.10.mlp.gate_proj.weight,8.740035057067871,8.739862442016602,-0.00017261505126953125,-1.9749926647026584e-05,-0.0038082003593444824,0.0027161688619274866,336.8723229301777,336.87854053752505,0.006217607347366538,2.3837632696227518e-06,4.0055629487688966e-05
muon_grpo,Muon + GRPO,10,up_proj,mlp,model.layers.10.mlp.up_proj.weight,3.592778205871582,3.5927112102508545,-6.699562072753906e-05,-1.86473021401794e-05,0.021509408950805664,0.002670582035076702,780.5921487873546,780.612691953831,0.020543166476386432,-6.130121721070747e-07,2.3294498741067177e-05
muon_grpo,Muon + GRPO,10,k_proj,attn,model.layers.10.self_attn.k_proj.weight,2.1872925758361816,2.187311887741089,1.9311904907226562e-05,8.829136586742997e-06,0.0014564841985702515,0.0005219588908074597,104.69434480857669,104.69408633467735,-0.00025847389933630893,1.7105124100746938e-06,1.1631976869541188e-05
muon_grpo,Muon + GRPO,10,o_proj,attn,model.layers.10.self_attn.o_proj.weight,2.311302423477173,2.3113319873809814,2.956390380859375e-05,1.2791014930931098e-05,0.007688710946240462,0.0019680285024940266,392.8175696155415,392.8158716725728,-0.0016979429686898584,3.6638931443094824e-06,4.6488569460405805e-05
muon_grpo,Muon + GRPO,10,q_proj,attn,model.layers.10.self_attn.q_proj.weight,3.4616098403930664,3.461627960205078,1.811981201171875e-05,5.234504420538983e-06,0.010335849859984592,0.001972420986894704,289.12609986952,289.12757228057666,0.0014724110566817217,2.855972529136608e-06,3.6203252205587664e-05
muon_grpo,Muon + GRPO,10,v_proj,attn,model.layers.10.self_attn.v_proj.weight,1.0966647863388062,1.096708059310913,4.3272972106933594e-05,3.945870483486532e-05,0.00021561980247497559,0.000495255690164807,180.94655223316158,180.93960920466782,-0.006943028493765269,2.8865816971423985e-07,2.122244266945924e-05
muon_grpo,Muon + GRPO,11,down_proj,mlp,model.layers.11.mlp.down_proj.weight,7.730634689331055,7.730348110198975,-0.0002865791320800781,-3.7070582636065075e-05,-0.012052208185195923,0.002740395328932135,344.5392709776938,344.55048464567136,0.011213667977585828,-2.9927948712316077e-07,2.4742245147122452e-05
muon_grpo,Muon + GRPO,11,gate_proj,mlp,model.layers.11.mlp.gate_proj.weight,8.870319366455078,8.87039566040039,7.62939453125e-05,8.60103702703435e-06,0.016927123069763184,0.0027073183063906743,331.4264975601546,331.42555524457697,-0.0009423155776175918,2.2440307291538009e-07,3.043820216545181e-05
muon_grpo,Muon + GRPO,11,up_proj,mlp,model.layers.11.mlp.up_proj.weight,3.565291404724121,3.5651650428771973,-0.00012636184692382812,-3.544222128839028e-05,-0.013138413429260254,0.0026338543930366004,784.0649510970906,784.089055866678,0.024104769587438568,5.235223141178413e-07,3.248202408885307e-05
muon_grpo,Muon + GRPO,11,k_proj,attn,model.layers.11.self_attn.k_proj.weight,2.42330265045166,2.4233131408691406,1.049041748046875e-05,4.328975366949533e-06,-0.00042175501585006714,0.0005832949871357461,101.4692038752348,101.46859057879331,-0.0006132964414859998,3.584041220749956e-07,2.153264588280703e-05
muon_grpo,Muon + GRPO,11,o_proj,attn,model.layers.11.self_attn.o_proj.weight,2.714001417160034,2.7139480113983154,-5.340576171875e-05,-1.9677868029499585e-05,-0.007725357363597141,0.0018672762987403332,323.351181824855,323.35469827349897,0.0035164486439498432,-6.252930074557295e-07,3.531424204919971e-05
muon_grpo,Muon + GRPO,11,q_proj,attn,model.layers.11.self_attn.q_proj.weight,3.473287582397461,3.4733030796051025,1.5497207641601562e-05,4.461826806435794e-06,-0.014676332066301256,0.0020757240121527126,288.82459935003567,288.81908520214375,-0.0055141478919154,1.9874441381656505e-06,3.768049683848327e-05
muon_grpo,Muon + GRPO,11,v_proj,attn,model.layers.11.self_attn.v_proj.weight,1.076063871383667,1.0759738683700562,-9.000301361083984e-05,-8.364095850101222e-05,0.00016871094703674316,0.0005095354079833188,177.0336174614847,177.04858275990168,0.014965298416967698,-3.3643955349577093e-06,2.667359222627387e-05
muon_grpo,Muon + GRPO,12,down_proj,mlp,model.layers.12.mlp.down_proj.weight,7.163233757019043,7.163215160369873,-1.8596649169921875e-05,-2.5961248509724486e-06,0.013488352298736572,0.0026558182714688967,361.39756634929597,361.40038758746886,0.0028212381728849323,-7.395615476898931e-07,2.427846877454449e-05
muon_grpo,Muon + GRPO,12,gate_proj,mlp,model.layers.12.mlp.gate_proj.weight,10.201515197753906,10.201168060302734,-0.000347137451171875,-3.4028028625424697e-05,0.009850621223449707,0.003116946735622998,295.6159277851848,295.6269529913431,0.011025206158308265,4.187541469830025e-07,3.989561327168743e-05
muon_grpo,Muon + GRPO,12,up_proj,mlp,model.layers.12.mlp.up_proj.weight,3.471902370452881,3.4721715450286865,0.00026917457580566406,7.752941963358044e-05,-0.009921878576278687,0.0027188035274118847,782.1945557351376,782.131059803714,-0.0634959314235175,1.061983651379217e-06,2.8607384910196007e-05
muon_grpo,Muon + GRPO,12,k_proj,attn,model.layers.12.self_attn.k_proj.weight,2.567537546157837,2.5675415992736816,4.0531158447265625e-06,1.5786004184405415e-06,0.0011240467429161072,0.0005567890065920762,86.51005331966668,86.51035454612988,0.00030122646319341584,-2.0034100381705056e-06,1.5031082031104517e-05
muon_grpo,Muon + GRPO,12,o_proj,attn,model.layers.12.self_attn.o_proj.weight,2.645681142807007,2.6457297801971436,4.863739013671875e-05,1.8383693087488084e-05,0.016943831091339234,0.001823186459631104,340.48173483695837,340.4818798586165,0.00014502165811336454,1.1298136621401556e-07,3.82104057750934e-05
muon_grpo,Muon + GRPO,12,q_proj,attn,model.layers.12.self_attn.q_proj.weight,3.3572638034820557,3.3573877811431885,0.0001239776611328125,3.692818568628015e-05,0.0002017437800532207,0.0017559264211784533,284.3650427990749,284.3546021912515,-0.01044060782339784,5.723137707080994e-07,3.4120167817052876e-05
muon_grpo,Muon + GRPO,12,v_proj,attn,model.layers.12.self_attn.v_proj.weight,1.1192669868469238,1.1194019317626953,0.00013494491577148438,0.00012056543912872512,-0.0003076493740081787,0.000574333498671185,180.18077240589398,180.15877661704343,-0.021995788850546205,1.7552690616956523e-06,3.694528226909644e-05
muon_grpo,Muon + GRPO,13,down_proj,mlp,model.layers.13.mlp.down_proj.weight,7.355894565582275,7.355941295623779,4.673004150390625e-05,6.352733999553623e-06,0.0036968737840652466,0.0028160265032288606,360.20627230263403,360.20448659231596,-0.001785710318074507,-8.435591722713576e-07,2.8855908918979595e-05
muon_grpo,Muon + GRPO,13,gate_proj,mlp,model.layers.13.mlp.gate_proj.weight,8.297859191894531,8.298527717590332,0.0006685256958007812,8.056604484850825e-05,0.01558142900466919,0.0030342602855820064,351.6710211766297,351.6445683294994,-0.02645284713031515,8.383207941234372e-07,3.277194937490199e-05
muon_grpo,Muon + GRPO,13,up_proj,mlp,model.layers.13.mlp.up_proj.weight,3.731966018676758,3.7316665649414062,-0.0002994537353515625,-8.024020954449626e-05,0.006070733070373535,0.002774472980395138,749.254489938031,749.3162419152779,0.061751977246899514,-2.322617868935617e-07,3.229313320783964e-05
muon_grpo,Muon + GRPO,13,k_proj,attn,model.layers.13.self_attn.k_proj.weight,2.5551741123199463,2.555121898651123,-5.221366882324219e-05,-2.04344856859227e-05,-0.0011897087097167969,0.0006012311360373643,97.90540656718649,97.90694163749639,0.001535070309898856,1.3100072549510067e-06,2.185362377914623e-05
muon_grpo,Muon + GRPO,13,o_proj,attn,model.layers.13.self_attn.o_proj.weight,2.726930618286133,2.7270641326904297,0.000133514404296875,4.89614232945862e-05,0.0027407336165197194,0.0016486242950211234,315.4737343774629,315.4592941031664,-0.014440274296475764,2.0923622031931988e-06,2.982785419358833e-05
muon_grpo,Muon + GRPO,13,q_proj,attn,model.layers.13.self_attn.q_proj.weight,3.571514129638672,3.5719175338745117,0.00040340423583984375,0.00011295048015970076,-0.00949753993700142,0.002114563655326831,286.26946186304514,286.2344722944846,-0.03498956856054747,6.4235094224679434e-06,3.615623821066288e-05
muon_grpo,Muon + GRPO,13,v_proj,attn,model.layers.13.self_attn.v_proj.weight,1.1234354972839355,1.123480200767517,4.470348358154297e-05,3.979176703034573e-05,-5.960464477539063e-08,0.0005615976010570138,163.77107703579986,163.76456050150486,-0.00651653429500243,-1.6661147268087761e-06,3.175539794060023e-05
muon_grpo,Muon + GRPO,14,down_proj,mlp,model.layers.14.mlp.down_proj.weight,6.946869373321533,6.946887016296387,1.7642974853515625e-05,2.5397015411389435e-06,0.01399916410446167,0.0029571448451447863,381.1877260034069,381.1887730736447,0.0010470702378029273,-1.906765038632574e-06,3.387362441609368e-05
muon_grpo,Muon + GRPO,14,gate_proj,mlp,model.layers.14.mlp.gate_proj.weight,8.213993072509766,8.215100288391113,0.0011072158813476562,0.00013479630084583808,-0.010266780853271484,0.0029367809444837884,340.80362808713716,340.7564454652963,-0.04718262184087507,2.9147491091216504e-06,4.405400998953213e-05
muon_grpo,Muon + GRPO,14,up_proj,mlp,model.layers.14.mlp.up_proj.weight,3.640230417251587,3.640169858932495,-6.0558319091796875e-05,-1.6635847776229246e-05,0.008078217506408691,0.002784748093402031,767.946517141178,767.9615119820377,0.01499484085968561,-1.4014661821187824e-06,2.504405678589771e-05
muon_grpo,Muon + GRPO,14,k_proj,attn,model.layers.14.self_attn.k_proj.weight,2.0714662075042725,2.0714495182037354,-1.6689300537109375e-05,-8.056757323218343e-06,5.6959688663482666e-05,0.0005691355825244959,103.14787126372195,103.14872980528732,0.0008585415653641348,-2.935548906013441e-06,1.9146764309836655e-05
muon_grpo,Muon + GRPO,14,o_proj,attn,model.layers.14.self_attn.o_proj.weight,2.605828285217285,2.605759859085083,-6.842613220214844e-05,-2.6258879984658226e-05,0.010598308523185551,0.0016179461467699567,302.43177964049823,302.44378863102355,0.012008990525316676,-4.130842195679274e-06,2.689800292877682e-05
muon_grpo,Muon + GRPO,14,q_proj,attn,model.layers.14.self_attn.q_proj.weight,3.6657183170318604,3.6663384437561035,0.0006201267242431641,0.00016916922431325327,-0.009242051834007725,0.002090153185540549,242.9131846378718,242.86957736817982,-0.04360726969198936,5.314603884754021e-07,5.439525961369761e-05
muon_grpo,Muon + GRPO,14,v_proj,attn,model.layers.14.self_attn.v_proj.weight,1.061585783958435,1.0615510940551758,-3.4689903259277344e-05,-3.267743764420604e-05,0.0010337978601455688,0.000564307981527146,154.4324269611544,154.43844743802762,0.006020476873231928,-3.3742500463174174e-06,3.606333794807055e-05
muon_grpo,Muon + GRPO,15,down_proj,mlp,model.layers.15.mlp.down_proj.weight,6.8657002449035645,6.865776538848877,7.62939453125e-05,1.1112332696017902e-05,-0.011776924133300781,0.002800008595389582,388.96843032293066,388.96239271596073,-0.006037606969925946,7.311962305286968e-07,3.293349391836264e-05
muon_grpo,Muon + GRPO,15,gate_proj,mlp,model.layers.15.mlp.gate_proj.weight,8.500003814697266,8.500011444091797,7.62939453125e-06,8.975754243848803e-07,-0.008247196674346924,0.002669246268253467,339.0675433921619,339.06626879661496,-0.001274595546931323,-1.4483434756379365e-07,2.9304149125937503e-05
muon_grpo,Muon + GRPO,15,up_proj,mlp,model.layers.15.mlp.up_proj.weight,3.7414653301239014,3.741467237472534,1.9073486328125e-06,5.097865313506291e-07,0.004464447498321533,0.002759673973187336,756.3553093837107,756.3561170385801,0.0008076548693907171,-3.606884884897743e-07,2.5466534964138678e-05
muon_grpo,Muon + GRPO,15,k_proj,attn,model.layers.15.self_attn.k_proj.weight,2.381193161010742,2.381218910217285,2.574920654296875e-05,1.0813573197076971e-05,0.0018985345959663391,0.0005294047374033704,82.45236090027703,82.45226660055773,-9.429971929364456e-05,-1.9016997700460614e-06,1.6364436174478566e-05
muon_grpo,Muon + GRPO,15,o_proj,attn,model.layers.15.self_attn.o_proj.weight,2.9801230430603027,2.9800734519958496,-4.9591064453125e-05,-1.6640609711939845e-05,0.004075964585354086,0.0018550695567923112,309.46083873790724,309.4673561802783,0.006517442371034576,-3.192823493106123e-06,2.400742918573389e-05
muon_grpo,Muon + GRPO,15,q_proj,attn,model.layers.15.self_attn.q_proj.weight,3.580899953842163,3.5808072090148926,-9.274482727050781e-05,-2.5899865527099215e-05,0.002235270309029147,0.001926845379884967,256.36013440010373,256.3673985015129,0.007264101409191426,3.621734638678542e-06,5.069758260135602e-05
muon_grpo,Muon + GRPO,15,v_proj,attn,model.layers.15.self_attn.v_proj.weight,1.3750841617584229,1.3749955892562866,-8.857250213623047e-05,-6.441242259889474e-05,0.0018777251243591309,0.0005512771244946186,160.35833618984657,160.3700315467806,0.011695356934041001,6.300906192774347e-07,2.3732818554107612e-05
muon_grpo,Muon + GRPO,16,down_proj,mlp,model.layers.16.mlp.down_proj.weight,5.6885600090026855,5.688579082489014,1.9073486328125e-05,3.352955106026727e-06,0.014338016510009766,0.0027831973556957557,479.29060066095127,479.2915141181988,0.000913457247520455,-5.400660195442608e-08,2.2172464731481156e-05
muon_grpo,Muon + GRPO,16,gate_proj,mlp,model.layers.16.mlp.gate_proj.weight,9.195464134216309,9.195374488830566,-8.96453857421875e-05,-9.748870142249497e-06,0.02320098876953125,0.0027974887005340525,315.4378319542139,315.4434302618147,0.005598307600791941,6.452317663219187e-07,3.412891462261507e-05
muon_grpo,Muon + GRPO,16,up_proj,mlp,model.layers.16.mlp.up_proj.weight,3.921692132949829,3.921830415725708,0.00013828277587890625,3.5260997342719083e-05,-0.01390218734741211,0.0028952638590735015,736.7633424574203,736.7338195420378,-0.029522915382472092,3.001679060657403e-07,3.128252302652848e-05
muon_grpo,Muon + GRPO,16,k_proj,attn,model.layers.16.self_attn.k_proj.weight,2.4901044368743896,2.4900598526000977,-4.458427429199219e-05,-1.7904580077755666e-05,0.0007010847330093384,0.0005460760946879718,92.60678664670195,92.60872631538305,0.0019396686811035124,-1.234953632522906e-06,2.3718421918395318e-05
muon_grpo,Muon + GRPO,16,o_proj,attn,model.layers.16.self_attn.o_proj.weight,3.190805435180664,3.1909220218658447,0.00011658668518066406,3.6538324742468323e-05,-0.0032135308865690604,0.0018813087178921831,272.87572864259516,272.86475149952645,-0.010977143068714668,-2.919379643473441e-06,4.642049065826434e-05
muon_grpo,Muon + GRPO,16,q_proj,attn,model.layers.16.self_attn.q_proj.weight,11.11042594909668,11.110393524169922,-3.24249267578125e-05,-2.918423371558385e-06,0.005675550492014736,0.001841143661417495,89.44322215337678,89.44399401986384,0.0007718664870566272,-3.651455321052044e-06,4.390975070209074e-05
muon_grpo,Muon + GRPO,16,v_proj,attn,model.layers.16.self_attn.v_proj.weight,1.1914799213409424,1.1914705038070679,-9.417533874511719e-06,-7.904064269847556e-06,-2.771615982055664e-06,0.0005364596964911552,172.05898558038544,172.0603432302005,0.0013576498150484895,1.2395830925326923e-06,2.1769578594861246e-05
muon_grpo,Muon + GRPO,17,down_proj,mlp,model.layers.17.mlp.down_proj.weight,5.263240814208984,5.263307571411133,6.67572021484375e-05,1.268366858081345e-05,0.015028834342956543,0.0028998803359253688,522.691350195546,522.6875760330989,-0.003774162447029994,2.3952955451045366e-07,2.5295421882414743e-05
muon_grpo,Muon + GRPO,17,gate_proj,mlp,model.layers.17.mlp.gate_proj.weight,8.850125312805176,8.850066184997559,-5.91278076171875e-05,-6.681013604591106e-06,0.01023322343826294,0.002990120331026262,326.7646132692581,326.76795269045675,0.0033394211986319533,-1.3708474670900972e-06,3.57624106603186e-05
muon_grpo,Muon + GRPO,17,up_proj,mlp,model.layers.17.mlp.up_proj.weight,4.878442764282227,4.878568172454834,0.00012540817260742188,2.570659914790932e-05,0.05345568060874939,0.0030539512041043793,591.2904625169439,591.286220088624,-0.004242428319912506,-7.350487359059077e-07,3.3180257650721414e-05
muon_grpo,Muon + GRPO,17,k_proj,attn,model.layers.17.self_attn.k_proj.weight,1.8933212757110596,1.893290638923645,-3.063678741455078e-05,-1.6181504854766272e-05,-0.0001447424292564392,0.0005317212689984923,99.86179918972846,99.8633386798751,0.0015394901466407873,7.725499728272744e-07,2.0213650608597912e-05
muon_grpo,Muon + GRPO,17,o_proj,attn,model.layers.17.self_attn.o_proj.weight,2.656911611557007,2.656967878341675,5.626678466796875e-05,2.117751468404898e-05,-0.007587115411297418,0.0017665935943481017,339.7938221505987,339.7837707602709,-0.01005139032781699,2.4288154178014887e-06,2.9674997313471818e-05
muon_grpo,Muon + GRPO,17,q_proj,attn,model.layers.17.self_attn.q_proj.weight,3.6231441497802734,3.6227610111236572,-0.00038313865661621094,-0.00010574756089664456,-0.005144076625583693,0.0022602045952386297,249.2671581613942,249.29210041047259,0.02494224907837861,3.7999829309021127e-06,6.922289856793373e-05
muon_grpo,Muon + GRPO,17,v_proj,attn,model.layers.17.self_attn.v_proj.weight,1.5452799797058105,1.5452560186386108,-2.396106719970703e-05,-1.550597141902319e-05,-0.0003616809844970703,0.0005047652678290361,143.974417615771,143.97641605465347,0.0019984388824809685,-1.092832361479501e-06,2.121977828721664e-05
muon_grpo,Muon + GRPO,18,down_proj,mlp,model.layers.18.mlp.down_proj.weight,4.964751720428467,4.964753150939941,1.430511474609375e-06,2.881335372166243e-07,0.03570985794067383,0.002741585044296354,552.6854617613661,552.692495189612,0.007033428245904361,9.283705007107068e-07,4.529319701886698e-05
muon_grpo,Muon + GRPO,18,gate_proj,mlp,model.layers.18.mlp.gate_proj.weight,9.15322494506836,9.153289794921875,6.4849853515625e-05,7.084918583866473e-06,-0.0015928149223327637,0.0028724789867797455,325.55749206306785,325.55501151551584,-0.002480547552011103,-7.013264291116927e-07,4.548221205617815e-05
muon_grpo,Muon + GRPO,18,up_proj,mlp,model.layers.18.mlp.up_proj.weight,4.089057922363281,4.088882923126221,-0.00017499923706054688,-4.279695724129181e-05,-0.019668281078338623,0.00290527764241349,698.6332644262479,698.6583548993942,0.025090473146292425,3.263486554085093e-07,2.8255101406134205e-05
muon_grpo,Muon + GRPO,18,k_proj,attn,model.layers.18.self_attn.k_proj.weight,2.235016345977783,2.234949827194214,-6.651878356933594e-05,-2.9762101601201066e-05,-0.002313390374183655,0.0005782293674972485,99.79688014036297,99.79881529642068,0.0019351560577121063,2.276172657716957e-06,2.059181699764357e-05
muon_grpo,Muon + GRPO,18,o_proj,attn,model.layers.18.self_attn.o_proj.weight,2.6267247200012207,2.626620054244995,-0.00010466575622558594,-3.9846488453322695e-05,0.018027126316155773,0.0019896401916810994,366.5139663768355,366.5354344942677,0.021468117432164036,-4.2463350302668346e-07,5.195633728737366e-05
muon_grpo,Muon + GRPO,18,q_proj,attn,model.layers.18.self_attn.q_proj.weight,3.6732170581817627,3.6732699871063232,5.2928924560546875e-05,1.440941924263703e-05,-0.008178433898137882,0.00207096856308996,282.2737368477805,282.2674430334673,-0.006293814313210078,-8.820796354863658e-07,4.380198051824429e-05
muon_grpo,Muon + GRPO,18,v_proj,attn,model.layers.18.self_attn.v_proj.weight,1.1093703508377075,1.109339952468872,-3.039836883544922e-05,-2.740146138978278e-05,-0.0004153251647949219,0.0006137706731333961,192.89805377628136,192.90296522025253,0.004911443971167273,1.8832740746599352e-06,3.343815463188696e-05
muon_grpo,Muon + GRPO,19,down_proj,mlp,model.layers.19.mlp.down_proj.weight,4.505390167236328,4.505454063415527,6.389617919921875e-05,1.4182163326026344e-05,0.01330101490020752,0.002727019468148041,613.5122004044457,613.5064518005906,-0.005748603855067813,-4.701698544627708e-07,2.663135115648992e-05
muon_grpo,Muon + GRPO,19,gate_proj,mlp,model.layers.19.mlp.gate_proj.weight,9.142460823059082,9.142538070678711,7.724761962890625e-05,8.449324653825431e-06,-0.0009165704250335693,0.0026503251621455616,325.81934503521336,325.8164918516601,-0.0028531835532703553,1.0946091975189143e-07,3.215878565822314e-05
muon_grpo,Muon + GRPO,19,up_proj,mlp,model.layers.19.mlp.up_proj.weight,3.9848127365112305,3.9844064712524414,-0.0004062652587890625,-0.00010195341303409768,-0.006188839673995972,0.0026966160980629477,720.9175386779777,720.9894929107628,0.07195423278506041,-5.616760191604064e-07,2.583571542165316e-05
muon_grpo,Muon + GRPO,19,k_proj,attn,model.layers.19.self_attn.k_proj.weight,2.1415019035339355,2.1414403915405273,-6.151199340820312e-05,-2.87237631247001e-05,0.00011225789785385132,0.0005865856123581444,92.63342355665874,92.63613683528186,0.0027132786231192085,-2.512704050217085e-06,2.5315578738997078e-05
muon_grpo,Muon + GRPO,19,o_proj,attn,model.layers.19.self_attn.o_proj.weight,2.723078727722168,2.722996950149536,-8.177757263183594e-05,-3.0031292081019697e-05,-0.00283072217280278,0.0018976075484445475,370.36489525246844,370.37497856157665,0.01008330910821087,1.7858944344334438e-06,3.057566372564511e-05
muon_grpo,Muon + GRPO,19,q_proj,attn,model.layers.19.self_attn.q_proj.weight,3.4177815914154053,3.417897939682007,0.0001163482666015625,3.4042042620218814e-05,0.004825417578103952,0.0017849747956783474,277.1342155247668,277.1261934397022,-0.008022085064567364,1.4522486238982557e-06,3.945390053045066e-05
muon_grpo,Muon + GRPO,19,v_proj,attn,model.layers.19.self_attn.v_proj.weight,1.4167624711990356,1.4167709350585938,8.463859558105469e-06,5.974085092007221e-06,0.000879436731338501,0.0005068909051024233,169.46917430991954,169.46878262588248,-0.00039168403705502897,3.142992877624984e-07,2.4900250149016307e-05
muon_grpo,Muon + GRPO,2,down_proj,mlp,model.layers.2.mlp.down_proj.weight,4.680747985839844,4.6807942390441895,4.6253204345703125e-05,9.881583987351572e-06,0.010821133852005005,0.0026563961535028074,563.8036829911453,563.8004235885036,-0.003259402641674569,-1.9946299415103674e-06,4.383373934944759e-05
muon_grpo,Muon + GRPO,2,gate_proj,mlp,model.layers.2.mlp.gate_proj.weight,8.03636360168457,8.036105155944824,-0.00025844573974609375,-3.21595378899878e-05,0.015554100275039673,0.0027498018346837853,385.1968407140462,385.2111643920578,0.014323678011635366,-1.6908232510978727e-07,3.431121199916574e-05
muon_grpo,Muon + GRPO,2,up_proj,mlp,model.layers.2.mlp.up_proj.weight,3.371889114379883,3.3716773986816406,-0.0002117156982421875,-6.278845212889621e-05,0.034610211849212646,0.002722935191174572,788.5030068721536,788.5627838474343,0.05977697528066983,-2.3090622616045442e-07,2.3983120168467032e-05
muon_grpo,Muon + GRPO,2,k_proj,attn,model.layers.2.self_attn.k_proj.weight,2.434812545776367,2.4348208904266357,8.344650268554688e-06,3.427224934843558e-06,0.0006914734840393066,0.0006088200371764556,123.39647052992927,123.39633161749089,-0.00013891243838770606,6.09404624055121e-07,1.9943640728284464e-05
muon_grpo,Muon + GRPO,2,o_proj,attn,model.layers.2.self_attn.o_proj.weight,2.9217090606689453,2.9215550422668457,-0.00015401840209960938,-5.2715174201618075e-05,-0.0009483196299697738,0.0016712678972077585,291.4020537483149,291.4170912740234,0.015037525708464727,-1.0889932967120264e-06,3.710288496095663e-05
muon_grpo,Muon + GRPO,2,q_proj,attn,model.layers.2.self_attn.q_proj.weight,3.5897128582000732,3.5899300575256348,0.00021719932556152344,6.050604439443379e-05,0.003351182080223225,0.0019724918444126104,323.5709957077756,323.55235238634975,-0.018643321425827253,-1.688095210283791e-06,2.9792243129367996e-05
muon_grpo,Muon + GRPO,2,v_proj,attn,model.layers.2.self_attn.v_proj.weight,0.9195089936256409,0.9195471405982971,3.814697265625e-05,4.1486242027754164e-05,0.000254213809967041,0.0005945524237081262,163.32481572167814,163.31831672537265,-0.0064989963054813416,2.8105661016991634e-06,4.190497653181463e-05
muon_grpo,Muon + GRPO,20,down_proj,mlp,model.layers.20.mlp.down_proj.weight,4.750884056091309,4.750881195068359,-2.86102294921875e-06,-6.022085395981221e-07,0.013943910598754883,0.0028969527358809885,589.8277133559617,589.8310035710988,0.0032902151370990396,7.602274073731374e-07,3.3653783446515186e-05
muon_grpo,Muon + GRPO,20,gate_proj,mlp,model.layers.20.mlp.gate_proj.weight,9.011964797973633,9.01237678527832,0.0004119873046875,4.5715591874053544e-05,0.012921541929244995,0.002970620107599499,330.80240293241184,330.7887145512691,-0.0136883811427424,6.4494107054891e-08,2.7233558141401303e-05
muon_grpo,Muon + GRPO,20,up_proj,mlp,model.layers.20.mlp.up_proj.weight,4.144670486450195,4.144704341888428,3.3855438232421875e-05,8.168426981855968e-06,0.0033465325832366943,0.002794164908921371,701.5361998726071,701.531276895908,-0.004922976699049286,9.638754183069476e-07,2.361935381268058e-05
muon_grpo,Muon + GRPO,20,k_proj,attn,model.layers.20.self_attn.k_proj.weight,1.9967265129089355,1.9967535734176636,2.7060508728027344e-05,1.3552436226533687e-05,0.0002842545509338379,0.0005270645025572978,97.02214780770538,97.02097529740776,-0.001172510297621443,3.879152782104711e-06,2.0273253431795925e-05
muon_grpo,Muon + GRPO,20,o_proj,attn,model.layers.20.self_attn.o_proj.weight,3.3813040256500244,3.381132125854492,-0.00017189979553222656,-5.083831392510776e-05,0.015904395426332485,0.002007983555086158,276.168885469834,276.18763001101485,0.018744541180865326,-5.489037194134072e-06,3.098212031512301e-05
muon_grpo,Muon + GRPO,20,q_proj,attn,model.layers.20.self_attn.q_proj.weight,3.2788546085357666,3.279233694076538,0.0003790855407714844,0.00011561523337589283,-0.0021694759489037097,0.0019247056971396267,279.27648973379974,279.2435432697281,-0.03294646407164237,4.503722187715331e-06,4.117401030373745e-05
muon_grpo,Muon + GRPO,20,v_proj,attn,model.layers.20.self_attn.v_proj.weight,1.507444977760315,1.5075089931488037,6.401538848876953e-05,4.2466152617975044e-05,-0.0003659278154373169,0.000480905866868433,156.78896592743666,156.78206524927995,-0.0069006781567111375,2.5744197096333465e-07,1.908070577147909e-05
muon_grpo,Muon + GRPO,21,down_proj,mlp,model.layers.21.mlp.down_proj.weight,4.243462085723877,4.243496417999268,3.4332275390625e-05,8.09062852384797e-06,-0.020650595426559448,0.002753169837823288,657.5547581042533,657.5445717055368,-0.01018639871654159,2.619793547861682e-07,2.742505262704533e-05
muon_grpo,Muon + GRPO,21,gate_proj,mlp,model.layers.21.mlp.gate_proj.weight,10.714250564575195,10.714341163635254,9.059906005859375e-05,8.455940013027488e-06,-0.04397237300872803,0.002953028210320526,286.3042982611205,286.29777324271254,-0.00652501840795594,6.818965618063388e-07,2.0717124062543975e-05
muon_grpo,Muon + GRPO,21,up_proj,mlp,model.layers.21.mlp.up_proj.weight,4.429757595062256,4.429996013641357,0.0002384185791015625,5.382203743322704e-05,0.009053647518157959,0.002735407225847907,655.6409106554179,655.607668339545,-0.0332423158729398,1.0999904384752235e-06,2.503621394506925e-05
muon_grpo,Muon + GRPO,21,k_proj,attn,model.layers.21.self_attn.k_proj.weight,2.4924468994140625,2.4924285411834717,-1.8358230590820312e-05,-7.365545318191558e-06,-0.00013402104377746582,0.0005682236088144025,80.93438666709552,80.93492902611086,0.0005423590153412761,-1.7994586952729819e-06,2.1412254401311125e-05
muon_grpo,Muon + GRPO,21,o_proj,attn,model.layers.21.self_attn.o_proj.weight,3.487109661102295,3.4871253967285156,1.5735626220703125e-05,4.512512582047393e-06,-0.00798641113578924,0.0020348541658286585,274.1285379738176,274.12501071455773,-0.0035272592598403207,-1.078403462015376e-07,5.01689020738529e-05
muon_grpo,Muon + GRPO,21,q_proj,attn,model.layers.21.self_attn.q_proj.weight,3.9735939502716064,3.973580837249756,-1.3113021850585938e-05,-3.3000407225025157e-06,0.01773828428122215,0.0019284003041644985,253.3714035591795,253.3767037531091,0.005300193929599573,1.2414304066121762e-06,4.20523317980915e-05
muon_grpo,Muon + GRPO,21,v_proj,attn,model.layers.21.self_attn.v_proj.weight,1.259284257888794,1.2592707872390747,-1.3470649719238281e-05,-1.0697068302769064e-05,-0.0007281601428985596,0.0005119090939988026,182.47559908789034,182.47697282319194,0.0013737353015983444,2.567561659116979e-07,1.76360922237069e-05
muon_grpo,Muon + GRPO,22,down_proj,mlp,model.layers.22.mlp.down_proj.weight,4.425082683563232,4.425108432769775,2.574920654296875e-05,5.818920997479438e-06,0.0013558566570281982,0.0027275990726955304,629.3632092496922,629.3598534569846,-0.003355792707566252,-1.9973630774328122e-07,2.655773679915447e-05
muon_grpo,Muon + GRPO,22,gate_proj,mlp,model.layers.22.mlp.gate_proj.weight,10.219348907470703,10.219415664672852,6.67572021484375e-05,6.532432031911117e-06,0.004993945360183716,0.0027063621002840163,301.1379709311907,301.13649245301394,-0.0014784781767502864,9.426398842327099e-07,2.1269280402738703e-05
muon_grpo,Muon + GRPO,22,up_proj,mlp,model.layers.22.mlp.up_proj.weight,4.507721900939941,4.507720470428467,-1.430511474609375e-06,-3.1734687854436793e-07,0.024252891540527344,0.0026787729788553026,633.9145995814935,633.9201810530631,0.0055814715695987616,-2.582064668466e-07,2.8117619297895943e-05
muon_grpo,Muon + GRPO,22,k_proj,attn,model.layers.22.self_attn.k_proj.weight,2.323201894760132,2.3232080936431885,6.198883056640625e-06,2.6682498282314175e-06,0.00021550804376602173,0.0005075434101001032,76.18677721537856,76.18666669369118,-0.0001105216873753534,-2.463956149556523e-06,1.7431298408670014e-05
muon_grpo,Muon + GRPO,22,o_proj,attn,model.layers.22.self_attn.o_proj.weight,3.3842482566833496,3.3841025829315186,-0.0001456737518310547,-4.304464116761302e-05,-0.0029475961200660095,0.0020522722121381594,314.2143184073667,314.2269732195279,0.01265481216120179,6.209189496106382e-07,3.5459697601858794e-05
muon_grpo,Muon + GRPO,22,q_proj,attn,model.layers.22.self_attn.q_proj.weight,4.277806282043457,4.277456760406494,-0.0003495216369628906,-8.17058122594388e-05,-0.006199507326527964,0.001994206393611561,210.764672607664,210.78044536933908,0.01577276167506625,9.305533079650985e-07,4.8970864103627655e-05
muon_grpo,Muon + GRPO,22,v_proj,attn,model.layers.22.self_attn.v_proj.weight,1.5017176866531372,1.501758337020874,4.0650367736816406e-05,2.7069247501115513e-05,0.0021082162857055664,0.0007325180932193566,141.2982799279307,141.29585902526992,-0.0024209026607877604,3.101577284170265e-06,4.538668020970477e-05
muon_grpo,Muon + GRPO,23,down_proj,mlp,model.layers.23.mlp.down_proj.weight,4.294793605804443,4.29484224319458,4.863739013671875e-05,1.1324732827902365e-05,0.0027827322483062744,0.0029285449207770084,657.3871997002832,657.3804029743962,-0.0067967258869430225,-1.2529901882371575e-07,3.0168961581215674e-05
muon_grpo,Muon + GRPO,23,gate_proj,mlp,model.layers.23.mlp.gate_proj.weight,9.416055679321289,9.415926933288574,-0.00012874603271484375,-1.3673032222779272e-05,-0.02213636040687561,0.0027740189656906868,323.35001900931286,323.35208929637616,0.0020702870633044768,6.01797565384643e-07,3.9552798145195575e-05
muon_grpo,Muon + GRPO,23,up_proj,mlp,model.layers.23.mlp.up_proj.weight,4.097199440002441,4.097322463989258,0.00012302398681640625,3.0026360351238588e-05,-0.002005338668823242,0.002628228832144138,707.3854456892388,707.3637166900702,-0.021728999168658447,4.3321434779405865e-07,2.4521605249529285e-05
muon_grpo,Muon + GRPO,23,k_proj,attn,model.layers.23.self_attn.k_proj.weight,2.063950300216675,2.06390118598938,-4.9114227294921875e-05,-2.379622575687304e-05,0.0002378225326538086,0.0006009257802396463,96.3777786569803,96.38018736854727,0.002408711566971533,-3.9896330418509596e-06,2.1210132143967066e-05
muon_grpo,Muon + GRPO,23,o_proj,attn,model.layers.23.self_attn.o_proj.weight,3.8522469997406006,3.8524656295776367,0.0002186298370361328,5.675384705364291e-05,0.005405195610364899,0.0017555924787502313,267.0628885401223,267.04913560231984,-0.013752937802451015,4.10638205630004e-06,5.2283717989251536e-05
muon_grpo,Muon + GRPO,23,q_proj,attn,model.layers.23.self_attn.q_proj.weight,3.747816324234009,3.748162031173706,0.0003457069396972656,9.22422311525425e-05,-0.000581023578888562,0.0020009988947787393,266.52674073350215,266.5020029642451,-0.024737769257058062,-1.3586690501971033e-06,4.4437096063043325e-05
muon_grpo,Muon + GRPO,23,v_proj,attn,model.layers.23.self_attn.v_proj.weight,1.5216680765151978,1.5217223167419434,5.424022674560547e-05,3.564524194384237e-05,-0.0017262399196624756,0.0005671686785647093,156.31201185114202,156.3053058714943,-0.006705979647705362,-7.169662119554943e-08,2.006817587847495e-05
muon_grpo,Muon + GRPO,24,down_proj,mlp,model.layers.24.mlp.down_proj.weight,3.7717514038085938,3.7716543674468994,-9.703636169433594e-05,-2.572713609819346e-05,-0.01897987723350525,0.0026581029073374156,765.6929290262273,765.7075963773111,0.014667351083858193,6.852610614400956e-07,3.043239016313682e-05
muon_grpo,Muon + GRPO,24,gate_proj,mlp,model.layers.24.mlp.gate_proj.weight,9.900635719299316,9.901338577270508,0.0007028579711914062,7.099119603212193e-05,0.00817444920539856,0.002910637202199461,303.49873685398614,303.4780182354238,-0.020718618562341362,8.247350629653205e-07,3.263934176033467e-05
muon_grpo,Muon + GRPO,24,up_proj,mlp,model.layers.24.mlp.up_proj.weight,5.177526473999023,5.177505970001221,-2.0503997802734375e-05,-3.9601917837993155e-06,0.01611769199371338,0.002684134557757719,573.3188903335403,573.3242738176777,0.005383484137496453,-3.8471170516612974e-07,1.7574655049497895e-05
muon_grpo,Muon + GRPO,24,k_proj,attn,model.layers.24.self_attn.k_proj.weight,2.1446313858032227,2.144603729248047,-2.765655517578125e-05,-1.2895715020706517e-05,0.000963553786277771,0.0005734386776536343,97.9228542753075,97.92456636904232,0.0017120937348238385,-6.805035548673732e-07,2.4252851157476376e-05
muon_grpo,Muon + GRPO,24,o_proj,attn,model.layers.24.self_attn.o_proj.weight,2.688019037246704,2.6880035400390625,-1.5497207641601562e-05,-5.765289392248914e-06,0.00506110698916018,0.0020391108854220384,385.3555287484479,385.35963329722165,0.004104548773739225,-4.6624625347352344e-07,3.756946189344602e-05
muon_grpo,Muon + GRPO,24,q_proj,attn,model.layers.24.self_attn.q_proj.weight,4.313114643096924,4.3128204345703125,-0.0002942085266113281,-6.82125449835201e-05,0.0069621917318727355,0.001972726416012714,231.5966517066492,231.61406488267588,0.01741317602667891,-6.532524517155469e-08,5.3573344011404693e-05
muon_grpo,Muon + GRPO,24,v_proj,attn,model.layers.24.self_attn.v_proj.weight,1.4349654912948608,1.4349087476730347,-5.6743621826171875e-05,-3.954354454542909e-05,-0.0007508695125579834,0.0005566463072245563,184.00804773437505,184.0148010652588,0.006753330883753961,3.315008839654965e-07,1.506217894381664e-05
muon_grpo,Muon + GRPO,25,down_proj,mlp,model.layers.25.mlp.down_proj.weight,4.062180995941162,4.061991214752197,-0.00018978118896484375,-4.671903816065034e-05,-0.014861643314361572,0.0030045865568260445,725.6278353643398,725.658078873873,0.03024350953319299,-2.754704196902824e-07,3.05986421910487e-05
muon_grpo,Muon + GRPO,25,gate_proj,mlp,model.layers.25.mlp.gate_proj.weight,8.875574111938477,8.876023292541504,0.00044918060302734375,5.060862512805272e-05,-0.002665698528289795,0.0027209357327628914,332.3430939380161,332.32597503635634,-0.017118901659785024,9.049707889313696e-07,2.6649419320262193e-05
muon_grpo,Muon + GRPO,25,up_proj,mlp,model.layers.25.mlp.up_proj.weight,5.963744163513184,5.9638166427612305,7.2479248046875e-05,1.2153312761186286e-05,0.011647701263427734,0.0029027976326723515,507.9428938021143,507.9386737498831,-0.004220052231232785,1.281775259230622e-07,2.9194726069903154e-05
muon_grpo,Muon + GRPO,25,k_proj,attn,model.layers.25.self_attn.k_proj.weight,2.277482509613037,2.277446746826172,-3.5762786865234375e-05,-1.5702771246006522e-05,0.00025607645511627197,0.0004950628844886925,68.36160142723534,68.3627873508318,0.0011859235964521986,-4.258575476534521e-06,2.171492201920557e-05
muon_grpo,Muon + GRPO,25,o_proj,attn,model.layers.25.self_attn.o_proj.weight,3.9874706268310547,3.987572193145752,0.00010156631469726562,2.5471363729639053e-05,0.0012429877097019926,0.0019633125780445285,295.5575516931224,295.5503353463823,-0.007216346740051449,2.305815746672657e-06,4.018386273241816e-05
muon_grpo,Muon + GRPO,25,q_proj,attn,model.layers.25.self_attn.q_proj.weight,4.10963773727417,4.109982967376709,0.0003452301025390625,8.400499620875242e-05,0.004380105179734528,0.0018970587796352406,213.9117165433209,213.8948141232359,-0.01690242008498899,1.6619667341649658e-06,4.477159195774922e-05
muon_grpo,Muon + GRPO,25,v_proj,attn,model.layers.25.self_attn.v_proj.weight,2.1371097564697266,2.1371021270751953,-7.62939453125e-06,-3.5699591507424176e-06,-0.0013740062713623047,0.000625391469503762,142.66556512509138,142.66543150752327,-0.00013361756811036685,1.3674398557927958e-06,1.3350340433578211e-05
muon_grpo,Muon + GRPO,26,down_proj,mlp,model.layers.26.mlp.down_proj.weight,4.550954341888428,4.550846576690674,-0.00010776519775390625,-2.367969213885562e-05,-0.030759036540985107,0.002882238293497082,653.9135157265113,653.9222415936936,0.008725867182306501,-9.434024344952274e-07,3.0428178012976976e-05
muon_grpo,Muon + GRPO,26,gate_proj,mlp,model.layers.26.mlp.gate_proj.weight,8.680781364440918,8.680562019348145,-0.0002193450927734375,-2.526789738904619e-05,0.01421847939491272,0.0027047588852816156,336.8409350429373,336.85108448779414,0.010149444856835999,-3.893676666505419e-07,3.773932567819838e-05
muon_grpo,Muon + GRPO,26,up_proj,mlp,model.layers.26.mlp.up_proj.weight,6.47318696975708,6.4734649658203125,0.0002779960632324219,4.294577995834628e-05,-0.021653592586517334,0.002900165076040599,475.5178733540735,475.4941077679171,-0.023765586156400786,9.737596256727266e-07,3.532998966817508e-05
muon_grpo,Muon + GRPO,26,k_proj,attn,model.layers.26.self_attn.k_proj.weight,1.758839726448059,1.758709192276001,-0.00013053417205810547,-7.421606988700247e-05,0.0025596097111701965,0.0007403295811227817,97.89228877327072,97.9010098845519,0.008721111281175808,-1.3495870807483934e-05,3.81421837287947e-05
muon_grpo,Muon + GRPO,26,o_proj,attn,model.layers.26.self_attn.o_proj.weight,4.080582141876221,4.0803608894348145,-0.00022125244140625,-5.422080323679499e-05,-0.004336814483394846,0.001981469623588963,281.9670412813022,281.9812677390517,0.014226457749487054,9.419132596805158e-08,3.400918723562033e-05
muon_grpo,Muon + GRPO,26,q_proj,attn,model.layers.26.self_attn.q_proj.weight,3.3151118755340576,3.315159559249878,4.76837158203125e-05,1.4383742573583811e-05,0.011717754459823482,0.00191399641879897,262.6555989924213,262.65535567367095,-0.00024331875033567485,-4.81781363501077e-06,4.5303351307090165e-05
muon_grpo,Muon + GRPO,26,v_proj,attn,model.layers.26.self_attn.v_proj.weight,1.7621698379516602,1.762145757675171,-2.4080276489257812e-05,-1.3665128054426718e-05,-0.0037310123443603516,0.0009215602061354116,190.91604179147936,190.9165334072974,0.0004916158180492403,-3.2171487886201167e-07,1.9261112046615446e-05
muon_grpo,Muon + GRPO,27,down_proj,mlp,model.layers.27.mlp.down_proj.weight,6.912415027618408,6.912131309509277,-0.0002837181091308594,-4.104471563082796e-05,-0.03072035312652588,0.002608666834578883,394.66704806060267,394.6788033111683,0.01175525056561355,-2.0500297116497757e-06,3.957358409704285e-05
muon_grpo,Muon + GRPO,27,gate_proj,mlp,model.layers.27.mlp.gate_proj.weight,12.510846138000488,12.51109504699707,0.00024890899658203125,1.989545661711834e-05,-0.04321640729904175,0.0030867589994257086,247.63224887579236,247.6238679705643,-0.00838090522805146,1.7246141380336533e-06,3.094291882696049e-05
muon_grpo,Muon + GRPO,27,up_proj,mlp,model.layers.27.mlp.up_proj.weight,8.75754451751709,8.756829261779785,-0.0007152557373046875,-8.167309179805054e-05,-0.04418104887008667,0.003062744587876023,348.96551565708563,348.98897375272554,0.02345809563990997,-4.769707215301899e-07,3.70114805649778e-05
muon_grpo,Muon + GRPO,27,k_proj,attn,model.layers.27.self_attn.k_proj.weight,2.0158979892730713,2.0157418251037598,-0.00015616416931152344,-7.746630540954898e-05,-0.00211276113986969,0.0006348854522867774,75.68175885235857,75.68657396198346,0.004815109624885849,3.965379964360194e-06,2.4552582108763693e-05
muon_grpo,Muon + GRPO,27,o_proj,attn,model.layers.27.self_attn.o_proj.weight,7.647034645080566,7.646975040435791,-5.9604644775390625e-05,-7.794478192110067e-06,0.01559183005883824,0.00198873203018625,139.94278558645743,139.94591532991234,0.00312974345490602,-5.322316917022452e-06,4.2519022991380695e-05
muon_grpo,Muon + GRPO,27,q_proj,attn,model.layers.27.self_attn.q_proj.weight,4.4243669509887695,4.424586772918701,0.00021982192993164062,4.968438024393845e-05,-0.012850408384110779,0.0020490840916888723,191.42878760979497,191.4163727433362,-0.012414866458755114,3.374298846545165e-06,5.5850969971891045e-05
muon_grpo,Muon + GRPO,27,v_proj,attn,model.layers.27.self_attn.v_proj.weight,2.3116233348846436,2.311630964279175,7.62939453125e-06,3.3004488300991855e-06,0.00027674436569213867,0.0006791573888520222,139.7527955317286,139.75245400452965,-0.00034152719894109396,-2.0801846650486677e-06,2.4818383042757267e-05
muon_grpo,Muon + GRPO,3,down_proj,mlp,model.layers.3.mlp.down_proj.weight,5.527926921844482,5.527755260467529,-0.000171661376953125,-3.105348159990643e-05,0.0027866363525390625,0.002608999624883515,481.57157282994604,481.5870318854974,0.015459055551389156,3.59610405769456e-07,3.0473479632618837e-05
muon_grpo,Muon + GRPO,3,gate_proj,mlp,model.layers.3.mlp.gate_proj.weight,8.721921920776367,8.722296714782715,0.00037479400634765625,4.297149295212844e-05,0.010066449642181396,0.003131647925260189,357.76069601326236,357.7464772680183,-0.0142187452440794,1.4353137572711838e-06,3.993130110029039e-05
muon_grpo,Muon + GRPO,3,up_proj,mlp,model.layers.3.mlp.up_proj.weight,3.6592304706573486,3.6592767238616943,4.6253204345703125e-05,1.2640145166203249e-05,0.029672443866729736,0.002948826096864444,735.6483184941939,735.64712873773,-0.0011897564638729818,-9.299800355980214e-07,3.2819775247291796e-05
muon_grpo,Muon + GRPO,3,k_proj,attn,model.layers.3.self_attn.k_proj.weight,2.1074042320251465,2.107455015182495,5.078315734863281e-05,2.4097492344803663e-05,-0.001612827181816101,0.0006232764179330138,121.34507672675502,121.34138738902269,-0.0036893377323394816,2.3360988194026655e-06,2.1460820777578398e-05
muon_grpo,Muon + GRPO,3,o_proj,attn,model.layers.3.self_attn.o_proj.weight,3.031338691711426,3.031169891357422,-0.00016880035400390625,-5.568508542626933e-05,-0.002280342043377459,0.001718832846066043,264.4279976128246,264.4419708307834,0.013973217958834994,-1.8676817890167507e-06,3.34025816757689e-05
muon_grpo,Muon + GRPO,3,q_proj,attn,model.layers.3.self_attn.q_proj.weight,3.683208703994751,3.683145523071289,-6.318092346191406e-05,-1.7153772305487066e-05,0.0072384872401016764,0.00206356592110658,272.28742261576076,272.29405875269725,0.006636136936492676,-1.3846094657488095e-06,3.550326653697409e-05
muon_grpo,Muon + GRPO,3,v_proj,attn,model.layers.3.self_attn.v_proj.weight,1.1654242277145386,1.1654566526412964,3.24249267578125e-05,2.7822423789317968e-05,0.0004719197750091553,0.0005006086182560591,151.14529002677602,151.1414898380913,-0.0038001886847212063,1.13292594951242e-06,2.382467748927869e-05
muon_grpo,Muon + GRPO,4,down_proj,mlp,model.layers.4.mlp.down_proj.weight,5.510651588439941,5.510573863983154,-7.772445678710938e-05,-1.4104404087196715e-05,0.020434916019439697,0.002682316175942742,475.65233208533874,475.66274928263385,0.010417197295112146,-1.3288426713338464e-06,2.732185727506315e-05
muon_grpo,Muon + GRPO,4,gate_proj,mlp,model.layers.4.mlp.gate_proj.weight,10.388897895812988,10.38836669921875,-0.0005311965942382812,-5.113117864526978e-05,0.01790165901184082,0.0029427592732446796,301.91719078993447,301.9343522020855,0.017161412151040167,-2.136435881969212e-06,2.6384887521225376e-05
muon_grpo,Muon + GRPO,4,up_proj,mlp,model.layers.4.mlp.up_proj.weight,4.297484874725342,4.296915531158447,-0.0005693435668945312,-0.00013248297166628626,0.006430536508560181,0.002718836589175156,619.3058581606681,619.3894130595692,0.08355489890107037,-3.913062606823725e-07,2.6137351080425274e-05
muon_grpo,Muon + GRPO,4,k_proj,attn,model.layers.4.self_attn.k_proj.weight,2.3208131790161133,2.320793867111206,-1.9311904907226562e-05,-8.321180300869225e-06,0.0011859387159347534,0.0005619051347540588,100.1052292447933,100.10657325100946,0.0013440062161578226,-2.9823982835297524e-06,1.6041946826986732e-05
muon_grpo,Muon + GRPO,4,o_proj,attn,model.layers.4.self_attn.o_proj.weight,2.75871205329895,2.758913040161133,0.0002009868621826172,7.285532462232551e-05,-0.002304972760612145,0.001764453416271775,319.82552916203315,319.80139440267556,-0.024134759357593794,4.3524906850958556e-06,2.9103560004248484e-05
muon_grpo,Muon + GRPO,4,q_proj,attn,model.layers.4.self_attn.q_proj.weight,3.810185194015503,3.8096790313720703,-0.0005061626434326172,-0.00013284463028926402,0.008444027858786285,0.002140398411273438,262.15431709663414,262.19136398400326,0.03704688736911521,-6.7517132087135945e-06,4.874588898094814e-05
muon_grpo,Muon + GRPO,4,v_proj,attn,model.layers.4.self_attn.v_proj.weight,1.1220937967300415,1.1220656633377075,-2.8133392333984375e-05,-2.5072228735217612e-05,-0.000328749418258667,0.0005114352197329617,178.09941324610463,178.1035857213902,0.004172475285571409,6.995588954089582e-07,2.3567629243813857e-05
muon_grpo,Muon + GRPO,5,down_proj,mlp,model.layers.5.mlp.down_proj.weight,5.167912483215332,5.167958736419678,4.6253204345703125e-05,8.950075005319297e-06,0.006498605012893677,0.002604843317489674,496.48923310013623,496.48604700408146,-0.003186096054776044,6.848588446732584e-07,3.204234857745333e-05
muon_grpo,Muon + GRPO,5,gate_proj,mlp,model.layers.5.mlp.gate_proj.weight,11.790799140930176,11.791055679321289,0.00025653839111328125,2.1757506683558258e-05,0.010398387908935547,0.0029899274707135904,274.15119608354365,274.14611325461925,-0.005082828924400928,9.24400456008001e-07,2.871111767743247e-05
muon_grpo,Muon + GRPO,5,up_proj,mlp,model.layers.5.mlp.up_proj.weight,3.53743052482605,3.5376672744750977,0.00023674964904785156,6.692701026530932e-05,-0.016224026679992676,0.002741694516464701,742.2769279107133,742.222666779305,-0.05426113140833877,6.119706590403118e-07,2.966263887056239e-05
muon_grpo,Muon + GRPO,5,k_proj,attn,model.layers.5.self_attn.k_proj.weight,2.0194573402404785,2.0194613933563232,4.0531158447265625e-06,2.007032168475475e-06,-0.0011861920356750488,0.0006319287808783617,122.56044211686759,122.55960875421403,-0.0008333626535659278,7.403452609022754e-07,2.2846288620150828e-05
muon_grpo,Muon + GRPO,5,o_proj,attn,model.layers.5.self_attn.o_proj.weight,2.7589478492736816,2.7588493824005127,-9.846687316894531e-05,-3.569000885423319e-05,0.005006896855775267,0.001907953713994394,308.5817001956827,308.5945287220303,0.012828526347618663,7.269031612328059e-07,5.667225459583467e-05
muon_grpo,Muon + GRPO,5,q_proj,attn,model.layers.5.self_attn.q_proj.weight,3.295807361602783,3.2961230278015137,0.00031566619873046875,9.577810960922097e-05,0.008240309995017014,0.002190607045902968,316.84213526868774,316.814291634919,-0.02784363376872534,1.7933037512185557e-06,3.098718863715258e-05
muon_grpo,Muon + GRPO,5,v_proj,attn,model.layers.5.self_attn.v_proj.weight,1.0597984790802002,1.0597951412200928,-3.337860107421875e-06,-3.149523398371741e-06,0.0010665953159332275,0.00046371226602754,172.51307437464527,172.51462412682,0.001549752174724972,-2.9076292751284427e-07,1.8864082800169855e-05
muon_grpo,Muon + GRPO,6,down_proj,mlp,model.layers.6.mlp.down_proj.weight,4.49146842956543,4.4914116859436035,-5.6743621826171875e-05,-1.263364592582967e-05,-0.0032050907611846924,0.002491789660692142,580.2708264525083,580.277443876973,0.0066174244647072555,6.521449216721764e-07,2.52591143396636e-05
muon_grpo,Muon + GRPO,6,gate_proj,mlp,model.layers.6.mlp.gate_proj.weight,10.819626808166504,10.819437980651855,-0.0001888275146484375,-1.7452313096964962e-05,0.030429542064666748,0.0028475000922440533,296.6741632486282,296.68215347761475,0.007990228986557213,-9.14220282637046e-07,2.7191152568713652e-05
muon_grpo,Muon + GRPO,6,up_proj,mlp,model.layers.6.mlp.up_proj.weight,3.153623342514038,3.1530637741088867,-0.0005595684051513672,-0.00017743666391855303,0.02198326587677002,0.002914022486712691,846.5328799701828,846.6900846304565,0.15720466027369184,-7.122430783056827e-07,2.9835866323842783e-05
muon_grpo,Muon + GRPO,6,k_proj,attn,model.layers.6.self_attn.k_proj.weight,2.0946483612060547,2.094691753387451,4.3392181396484375e-05,2.0715735490562274e-05,-0.0015385448932647705,0.0005801975208592324,113.2985953166275,113.29551380447528,-0.0030815121522209665,1.959482048077832e-06,1.677514001507121e-05
muon_grpo,Muon + GRPO,6,o_proj,attn,model.layers.6.self_attn.o_proj.weight,2.759568452835083,2.759584426879883,1.5974044799804688e-05,5.788602483621495e-06,-0.004058091234583117,0.0018386241086325791,337.8342257665822,337.8307996455331,-0.0034261210491308702,-1.6712800462309607e-07,4.949137520278092e-05
muon_grpo,Muon + GRPO,6,q_proj,attn,model.layers.6.self_attn.q_proj.weight,3.420119524002075,3.4198157787323,-0.0003037452697753906,-8.881130254183664e-05,-0.021425195940537378,0.002347206988738593,302.20384165956153,302.22441814555503,0.020576485993501592,3.097970266874306e-06,3.538551059515759e-05
muon_grpo,Muon + GRPO,6,v_proj,attn,model.layers.6.self_attn.v_proj.weight,1.065470576286316,1.0654411315917969,-2.944469451904297e-05,-2.76353896338199e-05,0.0005338191986083984,0.0005289443811309672,196.5013699657019,196.50730153885263,0.00593157315071835,-1.3971700580026059e-06,2.45672461190416e-05
muon_grpo,Muon + GRPO,7,down_proj,mlp,model.layers.7.mlp.down_proj.weight,5.096033573150635,5.0960187911987305,-1.4781951904296875e-05,-2.9006778884225245e-06,0.017804205417633057,0.002907355565257554,534.0644447466244,534.0694876480355,0.005042901411115963,2.787672259349505e-07,3.647859779417948e-05
muon_grpo,Muon + GRPO,7,gate_proj,mlp,model.layers.7.mlp.gate_proj.weight,9.3909330368042,9.391256332397461,0.00032329559326171875,3.442635486747529e-05,0.029852569103240967,0.0029363518223046886,324.5294487634795,324.52145554415836,-0.00799321932112207,3.2812008553262384e-07,2.767879911189856e-05
muon_grpo,Muon + GRPO,7,up_proj,mlp,model.layers.7.mlp.up_proj.weight,3.5953619480133057,3.5951361656188965,-0.0002257823944091797,-6.279823775014935e-05,-0.015194147825241089,0.002850102116822612,780.7318842584712,780.7766896174267,0.044805358955500196,-4.2511638163530985e-07,2.1812434987311525e-05
muon_grpo,Muon + GRPO,7,k_proj,attn,model.layers.7.self_attn.k_proj.weight,2.203357696533203,2.203315258026123,-4.2438507080078125e-05,-1.9260834110980493e-05,-0.00033964961767196655,0.0006150144331249078,120.07995167843562,120.08211040912315,0.0021587306875261447,1.0213908810396966e-06,2.0059813849499503e-05
muon_grpo,Muon + GRPO,7,o_proj,attn,model.layers.7.self_attn.o_proj.weight,2.9766156673431396,2.9765920639038086,-2.3603439331054688e-05,-7.929622755806626e-06,0.013541697786422446,0.0017561215014675509,292.2674153865957,292.2742823719115,0.00686698531580987,8.862521725938599e-07,4.2244050130201826e-05
muon_grpo,Muon + GRPO,7,q_proj,attn,model.layers.7.self_attn.q_proj.weight,3.1035969257354736,3.1035475730895996,-4.935264587402344e-05,-1.5901757559038733e-05,-0.0020028475555591285,0.0020156644330814443,347.54082498820435,347.54570624468585,0.004881256481496621,-5.105431275034822e-06,5.0334417389276e-05
muon_grpo,Muon + GRPO,7,v_proj,attn,model.layers.7.self_attn.v_proj.weight,1.1031601428985596,1.103145956993103,-1.4185905456542969e-05,-1.2859334655863673e-05,-0.0005284398794174194,0.0004793883851162307,159.1141979832889,159.1157650824375,0.0015670991485876584,-1.5185340789536372e-06,2.5306572294132763e-05
muon_grpo,Muon + GRPO,8,down_proj,mlp,model.layers.8.mlp.down_proj.weight,5.186113357543945,5.18607759475708,-3.5762786865234375e-05,-6.895874501704109e-06,-0.0033452510833740234,0.002834153761607766,518.8393776592791,518.8423104906375,0.002932831358407384,-7.905323850081192e-07,2.7762553022723643e-05
muon_grpo,Muon + GRPO,8,gate_proj,mlp,model.layers.8.mlp.gate_proj.weight,10.198502540588379,10.19971752166748,0.0012149810791015625,0.00011913328199567884,0.013959407806396484,0.0030859202302397117,303.2505421487754,303.2157878271603,-0.03475432161513936,3.0136445471132256e-06,2.2640021224160145e-05
muon_grpo,Muon + GRPO,8,up_proj,mlp,model.layers.8.mlp.up_proj.weight,5.419294834136963,5.419368267059326,7.343292236328125e-05,1.3550272611247518e-05,0.008566319942474365,0.0027156326389484327,511.4181792250124,511.4128301492384,-0.005349075774006451,-2.505302428255918e-07,2.891397781406027e-05
muon_grpo,Muon + GRPO,8,k_proj,attn,model.layers.8.self_attn.k_proj.weight,2.1979312896728516,2.1978864669799805,-4.482269287109375e-05,-2.0393127429277067e-05,0.0010633841156959534,0.0005930302951876431,113.45903650188116,113.46183415487855,0.00279765299738699,-6.375273452763341e-07,1.8761155975658776e-05
muon_grpo,Muon + GRPO,8,o_proj,attn,model.layers.8.self_attn.o_proj.weight,2.3660013675689697,2.3661715984344482,0.00017023086547851562,7.194876039037341e-05,0.0021584513306152076,0.0017942517910417267,396.15823222643957,396.1306433958362,-0.02758883060334938,5.980454948761871e-07,5.241082160426448e-05
muon_grpo,Muon + GRPO,8,q_proj,attn,model.layers.8.self_attn.q_proj.weight,3.453125,3.452880620956421,-0.00024437904357910156,-7.077040176046381e-05,0.008126456799800508,0.0019609384695961074,304.6651221405234,304.68903846924303,0.023916328719622015,-9.295849923193766e-06,5.1369987534454034e-05
muon_grpo,Muon + GRPO,8,v_proj,attn,model.layers.8.self_attn.v_proj.weight,1.038536548614502,1.0384929180145264,-4.363059997558594e-05,-4.201161724524086e-05,6.377696990966797e-05,0.0005434533741426135,198.00023169521697,198.00861176764994,0.008380072432970564,-1.4908595693807758e-06,2.449998833036046e-05
muon_grpo,Muon + GRPO,9,down_proj,mlp,model.layers.9.mlp.down_proj.weight,6.2776713371276855,6.277677059173584,5.7220458984375e-06,9.114917922822622e-07,-0.0034076571464538574,0.002726336506296308,430.2475232014539,430.2465882133736,-0.0009349880802460575,-4.492934679335703e-07,3.8212237859611117e-05
muon_grpo,Muon + GRPO,9,gate_proj,mlp,model.layers.9.mlp.gate_proj.weight,9.140878677368164,9.140990257263184,0.00011157989501953125,1.2206692480865227e-05,0.030987441539764404,0.0032241084768676095,326.16656896530856,326.1659775425161,-0.0005914227924677107,3.779885895879853e-07,4.3143505810134205e-05
muon_grpo,Muon + GRPO,9,up_proj,mlp,model.layers.9.mlp.up_proj.weight,3.4340531826019287,3.434095859527588,4.267692565917969e-05,1.2427566898321605e-05,0.00508078932762146,0.0029079824243959077,814.9016388107499,814.8929912049327,-0.008647605817145632,-6.162110588285585e-07,2.4852800253624602e-05
muon_grpo,Muon + GRPO,9,k_proj,attn,model.layers.9.self_attn.k_proj.weight,2.77843976020813,2.778513193130493,7.343292236328125e-05,2.6429553526753615e-05,-0.0013575106859207153,0.0006650106421598393,89.31932335398156,89.31647417203675,-0.0028491819448106526,9.206145525075815e-07,2.4135355575878727e-05
muon_grpo,Muon + GRPO,9,o_proj,attn,model.layers.9.self_attn.o_proj.weight,2.7356081008911133,2.735543727874756,-6.437301635742188e-05,-2.353151986077707e-05,0.0033434410506743006,0.0016489754783467426,282.0323040561795,282.04016308287095,0.00785902669144889,-2.3483335716556475e-06,2.7046144862103014e-05
muon_grpo,Muon + GRPO,9,q_proj,attn,model.layers.9.self_attn.q_proj.weight,3.744722604751587,3.745098352432251,0.0003757476806640625,0.0001003405913664434,-0.0008499428295181133,0.0021488029958721,248.5353386192816,248.51017599042365,-0.025162628857941627,9.37855842859936e-06,4.6987370303237e-05
muon_grpo,Muon + GRPO,9,v_proj,attn,model.layers.9.self_attn.v_proj.weight,1.0861839056015015,1.0861717462539673,-1.2159347534179688e-05,-1.1194556899134079e-05,0.00022730231285095215,0.0005046940725561691,158.30609696725185,158.30807842291952,0.001981455667674936,-1.0151375290368136e-07,2.4993603287115403e-05
