experiment,experiment_label,layer,component,type,param_name,condition_number_base,condition_number_exp,condition_number_diff,condition_number_log_ratio
adamw_fp32,AdamW + FP32,-1,embed,embed,model.embed_tokens.weight,69.18641058154057,69.14822396434208,-0.038186617198491035,-0.00023976985384092773
adamw_fp32,AdamW + FP32,0,down_proj,mlp,model.layers.0.mlp.down_proj.weight,10.546793843948734,10.550240317733772,0.003446473785038151,0.00014189525870892308
adamw_fp32,AdamW + FP32,0,gate_proj,mlp,model.layers.0.mlp.gate_proj.weight,50.790417231602824,50.78999327562696,-0.00042395597586164513,-3.6251426819152957e-06
adamw_fp32,AdamW + FP32,0,up_proj,mlp,model.layers.0.mlp.up_proj.weight,30.557746350661454,30.559122482384115,0.001376131722661711,1.9557494519525392e-05
adamw_fp32,AdamW + FP32,0,k_proj,attn,model.layers.0.self_attn.k_proj.weight,18.73935745084044,18.747582956587884,0.008225505747443407,0.0001905886036834864
adamw_fp32,AdamW + FP32,0,o_proj,attn,model.layers.0.self_attn.o_proj.weight,38555.79005042446,36680.08334548745,-1875.706704937009,-0.021659292907439277
adamw_fp32,AdamW + FP32,0,q_proj,attn,model.layers.0.self_attn.q_proj.weight,184976.8751259078,189983.07752357158,5006.2023976637865,0.011597480007970767
adamw_fp32,AdamW + FP32,0,v_proj,attn,model.layers.0.self_attn.v_proj.weight,7.7755061789352835,7.766634223032175,-0.008871955903108741,-0.0004958186982309322
adamw_fp32,AdamW + FP32,1,down_proj,mlp,model.layers.1.mlp.down_proj.weight,8.998430005007657,9.00054089037434,0.002110885366683135,0.00010186647627935449
adamw_fp32,AdamW + FP32,1,gate_proj,mlp,model.layers.1.mlp.gate_proj.weight,33.91668364456576,33.91725507601874,0.0005714314529825515,7.316972344570588e-06
adamw_fp32,AdamW + FP32,1,up_proj,mlp,model.layers.1.mlp.up_proj.weight,37.735381088331756,37.73582813265473,0.00044704432297493213,5.144978718119691e-06
adamw_fp32,AdamW + FP32,1,k_proj,attn,model.layers.1.self_attn.k_proj.weight,30.087513316132128,30.08708972258942,-0.0004235935427097104,-6.11435153307621e-06
adamw_fp32,AdamW + FP32,1,o_proj,attn,model.layers.1.self_attn.o_proj.weight,49034.98587834326,35813.216512793246,-13221.769365550012,-0.13646272626192188
adamw_fp32,AdamW + FP32,1,q_proj,attn,model.layers.1.self_attn.q_proj.weight,1074758.1049613138,4885311.726073167,3810553.6211118535,0.6575815518648499
adamw_fp32,AdamW + FP32,1,v_proj,attn,model.layers.1.self_attn.v_proj.weight,3.341969736117407,3.341879626216254,-9.010990115321249e-05,-1.171008821911385e-05
adamw_fp32,AdamW + FP32,10,down_proj,mlp,model.layers.10.mlp.down_proj.weight,13.491719978091211,13.491811636408729,9.165831751722919e-05,2.9504441513818127e-06
adamw_fp32,AdamW + FP32,10,gate_proj,mlp,model.layers.10.mlp.gate_proj.weight,16.210019773701827,16.209435062106056,-0.0005847115957706706,-1.5665718061078405e-05
adamw_fp32,AdamW + FP32,10,up_proj,mlp,model.layers.10.mlp.up_proj.weight,8.538043575643336,8.537849869124205,-0.00019370651913064307,-9.85315030723815e-06
adamw_fp32,AdamW + FP32,10,k_proj,attn,model.layers.10.self_attn.k_proj.weight,24.034098760920294,24.023811066921983,-0.010287693998311198,-0.00018593770803718686
adamw_fp32,AdamW + FP32,10,o_proj,attn,model.layers.10.self_attn.o_proj.weight,15508.710116684786,14117.632692032663,-1391.0774246521232,-0.0408138000001138
adamw_fp32,AdamW + FP32,10,q_proj,attn,model.layers.10.self_attn.q_proj.weight,12813.850813777506,12915.341209528622,101.49039575111601,0.0034262208784503327
adamw_fp32,AdamW + FP32,10,v_proj,attn,model.layers.10.self_attn.v_proj.weight,3.2994636012714755,3.299844919643195,0.0003813183717196189,5.0188429392414686e-05
adamw_fp32,AdamW + FP32,11,down_proj,mlp,model.layers.11.mlp.down_proj.weight,16.054627449194015,16.053300517476064,-0.0013269317179513962,-3.589637574213108e-05
adamw_fp32,AdamW + FP32,11,gate_proj,mlp,model.layers.11.mlp.gate_proj.weight,13.225697438590451,13.22613888121388,0.0004414426234280455,1.449548478457659e-05
adamw_fp32,AdamW + FP32,11,up_proj,mlp,model.layers.11.mlp.up_proj.weight,6.605510357941471,6.6052984065642635,-0.00021195137720741997,-1.3935454702567487e-05
adamw_fp32,AdamW + FP32,11,k_proj,attn,model.layers.11.self_attn.k_proj.weight,21.610944081803808,21.617896319101796,0.006952237297987551,0.00013968999831719976
adamw_fp32,AdamW + FP32,11,o_proj,attn,model.layers.11.self_attn.o_proj.weight,139258.46738802953,274097.0427856909,134838.5753976614,0.2940827387623416
adamw_fp32,AdamW + FP32,11,q_proj,attn,model.layers.11.self_attn.q_proj.weight,28543.812668067454,25778.74234318688,-2765.070324880573,-0.04425025665818094
adamw_fp32,AdamW + FP32,11,v_proj,attn,model.layers.11.self_attn.v_proj.weight,2.8678401021237847,2.8678411287289687,1.0266051839735724e-06,1.5546504369919194e-07
adamw_fp32,AdamW + FP32,12,down_proj,mlp,model.layers.12.mlp.down_proj.weight,14.145448240851502,14.145717820238024,0.0002695793865221674,8.276565183090887e-06
adamw_fp32,AdamW + FP32,12,gate_proj,mlp,model.layers.12.mlp.gate_proj.weight,18.888272791501652,18.887373652042914,-0.0008991394587383184,-2.0674235505095e-05
adamw_fp32,AdamW + FP32,12,up_proj,mlp,model.layers.12.mlp.up_proj.weight,8.061255117094625,8.061147612462834,-0.00010750463179043379,-5.791775475365847e-06
adamw_fp32,AdamW + FP32,12,k_proj,attn,model.layers.12.self_attn.k_proj.weight,20.867707840632306,20.87033116005616,0.002623319423854298,5.4592557716046185e-05
adamw_fp32,AdamW + FP32,12,o_proj,attn,model.layers.12.self_attn.o_proj.weight,102000.14319866779,38044.41778594255,-63955.725412725245,-0.428309839224339
adamw_fp32,AdamW + FP32,12,q_proj,attn,model.layers.12.self_attn.q_proj.weight,14798.684955393119,15006.853461982699,208.16850658957992,0.0060665170670147085
adamw_fp32,AdamW + FP32,12,v_proj,attn,model.layers.12.self_attn.v_proj.weight,2.550671517667282,2.550668913242642,-2.6044246399514748e-06,-4.434470763138722e-07
adamw_fp32,AdamW + FP32,13,down_proj,mlp,model.layers.13.mlp.down_proj.weight,30.005646690345184,30.004650439907547,-0.0009962504376375136,-1.4419727559780182e-05
adamw_fp32,AdamW + FP32,13,gate_proj,mlp,model.layers.13.mlp.gate_proj.weight,12.316046719506732,12.317736544756235,0.0016898252495032295,5.95833595285677e-05
adamw_fp32,AdamW + FP32,13,up_proj,mlp,model.layers.13.mlp.up_proj.weight,6.311217662216599,6.3107300536275375,-0.0004876085890614945,-3.3555157164459425e-05
adamw_fp32,AdamW + FP32,13,k_proj,attn,model.layers.13.self_attn.k_proj.weight,41.906820743475016,41.886901028980255,-0.01991971449476182,-0.00020648378103118952
adamw_fp32,AdamW + FP32,13,o_proj,attn,model.layers.13.self_attn.o_proj.weight,9641.296136551193,8948.835889635002,-692.460246916191,-0.03236887886585851
adamw_fp32,AdamW + FP32,13,q_proj,attn,model.layers.13.self_attn.q_proj.weight,57124.68510683214,56581.05249823415,-543.632608597989,-0.004152797317470202
adamw_fp32,AdamW + FP32,13,v_proj,attn,model.layers.13.self_attn.v_proj.weight,3.7001013163270056,3.7000876655950674,-1.3650731938152916e-05,-1.602239502041136e-06
adamw_fp32,AdamW + FP32,14,down_proj,mlp,model.layers.14.mlp.down_proj.weight,12.14858893422566,12.148517554351649,-7.137987401151236e-05,-2.551734743945794e-06
adamw_fp32,AdamW + FP32,14,gate_proj,mlp,model.layers.14.mlp.gate_proj.weight,13.416229041756727,13.416506007405367,0.0002769656486396599,8.965515640905137e-06
adamw_fp32,AdamW + FP32,14,up_proj,mlp,model.layers.14.mlp.up_proj.weight,6.92702720942221,6.9267094508102955,-0.00031775861191452037,-1.992254005403984e-05
adamw_fp32,AdamW + FP32,14,k_proj,attn,model.layers.14.self_attn.k_proj.weight,23.136335100841148,23.137692226774664,0.0013571259335165564,2.547400078966699e-05
adamw_fp32,AdamW + FP32,14,o_proj,attn,model.layers.14.self_attn.o_proj.weight,6453.263467239998,6479.492904372602,26.22943713260429,0.0017616222097811588
adamw_fp32,AdamW + FP32,14,q_proj,attn,model.layers.14.self_attn.q_proj.weight,12016.462412922161,12279.756433281482,263.2940203593207,0.00941312040289106
adamw_fp32,AdamW + FP32,14,v_proj,attn,model.layers.14.self_attn.v_proj.weight,6.809948120874071,6.8095834499070005,-0.00036467096707060165,-2.3256980304196545e-05
adamw_fp32,AdamW + FP32,15,down_proj,mlp,model.layers.15.mlp.down_proj.weight,12.83113835849419,12.830286042969044,-0.0008523155251456416,-2.8849211466686007e-05
adamw_fp32,AdamW + FP32,15,gate_proj,mlp,model.layers.15.mlp.gate_proj.weight,16.831657108500657,16.832440786259752,0.0007836777590952693,2.0220172094926742e-05
adamw_fp32,AdamW + FP32,15,up_proj,mlp,model.layers.15.mlp.up_proj.weight,9.399973299687645,9.399809770528869,-0.00016352915877604346,-7.555386253454899e-06
adamw_fp32,AdamW + FP32,15,k_proj,attn,model.layers.15.self_attn.k_proj.weight,25.442585553328566,25.43309632079898,-0.009489232529585223,-0.00016200751404498215
adamw_fp32,AdamW + FP32,15,o_proj,attn,model.layers.15.self_attn.o_proj.weight,29248.74824238646,27617.546537703296,-1631.2017046831643,-0.024922189829830663
adamw_fp32,AdamW + FP32,15,q_proj,attn,model.layers.15.self_attn.q_proj.weight,23869.157071525828,24787.622254706504,918.4651831806768,0.016397786832183747
adamw_fp32,AdamW + FP32,15,v_proj,attn,model.layers.15.self_attn.v_proj.weight,3.3575600712900404,3.357552197794201,-7.873495839305633e-06,-1.0184240141485238e-06
adamw_fp32,AdamW + FP32,16,down_proj,mlp,model.layers.16.mlp.down_proj.weight,9.686499227673869,9.685892510548255,-0.0006067171256134429,-2.7203032374802658e-05
adamw_fp32,AdamW + FP32,16,gate_proj,mlp,model.layers.16.mlp.gate_proj.weight,12.919883539201004,12.919277270576169,-0.0006062686248355931,-2.037985059217546e-05
adamw_fp32,AdamW + FP32,16,up_proj,mlp,model.layers.16.mlp.up_proj.weight,6.159145316251316,6.159777679129934,0.000632362878617343,4.4586967397698525e-05
adamw_fp32,AdamW + FP32,16,k_proj,attn,model.layers.16.self_attn.k_proj.weight,20.671141321487564,20.627357448570606,-0.04378387291695773,-0.0009208616339436788
adamw_fp32,AdamW + FP32,16,o_proj,attn,model.layers.16.self_attn.o_proj.weight,41529.00729033527,30700.27743742162,-10828.72985291365,-0.13120924965557784
adamw_fp32,AdamW + FP32,16,q_proj,attn,model.layers.16.self_attn.q_proj.weight,103943.38985456145,91775.58270399792,-12167.80715056353,-0.05406972553078133
adamw_fp32,AdamW + FP32,16,v_proj,attn,model.layers.16.self_attn.v_proj.weight,2.78870242790059,2.7888349910759116,0.00013256317532173156,2.064404099225541e-05
adamw_fp32,AdamW + FP32,17,down_proj,mlp,model.layers.17.mlp.down_proj.weight,6.7996349709306605,6.799707348018142,7.237708748153437e-05,4.622719095125969e-06
adamw_fp32,AdamW + FP32,17,gate_proj,mlp,model.layers.17.mlp.gate_proj.weight,17.968770886906377,17.96876868576499,-2.201141388269434e-06,-5.320027860157902e-08
adamw_fp32,AdamW + FP32,17,up_proj,mlp,model.layers.17.mlp.up_proj.weight,12.572357420855843,12.573090963160992,0.00073354230514866,2.5338452557636673e-05
adamw_fp32,AdamW + FP32,17,k_proj,attn,model.layers.17.self_attn.k_proj.weight,15.488632202364206,15.482223424208975,-0.006408778155231332,-0.0001797365279051352
adamw_fp32,AdamW + FP32,17,o_proj,attn,model.layers.17.self_attn.o_proj.weight,57591.66094582242,33773.57823309435,-23818.08271272807,-0.23178252820430195
adamw_fp32,AdamW + FP32,17,q_proj,attn,model.layers.17.self_attn.q_proj.weight,13024.993728263826,13012.425371932279,-12.568356331546966,-0.000419271065562841
adamw_fp32,AdamW + FP32,17,v_proj,attn,model.layers.17.self_attn.v_proj.weight,4.045377579425002,4.0452363339277655,-0.00014124549723693036,-1.5163778844697102e-05
adamw_fp32,AdamW + FP32,18,down_proj,mlp,model.layers.18.mlp.down_proj.weight,6.643981466821017,6.643736553356926,-0.0002449134640905015,-1.6009455626457548e-05
adamw_fp32,AdamW + FP32,18,gate_proj,mlp,model.layers.18.mlp.gate_proj.weight,18.455846043796296,18.4562263889943,0.0003803451980033401,8.950016069589751e-06
adamw_fp32,AdamW + FP32,18,up_proj,mlp,model.layers.18.mlp.up_proj.weight,10.672724442726581,10.674040943415806,0.001316500689224398,5.3567739667728234e-05
adamw_fp32,AdamW + FP32,18,k_proj,attn,model.layers.18.self_attn.k_proj.weight,22.852605445749074,22.830131155181448,-0.022474290567625843,-0.0004273150818837099
adamw_fp32,AdamW + FP32,18,o_proj,attn,model.layers.18.self_attn.o_proj.weight,21937.349567301397,23621.79161929544,1684.4420519940431,0.03212867834365221
adamw_fp32,AdamW + FP32,18,q_proj,attn,model.layers.18.self_attn.q_proj.weight,33741.713223670544,30773.129847839144,-2968.5833758314,-0.039995460608137696
adamw_fp32,AdamW + FP32,18,v_proj,attn,model.layers.18.self_attn.v_proj.weight,2.1434580875579408,2.143606419321632,0.00014833176369144496,3.0053042768348635e-05
adamw_fp32,AdamW + FP32,19,down_proj,mlp,model.layers.19.mlp.down_proj.weight,7.114441587440737,7.114063879296252,-0.0003777081444855668,-2.305745509843853e-05
adamw_fp32,AdamW + FP32,19,gate_proj,mlp,model.layers.19.mlp.gate_proj.weight,18.805480505433707,18.80531434885716,-0.0001661565765473938,-3.837243249276553e-06
adamw_fp32,AdamW + FP32,19,up_proj,mlp,model.layers.19.mlp.up_proj.weight,10.390484231630769,10.390514709236369,3.0477605600154334e-05,1.2738806225000012e-06
adamw_fp32,AdamW + FP32,19,k_proj,attn,model.layers.19.self_attn.k_proj.weight,22.401692950673606,22.40406290100623,0.0023699503326248816,4.594304161329773e-05
adamw_fp32,AdamW + FP32,19,o_proj,attn,model.layers.19.self_attn.o_proj.weight,24022.826455842358,24107.133556030527,84.30710018816899,0.0015214700297140626
adamw_fp32,AdamW + FP32,19,q_proj,attn,model.layers.19.self_attn.q_proj.weight,25682.89091427411,32256.100697149323,6573.209782875212,0.09896795906466788
adamw_fp32,AdamW + FP32,19,v_proj,attn,model.layers.19.self_attn.v_proj.weight,3.008918396896258,3.008794026859235,-0.0001243700370232581,-1.7951413094381657e-05
adamw_fp32,AdamW + FP32,2,down_proj,mlp,model.layers.2.mlp.down_proj.weight,13.20255066881167,13.204933279390513,0.0023826105788433694,7.836828618386725e-05
adamw_fp32,AdamW + FP32,2,gate_proj,mlp,model.layers.2.mlp.gate_proj.weight,17.38657445257771,17.38656571738284,-8.73519487143426e-06,-2.1819409534151085e-07
adamw_fp32,AdamW + FP32,2,up_proj,mlp,model.layers.2.mlp.up_proj.weight,8.916099391549464,8.916597073534243,0.0004976819847790637,2.4240926234700583e-05
adamw_fp32,AdamW + FP32,2,k_proj,attn,model.layers.2.self_attn.k_proj.weight,17.246031056628958,17.241576757758462,-0.004454298870495421,-0.00011218391495125383
adamw_fp32,AdamW + FP32,2,o_proj,attn,model.layers.2.self_attn.o_proj.weight,31093.030750193404,22014.941312460374,-9078.08943773303,-0.14994552430806998
adamw_fp32,AdamW + FP32,2,q_proj,attn,model.layers.2.self_attn.q_proj.weight,24610.069351651575,23750.858786412595,-859.21056523898,-0.015433520037802927
adamw_fp32,AdamW + FP32,2,v_proj,attn,model.layers.2.self_attn.v_proj.weight,3.1911166787384015,3.191040769086531,-7.590965187054266e-05,-1.033103404347947e-05
adamw_fp32,AdamW + FP32,20,down_proj,mlp,model.layers.20.mlp.down_proj.weight,7.516513788547348,7.516675663207242,0.00016187465989414562,9.352808568059883e-06
adamw_fp32,AdamW + FP32,20,gate_proj,mlp,model.layers.20.mlp.gate_proj.weight,19.204884886797178,19.205001977396268,0.00011709059909037478,2.6478495627215216e-06
adamw_fp32,AdamW + FP32,20,up_proj,mlp,model.layers.20.mlp.up_proj.weight,11.187456334212877,11.188280581205143,0.0008242469922663531,3.199590002167644e-05
adamw_fp32,AdamW + FP32,20,k_proj,attn,model.layers.20.self_attn.k_proj.weight,22.072850031907265,22.069778808268246,-0.003071223639018683,-6.043208192687441e-05
adamw_fp32,AdamW + FP32,20,o_proj,attn,model.layers.20.self_attn.o_proj.weight,123534.76145527787,104530.1534639407,-19004.607991337165,-0.07254759295030469
adamw_fp32,AdamW + FP32,20,q_proj,attn,model.layers.20.self_attn.q_proj.weight,9243.896257866112,9775.366073963127,531.4698160970147,0.024277967254416794
adamw_fp32,AdamW + FP32,20,v_proj,attn,model.layers.20.self_attn.v_proj.weight,6.942409244310096,6.940143224222367,-0.002266020087729359,-0.00014177796640115956
adamw_fp32,AdamW + FP32,21,down_proj,mlp,model.layers.21.mlp.down_proj.weight,9.390981919055381,9.389821368056635,-0.0011605509987457907,-5.3674050854882745e-05
adamw_fp32,AdamW + FP32,21,gate_proj,mlp,model.layers.21.mlp.gate_proj.weight,17.629945642520745,17.630235341944868,0.0002896994241226025,7.136370704727533e-06
adamw_fp32,AdamW + FP32,21,up_proj,mlp,model.layers.21.mlp.up_proj.weight,8.16699577216017,8.167082470204898,8.669804472738463e-05,4.610297790737966e-06
adamw_fp32,AdamW + FP32,21,k_proj,attn,model.layers.21.self_attn.k_proj.weight,29.992183020775197,30.00665655727221,0.014473536497010997,0.00020952995759282168
adamw_fp32,AdamW + FP32,21,o_proj,attn,model.layers.21.self_attn.o_proj.weight,298850.6543733745,128769.44131944697,-170081.21305392752,-0.36564139965290404
adamw_fp32,AdamW + FP32,21,q_proj,attn,model.layers.21.self_attn.q_proj.weight,14032.644030663625,14240.396161355573,207.75213069194797,0.006382562843265567
adamw_fp32,AdamW + FP32,21,v_proj,attn,model.layers.21.self_attn.v_proj.weight,4.366601968716395,4.366017558811106,-0.0005844099052891849,-5.812826188421708e-05
adamw_fp32,AdamW + FP32,22,down_proj,mlp,model.layers.22.mlp.down_proj.weight,9.904782336268656,9.904926832105819,0.00014449583716213965,6.33565532992017e-06
adamw_fp32,AdamW + FP32,22,gate_proj,mlp,model.layers.22.mlp.gate_proj.weight,22.904187063530273,22.90479064886438,0.0006035853341082031,1.144464657651939e-05
adamw_fp32,AdamW + FP32,22,up_proj,mlp,model.layers.22.mlp.up_proj.weight,12.79968858450657,12.798910056380041,-0.0007785281265295652,-2.641632647204182e-05
adamw_fp32,AdamW + FP32,22,k_proj,attn,model.layers.22.self_attn.k_proj.weight,20.39377999771742,20.390384545841375,-0.0033954518760452856,-7.231365571638937e-05
adamw_fp32,AdamW + FP32,22,o_proj,attn,model.layers.22.self_attn.o_proj.weight,35374.77308841131,35558.824641001884,184.0515525905721,0.0022537346368050686
adamw_fp32,AdamW + FP32,22,q_proj,attn,model.layers.22.self_attn.q_proj.weight,47977.340735145204,48174.84471779543,197.50398265022523,0.0017841510320305877
adamw_fp32,AdamW + FP32,22,v_proj,attn,model.layers.22.self_attn.v_proj.weight,5.233505964972921,5.233376403533398,-0.00012956143952358445,-1.0751590831784704e-05
adamw_fp32,AdamW + FP32,23,down_proj,mlp,model.layers.23.mlp.down_proj.weight,11.80645745879601,11.803882210581467,-0.0025752482145424693,-9.473951744905068e-05
adamw_fp32,AdamW + FP32,23,gate_proj,mlp,model.layers.23.mlp.gate_proj.weight,19.84423847022627,19.842580217262412,-0.00165825296385691,-3.629266018487261e-05
adamw_fp32,AdamW + FP32,23,up_proj,mlp,model.layers.23.mlp.up_proj.weight,10.79189058648552,10.792773050428162,0.0008824639426414649,3.551125256596522e-05
adamw_fp32,AdamW + FP32,23,k_proj,attn,model.layers.23.self_attn.k_proj.weight,16.001526800630636,16.001500862314252,-2.5938316383644633e-05,-7.039876222909636e-07
adamw_fp32,AdamW + FP32,23,o_proj,attn,model.layers.23.self_attn.o_proj.weight,13053.866526333686,12334.702245568076,-719.1642807656099,-0.024610497522667727
adamw_fp32,AdamW + FP32,23,q_proj,attn,model.layers.23.self_attn.q_proj.weight,764874.9518123881,296250.5997204953,-468624.35209189286,-0.41193120065259065
adamw_fp32,AdamW + FP32,23,v_proj,attn,model.layers.23.self_attn.v_proj.weight,4.042193780833294,4.040573035444466,-0.0016207453888279488,-0.00017416827786107846
adamw_fp32,AdamW + FP32,24,down_proj,mlp,model.layers.24.mlp.down_proj.weight,10.013056479364716,10.010233757604045,-0.0028227217606708876,-0.00012244665868797774
adamw_fp32,AdamW + FP32,24,gate_proj,mlp,model.layers.24.mlp.gate_proj.weight,21.0475855955308,21.049135524759862,0.0015499292290606093,3.1979959194531535e-05
adamw_fp32,AdamW + FP32,24,up_proj,mlp,model.layers.24.mlp.up_proj.weight,13.895235392599337,13.894091599333976,-0.0011437932653617366,-3.575063937384769e-05
adamw_fp32,AdamW + FP32,24,k_proj,attn,model.layers.24.self_attn.k_proj.weight,31.211181081905732,31.202591790877243,-0.008589291028489043,-0.00011953392813751805
adamw_fp32,AdamW + FP32,24,o_proj,attn,model.layers.24.self_attn.o_proj.weight,13596.107700858232,16903.397386101853,3307.2896852436206,0.09455940535628962
adamw_fp32,AdamW + FP32,24,q_proj,attn,model.layers.24.self_attn.q_proj.weight,119825.2524376554,258698.3751957877,138873.1227581323,0.33424534845675963
adamw_fp32,AdamW + FP32,24,v_proj,attn,model.layers.24.self_attn.v_proj.weight,3.6003445004354857,3.5990580726157724,-0.0012864278197133316,-0.0001552041308276329
adamw_fp32,AdamW + FP32,25,down_proj,mlp,model.layers.25.mlp.down_proj.weight,9.428473935149443,9.42786418334514,-0.0006097518043031158,-2.8087303310684583e-05
adamw_fp32,AdamW + FP32,25,gate_proj,mlp,model.layers.25.mlp.gate_proj.weight,21.338091581274373,21.339258571008813,0.0011669897344397384,2.3751109214770396e-05
adamw_fp32,AdamW + FP32,25,up_proj,mlp,model.layers.25.mlp.up_proj.weight,18.112209505291784,18.110815183184375,-0.001394322107408641,-3.3434336461404804e-05
adamw_fp32,AdamW + FP32,25,k_proj,attn,model.layers.25.self_attn.k_proj.weight,22.462953951457504,22.46185029816212,-0.0011036532953845324,-2.1338347232538215e-05
adamw_fp32,AdamW + FP32,25,o_proj,attn,model.layers.25.self_attn.o_proj.weight,16296.613319126418,16470.86089144792,174.24757232150114,0.004618938400832656
adamw_fp32,AdamW + FP32,25,q_proj,attn,model.layers.25.self_attn.q_proj.weight,24555.210708810777,23518.2414583808,-1036.9692504299783,-0.01873882028179268
adamw_fp32,AdamW + FP32,25,v_proj,attn,model.layers.25.self_attn.v_proj.weight,4.337190824833435,4.337017183066681,-0.00017364176675371823,-1.738756116305814e-05
adamw_fp32,AdamW + FP32,26,down_proj,mlp,model.layers.26.mlp.down_proj.weight,8.741682232718533,8.74076129739562,-0.0009209353229131523,-4.5755289140458685e-05
adamw_fp32,AdamW + FP32,26,gate_proj,mlp,model.layers.26.mlp.gate_proj.weight,20.0336868429297,20.03331372464463,-0.0003731182850721382,-8.088612075427546e-06
adamw_fp32,AdamW + FP32,26,up_proj,mlp,model.layers.26.mlp.up_proj.weight,18.54966977174175,18.54753041338428,-0.002139358357471366,-5.0090655136071847e-05
adamw_fp32,AdamW + FP32,26,k_proj,attn,model.layers.26.self_attn.k_proj.weight,18.924022446774764,18.954354066609163,0.030331619834399248,0.0006955344526018949
adamw_fp32,AdamW + FP32,26,o_proj,attn,model.layers.26.self_attn.o_proj.weight,32723.99759321507,30526.98552107751,-2197.0120721375606,-0.030182431345520816
adamw_fp32,AdamW + FP32,26,q_proj,attn,model.layers.26.self_attn.q_proj.weight,48120.87790718429,39148.72728522431,-8972.150621959976,-0.08961589409269773
adamw_fp32,AdamW + FP32,26,v_proj,attn,model.layers.26.self_attn.v_proj.weight,4.835564685889436,4.831011907840409,-0.004552778049026429,-0.0004090893008606298
adamw_fp32,AdamW + FP32,27,down_proj,mlp,model.layers.27.mlp.down_proj.weight,11.983131396493501,11.973038283390844,-0.01009311310265737,-0.0003659502870152822
adamw_fp32,AdamW + FP32,27,gate_proj,mlp,model.layers.27.mlp.gate_proj.weight,34.01131673372879,34.01362515226248,0.0023084185336870178,2.9475466018590282e-05
adamw_fp32,AdamW + FP32,27,up_proj,mlp,model.layers.27.mlp.up_proj.weight,27.05991417573715,27.05891628410007,-0.0009978916370769753,-1.6015823989053884e-05
adamw_fp32,AdamW + FP32,27,k_proj,attn,model.layers.27.self_attn.k_proj.weight,16.960271595775623,16.931151334345206,-0.02912026143041757,-0.0007463110645486824
adamw_fp32,AdamW + FP32,27,o_proj,attn,model.layers.27.self_attn.o_proj.weight,99634.79632267175,107091.14524920269,7456.348926530933,0.031342525666418736
adamw_fp32,AdamW + FP32,27,q_proj,attn,model.layers.27.self_attn.q_proj.weight,91711.44628086085,78382.41266722258,-13329.033613638268,-0.06820491503742211
adamw_fp32,AdamW + FP32,27,v_proj,attn,model.layers.27.self_attn.v_proj.weight,7.853791579470053,7.849338857040976,-0.004452722429076239,-0.0002462939271938871
adamw_fp32,AdamW + FP32,3,down_proj,mlp,model.layers.3.mlp.down_proj.weight,10.758270959803003,10.762063965548354,0.003793005745350797,0.00015309069192509818
adamw_fp32,AdamW + FP32,3,gate_proj,mlp,model.layers.3.mlp.gate_proj.weight,13.999766940935217,14.000719095860378,0.0009521549251605421,2.9536318014678393e-05
adamw_fp32,AdamW + FP32,3,up_proj,mlp,model.layers.3.mlp.up_proj.weight,7.592358408260811,7.591810230305507,-0.0005481779553040411,-3.135774725109057e-05
adamw_fp32,AdamW + FP32,3,k_proj,attn,model.layers.3.self_attn.k_proj.weight,15.502942945207748,15.506756400403633,0.0038134551958854956,0.00010681577647356424
adamw_fp32,AdamW + FP32,3,o_proj,attn,model.layers.3.self_attn.o_proj.weight,16528.241725287102,20550.356933330833,4022.1152080437314,0.09459271364321423
adamw_fp32,AdamW + FP32,3,q_proj,attn,model.layers.3.self_attn.q_proj.weight,75355.26316454641,83635.21671308852,8279.953548542107,0.045275595702855095
adamw_fp32,AdamW + FP32,3,v_proj,attn,model.layers.3.self_attn.v_proj.weight,3.891617107326821,3.891811910164177,0.00019480283735617832,2.1738952626267794e-05
adamw_fp32,AdamW + FP32,4,down_proj,mlp,model.layers.4.mlp.down_proj.weight,11.15720155550664,11.166299094976498,0.009097539469857807,0.0003539777628292418
adamw_fp32,AdamW + FP32,4,gate_proj,mlp,model.layers.4.mlp.gate_proj.weight,17.495981170242754,17.494919478652697,-0.0010616915900563129,-2.635466882161754e-05
adamw_fp32,AdamW + FP32,4,up_proj,mlp,model.layers.4.mlp.up_proj.weight,8.782003015120793,8.780667771676075,-0.001335243444717804,-6.603652351003251e-05
adamw_fp32,AdamW + FP32,4,k_proj,attn,model.layers.4.self_attn.k_proj.weight,23.93670634239095,23.92874724621676,-0.007959096174189995,-0.0001444294923413285
adamw_fp32,AdamW + FP32,4,o_proj,attn,model.layers.4.self_attn.o_proj.weight,8582.208719375358,9007.942529640091,425.7338102647336,0.021026534362535945
adamw_fp32,AdamW + FP32,4,q_proj,attn,model.layers.4.self_attn.q_proj.weight,19385.367499083055,18565.831377848273,-819.5361212347816,-0.01875963687820291
adamw_fp32,AdamW + FP32,4,v_proj,attn,model.layers.4.self_attn.v_proj.weight,3.7875720759658726,3.787526433548115,-4.56424177577297e-05,-5.23352934570097e-06
adamw_fp32,AdamW + FP32,5,down_proj,mlp,model.layers.5.mlp.down_proj.weight,12.388049471794826,12.388194226703932,0.00014475490910648148,5.074720689642803e-06
adamw_fp32,AdamW + FP32,5,gate_proj,mlp,model.layers.5.mlp.gate_proj.weight,20.634483011844836,20.635750444981248,0.0012674331364124214,2.66748778183518e-05
adamw_fp32,AdamW + FP32,5,up_proj,mlp,model.layers.5.mlp.up_proj.weight,8.094579137228608,8.09510386274711,0.0005247255185008015,2.8151928271698924e-05
adamw_fp32,AdamW + FP32,5,k_proj,attn,model.layers.5.self_attn.k_proj.weight,22.35050954040556,22.365590290516433,0.015080750110872287,0.0002929364067614803
adamw_fp32,AdamW + FP32,5,o_proj,attn,model.layers.5.self_attn.o_proj.weight,14934.50156341116,13327.057436834833,-1607.444126576327,-0.04945646323090226
adamw_fp32,AdamW + FP32,5,q_proj,attn,model.layers.5.self_attn.q_proj.weight,14969.234018258956,15407.46701045506,438.23299219610453,0.012531668630546985
adamw_fp32,AdamW + FP32,5,v_proj,attn,model.layers.5.self_attn.v_proj.weight,3.3558693468749854,3.3557241362389436,-0.00014521063604178153,-1.879260956885173e-05
adamw_fp32,AdamW + FP32,6,down_proj,mlp,model.layers.6.mlp.down_proj.weight,9.162314837809912,9.163541034513013,0.001226196703100868,5.811793636159075e-05
adamw_fp32,AdamW + FP32,6,gate_proj,mlp,model.layers.6.mlp.gate_proj.weight,19.228406692239826,19.22644166725984,-0.00196502497998452,-4.4384494687048514e-05
adamw_fp32,AdamW + FP32,6,up_proj,mlp,model.layers.6.mlp.up_proj.weight,7.421489572866498,7.420559224437235,-0.0009303484292626507,-5.4446012827913116e-05
adamw_fp32,AdamW + FP32,6,k_proj,attn,model.layers.6.self_attn.k_proj.weight,22.193674123897594,22.200680870836784,0.007006746939190123,0.00013708912123671388
adamw_fp32,AdamW + FP32,6,o_proj,attn,model.layers.6.self_attn.o_proj.weight,70513.61868597266,64272.738328553605,-6240.880357419053,-0.04024619944901529
adamw_fp32,AdamW + FP32,6,q_proj,attn,model.layers.6.self_attn.q_proj.weight,18604.75910456698,18818.514925132928,213.75582056594794,0.004961296697632329
adamw_fp32,AdamW + FP32,6,v_proj,attn,model.layers.6.self_attn.v_proj.weight,3.2802787964379356,3.2802904936652695,1.1697227333851146e-05,1.5486586788409901e-06
adamw_fp32,AdamW + FP32,7,down_proj,mlp,model.layers.7.mlp.down_proj.weight,7.967968298583799,7.968082276731485,0.000113978147685323,6.212339797047687e-06
adamw_fp32,AdamW + FP32,7,gate_proj,mlp,model.layers.7.mlp.gate_proj.weight,16.82272426896548,16.82309998888475,0.00037571991926910187,9.699455506660548e-06
adamw_fp32,AdamW + FP32,7,up_proj,mlp,model.layers.7.mlp.up_proj.weight,8.451906164480205,8.451376493618199,-0.0005296708620061708,-2.7217569193183035e-05
adamw_fp32,AdamW + FP32,7,k_proj,attn,model.layers.7.self_attn.k_proj.weight,30.442592542837964,30.46255130637134,0.019958763533374224,0.0002846387227948681
adamw_fp32,AdamW + FP32,7,o_proj,attn,model.layers.7.self_attn.o_proj.weight,9457.463639954845,9556.997658155346,99.53401820050021,0.004546799304426556
adamw_fp32,AdamW + FP32,7,q_proj,attn,model.layers.7.self_attn.q_proj.weight,9030.470682093728,8672.008081191247,-358.4626009024814,-0.017590713102435356
adamw_fp32,AdamW + FP32,7,v_proj,attn,model.layers.7.self_attn.v_proj.weight,4.6148320901395445,4.614793324593558,-3.876554598658544e-05,-3.6481789788065522e-06
adamw_fp32,AdamW + FP32,8,down_proj,mlp,model.layers.8.mlp.down_proj.weight,8.059006885143106,8.061887062097204,0.002880176954098701,0.00015518307799458354
adamw_fp32,AdamW + FP32,8,gate_proj,mlp,model.layers.8.mlp.gate_proj.weight,15.70276662952571,15.703212500968219,0.0004458714425084054,1.2331378450445093e-05
adamw_fp32,AdamW + FP32,8,up_proj,mlp,model.layers.8.mlp.up_proj.weight,11.03707620181019,11.037364134929385,0.0002879331191945056,1.1329643055260072e-05
adamw_fp32,AdamW + FP32,8,k_proj,attn,model.layers.8.self_attn.k_proj.weight,26.24428190856445,26.232132735894943,-0.012149172669506214,-0.00020109295881112023
adamw_fp32,AdamW + FP32,8,o_proj,attn,model.layers.8.self_attn.o_proj.weight,8728.55329977634,9092.647866210866,364.0945664345254,0.017748104136089262
adamw_fp32,AdamW + FP32,8,q_proj,attn,model.layers.8.self_attn.q_proj.weight,20459.276858621644,19978.127115535972,-481.1497430856725,-0.010335507231551924
adamw_fp32,AdamW + FP32,8,v_proj,attn,model.layers.8.self_attn.v_proj.weight,2.614956506444022,2.61488224163517,-7.426480885230902e-05,-1.2334145750924741e-05
adamw_fp32,AdamW + FP32,9,down_proj,mlp,model.layers.9.mlp.down_proj.weight,11.96143651469935,11.961660369404072,0.00022385470472130464,8.127615206541716e-06
adamw_fp32,AdamW + FP32,9,gate_proj,mlp,model.layers.9.mlp.gate_proj.weight,17.04541620966512,17.045080235336535,-0.0003359743285855643,-8.560262371412822e-06
adamw_fp32,AdamW + FP32,9,up_proj,mlp,model.layers.9.mlp.up_proj.weight,8.607523542303687,8.607910593824938,0.0003870515212511805,1.9528330054363292e-05
adamw_fp32,AdamW + FP32,9,k_proj,attn,model.layers.9.self_attn.k_proj.weight,29.979145885547403,29.975108510618117,-0.0040373749292861305,-5.849158407434661e-05
adamw_fp32,AdamW + FP32,9,o_proj,attn,model.layers.9.self_attn.o_proj.weight,26480.436490575365,22768.98075508671,-3711.455735488653,-0.06558154950457754
adamw_fp32,AdamW + FP32,9,q_proj,attn,model.layers.9.self_attn.q_proj.weight,35295.52653603585,36434.16523647319,1138.6387004373391,0.013789158558389022
adamw_fp32,AdamW + FP32,9,v_proj,attn,model.layers.9.self_attn.v_proj.weight,3.911800039733773,3.911804062360031,4.022626257871309e-06,4.4659836154883666e-07
adamw_bf16,AdamW + BF16,-1,embed,embed,model.embed_tokens.weight,69.18641058154057,69.18771777024286,0.001307188702284634,8.20536103085305e-06
adamw_bf16,AdamW + BF16,0,down_proj,mlp,model.layers.0.mlp.down_proj.weight,10.546793843948734,10.546956005361475,0.00016216141274050244,6.677409871162357e-06
adamw_bf16,AdamW + BF16,0,gate_proj,mlp,model.layers.0.mlp.gate_proj.weight,50.790417231602824,50.7838161128934,-0.006601118709426146,-5.644796597590051e-05
adamw_bf16,AdamW + BF16,0,up_proj,mlp,model.layers.0.mlp.up_proj.weight,30.557746350661454,30.557204572041783,-0.0005417786196701968,-7.699964129536995e-06
adamw_bf16,AdamW + BF16,0,k_proj,attn,model.layers.0.self_attn.k_proj.weight,18.73935745084044,18.738737270726148,-0.0006201801142928787,-1.4373238738467632e-05
adamw_bf16,AdamW + BF16,0,o_proj,attn,model.layers.0.self_attn.o_proj.weight,38555.79005042446,48031.0825364307,9475.292486006241,0.09543276826350285
adamw_bf16,AdamW + BF16,0,q_proj,attn,model.layers.0.self_attn.q_proj.weight,184976.8751259078,185248.44226894705,271.567143039254,0.0006371262433948088
adamw_bf16,AdamW + BF16,0,v_proj,attn,model.layers.0.self_attn.v_proj.weight,7.7755061789352835,7.774904611724695,-0.0006015672105883496,-3.360134001600687e-05
adamw_bf16,AdamW + BF16,1,down_proj,mlp,model.layers.1.mlp.down_proj.weight,8.998430005007657,8.998477707049034,4.770204137649614e-05,2.3022547736108227e-06
adamw_bf16,AdamW + BF16,1,gate_proj,mlp,model.layers.1.mlp.gate_proj.weight,33.91668364456576,33.917770970520685,0.0010873259549271097,1.3922708304368962e-05
adamw_bf16,AdamW + BF16,1,up_proj,mlp,model.layers.1.mlp.up_proj.weight,37.735381088331756,37.73403027873772,-0.0013508095940366616,-1.554667360532658e-05
adamw_bf16,AdamW + BF16,1,k_proj,attn,model.layers.1.self_attn.k_proj.weight,30.087513316132128,30.088398276423657,0.0008849602915290689,1.2773661791634803e-05
adamw_bf16,AdamW + BF16,1,o_proj,attn,model.layers.1.self_attn.o_proj.weight,49034.98587834326,49083.14913430749,48.16325596423121,0.00042636436114631987
adamw_bf16,AdamW + BF16,1,q_proj,attn,model.layers.1.self_attn.q_proj.weight,1074758.1049613138,2458942.585775734,1384184.4808144202,0.3594376595480977
adamw_bf16,AdamW + BF16,1,v_proj,attn,model.layers.1.self_attn.v_proj.weight,3.341969736117407,3.342058947086824,8.921096941660878e-05,1.1592957954422059e-05
adamw_bf16,AdamW + BF16,10,down_proj,mlp,model.layers.10.mlp.down_proj.weight,13.491719978091211,13.491678784276852,-4.119381435963021e-05,-1.3260187437706892e-06
adamw_bf16,AdamW + BF16,10,gate_proj,mlp,model.layers.10.mlp.gate_proj.weight,16.210019773701827,16.210411834084823,0.0003920603829961067,1.050384911439934e-05
adamw_bf16,AdamW + BF16,10,up_proj,mlp,model.layers.10.mlp.up_proj.weight,8.538043575643336,8.538150564245692,0.0001069886023561395,5.442027567666564e-06
adamw_bf16,AdamW + BF16,10,k_proj,attn,model.layers.10.self_attn.k_proj.weight,24.034098760920294,24.035166522246303,0.0010677613260092755,1.9293943821287323e-05
adamw_bf16,AdamW + BF16,10,o_proj,attn,model.layers.10.self_attn.o_proj.weight,15508.710116684786,15922.61296122412,413.9028445393342,0.011438660248555334
adamw_bf16,AdamW + BF16,10,q_proj,attn,model.layers.10.self_attn.q_proj.weight,12813.850813777506,12900.506998160736,86.65618438322963,0.0029271153059592728
adamw_bf16,AdamW + BF16,10,v_proj,attn,model.layers.10.self_attn.v_proj.weight,3.2994636012714755,3.299448018903342,-1.558236813359315e-05,-2.0510462588087752e-06
adamw_bf16,AdamW + BF16,11,down_proj,mlp,model.layers.11.mlp.down_proj.weight,16.054627449194015,16.053968027038476,-0.0006594221555396018,-1.7838426078031067e-05
adamw_bf16,AdamW + BF16,11,gate_proj,mlp,model.layers.11.mlp.gate_proj.weight,13.225697438590451,13.22543770132786,-0.00025973726259209684,-8.529120530767215e-06
adamw_bf16,AdamW + BF16,11,up_proj,mlp,model.layers.11.mlp.up_proj.weight,6.605510357941471,6.605286461631869,-0.00022389630960173434,-1.4720827686013699e-05
adamw_bf16,AdamW + BF16,11,k_proj,attn,model.layers.11.self_attn.k_proj.weight,21.610944081803808,21.610603553290115,-0.0003405285136928171,-6.843329890890138e-06
adamw_bf16,AdamW + BF16,11,o_proj,attn,model.layers.11.self_attn.o_proj.weight,139258.46738802953,157495.56234068438,18237.09495265485,0.05344671021036699
adamw_bf16,AdamW + BF16,11,q_proj,attn,model.layers.11.self_attn.q_proj.weight,28543.812668067454,28664.797481084475,120.98481301702122,0.0018368953512927398
adamw_bf16,AdamW + BF16,11,v_proj,attn,model.layers.11.self_attn.v_proj.weight,2.8678401021237847,2.867849974857395,9.872733610194473e-06,1.4950855679591174e-06
adamw_bf16,AdamW + BF16,12,down_proj,mlp,model.layers.12.mlp.down_proj.weight,14.145448240851502,14.145928566350449,0.0004803254989464989,1.4746734678346978e-05
adamw_bf16,AdamW + BF16,12,gate_proj,mlp,model.layers.12.mlp.gate_proj.weight,18.888272791501652,18.888740440639676,0.0004676491380237735,1.0752435025633024e-05
adamw_bf16,AdamW + BF16,12,up_proj,mlp,model.layers.12.mlp.up_proj.weight,8.061255117094625,8.061110283446665,-0.00014483364796014087,-7.802881592371898e-06
adamw_bf16,AdamW + BF16,12,k_proj,attn,model.layers.12.self_attn.k_proj.weight,20.867707840632306,20.867151841112584,-0.0005559995197224055,-1.157150282578309e-05
adamw_bf16,AdamW + BF16,12,o_proj,attn,model.layers.12.self_attn.o_proj.weight,102000.14319866779,87025.53462442178,-14974.608574246013,-0.06895408150312546
adamw_bf16,AdamW + BF16,12,q_proj,attn,model.layers.12.self_attn.q_proj.weight,14798.684955393119,15178.07076780147,379.38581240835083,0.010993448674586735
adamw_bf16,AdamW + BF16,12,v_proj,attn,model.layers.12.self_attn.v_proj.weight,2.550671517667282,2.5507313112148333,5.979354755147881e-05,1.0180732095572147e-05
adamw_bf16,AdamW + BF16,13,down_proj,mlp,model.layers.13.mlp.down_proj.weight,30.005646690345184,30.005966711219553,0.0003200208743692201,4.631880129760798e-06
adamw_bf16,AdamW + BF16,13,gate_proj,mlp,model.layers.13.mlp.gate_proj.weight,12.316046719506732,12.316060609840672,1.389033394083583e-05,4.898074941054923e-07
adamw_bf16,AdamW + BF16,13,up_proj,mlp,model.layers.13.mlp.up_proj.weight,6.311217662216599,6.31056345133713,-0.0006542108794693746,-4.502061518145328e-05
adamw_bf16,AdamW + BF16,13,k_proj,attn,model.layers.13.self_attn.k_proj.weight,41.906820743475016,41.905750296578205,-0.001070446896811461,-1.1093543002228199e-05
adamw_bf16,AdamW + BF16,13,o_proj,attn,model.layers.13.self_attn.o_proj.weight,9641.296136551193,9624.349358359681,-16.94677819151184,-0.0007640433490613363
adamw_bf16,AdamW + BF16,13,q_proj,attn,model.layers.13.self_attn.q_proj.weight,57124.68510683214,57177.39586468678,52.710757854642,0.00040055251315444573
adamw_bf16,AdamW + BF16,13,v_proj,attn,model.layers.13.self_attn.v_proj.weight,3.7001013163270056,3.7001753482228814,7.403189587584791e-05,8.689308608872036e-06
adamw_bf16,AdamW + BF16,14,down_proj,mlp,model.layers.14.mlp.down_proj.weight,12.14858893422566,12.148383980500654,-0.00020495372500661801,-7.326861015185047e-06
adamw_bf16,AdamW + BF16,14,gate_proj,mlp,model.layers.14.mlp.gate_proj.weight,13.416229041756727,13.418036559731025,0.0018075179742975678,5.850691761227868e-05
adamw_bf16,AdamW + BF16,14,up_proj,mlp,model.layers.14.mlp.up_proj.weight,6.92702720942221,6.927034866641669,7.657219458501174e-06,4.800740951023135e-07
adamw_bf16,AdamW + BF16,14,k_proj,attn,model.layers.14.self_attn.k_proj.weight,23.136335100841148,23.136097476338463,-0.00023762450268449697,-4.4604964353207136e-06
adamw_bf16,AdamW + BF16,14,o_proj,attn,model.layers.14.self_attn.o_proj.weight,6453.263467239998,6578.689064704032,125.42559746403367,0.008359963978915013
adamw_bf16,AdamW + BF16,14,q_proj,attn,model.layers.14.self_attn.q_proj.weight,12016.462412922161,12008.673148918846,-7.789264003315111,-0.0002816079421943561
adamw_bf16,AdamW + BF16,14,v_proj,attn,model.layers.14.self_attn.v_proj.weight,6.809948120874071,6.809862006392112,-8.611448195949833e-05,-5.491859868552176e-06
adamw_bf16,AdamW + BF16,15,down_proj,mlp,model.layers.15.mlp.down_proj.weight,12.83113835849419,12.830887980654465,-0.0002503778397251466,-8.474600777807123e-06
adamw_bf16,AdamW + BF16,15,gate_proj,mlp,model.layers.15.mlp.gate_proj.weight,16.831657108500657,16.831539286191877,-0.00011782230878054634,-3.040090308059073e-06
adamw_bf16,AdamW + BF16,15,up_proj,mlp,model.layers.15.mlp.up_proj.weight,9.399973299687645,9.40039909291755,0.00042579322990476953,1.9671913550333216e-05
adamw_bf16,AdamW + BF16,15,k_proj,attn,model.layers.15.self_attn.k_proj.weight,25.442585553328566,25.44167447395066,-0.0009110793779072424,-1.55520291041195e-05
adamw_bf16,AdamW + BF16,15,o_proj,attn,model.layers.15.self_attn.o_proj.weight,29248.74824238646,29424.292614334532,175.54437194807178,0.002598746491949578
adamw_bf16,AdamW + BF16,15,q_proj,attn,model.layers.15.self_attn.q_proj.weight,23869.157071525828,24818.021913051336,948.8648415255084,0.016930081321859393
adamw_bf16,AdamW + BF16,15,v_proj,attn,model.layers.15.self_attn.v_proj.weight,3.3575600712900404,3.3575277874033156,-3.2283886724826516e-05,-4.175883965821745e-06
adamw_bf16,AdamW + BF16,16,down_proj,mlp,model.layers.16.mlp.down_proj.weight,9.686499227673869,9.686297084930995,-0.00020214274287333467,-9.06317047609085e-06
adamw_bf16,AdamW + BF16,16,gate_proj,mlp,model.layers.16.mlp.gate_proj.weight,12.919883539201004,12.919625524548026,-0.0002580146529780336,-8.673101316717433e-06
adamw_bf16,AdamW + BF16,16,up_proj,mlp,model.layers.16.mlp.up_proj.weight,6.159145316251316,6.158914356051142,-0.0002309602001746569,-1.6285802010264658e-05
adamw_bf16,AdamW + BF16,16,k_proj,attn,model.layers.16.self_attn.k_proj.weight,20.671141321487564,20.671030782354325,-0.00011053913323877396,-2.3224002589834517e-06
adamw_bf16,AdamW + BF16,16,o_proj,attn,model.layers.16.self_attn.o_proj.weight,41529.00729033527,40761.857085682,-767.1502046532696,-0.008097587875386664
adamw_bf16,AdamW + BF16,16,q_proj,attn,model.layers.16.self_attn.q_proj.weight,103943.38985456145,101329.38743563337,-2614.002418928081,-0.01106145892149476
adamw_bf16,AdamW + BF16,16,v_proj,attn,model.layers.16.self_attn.v_proj.weight,2.78870242790059,2.7887233538394165,2.0925938826632517e-05,3.258858160277161e-06
adamw_bf16,AdamW + BF16,17,down_proj,mlp,model.layers.17.mlp.down_proj.weight,6.7996349709306605,6.799659027643556,2.405671289551492e-05,1.5365058898356108e-06
adamw_bf16,AdamW + BF16,17,gate_proj,mlp,model.layers.17.mlp.gate_proj.weight,17.968770886906377,17.968318945056414,-0.0004519418499633332,-1.0923302499377944e-05
adamw_bf16,AdamW + BF16,17,up_proj,mlp,model.layers.17.mlp.up_proj.weight,12.572357420855843,12.572394367062577,3.694620673400095e-05,1.2762531002554479e-06
adamw_bf16,AdamW + BF16,17,k_proj,attn,model.layers.17.self_attn.k_proj.weight,15.488632202364206,15.4889039168401,0.0002717144758932477,7.618688399365333e-06
adamw_bf16,AdamW + BF16,17,o_proj,attn,model.layers.17.self_attn.o_proj.weight,57591.66094582242,60457.25663148605,2865.595685663633,0.021088832530339538
adamw_bf16,AdamW + BF16,17,q_proj,attn,model.layers.17.self_attn.q_proj.weight,13024.993728263826,13022.473079047348,-2.5206492164779775,-8.40545498758551e-05
adamw_bf16,AdamW + BF16,17,v_proj,attn,model.layers.17.self_attn.v_proj.weight,4.045377579425002,4.0454258553003095,4.82758753070911e-05,5.182661134785888e-06
adamw_bf16,AdamW + BF16,18,down_proj,mlp,model.layers.18.mlp.down_proj.weight,6.643981466821017,6.6441005143901535,0.00011904756913683201,7.78166516955762e-06
adamw_bf16,AdamW + BF16,18,gate_proj,mlp,model.layers.18.mlp.gate_proj.weight,18.455846043796296,18.45569241759314,-0.000153626203154289,-3.615076211259837e-06
adamw_bf16,AdamW + BF16,18,up_proj,mlp,model.layers.18.mlp.up_proj.weight,10.672724442726581,10.673226665417895,0.000502222691313392,2.043596394079068e-05
adamw_bf16,AdamW + BF16,18,k_proj,attn,model.layers.18.self_attn.k_proj.weight,22.852605445749074,22.853231527373556,0.0006260816244818557,1.1897989961753648e-05
adamw_bf16,AdamW + BF16,18,o_proj,attn,model.layers.18.self_attn.o_proj.weight,21937.349567301397,22154.50557617989,217.1560088784936,0.004277906593447672
adamw_bf16,AdamW + BF16,18,q_proj,attn,model.layers.18.self_attn.q_proj.weight,33741.713223670544,33630.25093412124,-111.4622895493012,-0.0014370221222675859
adamw_bf16,AdamW + BF16,18,v_proj,attn,model.layers.18.self_attn.v_proj.weight,2.1434580875579408,2.143446437050378,-1.1650507562688261e-05,-2.3605616205367953e-06
adamw_bf16,AdamW + BF16,19,down_proj,mlp,model.layers.19.mlp.down_proj.weight,7.114441587440737,7.114450611782513,9.024341776076028e-06,5.508822164460513e-07
adamw_bf16,AdamW + BF16,19,gate_proj,mlp,model.layers.19.mlp.gate_proj.weight,18.805480505433707,18.805720217275617,0.00023971184191040606,5.535879109931595e-06
adamw_bf16,AdamW + BF16,19,up_proj,mlp,model.layers.19.mlp.up_proj.weight,10.390484231630769,10.390621048863805,0.00013681723303626825,5.718557173570465e-06
adamw_bf16,AdamW + BF16,19,k_proj,attn,model.layers.19.self_attn.k_proj.weight,22.401692950673606,22.401782513883607,8.956321000042067e-05,1.736329937850099e-06
adamw_bf16,AdamW + BF16,19,o_proj,attn,model.layers.19.self_attn.o_proj.weight,24022.826455842358,23829.21898962658,-193.6074662157771,-0.003514295460507515
adamw_bf16,AdamW + BF16,19,q_proj,attn,model.layers.19.self_attn.q_proj.weight,25682.89091427411,25910.491088762465,227.60017448835424,0.0038317372201409692
adamw_bf16,AdamW + BF16,19,v_proj,attn,model.layers.19.self_attn.v_proj.weight,3.008918396896258,3.008929975766585,1.1578870326989232e-05,1.6712416725512274e-06
adamw_bf16,AdamW + BF16,2,down_proj,mlp,model.layers.2.mlp.down_proj.weight,13.20255066881167,13.202936566834198,0.0003858980225288633,1.2693829905707478e-05
adamw_bf16,AdamW + BF16,2,gate_proj,mlp,model.layers.2.mlp.gate_proj.weight,17.38657445257771,17.386771725755956,0.00019727317824447255,4.927604740740732e-06
adamw_bf16,AdamW + BF16,2,up_proj,mlp,model.layers.2.mlp.up_proj.weight,8.916099391549464,8.91555068497987,-0.0005487065695941595,-2.6727782836829743e-05
adamw_bf16,AdamW + BF16,2,k_proj,attn,model.layers.2.self_attn.k_proj.weight,17.246031056628958,17.245706855352815,-0.00032420127614329886,-8.164205910309638e-06
adamw_bf16,AdamW + BF16,2,o_proj,attn,model.layers.2.self_attn.o_proj.weight,31093.030750193404,30665.928459675146,-427.1022905182581,-0.006006938183199835
adamw_bf16,AdamW + BF16,2,q_proj,attn,model.layers.2.self_attn.q_proj.weight,24610.069351651575,24167.49946589444,-442.5698857571333,-0.00788111988783028
adamw_bf16,AdamW + BF16,2,v_proj,attn,model.layers.2.self_attn.v_proj.weight,3.1911166787384015,3.1911467880561712,3.0109317769699828e-05,4.097703151710597e-06
adamw_bf16,AdamW + BF16,20,down_proj,mlp,model.layers.20.mlp.down_proj.weight,7.516513788547348,7.516571812570909,5.802402356103187e-05,3.352540379173622e-06
adamw_bf16,AdamW + BF16,20,gate_proj,mlp,model.layers.20.mlp.gate_proj.weight,19.204884886797178,19.20613572678842,0.0012508399912434243,2.8285262794623025e-05
adamw_bf16,AdamW + BF16,20,up_proj,mlp,model.layers.20.mlp.up_proj.weight,11.187456334212877,11.188325171961564,0.000868837748686957,3.372677195742661e-05
adamw_bf16,AdamW + BF16,20,k_proj,attn,model.layers.20.self_attn.k_proj.weight,22.072850031907265,22.072990334444384,0.00014030253711894147,2.760514565466966e-06
adamw_bf16,AdamW + BF16,20,o_proj,attn,model.layers.20.self_attn.o_proj.weight,123534.76145527787,120226.4306201949,-3308.3308350829757,-0.011789227335314784
adamw_bf16,AdamW + BF16,20,q_proj,attn,model.layers.20.self_attn.q_proj.weight,9243.896257866112,9157.383672525646,-86.5125853404661,-0.0040836523762547575
adamw_bf16,AdamW + BF16,20,v_proj,attn,model.layers.20.self_attn.v_proj.weight,6.942409244310096,6.9424567014987195,4.745718862331216e-05,2.968756807009134e-06
adamw_bf16,AdamW + BF16,21,down_proj,mlp,model.layers.21.mlp.down_proj.weight,9.390981919055381,9.390035903268384,-0.0009460157869973784,-4.375156238286892e-05
adamw_bf16,AdamW + BF16,21,gate_proj,mlp,model.layers.21.mlp.gate_proj.weight,17.629945642520745,17.62976080583221,-0.00018483668853619406,-4.553274089370956e-06
adamw_bf16,AdamW + BF16,21,up_proj,mlp,model.layers.21.mlp.up_proj.weight,8.16699577216017,8.166942438836985,-5.333332318535611e-05,-2.836103291398718e-06
adamw_bf16,AdamW + BF16,21,k_proj,attn,model.layers.21.self_attn.k_proj.weight,29.992183020775197,29.99204318537603,-0.00013983539916750942,-2.024857069055565e-06
adamw_bf16,AdamW + BF16,21,o_proj,attn,model.layers.21.self_attn.o_proj.weight,298850.6543733745,411807.38695721986,112956.73258384538,0.13923992156378323
adamw_bf16,AdamW + BF16,21,q_proj,attn,model.layers.21.self_attn.q_proj.weight,14032.644030663625,14321.428508613673,288.7844779500483,0.008846830872180831
adamw_bf16,AdamW + BF16,21,v_proj,attn,model.layers.21.self_attn.v_proj.weight,4.366601968716395,4.3666180620932895,1.6093376894232847e-05,1.600615753579124e-06
adamw_bf16,AdamW + BF16,22,down_proj,mlp,model.layers.22.mlp.down_proj.weight,9.904782336268656,9.904611823563746,-0.00017051270491030834,-7.476526161421805e-06
adamw_bf16,AdamW + BF16,22,gate_proj,mlp,model.layers.22.mlp.gate_proj.weight,22.904187063530273,22.904203606144435,1.654261416206282e-05,3.136703098603926e-07
adamw_bf16,AdamW + BF16,22,up_proj,mlp,model.layers.22.mlp.up_proj.weight,12.79968858450657,12.799026219681597,-0.0006623648249739489,-2.2474674276256003e-05
adamw_bf16,AdamW + BF16,22,k_proj,attn,model.layers.22.self_attn.k_proj.weight,20.39377999771742,20.394065142785983,0.00028514506856325283,6.0722467388703806e-06
adamw_bf16,AdamW + BF16,22,o_proj,attn,model.layers.22.self_attn.o_proj.weight,35374.77308841131,35072.46653359128,-302.30655482003203,-0.003727353270579277
adamw_bf16,AdamW + BF16,22,q_proj,attn,model.layers.22.self_attn.q_proj.weight,47977.340735145204,49000.83026944564,1023.4895343004391,0.009167266336780958
adamw_bf16,AdamW + BF16,22,v_proj,attn,model.layers.22.self_attn.v_proj.weight,5.233505964972921,5.2334880165512425,-1.7948421678681825e-05,-1.4894248544954334e-06
adamw_bf16,AdamW + BF16,23,down_proj,mlp,model.layers.23.mlp.down_proj.weight,11.80645745879601,11.806545000276916,8.754148090694969e-05,3.2201565355343157e-06
adamw_bf16,AdamW + BF16,23,gate_proj,mlp,model.layers.23.mlp.gate_proj.weight,19.84423847022627,19.84353662581531,-0.0007018444109583299,-1.5360254089718445e-05
adamw_bf16,AdamW + BF16,23,up_proj,mlp,model.layers.23.mlp.up_proj.weight,10.79189058648552,10.792256354784673,0.00036576829915269116,1.4719243194992757e-05
adamw_bf16,AdamW + BF16,23,k_proj,attn,model.layers.23.self_attn.k_proj.weight,16.001526800630636,16.000881671830932,-0.000645128799703798,-1.750967450509435e-05
adamw_bf16,AdamW + BF16,23,o_proj,attn,model.layers.23.self_attn.o_proj.weight,13053.866526333686,12765.883711947727,-287.9828143859595,-0.009688283791776744
adamw_bf16,AdamW + BF16,23,q_proj,attn,model.layers.23.self_attn.q_proj.weight,764874.9518123881,632213.2940866661,-132661.65772572206,-0.08272681496483543
adamw_bf16,AdamW + BF16,23,v_proj,attn,model.layers.23.self_attn.v_proj.weight,4.042193780833294,4.042211185128044,1.7404294749390203e-05,1.8699184919406268e-06
adamw_bf16,AdamW + BF16,24,down_proj,mlp,model.layers.24.mlp.down_proj.weight,10.013056479364716,10.012540702850284,-0.0005157765144314652,-2.2371257358682586e-05
adamw_bf16,AdamW + BF16,24,gate_proj,mlp,model.layers.24.mlp.gate_proj.weight,21.0475855955308,21.04866067734702,0.0010750818162179598,2.2182600199221638e-05
adamw_bf16,AdamW + BF16,24,up_proj,mlp,model.layers.24.mlp.up_proj.weight,13.895235392599337,13.894855484537963,-0.0003799080613742234,-1.187415870105641e-05
adamw_bf16,AdamW + BF16,24,k_proj,attn,model.layers.24.self_attn.k_proj.weight,31.211181081905732,31.211566901960154,0.00038582005442222567,5.368540349747301e-06
adamw_bf16,AdamW + BF16,24,o_proj,attn,model.layers.24.self_attn.o_proj.weight,13596.107700858232,13283.947542789709,-312.16015806852374,-0.01008744422900165
adamw_bf16,AdamW + BF16,24,q_proj,attn,model.layers.24.self_attn.q_proj.weight,119825.2524376554,123682.47064457068,3857.218206915277,0.013759799399950706
adamw_bf16,AdamW + BF16,24,v_proj,attn,model.layers.24.self_attn.v_proj.weight,3.6003445004354857,3.600348537338816,4.0369033302845025e-06,4.869544725942061e-07
adamw_bf16,AdamW + BF16,25,down_proj,mlp,model.layers.25.mlp.down_proj.weight,9.428473935149443,9.42799053053595,-0.00048340461349205555,-2.2267160060068954e-05
adamw_bf16,AdamW + BF16,25,gate_proj,mlp,model.layers.25.mlp.gate_proj.weight,21.338091581274373,21.339750891166265,0.0016593098918917804,3.377064483264502e-05
adamw_bf16,AdamW + BF16,25,up_proj,mlp,model.layers.25.mlp.up_proj.weight,18.112209505291784,18.112500507993992,0.0002910027022089423,6.977605493309334e-06
adamw_bf16,AdamW + BF16,25,k_proj,attn,model.layers.25.self_attn.k_proj.weight,22.462953951457504,22.462642000257198,-0.0003119512003060265,-6.03124708966601e-06
adamw_bf16,AdamW + BF16,25,o_proj,attn,model.layers.25.self_attn.o_proj.weight,16296.613319126418,15876.463878658322,-420.14944046809615,-0.01134358122773064
adamw_bf16,AdamW + BF16,25,q_proj,attn,model.layers.25.self_attn.q_proj.weight,24555.210708810777,24189.143564692265,-366.06714411851135,-0.00652317307167712
adamw_bf16,AdamW + BF16,25,v_proj,attn,model.layers.25.self_attn.v_proj.weight,4.337190824833435,4.337199504037257,8.679203822303805e-06,8.690709512659866e-07
adamw_bf16,AdamW + BF16,26,down_proj,mlp,model.layers.26.mlp.down_proj.weight,8.741682232718533,8.74177483395788,9.260123934673459e-05,4.6004868616548385e-06
adamw_bf16,AdamW + BF16,26,gate_proj,mlp,model.layers.26.mlp.gate_proj.weight,20.0336868429297,20.033404274211403,-0.00028256871829768215,-6.1256273762673664e-06
adamw_bf16,AdamW + BF16,26,up_proj,mlp,model.layers.26.mlp.up_proj.weight,18.54966977174175,18.54962505875537,-4.4712986380091024e-05,-1.0468448709557795e-06
adamw_bf16,AdamW + BF16,26,k_proj,attn,model.layers.26.self_attn.k_proj.weight,18.924022446774764,18.923246222976946,-0.0007762237978177211,-1.7814216138208482e-05
adamw_bf16,AdamW + BF16,26,o_proj,attn,model.layers.26.self_attn.o_proj.weight,32723.99759321507,32546.39932116338,-177.5982720516913,-0.0023634034276501293
adamw_bf16,AdamW + BF16,26,q_proj,attn,model.layers.26.self_attn.q_proj.weight,48120.87790718429,48753.39717322231,632.5192660380199,0.005671341136301606
adamw_bf16,AdamW + BF16,26,v_proj,attn,model.layers.26.self_attn.v_proj.weight,4.835564685889436,4.835579074842385,1.4388952949140332e-05,1.2923068916789621e-06
adamw_bf16,AdamW + BF16,27,down_proj,mlp,model.layers.27.mlp.down_proj.weight,11.983131396493501,11.983213592303233,8.219580973189977e-05,2.978942898394254e-06
adamw_bf16,AdamW + BF16,27,gate_proj,mlp,model.layers.27.mlp.gate_proj.weight,34.01131673372879,34.01214497979496,0.0008282460661703794,1.0575842133067718e-05
adamw_bf16,AdamW + BF16,27,up_proj,mlp,model.layers.27.mlp.up_proj.weight,27.05991417573715,27.058890848547907,-0.00102332718924103,-1.642406373615635e-05
adamw_bf16,AdamW + BF16,27,k_proj,attn,model.layers.27.self_attn.k_proj.weight,16.960271595775623,16.960484865018287,0.00021326924266418246,5.461060714057915e-06
adamw_bf16,AdamW + BF16,27,o_proj,attn,model.layers.27.self_attn.o_proj.weight,99634.79632267175,103737.9641464134,4103.167823741649,0.01752668339123037
adamw_bf16,AdamW + BF16,27,q_proj,attn,model.layers.27.self_attn.q_proj.weight,91711.44628086085,88873.52695386029,-2837.9193270005635,-0.013651126757191297
adamw_bf16,AdamW + BF16,27,v_proj,attn,model.layers.27.self_attn.v_proj.weight,7.853791579470053,7.8537471891107655,-4.439035928704982e-05,-2.4546796760790345e-06
adamw_bf16,AdamW + BF16,3,down_proj,mlp,model.layers.3.mlp.down_proj.weight,10.758270959803003,10.758169394824929,-0.0001015649780740091,-4.100037813464434e-06
adamw_bf16,AdamW + BF16,3,gate_proj,mlp,model.layers.3.mlp.gate_proj.weight,13.999766940935217,14.000223876955694,0.00045693602047691684,1.4174632669315983e-05
adamw_bf16,AdamW + BF16,3,up_proj,mlp,model.layers.3.mlp.up_proj.weight,7.592358408260811,7.592181893034345,-0.00017651522646566775,-1.0097057574144176e-05
adamw_bf16,AdamW + BF16,3,k_proj,attn,model.layers.3.self_attn.k_proj.weight,15.502942945207748,15.50261360116159,-0.00032934404615758694,-9.226236702771429e-06
adamw_bf16,AdamW + BF16,3,o_proj,attn,model.layers.3.self_attn.o_proj.weight,16528.241725287102,16240.855738021648,-287.3859872654539,-0.0076177470918922545
adamw_bf16,AdamW + BF16,3,q_proj,attn,model.layers.3.self_attn.q_proj.weight,75355.26316454641,77257.52164948737,1902.2584849409614,0.010827181392295472
adamw_bf16,AdamW + BF16,3,v_proj,attn,model.layers.3.self_attn.v_proj.weight,3.891617107326821,3.891730669002342,0.00011356167552101226,1.2673006643221045e-05
adamw_bf16,AdamW + BF16,4,down_proj,mlp,model.layers.4.mlp.down_proj.weight,11.15720155550664,11.157065237329338,-0.00013631817730264117,-5.306222493065768e-06
adamw_bf16,AdamW + BF16,4,gate_proj,mlp,model.layers.4.mlp.gate_proj.weight,17.495981170242754,17.49556743150536,-0.00041373873739303235,-1.0270162812926412e-05
adamw_bf16,AdamW + BF16,4,up_proj,mlp,model.layers.4.mlp.up_proj.weight,8.782003015120793,8.78063234017607,-0.0013706749447237598,-6.778897974507237e-05
adamw_bf16,AdamW + BF16,4,k_proj,attn,model.layers.4.self_attn.k_proj.weight,23.93670634239095,23.93711284076295,0.0004064983720013515,7.375221065683718e-06
adamw_bf16,AdamW + BF16,4,o_proj,attn,model.layers.4.self_attn.o_proj.weight,8582.208719375358,8609.78836958756,27.579650212202978,0.0013934041650768903
adamw_bf16,AdamW + BF16,4,q_proj,attn,model.layers.4.self_attn.q_proj.weight,19385.367499083055,19519.539678333713,134.1721792506578,0.0029955330737702754
adamw_bf16,AdamW + BF16,4,v_proj,attn,model.layers.4.self_attn.v_proj.weight,3.7875720759658726,3.787536139160666,-3.59368052067488e-05,-4.120642439784844e-06
adamw_bf16,AdamW + BF16,5,down_proj,mlp,model.layers.5.mlp.down_proj.weight,12.388049471794826,12.388549397237808,0.0004999254429822741,1.7525800246205343e-05
adamw_bf16,AdamW + BF16,5,gate_proj,mlp,model.layers.5.mlp.gate_proj.weight,20.634483011844836,20.63520260610919,0.0007195942643534181,1.514505446651878e-05
adamw_bf16,AdamW + BF16,5,up_proj,mlp,model.layers.5.mlp.up_proj.weight,8.094579137228608,8.094893505037154,0.00031436780854576796,1.686629423617458e-05
adamw_bf16,AdamW + BF16,5,k_proj,attn,model.layers.5.self_attn.k_proj.weight,22.35050954040556,22.351164033380613,0.0006544929750518236,1.2717317487497435e-05
adamw_bf16,AdamW + BF16,5,o_proj,attn,model.layers.5.self_attn.o_proj.weight,14934.50156341116,14926.533435671188,-7.96812773997226,-0.00023177455107034568
adamw_bf16,AdamW + BF16,5,q_proj,attn,model.layers.5.self_attn.q_proj.weight,14969.234018258956,15299.768131742168,330.5341134832124,0.009485271239037536
adamw_bf16,AdamW + BF16,5,v_proj,attn,model.layers.5.self_attn.v_proj.weight,3.3558693468749854,3.355853227985151,-1.6118889834437766e-05,-2.086005442380091e-06
adamw_bf16,AdamW + BF16,6,down_proj,mlp,model.layers.6.mlp.down_proj.weight,9.162314837809912,9.16222118371786,-9.365409205308595e-05,-4.439234405616965e-06
adamw_bf16,AdamW + BF16,6,gate_proj,mlp,model.layers.6.mlp.gate_proj.weight,19.228406692239826,19.22581589603155,-0.0025907962082776237,-5.851989315921101e-05
adamw_bf16,AdamW + BF16,6,up_proj,mlp,model.layers.6.mlp.up_proj.weight,7.421489572866498,7.420688525289204,-0.0008010475772932679,-4.687863743414966e-05
adamw_bf16,AdamW + BF16,6,k_proj,attn,model.layers.6.self_attn.k_proj.weight,22.193674123897594,22.194179040167967,0.0005049162703727461,9.880286358735302e-06
adamw_bf16,AdamW + BF16,6,o_proj,attn,model.layers.6.self_attn.o_proj.weight,70513.61868597266,79390.91468878687,8877.296002814212,0.05149780282995458
adamw_bf16,AdamW + BF16,6,q_proj,attn,model.layers.6.self_attn.q_proj.weight,18604.75910456698,18134.43114258279,-470.32796198418873,-0.011120114341659564
adamw_bf16,AdamW + BF16,6,v_proj,attn,model.layers.6.self_attn.v_proj.weight,3.2802787964379356,3.2802622797277303,-1.651671020530543e-05,-2.186745275444741e-06
adamw_bf16,AdamW + BF16,7,down_proj,mlp,model.layers.7.mlp.down_proj.weight,7.967968298583799,7.967877396555627,-9.090202817230164e-05,-4.954647526666315e-06
adamw_bf16,AdamW + BF16,7,gate_proj,mlp,model.layers.7.mlp.gate_proj.weight,16.82272426896548,16.8234345084919,0.000710239526419798,1.833511571054474e-05
adamw_bf16,AdamW + BF16,7,up_proj,mlp,model.layers.7.mlp.up_proj.weight,8.451906164480205,8.451693062937217,-0.0002131015429878147,-1.0950191490522197e-05
adamw_bf16,AdamW + BF16,7,k_proj,attn,model.layers.7.self_attn.k_proj.weight,30.442592542837964,30.44230911765142,-0.0002834251865451165,-4.0433667852674644e-06
adamw_bf16,AdamW + BF16,7,o_proj,attn,model.layers.7.self_attn.o_proj.weight,9457.463639954845,9665.655326227501,208.19168627265572,0.009456624009941548
adamw_bf16,AdamW + BF16,7,q_proj,attn,model.layers.7.self_attn.q_proj.weight,9030.470682093728,9069.943644790936,39.47296269720755,0.0018942016188395999
adamw_bf16,AdamW + BF16,7,v_proj,attn,model.layers.7.self_attn.v_proj.weight,4.6148320901395445,4.614900267176001,6.817703645634055e-05,6.415984685095489e-06
adamw_bf16,AdamW + BF16,8,down_proj,mlp,model.layers.8.mlp.down_proj.weight,8.059006885143106,8.058793187685966,-0.00021369745713961663,-1.1516165483950964e-05
adamw_bf16,AdamW + BF16,8,gate_proj,mlp,model.layers.8.mlp.gate_proj.weight,15.70276662952571,15.7040475550016,0.0012809254758892052,3.542536106639625e-05
adamw_bf16,AdamW + BF16,8,up_proj,mlp,model.layers.8.mlp.up_proj.weight,11.03707620181019,11.03729258645946,0.0002163846492688748,8.514368863782206e-06
adamw_bf16,AdamW + BF16,8,k_proj,attn,model.layers.8.self_attn.k_proj.weight,26.24428190856445,26.244325145665055,4.32371006056087e-05,7.154937141473108e-07
adamw_bf16,AdamW + BF16,8,o_proj,attn,model.layers.8.self_attn.o_proj.weight,8728.55329977634,8681.466711943463,-47.08658783287683,-0.0023491638854374604
adamw_bf16,AdamW + BF16,8,q_proj,attn,model.layers.8.self_attn.q_proj.weight,20459.276858621644,20203.414543006147,-255.8623156154972,-0.005465504349536484
adamw_bf16,AdamW + BF16,8,v_proj,attn,model.layers.8.self_attn.v_proj.weight,2.614956506444022,2.6149455243195137,-1.0982124508451818e-05,-1.8239255900154364e-06
adamw_bf16,AdamW + BF16,9,down_proj,mlp,model.layers.9.mlp.down_proj.weight,11.96143651469935,11.961379345434079,-5.716926527199462e-05,-2.075700167369324e-06
adamw_bf16,AdamW + BF16,9,gate_proj,mlp,model.layers.9.mlp.gate_proj.weight,17.04541620966512,17.045635331703764,0.00021912203864360436,5.582901550094488e-06
adamw_bf16,AdamW + BF16,9,up_proj,mlp,model.layers.9.mlp.up_proj.weight,8.607523542303687,8.60771579853226,0.00019225622857277358,9.700221708375844e-06
adamw_bf16,AdamW + BF16,9,k_proj,attn,model.layers.9.self_attn.k_proj.weight,29.979145885547403,29.97925536900898,0.00010948346157491073,1.5860350585158942e-06
adamw_bf16,AdamW + BF16,9,o_proj,attn,model.layers.9.self_attn.o_proj.weight,26480.436490575365,26209.085953440568,-271.35053713479647,-0.004473264411696338
adamw_bf16,AdamW + BF16,9,q_proj,attn,model.layers.9.self_attn.q_proj.weight,35295.52653603585,35412.003832583316,116.47729654746217,0.0014308374978088377
adamw_bf16,AdamW + BF16,9,v_proj,attn,model.layers.9.self_attn.v_proj.weight,3.911800039733773,3.9117117196405866,-8.832009318648915e-05,-9.805552875337975e-06
muon_fp32,Muon + FP32,-1,embed,embed,model.embed_tokens.weight,69.18641058154057,69.18311711930406,-0.003293462236513278,-2.0674096381072176e-05
muon_fp32,Muon + FP32,0,down_proj,mlp,model.layers.0.mlp.down_proj.weight,10.546793843948734,10.547286705083968,0.0004928611352337242,2.0294496450572982e-05
muon_fp32,Muon + FP32,0,gate_proj,mlp,model.layers.0.mlp.gate_proj.weight,50.790417231602824,50.78779570747224,-0.0026215241305820314,-2.241648935137561e-05
muon_fp32,Muon + FP32,0,up_proj,mlp,model.layers.0.mlp.up_proj.weight,30.557746350661454,30.557309307511417,-0.0004370431500362315,-6.211413092020641e-06
muon_fp32,Muon + FP32,0,k_proj,attn,model.layers.0.self_attn.k_proj.weight,18.73935745084044,18.74087253062902,0.0015150797885787881,3.511135297230097e-05
muon_fp32,Muon + FP32,0,o_proj,attn,model.layers.0.self_attn.o_proj.weight,38555.79005042446,38539.53366973839,-16.25638068607077,-0.00018315135579274124
muon_fp32,Muon + FP32,0,q_proj,attn,model.layers.0.self_attn.q_proj.weight,184976.8751259078,182102.03039999527,-2874.844725912524,-0.006802650379565322
muon_fp32,Muon + FP32,0,v_proj,attn,model.layers.0.self_attn.v_proj.weight,7.7755061789352835,7.773565650431775,-0.0019405285035087871,-0.00010840014563871132
muon_fp32,Muon + FP32,1,down_proj,mlp,model.layers.1.mlp.down_proj.weight,8.998430005007657,8.998065713583255,-0.00036429142440219664,-1.7582284675629297e-05
muon_fp32,Muon + FP32,1,gate_proj,mlp,model.layers.1.mlp.gate_proj.weight,33.91668364456576,33.916147302720844,-0.0005363418449135793,-6.867774804983083e-06
muon_fp32,Muon + FP32,1,up_proj,mlp,model.layers.1.mlp.up_proj.weight,37.735381088331756,37.73267614587591,-0.002704942455849846,-3.113215381437416e-05
muon_fp32,Muon + FP32,1,k_proj,attn,model.layers.1.self_attn.k_proj.weight,30.087513316132128,30.091559548716017,0.004046232583888809,5.840091588900293e-05
muon_fp32,Muon + FP32,1,o_proj,attn,model.layers.1.self_attn.o_proj.weight,49034.98587834326,45662.5746413197,-3372.41123702356,-0.03094565943252848
muon_fp32,Muon + FP32,1,q_proj,attn,model.layers.1.self_attn.q_proj.weight,1074758.1049613138,357143.359516488,-717614.7454448259,-0.4784681493451001
muon_fp32,Muon + FP32,1,v_proj,attn,model.layers.1.self_attn.v_proj.weight,3.341969736117407,3.3420910914487694,0.0001213553313621496,1.577003923981809e-05
muon_fp32,Muon + FP32,10,down_proj,mlp,model.layers.10.mlp.down_proj.weight,13.491719978091211,13.490864318413486,-0.0008556596777253844,-2.7544305798469777e-05
muon_fp32,Muon + FP32,10,gate_proj,mlp,model.layers.10.mlp.gate_proj.weight,16.210019773701827,16.21031215308309,0.00029237938126414065,7.833278955616203e-06
muon_fp32,Muon + FP32,10,up_proj,mlp,model.layers.10.mlp.up_proj.weight,8.538043575643336,8.538113113632415,6.953798907893827e-05,3.537091570370547e-06
muon_fp32,Muon + FP32,10,k_proj,attn,model.layers.10.self_attn.k_proj.weight,24.034098760920294,24.039949042549733,0.0058502816294385696,0.00010570131527822243
muon_fp32,Muon + FP32,10,o_proj,attn,model.layers.10.self_attn.o_proj.weight,15508.710116684786,16700.73992646261,1192.029809777825,0.03216003462110117
muon_fp32,Muon + FP32,10,q_proj,attn,model.layers.10.self_attn.q_proj.weight,12813.850813777506,12245.784255440807,-568.066558336699,-0.019693059553004145
muon_fp32,Muon + FP32,10,v_proj,attn,model.layers.10.self_attn.v_proj.weight,3.2994636012714755,3.2994200700348957,-4.353123657985236e-05,-5.729870923344246e-06
muon_fp32,Muon + FP32,11,down_proj,mlp,model.layers.11.mlp.down_proj.weight,16.054627449194015,16.053191425498046,-0.0014360236959696238,-3.8847681923917164e-05
muon_fp32,Muon + FP32,11,gate_proj,mlp,model.layers.11.mlp.gate_proj.weight,13.225697438590451,13.225472303168393,-0.00022513542205793158,-7.392873164979644e-06
muon_fp32,Muon + FP32,11,up_proj,mlp,model.layers.11.mlp.up_proj.weight,6.605510357941471,6.6056962576792335,0.00018589973776261814,1.2222234145889242e-05
muon_fp32,Muon + FP32,11,k_proj,attn,model.layers.11.self_attn.k_proj.weight,21.610944081803808,21.61253416162936,0.0015900798255508164,3.1953138544055965e-05
muon_fp32,Muon + FP32,11,o_proj,attn,model.layers.11.self_attn.o_proj.weight,139258.46738802953,126464.90656029916,-12793.560827730369,-0.04185158375384469
muon_fp32,Muon + FP32,11,q_proj,attn,model.layers.11.self_attn.q_proj.weight,28543.812668067454,29853.0465150427,1309.2338469752467,0.019476675200687407
muon_fp32,Muon + FP32,11,v_proj,attn,model.layers.11.self_attn.v_proj.weight,2.8678401021237847,2.8679690443828925,0.00012894225910775603,1.9526072152555593e-05
muon_fp32,Muon + FP32,12,down_proj,mlp,model.layers.12.mlp.down_proj.weight,14.145448240851502,14.145097046870385,-0.00035119398111760347,-1.0782514549215975e-05
muon_fp32,Muon + FP32,12,gate_proj,mlp,model.layers.12.mlp.gate_proj.weight,18.888272791501652,18.888433001320685,0.00016020981903253073,3.683658428794145e-06
muon_fp32,Muon + FP32,12,up_proj,mlp,model.layers.12.mlp.up_proj.weight,8.061255117094625,8.061612908873165,0.00035779177854067257,1.927535409529523e-05
muon_fp32,Muon + FP32,12,k_proj,attn,model.layers.12.self_attn.k_proj.weight,20.867707840632306,20.869123542806488,0.0014157021741816322,2.9462305695996068e-05
muon_fp32,Muon + FP32,12,o_proj,attn,model.layers.12.self_attn.o_proj.weight,102000.14319866779,105215.14201117173,3214.998812503938,0.013477464227461126
muon_fp32,Muon + FP32,12,q_proj,attn,model.layers.12.self_attn.q_proj.weight,14798.684955393119,15215.459843348704,416.77488795558565,0.012061957469589376
muon_fp32,Muon + FP32,12,v_proj,attn,model.layers.12.self_attn.v_proj.weight,2.550671517667282,2.5507816681128417,0.00011015044555984232,1.8754550498109334e-05
muon_fp32,Muon + FP32,13,down_proj,mlp,model.layers.13.mlp.down_proj.weight,30.005646690345184,30.00464836003626,-0.0009983303089242668,-1.4449832114903652e-05
muon_fp32,Muon + FP32,13,gate_proj,mlp,model.layers.13.mlp.gate_proj.weight,12.316046719506732,12.317897699699975,0.0018509801932431458,6.526526745945201e-05
muon_fp32,Muon + FP32,13,up_proj,mlp,model.layers.13.mlp.up_proj.weight,6.311217662216599,6.310685438369554,-0.000532223847044655,-3.6625519654798084e-05
muon_fp32,Muon + FP32,13,k_proj,attn,model.layers.13.self_attn.k_proj.weight,41.906820743475016,41.90417567959066,-0.0026450638843584784,-2.741255201980718e-05
muon_fp32,Muon + FP32,13,o_proj,attn,model.layers.13.self_attn.o_proj.weight,9641.296136551193,9772.03128086303,130.73514431183685,0.005849425899027542
muon_fp32,Muon + FP32,13,q_proj,attn,model.layers.13.self_attn.q_proj.weight,57124.68510683214,62065.65344243269,4940.968335600548,0.03602751302223334
muon_fp32,Muon + FP32,13,v_proj,attn,model.layers.13.self_attn.v_proj.weight,3.7001013163270056,3.700075981793031,-2.533453397468577e-05,-2.9736174860752147e-06
muon_fp32,Muon + FP32,14,down_proj,mlp,model.layers.14.mlp.down_proj.weight,12.14858893422566,12.148252505734437,-0.0003364284912237281,-1.2026998461010795e-05
muon_fp32,Muon + FP32,14,gate_proj,mlp,model.layers.14.mlp.gate_proj.weight,13.416229041756727,13.416092015791838,-0.00013702596488940344,-4.435666992935848e-06
muon_fp32,Muon + FP32,14,up_proj,mlp,model.layers.14.mlp.up_proj.weight,6.92702720942221,6.927516424253237,0.0004892148310267075,3.067055938995227e-05
muon_fp32,Muon + FP32,14,k_proj,attn,model.layers.14.self_attn.k_proj.weight,23.136335100841148,23.13877509781797,0.0024399969768218455,4.579901460322569e-05
muon_fp32,Muon + FP32,14,o_proj,attn,model.layers.14.self_attn.o_proj.weight,6453.263467239998,6622.306601096919,169.04313385692058,0.01122988754886316
muon_fp32,Muon + FP32,14,q_proj,attn,model.layers.14.self_attn.q_proj.weight,12016.462412922161,12063.143016248214,46.68060332605273,0.0016838443547258313
muon_fp32,Muon + FP32,14,v_proj,attn,model.layers.14.self_attn.v_proj.weight,6.809948120874071,6.809701536050414,-0.00024658482365680356,-1.5725871214668143e-05
muon_fp32,Muon + FP32,15,down_proj,mlp,model.layers.15.mlp.down_proj.weight,12.83113835849419,12.831032669409158,-0.0001056890850321679,-3.5772644783222703e-06
muon_fp32,Muon + FP32,15,gate_proj,mlp,model.layers.15.mlp.gate_proj.weight,16.831657108500657,16.831033009025315,-0.0006240994753419216,-1.6103463946840664e-05
muon_fp32,Muon + FP32,15,up_proj,mlp,model.layers.15.mlp.up_proj.weight,9.399973299687645,9.40043917556233,0.00046587587468494007,2.1523710922315022e-05
muon_fp32,Muon + FP32,15,k_proj,attn,model.layers.15.self_attn.k_proj.weight,25.442585553328566,25.438645466528275,-0.0039400868002914535,-6.726087104060738e-05
muon_fp32,Muon + FP32,15,o_proj,attn,model.layers.15.self_attn.o_proj.weight,29248.74824238646,26758.9089138733,-2489.8393285131606,-0.03863888309540631
muon_fp32,Muon + FP32,15,q_proj,attn,model.layers.15.self_attn.q_proj.weight,23869.157071525828,24966.771776850062,1097.6147053242348,0.019525309000138824
muon_fp32,Muon + FP32,15,v_proj,attn,model.layers.15.self_attn.v_proj.weight,3.3575600712900404,3.357492592112598,-6.747917744220899e-05,-8.728400468772837e-06
muon_fp32,Muon + FP32,16,down_proj,mlp,model.layers.16.mlp.down_proj.weight,9.686499227673869,9.686280965498566,-0.00021826217530218628,-9.78590139369252e-06
muon_fp32,Muon + FP32,16,gate_proj,mlp,model.layers.16.mlp.gate_proj.weight,12.919883539201004,12.920029995640013,0.0001464564390083467,4.923021372719918e-06
muon_fp32,Muon + FP32,16,up_proj,mlp,model.layers.16.mlp.up_proj.weight,6.159145316251316,6.159832924256126,0.0006876080048092703,4.848200178310251e-05
muon_fp32,Muon + FP32,16,k_proj,attn,model.layers.16.self_attn.k_proj.weight,20.671141321487564,20.66457527668377,-0.006566044803793858,-0.0001379725469826374
muon_fp32,Muon + FP32,16,o_proj,attn,model.layers.16.self_attn.o_proj.weight,41529.00729033527,31222.14053886578,-10306.86675146949,-0.12388887558966488
muon_fp32,Muon + FP32,16,q_proj,attn,model.layers.16.self_attn.q_proj.weight,103943.38985456145,99359.76384804916,-4583.6260065122915,-0.019586325519463297
muon_fp32,Muon + FP32,16,v_proj,attn,model.layers.16.self_attn.v_proj.weight,2.78870242790059,2.7887408925247295,3.8464624139589176e-05,5.990190505866807e-06
muon_fp32,Muon + FP32,17,down_proj,mlp,model.layers.17.mlp.down_proj.weight,6.7996349709306605,6.799542635445815,-9.233548484566256e-05,-5.89753185283438e-06
muon_fp32,Muon + FP32,17,gate_proj,mlp,model.layers.17.mlp.gate_proj.weight,17.968770886906377,17.969537475971975,0.0007665890655985663,1.8527605571495453e-05
muon_fp32,Muon + FP32,17,up_proj,mlp,model.layers.17.mlp.up_proj.weight,12.572357420855843,12.572644361118636,0.00028694026279296736,9.911836463815913e-06
muon_fp32,Muon + FP32,17,k_proj,attn,model.layers.17.self_attn.k_proj.weight,15.488632202364206,15.489712823144822,0.001080620780616215,3.0299077749651653e-05
muon_fp32,Muon + FP32,17,o_proj,attn,model.layers.17.self_attn.o_proj.weight,57591.66094582242,52544.810529705,-5046.8504161174205,-0.039829773418582
muon_fp32,Muon + FP32,17,q_proj,attn,model.layers.17.self_attn.q_proj.weight,13024.993728263826,12776.879583627886,-248.11414463593974,-0.008352721070530273
muon_fp32,Muon + FP32,17,v_proj,attn,model.layers.17.self_attn.v_proj.weight,4.045377579425002,4.045379015376885,1.4359518827333773e-06,1.5415764186965036e-07
muon_fp32,Muon + FP32,18,down_proj,mlp,model.layers.18.mlp.down_proj.weight,6.643981466821017,6.64404371004981,6.224322879333499e-05,4.068609208876337e-06
muon_fp32,Muon + FP32,18,gate_proj,mlp,model.layers.18.mlp.gate_proj.weight,18.455846043796296,18.454970010131724,-0.0008760336645714517,-2.061491059969163e-05
muon_fp32,Muon + FP32,18,up_proj,mlp,model.layers.18.mlp.up_proj.weight,10.672724442726581,10.673825244410148,0.0011008016835667433,4.479151003547075e-05
muon_fp32,Muon + FP32,18,k_proj,attn,model.layers.18.self_attn.k_proj.weight,22.852605445749074,22.845087449239355,-0.0075179965097191825,-0.00014289668566412478
muon_fp32,Muon + FP32,18,o_proj,attn,model.layers.18.self_attn.o_proj.weight,21937.349567301397,23418.6721785287,1481.3226112273042,0.028378111558336767
muon_fp32,Muon + FP32,18,q_proj,attn,model.layers.18.self_attn.q_proj.weight,33741.713223670544,36368.38719704127,2626.673973370729,0.032556912170588086
muon_fp32,Muon + FP32,18,v_proj,attn,model.layers.18.self_attn.v_proj.weight,2.1434580875579408,2.143434102169855,-2.3985388085900894e-05,-4.859801101165523e-06
muon_fp32,Muon + FP32,19,down_proj,mlp,model.layers.19.mlp.down_proj.weight,7.114441587440737,7.114526317255813,8.472981507612332e-05,5.172222101678726e-06
muon_fp32,Muon + FP32,19,gate_proj,mlp,model.layers.19.mlp.gate_proj.weight,18.805480505433707,18.805391006627495,-8.949880621145212e-05,-2.0668937523721963e-06
muon_fp32,Muon + FP32,19,up_proj,mlp,model.layers.19.mlp.up_proj.weight,10.390484231630769,10.389823102274017,-0.0006611293567519994,-2.763432002664279e-05
muon_fp32,Muon + FP32,19,k_proj,attn,model.layers.19.self_attn.k_proj.weight,22.401692950673606,22.399490512533824,-0.002202438139782714,-4.270006538542565e-05
muon_fp32,Muon + FP32,19,o_proj,attn,model.layers.19.self_attn.o_proj.weight,24022.826455842358,22835.907625782373,-1186.9188300599853,-0.022005826337349172
muon_fp32,Muon + FP32,19,q_proj,attn,model.layers.19.self_attn.q_proj.weight,25682.89091427411,27688.514969554468,2005.6240552803574,0.03265575651286128
muon_fp32,Muon + FP32,19,v_proj,attn,model.layers.19.self_attn.v_proj.weight,3.008918396896258,3.008840891547494,-7.750534876427295e-05,-1.1186936424252047e-05
muon_fp32,Muon + FP32,2,down_proj,mlp,model.layers.2.mlp.down_proj.weight,13.20255066881167,13.20302619761209,0.0004755288004201219,1.5642114927131112e-05
muon_fp32,Muon + FP32,2,gate_proj,mlp,model.layers.2.mlp.gate_proj.weight,17.38657445257771,17.386023900005288,-0.000550552572423868,-1.375231967407267e-05
muon_fp32,Muon + FP32,2,up_proj,mlp,model.layers.2.mlp.up_proj.weight,8.916099391549464,8.917302957514064,0.0012035659645999175,5.8620564667906865e-05
muon_fp32,Muon + FP32,2,k_proj,attn,model.layers.2.self_attn.k_proj.weight,17.246031056628958,17.2466385197127,0.0006074630837424877,1.5297039544751455e-05
muon_fp32,Muon + FP32,2,o_proj,attn,model.layers.2.self_attn.o_proj.weight,31093.030750193404,29430.951559198667,-1662.0791909947366,-0.02385875245931601
muon_fp32,Muon + FP32,2,q_proj,attn,model.layers.2.self_attn.q_proj.weight,24610.069351651575,24188.150201844084,-421.9191498074906,-0.007510180761708761
muon_fp32,Muon + FP32,2,v_proj,attn,model.layers.2.self_attn.v_proj.weight,3.1911166787384015,3.191178812966442,6.213422804046687e-05,8.45606487856257e-06
muon_fp32,Muon + FP32,20,down_proj,mlp,model.layers.20.mlp.down_proj.weight,7.516513788547348,7.516339554948517,-0.00017423359883128597,-1.0067109524587017e-05
muon_fp32,Muon + FP32,20,gate_proj,mlp,model.layers.20.mlp.gate_proj.weight,19.204884886797178,19.204714975477238,-0.0001699113199400415,-3.842349252665596e-06
muon_fp32,Muon + FP32,20,up_proj,mlp,model.layers.20.mlp.up_proj.weight,11.187456334212877,11.187698633379023,0.00024229916614615377,9.405896047039161e-06
muon_fp32,Muon + FP32,20,k_proj,attn,model.layers.20.self_attn.k_proj.weight,22.072850031907265,22.07443627192976,0.0015862400224939677,3.1208952880944326e-05
muon_fp32,Muon + FP32,20,o_proj,attn,model.layers.20.self_attn.o_proj.weight,123534.76145527787,136737.30934917225,13202.547893894385,0.04409784886299418
muon_fp32,Muon + FP32,20,q_proj,attn,model.layers.20.self_attn.q_proj.weight,9243.896257866112,9066.130058155772,-177.76619971034052,-0.008433117908536281
muon_fp32,Muon + FP32,20,v_proj,attn,model.layers.20.self_attn.v_proj.weight,6.942409244310096,6.942277019195335,-0.0001322251147612974,-8.271650741201929e-06
muon_fp32,Muon + FP32,21,down_proj,mlp,model.layers.21.mlp.down_proj.weight,9.390981919055381,9.389871850722571,-0.0011100683328102434,-5.1339151877349047e-05
muon_fp32,Muon + FP32,21,gate_proj,mlp,model.layers.21.mlp.gate_proj.weight,17.629945642520745,17.630700791298562,0.0007551487778165722,1.8601868113111758e-05
muon_fp32,Muon + FP32,21,up_proj,mlp,model.layers.21.mlp.up_proj.weight,8.16699577216017,8.167120780110304,0.00012500795013359323,6.647468537972166e-06
muon_fp32,Muon + FP32,21,k_proj,attn,model.layers.21.self_attn.k_proj.weight,29.992183020775197,29.990820100104266,-0.0013629206709317998,-1.973588836712284e-05
muon_fp32,Muon + FP32,21,o_proj,attn,model.layers.21.self_attn.o_proj.weight,298850.6543733745,4980012.981010887,4681162.326637512,1.221776263686255
muon_fp32,Muon + FP32,21,q_proj,attn,model.layers.21.self_attn.q_proj.weight,14032.644030663625,13491.144751256963,-541.499279406662,-0.0170907064894462
muon_fp32,Muon + FP32,21,v_proj,attn,model.layers.21.self_attn.v_proj.weight,4.366601968716395,4.366662019794024,6.005107762874218e-05,5.972532533392236e-06
muon_fp32,Muon + FP32,22,down_proj,mlp,model.layers.22.mlp.down_proj.weight,9.904782336268656,9.904936841691681,0.0001545054230245313,6.774538502264329e-06
muon_fp32,Muon + FP32,22,gate_proj,mlp,model.layers.22.mlp.gate_proj.weight,22.904187063530273,22.904687351693617,0.0005002881633444645,9.486039178442136e-06
muon_fp32,Muon + FP32,22,up_proj,mlp,model.layers.22.mlp.up_proj.weight,12.79968858450657,12.799802044278714,0.0001134597721428321,3.8496822983099214e-06
muon_fp32,Muon + FP32,22,k_proj,attn,model.layers.22.self_attn.k_proj.weight,20.39377999771742,20.395954020570557,0.0021740228531363925,4.629430185147082e-05
muon_fp32,Muon + FP32,22,o_proj,attn,model.layers.22.self_attn.o_proj.weight,35374.77308841131,33259.86853624287,-2114.9045521684384,-0.026773134473949148
muon_fp32,Muon + FP32,22,q_proj,attn,model.layers.22.self_attn.q_proj.weight,47977.340735145204,47050.67181670004,-926.6689184451607,-0.008470343518962439
muon_fp32,Muon + FP32,22,v_proj,attn,model.layers.22.self_attn.v_proj.weight,5.233505964972921,5.23360329168048,9.732670755902006e-05,8.076432756981517e-06
muon_fp32,Muon + FP32,23,down_proj,mlp,model.layers.23.mlp.down_proj.weight,11.80645745879601,11.805396450076413,-0.0010610087195956908,-3.9030415338017353e-05
muon_fp32,Muon + FP32,23,gate_proj,mlp,model.layers.23.mlp.gate_proj.weight,19.84423847022627,19.843108934933255,-0.0011295352930140723,-2.472077259262197e-05
muon_fp32,Muon + FP32,23,up_proj,mlp,model.layers.23.mlp.up_proj.weight,10.79189058648552,10.793126646232723,0.0012360597472031998,4.97394949758057e-05
muon_fp32,Muon + FP32,23,k_proj,attn,model.layers.23.self_attn.k_proj.weight,16.001526800630636,15.997418377199669,-0.0041084234309671785,-0.00011152027826415844
muon_fp32,Muon + FP32,23,o_proj,attn,model.layers.23.self_attn.o_proj.weight,13053.866526333686,13382.873127826617,329.0066014929307,0.010810192994727586
muon_fp32,Muon + FP32,23,q_proj,attn,model.layers.23.self_attn.q_proj.weight,764874.9518123881,2664632.1343061468,1899757.1824937586,0.5420468221478391
muon_fp32,Muon + FP32,23,v_proj,attn,model.layers.23.self_attn.v_proj.weight,4.042193780833294,4.041937902202421,-0.0002558786308730632,-2.7492545104238986e-05
muon_fp32,Muon + FP32,24,down_proj,mlp,model.layers.24.mlp.down_proj.weight,10.013056479364716,10.01300757947371,-4.889989100576031e-05,-2.120931279072989e-06
muon_fp32,Muon + FP32,24,gate_proj,mlp,model.layers.24.mlp.gate_proj.weight,21.0475855955308,21.04921807222496,0.0016324766941586688,3.368310934290796e-05
muon_fp32,Muon + FP32,24,up_proj,mlp,model.layers.24.mlp.up_proj.weight,13.895235392599337,13.895250721147981,1.5328548643722684e-05,4.790923098604441e-07
muon_fp32,Muon + FP32,24,k_proj,attn,model.layers.24.self_attn.k_proj.weight,31.211181081905732,31.201444178248572,-0.009736903657159957,-0.0001355073126890302
muon_fp32,Muon + FP32,24,o_proj,attn,model.layers.24.self_attn.o_proj.weight,13596.107700858232,12797.890998367557,-798.2167024906757,-0.02627618927071307
muon_fp32,Muon + FP32,24,q_proj,attn,model.layers.24.self_attn.q_proj.weight,119825.2524376554,107415.57728379026,-12409.675153865144,-0.0474810857812558
muon_fp32,Muon + FP32,24,v_proj,attn,model.layers.24.self_attn.v_proj.weight,3.6003445004354857,3.599638280053953,-0.000706220381532674,-8.519676367060771e-05
muon_fp32,Muon + FP32,25,down_proj,mlp,model.layers.25.mlp.down_proj.weight,9.428473935149443,9.428337058974606,-0.00013687617483704173,-6.3048378069254295e-06
muon_fp32,Muon + FP32,25,gate_proj,mlp,model.layers.25.mlp.gate_proj.weight,21.338091581274373,21.33747478701873,-0.0006167942556416506,-1.2553803710617119e-05
muon_fp32,Muon + FP32,25,up_proj,mlp,model.layers.25.mlp.up_proj.weight,18.112209505291784,18.11228068142898,7.117613719742621e-05,1.7066577593992237e-06
muon_fp32,Muon + FP32,25,k_proj,attn,model.layers.25.self_attn.k_proj.weight,22.462953951457504,22.4620250127549,-0.0009289387026036877,-1.796029567183887e-05
muon_fp32,Muon + FP32,25,o_proj,attn,model.layers.25.self_attn.o_proj.weight,16296.613319126418,16204.891290910531,-91.7220282158869,-0.0024512389165228425
muon_fp32,Muon + FP32,25,q_proj,attn,model.layers.25.self_attn.q_proj.weight,24555.210708810777,23017.669801951066,-1537.540906859711,-0.02808230953717664
muon_fp32,Muon + FP32,25,v_proj,attn,model.layers.25.self_attn.v_proj.weight,4.337190824833435,4.337082908546525,-0.0001079162869102035,-1.0806079991381796e-05
muon_fp32,Muon + FP32,26,down_proj,mlp,model.layers.26.mlp.down_proj.weight,8.741682232718533,8.74159003024697,-9.220247156349615e-05,-4.580724250691472e-06
muon_fp32,Muon + FP32,26,gate_proj,mlp,model.layers.26.mlp.gate_proj.weight,20.0336868429297,20.033373435671788,-0.00031340725791295654,-6.7941616757467266e-06
muon_fp32,Muon + FP32,26,up_proj,mlp,model.layers.26.mlp.up_proj.weight,18.54966977174175,18.54932422392075,-0.00034554782100215675,-8.090220016027168e-06
muon_fp32,Muon + FP32,26,k_proj,attn,model.layers.26.self_attn.k_proj.weight,18.924022446774764,18.92777431094784,0.003751864173075603,8.609440249207525e-05
muon_fp32,Muon + FP32,26,o_proj,attn,model.layers.26.self_attn.o_proj.weight,32723.99759321507,34678.450364763965,1954.4527715488948,0.025193330381888236
muon_fp32,Muon + FP32,26,q_proj,attn,model.layers.26.self_attn.q_proj.weight,48120.87790718429,49876.847969425944,1755.9700622416567,0.015565457966560807
muon_fp32,Muon + FP32,26,v_proj,attn,model.layers.26.self_attn.v_proj.weight,4.835564685889436,4.834072883729859,-0.0014918021595766717,-0.0001340032543042132
muon_fp32,Muon + FP32,27,down_proj,mlp,model.layers.27.mlp.down_proj.weight,11.983131396493501,11.98234252500983,-0.0007888714836710164,-2.8591342156241902e-05
muon_fp32,Muon + FP32,27,gate_proj,mlp,model.layers.27.mlp.gate_proj.weight,34.01131673372879,34.01279606807307,0.001479334344281824,1.8889382492539416e-05
muon_fp32,Muon + FP32,27,up_proj,mlp,model.layers.27.mlp.up_proj.weight,27.05991417573715,27.058400259093002,-0.0015139166441464624,-2.429808288197789e-05
muon_fp32,Muon + FP32,27,k_proj,attn,model.layers.27.self_attn.k_proj.weight,16.960271595775623,16.9608961031007,0.0006245073250781275,1.599119980942491e-05
muon_fp32,Muon + FP32,27,o_proj,attn,model.layers.27.self_attn.o_proj.weight,99634.79632267175,99126.45821649912,-508.3381061726395,-0.00222144820238659
muon_fp32,Muon + FP32,27,q_proj,attn,model.layers.27.self_attn.q_proj.weight,91711.44628086085,110377.3952226756,18665.948941814742,0.08045659872597959
muon_fp32,Muon + FP32,27,v_proj,attn,model.layers.27.self_attn.v_proj.weight,7.853791579470053,7.853046629092334,-0.0007449503777188227,-4.119579437715317e-05
muon_fp32,Muon + FP32,3,down_proj,mlp,model.layers.3.mlp.down_proj.weight,10.758270959803003,10.75813662191236,-0.0001343378906426551,-5.423043265536438e-06
muon_fp32,Muon + FP32,3,gate_proj,mlp,model.layers.3.mlp.gate_proj.weight,13.999766940935217,14.000347486121603,0.0005805451863860611,1.8009038615588527e-05
muon_fp32,Muon + FP32,3,up_proj,mlp,model.layers.3.mlp.up_proj.weight,7.592358408260811,7.592336696040344,-2.1712220466874044e-05,-1.2419739051570293e-06
muon_fp32,Muon + FP32,3,k_proj,attn,model.layers.3.self_attn.k_proj.weight,15.502942945207748,15.504849673869012,0.0019067286612646228,5.3411201970471645e-05
muon_fp32,Muon + FP32,3,o_proj,attn,model.layers.3.self_attn.o_proj.weight,16528.241725287102,16242.637194547815,-285.60453073928693,-0.007570112021276768
muon_fp32,Muon + FP32,3,q_proj,attn,model.layers.3.self_attn.q_proj.weight,75355.26316454641,92661.87802241792,17306.614857871507,0.08978750713858662
muon_fp32,Muon + FP32,3,v_proj,attn,model.layers.3.self_attn.v_proj.weight,3.891617107326821,3.8917450193097074,0.0001279119828865305,1.4274414433823418e-05
muon_fp32,Muon + FP32,4,down_proj,mlp,model.layers.4.mlp.down_proj.weight,11.15720155550664,11.157576232997148,0.00037467749050712484,1.4584090254312233e-05
muon_fp32,Muon + FP32,4,gate_proj,mlp,model.layers.4.mlp.gate_proj.weight,17.495981170242754,17.495793021897164,-0.0001881483455896671,-4.670342682320885e-06
muon_fp32,Muon + FP32,4,up_proj,mlp,model.layers.4.mlp.up_proj.weight,8.782003015120793,8.780780081426872,-0.0012229336939206803,-6.0481684815209666e-05
muon_fp32,Muon + FP32,4,k_proj,attn,model.layers.4.self_attn.k_proj.weight,23.93670634239095,23.93915156398338,0.0024452215924313236,4.4362494667924034e-05
muon_fp32,Muon + FP32,4,o_proj,attn,model.layers.4.self_attn.o_proj.weight,8582.208719375358,8850.59557994996,268.3868605746029,0.013373424133894918
muon_fp32,Muon + FP32,4,q_proj,attn,model.layers.4.self_attn.q_proj.weight,19385.367499083055,19443.830257901347,58.46275881829206,0.001307782504111622
muon_fp32,Muon + FP32,4,v_proj,attn,model.layers.4.self_attn.v_proj.weight,3.7875720759658726,3.787492805002025,-7.927096384774401e-05,-9.089543843250726e-06
muon_fp32,Muon + FP32,5,down_proj,mlp,model.layers.5.mlp.down_proj.weight,12.388049471794826,12.388101926944902,5.245515007601398e-05,1.8389443831580947e-06
muon_fp32,Muon + FP32,5,gate_proj,mlp,model.layers.5.mlp.gate_proj.weight,20.634483011844836,20.632604588022424,-0.0018784238224114347,-3.953703296061734e-05
muon_fp32,Muon + FP32,5,up_proj,mlp,model.layers.5.mlp.up_proj.weight,8.094579137228608,8.09591980848011,0.0013406712515013908,7.192442059465413e-05
muon_fp32,Muon + FP32,5,k_proj,attn,model.layers.5.self_attn.k_proj.weight,22.35050954040556,22.3505759495247,6.640911913891046e-05,1.29039882029966e-06
muon_fp32,Muon + FP32,5,o_proj,attn,model.layers.5.self_attn.o_proj.weight,14934.50156341116,14690.506903164001,-243.99466024715912,-0.007153951080055965
muon_fp32,Muon + FP32,5,q_proj,attn,model.layers.5.self_attn.q_proj.weight,14969.234018258956,14887.582138042288,-81.65188021666836,-0.002375407292889865
muon_fp32,Muon + FP32,5,v_proj,attn,model.layers.5.self_attn.v_proj.weight,3.3558693468749854,3.355766681054438,-0.00010266582054718754,-1.3286536743560113e-05
muon_fp32,Muon + FP32,6,down_proj,mlp,model.layers.6.mlp.down_proj.weight,9.162314837809912,9.162530758045303,0.00021592023539085403,1.0234516441089635e-05
muon_fp32,Muon + FP32,6,gate_proj,mlp,model.layers.6.mlp.gate_proj.weight,19.228406692239826,19.2260003152334,-0.002406377006426652,-5.4354043552478804e-05
muon_fp32,Muon + FP32,6,up_proj,mlp,model.layers.6.mlp.up_proj.weight,7.421489572866498,7.420246531016327,-0.0012430418501709894,-7.27470443872055e-05
muon_fp32,Muon + FP32,6,k_proj,attn,model.layers.6.self_attn.k_proj.weight,22.193674123897594,22.19300638578274,-0.0006677381148527672,-1.3066756753571204e-05
muon_fp32,Muon + FP32,6,o_proj,attn,model.layers.6.self_attn.o_proj.weight,70513.61868597266,126566.97289198516,56053.354206012504,0.25404739039245783
muon_fp32,Muon + FP32,6,q_proj,attn,model.layers.6.self_attn.q_proj.weight,18604.75910456698,18338.33058281064,-266.42852175634107,-0.0062642536884939225
muon_fp32,Muon + FP32,6,v_proj,attn,model.layers.6.self_attn.v_proj.weight,3.2802787964379356,3.280419054851068,0.00014025841313225484,1.8569199878970984e-05
muon_fp32,Muon + FP32,7,down_proj,mlp,model.layers.7.mlp.down_proj.weight,7.967968298583799,7.968164573749716,0.00019627516591658178,1.0697855267559415e-05
muon_fp32,Muon + FP32,7,gate_proj,mlp,model.layers.7.mlp.gate_proj.weight,16.82272426896548,16.823294230150346,0.0005699611848655195,1.4713835904051596e-05
muon_fp32,Muon + FP32,7,up_proj,mlp,model.layers.7.mlp.up_proj.weight,8.451906164480205,8.451949643472688,4.3478992482803847e-05,2.2341277314368736e-06
muon_fp32,Muon + FP32,7,k_proj,attn,model.layers.7.self_attn.k_proj.weight,30.442592542837964,30.43420223232989,-0.008390310508072929,-0.00011971279340971578
muon_fp32,Muon + FP32,7,o_proj,attn,model.layers.7.self_attn.o_proj.weight,9457.463639954845,9215.261252025568,-242.2023879292774,-0.01126702833646727
muon_fp32,Muon + FP32,7,q_proj,attn,model.layers.7.self_attn.q_proj.weight,9030.470682093728,8786.15254343842,-244.31813865530785,-0.011911647873844468
muon_fp32,Muon + FP32,7,v_proj,attn,model.layers.7.self_attn.v_proj.weight,4.6148320901395445,4.615066197351233,0.00023410721168826143,2.2030897213549665e-05
muon_fp32,Muon + FP32,8,down_proj,mlp,model.layers.8.mlp.down_proj.weight,8.059006885143106,8.059207323443957,0.00020043830085114678,1.0801351427639228e-05
muon_fp32,Muon + FP32,8,gate_proj,mlp,model.layers.8.mlp.gate_proj.weight,15.70276662952571,15.704693894164615,0.001927264638904802,5.32994635629482e-05
muon_fp32,Muon + FP32,8,up_proj,mlp,model.layers.8.mlp.up_proj.weight,11.03707620181019,11.037099234732308,2.303292211713881e-05,9.063143496416932e-07
muon_fp32,Muon + FP32,8,k_proj,attn,model.layers.8.self_attn.k_proj.weight,26.24428190856445,26.24483809061865,0.0005561820542006046,9.203690101307587e-06
muon_fp32,Muon + FP32,8,o_proj,attn,model.layers.8.self_attn.o_proj.weight,8728.55329977634,8436.082349846449,-292.4709499298915,-0.014801457713322481
muon_fp32,Muon + FP32,8,q_proj,attn,model.layers.8.self_attn.q_proj.weight,20459.276858621644,21170.029133450473,710.7522748288284,0.014831176346546284
muon_fp32,Muon + FP32,8,v_proj,attn,model.layers.8.self_attn.v_proj.weight,2.614956506444022,2.6149281543093568,-2.8352134665343698e-05,-4.708775215595089e-06
muon_fp32,Muon + FP32,9,down_proj,mlp,model.layers.9.mlp.down_proj.weight,11.96143651469935,11.960947144183262,-0.0004893705160888828,-1.7768372734415903e-05
muon_fp32,Muon + FP32,9,gate_proj,mlp,model.layers.9.mlp.gate_proj.weight,17.04541620966512,17.046969004476203,0.001552794811082947,3.9561339824846014e-05
muon_fp32,Muon + FP32,9,up_proj,mlp,model.layers.9.mlp.up_proj.weight,8.607523542303687,8.60826807225653,0.0007445299528434646,3.756379695716999e-05
muon_fp32,Muon + FP32,9,k_proj,attn,model.layers.9.self_attn.k_proj.weight,29.979145885547403,29.976224526896058,-0.0029213586513456846,-4.232247867757799e-05
muon_fp32,Muon + FP32,9,o_proj,attn,model.layers.9.self_attn.o_proj.weight,26480.436490575365,27839.301272608667,1358.8647820333026,0.021733191368635982
muon_fp32,Muon + FP32,9,q_proj,attn,model.layers.9.self_attn.q_proj.weight,35295.52653603585,31114.05867786954,-4181.467858166314,-0.05476299864247359
muon_fp32,Muon + FP32,9,v_proj,attn,model.layers.9.self_attn.v_proj.weight,3.911800039733773,3.9117202965568136,-7.974317695946809e-05,-8.853309056680487e-06
muon_bf16,Muon + BF16,-1,embed,embed,model.embed_tokens.weight,69.18641058154057,69.18673265845112,0.00032207691054964016,2.0217250504597937e-06
muon_bf16,Muon + BF16,0,down_proj,mlp,model.layers.0.mlp.down_proj.weight,10.546793843948734,10.546803112851558,9.268902823933445e-06,3.816734867913095e-07
muon_bf16,Muon + BF16,0,gate_proj,mlp,model.layers.0.mlp.gate_proj.weight,50.790417231602824,50.78766517640444,-0.0027520551983855057,-2.3532682612452397e-05
muon_bf16,Muon + BF16,0,up_proj,mlp,model.layers.0.mlp.up_proj.weight,30.557746350661454,30.55809613509402,0.000349784432565059,4.971197082209925e-06
muon_bf16,Muon + BF16,0,k_proj,attn,model.layers.0.self_attn.k_proj.weight,18.73935745084044,18.739158701404946,-0.00019874943549424984,-4.606147306717614e-06
muon_bf16,Muon + BF16,0,o_proj,attn,model.layers.0.self_attn.o_proj.weight,38555.79005042446,38889.5489629378,333.75891251333815,0.003743299550787517
muon_bf16,Muon + BF16,0,q_proj,attn,model.layers.0.self_attn.q_proj.weight,184976.8751259078,185061.7802777148,84.90515180700459,0.00019929723029511073
muon_bf16,Muon + BF16,0,v_proj,attn,model.layers.0.self_attn.v_proj.weight,7.7755061789352835,7.775439141129726,-6.703780555739058e-05,-3.7443574565130567e-06
muon_bf16,Muon + BF16,1,down_proj,mlp,model.layers.1.mlp.down_proj.weight,8.998430005007657,8.99847314718161,4.314217395240405e-05,2.082181353812015e-06
muon_bf16,Muon + BF16,1,gate_proj,mlp,model.layers.1.mlp.gate_proj.weight,33.91668364456576,33.9160273404664,-0.0006563040993583513,-8.403887878623168e-06
muon_bf16,Muon + BF16,1,up_proj,mlp,model.layers.1.mlp.up_proj.weight,37.735381088331756,37.73407414850169,-0.0013069398300658008,-1.5041761058223546e-05
muon_bf16,Muon + BF16,1,k_proj,attn,model.layers.1.self_attn.k_proj.weight,30.087513316132128,30.087557728668767,4.4412536638560596e-05,6.410667824183637e-07
muon_bf16,Muon + BF16,1,o_proj,attn,model.layers.1.self_attn.o_proj.weight,49034.98587834326,48729.421679996005,-305.5641983472524,-0.002714797351117206
muon_bf16,Muon + BF16,1,q_proj,attn,model.layers.1.self_attn.q_proj.weight,1074758.1049613138,1106778.1987988877,32020.09383757389,0.012749866964802169
muon_bf16,Muon + BF16,1,v_proj,attn,model.layers.1.self_attn.v_proj.weight,3.341969736117407,3.341985323541181,1.5587423773943954e-05,2.0256067168690507e-06
muon_bf16,Muon + BF16,10,down_proj,mlp,model.layers.10.mlp.down_proj.weight,13.491719978091211,13.491523054979455,-0.00019692311175667498,-6.338943076020774e-06
muon_bf16,Muon + BF16,10,gate_proj,mlp,model.layers.10.mlp.gate_proj.weight,16.210019773701827,16.209892313735175,-0.00012745996665231019,-3.4148865075188856e-06
muon_bf16,Muon + BF16,10,up_proj,mlp,model.layers.10.mlp.up_proj.weight,8.538043575643336,8.537165216164526,-0.0008783594788095428,-4.4680762591187456e-05
muon_bf16,Muon + BF16,10,k_proj,attn,model.layers.10.self_attn.k_proj.weight,24.034098760920294,24.033819993625883,-0.00027876729441089765,-5.037334706208639e-06
muon_bf16,Muon + BF16,10,o_proj,attn,model.layers.10.self_attn.o_proj.weight,15508.710116684786,15465.894278356865,-42.815838327920574,-0.0012006412692039871
muon_bf16,Muon + BF16,10,q_proj,attn,model.layers.10.self_attn.q_proj.weight,12813.850813777506,12798.820470345903,-15.030343431602887,-0.0005097161393555985
muon_bf16,Muon + BF16,10,v_proj,attn,model.layers.10.self_attn.v_proj.weight,3.2994636012714755,3.299475499770818,1.1898499342688496e-05,1.5661464754466083e-06
muon_bf16,Muon + BF16,11,down_proj,mlp,model.layers.11.mlp.down_proj.weight,16.054627449194015,16.053412998802727,-0.001214450391287869,-3.285339724095656e-05
muon_bf16,Muon + BF16,11,gate_proj,mlp,model.layers.11.mlp.gate_proj.weight,13.225697438590451,13.225516416057719,-0.00018102253273255542,-5.944308453973118e-06
muon_bf16,Muon + BF16,11,up_proj,mlp,model.layers.11.mlp.up_proj.weight,6.605510357941471,6.605453781075523,-5.657686594773281e-05,-3.719792200802243e-06
muon_bf16,Muon + BF16,11,k_proj,attn,model.layers.11.self_attn.k_proj.weight,21.610944081803808,21.610602146682485,-0.00034193512132318915,-6.871597585952243e-06
muon_bf16,Muon + BF16,11,o_proj,attn,model.layers.11.self_attn.o_proj.weight,139258.46738802953,138302.6426458582,-955.8247421713313,-0.002991132670185613
muon_bf16,Muon + BF16,11,q_proj,attn,model.layers.11.self_attn.q_proj.weight,28543.812668067454,28435.225965248872,-108.58670281858213,-0.0016552986524095302
muon_bf16,Muon + BF16,11,v_proj,attn,model.layers.11.self_attn.v_proj.weight,2.8678401021237847,2.867799076428922,-4.102569486263974e-05,-6.212815116389707e-06
muon_bf16,Muon + BF16,12,down_proj,mlp,model.layers.12.mlp.down_proj.weight,14.145448240851502,14.1458143411751,0.0003661003235979621,1.1239890754958248e-05
muon_bf16,Muon + BF16,12,gate_proj,mlp,model.layers.12.mlp.gate_proj.weight,18.888272791501652,18.888055852827566,-0.0002169386740860091,-4.9880585249511685e-06
muon_bf16,Muon + BF16,12,up_proj,mlp,model.layers.12.mlp.up_proj.weight,8.061255117094625,8.061010611771657,-0.0002445053229678251,-1.317275305527234e-05
muon_bf16,Muon + BF16,12,k_proj,attn,model.layers.12.self_attn.k_proj.weight,20.867707840632306,20.8675472583127,-0.00016058231960514036,-3.3420193613852418e-06
muon_bf16,Muon + BF16,12,o_proj,attn,model.layers.12.self_attn.o_proj.weight,102000.14319866779,101949.73773408838,-50.405464579409454,-0.0002146685790665731
muon_bf16,Muon + BF16,12,q_proj,attn,model.layers.12.self_attn.q_proj.weight,14798.684955393119,14752.018571345627,-46.6663840474921,-0.0013716742758128366
muon_bf16,Muon + BF16,12,v_proj,attn,model.layers.12.self_attn.v_proj.weight,2.550671517667282,2.5506709309700772,-5.866972045964758e-07,-9.989502215073897e-08
muon_bf16,Muon + BF16,13,down_proj,mlp,model.layers.13.mlp.down_proj.weight,30.005646690345184,30.005505943923644,-0.00014074642153971695,-2.03713448383943e-06
muon_bf16,Muon + BF16,13,gate_proj,mlp,model.layers.13.mlp.gate_proj.weight,12.316046719506732,12.316613924456593,0.0005672049498617326,2.000059867161541e-05
muon_bf16,Muon + BF16,13,up_proj,mlp,model.layers.13.mlp.up_proj.weight,6.311217662216599,6.310736850593714,-0.00048081162288493573,-3.308740093189316e-05
muon_bf16,Muon + BF16,13,k_proj,attn,model.layers.13.self_attn.k_proj.weight,41.906820743475016,41.90719956048181,0.0003788170067906549,3.925790341654608e-06
muon_bf16,Muon + BF16,13,o_proj,attn,model.layers.13.self_attn.o_proj.weight,9641.296136551193,9606.421370972703,-34.87476557849004,-0.001573790223900064
muon_bf16,Muon + BF16,13,q_proj,attn,model.layers.13.self_attn.q_proj.weight,57124.68510683214,57050.5564713783,-74.1286354538388,-0.0005639342016210364
muon_bf16,Muon + BF16,13,v_proj,attn,model.layers.13.self_attn.v_proj.weight,3.7001013163270056,3.7001340023109806,3.268598397498934e-05,3.836457048903486e-06
muon_bf16,Muon + BF16,14,down_proj,mlp,model.layers.14.mlp.down_proj.weight,12.14858893422566,12.148842697554473,0.0002537633288124397,9.071577201008276e-06
muon_bf16,Muon + BF16,14,gate_proj,mlp,model.layers.14.mlp.gate_proj.weight,13.416229041756727,13.415916156520964,-0.0003128852357630052,-1.0128473170008002e-05
muon_bf16,Muon + BF16,14,up_proj,mlp,model.layers.14.mlp.up_proj.weight,6.92702720942221,6.927575781497401,0.0005485720751909895,3.439172172057888e-05
muon_bf16,Muon + BF16,14,k_proj,attn,model.layers.14.self_attn.k_proj.weight,23.136335100841148,23.13594348042265,-0.00039162041849749585,-7.351208627397136e-06
muon_bf16,Muon + BF16,14,o_proj,attn,model.layers.14.self_attn.o_proj.weight,6453.263467239998,6453.363506585335,0.10003934533688152,6.732438419769921e-06
muon_bf16,Muon + BF16,14,q_proj,attn,model.layers.14.self_attn.q_proj.weight,12016.462412922161,12010.005720023935,-6.4566928982258105,-0.00023341809116753573
muon_bf16,Muon + BF16,14,v_proj,attn,model.layers.14.self_attn.v_proj.weight,6.809948120874071,6.8099205658844335,-2.7554989637579297e-05,-1.7572827203744098e-06
muon_bf16,Muon + BF16,15,down_proj,mlp,model.layers.15.mlp.down_proj.weight,12.83113835849419,12.83114214340726,3.784913069182494e-06,1.2810762165651292e-07
muon_bf16,Muon + BF16,15,gate_proj,mlp,model.layers.15.mlp.gate_proj.weight,16.831657108500657,16.831359907541696,-0.0002972009589612412,-7.66851862594239e-06
muon_bf16,Muon + BF16,15,up_proj,mlp,model.layers.15.mlp.up_proj.weight,9.399973299687645,9.400637554942204,0.000664255254559265,3.068861900084384e-05
muon_bf16,Muon + BF16,15,k_proj,attn,model.layers.15.self_attn.k_proj.weight,25.442585553328566,25.442532391621203,-5.3161707363358346e-05,-9.07449450418421e-07
muon_bf16,Muon + BF16,15,o_proj,attn,model.layers.15.self_attn.o_proj.weight,29248.74824238646,29440.607682995105,191.85944060864495,0.0028394856909222813
muon_bf16,Muon + BF16,15,q_proj,attn,model.layers.15.self_attn.q_proj.weight,23869.157071525828,23925.108977846336,55.95190632050799,0.0010168422815706952
muon_bf16,Muon + BF16,15,v_proj,attn,model.layers.15.self_attn.v_proj.weight,3.3575600712900404,3.357567682521502,7.611231461535084e-06,9.84498268824114e-07
muon_bf16,Muon + BF16,16,down_proj,mlp,model.layers.16.mlp.down_proj.weight,9.686499227673869,9.686551218976504,5.1991302635556735e-05,2.331025349198959e-06
muon_bf16,Muon + BF16,16,gate_proj,mlp,model.layers.16.mlp.gate_proj.weight,12.919883539201004,12.919449283130108,-0.0004342560708963106,-1.459751431183724e-05
muon_bf16,Muon + BF16,16,up_proj,mlp,model.layers.16.mlp.up_proj.weight,6.159145316251316,6.1598731177322055,0.0007278014808891342,5.1315803955149516e-05
muon_bf16,Muon + BF16,16,k_proj,attn,model.layers.16.self_attn.k_proj.weight,20.671141321487564,20.671862140611303,0.0007208191237388917,1.5143929647455124e-05
muon_bf16,Muon + BF16,16,o_proj,attn,model.layers.16.self_attn.o_proj.weight,41529.00729033527,41263.355102179856,-265.6521881554145,-0.002787012522019951
muon_bf16,Muon + BF16,16,q_proj,attn,model.layers.16.self_attn.q_proj.weight,103943.38985456145,104347.7934398989,404.40358533745166,0.0016863936675402887
muon_bf16,Muon + BF16,16,v_proj,attn,model.layers.16.self_attn.v_proj.weight,2.78870242790059,2.7886680879546817,-3.433994590817946e-05,-5.3479140303247985e-06
muon_bf16,Muon + BF16,17,down_proj,mlp,model.layers.17.mlp.down_proj.weight,6.7996349709306605,6.799528191831694,-0.00010677909896639193,-6.8200628096972015e-06
muon_bf16,Muon + BF16,17,gate_proj,mlp,model.layers.17.mlp.gate_proj.weight,17.968770886906377,17.968330692459553,-0.0004401944468241936,-1.0639367719060816e-05
muon_bf16,Muon + BF16,17,up_proj,mlp,model.layers.17.mlp.up_proj.weight,12.572357420855843,12.571980858580497,-0.00037656227534554887,-1.3008011304185323e-05
muon_bf16,Muon + BF16,17,k_proj,attn,model.layers.17.self_attn.k_proj.weight,15.488632202364206,15.488722207797116,9.000543290937912e-05,2.523705693976326e-06
muon_bf16,Muon + BF16,17,o_proj,attn,model.layers.17.self_attn.o_proj.weight,57591.66094582242,58960.70539054563,1369.0444447232076,0.01020306688743195
muon_bf16,Muon + BF16,17,q_proj,attn,model.layers.17.self_attn.q_proj.weight,13024.993728263826,13025.512455034936,0.5187267711098684,1.729564659916839e-05
muon_bf16,Muon + BF16,17,v_proj,attn,model.layers.17.self_attn.v_proj.weight,4.045377579425002,4.045423007806718,4.542838171595065e-05,4.8769699088712926e-06
muon_bf16,Muon + BF16,18,down_proj,mlp,model.layers.18.mlp.down_proj.weight,6.643981466821017,6.644084971941985,0.00010350512096835018,6.765725185553206e-06
muon_bf16,Muon + BF16,18,gate_proj,mlp,model.layers.18.mlp.gate_proj.weight,18.455846043796296,18.45585963787219,1.3594075895184687e-05,3.1988942470974867e-07
muon_bf16,Muon + BF16,18,up_proj,mlp,model.layers.18.mlp.up_proj.weight,10.672724442726581,10.672646973348742,-7.746937783892349e-05,-3.152395210775589e-06
muon_bf16,Muon + BF16,18,k_proj,attn,model.layers.18.self_attn.k_proj.weight,22.852605445749074,22.851919118371324,-0.0006863273777497625,-1.3043268507894674e-05
muon_bf16,Muon + BF16,18,o_proj,attn,model.layers.18.self_attn.o_proj.weight,21937.349567301397,21968.391563482,31.041996180603746,0.0006141051055100141
muon_bf16,Muon + BF16,18,q_proj,attn,model.layers.18.self_attn.q_proj.weight,33741.713223670544,33750.26989766606,8.556673995517485,0.00011012022903305884
muon_bf16,Muon + BF16,18,v_proj,attn,model.layers.18.self_attn.v_proj.weight,2.1434580875579408,2.14345858125852,4.937005790850435e-07,1.0003060648657363e-07
muon_bf16,Muon + BF16,19,down_proj,mlp,model.layers.19.mlp.down_proj.weight,7.114441587440737,7.1146377530884815,0.00019616564774427303,1.1974584766989267e-05
muon_bf16,Muon + BF16,19,gate_proj,mlp,model.layers.19.mlp.gate_proj.weight,18.805480505433707,18.80529612432298,-0.00018438111072782704,-4.258125257277971e-06
muon_bf16,Muon + BF16,19,up_proj,mlp,model.layers.19.mlp.up_proj.weight,10.390484231630769,10.39045214189121,-3.208973955892702e-05,-1.3412674545361378e-06
muon_bf16,Muon + BF16,19,k_proj,attn,model.layers.19.self_attn.k_proj.weight,22.401692950673606,22.401948867177307,0.0002559165037006039,4.961343358551143e-06
muon_bf16,Muon + BF16,19,o_proj,attn,model.layers.19.self_attn.o_proj.weight,24022.826455842358,23977.832494686863,-44.99396115549462,-0.0008141819382956143
muon_bf16,Muon + BF16,19,q_proj,attn,model.layers.19.self_attn.q_proj.weight,25682.89091427411,25587.932597013136,-94.95831726097458,-0.00160870910694847
muon_bf16,Muon + BF16,19,v_proj,attn,model.layers.19.self_attn.v_proj.weight,3.008918396896258,3.00889786706898,-2.0529827278181756e-05,-2.963198047374556e-06
muon_bf16,Muon + BF16,2,down_proj,mlp,model.layers.2.mlp.down_proj.weight,13.20255066881167,13.202448009636695,-0.00010265917497420673,-3.3769600787253226e-06
muon_bf16,Muon + BF16,2,gate_proj,mlp,model.layers.2.mlp.gate_proj.weight,17.38657445257771,17.385889773116837,-0.0006846794608748041,-1.710275750599104e-05
muon_bf16,Muon + BF16,2,up_proj,mlp,model.layers.2.mlp.up_proj.weight,8.916099391549464,8.915622746923404,-0.0004766446260600077,-2.3217514199515667e-05
muon_bf16,Muon + BF16,2,k_proj,attn,model.layers.2.self_attn.k_proj.weight,17.246031056628958,17.245980152172866,-5.090445609212679e-05,-1.281892450455554e-06
muon_bf16,Muon + BF16,2,o_proj,attn,model.layers.2.self_attn.o_proj.weight,31093.030750193404,31223.516559383657,130.48580919025335,0.0018187576869040443
muon_bf16,Muon + BF16,2,q_proj,attn,model.layers.2.self_attn.q_proj.weight,24610.069351651575,24598.77122595367,-11.298125697903743,-0.00019942407401079925
muon_bf16,Muon + BF16,2,v_proj,attn,model.layers.2.self_attn.v_proj.weight,3.1911166787384015,3.191161849111335,4.51703729336117e-05,6.14741071715092e-06
muon_bf16,Muon + BF16,20,down_proj,mlp,model.layers.20.mlp.down_proj.weight,7.516513788547348,7.516442558759663,-7.12297876850343e-05,-4.115584855598935e-06
muon_bf16,Muon + BF16,20,gate_proj,mlp,model.layers.20.mlp.gate_proj.weight,19.204884886797178,19.205540526225004,0.0006556394278263156,1.4826213591163714e-05
muon_bf16,Muon + BF16,20,up_proj,mlp,model.layers.20.mlp.up_proj.weight,11.187456334212877,11.1885235681208,0.0010672339079231818,4.142779887053072e-05
muon_bf16,Muon + BF16,20,k_proj,attn,model.layers.20.self_attn.k_proj.weight,22.072850031907265,22.07378782156905,0.0009377896617834836,1.8451093680651662e-05
muon_bf16,Muon + BF16,20,o_proj,attn,model.layers.20.self_attn.o_proj.weight,123534.76145527787,122494.73766293401,-1040.0237923438544,-0.0036717490066924385
muon_bf16,Muon + BF16,20,q_proj,attn,model.layers.20.self_attn.q_proj.weight,9243.896257866112,9254.658646463882,10.762388597770041,0.0005053417990378805
muon_bf16,Muon + BF16,20,v_proj,attn,model.layers.20.self_attn.v_proj.weight,6.942409244310096,6.942471679372984,6.243506288772238e-05,3.905716359920962e-06
muon_bf16,Muon + BF16,21,down_proj,mlp,model.layers.21.mlp.down_proj.weight,9.390981919055381,9.390121371538882,-0.0008605475164991105,-3.9798624426913226e-05
muon_bf16,Muon + BF16,21,gate_proj,mlp,model.layers.21.mlp.gate_proj.weight,17.629945642520745,17.62944409818034,-0.000501544340405502,-1.2355173534441421e-05
muon_bf16,Muon + BF16,21,up_proj,mlp,model.layers.21.mlp.up_proj.weight,8.16699577216017,8.166643974655717,-0.0003517975044537991,-1.870785903489409e-05
muon_bf16,Muon + BF16,21,k_proj,attn,model.layers.21.self_attn.k_proj.weight,29.992183020775197,29.991350970639992,-0.0008320501352052645,-1.2048465916065076e-05
muon_bf16,Muon + BF16,21,o_proj,attn,model.layers.21.self_attn.o_proj.weight,298850.6543733745,300232.1356948157,1381.4813214412425,0.0020029644922947547
muon_bf16,Muon + BF16,21,q_proj,attn,model.layers.21.self_attn.q_proj.weight,14032.644030663625,14042.794844657828,10.150813994203418,0.0003140426560154557
muon_bf16,Muon + BF16,21,v_proj,attn,model.layers.21.self_attn.v_proj.weight,4.366601968716395,4.366604011132286,2.042415890635141e-06,2.0313501210370332e-07
muon_bf16,Muon + BF16,22,down_proj,mlp,model.layers.22.mlp.down_proj.weight,9.904782336268656,9.90475865202789,-2.368424076593101e-05,-1.0384829288913838e-06
muon_bf16,Muon + BF16,22,gate_proj,mlp,model.layers.22.mlp.gate_proj.weight,22.904187063530273,22.904592966903163,0.0004059033728900374,7.696410815503364e-06
muon_bf16,Muon + BF16,22,up_proj,mlp,model.layers.22.mlp.up_proj.weight,12.79968858450657,12.799243397733832,-0.00044518677273863716,-1.5105486351587437e-05
muon_bf16,Muon + BF16,22,k_proj,attn,model.layers.22.self_attn.k_proj.weight,20.39377999771742,20.39414039095236,0.0003603932349385275,7.674664055505084e-06
muon_bf16,Muon + BF16,22,o_proj,attn,model.layers.22.self_attn.o_proj.weight,35374.77308841131,35445.04579270772,70.27270429641067,0.0008618790107901506
muon_bf16,Muon + BF16,22,q_proj,attn,model.layers.22.self_attn.q_proj.weight,47977.340735145204,48021.98225547036,44.64152032515267,0.00040391050133455487
muon_bf16,Muon + BF16,22,v_proj,attn,model.layers.22.self_attn.v_proj.weight,5.233505964972921,5.233651627387712,0.00014566241479041508,1.2087404323504264e-05
muon_bf16,Muon + BF16,23,down_proj,mlp,model.layers.23.mlp.down_proj.weight,11.80645745879601,11.80672629663056,0.0002688378345503395,9.888949265537528e-06
muon_bf16,Muon + BF16,23,gate_proj,mlp,model.layers.23.mlp.gate_proj.weight,19.84423847022627,19.8444572001168,0.00021872989053051128,4.786913899893926e-06
muon_bf16,Muon + BF16,23,up_proj,mlp,model.layers.23.mlp.up_proj.weight,10.79189058648552,10.792372310907387,0.0004817244218671135,1.9385443852682478e-05
muon_bf16,Muon + BF16,23,k_proj,attn,model.layers.23.self_attn.k_proj.weight,16.001526800630636,16.00162108014169,9.427951105323018e-05,2.5588152490726078e-06
muon_bf16,Muon + BF16,23,o_proj,attn,model.layers.23.self_attn.o_proj.weight,13053.866526333686,13025.35480311153,-28.511723222156434,-0.0009496057295494652
muon_bf16,Muon + BF16,23,q_proj,attn,model.layers.23.self_attn.q_proj.weight,764874.9518123881,798738.0138464298,33863.06203404162,0.01881391519029617
muon_bf16,Muon + BF16,23,v_proj,attn,model.layers.23.self_attn.v_proj.weight,4.042193780833294,4.042177480933405,-1.629989988938263e-05,-1.751269541761612e-06
muon_bf16,Muon + BF16,24,down_proj,mlp,model.layers.24.mlp.down_proj.weight,10.013056479364716,10.012221490040103,-0.0008349893246126783,-3.621735057977186e-05
muon_bf16,Muon + BF16,24,gate_proj,mlp,model.layers.24.mlp.gate_proj.weight,21.0475855955308,21.0487159646869,0.0011303691560975437,2.3323335729290854e-05
muon_bf16,Muon + BF16,24,up_proj,mlp,model.layers.24.mlp.up_proj.weight,13.895235392599337,13.895005410323597,-0.000229982275740781,-7.188137303345312e-06
muon_bf16,Muon + BF16,24,k_proj,attn,model.layers.24.self_attn.k_proj.weight,31.211181081905732,31.210688627643517,-0.000492454262214892,-6.852411491955173e-06
muon_bf16,Muon + BF16,24,o_proj,attn,model.layers.24.self_attn.o_proj.weight,13596.107700858232,13645.640262217907,49.53256135967422,0.001579321694675253
muon_bf16,Muon + BF16,24,q_proj,attn,model.layers.24.self_attn.q_proj.weight,119825.2524376554,119369.39925172068,-455.85318593472766,-0.0016553443941457026
muon_bf16,Muon + BF16,24,v_proj,attn,model.layers.24.self_attn.v_proj.weight,3.6003445004354857,3.600344769648965,2.6921347950903396e-07,3.2474093534399085e-08
muon_bf16,Muon + BF16,25,down_proj,mlp,model.layers.25.mlp.down_proj.weight,9.428473935149443,9.428404448800398,-6.948634904446749e-05,-3.2006928552385437e-06
muon_bf16,Muon + BF16,25,gate_proj,mlp,model.layers.25.mlp.gate_proj.weight,21.338091581274373,21.339656087059574,0.0015645057852005095,3.1841241248350346e-05
muon_bf16,Muon + BF16,25,up_proj,mlp,model.layers.25.mlp.up_proj.weight,18.112209505291784,18.113380673183606,0.0011711678918224777,2.8081350805989293e-05
muon_bf16,Muon + BF16,25,k_proj,attn,model.layers.25.self_attn.k_proj.weight,22.462953951457504,22.463146633556725,0.0001926820992217415,3.7252631038572577e-06
muon_bf16,Muon + BF16,25,o_proj,attn,model.layers.25.self_attn.o_proj.weight,16296.613319126418,16305.20270300183,8.58938387541275,0.00022884136907096848
muon_bf16,Muon + BF16,25,q_proj,attn,model.layers.25.self_attn.q_proj.weight,24555.210708810777,24528.379736757088,-26.830972053689038,-0.00047480407043921653
muon_bf16,Muon + BF16,25,v_proj,attn,model.layers.25.self_attn.v_proj.weight,4.337190824833435,4.337133294770027,-5.753006340825095e-05,-5.760676852216585e-06
muon_bf16,Muon + BF16,26,down_proj,mlp,model.layers.26.mlp.down_proj.weight,8.741682232718533,8.741885018643917,0.00020278592538325313,1.007446674231513e-05
muon_bf16,Muon + BF16,26,gate_proj,mlp,model.layers.26.mlp.gate_proj.weight,20.0336868429297,20.0339105126716,0.00022366974189935718,4.848732696079889e-06
muon_bf16,Muon + BF16,26,up_proj,mlp,model.layers.26.mlp.up_proj.weight,18.54966977174175,18.549391824322075,-0.0002779474196756837,-6.507497787472436e-06
muon_bf16,Muon + BF16,26,k_proj,attn,model.layers.26.self_attn.k_proj.weight,18.924022446774764,18.924318571494076,0.0002961247193127292,6.795823969879886e-06
muon_bf16,Muon + BF16,26,o_proj,attn,model.layers.26.self_attn.o_proj.weight,32723.99759321507,32902.36822779716,178.37063458209013,0.002360806426487827
muon_bf16,Muon + BF16,26,q_proj,attn,model.layers.26.self_attn.q_proj.weight,48120.87790718429,47276.9686826318,-843.909224552488,-0.0076839193616253625
muon_bf16,Muon + BF16,26,v_proj,attn,model.layers.26.self_attn.v_proj.weight,4.835564685889436,4.83566299112915,9.830523971476879e-05,8.828956276829352e-06
muon_bf16,Muon + BF16,27,down_proj,mlp,model.layers.27.mlp.down_proj.weight,11.983131396493501,11.98328054600681,0.00014914951330879944,5.405465846551211e-06
muon_bf16,Muon + BF16,27,gate_proj,mlp,model.layers.27.mlp.gate_proj.weight,34.01131673372879,34.01106369829624,-0.0002530354325500639,-3.231051056567473e-06
muon_bf16,Muon + BF16,27,up_proj,mlp,model.layers.27.mlp.up_proj.weight,27.05991417573715,27.05959487244088,-0.00031930329626916887,-5.124645883282999e-06
muon_bf16,Muon + BF16,27,k_proj,attn,model.layers.27.self_attn.k_proj.weight,16.960271595775623,16.96030906664701,3.7470871387057514e-05,9.594996522834148e-07
muon_bf16,Muon + BF16,27,o_proj,attn,model.layers.27.self_attn.o_proj.weight,99634.79632267175,101223.99203537888,1589.1957127071219,0.006872423522700113
muon_bf16,Muon + BF16,27,q_proj,attn,model.layers.27.self_attn.q_proj.weight,91711.44628086085,92138.51731488436,427.0710340235091,0.002017677060561423
muon_bf16,Muon + BF16,27,v_proj,attn,model.layers.27.self_attn.v_proj.weight,7.853791579470053,7.853630324206171,-0.0001612552638814435,-8.917093042182152e-06
muon_bf16,Muon + BF16,3,down_proj,mlp,model.layers.3.mlp.down_proj.weight,10.758270959803003,10.757881337146292,-0.00038962265671038665,-1.5728738811373973e-05
muon_bf16,Muon + BF16,3,gate_proj,mlp,model.layers.3.mlp.gate_proj.weight,13.999766940935217,13.999965366736127,0.0001984258009102291,6.155432448927521e-06
muon_bf16,Muon + BF16,3,up_proj,mlp,model.layers.3.mlp.up_proj.weight,7.592358408260811,7.592226346017311,-0.0001320622434999308,-7.554227468097958e-06
muon_bf16,Muon + BF16,3,k_proj,attn,model.layers.3.self_attn.k_proj.weight,15.502942945207748,15.502873868764269,-6.907644347897701e-05,-1.935089690596068e-06
muon_bf16,Muon + BF16,3,o_proj,attn,model.layers.3.self_attn.o_proj.weight,16528.241725287102,16580.182653503314,51.94092821621234,0.0013626548190449608
muon_bf16,Muon + BF16,3,q_proj,attn,model.layers.3.self_attn.q_proj.weight,75355.26316454641,75144.7936529238,-210.46951162260666,-0.0012146946523122185
muon_bf16,Muon + BF16,3,v_proj,attn,model.layers.3.self_attn.v_proj.weight,3.891617107326821,3.89167616739541,5.906006858902302e-05,6.5909020730175e-06
muon_bf16,Muon + BF16,4,down_proj,mlp,model.layers.4.mlp.down_proj.weight,11.15720155550664,11.157407225827987,0.00020567032134621854,8.005651053943054e-06
muon_bf16,Muon + BF16,4,gate_proj,mlp,model.layers.4.mlp.gate_proj.weight,17.495981170242754,17.49561552982298,-0.000365640419772717,-9.07621438568386e-06
muon_bf16,Muon + BF16,4,up_proj,mlp,model.layers.4.mlp.up_proj.weight,8.782003015120793,8.781000553363256,-0.001002461757536821,-4.957735257441337e-05
muon_bf16,Muon + BF16,4,k_proj,attn,model.layers.4.self_attn.k_proj.weight,23.93670634239095,23.936408531628906,-0.00029781076204216106,-5.403348871206441e-06
muon_bf16,Muon + BF16,4,o_proj,attn,model.layers.4.self_attn.o_proj.weight,8582.208719375358,8567.9099688908,-14.298750484556876,-0.0007241780637563271
muon_bf16,Muon + BF16,4,q_proj,attn,model.layers.4.self_attn.q_proj.weight,19385.367499083055,19259.607522616578,-125.75997646647738,-0.002826605870131158
muon_bf16,Muon + BF16,4,v_proj,attn,model.layers.4.self_attn.v_proj.weight,3.7875720759658726,3.787599893890484,2.7817924611373e-05,3.1896757472771313e-06
muon_bf16,Muon + BF16,5,down_proj,mlp,model.layers.5.mlp.down_proj.weight,12.388049471794826,12.38824939886922,0.0001999270743944237,7.0088939148770455e-06
muon_bf16,Muon + BF16,5,gate_proj,mlp,model.layers.5.mlp.gate_proj.weight,20.634483011844836,20.63489860722758,0.00041559538274427155,8.746958367426571e-06
muon_bf16,Muon + BF16,5,up_proj,mlp,model.layers.5.mlp.up_proj.weight,8.094579137228608,8.095297140015122,0.0007180027865132388,3.8520942722261505e-05
muon_bf16,Muon + BF16,5,k_proj,attn,model.layers.5.self_attn.k_proj.weight,22.35050954040556,22.35095118174127,0.00044164133570845365,8.581482214996091e-06
muon_bf16,Muon + BF16,5,o_proj,attn,model.layers.5.self_attn.o_proj.weight,14934.50156341116,14923.431996219344,-11.069567191816532,-0.0003220217607573015
muon_bf16,Muon + BF16,5,q_proj,attn,model.layers.5.self_attn.q_proj.weight,14969.234018258956,14981.4560065687,12.22198830974412,0.0003544454148493123
muon_bf16,Muon + BF16,5,v_proj,attn,model.layers.5.self_attn.v_proj.weight,3.3558693468749854,3.355903201459033,3.385458404769892e-05,4.381214927400745e-06
muon_bf16,Muon + BF16,6,down_proj,mlp,model.layers.6.mlp.down_proj.weight,9.162314837809912,9.16221640254708,-9.843526283326298e-05,-4.665864672123093e-06
muon_bf16,Muon + BF16,6,gate_proj,mlp,model.layers.6.mlp.gate_proj.weight,19.228406692239826,19.227343268619766,-0.0010634236200601777,-2.401924345280569e-05
muon_bf16,Muon + BF16,6,up_proj,mlp,model.layers.6.mlp.up_proj.weight,7.421489572866498,7.420783402397666,-0.0007061704688311465,-4.1326006958492055e-05
muon_bf16,Muon + BF16,6,k_proj,attn,model.layers.6.self_attn.k_proj.weight,22.193674123897594,22.194316398841256,0.0006422749436616471,1.2568105049652348e-05
muon_bf16,Muon + BF16,6,o_proj,attn,model.layers.6.self_attn.o_proj.weight,70513.61868597266,70333.85612076074,-179.7625652119168,-0.0011085741170923492
muon_bf16,Muon + BF16,6,q_proj,attn,model.layers.6.self_attn.q_proj.weight,18604.75910456698,18612.325787314276,7.566682747295999,0.00017659462681121076
muon_bf16,Muon + BF16,6,v_proj,attn,model.layers.6.self_attn.v_proj.weight,3.2802787964379356,3.2802436195747116,-3.517686322407343e-05,-4.6572869111048025e-06
muon_bf16,Muon + BF16,7,down_proj,mlp,model.layers.7.mlp.down_proj.weight,7.967968298583799,7.967926121227444,-4.217735635503317e-05,-2.2988848499674308e-06
muon_bf16,Muon + BF16,7,gate_proj,mlp,model.layers.7.mlp.gate_proj.weight,16.82272426896548,16.822943803279767,0.00021953431428656245,5.667448247986937e-06
muon_bf16,Muon + BF16,7,up_proj,mlp,model.layers.7.mlp.up_proj.weight,8.451906164480205,8.451423675694466,-0.000482488785738866,-2.4793010520973813e-05
muon_bf16,Muon + BF16,7,k_proj,attn,model.layers.7.self_attn.k_proj.weight,30.442592542837964,30.44206900229165,-0.0005235405463146492,-7.4689015115654596e-06
muon_bf16,Muon + BF16,7,o_proj,attn,model.layers.7.self_attn.o_proj.weight,9457.463639954845,9461.339541995241,3.8759020403958857,0.00017794813719480165
muon_bf16,Muon + BF16,7,q_proj,attn,model.layers.7.self_attn.q_proj.weight,9030.470682093728,9024.398377318545,-6.072304775183511,-0.00029212823942980666
muon_bf16,Muon + BF16,7,v_proj,attn,model.layers.7.self_attn.v_proj.weight,4.6148320901395445,4.6148693168380515,3.7226698506920286e-05,3.5033310457833e-06
muon_bf16,Muon + BF16,8,down_proj,mlp,model.layers.8.mlp.down_proj.weight,8.059006885143106,8.058769988249002,-0.00023689689410311132,-1.2766402550981382e-05
muon_bf16,Muon + BF16,8,gate_proj,mlp,model.layers.8.mlp.gate_proj.weight,15.70276662952571,15.70480947806126,0.00204284853555059,5.649578589352108e-05
muon_bf16,Muon + BF16,8,up_proj,mlp,model.layers.8.mlp.up_proj.weight,11.03707620181019,11.037243606400025,0.00016740458983477424,6.5871012329131034e-06
muon_bf16,Muon + BF16,8,k_proj,attn,model.layers.8.self_attn.k_proj.weight,26.24428190856445,26.244667030179677,0.0003851216152277459,6.373005965588799e-06
muon_bf16,Muon + BF16,8,o_proj,attn,model.layers.8.self_attn.o_proj.weight,8728.55329977634,8746.43035736993,17.877057593590507,0.0008885742414780256
muon_bf16,Muon + BF16,8,q_proj,attn,model.layers.8.self_attn.q_proj.weight,20459.276858621644,20457.56487283911,-1.7119857825346116,-3.63422956133976e-05
muon_bf16,Muon + BF16,8,v_proj,attn,model.layers.8.self_attn.v_proj.weight,2.614956506444022,2.614912225343776,-4.428110024612408e-05,-7.354309821593649e-06
muon_bf16,Muon + BF16,9,down_proj,mlp,model.layers.9.mlp.down_proj.weight,11.96143651469935,11.961637248371503,0.0002007336721518982,7.288154274264979e-06
muon_bf16,Muon + BF16,9,gate_proj,mlp,model.layers.9.mlp.gate_proj.weight,17.04541620966512,17.04541810422104,1.8945559183691785e-06,4.827075649623715e-08
muon_bf16,Muon + BF16,9,up_proj,mlp,model.layers.9.mlp.up_proj.weight,8.607523542303687,8.60756741573873,4.387343504319574e-05,2.213638114161912e-06
muon_bf16,Muon + BF16,9,k_proj,attn,model.layers.9.self_attn.k_proj.weight,29.979145885547403,29.979571418637192,0.00042553308978909854,6.164463853631015e-06
muon_bf16,Muon + BF16,9,o_proj,attn,model.layers.9.self_attn.o_proj.weight,26480.436490575365,26408.787817767756,-71.64867280760882,-0.0011766722873324054
muon_bf16,Muon + BF16,9,q_proj,attn,model.layers.9.self_attn.q_proj.weight,35295.52653603585,35322.858623273736,27.33208723788266,0.00033617804293449663
muon_bf16,Muon + BF16,9,v_proj,attn,model.layers.9.self_attn.v_proj.weight,3.911800039733773,3.911759168882866,-4.0870850907204215e-05,-4.537572873580934e-06
