experiment,experiment_label,layer,component,type,param_name,frobenius_norm,spectral_norm,nuclear_norm,effective_rank,stable_rank,spectral_entropy,gini_coefficient,rank_90,rank_95,rank_99,sv_at_rank_90,sv_at_rank_95,sv_at_rank_99,sv_sum_at_rank_90,sv_sum_at_rank_95,sv_sum_at_rank_99,top1_energy,top5_energy,top10_energy,top50_energy,num_sv
adamw_fp32,AdamW + FP32,-1,embed,embed,model.embed_tokens.weight,0.2315434145603828,0.2210976928472519,1.6881109391106293,53.15414065073472,1.0967217226050456,0.08638128367095003,0.4327827650651528,1,3,342,0.2210976928472519,0.017668789252638817,0.0010752828093245625,0.2210976928472519,0.2834180612117052,0.9159304078202695,0.9118083278451873,0.9621243586802578,0.9682211163389867,0.9778328586784412,1536
adamw_fp32,AdamW + FP32,0,down_proj,mlp,model.layers.0.mlp.down_proj.weight,0.05004047362827359,0.020224038511514664,1.1317553916742327,511.51964921687744,6.122193557130006,0.6516194349952572,0.4269547686829047,361,648,1203,0.0008005630224943161,0.0005464997375383973,0.00032150832703337073,0.6195840202854015,0.8080817954614758,1.040992663212819,0.16334014772129896,0.3522303069068157,0.47225401637846287,0.70763150175292,1536
adamw_fp32,AdamW + FP32,0,gate_proj,mlp,model.layers.0.mlp.gate_proj.weight,0.05012682206278128,0.02280205860733986,1.0259592194252036,418.90915597189667,4.8327266265171485,0.6093967323268583,0.4864568101376452,245,465,1043,0.0009453014354221523,0.0006026343326084316,0.00028308123000897467,0.5163989016436972,0.6812613214133307,0.9163727985578589,0.2069225257876174,0.4032078746129325,0.5200699972392554,0.7455953840653692,1536
adamw_fp32,AdamW + FP32,0,up_proj,mlp,model.layers.0.mlp.up_proj.weight,0.05042080222472548,0.02372250333428383,0.9918893632238905,386.99643424901757,4.517503210272962,0.5900790081622836,0.4972709722547197,212,420,1003,0.0009917301358655095,0.0006154969451017678,0.00027762545505538583,0.4793886753031984,0.6403531475225464,0.8774002981954254,0.2213612151344939,0.42562110416738236,0.5467644126618026,0.7668483832396816,1536
adamw_fp32,AdamW + FP32,0,k_proj,attn,model.layers.0.self_attn.k_proj.weight,0.008770521056389785,0.005409211851656437,0.0697921250557556,63.323083281345,2.628952923505812,0.5053941456481617,0.5262532257175043,29,64,158,0.0004400520701892674,0.00025602616369724274,0.00012284294643905014,0.03334566441481002,0.04484962605056353,0.06139760981022846,0.3803795766211214,0.6826893185735741,0.798540738842302,0.9365934181692082,256
adamw_fp32,AdamW + FP32,0,o_proj,attn,model.layers.0.self_attn.o_proj.weight,0.021017129839269337,0.011152135208249092,0.3334767557920415,251.75860370573386,3.5516549130554984,0.5210322982378564,0.6349675660575014,118,244,613,0.0005356703186407685,0.00032854703022167087,0.00013852879055775702,0.1500805449904874,0.20226642020861618,0.2806412685458781,0.2815588857814166,0.49991146292282174,0.6243162465755646,0.8275507048128513,1536
adamw_fp32,AdamW + FP32,0,q_proj,attn,model.layers.0.self_attn.q_proj.weight,0.01893962473865198,0.01127620693296194,0.2785531823363123,216.30846189754863,2.821088206571524,0.4806705136621717,0.6669307416843682,98,210,552,0.0005212605465203524,0.0003118240274488926,0.00012958225852344185,0.12099397962447256,0.16516934169339947,0.23307933466276154,0.35447314184312684,0.5603313101652682,0.6648964827607902,0.8460021693364751,1536
adamw_fp32,AdamW + FP32,0,v_proj,attn,model.layers.0.self_attn.v_proj.weight,0.008759820204094378,0.004335539881139994,0.08679450042836834,98.17344496270901,4.082291508997407,0.6304904316502034,0.42892876184167883,68,118,207,0.00032971618929877877,0.0002321072679478675,0.00014375161845237017,0.050616905791684985,0.06434926448855549,0.08074545353883877,0.24496045855519902,0.5505621177024277,0.6789972072344114,0.8703194844882173,256
adamw_fp32,AdamW + FP32,1,down_proj,mlp,model.layers.1.mlp.down_proj.weight,0.04989293968550653,0.01722903735935688,1.176776448948658,556.3008837141489,8.386025160665957,0.6839155693606151,0.4216591765480395,402,692,1228,0.0007846757653169334,0.0005477081867866218,0.000330286449752748,0.6723372769192792,0.8612439157441258,1.0898106226231903,0.11924600521000432,0.30185550360876073,0.4222290680060299,0.678301557135365,1536
adamw_fp32,AdamW + FP32,1,gate_proj,mlp,model.layers.1.mlp.gate_proj.weight,0.04991413737472578,0.01846502721309662,1.1215348586156324,504.86866074565575,7.307136763183543,0.6590628949247443,0.44268054257062195,336,613,1178,0.0008241708273999393,0.0005482680280692875,0.000314086937578395,0.6093599158339202,0.7939928111154586,1.0280615254014265,0.13685250904819854,0.3341332692926966,0.4608644805781394,0.703426640524019,1536
adamw_fp32,AdamW + FP32,1,up_proj,mlp,model.layers.1.mlp.up_proj.weight,0.04976135955740625,0.018960068002343178,1.0876011414329696,477.6995525902284,6.888183269362672,0.6454229169098138,0.4538147624952622,304,569,1149,0.0008447535219602287,0.0005518066463992,0.00030362888355739415,0.5753180999308825,0.7546626522089355,0.9909330201044213,0.14517616051939408,0.35389739376009854,0.47669098906470536,0.7183602325342319,1536
adamw_fp32,AdamW + FP32,1,k_proj,attn,model.layers.1.self_attn.k_proj.weight,0.008413755964217904,0.004609948489814997,0.07488750390439236,79.22073868903419,3.331100052965188,0.5823691506378968,0.5118718332155983,44,80,172,0.00039169570663943887,0.00024731719167903066,0.00012446052278392017,0.0407188393000979,0.051696776412427425,0.06752767243597191,0.3002011299870285,0.590521067017093,0.7084255926993358,0.9135524855513585,256
adamw_fp32,AdamW + FP32,1,o_proj,attn,model.layers.1.self_attn.o_proj.weight,0.021072909120640644,0.010099822655320168,0.3327363748198344,249.31681653292628,4.353329025317665,0.5280910397047158,0.6346930805965323,109,231,618,0.0005581140285357833,0.0003271627938374877,0.00013556273188441992,0.14789398229913786,0.19913712359266356,0.2795098168280674,0.22970926254006943,0.5080989593011396,0.6212287093595972,0.833183371444661,1536
adamw_fp32,AdamW + FP32,1,q_proj,attn,model.layers.1.self_attn.q_proj.weight,0.02018814061614781,0.00975663959980011,0.3380787926682256,280.44210317479696,4.2814622219671,0.5636618533035972,0.6356387424096579,128,252,640,0.0005330278072506189,0.00031123877852223814,0.00013026043598074466,0.16081182786729187,0.21041922087897547,0.2874516641313676,0.23356506449344638,0.41987596851495695,0.547689548511435,0.7972127484214766,1536
adamw_fp32,AdamW + FP32,1,v_proj,attn,model.layers.1.self_attn.v_proj.weight,0.008564479831384404,0.004167902749031782,0.08330613973521395,94.61326700765615,4.222472484434853,0.6301380120481119,0.4522835385371402,60,108,199,0.00033517906558699906,0.00022830162197351456,0.0001367021759506315,0.047613442671718076,0.06078237468318548,0.07688963602413423,0.23682806784088323,0.5376438905999266,0.6679097161661838,0.8834731380787999,256
adamw_fp32,AdamW + FP32,10,down_proj,mlp,model.layers.10.mlp.down_proj.weight,0.056476563511569725,0.020191973075270653,1.2833142777963076,516.3325765613592,7.823102289806133,0.6555656973119554,0.4265252280531904,365,654,1204,0.0008966944296844304,0.0006163183134049177,0.0003644108073785901,0.7061290125711821,0.9193969526095316,1.1810269667184912,0.12782652750214535,0.3610557033072289,0.4854207467961655,0.6997087341071785,1536
adamw_fp32,AdamW + FP32,10,gate_proj,mlp,model.layers.10.mlp.gate_proj.weight,0.053811319469825356,0.01865890808403492,1.2789476775215007,564.8826980283914,8.317155701533713,0.683468403648843,0.41720563263513766,415,709,1234,0.0008345243404619396,0.0005890232278034091,0.00036237380118109286,0.737136087496765,0.9422872066497803,1.1863153240992688,0.12023341102242399,0.32783460493859157,0.4362367946602039,0.6656822435058533,1536
adamw_fp32,AdamW + FP32,10,up_proj,mlp,model.layers.10.mlp.up_proj.weight,0.05503847225268704,0.020869852975010872,1.1980757284109131,473.8444511348764,6.954949190454652,0.6373033969593795,0.4492418754600882,306,577,1150,0.0009232562151737511,0.0006079886807128787,0.0003390004567336291,0.6306795057025738,0.8314635263523087,1.091150718741119,0.1437825025914573,0.3800286643317665,0.5004252989604538,0.7205948269319101,1536
adamw_fp32,AdamW + FP32,10,k_proj,attn,model.layers.10.self_attn.k_proj.weight,0.008367525877936401,0.003019320545718074,0.0917144841296249,120.13836768271355,7.680255778654496,0.7276710108479038,0.4380703624112128,85,127,200,0.00033945892937481403,0.00024625888909213245,0.00014973616634961218,0.05959424679167569,0.07158966441056691,0.08572136906150263,0.13020399695271476,0.3936926160380328,0.541759630145329,0.8233260908615567,256
adamw_fp32,AdamW + FP32,10,o_proj,attn,model.layers.10.self_attn.o_proj.weight,0.023299505071096682,0.010637560859322548,0.3956074160271166,288.29390238415033,4.7974369538168204,0.5463795061710535,0.611027832771543,148,292,685,0.0005552844377234578,0.0003409890050534159,0.0001527004351373762,0.18671888305107132,0.24843325684196316,0.338366129581118,0.20844463608936106,0.49825204448026034,0.6077259209826795,0.7971358910272438,1536
adamw_fp32,AdamW + FP32,10,q_proj,attn,model.layers.10.self_attn.q_proj.weight,0.021085543788758612,0.007984268479049206,0.3928137096242992,347.05928031135204,6.9742794882799,0.6180578440315002,0.6138256523710259,188,337,717,0.00048302323557436466,0.00030880936537869275,0.00014159150305204093,0.20514906343305483,0.26230386600946076,0.3423632299673045,0.1433839870742884,0.3697352730018945,0.4821867862246772,0.740094438878573,1536
adamw_fp32,AdamW + FP32,10,v_proj,attn,model.layers.10.self_attn.v_proj.weight,0.009034737549531659,0.003674655919894576,0.10109436117636506,125.20531986079915,6.045019735132189,0.7215643563988952,0.3935705061617931,95,143,219,0.0003346715238876641,0.00025053846184164286,0.00016732863150537014,0.06616146402666345,0.07998654030961916,0.09563628418254666,0.16542543181261138,0.4234626936230776,0.5481979748174169,0.810964838676608,256
adamw_fp32,AdamW + FP32,11,down_proj,mlp,model.layers.11.mlp.down_proj.weight,0.0576282394952739,0.020867537707090378,1.2870353773614625,498.78141703172366,7.626552968170995,0.6427861313011503,0.4277256052787961,350,638,1195,0.0009171085548587143,0.000627635046839714,0.0003679188375826925,0.6956397824687883,0.9125468527781777,1.181414726714138,0.13112083587086404,0.3877052196126961,0.5108463300623843,0.7115961175744834,1536
adamw_fp32,AdamW + FP32,11,gate_proj,mlp,model.layers.11.mlp.gate_proj.weight,0.05495503443214792,0.020047346130013466,1.2750711026965291,538.3365141301757,7.514519071484272,0.6678844747648489,0.42295572113929425,386,679,1218,0.0008605004986748099,0.0005989355850033462,0.00036264830850996077,0.7164366046199575,0.9255777148646303,1.1779846088320483,0.13307571522371284,0.34928446563292803,0.45821634833982655,0.6830953110951732,1536
adamw_fp32,AdamW + FP32,11,up_proj,mlp,model.layers.11.mlp.up_proj.weight,0.05628981306599157,0.021768614649772644,1.1980734132230282,453.00943637325463,6.686487388222035,0.6234240221848278,0.45204440566500437,284,554,1138,0.0009535617427900434,0.0006191576248966157,0.0003418060077819973,0.613889760163147,0.8190462377970107,1.0871065074170474,0.149555355740513,0.4039133532608108,0.5224516441286347,0.7356361497792978,1536
adamw_fp32,AdamW + FP32,11,k_proj,attn,model.layers.11.self_attn.k_proj.weight,0.008640926822001557,0.0035296182613819838,0.08969262431855896,107.74392888118611,5.99328843257724,0.6913492795391066,0.4621114001253408,71,114,194,0.0003522213955875486,0.000245528353843838,0.00014454624033533037,0.05546347799827345,0.06801025601453148,0.08316915431350935,0.16685330787091435,0.4435032172570482,0.5830546751786736,0.8571274671336419,256
adamw_fp32,AdamW + FP32,11,o_proj,attn,model.layers.11.self_attn.o_proj.weight,0.023498398966076205,0.010572757571935654,0.3876107324211766,272.0915413248781,4.939693449065629,0.5351745736162157,0.6192643102524018,135,270,656,0.0005792982410639524,0.00035364265204407275,0.00015357459778897464,0.17884687520563602,0.23932411934947595,0.3290099813602865,0.20244171228665123,0.5220981092246547,0.6302372579172301,0.8081772277229532,1536
adamw_fp32,AdamW + FP32,11,q_proj,attn,model.layers.11.self_attn.q_proj.weight,0.021326939562486536,0.0072616650722920895,0.3908187118802253,335.8099975203753,8.625507319516396,0.6174651692112131,0.6211621816070672,176,319,699,0.0004980795201845467,0.0003159692569170147,0.0001428564137313515,0.202006085019093,0.25828369229566306,0.33930391029571183,0.11593520971657663,0.36257114654040773,0.48813232725175343,0.7513062297352349,1536
adamw_fp32,AdamW + FP32,11,v_proj,attn,model.layers.11.self_attn.v_proj.weight,0.009425025503338633,0.004124815575778484,0.09904271566483658,110.42820467791319,5.22102769388372,0.6753937353540762,0.41200414581546374,81,131,214,0.00034528636024333537,0.0002528216573409736,0.00016382259491365403,0.061209418083308265,0.0760016170097515,0.09304217668250203,0.19153317289840668,0.49548443544669346,0.6235507703880502,0.8450652323233719,256
adamw_fp32,AdamW + FP32,12,down_proj,mlp,model.layers.12.mlp.down_proj.weight,0.059925424806073775,0.025775045156478882,1.2716867378621828,450.33742634149394,5.405344437701829,0.6031509954101819,0.4333056858349671,303,585,1163,0.000980896526016295,0.0006516002467833459,0.0003701985697261989,0.6492119289468974,0.8724424394895323,1.156869529018877,0.1850020866431902,0.4583210371342824,0.5677699987617224,0.7413981576807627,1536
adamw_fp32,AdamW + FP32,12,gate_proj,mlp,model.layers.12.mlp.gate_proj.weight,0.055850036615680915,0.021823564544320107,1.2830162965256022,527.7368506802112,6.54931003185204,0.6527571694095394,0.419180772854725,385,677,1216,0.0008744298829697073,0.0006104278727434576,0.00036844733403995633,0.7155792728881352,0.9274009871878661,1.1841308789735194,0.1526878396558692,0.39537222148416423,0.49094494847642245,0.6884161940638351,1536
adamw_fp32,AdamW + FP32,12,up_proj,mlp,model.layers.12.mlp.up_proj.weight,0.057845656333995195,0.024623891338706017,1.1994251270516543,429.93695803335095,5.51859005670129,0.5999122679730153,0.45478879425589924,266,528,1116,0.0010038901818916202,0.0006420625722967088,0.0003460737061686814,0.5987865497590974,0.8064286191365682,1.0822895377059467,0.1812057046682944,0.4615350380232351,0.5616827645740186,0.7463544045592617,1536
adamw_fp32,AdamW + FP32,12,k_proj,attn,model.layers.12.self_attn.k_proj.weight,0.009393880674528838,0.004611711483448744,0.09142701045857393,94.72376675933756,4.149213860629961,0.6417299753159422,0.48039837340138725,59,100,186,0.0003984633076470345,0.0002716165327001363,0.0001464108790969476,0.053396428702399135,0.06667205432313494,0.08387928894080687,0.24100951013601732,0.4985877639079804,0.6456553131943774,0.8830427463030143,256
adamw_fp32,AdamW + FP32,12,o_proj,attn,model.layers.12.self_attn.o_proj.weight,0.02516539125651986,0.012757021002471447,0.4033071419549863,256.8410588485886,3.8914265069266953,0.5162816759439026,0.6236132374848393,126,258,636,0.0006308095762506127,0.000382316968170926,0.00016542307275813073,0.1813487610197626,0.24529910218552686,0.3404350157652516,0.25697517304258766,0.5383691858089562,0.6547945388523391,0.8207458079610308,1536
adamw_fp32,AdamW + FP32,12,q_proj,attn,model.layers.12.self_attn.q_proj.weight,0.022807422639674373,0.00884327758103609,0.3969698886520767,302.9442473615497,6.651596657132693,0.5819938925659807,0.6254497755671011,153,291,670,0.0005524797597900033,0.0003425312752369791,0.00015107863873708993,0.19535970757715404,0.25473698711721227,0.34096931913518347,0.15033984343107637,0.4274800302574798,0.54515192339885,0.7810479179382568,1536
adamw_fp32,AdamW + FP32,12,v_proj,attn,model.layers.12.self_attn.v_proj.weight,0.009950770105069333,0.004232729785144329,0.10615560099540744,113.807908271649,5.526781522564846,0.6881844294448434,0.40853034449588876,84,134,216,0.00036608922528102994,0.00026946209254674613,0.0001761705643730238,0.06649934404413216,0.08206045511178672,0.09997401908913162,0.1809371323829577,0.4675075153947482,0.6033329669343122,0.8395451960372904,256
adamw_fp32,AdamW + FP32,13,down_proj,mlp,model.layers.13.mlp.down_proj.weight,0.061120423068473574,0.025788888335227966,1.2933727922500111,447.79035817002824,5.617039268761679,0.6038748713534499,0.4337673580690642,298,583,1164,0.000996435759589076,0.000662797421682626,0.00037674573832191527,0.6565933360252529,0.8858713437221013,1.176435854198644,0.17802973277423037,0.4498534320009314,0.5669663265623933,0.7451947485044682,1536
adamw_fp32,AdamW + FP32,13,gate_proj,mlp,model.layers.13.mlp.gate_proj.weight,0.05811736431360177,0.023439418524503708,1.2783735165867256,483.84216115333015,6.147777672251659,0.6273712245883023,0.4304838167160905,335,621,1181,0.0009363862336613238,0.0006333958590403199,0.00036871214979328215,0.6797406095429324,0.8982425719150342,1.1698518504854292,0.16266040402104265,0.43424502348668614,0.5291628270429761,0.7170061031519783,1536
adamw_fp32,AdamW + FP32,13,up_proj,mlp,model.layers.13.mlp.up_proj.weight,0.05994443341978684,0.026958977803587914,1.2159329111673287,411.4542073392597,4.944141334581425,0.5830830522925466,0.45469128675150916,251,511,1105,0.0010508227860555053,0.0006632853182964027,0.0003547040978446603,0.5915631803218275,0.8056323699420318,1.0929985995753668,0.20225959015483136,0.4888931362094326,0.5861688240349194,0.7607484622001616,1536
adamw_fp32,AdamW + FP32,13,k_proj,attn,model.layers.13.self_attn.k_proj.weight,0.009159465412120822,0.003916633315384388,0.09101274653767177,98.73342142457106,5.46908189356863,0.6543381540254748,0.4699293769212203,64,107,189,0.0003776280500460416,0.0002601332089398056,0.0001506592525402084,0.05410937758279033,0.06750044450745918,0.08382376621011645,0.1828460460933947,0.509623564894318,0.6302743824383998,0.872615844384379,256
adamw_fp32,AdamW + FP32,13,o_proj,attn,model.layers.13.self_attn.o_proj.weight,0.025262597171838527,0.011736106127500534,0.4066187992633452,259.0710665764207,4.633486882426796,0.5280736717625603,0.6273434225762473,124,252,632,0.0006450326764024794,0.0003869831271003932,0.00016478005272801965,0.1844148799427785,0.24761849612696096,0.34313087521877605,0.21582018582865792,0.529418550023521,0.6423518799529815,0.8191622303957682,1536
adamw_fp32,AdamW + FP32,13,q_proj,attn,model.layers.13.self_attn.q_proj.weight,0.0218762276417922,0.008823650889098644,0.38466021671143835,309.17877774631717,6.146787994827459,0.5907755802044818,0.6292766714317879,158,294,667,0.000528438133187592,0.00033156739664264023,0.00014583344454877079,0.19265568419359624,0.24912150684394874,0.3311969714704901,0.16268659352518797,0.40672475099094685,0.5289878537258434,0.7711375801333252,1536
adamw_fp32,AdamW + FP32,13,v_proj,attn,model.layers.13.self_attn.v_proj.weight,0.010311928163583856,0.005191195756196976,0.10506550416175742,103.81032240990105,3.9458897399941986,0.6499395091233501,0.4260973929682863,73,122,208,0.0003841232683043927,0.0002796861808747053,0.00017253687838092446,0.06311081509920768,0.07903637480922043,0.09795591716829222,0.2534282673599162,0.5165536849848148,0.6366534446865865,0.8600979482671487,256
adamw_fp32,AdamW + FP32,14,down_proj,mlp,model.layers.14.mlp.down_proj.weight,0.06238559930397649,0.025617921724915504,1.3029306838579942,436.1882080362663,5.930358039533806,0.596587801841553,0.4355605604363364,287,569,1154,0.001025912701152265,0.0006784540601074696,0.0003818462137132883,0.6517334980890155,0.8843167805462144,1.182078261510469,0.16862388296518627,0.4640110927631614,0.5820846341020257,0.7533251964763209,1536
adamw_fp32,AdamW + FP32,14,gate_proj,mlp,model.layers.14.mlp.gate_proj.weight,0.06054378878659319,0.02497990056872368,1.3044441560195992,464.20711455690684,5.874322423162995,0.6155549861162629,0.4328395939974725,314,601,1173,0.0009781747357919812,0.000655350333545357,0.0003794602525886148,0.6768861887976527,0.9043000813690014,1.1903130129503552,0.17023239923925657,0.4468022871174546,0.5450044444686141,0.7326671782015718,1536
adamw_fp32,AdamW + FP32,14,up_proj,mlp,model.layers.14.mlp.up_proj.weight,0.06265963929184577,0.0282698106020689,1.2395517482727882,391.3393717646804,4.912810167765065,0.5704080967736803,0.45643646742837096,228,488,1093,0.0011089564068242908,0.0006918202270753682,0.0003669251746032387,0.582228688057512,0.8060496621765196,1.1092206942557823,0.20354948916231375,0.496822295331211,0.6059104357578251,0.77790345012308,1536
adamw_fp32,AdamW + FP32,14,k_proj,attn,model.layers.14.self_attn.k_proj.weight,0.008597867973534857,0.0033085898030549288,0.09526937083501252,122.77927098525355,6.752983521887299,0.7310564478385041,0.43161892243545985,88,129,201,0.0003448020725045353,0.00025445298524573445,0.00015275586338248104,0.06255130172939971,0.07471883142716251,0.08910807670326903,0.1480826951167391,0.39201187512920904,0.5210439984022993,0.813676026021436,256
adamw_fp32,AdamW + FP32,14,o_proj,attn,model.layers.14.self_attn.o_proj.weight,0.0257819565525614,0.013958611525595188,0.41627631706438706,260.6943763291728,3.4115151384109983,0.5190219153724304,0.6356403029018474,135,260,617,0.0006500851013697684,0.00040464254561811686,0.00017371548165101558,0.1944259630399756,0.25793305088882335,0.35253683365590405,0.2931248900937828,0.5434666711439174,0.6305912525442431,0.8059126569057958,1536
adamw_fp32,AdamW + FP32,14,q_proj,attn,model.layers.14.self_attn.q_proj.weight,0.021403077946620948,0.008074232377111912,0.40565446580926334,359.21962623310543,7.026676792551549,0.6316158203763139,0.6166531718515624,199,346,714,0.0004894919693470001,0.00031846616184338927,0.00014577382535208017,0.21696261345641688,0.27464683310245164,0.35464009176939726,0.1423147854274477,0.33780422708320906,0.4561787446639665,0.725343951778013,1536
adamw_fp32,AdamW + FP32,14,v_proj,attn,model.layers.14.self_attn.v_proj.weight,0.01064342049925755,0.005188050679862499,0.11073277609830257,108.24053613501636,4.208758644124027,0.6567610787056626,0.40274361118842505,83,133,214,0.0003962659393437207,0.00028990177088417113,0.00018601794727146626,0.06818714304245077,0.08500249547068961,0.10393381683388725,0.23759974960696068,0.5222141719510103,0.6500356519879517,0.8409121522799629,256
adamw_fp32,AdamW + FP32,15,down_proj,mlp,model.layers.15.mlp.down_proj.weight,0.06434914698812075,0.028721699491143227,1.3390768830431625,433.03743027622255,5.019556195119992,0.5920037685499518,0.4367277480058902,283,563,1150,0.0010667492169886827,0.0006999744800850749,0.000391998648410663,0.6671797061571851,0.9062038375996053,1.2135689187853131,0.19922079983329982,0.4666093483106802,0.5836019274956918,0.7540895535582001,1536
adamw_fp32,AdamW + FP32,15,gate_proj,mlp,model.layers.15.mlp.gate_proj.weight,0.061912226509751686,0.027988700196146965,1.3335550667834468,463.9477389528005,4.8931371046228,0.6066638791467351,0.4270521988182969,320,611,1180,0.0009927195496857166,0.0006685834378004074,0.0003908261132892221,0.6912834723480046,0.9260587432654575,1.2178228276316077,0.20436786842846652,0.46067669655524734,0.5539974788530551,0.7324386393117345,1536
adamw_fp32,AdamW + FP32,15,up_proj,mlp,model.layers.15.mlp.up_proj.weight,0.06428846643611032,0.0314435176551342,1.2692439508391544,389.78405775942673,4.180265645309446,0.5634506987494114,0.45475496862435105,229,489,1094,0.001135534723289311,0.0007094117463566363,0.00037596645415760577,0.5949711974244565,0.8247589261154644,1.1357205387903377,0.2392192470165313,0.5047058822568253,0.6086188968308437,0.7774676563460267,1536
adamw_fp32,AdamW + FP32,15,k_proj,attn,model.layers.15.self_attn.k_proj.weight,0.010476769695733018,0.004965796135365963,0.09435156881954754,81.10422096503197,4.451199116017154,0.5974765345741132,0.5083234735958106,46,84,172,0.00047621395788155496,0.00030270894058048725,0.0001580940734129399,0.051704577810596675,0.06590032868552953,0.08512123030959629,0.22465856366694745,0.588975574256076,0.7117037435189235,0.9090679001765868,256
adamw_fp32,AdamW + FP32,15,o_proj,attn,model.layers.15.self_attn.o_proj.weight,0.02848066985941606,0.016910891979932785,0.41140516896209434,208.6599450515792,2.8363992920528593,0.4517523262807838,0.6294362185902673,88,205,581,0.0007814171840436757,0.0004509677819442004,0.00018354380154050887,0.16342361003626138,0.2313547331141308,0.3382209039700683,0.3525596705660734,0.6396792037541167,0.727178955873613,0.8613647311817891,1536
adamw_fp32,AdamW + FP32,15,q_proj,attn,model.layers.15.self_attn.q_proj.weight,0.024461510828474864,0.011496380902826786,0.4039828009198807,272.74650721499137,4.527352030491277,0.5503005108321993,0.6321744002878349,130,260,637,0.00061655486933887,0.00037347778561525047,0.00016063505609054118,0.18933802808169276,0.25076475701644085,0.34299321610888,0.22087966503711157,0.4717545948045386,0.5896558112436574,0.8085108639760834,1536
adamw_fp32,AdamW + FP32,15,v_proj,attn,model.layers.15.self_attn.v_proj.weight,0.01204362787510605,0.006510711740702391,0.10662989724369254,78.38687030000831,3.421824419462957,0.5578836431288025,0.462206676435162,46,93,192,0.0005001837853342295,0.0003173442091792822,0.00017867855785880238,0.05544229527004063,0.07362538919551298,0.09715581701311748,0.29224176270182395,0.6494037406246272,0.7626049072021136,0.9076765124777304,256
adamw_fp32,AdamW + FP32,16,down_proj,mlp,model.layers.16.mlp.down_proj.weight,0.06147487188889846,0.023733098059892654,1.3391526452760445,474.531342217936,6.709441914395722,0.6228558904616392,0.43356054585171355,323,605,1174,0.0010014463914558291,0.000671073270495981,0.000384452345315367,0.704525179695338,0.9335527836810797,1.2229707663063891,0.1490436928672724,0.43439030841767,0.5373439733771852,0.7227124292130493,1536
adamw_fp32,AdamW + FP32,16,gate_proj,mlp,model.layers.16.mlp.gate_proj.weight,0.05928148870240263,0.023469462990760803,1.3238591592235025,498.7068877108178,6.380164811855768,0.6342971897523082,0.4247448740376991,354,644,1195,0.0009435731917619705,0.0006461589364334941,0.00038192298961803317,0.715699068910908,0.9401898199575953,1.215280311938841,0.15673576302320233,0.4170812672023247,0.5210406527331158,0.7073361628137134,1536
adamw_fp32,AdamW + FP32,16,up_proj,mlp,model.layers.16.mlp.up_proj.weight,0.061275649739162254,0.025940872728824615,1.2578550614853157,421.3910946275127,5.579646488777828,0.589417239651914,0.45199050230024707,262,525,1114,0.0010604867711663246,0.0006784977740608156,0.00036632883711718023,0.6203847592696548,0.8406606878852472,1.1333536615711637,0.17922282388521732,0.4787137421098175,0.5791602431776455,0.7531362162054686,1536
adamw_fp32,AdamW + FP32,16,k_proj,attn,model.layers.16.self_attn.k_proj.weight,0.011822188068168203,0.008024736307561398,0.09828701460719458,69.11885897110253,2.1703720446022587,0.49783589861841243,0.5013544915057122,40,78,167,0.0005345772951841354,0.00034737607347778976,0.00017736795416567475,0.04978020035196096,0.06580564161413349,0.08775230673199985,0.4607504978176493,0.6829293876031594,0.7619721702353006,0.9185247551412208,256
adamw_fp32,AdamW + FP32,16,o_proj,attn,model.layers.16.self_attn.o_proj.weight,0.026616543480055526,0.0146762914955616,0.39602689122814994,221.3839039846032,3.289051347277612,0.47753909327065364,0.6414479629833185,98,207,569,0.0007467014947906137,0.00043668042053468525,0.00017209374345839024,0.16821919922949746,0.2295900903409347,0.32729175350687,0.3040390357018027,0.6000229662044602,0.6817267510846002,0.8430198800951109,1536
adamw_fp32,AdamW + FP32,16,q_proj,attn,model.layers.16.self_attn.q_proj.weight,0.022896601237143398,0.010112310759723186,0.3939233943836551,295.99304454365006,5.126739215048219,0.5730488170099598,0.6302275842195129,149,282,657,0.0005674975691363215,0.0003497932048048824,0.0001520471996627748,0.19305864634225145,0.25146296905586496,0.33772234033676796,0.19505575728618266,0.4400507778969854,0.5508721995231547,0.7823570494595182,1536
adamw_fp32,AdamW + FP32,16,v_proj,attn,model.layers.16.self_attn.v_proj.weight,0.011914914125785176,0.007403139490634203,0.11382983613293618,91.2704912540038,2.590299419766905,0.5726467673447028,0.41695692367779924,67,117,207,0.00044448391417972744,0.00031574463355354965,0.00019328566850163043,0.06469034266774543,0.08328191013424657,0.10563627506780904,0.38605575570487044,0.6112070275313676,0.7065933770893242,0.8731618963619631,256
adamw_fp32,AdamW + FP32,17,down_proj,mlp,model.layers.17.mlp.down_proj.weight,0.06230849054459536,0.024233518168330193,1.3671247423626482,481.41744740416686,6.610914242804162,0.6265064527439117,0.431241759924869,331,615,1181,0.0010106588015332818,0.0006789799663238227,0.0003914701228495687,0.7247179634869099,0.9579351234133355,1.2506371039780788,0.15126500863151848,0.42988318290175187,0.5362017689439356,0.7180946365287816,1536
adamw_fp32,AdamW + FP32,17,gate_proj,mlp,model.layers.17.mlp.gate_proj.weight,0.060016379984657905,0.024185653775930405,1.3430427321000025,500.7720359154727,6.157776613465224,0.6343661634302153,0.4231983021024228,358,648,1199,0.0009512436226941645,0.0006531538674607873,0.00038815848529338837,0.7283505765954033,0.9551614807569422,1.2338002716423944,0.16239627754818156,0.418645588338637,0.5221079123988076,0.7060262093489177,1536
adamw_fp32,AdamW + FP32,17,up_proj,mlp,model.layers.17.mlp.up_proj.weight,0.06181959827171669,0.02600545436143875,1.276654805355065,426.47601501794225,5.650976026836538,0.5945740661809472,0.45164552571409877,266,530,1119,0.0010644305730238557,0.000683438265696168,0.0003701496752910316,0.6340762246400118,0.8564809866948053,1.1518566087179352,0.17696058083612293,0.4690569999167287,0.57602037091827,0.7497967128788687,1536
adamw_fp32,AdamW + FP32,17,k_proj,attn,model.layers.17.self_attn.k_proj.weight,0.009322510148072097,0.0036200610920786858,0.09966853699006606,114.3011071850103,6.631838323766472,0.7037369124556858,0.4386162974909047,80,124,201,0.00036846534931100905,0.0002657172444742173,0.0001590419706190005,0.06313827578560449,0.07684534607687965,0.09295403398573399,0.150787753135704,0.4443468962466933,0.5749215332204854,0.8373888921843657,256
adamw_fp32,AdamW + FP32,17,o_proj,attn,model.layers.17.self_attn.o_proj.weight,0.02512091147708127,0.01229086983948946,0.4226862365758004,283.1166605785658,4.177395044479481,0.5440055563487695,0.6226170501961243,144,278,656,0.0006175812450237572,0.00038182627758942544,0.00016485255036968738,0.20114109647693112,0.2655230897653382,0.36022136923565995,0.23938363246768388,0.5068781522469562,0.5926821737645483,0.7928152005656628,1536
adamw_fp32,AdamW + FP32,17,q_proj,attn,model.layers.17.self_attn.q_proj.weight,0.02338429910496046,0.010526762343943119,0.4111384515826302,309.1202650309342,4.934680944179322,0.5771283463262462,0.6180177255556836,161,302,685,0.0005535788368433714,0.00034752831561490893,0.00015451315266545862,0.2035300032584928,0.2648165234422777,0.3538011821656255,0.2026473466698075,0.43556874439189286,0.5449588561562164,0.7756406845761362,1536
adamw_fp32,AdamW + FP32,17,v_proj,attn,model.layers.17.self_attn.v_proj.weight,0.01078102946441022,0.0051904660649597645,0.11239642239524983,108.68872885490686,4.314274300154021,0.6617646054129459,0.4089591953041103,81,131,213,0.0004008759860880673,0.00029067168361507356,0.0001885723031591624,0.06913654928212054,0.08609841833822429,0.10536798648536205,0.23178869270419356,0.5130745601742732,0.631218745879533,0.8452256911145892,256
adamw_fp32,AdamW + FP32,18,down_proj,mlp,model.layers.18.mlp.down_proj.weight,0.06276590917162239,0.024357227608561516,1.3715342231153045,477.4915050333025,6.640364805733492,0.6268045009637992,0.43669159820209513,322,601,1170,0.0010331774828955531,0.0006880888249725103,0.0003909944789484143,0.7242133412510157,0.9570441386895254,1.2523788776888978,0.15059413590298076,0.42861267612572224,0.5321333185311036,0.7181015937381219,1536
adamw_fp32,AdamW + FP32,18,gate_proj,mlp,model.layers.18.mlp.gate_proj.weight,0.060407362599004255,0.024403583258390427,1.378594623907702,520.8269057178652,6.127348043159142,0.6459888340108332,0.41794934875256295,381,675,1215,0.0009428263292647898,0.0006584173534065485,0.000397577096009627,0.7635967682581395,0.9936359115527011,1.271345256944187,0.1632027417010279,0.4022078213328658,0.5006573791947144,0.6946806170231828,1536
adamw_fp32,AdamW + FP32,18,up_proj,mlp,model.layers.18.mlp.up_proj.weight,0.061979626436797323,0.026089098304510117,1.3048711493102019,443.2383702121606,5.643905978507341,0.6063940100316018,0.4485265702176995,282,551,1133,0.0010520644718781114,0.0006827602628618479,0.0003758074890356511,0.661456864560023,0.887035469233524,1.1817547582322732,0.1771822570765916,0.4539890447645043,0.5541570071193549,0.7390902202533538,1536
adamw_fp32,AdamW + FP32,18,k_proj,attn,model.layers.18.self_attn.k_proj.weight,0.010346753392238188,0.004051499534398317,0.10597212208995188,104.89989805311858,6.521937153165259,0.6792812695573739,0.46241498100734457,69,112,194,0.0004186479782219976,0.00029464048566296697,0.00017204092000611126,0.06459433192503639,0.07966502275667153,0.0982419294596184,0.15332867774027462,0.46384061322378056,0.6051781860914911,0.8617873340515179,256
adamw_fp32,AdamW + FP32,18,o_proj,attn,model.layers.18.self_attn.o_proj.weight,0.02658533814570484,0.01240758690983057,0.4482039303516885,284.22805556015646,4.591025715029253,0.5420557161925923,0.6165740454164885,147,283,668,0.000647961744107306,0.0004021599015686661,0.000173512045876123,0.2124435506411828,0.2810502902138978,0.38225707317178603,0.21781624893243015,0.520489408731512,0.606956156596683,0.7932400549154741,1536
adamw_fp32,AdamW + FP32,18,q_proj,attn,model.layers.18.self_attn.q_proj.weight,0.023970244151399846,0.009092858992516994,0.4262671613368667,316.2414834172422,6.9493470774226305,0.5921085993660128,0.6209124375744441,164,305,687,0.0005687790689989924,0.00035692640813067555,0.00015917516429908574,0.21379458508454263,0.2767724026052747,0.36792578888707794,0.143898410722476,0.41964586575153423,0.540459309834949,0.7662418354503937,1536
adamw_fp32,AdamW + FP32,18,v_proj,attn,model.layers.18.self_attn.v_proj.weight,0.011601304107720851,0.005619868636131287,0.11550382005225401,99.12405804144686,4.2614882391629845,0.6292993643328872,0.4227242477849016,71,120,208,0.0004427520034369081,0.0003108806849922985,0.00019286246970295906,0.06802665707073174,0.08596515821409412,0.1075694012833992,0.23465980518496374,0.572351800194408,0.677509900664415,0.8638876028044129,256
adamw_fp32,AdamW + FP32,19,down_proj,mlp,model.layers.19.mlp.down_proj.weight,0.06291019571182223,0.02516884356737137,1.3665149350272259,471.8312404833007,6.247633566517448,0.6240235204053375,0.44231767244583997,311,584,1159,0.0010506602702662349,0.0006919125444255769,0.0003867447667289525,0.7171906870789826,0.9479400516720489,1.245419101236621,0.1600606036434719,0.4389828165731207,0.5280444517280228,0.7172329785779107,1536
adamw_fp32,AdamW + FP32,19,gate_proj,mlp,model.layers.19.mlp.gate_proj.weight,0.06016874560871344,0.024187110364437103,1.3752129792555934,522.393795562568,6.188336803558761,0.6498229006838672,0.4210675094325733,377,670,1212,0.0009452182566747069,0.000655005918815732,0.0003947290824726224,0.7620043096831068,0.9908455240656622,1.2678770282072946,0.16159430744379077,0.393844961452913,0.4945539671751971,0.691069632019851,1536
adamw_fp32,AdamW + FP32,19,up_proj,mlp,model.layers.19.mlp.up_proj.weight,0.061501389564055486,0.025277605280280113,1.3039246085827472,449.5056001402043,5.919676867893316,0.6127956742608578,0.4501098099905816,285,553,1135,0.0010489565320312977,0.0006773353670723736,0.0003733976627700031,0.6665696705458686,0.8897882833261974,1.1821474042662885,0.16892813954486643,0.4497936402687187,0.5451463542788455,0.7319459240905224,1536
adamw_fp32,AdamW + FP32,19,k_proj,attn,model.layers.19.self_attn.k_proj.weight,0.010254995766432353,0.004511827137321234,0.10419743489546818,103.23883252126913,5.166138757109459,0.662268310345843,0.45702325752554485,70,113,193,0.0004170185711700469,0.00029504834674298763,0.00017013376054819673,0.06336338235996664,0.07826343792839907,0.09637414565077052,0.19356816512600153,0.487576438095017,0.6105678356003174,0.860240302321843,256
adamw_fp32,AdamW + FP32,19,o_proj,attn,model.layers.19.self_attn.o_proj.weight,0.026276188958255595,0.013525120913982391,0.4345973064167481,273.5579294608064,3.7743523426688306,0.5269414742604503,0.6201950768436011,140,272,652,0.0006538571324199438,0.0004007029056083411,0.00017132308857981116,0.20305784314405173,0.2697522170492448,0.36904879203939345,0.2649461176941694,0.5432323768509052,0.6224403990448135,0.7986209632687912,1536
adamw_fp32,AdamW + FP32,19,q_proj,attn,model.layers.19.self_attn.q_proj.weight,0.02355336865097111,0.00892660766839981,0.4342648733917045,339.9408408978788,6.96198629441225,0.6091660272937638,0.6127341674195876,185,334,714,0.0005377795896492898,0.0003446942719165236,0.00015851424541324377,0.22455753019312397,0.288258492044406,0.37777204137819353,0.1436371687204568,0.3941823618286665,0.5076651275050781,0.747195640709508,1536
adamw_fp32,AdamW + FP32,19,v_proj,attn,model.layers.19.self_attn.v_proj.weight,0.011251945515151811,0.005718346685171127,0.11100961572083179,97.33431066160523,3.871812143749112,0.6191142202245516,0.4240376080932542,70,119,206,0.0004313976678531617,0.0003015843976754695,0.0001847614475991577,0.06492672263993882,0.08244257204933092,0.10314258647849783,0.25827699352987993,0.5847448965539049,0.6835980439744652,0.865729906963107,256
adamw_fp32,AdamW + FP32,2,down_proj,mlp,model.layers.2.mlp.down_proj.weight,0.05022814446215767,0.02002348005771637,1.1764995608536992,548.6422760865105,6.292383015956504,0.671083547913351,0.41549058968103814,406,700,1233,0.0007795324199832976,0.0005491933552548289,0.0003342959680594504,0.6685954562271945,0.8601816204609349,1.0896845068200491,0.15892230295965068,0.3251030190396385,0.4370545317463737,0.6881709090854214,1536
adamw_fp32,AdamW + FP32,2,gate_proj,mlp,model.layers.2.mlp.gate_proj.weight,0.050018791624181436,0.01849413476884365,1.1671909554497688,544.5245136786347,7.314730926678606,0.6792740525830298,0.42881776397277016,384,672,1214,0.0007931311265565455,0.0005482411361299455,0.00032767371158115566,0.6595303219510242,0.8481673813075759,1.0783672148245387,0.13671042858907584,0.3011657140605574,0.41456862868151967,0.6822387114152916,1536
adamw_fp32,AdamW + FP32,2,up_proj,mlp,model.layers.2.mlp.up_proj.weight,0.0501030409625513,0.021004725247621536,1.0941780828579795,476.92254300835856,5.689762798305706,0.6389007446069332,0.44756493925729446,310,583,1156,0.0008334050653502345,0.0005512431380338967,0.0003096678701695055,0.5773073050077073,0.7609510526526719,0.9975847681052983,0.1757542511785868,0.3584715990706758,0.47467296820719795,0.7240948587891851,1536
adamw_fp32,AdamW + FP32,2,k_proj,attn,model.layers.2.self_attn.k_proj.weight,0.007345290612722207,0.003518858924508095,0.07494707809564716,104.10976011545861,4.35726781955828,0.6685885056055006,0.4600098350321633,70,114,194,0.0002935775846708566,0.00020741754269693047,0.00012483725731726736,0.045768824813421816,0.05659149163693655,0.06953214957320597,0.22950161463827015,0.46890194622509607,0.6034971647961178,0.8610166437251415,256
adamw_fp32,AdamW + FP32,2,o_proj,attn,model.layers.2.self_attn.o_proj.weight,0.020798181507473246,0.009727339260280132,0.38339952669006827,339.8227239503854,4.571540819715945,0.5866085532252708,0.5944866336018049,196,356,745,0.0004545953997876495,0.0002964181185234338,0.00014022694085724652,0.1957011061022058,0.2539762551023159,0.3340829586231848,0.2187446288759455,0.4352063757920076,0.5446576654760956,0.7553983642637803,1536
adamw_fp32,AdamW + FP32,2,q_proj,attn,model.layers.2.self_attn.q_proj.weight,0.018893863856743274,0.007505778223276138,0.34396277195367375,331.4219873095066,6.3365097484950965,0.6018754280737748,0.6157591490695682,177,324,707,0.00043666348210535944,0.000277184066362679,0.00012642008368857205,0.17596312871319242,0.2265696959802881,0.2986307702376507,0.15781558613359623,0.4013122832681988,0.504968790123296,0.7556884928992301,1536
adamw_fp32,AdamW + FP32,2,v_proj,attn,model.layers.2.self_attn.v_proj.weight,0.008473896843131988,0.0039377883076667786,0.0883688535541296,108.75070870907906,4.630859614074121,0.6721709299328056,0.41882432781697077,78,129,212,0.0003123964706901461,0.00022637609799858183,0.00014543934958055615,0.05417455165297724,0.06756957550533116,0.08279031761048827,0.21594262908786893,0.47838940595858975,0.6114565587070979,0.853336432522202,256
adamw_fp32,AdamW + FP32,20,down_proj,mlp,model.layers.20.mlp.down_proj.weight,0.06297833607219397,0.025587815791368484,1.376444416702725,477.6777282536879,6.057813980380945,0.6277654348864279,0.4425191199977001,315,589,1162,0.0010513176675885916,0.0006926068454049528,0.0003882711171172559,0.7272240340244025,0.9584321588044986,1.255690358724678,0.16507604941958207,0.42457478803753224,0.5151569571221831,0.7121015154274857,1536
adamw_fp32,AdamW + FP32,20,gate_proj,mlp,model.layers.20.mlp.gate_proj.weight,0.06071028401726294,0.024748248979449272,1.384180883585941,519.8297909799628,6.017769877069953,0.6476292854139992,0.4229345216632425,372,663,1208,0.000959202996455133,0.0006617946201004088,0.0003958239976782352,0.7646219205926172,0.9948511478141882,1.2751573910354637,0.16617451654480667,0.3969736419738322,0.4942631320325644,0.6899999541631675,1536
adamw_fp32,AdamW + FP32,20,up_proj,mlp,model.layers.20.mlp.up_proj.weight,0.061898835522396396,0.025830155238509178,1.3069164276967058,445.790363464789,5.742631187602817,0.6089375620959149,0.45195059018319705,280,546,1130,0.0010620813118293881,0.0006837510736659169,0.00037339518894441426,0.6652355547994375,0.8890857239603065,1.1835818328545429,0.17413620469982444,0.4513049919097707,0.5433796903723559,0.7324970170114462,1536
adamw_fp32,AdamW + FP32,20,k_proj,attn,model.layers.20.self_attn.k_proj.weight,0.009595689197167377,0.004655728116631508,0.1000943460239796,108.80948311129646,4.247927777501453,0.670871748713172,0.4339990021470679,78,123,201,0.00037992067518644035,0.0002743862569332123,0.0001640381378820166,0.0621558876009658,0.0765384646365419,0.09321616844681557,0.2354088987332502,0.488185507640692,0.6095417771267839,0.8425397353385656,256
adamw_fp32,AdamW + FP32,20,o_proj,attn,model.layers.20.self_attn.o_proj.weight,0.02690193901461106,0.01568562723696232,0.40008274161364454,221.17318271356206,2.941462985736841,0.4708800851918823,0.6386475432334033,98,207,574,0.0007595487404614687,0.00043841407750733197,0.00017335130542051047,0.16949199244845659,0.23126453490112908,0.33054626613738947,0.3399668820750088,0.608294379316153,0.6791537335737009,0.841904131529625,1536
adamw_fp32,AdamW + FP32,20,q_proj,attn,model.layers.20.self_attn.q_proj.weight,0.023237535128510272,0.01028541848063469,0.4181238440896351,323.7648896695499,5.104299930280438,0.5938146192127268,0.6186892537932513,170,311,693,0.0005504123400896788,0.0003463258035480976,0.0001537604257464409,0.21211935492465273,0.2730076494626701,0.36149118446337525,0.1959132522890477,0.4063278456759384,0.5112176569468395,0.7588038312948867,1536
adamw_fp32,AdamW + FP32,20,v_proj,attn,model.layers.20.self_attn.v_proj.weight,0.011622723671443607,0.006441870704293251,0.11001704158115899,89.59919327700327,3.2553059927957047,0.5844960848095965,0.4327011776134828,63,111,201,0.00045130387297831476,0.0003151772543787956,0.00018385110888630152,0.061900625994894654,0.07983100190176629,0.10154905171657447,0.3071907839733325,0.616008800014988,0.719558017656802,0.8783918820092813,256
adamw_fp32,AdamW + FP32,21,down_proj,mlp,model.layers.21.mlp.down_proj.weight,0.06504330213045421,0.029468951746821404,1.3613528557471,438.0626746342474,4.871646730179432,0.5949499898837807,0.44927585456240826,277,541,1130,0.0011195549741387367,0.000718875671736896,0.00039049622137099504,0.6866411588853225,0.9205309508834034,1.2315475379873533,0.20526939972988725,0.4746238796560252,0.5533397406209264,0.7368924779012815,1536
adamw_fp32,AdamW + FP32,21,gate_proj,mlp,model.layers.21.mlp.gate_proj.weight,0.061390955111665896,0.025934379547834396,1.4143045603850624,530.7342356798328,5.6034700549525684,0.6507073682122445,0.4193140025211701,387,678,1215,0.0009639618219807744,0.0006712273461744189,0.0004047951952088624,0.7911945309024304,1.0236293991911225,1.3051699584757444,0.17846084483241959,0.39705899946907863,0.4817682916641784,0.6822201841588388,1536
adamw_fp32,AdamW + FP32,21,up_proj,mlp,model.layers.21.mlp.up_proj.weight,0.0634029621418976,0.02790745720267296,1.3162877631402807,431.00528072804593,5.161531258217146,0.5992471804565048,0.4600528274907649,263,518,1105,0.0011206468334421515,0.0007089268183335662,0.00037611500010825694,0.6598506534937769,0.8841698256437667,1.186165887163952,0.19374095592427193,0.4639741793236562,0.5479172534908284,0.7393104606055348,1536
adamw_fp32,AdamW + FP32,21,k_proj,attn,model.layers.21.self_attn.k_proj.weight,0.01021914619951654,0.004872506018728018,0.10091289032061468,97.51334758308263,4.398701145062413,0.6429512152803493,0.4656906138099999,65,108,189,0.0004122972022742033,0.0002915898512583226,0.00016963267989922315,0.05994018190540373,0.07475231689750217,0.09291039178788196,0.22733983669759203,0.5322399839137185,0.6448227481780825,0.8714021611692312,256
adamw_fp32,AdamW + FP32,21,o_proj,attn,model.layers.21.self_attn.o_proj.weight,0.027575809447303132,0.016107596457004547,0.4215681251711203,233.71091407525455,2.930859889197062,0.47732732759998736,0.6313081938111234,110,227,598,0.000738656148314476,0.0004414254508446902,0.00017881696112453938,0.18264695344259962,0.24843220523325726,0.3511192080040928,0.3411967947311053,0.6046920922304633,0.6700781926295495,0.8305378157192534,1536
adamw_fp32,AdamW + FP32,21,q_proj,attn,model.layers.21.self_attn.q_proj.weight,0.02390643240281599,0.009866508655250072,0.4190556966398802,307.2656108393566,5.870871009855956,0.5821973453960044,0.6240190113747579,158,296,675,0.0005772032891400158,0.0003600491618271917,0.00015886922483332455,0.20799634995637462,0.2700139562948607,0.360645671345992,0.17033247678601873,0.4321559561219731,0.5413109300175611,0.7741985124257948,1536
adamw_fp32,AdamW + FP32,21,v_proj,attn,model.layers.21.self_attn.v_proj.weight,0.011799765336423088,0.006132421549409628,0.11194909653568175,90.01076339589535,3.70239489845195,0.5959123281776838,0.4405303416135302,61,108,200,0.00046339991968125105,0.00031843414762988687,0.00018504448235034943,0.06295736192259938,0.08087322604842484,0.10326393262948841,0.27009544563118354,0.6165919040441075,0.7123084585612636,0.8814784287635202,256
adamw_fp32,AdamW + FP32,22,down_proj,mlp,model.layers.22.mlp.down_proj.weight,0.06585655027588294,0.02937130630016327,1.3838352453312837,441.5407794925492,5.0274924889566615,0.5999559092804266,0.44924575509684983,276,544,1135,0.001129478681832552,0.0007230966002680361,0.0003960258327424526,0.6985630979761481,0.9376470001298003,1.2530607169610448,0.1989063140713964,0.46724417911460775,0.5435642056519767,0.7347943224358532,1536
adamw_fp32,AdamW + FP32,22,gate_proj,mlp,model.layers.22.mlp.gate_proj.weight,0.062108695564421224,0.02620878256857395,1.4116314689599676,516.5803075907183,5.6157933780214755,0.6440992161495346,0.42566898971898937,367,655,1201,0.0009867248591035604,0.0006792140193283558,0.0004025606613140553,0.7781011414481327,1.012130563671235,1.2988601937831845,0.17806922952573342,0.40664208168247984,0.488667398068981,0.6890584993764927,1536
adamw_fp32,AdamW + FP32,22,up_proj,mlp,model.layers.22.mlp.up_proj.weight,0.06408444884057335,0.02775317244231701,1.3119794368103612,419.13000197150035,5.331875975274709,0.5939053508209607,0.46675507741718136,248,495,1086,0.0011642450699582696,0.0007251477218233049,0.0003744556161109358,0.648485449492,0.8717694479855709,1.1776890134206042,0.1875512492483432,0.4734007568477776,0.5545894634429877,0.7452374053970845,1536
adamw_fp32,AdamW + FP32,22,k_proj,attn,model.layers.22.self_attn.k_proj.weight,0.009675689689361845,0.004487750120460987,0.09594210005161585,98.32287694951229,4.648432497103858,0.6495120540604046,0.4693022472486317,66,107,187,0.00039513965020887554,0.0002842678804881871,0.00015879010607022792,0.05751786057953723,0.0711804419697728,0.088259007781744,0.21512628195053626,0.5238770477972275,0.6432036896065911,0.8687944358266659,256
adamw_fp32,AdamW + FP32,22,o_proj,attn,model.layers.22.self_attn.o_proj.weight,0.028455336681909724,0.018680743873119354,0.44518440623787825,244.76675498128486,2.320273206846766,0.46356053255350244,0.6199063932190301,126,250,623,0.0007372067775577307,0.00044349723611958325,0.00018551961693447083,0.1966627241927199,0.26684158670832403,0.3732094379083719,0.4309837294371866,0.6039229666780948,0.6653458834143517,0.8149308304041155,1536
adamw_fp32,AdamW + FP32,22,q_proj,attn,model.layers.22.self_attn.q_proj.weight,0.023786921218569824,0.01041457150131464,0.42133516871925103,313.7465462238443,5.216673504998244,0.5871063072041017,0.6250716658582778,164,300,672,0.0005732513964176178,0.0003602989309001714,0.000158399561769329,0.21230728650698438,0.2736940929025877,0.36289505354943685,0.19169303945164892,0.41952682791786833,0.5271610396200092,0.7643661955449098,1536
adamw_fp32,AdamW + FP32,22,v_proj,attn,model.layers.22.self_attn.v_proj.weight,0.012173052187470258,0.008069001138210297,0.10987581088556908,81.4714073774926,2.2759326928912604,0.5260888413128093,0.4318904543061146,57,104,198,0.0004837957676500082,0.00032557963277213275,0.00018822371202986687,0.05905949528096244,0.07745465086190961,0.10072664861218072,0.4393803046651776,0.6625458259285006,0.7410204074168776,0.8895055824503438,256
adamw_fp32,AdamW + FP32,23,down_proj,mlp,model.layers.23.mlp.down_proj.weight,0.06613706550975801,0.02889181487262249,1.4042478633928113,450.81431771638955,5.240107493838209,0.6088609401357405,0.45079266707861376,283,548,1137,0.0011400198563933372,0.0007286590989679098,0.0003985078656114638,0.7185248096939176,0.9569443033542484,1.273150473338319,0.19083577983388514,0.45208549307724366,0.5311334710835636,0.7263498791982275,1536
adamw_fp32,AdamW + FP32,23,gate_proj,mlp,model.layers.23.mlp.gate_proj.weight,0.061798408087539766,0.025338925421237946,1.4107525637809886,521.131254615505,5.948099013146566,0.6494169397703436,0.42739970571336205,367,654,1201,0.0009871483780443668,0.0006764668505638838,0.000400244229240343,0.780008360510692,1.0128113155369647,1.2986161528970115,0.16812094045337628,0.3960258861178004,0.48021608012059186,0.6842620803668185,1536
adamw_fp32,AdamW + FP32,23,up_proj,mlp,model.layers.23.mlp.up_proj.weight,0.06415668423195413,0.02783619984984398,1.3242563422390958,426.04973758426655,5.312071712020222,0.597676481815162,0.46402673997728017,256,506,1096,0.0011513932840898633,0.0007214497891254723,0.0003776049125008285,0.6608798834495246,0.8852909228298813,1.191389462503139,0.18825047066612216,0.4662365912404891,0.5491216386543819,0.7400730878098658,1536
adamw_fp32,AdamW + FP32,23,k_proj,attn,model.layers.23.self_attn.k_proj.weight,0.01055598476789384,0.005085573066025972,0.10721743842805154,103.16522851749036,4.308416823568158,0.6544273198147902,0.44730264235498596,72,116,197,0.0004209038452245295,0.00029856356559321284,0.00017689017113298178,0.06523560258210637,0.08075600818847306,0.09943878091871738,0.23210381932633362,0.5086489350004355,0.6188098103251897,0.8576944335358373,256
adamw_fp32,AdamW + FP32,23,o_proj,attn,model.layers.23.self_attn.o_proj.weight,0.02885513750214366,0.01745525375008583,0.43591015601224115,228.2168352898685,2.7327126244185997,0.4692309444421644,0.6324232121185029,107,221,590,0.0007929613348096609,0.00046441357699222863,0.00018558588635642081,0.18689708854071796,0.25500117961200885,0.3618909099022858,0.36593675861279257,0.6175425833693586,0.6807783578954689,0.8334883728248208,1536
adamw_fp32,AdamW + FP32,23,q_proj,attn,model.layers.23.self_attn.q_proj.weight,0.02451660236223698,0.010768905282020569,0.4424326541337962,325.667019455348,5.182955167317977,0.585517088468725,0.6136378610438564,179,322,699,0.0005726924282498658,0.00036497542168945074,0.00016391380631830543,0.22546882944880053,0.2902982198575046,0.3829785159905441,0.19294012155568574,0.4501212747205043,0.5382178716509518,0.7526978206666952,1536
adamw_fp32,AdamW + FP32,23,v_proj,attn,model.layers.23.self_attn.v_proj.weight,0.012799957883108207,0.00782957673072815,0.11668590854969807,83.10358188216534,2.6726402961217848,0.5513607085509883,0.4411517974736139,56,104,196,0.0004988763830624521,0.0003409751516301185,0.00019861025793943554,0.06322646589251235,0.08279591338941827,0.10686726390849799,0.3741618359384464,0.648945927159017,0.7378936827548881,0.8917113700409162,256
adamw_fp32,AdamW + FP32,24,down_proj,mlp,model.layers.24.mlp.down_proj.weight,0.06837729650910941,0.03289469704031944,1.4093906792113557,424.8532439078854,4.320878651420957,0.5868774492845326,0.45624328827481797,258,514,1113,0.0012127229711040854,0.0007601204561069608,0.00040229849400930107,0.6983151537133381,0.9407716049463488,1.2701596461120062,0.23143440968219317,0.47953420559797083,0.5575353143340255,0.7428486191161943,1536
adamw_fp32,AdamW + FP32,24,gate_proj,mlp,model.layers.24.mlp.gate_proj.weight,0.06177599712494083,0.025048548355698586,1.4347787146107294,539.4240708542475,6.082391965597274,0.6592895617110199,0.4233783766807704,387,675,1213,0.0009814233053475618,0.0006781804258935153,0.0004058892955072224,0.8082388207549229,1.0413888378534466,1.3247012820793316,0.1644090031777166,0.3870930199585699,0.4650265621248155,0.6708446414268331,1536
adamw_fp32,AdamW + FP32,24,up_proj,mlp,model.layers.24.mlp.up_proj.weight,0.06462294952595642,0.027364293113350868,1.3522839239303721,437.8871671246932,5.577057023260246,0.6059002064885001,0.4615605110130092,267,520,1107,0.001147393137216568,0.0007248807232826948,0.0003835659008473158,0.6845373542746529,0.9120837980881333,1.2199490966740996,0.17930603826163108,0.4572186988661725,0.535821047867652,0.7317429772630419,1536
adamw_fp32,AdamW + FP32,24,k_proj,attn,model.layers.24.self_attn.k_proj.weight,0.009859159741088747,0.004237930290400982,0.10280737879475055,108.73485165664346,5.412179463418805,0.6886703008212469,0.45691974160851,73,116,195,0.00040588120464235544,0.00028200962697155774,0.00016901710478123277,0.06383892148733139,0.07822059505269863,0.09551107297011185,0.18476844804557033,0.45831281646493255,0.5796765312990629,0.8514338173097071,256
adamw_fp32,AdamW + FP32,24,o_proj,attn,model.layers.24.self_attn.o_proj.weight,0.02867197062484739,0.01617882214486599,0.44150381623084617,237.11216590717427,3.1406626118327154,0.4877295528012776,0.6324652618161386,112,228,598,0.0007705078460276127,0.0004618066886905581,0.00018508941866457462,0.19340035610366613,0.2614519994822331,0.3680712397181196,0.31840414702057274,0.5918710499041256,0.6637174788195201,0.8284080621609291,1536
adamw_fp32,AdamW + FP32,24,q_proj,attn,model.layers.24.self_attn.q_proj.weight,0.023657539429397727,0.00933840312063694,0.4230468018653504,319.769978174826,6.417914245858153,0.6003921870645619,0.6266388266831755,163,301,679,0.0005707578966394067,0.00035600096452981234,0.0001573911722516641,0.21424407290760428,0.2758417491277214,0.3653866354288766,0.1558138612782739,0.3955215208484389,0.5093256059956046,0.7598648848157353,1536
adamw_fp32,AdamW + FP32,24,v_proj,attn,model.layers.24.self_attn.v_proj.weight,0.011869521133607938,0.006592423189431429,0.11440837009286042,92.90716347489158,3.241725515379159,0.5987148081900853,0.4367717870447987,64,111,201,0.0004669735499192029,0.0003186469548381865,0.00018913329404313117,0.06550603540381417,0.08352997686597519,0.10571399048785679,0.3084776904324171,0.5867275301638357,0.6850679441329777,0.8757119491987615,256
adamw_fp32,AdamW + FP32,25,down_proj,mlp,model.layers.25.mlp.down_proj.weight,0.07023919048975026,0.03657002002000809,1.4171514158078935,407.0741405992138,3.6889995236057054,0.5702771382902485,0.4621743032510246,241,486,1090,0.0012829427141696215,0.0007899465854279697,0.0004065810062456876,0.6882159117376432,0.9311498173628934,1.2703498835326172,0.2710762074109945,0.5040399550338095,0.5724893528694448,0.7510625728188937,1536
adamw_fp32,AdamW + FP32,25,gate_proj,mlp,model.layers.25.mlp.gate_proj.weight,0.06272235389774251,0.0257174801081419,1.4456787197123049,531.2499222031437,5.948231628541911,0.6507110616249416,0.4243462095569892,381,666,1206,0.0010021860944107175,0.0006884736940264702,0.00040973868453875184,0.809485862380825,1.0446457381476648,1.3327713923645206,0.16811719220912885,0.4085605122479434,0.4811719492855364,0.673082080681794,1536
adamw_fp32,AdamW + FP32,25,up_proj,mlp,model.layers.25.mlp.up_proj.weight,0.06671496792671426,0.03179210051894188,1.3732887304358883,423.71822970359426,4.403602578428156,0.5854511032102578,0.45846669592303546,260,512,1102,0.001182777457870543,0.0007495507597923279,0.00039457756793126464,0.6828590164659545,0.9173224842525087,1.2358661105390638,0.2270867959108483,0.495082163649475,0.563432522499705,0.7398978539472617,1536
adamw_fp32,AdamW + FP32,25,k_proj,attn,model.layers.25.self_attn.k_proj.weight,0.010568818838377165,0.005408610682934523,0.09891704743859009,87.59703010061108,3.818400375515232,0.6168403385650267,0.4965959794101782,52,92,178,0.0004650269402191043,0.00030736002372577786,0.000162114534759894,0.05592581408564001,0.07082212477689609,0.08997735414595809,0.2618897710183328,0.5243067788415914,0.677439016754106,0.8964620976914168,256
adamw_fp32,AdamW + FP32,25,o_proj,attn,model.layers.25.self_attn.o_proj.weight,0.03298308214654627,0.023572120815515518,0.4157407002035818,158.87757905820683,1.957875879990832,0.37222660950681863,0.6599281120287224,62,141,456,0.0010859068715944886,0.000623157131485641,0.0002147789200535044,0.15133461740333587,0.2154634824837558,0.3271016669314122,0.5107576073743156,0.7218791820485995,0.7740772429324521,0.8865156986236198,1536
adamw_fp32,AdamW + FP32,25,q_proj,attn,model.layers.25.self_attn.q_proj.weight,0.02421461463334876,0.0091142188757658,0.43141798887744187,317.4251813079774,7.05856170979019,0.5973302469117937,0.6283621333830582,166,304,668,0.0005796154146082699,0.00036725361132994294,0.000163255725055933,0.21926176419947296,0.28239683428546414,0.3721537694655126,0.14167192143592156,0.41675235429561064,0.5208912119802992,0.7609033113589283,1536
adamw_fp32,AdamW + FP32,25,v_proj,attn,model.layers.25.self_attn.v_proj.weight,0.013765250868527432,0.009255332872271538,0.1110937128905789,65.13444274580978,2.211995175950157,0.48516516973914,0.4904723379230751,32,72,174,0.0006400831625796854,0.00037942855851724744,0.00019271668861620128,0.05250741954660043,0.0716204168566037,0.09884521542699076,0.45208055192545904,0.6857380988387208,0.7977828784333966,0.9294113411699885,256
adamw_fp32,AdamW + FP32,26,down_proj,mlp,model.layers.26.mlp.down_proj.weight,0.07128405174925548,0.03772369772195816,1.3676440805284074,368.0962783929171,3.570723659558706,0.5493263342557045,0.4787810888415176,202,424,1028,0.0013888340909034014,0.0008328974363394082,0.0003979894972871989,0.6317200022749603,0.8665626039728522,1.209009787911782,0.280055276000716,0.5288420072761372,0.6102686603279392,0.7776478278675646,1536
adamw_fp32,AdamW + FP32,26,gate_proj,mlp,model.layers.26.mlp.gate_proj.weight,0.06429530849461743,0.028709594160318375,1.4366153978917282,499.2550483414164,5.0153871419803,0.6243963574650454,0.42837297655102113,354,632,1183,0.001052812091074884,0.0007099981303326786,0.0004088639689143747,0.7807591722812504,1.0189374837791547,1.3169859024346806,0.19938640262278043,0.4558447172337327,0.5188969011815291,0.6940871635114516,1536
adamw_fp32,AdamW + FP32,26,up_proj,mlp,model.layers.26.mlp.up_proj.weight,0.06796774901769838,0.03479643538594246,1.3816682559627225,413.2394600327929,3.8153664945519967,0.5695694800234572,0.4547464955920191,258,509,1099,0.0012087075738236308,0.0007644284050911665,0.00040117092430591583,0.6784215926891193,0.916722672409378,1.2412517332704738,0.2620980190049661,0.5216160150873254,0.5843513999081532,0.749243458288849,1536
adamw_fp32,AdamW + FP32,26,k_proj,attn,model.layers.26.self_attn.k_proj.weight,0.014047526534391027,0.008252614177763462,0.12235608234914253,75.86673671532569,2.8974545942451626,0.555952161785713,0.49829291571269363,41,82,175,0.0006348886527121067,0.00039130510413087904,0.00020969606703147292,0.06374030624283478,0.08362146242870949,0.1100791350909276,0.3451305162766554,0.6126589555784394,0.7391816463244992,0.9167027326900853,256
adamw_fp32,AdamW + FP32,26,o_proj,attn,model.layers.26.self_attn.o_proj.weight,0.03393668789540699,0.02477232553064823,0.42547033482184293,157.18086024085164,1.8767453651586496,0.3632763973810201,0.656523634404018,61,141,458,0.0011209227377548814,0.000640044454485178,0.00022003543563187122,0.15200942649971694,0.21914051962085068,0.3341383090155432,0.5328373356155675,0.7355956813869812,0.7792251017445184,0.8865543910755171,1536
adamw_fp32,AdamW + FP32,26,q_proj,attn,model.layers.26.self_attn.q_proj.weight,0.031484173410771046,0.018605245277285576,0.4653424893315119,218.45441483575914,2.863609482987461,0.464639920220367,0.6342057132233774,96,213,583,0.0008568468037992716,0.0004990939050912857,0.0002055110380752012,0.19250326766632497,0.26766229106578976,0.3849749793007504,0.34920962719984777,0.6252017101048509,0.6959237389608176,0.8497493016295761,1536
adamw_fp32,AdamW + FP32,26,v_proj,attn,model.layers.26.self_attn.v_proj.weight,0.01393348649994468,0.0081456508487463,0.1245969999145018,79.96419479459226,2.9259575481186757,0.5597018384927586,0.4603607027105072,47,94,193,0.0005654259584844112,0.00036807762808166444,0.00021019956329837441,0.0653652180917561,0.08628576382761821,0.11364285764284432,0.3417684582071183,0.6224770548609447,0.749116762745523,0.9061690297791388,256
adamw_fp32,AdamW + FP32,27,down_proj,mlp,model.layers.27.mlp.down_proj.weight,0.06329766010254291,0.035571321845054626,1.0047731418671901,251.97689694770088,3.166469460584508,0.46281915925934514,0.5243093821147302,98,241,818,0.0016343285096809268,0.0008710632100701332,0.0003232566232327372,0.3810938698006794,0.5471765012480319,0.8388577509613242,0.3158091408894899,0.6413118091086523,0.7139639551481287,0.8527216892697944,1536
adamw_fp32,AdamW + FP32,27,gate_proj,mlp,model.layers.27.mlp.gate_proj.weight,0.058954457675874636,0.03279295191168785,1.3040148358340957,489.25105132239406,3.2320068528021597,0.595143948874809,0.42596586822083293,353,627,1176,0.0009670800645835698,0.0006532942643389106,0.0003749373718164861,0.7045696001150645,0.9210864864289761,1.1936597873573191,0.30940528456274685,0.47301755804337653,0.5303879357510788,0.6922618290617679,1536
adamw_fp32,AdamW + FP32,27,up_proj,mlp,model.layers.27.mlp.up_proj.weight,0.05908067907375053,0.0315018892288208,1.173530010284594,394.54581704935833,3.517367583967698,0.5541266870456178,0.4682392821263266,233,465,1064,0.0011144009185954928,0.0006774776265956461,0.0003399656561668962,0.5648031410528347,0.7633304066257551,1.0469579343334772,0.28430352419179616,0.5228182224685312,0.5866277119588543,0.7516013930673906,1536
adamw_fp32,AdamW + FP32,27,k_proj,attn,model.layers.27.self_attn.k_proj.weight,0.014475547553399939,0.007952789776027203,0.11622781166806817,64.46887938579383,3.313072928378215,0.505882906930125,0.5101985157546971,33,70,164,0.0006636232719756663,0.00041581614641472697,0.00020608113845810294,0.05613795464159921,0.07544274104293436,0.10282533141435124,0.30183458729038926,0.7244406691045692,0.8031754680529166,0.9295857555545254,256
adamw_fp32,AdamW + FP32,27,o_proj,attn,model.layers.27.self_attn.o_proj.weight,0.03461268096422386,0.02727537229657173,0.3631860141110721,110.10011008761298,1.6103827293254116,0.28961917581810825,0.6831367570018854,34,87,331,0.0014069145545363426,0.0007921138894744217,0.00023801879433449358,0.11082481336779892,0.16563789785141125,0.26720513189502526,0.6209703952916208,0.8037781124296562,0.8371255327255523,0.9226408509930416,1536
adamw_fp32,AdamW + FP32,27,q_proj,attn,model.layers.27.self_attn.q_proj.weight,0.032088853840965895,0.023241207003593445,0.43985176590772035,187.890260947464,1.9062991425194382,0.38555926655656514,0.6326022356748857,83,191,544,0.0009102777112275362,0.0005302728968672454,0.00021026282047387213,0.1667056194273755,0.2401561610167846,0.35667905282753054,0.524576640515277,0.6968280234565247,0.7467611180455058,0.8646690906335676,1536
adamw_fp32,AdamW + FP32,27,v_proj,attn,model.layers.27.self_attn.v_proj.weight,0.02074915998509979,0.015362332575023174,0.1278644368649111,37.97506290529197,1.8242599051085622,0.3356229284808773,0.51484084778822,8,32,140,0.001543418737128377,0.0006414616946130991,0.0002564431633800268,0.04310679354239255,0.06431334529770538,0.10594362969277427,0.5481675046410066,0.8781592762987288,0.9130334311203332,0.9634098659301462,256
adamw_fp32,AdamW + FP32,3,down_proj,mlp,model.layers.3.mlp.down_proj.weight,0.0510541836504215,0.020972421392798424,1.1685708643635735,523.898838249826,5.926052872840123,0.6555058647697357,0.4212696337608286,380,670,1214,0.0008013218175619841,0.0005583688034676015,0.0003332478227093816,0.649072352447547,0.8421002145623788,1.0774932694621384,0.16874638506570386,0.3521013591651105,0.46354153460293335,0.7019324729945069,1536
adamw_fp32,AdamW + FP32,3,gate_proj,mlp,model.layers.3.mlp.gate_proj.weight,0.05039479950411924,0.018526218831539154,1.1793722814400098,547.6844234457992,7.399423152720048,0.6773436844922643,0.4205804364183545,397,693,1227,0.0007822510087862611,0.0005484821158461273,0.0003359532274771482,0.6683809707756154,0.8611699002212845,1.0915640682796948,0.1351456700556985,0.31280862353118793,0.42421207210663353,0.6860809701087923,1536
adamw_fp32,AdamW + FP32,3,up_proj,mlp,model.layers.3.mlp.up_proj.weight,0.05068995514098309,0.021886838600039482,1.0821690889242745,455.77073465663915,5.363863818460783,0.6212036946592037,0.4469509703600145,293,567,1147,0.0008462171535938978,0.0005560322315432131,0.0003104071074631065,0.5566430512117222,0.7425352171994746,0.9832355622493196,0.18643277194292387,0.39168547278408544,0.5081612557559638,0.7404670240857828,1536
adamw_fp32,AdamW + FP32,3,k_proj,attn,model.layers.3.self_attn.k_proj.weight,0.00826917256294169,0.003142392262816429,0.0814217119532259,96.95190547953015,6.924737521975599,0.6645170609197697,0.48886670725822023,58,99,185,0.00035707748611457646,0.00023388248519040644,0.0001320296578342095,0.04797047490137629,0.05963227212487254,0.07476740484707989,0.14440980568960313,0.47189962931029034,0.6235871145642037,0.8845988978859166,256
adamw_fp32,AdamW + FP32,3,o_proj,attn,model.layers.3.self_attn.o_proj.weight,0.021985057146246996,0.011764667928218842,0.34052504746323287,239.90700366354162,3.492173812231359,0.493983227136922,0.6224441918051817,108,241,629,0.0005553389783017337,0.00033075184910558164,0.00014314228610601276,0.14521496620727703,0.2012113962264266,0.2854407210252248,0.28635458993979457,0.5619944939549659,0.6693790691738335,0.8404459454765834,1536
adamw_fp32,AdamW + FP32,3,q_proj,attn,model.layers.3.self_attn.q_proj.weight,0.020149115741312094,0.00703157763928175,0.34711927206243587,296.7874071261439,8.211196218226917,0.5945428464741715,0.6339931813972381,140,279,660,0.00048789536231197417,0.0003001661680173129,0.00013430007675196975,0.16897015491849743,0.22133211643085815,0.2979256661637919,0.12178493527900797,0.3510751701728517,0.5106835031525284,0.7982515005843658,1536
adamw_fp32,AdamW + FP32,3,v_proj,attn,model.layers.3.self_attn.v_proj.weight,0.008718566171335608,0.0041906270198524,0.08804051107290434,101.97059977976751,4.3284471423286375,0.6482898595909758,0.4317095799269839,70,119,208,0.0003325091383885592,0.00023380191123578697,0.00014440873928833753,0.052371089259395376,0.065764255283284,0.08211298676906154,0.23102973586550846,0.5090787667583208,0.6391461669050894,0.866788251178339,256
adamw_fp32,AdamW + FP32,4,down_proj,mlp,model.layers.4.mlp.down_proj.weight,0.05210048272604424,0.020449168980121613,1.1896979554730933,521.4227023719213,6.491307266178013,0.6576991009061983,0.42683127845234625,370,656,1205,0.0008286013617180288,0.000572000804822892,0.0003360830887686461,0.6584918464068323,0.854145348595921,1.0956350528576877,0.15405217454585005,0.34913004748762305,0.46421616682017647,0.6982580544466346,1536
adamw_fp32,AdamW + FP32,4,gate_proj,mlp,model.layers.4.mlp.gate_proj.weight,0.05120185008045245,0.020673204213380814,1.2041697028762428,553.1005430253645,6.13416873235206,0.6724318305888534,0.41890623039583197,406,696,1226,0.0008021025569178164,0.0005617753486149013,0.00034175245673395693,0.688009382924065,0.8816571935312822,1.1149445014307275,0.16302127372628764,0.33527033094239883,0.43621144305898824,0.674430386577635,1536
adamw_fp32,AdamW + FP32,4,up_proj,mlp,model.layers.4.mlp.up_proj.weight,0.05178909106428796,0.023127799853682518,1.1019846302406222,452.766719652275,5.014272560232859,0.6168091473471864,0.45086171074513315,289,556,1135,0.00088022236013785,0.0005745003581978381,0.00031455105636268854,0.5660744730848819,0.7539580709417351,0.9994620915385894,0.19943072259988212,0.40362525349926043,0.5164326161429014,0.7361954269553828,1536
adamw_fp32,AdamW + FP32,4,k_proj,attn,model.layers.4.self_attn.k_proj.weight,0.00785348065501776,0.0033816760405898094,0.07627439834141114,94.32639235310953,5.3933717447587615,0.653011418487903,0.49485325640836075,57,98,181,0.0003352560743223876,0.0002277461317135021,0.00012759324454236776,0.04472564594470896,0.05585930169036146,0.06988345026911702,0.1854127709575726,0.4902629925635601,0.6362063580138192,0.8871146923326954,256
adamw_fp32,AdamW + FP32,4,o_proj,attn,model.layers.4.self_attn.o_proj.weight,0.021870506844079644,0.012548291124403477,0.3367299471274734,237.05318164144683,3.0377254788272294,0.47932986523230414,0.6229790882287989,112,241,621,0.0005626499187201262,0.00033479687408544123,0.00014299637405201793,0.14431108435383067,0.199115676805377,0.2817623264709255,0.32919367038593256,0.5997241552433881,0.6794059595210593,0.8351307183027408,1536
adamw_fp32,AdamW + FP32,4,q_proj,attn,model.layers.4.self_attn.q_proj.weight,0.01971186862666997,0.008398584090173244,0.3220526678229785,266.93050624601494,5.508627962233342,0.5551537949716427,0.6415413964920971,121,245,621,0.000518219661898911,0.0003051231906283647,0.0001295234396820888,0.15029745863284916,0.1987900486565195,0.27286312806245405,0.18153340665877424,0.45539339315900523,0.5761843641248062,0.8131907757819818,1536
adamw_fp32,AdamW + FP32,4,v_proj,attn,model.layers.4.self_attn.v_proj.weight,0.00864212983096121,0.004212154541164637,0.08913928922993364,106.38900832935698,4.209523897143521,0.6626938959809926,0.425892032362988,74,124,210,0.0003268231521360576,0.0002305842936038971,0.00014602702867705375,0.05396803794428706,0.06755106011405587,0.08335576154058799,0.23755655614131926,0.4930171317089526,0.6175709874277597,0.8570404478600545,256
adamw_fp32,AdamW + FP32,5,down_proj,mlp,model.layers.5.mlp.down_proj.weight,0.0539933685447547,0.021216509863734245,1.2064041023259051,499.2347004911643,6.476389486579805,0.6474375094315993,0.43481929091307503,341,623,1187,0.0008734434377402067,0.0005903264973312616,0.0003401587309781462,0.6519506243639626,0.8529607749660499,1.1063173247675877,0.15440701984835414,0.36465611294816797,0.48050719226452904,0.7093536189423091,1536
adamw_fp32,AdamW + FP32,5,gate_proj,mlp,model.layers.5.mlp.gate_proj.weight,0.05272399394649614,0.019947852939367294,1.2378919238981325,551.2503220034722,6.985930928160881,0.6759210264442294,0.4201971683577288,401,693,1226,0.0008232149994000793,0.0005765011301264167,0.00035141303669661283,0.7046822546399198,0.9048253046930768,1.145934611413395,0.14314484501541735,0.3173827244054882,0.43611306871777583,0.6776051653438696,1536
adamw_fp32,AdamW + FP32,5,up_proj,mlp,model.layers.5.mlp.up_proj.weight,0.053531346314702744,0.023222798481583595,1.1237696997777675,440.6951834867582,5.313580016749996,0.6152420164871689,0.4589007409447228,270,530,1118,0.0009317506337538362,0.0005963346338830888,0.0003196461475454271,0.5688371434807777,0.7602792279212736,1.0157102128723636,0.18819703417426678,0.4019942388492479,0.5193999708348569,0.7423631227983924,1536
adamw_fp32,AdamW + FP32,5,k_proj,attn,model.layers.5.self_attn.k_proj.weight,0.008061380039214758,0.0026807489339262247,0.08501164045446785,111.20850492807385,9.042874579675887,0.709654031205682,0.4646035261827761,74,115,192,0.00033010076731443405,0.0002381870726821944,0.00013719958951696754,0.05353604620904662,0.06494846940040588,0.07887246935570147,0.1105843049341332,0.4174438582895066,0.5626542117391267,0.8491267849251594,256
adamw_fp32,AdamW + FP32,5,o_proj,attn,model.layers.5.self_attn.o_proj.weight,0.022659636092158653,0.011373212561011314,0.3705177111145552,267.3696350036767,3.9695342164609775,0.5320109108113401,0.62292226384928,130,266,648,0.0005589124630205333,0.0003404845774639398,0.0001493993477197364,0.16953114373609424,0.2279961525928229,0.3141558312927373,0.25191872533890036,0.5016721661703377,0.616395228924712,0.8161337710622988,1536
adamw_fp32,AdamW + FP32,5,q_proj,attn,model.layers.5.self_attn.q_proj.weight,0.020112872306432335,0.007179619744420052,0.3630394974760165,325.80636319171623,7.847752649712303,0.6112720639872319,0.6248730024128304,170,314,687,0.00046892795944586396,0.00030028491164557636,0.00013541783846449107,0.18531740579055622,0.23889429174596444,0.3145536383817671,0.12742501511393325,0.3465294415198827,0.48839100342009756,0.76604571778739,1536
adamw_fp32,AdamW + FP32,5,v_proj,attn,model.layers.5.self_attn.v_proj.weight,0.00903470284868044,0.004400893114507198,0.09347433213406475,107.04268528081266,4.214500450676866,0.6625030198516493,0.420635540488959,76,126,211,0.00033692046417854726,0.00024067329650279135,0.000155119298142381,0.0568047437700443,0.07098084958852269,0.08747193899762351,0.2372760453351941,0.4973139896393225,0.6227434482437415,0.854335777025778,256
adamw_fp32,AdamW + FP32,6,down_proj,mlp,model.layers.6.mlp.down_proj.weight,0.05336011361060127,0.018436219543218613,1.2182339987630257,521.2282432006247,8.377023790185861,0.6662688380536882,0.4351127172896363,357,639,1195,0.0008608374046161771,0.0005847604479640722,0.00034058766323141754,0.6729060030775145,0.8717284534359351,1.1203343364759348,0.11937413872114754,0.3292246621761804,0.458422059472771,0.6919562451238821,1536
adamw_fp32,AdamW + FP32,6,gate_proj,mlp,model.layers.6.mlp.gate_proj.weight,0.05171471097462331,0.017543330788612366,1.249791702524817,584.0460221971737,8.689686309176787,0.6972378440522508,0.41767623924634734,427,719,1240,0.0008056905353441834,0.0005685129435732961,0.00035098360967822373,0.7312596198753454,0.92780931876041,1.1615255006181542,0.11507895272858641,0.2980705231156552,0.40744658839588666,0.6492471351478988,1536
adamw_fp32,AdamW + FP32,6,up_proj,mlp,model.layers.6.mlp.up_proj.weight,0.05232464743255198,0.019666478037834167,1.1309509011553018,467.1699294066533,7.078796679708481,0.6422314397556733,0.4632880195863094,287,543,1123,0.0009136136504821479,0.0005870152963325381,0.0003140843764413148,0.592206941335462,0.7780058615026064,1.0257395250082482,0.1412669476531966,0.35554733480427453,0.4815155796568911,0.7180299788993861,1536
adamw_fp32,AdamW + FP32,6,k_proj,attn,model.layers.6.self_attn.k_proj.weight,0.008896212316114085,0.003606221405789256,0.08910011670377571,100.31047048345307,6.0856294442772905,0.6634035668819679,0.47081945145608795,64,107,190,0.00036979716969653964,0.0002521199348848313,0.00014527705207001418,0.053229704790282995,0.06624355909298174,0.08215125140850432,0.16432153964621762,0.5004313376985422,0.6169932453535109,0.8719133113274751,256
adamw_fp32,AdamW + FP32,6,o_proj,attn,model.layers.6.self_attn.o_proj.weight,0.02261418915128674,0.011245273053646088,0.37687956615884843,277.74301254781597,4.044101343098508,0.5356127576707131,0.6151281759721656,142,285,668,0.0005359298666007817,0.0003349924518261105,0.00014967327297199517,0.1751611598301679,0.23503790199174546,0.3211328668403439,0.24727372416286195,0.5169772373861307,0.6242941390673115,0.8064899525444164,1536
adamw_fp32,AdamW + FP32,6,q_proj,attn,model.layers.6.self_attn.q_proj.weight,0.021415822933537866,0.007934115827083588,0.3698533013135519,298.2561889670469,7.285719758539889,0.5869894935750317,0.6312929084475611,146,280,660,0.0005236757569946349,0.00032438800553791225,0.00014146340254228562,0.18130768975242972,0.23596820514649153,0.31720474948815536,0.13725479885880312,0.40915449332374604,0.5324331756196092,0.7881398294875802,1536
adamw_fp32,AdamW + FP32,6,v_proj,attn,model.layers.6.self_attn.v_proj.weight,0.00923687164639975,0.00478364946320653,0.09264434697979596,100.59769534638131,3.7284740250969906,0.6380618489920513,0.4271313530165959,70,120,208,0.00034649009467102587,0.0002455444191582501,0.00015290893497876823,0.05468114884570241,0.06911434131325223,0.0862718430289533,0.26820624021217004,0.5199962868079265,0.6546188358407765,0.8665122184253442,256
adamw_fp32,AdamW + FP32,7,down_proj,mlp,model.layers.7.mlp.down_proj.weight,0.05359395439995139,0.016701921820640564,1.2524381982948398,546.1111010306106,10.29671546591058,0.6830301895397943,0.4304026194818873,381,667,1211,0.0008560094283893704,0.000588323746342212,0.0003488302754703909,0.7077329040621407,0.9092107301112264,1.1563748072367162,0.09711834840058542,0.2967045272170942,0.43244270594787093,0.6763187839078227,1536
adamw_fp32,AdamW + FP32,7,gate_proj,mlp,model.layers.7.mlp.gate_proj.weight,0.05188563651265718,0.016373014077544212,1.2545946057580295,584.6723206657634,10.042388702715064,0.7031323207364747,0.42351823312849834,418,708,1233,0.0008156475378200412,0.0005704188952222466,0.0003487497742753476,0.7332201499375515,0.9297378280898556,1.1649523695814423,0.09957790219070485,0.2793792794645018,0.3947052347967631,0.6450988481923938,1536
adamw_fp32,AdamW + FP32,7,up_proj,mlp,model.layers.7.mlp.up_proj.weight,0.05266946327773219,0.018436716869473457,1.157479246641742,482.95719490807494,8.161135956760885,0.654062924864275,0.4587376855946923,301,564,1141,0.0009044259204529226,0.0005862116813659668,0.0003207849804311991,0.615224607870914,0.8045558529556729,1.0539199286722578,0.1225319618859646,0.3314215889212905,0.46451791060598924,0.7098598040079281,1536
adamw_fp32,AdamW + FP32,7,k_proj,attn,model.layers.7.self_attn.k_proj.weight,0.008583320241447019,0.0032437536865472794,0.09089913996831456,112.15248890275005,7.001883732288694,0.7087993577337126,0.46041877777651496,75,118,193,0.0003501825558487326,0.0002460219257045537,0.00015138629532884806,0.057274577469797805,0.069824456499191,0.08448309406230692,0.14281870968359134,0.4130921108937312,0.5590426041121235,0.845640688560972,256
adamw_fp32,AdamW + FP32,7,o_proj,attn,model.layers.7.self_attn.o_proj.weight,0.022534104667797563,0.010236470960080624,0.38922716531176604,298.34974586453666,4.845963034949873,0.5614345602397107,0.616813038540593,156,299,680,0.0005324551020748913,0.00033475857344456017,0.0001501523656770587,0.18882368615595624,0.24841202879906632,0.3341538879467407,0.20635733140922402,0.4664021078517321,0.5738463786038722,0.7855578881739376,1536
adamw_fp32,AdamW + FP32,7,q_proj,attn,model.layers.7.self_attn.q_proj.weight,0.02137134878448176,0.006494455970823765,0.3868872210268659,327.72147884341473,10.828749580585386,0.6222608782160934,0.6332266504197714,166,304,676,0.0005132306832820177,0.00032288680085912347,0.0001437418395653367,0.19955743197351694,0.25515790257486515,0.33527517787297256,0.09234676566839045,0.3236119824290011,0.46621766923982055,0.7578046485862144,1536
adamw_fp32,AdamW + FP32,7,v_proj,attn,model.layers.7.self_attn.v_proj.weight,0.009087280474726756,0.004174844827502966,0.09697140946082072,113.87268237378062,4.737914170142421,0.6878645222121379,0.41694447748502395,83,131,211,0.000340898783179,0.00024991785176098347,0.00015901552978903055,0.060997031803708524,0.07495132370968349,0.09096759407839272,0.21106334224073545,0.46467425281978886,0.5862429853108645,0.8384431486954126,256
adamw_fp32,AdamW + FP32,8,down_proj,mlp,model.layers.8.mlp.down_proj.weight,0.05454447620271498,0.01685589738190174,1.2857382946822327,555.6529282179175,10.471232286306215,0.6857383781123804,0.4251731436662993,396,685,1222,0.0008600897272117436,0.0005986574105918407,0.00035855919122695923,0.7336995454388671,0.9397448873496614,1.189795257494552,0.09549974374150337,0.3010365742168868,0.43367297031376145,0.6709041992599281,1536
adamw_fp32,AdamW + FP32,8,gate_proj,mlp,model.layers.8.mlp.gate_proj.weight,0.05263176657162117,0.016490649431943893,1.2757769251911668,587.5618522290337,10.186391786813529,0.7026486389322696,0.4203678795608392,426,716,1237,0.0008223328622989357,0.0005788318812847137,0.0003563671198207885,0.7485614900942892,0.9476509210653603,1.1855270444939379,0.09817018831874486,0.2883240218326319,0.4005478356333178,0.6457105862323275,1536
adamw_fp32,AdamW + FP32,8,up_proj,mlp,model.layers.8.mlp.up_proj.weight,0.0535332003062434,0.01852439157664776,1.1961135333767743,499.22737802502724,8.351385065797045,0.6609963442642027,0.45259416117514784,322,589,1156,0.0009023731690831482,0.0005966962198726833,0.0003312047047074884,0.6476201480254531,0.8415703405626118,1.0928507538337726,0.1197406169301764,0.33200797693746154,0.4589557745004774,0.6989269562345964,1536
adamw_fp32,AdamW + FP32,8,k_proj,attn,model.layers.8.self_attn.k_proj.weight,0.00864636288322501,0.0034594458993524313,0.09027733111361158,109.0160659276227,6.246745762097153,0.7056349012660428,0.4775999678514993,69,110,188,0.0003670942969620228,0.0002520254347473383,0.00014669533993583173,0.05621964856982231,0.06854660654789768,0.08357595113920979,0.16008335188981354,0.39927452907425903,0.5465616801366038,0.8577999796137714,256
adamw_fp32,AdamW + FP32,8,o_proj,attn,model.layers.8.self_attn.o_proj.weight,0.02282106144013244,0.00931559782475233,0.40478064728179675,314.60657928438263,6.0013674552081175,0.5820634772703147,0.6101050270644219,165,313,706,0.0005271013360470533,0.0003307771112304181,0.00015075434930622578,0.19986066001001745,0.2611822737380862,0.3492629778920673,0.1666286904549026,0.4336273719905504,0.5532195113744975,0.7767788821409027,1536
adamw_fp32,AdamW + FP32,8,q_proj,attn,model.layers.8.self_attn.q_proj.weight,0.02093450527841274,0.006815814413130283,0.3785735867749569,327.0206784978439,9.433870083577013,0.621869226670325,0.6323418668167435,162,299,679,0.0005089311744086444,0.0003147393581457436,0.00013898666657041758,0.19432295230217278,0.24841538627515547,0.3277710478869267,0.10600103575104916,0.3255522244138466,0.46255271715143936,0.758226135709591,1536
adamw_fp32,AdamW + FP32,8,v_proj,attn,model.layers.8.self_attn.v_proj.weight,0.009084918007729847,0.0032878725323826075,0.10338335953565547,129.49686583696402,7.63505342285022,0.7473612099400243,0.40271906628581045,94,143,218,0.0003387877659406513,0.0002508544421289116,0.0001676923711784184,0.06812596422969364,0.08232979575404897,0.09784406024846248,0.13097485303864356,0.35683655214124066,0.5038250790972404,0.8112661398436846,256
adamw_fp32,AdamW + FP32,9,down_proj,mlp,model.layers.9.mlp.down_proj.weight,0.05503917877048619,0.01706630364060402,1.289631855150219,549.0193024627791,10.400757100818529,0.6823207410419622,0.4259939716108665,390,679,1218,0.0008687033550813794,0.0006041759625077248,0.00036099422140978277,0.7312184642069042,0.9393976244027726,1.1921319188550115,0.09614684684072672,0.30403286528884715,0.43499821570214475,0.6772861882471477,1536
adamw_fp32,AdamW + FP32,9,gate_proj,mlp,model.layers.9.mlp.gate_proj.weight,0.05320643901402885,0.016967229545116425,1.281860630326264,580.4345177046685,9.833463643520341,0.6978689933836487,0.4183652766241772,424,718,1238,0.0008256671717390418,0.0005842433893121779,0.00036089360946789384,0.7476082642097026,0.9506812075851485,1.1907559538376518,0.10169356762293413,0.2931679206749874,0.40489709658146555,0.6559842697327206,1536
adamw_fp32,AdamW + FP32,9,up_proj,mlp,model.layers.9.mlp.up_proj.weight,0.053770333477841936,0.018090873956680298,1.199080424652493,497.2916490353868,8.834182447221393,0.660548186992509,0.4505068111068442,321,594,1161,0.0008956642122939229,0.0005930649349465966,0.0003344422148074955,0.646376820281148,0.8436952394549735,1.096149675839115,0.11319666601571367,0.327427273216882,0.4560195392766039,0.7044618307723198,1536
adamw_fp32,AdamW + FP32,9,k_proj,attn,model.layers.9.self_attn.k_proj.weight,0.00893510319611391,0.0033802592661231756,0.09546983688051114,114.16506165524466,6.987134793131531,0.7146277479665725,0.4610965356392871,79,119,189,0.0003644924145191908,0.000264998379861936,0.00016231334302574396,0.06142638513119891,0.07384049062966369,0.08861414920829702,0.1431201815346423,0.41328491184024635,0.5501579507001821,0.8356436280574259,256
adamw_fp32,AdamW + FP32,9,o_proj,attn,model.layers.9.self_attn.o_proj.weight,0.02342893526195361,0.012028575874865055,0.40809162383265873,303.39628387679375,3.793819641535495,0.563072675212337,0.6286022456408558,168,302,662,0.0005655907443724573,0.00036056648241356015,0.00015942130994517356,0.20543742342852056,0.2653822657011915,0.35187344990845304,0.2635865946424549,0.45983389227052873,0.5610796376879635,0.7647450979342747,1536
adamw_fp32,AdamW + FP32,9,q_proj,attn,model.layers.9.self_attn.q_proj.weight,0.021159486580973656,0.006567473988980055,0.4030864369043954,362.8992904846979,10.380386603333795,0.642775044771633,0.6216380308286664,200,347,711,0.0004849602992180735,0.00031425998895429075,0.00014606256445404142,0.21749331543105654,0.2744335540337488,0.3532378816016717,0.09633552566133106,0.3145462613793313,0.43529497847846443,0.7222736956528545,1536
adamw_fp32,AdamW + FP32,9,v_proj,attn,model.layers.9.self_attn.v_proj.weight,0.008924141508343942,0.002898300066590309,0.10797638786607422,146.39447733686828,9.480826581674132,0.7872170476045848,0.36670400257023195,114,159,225,0.00033234560396522284,0.0002601928426884115,0.00018092922982759774,0.0753925732569769,0.08862788300029933,0.10303305379056837,0.10547603538418684,0.32361119755007606,0.4523619868681539,0.7573364594513582,256
adamw_bf16,AdamW + BF16,-1,embed,embed,model.embed_tokens.weight,0.0032166157025630983,0.00029415840981528163,0.1113479072573682,1198.3005610730224,119.57374108865952,0.9293128090583435,0.2631768106140786,972,1186,1440,5.326106838765554e-05,4.5029148168396205e-05,3.5287757782498375e-05,0.0874884846380155,0.09798769151166198,0.10821433126693591,0.008363040169986293,0.037356001113509986,0.067315854534798,0.2213085903149939,1536
adamw_bf16,AdamW + BF16,0,down_proj,mlp,model.layers.0.mlp.down_proj.weight,0.012386840879969085,0.0006074185366742313,0.469277087788214,1435.2831409435544,415.8579755579692,0.9821289081111662,0.1513027830313345,1175,1328,1485,0.00023627554764971137,0.0002117407857440412,0.0001813497074181214,0.395221164522809,0.42950384275172837,0.4604883386491565,0.0024046671190044383,0.010326286508175532,0.018457427724270125,0.07623877057893319,1536
adamw_bf16,AdamW + BF16,0,gate_proj,mlp,model.layers.0.mlp.gate_proj.weight,0.011726125213712678,0.00061043631285429,0.44430256326450035,1435.6500250036956,369.00167178335386,0.9822054330000274,0.1508308212571403,1177,1330,1485,0.00022397376596927643,0.0002010940806940198,0.00017309834947809577,0.3744201793015236,0.4069252263143426,0.43604266046895646,0.0027100148223369413,0.009939179860437889,0.017897961684970362,0.07610802272418712,1536
adamw_bf16,AdamW + BF16,0,up_proj,mlp,model.layers.0.mlp.up_proj.weight,0.013108332394356475,0.0007992041064426303,0.49682714385562576,1436.533438269141,269.0168465517686,0.9821240309316668,0.14887078404108056,1182,1333,1487,0.000250478507950902,0.00022557302145287395,0.00019469938706606627,0.4192588388104923,0.45520200635655783,0.48769995554175694,0.003717239320949232,0.013320084217116127,0.022585238656907796,0.08040644741179352,1536
adamw_bf16,AdamW + BF16,0,k_proj,attn,model.layers.0.self_attn.k_proj.weight,0.0015376459236773618,0.00023100657563190907,0.022491288758828887,213.95182741154912,44.30614840762581,0.9389385953099887,0.24351776546098658,169,198,234,6.78044743835926e-05,5.858396252733655e-05,4.2399366066092625e-05,0.01812927096761996,0.019961292662628694,0.021806267002830282,0.022570230903390456,0.09116104619847379,0.15702827327363728,0.4875852277944341,256
adamw_bf16,AdamW + BF16,0,o_proj,attn,model.layers.0.self_attn.o_proj.weight,0.00660368104559936,0.0006247093551792204,0.2125701277761749,1036.1730426915499,111.74192749641755,0.9162947222815138,0.3918927579801581,725,883,1146,0.00013218050298746675,0.00010272919462295249,5.8779551181942225e-05,0.16172051058674697,0.1802341811489896,0.20134554208561894,0.00894919232561171,0.026414907133961607,0.044201982995798854,0.15768134461698255,1536
adamw_bf16,AdamW + BF16,0,q_proj,attn,model.layers.0.self_attn.q_proj.weight,0.004541005286137411,0.00041236705146729946,0.13455478619068867,877.9995352811649,121.26517561205907,0.886987484627922,0.47650481679492307,602,749,1004,9.468754433328286e-05,7.301277219085023e-05,4.0665858250577e-05,0.10013566723500844,0.11239415795716923,0.12670083442571922,0.008246390564749706,0.03334464600852824,0.05828951671728209,0.20772681053593975,1536
adamw_bf16,AdamW + BF16,0,v_proj,attn,model.layers.0.self_attn.v_proj.weight,0.0026689795710322962,0.000290510302875191,0.04079201049171388,233.59294503541972,84.40485360175728,0.9684479269369565,0.17659705452435093,188,216,246,0.0001220365593326278,0.00010514242603676394,8.760791388340294e-05,0.033903902942256536,0.03708727195044048,0.03998791191406781,0.011847659907311068,0.05416629581075435,0.10138239807274899,0.38879682087443945,256
adamw_bf16,AdamW + BF16,1,down_proj,mlp,model.layers.1.mlp.down_proj.weight,0.012406665279793507,0.0008238101727329195,0.46973368257749826,1433.4854009377398,226.80667407112634,0.9815918256153149,0.15146349323263553,1177,1330,1486,0.0002359545323997736,0.0002121414290741086,0.00018257994088344276,0.39581941079813987,0.430118079224485,0.46100690234743524,0.004409041330443394,0.013162081988064915,0.02154530158248434,0.0799698443248761,1536
adamw_bf16,AdamW + BF16,1,gate_proj,mlp,model.layers.1.mlp.gate_proj.weight,0.011635913824826444,0.0005622170865535736,0.4408736491095624,1435.579643645097,428.34422087542754,0.9822196240937416,0.15091020627836027,1177,1329,1484,0.00022224921849556267,0.00019960019562859088,0.00017174624372273684,0.3716148617386352,0.4036694793612696,0.4325579428841593,0.002334571009167002,0.010008346241527464,0.01810330556485742,0.0762634416380145,1536
adamw_bf16,AdamW + BF16,1,up_proj,mlp,model.layers.1.mlp.up_proj.weight,0.012609291527831579,0.0006977063603699207,0.4782150697574252,1438.3518752034743,326.61491071005577,0.9825547169214702,0.14787467113158037,1183,1334,1487,0.0002412173489574343,0.0002171759697375819,0.00018828078464139253,0.4037021667609224,0.4383369224960916,0.4694741084385896,0.003061709576657157,0.011946865005589676,0.02112327149867465,0.07896907325474524,1536
adamw_bf16,AdamW + BF16,1,k_proj,attn,model.layers.1.self_attn.k_proj.weight,0.0015879407305986488,0.00026296061696484685,0.022791255227275542,206.00032815955427,36.46591849256046,0.927515187999146,0.27130252936622057,157,189,230,6.999926699791104e-05,5.6232955103041604e-05,4.041494321427308e-05,0.018011727595876437,0.020015557915030513,0.02202182501059724,0.027422866099040214,0.10636324537228084,0.17294942694664633,0.5103569066485713,256
adamw_bf16,AdamW + BF16,1,o_proj,attn,model.layers.1.self_attn.o_proj.weight,0.005916920518667162,0.0004778055299539119,0.1902824045971876,1034.2029945475374,153.35188805371055,0.9163829637861755,0.3939248506398829,721,879,1144,0.0001184027933049947,9.215162572218105e-05,5.2432340453378856e-05,0.14460058610711712,0.1611882204815629,0.18022539257071912,0.006520950036492256,0.021278639186950308,0.038257946036744504,0.15322839983357514,1536
adamw_bf16,AdamW + BF16,1,q_proj,attn,model.layers.1.self_attn.q_proj.weight,0.004309499386391696,0.0002876321959774941,0.13638382466252708,1001.5487293401493,224.48051624779333,0.9103374680610795,0.41132192034646686,691,848,1116,8.658271690364927e-05,6.719770317431539e-05,3.760457184398547e-05,0.10289194878714625,0.11493756848358316,0.12885281634225976,0.004454729598430483,0.02028760975342825,0.038409319206218505,0.16075286497281993,1536
adamw_bf16,AdamW + BF16,1,v_proj,attn,model.layers.1.self_attn.v_proj.weight,0.0027046735079478672,0.0003570544358808547,0.04116416554461466,231.6375366723611,57.38003759997436,0.9650063236314699,0.18229740970667097,187,215,245,0.00012222622171975672,0.00010784719052026048,8.771438297117129e-05,0.034128219180274755,0.03733989119064063,0.04027038931963034,0.017427663728133334,0.06454197346858205,0.1135815204362253,0.40384973413629877,256
adamw_bf16,AdamW + BF16,10,down_proj,mlp,model.layers.10.mlp.down_proj.weight,0.0109541203805369,0.0006510819657705724,0.4099471372028347,1400.5567058271847,283.06337891176076,0.9752825498306047,0.17402733864706876,1141,1305,1478,0.0002023309061769396,0.0001798507000785321,0.00015118539158720523,0.341493992775213,0.3728577246074565,0.4016313650790835,0.0035327777257676616,0.014481659115922876,0.02588888248971277,0.09737187129267644,1536
adamw_bf16,AdamW + BF16,10,gate_proj,mlp,model.layers.10.mlp.gate_proj.weight,0.009980179795324066,0.0006001777946949005,0.375610991679423,1416.4454540948936,276.5138465892784,0.9785329934409535,0.16470781783017774,1155,1315,1482,0.00018646640819497406,0.00016620794485788792,0.00014101523265708238,0.3143829468608601,0.3425872579537099,0.36834536533569917,0.0036164554228828778,0.012255781495700547,0.021198021357619303,0.08470281519714107,1536
adamw_bf16,AdamW + BF16,10,up_proj,mlp,model.layers.10.mlp.up_proj.weight,0.010425163719818047,0.000656702381093055,0.3930297306214925,1421.2976547754783,252.0162738238822,0.9792517329201921,0.16007262866089933,1164,1321,1484,0.0001959040091605857,0.00017531480989418924,0.00014988143811933696,0.3297739832487423,0.35894577036378905,0.38557271496392787,0.0039679977202537135,0.014020925184231077,0.024465517696751257,0.08704990237033162,1536
adamw_bf16,AdamW + BF16,10,k_proj,attn,model.layers.10.self_attn.k_proj.weight,0.0015819554224556227,0.00021742985700257123,0.023677605400735047,224.02014509773272,52.93587820845339,0.9539982433969563,0.21100262078754595,179,208,241,7.01394455973059e-05,6.036330887582153e-05,4.7836358135100454e-05,0.01939222854707623,0.021288424817612395,0.023090341634087963,0.01889077944569377,0.07378037176045027,0.1299317821504048,0.44285432090750987,256
adamw_bf16,AdamW + BF16,10,o_proj,attn,model.layers.10.self_attn.o_proj.weight,0.004636166225343125,0.00042579291039146483,0.14426510313270313,968.2880754977788,118.55534688397069,0.9008787720817548,0.42341349933827366,667,829,1108,9.217421757057309e-05,7.075611938489601e-05,3.991895937360823e-05,0.10762987686030101,0.12077133563434472,0.13604783926348318,0.008434878951336487,0.029793324600223336,0.052558667805332394,0.19130371657235629,1536
adamw_bf16,AdamW + BF16,10,q_proj,attn,model.layers.10.self_attn.q_proj.weight,0.0042954129610097,0.0003151550772599876,0.13525382818457565,991.4921628052639,185.76386147924458,0.9073158628642113,0.4147956191143265,684,843,1115,8.600783621659502e-05,6.641574145760387e-05,3.7236848584143445e-05,0.10165601395419799,0.11371307349327253,0.12769619142636657,0.005383178364386714,0.02280122703529489,0.04224241217762457,0.17059079700067337,1536
adamw_bf16,AdamW + BF16,10,v_proj,attn,model.layers.10.self_attn.v_proj.weight,0.0018104610222513284,0.00024969078367576003,0.02713038584261085,224.56061137105212,52.57427998429793,0.9549734560602067,0.21005054361689246,178,207,242,8.056135266087949e-05,6.930626841494814e-05,5.3197592933429405e-05,0.02216859269537963,0.024343208700884134,0.026482039535039803,0.0190207074694825,0.07126660802009324,0.12651190411034943,0.43672869379886703,256
adamw_bf16,AdamW + BF16,11,down_proj,mlp,model.layers.11.mlp.down_proj.weight,0.010883121399450586,0.0006563244969584048,0.40653984800883336,1395.4018472298676,274.9601263096392,0.9743217848414856,0.17742522418446005,1134,1300,1476,0.00020100729307159781,0.00017741900228429586,0.00014817911142017692,0.3379646352113923,0.36936474074900616,0.39817176677752286,0.0036368909682339763,0.01481028431548979,0.026510618569766702,0.10027891781221156,1536
adamw_bf16,AdamW + BF16,11,gate_proj,mlp,model.layers.11.mlp.gate_proj.weight,0.009899898243366652,0.0005767848924733698,0.37257739890628727,1416.3531456279795,294.60065515999986,0.9785708258324608,0.16502274130594086,1153,1313,1481,0.00018507610366214067,0.00016458536265417933,0.00013949137064628303,0.3116393489181064,0.33963985851733014,0.365292262082221,0.0033944255808151286,0.011567208281961379,0.020570409345932492,0.08418523154787125,1536
adamw_bf16,AdamW + BF16,11,up_proj,mlp,model.layers.11.mlp.up_proj.weight,0.01037982417979429,0.000642027473077178,0.3914428357820725,1422.186996843953,261.3802503497371,0.9794420610509076,0.15951182604077707,1164,1321,1484,0.0001953744940692559,0.0001747628120938316,0.0001491206348873675,0.32845437385549303,0.3575300261436496,0.38403501483844593,0.0038258437608119232,0.014241854990844429,0.02437816445396397,0.08661387538537466,1536
adamw_bf16,AdamW + BF16,11,k_proj,attn,model.layers.11.self_attn.k_proj.weight,0.001634019231441219,0.00023296975996345282,0.02389887326717144,213.91464847305681,49.194349563894775,0.9384485234635817,0.2444305138095475,168,199,237,7.128019933588803e-05,6.064644912839867e-05,4.593386984197423e-05,0.019173948334355373,0.021208906880929135,0.023206898433272727,0.02032753779376992,0.08521957816489416,0.15333276738666932,0.4937740191237495,256
adamw_bf16,AdamW + BF16,11,o_proj,attn,model.layers.11.self_attn.o_proj.weight,0.004563281185222097,0.0004472637374419719,0.14102978869072658,955.140475938281,104.09433229071018,0.8969844692997752,0.42780798626313277,659,822,1103,9.005794709082693e-05,6.943923654034734e-05,3.8974198105279356e-05,0.10482735488039907,0.11778716941626044,0.13287241255966364,0.00960667096847543,0.0330967433685307,0.057298535174736695,0.20503246014453586,1536
adamw_bf16,AdamW + BF16,11,q_proj,attn,model.layers.11.self_attn.q_proj.weight,0.0040315714300333755,0.0003157382598146796,0.12667851812870623,987.3184006307021,163.0400484463913,0.9061058552632587,0.41625251452816636,681,841,1115,8.05323215899989e-05,6.188006955198944e-05,3.4861448511946946e-05,0.09508555630600313,0.10643411643832223,0.11959534927518689,0.006133462358046385,0.024614571788536793,0.04524849945260593,0.17535936005431443,1536
adamw_bf16,AdamW + BF16,11,v_proj,attn,model.layers.11.self_attn.v_proj.weight,0.0018116912892049773,0.00026383085059933364,0.027285645377560286,226.82977840037586,47.15385862911329,0.957321830280149,0.1982044969187553,182,211,243,8.140986028593034e-05,7.040066702757031e-05,5.65356676816009e-05,0.022417574378778227,0.02460882655577734,0.026642585929948837,0.02120717220334943,0.08166299692560068,0.1348097398839353,0.427164832438965,256
adamw_bf16,AdamW + BF16,12,down_proj,mlp,model.layers.12.mlp.down_proj.weight,0.01094001462272127,0.0007184932474046946,0.4076216655012104,1388.2852622294056,231.84109708205003,0.972720001915685,0.1806868303793061,1131,1297,1475,0.00020081135153304785,0.00017762274364940822,0.00014847886632196605,0.33852549851872027,0.36994035917450674,0.3991062835993944,0.0043132991198971665,0.01647909695090972,0.02908768453454314,0.10669372171110182,1536
adamw_bf16,AdamW + BF16,12,gate_proj,mlp,model.layers.12.mlp.gate_proj.weight,0.009831878404097348,0.0006014989339746535,0.3692643268877873,1410.5929566473692,267.17958661497136,0.97747100331932,0.16893715349576666,1147,1309,1480,0.00018279289361089468,0.00016226967272814363,0.00013701441639568657,0.3083511648874264,0.3363111205835594,0.3619781945744762,0.0037428009103146254,0.012373722951616508,0.02151060155042355,0.08660536193931322,1536
adamw_bf16,AdamW + BF16,12,up_proj,mlp,model.layers.12.mlp.up_proj.weight,0.010256284009040906,0.0006472896202467382,0.3864080795610789,1419.4245760660456,251.0630446774526,0.9789675989886727,0.1617864231893411,1160,1318,1482,0.00019252080528531224,0.00017196226690430194,0.00014644250040873885,0.3238527629291639,0.3526613406720571,0.3788817728200229,0.003983063303023058,0.013928810506246938,0.02341569759092143,0.08650198359004324,1536
adamw_bf16,AdamW + BF16,12,k_proj,attn,model.layers.12.self_attn.k_proj.weight,0.0015808029991654577,0.00024860972189344466,0.023309492165935808,217.4253216649878,40.43144722003795,0.9431771645023205,0.23132183227627712,172,202,239,6.922332977410406e-05,5.906119622522965e-05,4.4548101868713275e-05,0.0188481766381301,0.020756682355568046,0.022670956299407408,0.0247332229924334,0.090251510825784,0.154259105104985,0.47454468637511155,256
adamw_bf16,AdamW + BF16,12,o_proj,attn,model.layers.12.self_attn.o_proj.weight,0.004647447857029633,0.00046457568532787263,0.14279852080442268,944.1008005851945,100.0728110212216,0.8944734355731877,0.43294546894027075,649,812,1095,9.200468775816262e-05,7.085090328473598e-05,3.95123461203184e-05,0.1057892654571333,0.11900076870369958,0.13442826547907316,0.009992724195465423,0.03402187397596079,0.059560926544700715,0.2103285039987444,1536
adamw_bf16,AdamW + BF16,12,q_proj,attn,model.layers.12.self_attn.q_proj.weight,0.004043513825730465,0.0002941856218967587,0.12839208848320638,1008.227785492999,188.91871314111464,0.9111913797465071,0.40710448289445256,698,856,1124,8.115505625028163e-05,6.280872912611812e-05,3.5341345210326836e-05,0.09698908613063395,0.10830366143636638,0.12136422616822529,0.005293281874374406,0.02273475161578077,0.04151450736297334,0.16334776029774373,1536
adamw_bf16,AdamW + BF16,12,v_proj,attn,model.layers.12.self_attn.v_proj.weight,0.0018202040300292635,0.00026622199220582843,0.02718886656293762,223.1218300791695,46.74684283925324,0.952522220248987,0.21377854595276613,177,205,241,8.151258953148499e-05,7.030853885225952e-05,5.0876358727691695e-05,0.022202284730155952,0.02432174152636435,0.026508112361625535,0.02139181898205758,0.08038175972804402,0.13853364535730436,0.439675470852665,256
adamw_bf16,AdamW + BF16,13,down_proj,mlp,model.layers.13.mlp.down_proj.weight,0.0108074632261033,0.0007171803154051304,0.402194757021789,1384.9218806344413,227.08623563620424,0.9721632529205816,0.18337261265936466,1126,1294,1474,0.00019746512407436967,0.0001744334731483832,0.0001455174497095868,0.33353604831791017,0.36478278548747767,0.3937168028060114,0.004403613443141556,0.01616602694893399,0.028488556248672536,0.1057526192580002,1536
adamw_bf16,AdamW + BF16,13,gate_proj,mlp,model.layers.13.mlp.gate_proj.weight,0.009993119865288157,0.0006139448378235102,0.37543218552309554,1411.4347634079854,264.9375337667006,0.9776384493566387,0.16835773279203003,1147,1309,1479,0.00018616652232594788,0.00016502577636856586,0.00013966391270514578,0.3134540844766889,0.34189986760611646,0.3679098492139019,0.003774474630992008,0.012636646267868711,0.02176249279043926,0.0859385237603104,1536
adamw_bf16,AdamW + BF16,13,up_proj,mlp,model.layers.13.mlp.up_proj.weight,0.010092268916950786,0.0006372964126057923,0.3799799713306129,1417.5676150444835,250.78102936282414,0.9787144679077902,0.16368324533676626,1156,1315,1482,0.00018898285634350032,0.00016836827853694558,0.00014276403817348182,0.31815509079024196,0.3465751094336156,0.37262198838288896,0.003987542449047146,0.012985828633967912,0.022103541188485027,0.08490166827391424,1536
adamw_bf16,AdamW + BF16,13,k_proj,attn,model.layers.13.self_attn.k_proj.weight,0.0015417395473630731,0.00026351778069511056,0.022667011095109046,216.15559881749883,34.229627800857806,0.9411702554337723,0.2347045843612865,170,200,238,6.880469300085679e-05,5.8324083511251956e-05,4.153636473347433e-05,0.01825623450713465,0.02015697410752182,0.022042757951567182,0.029214457306337982,0.09971042722879696,0.15974288671118816,0.4742213739870985,256
adamw_bf16,AdamW + BF16,13,o_proj,attn,model.layers.13.self_attn.o_proj.weight,0.004626896216843673,0.000457879708847031,0.1430079910469928,955.3028978816499,102.11198540355653,0.8974990163399217,0.42865785998005324,657,820,1101,9.15051787160337e-05,7.049030682537705e-05,3.935287531930953e-05,0.10629553141188808,0.11944722740008729,0.13473852627794258,0.00979316968569265,0.031732610717709026,0.05541010558502051,0.2009397602734451,1536
adamw_bf16,AdamW + BF16,13,q_proj,attn,model.layers.13.self_attn.q_proj.weight,0.00397416572515322,0.00034402008168399334,0.12384396604058523,971.0861414070106,133.4517759678066,0.9024836508015837,0.4238400862715628,667,827,1103,7.93695799075067e-05,6.126604421297088e-05,3.409850978641771e-05,0.09255437407409772,0.10374789391789818,0.11677707823764649,0.007493343514898116,0.027689161608140913,0.04888990606873283,0.1832341584176857,1536
adamw_bf16,AdamW + BF16,13,v_proj,attn,model.layers.13.self_attn.v_proj.weight,0.0018830049847155547,0.00023148101172409952,0.028482248559157597,228.79451298434861,66.17168530382196,0.9610493434868872,0.19419559774019657,184,212,244,8.40662105474621e-05,7.312435627682135e-05,5.975515523459762e-05,0.02352378915384179,0.025712865324749146,0.027842778796184575,0.015112203889149576,0.06588381032446282,0.11780056531912296,0.4179541786242695,256
adamw_bf16,AdamW + BF16,14,down_proj,mlp,model.layers.14.mlp.down_proj.weight,0.010692614807946046,0.0007277899421751499,0.39716826566291275,1379.689111345136,215.85183503103272,0.9711055553463124,0.18644753980578144,1120,1290,1474,0.00019477619207464159,0.00017147439939435571,0.00014272793487180024,0.3286652247479651,0.3598015223396942,0.38882271203328855,0.004632807498978322,0.0166122240003253,0.029238309093261687,0.10835368636750882,1536
adamw_bf16,AdamW + BF16,14,gate_proj,mlp,model.layers.14.mlp.gate_proj.weight,0.010107447965445826,0.0006196871981956065,0.38004112636554055,1413.7680565883259,266.03451164775413,0.9780560392009385,0.16668076614101457,1151,1312,1480,0.000188496895134449,0.000167718535521999,0.0001418399770045653,0.3177329612808535,0.34639450906252023,0.3724853304302087,0.0037589108037383544,0.012380113985916751,0.021207661000774494,0.08512190202923295,1536
adamw_bf16,AdamW + BF16,14,up_proj,mlp,model.layers.14.mlp.up_proj.weight,0.010091612770306499,0.0006527291843667626,0.3798020404356066,1416.4245055264066,239.03147605810724,0.9784321055531255,0.16405054047932066,1156,1315,1481,0.00018903169257100672,0.0001684499002294615,0.000142681019497104,0.31798724333930295,0.34640963771380484,0.37233345964341424,0.00418354944918177,0.014016421858306436,0.023665631803641632,0.08709767940146318,1536
adamw_bf16,AdamW + BF16,14,k_proj,attn,model.layers.14.self_attn.k_proj.weight,0.0015617855904365545,0.00022622453980147839,0.023190644784335745,220.48691675626674,47.66102699951744,0.948841956561223,0.22389064704607642,174,204,240,6.850939098512754e-05,5.826847336720675e-05,4.5397173380479217e-05,0.018828541193215642,0.020731746837554965,0.022598656156333163,0.020981503399205494,0.07880909997278909,0.13673027939692853,0.4566401331598635,256
adamw_bf16,AdamW + BF16,14,o_proj,attn,model.layers.14.self_attn.o_proj.weight,0.004604998085348759,0.0005085238954052329,0.14128184186709092,941.2690704474128,82.00421539193492,0.8935949498726814,0.43391409743699016,647,810,1094,9.110748942475766e-05,7.007203385001048e-05,3.9019094401737675e-05,0.10458297269360628,0.11766617457760731,0.1329844029933156,0.012194495066144485,0.03519861819701489,0.0609059730965217,0.21204689457953352,1536
adamw_bf16,AdamW + BF16,14,q_proj,attn,model.layers.14.self_attn.q_proj.weight,0.004018796704191227,0.0003593008150346577,0.12440243886931057,958.2210661420622,125.10528889965188,0.898399273566142,0.42767281591056183,660,822,1101,7.968261343194172e-05,6.156917515909299e-05,3.436845145188272e-05,0.09259222549007973,0.10398770651954692,0.11722149687921046,0.007993267181550648,0.03017655527814092,0.05365451215101297,0.19911723459562053,1536
adamw_bf16,AdamW + BF16,14,v_proj,attn,model.layers.14.self_attn.v_proj.weight,0.00182871101200613,0.00039206925430335104,0.02702476512058638,218.39047653241522,21.755275472955383,0.9413866588682452,0.21976091914395224,176,206,242,7.960123912198469e-05,6.818526890128851e-05,5.382798917707987e-05,0.021955505711957812,0.02416429291770328,0.026354666842962615,0.04596586245221897,0.1063151020603643,0.16596963959527247,0.4709511057161044,256
adamw_bf16,AdamW + BF16,15,down_proj,mlp,model.layers.15.mlp.down_proj.weight,0.010694416273209892,0.0007579941884614527,0.3956195858481806,1368.4892761193792,199.05927483865557,0.9687291574324545,0.19216145583987165,1111,1284,1471,0.00019363700994290411,0.00017028236470650882,0.00014017918147146702,0.3264029400306754,0.3578906009788625,0.387049817116349,0.0050236292722885415,0.01763688933254846,0.031123506152866125,0.11630661253984304,1536
adamw_bf16,AdamW + BF16,15,gate_proj,mlp,model.layers.15.mlp.gate_proj.weight,0.009704141600199202,0.0006216589245013893,0.3638725988312217,1405.9971978403314,243.67439953684473,0.9766386634900104,0.17205515824970474,1141,1304,1477,0.0001801155594876036,0.00015935169358272105,0.00013384253543335944,0.30330621686880477,0.33098342308949213,0.3564677631657105,0.004103836931170093,0.013039661886339655,0.022242765353985665,0.08776087342786287,1536
adamw_bf16,AdamW + BF16,15,up_proj,mlp,model.layers.15.mlp.up_proj.weight,0.009853609018372232,0.0006831281934864819,0.369443588591821,1405.7419863771988,208.0588686983748,0.9764377016075706,0.17144522626580083,1143,1305,1478,0.00018298595387022942,0.00016220382531173527,0.00013597006909549236,0.3081314402807038,0.3360998660355108,0.3620084138092352,0.0048063320071672164,0.014903269628691072,0.024875747122690407,0.09066302698054714,1536
adamw_bf16,AdamW + BF16,15,k_proj,attn,model.layers.15.self_attn.k_proj.weight,0.001679899649424729,0.00024697656044736505,0.025090882747463183,223.0823459625616,46.265280841128494,0.9532122323590437,0.21619090144321285,175,204,241,7.560316589660943e-05,6.379604747053236e-05,4.751341839437373e-05,0.02041295255185105,0.022430750927014742,0.024471990156598622,0.021614480271586918,0.07196956460359749,0.12641724105896734,0.4382193076163571,256
adamw_bf16,AdamW + BF16,15,o_proj,attn,model.layers.15.self_attn.o_proj.weight,0.004651757137010104,0.0004882342473138124,0.14135434250268908,923.3880385669728,90.77736777143417,0.8896103463655225,0.44244018615502734,630,795,1083,9.191943536279723e-05,7.011250272626057e-05,3.906229540007189e-05,0.10402903067006264,0.11733446636935696,0.13287661004869733,0.011015961627328437,0.034610998939035624,0.060983248381024376,0.2179665407325993,1536
adamw_bf16,AdamW + BF16,15,q_proj,attn,model.layers.15.self_attn.q_proj.weight,0.004097247620014175,0.0003450819640420377,0.12812627850552616,977.8944938044625,140.97428511062768,0.9041811458356002,0.4209752204073056,672,833,1107,8.181268640328199e-05,6.28776615485549e-05,3.539820318110287e-05,0.09589705463440623,0.10751204565167427,0.12086564888522844,0.007093492257933874,0.025361424174173704,0.04590501135996129,0.1779971239563728,1536
adamw_bf16,AdamW + BF16,15,v_proj,attn,model.layers.15.self_attn.v_proj.weight,0.001718398808997072,0.00027031064382754266,0.025547196957631968,221.02356848112888,40.413050370493664,0.9492100293562244,0.22047338046546971,175,205,239,7.616601942572743e-05,6.480530282715335e-05,4.9073867558036e-05,0.020774545955646317,0.022883418336277828,0.02485069895919878,0.02474448206290607,0.0819056872652974,0.14025378917532041,0.4546703333984469,256
adamw_bf16,AdamW + BF16,16,down_proj,mlp,model.layers.16.mlp.down_proj.weight,0.01064439692707562,0.0007554857293143868,0.3943199725690647,1372.320111524904,198.51329201388504,0.9696817958296431,0.19096344770546603,1111,1283,1471,0.00019315732060931623,0.00016940294881351292,0.00013936278992332518,0.32548592652892694,0.35666732453682926,0.38582040795881767,0.005037446056408428,0.018171464510402146,0.030925154133238635,0.11169867979782318,1536
adamw_bf16,AdamW + BF16,16,gate_proj,mlp,model.layers.16.mlp.gate_proj.weight,0.009638435010123824,0.0006301856483332813,0.36118222376535414,1404.2346604743034,233.9246723303756,0.9762347867795773,0.17307686303691527,1140,1304,1478,0.0001781195605872199,0.00015785182768013328,0.00013253297947812825,0.3009318577533122,0.3284840881533455,0.35386304144049063,0.004274880413587515,0.013449932914902558,0.022703061364111852,0.0889398220027868,1536
adamw_bf16,AdamW + BF16,16,up_proj,mlp,model.layers.16.mlp.up_proj.weight,0.00993413698418656,0.0007027210085652769,0.3721874715774902,1403.6641608926632,199.8455185146319,0.9760238611138468,0.17279954776014383,1140,1303,1478,0.0001840549666667357,0.0001627290330361575,0.00013608613517135382,0.31011557977763005,0.3384056547220098,0.36468819188303314,0.005003865022506292,0.01539626737828134,0.025659992730092313,0.0915236908308353,1536
adamw_bf16,AdamW + BF16,16,k_proj,attn,model.layers.16.self_attn.k_proj.weight,0.0013894189121587263,0.00020184354798402637,0.020366832111903932,214.87236050453805,47.3845399954033,0.9412024668446798,0.24426024093267729,166,197,235,6.059698716853745e-05,5.141227666172199e-05,3.7358775443863124e-05,0.01631805981742218,0.01804690905919415,0.019749265717109665,0.021103929680376943,0.08497206267756714,0.15100335170915832,0.47485528744953553,256
adamw_bf16,AdamW + BF16,16,o_proj,attn,model.layers.16.self_attn.o_proj.weight,0.004280787106429467,0.0004245297459419817,0.13112373250852083,938.2430294313727,101.67893956683962,0.893107910706002,0.4356763877772645,643,808,1093,8.426158456131816e-05,6.458084681071341e-05,3.6268975236453116e-05,0.09691017570003169,0.10915664152707905,0.12339449442515615,0.00983487833626196,0.034376519908285524,0.05997113064991752,0.2107409956033523,1536
adamw_bf16,AdamW + BF16,16,q_proj,attn,model.layers.16.self_attn.q_proj.weight,0.0036851747822521518,0.0003421947476454079,0.11109402718059558,908.7935570243179,115.97636766848403,0.8886165873352666,0.45338818642403833,618,777,1056,7.40235045668669e-05,5.6620046962052584e-05,3.127266973024234e-05,0.08190418691083323,0.09224614830964128,0.10436209145700559,0.008622446280249772,0.03457361541030121,0.060618482544657716,0.21327554448578417,1536
adamw_bf16,AdamW + BF16,16,v_proj,attn,model.layers.16.self_attn.v_proj.weight,0.0015224327976202483,0.00019221322145313025,0.022729222731868504,222.89119172592294,62.73497767399389,0.9534472918951366,0.2186226351044096,175,205,240,6.767953163944185e-05,5.7518605899531394e-05,4.2691241105785593e-05,0.0184978675970342,0.020365144479001174,0.022146539104141993,0.015940071026988495,0.0651526968381476,0.11864763612076532,0.4377105625692628,256
adamw_bf16,AdamW + BF16,17,down_proj,mlp,model.layers.17.mlp.down_proj.weight,0.010477184087959777,0.0007220052648335695,0.38843091085436754,1374.4799754964993,210.57578118971395,0.970269828510748,0.19051678163297514,1111,1283,1470,0.00018995872233062983,0.00016655022045597434,0.00013736868277192116,0.320719896335504,0.35139322944451123,0.3799339032411808,0.004748884199076391,0.01695627220433562,0.02940143101562795,0.10784443812837197,1536
adamw_bf16,AdamW + BF16,17,gate_proj,mlp,model.layers.17.mlp.gate_proj.weight,0.009535386254898066,0.000640470942016691,0.3568665782659082,1400.667893122027,221.65509496412085,0.9755460330577683,0.17539541446903328,1136,1301,1477,0.00017578195547685027,0.00015538196021225303,0.00013063450751360506,0.296956233898527,0.3242854091076879,0.3495593460975215,0.0045115137108031255,0.01398632548253598,0.023488836306463173,0.09046950910415352,1536
adamw_bf16,AdamW + BF16,17,up_proj,mlp,model.layers.17.mlp.up_proj.weight,0.009763434289776407,0.0006807583849877119,0.3658715566052706,1404.2747301289328,205.69286002185257,0.9761669795716889,0.17251273445206827,1141,1304,1477,0.00018102485046256334,0.00016042758943513036,0.00013434381980914623,0.30496474166284315,0.3327997888845857,0.3584116900601657,0.004861617461557786,0.015201568997568074,0.02505588291701853,0.09067437471211781,1536
adamw_bf16,AdamW + BF16,17,k_proj,attn,model.layers.17.self_attn.k_proj.weight,0.0017329935103681299,0.000315927027259022,0.02530993163054518,213.29863255707147,30.089869958840506,0.9363526326533119,0.2434958428656644,168,199,237,7.532703602919355e-05,6.359821418300271e-05,4.855468432651833e-05,0.020316230089520104,0.022458704661403317,0.024588364798546536,0.03323377606376782,0.09887664505334871,0.16592652655079276,0.4913387253425237,256
adamw_bf16,AdamW + BF16,17,o_proj,attn,model.layers.17.self_attn.o_proj.weight,0.00420874178722363,0.00043695649947039783,0.1290939173334671,940.8209840386066,92.77440049872483,0.8934484820032257,0.433987836800235,647,811,1095,8.309045369969681e-05,6.373370706569403e-05,3.5663702874444425e-05,0.0955601607929566,0.10755486767448019,0.1215277771698311,0.010778835482895358,0.035262161631828506,0.06108546684351506,0.21315780481506535,1536
adamw_bf16,AdamW + BF16,17,q_proj,attn,model.layers.17.self_attn.q_proj.weight,0.0040235094852967826,0.0003627736878115684,0.1237649890903576,946.2056931180925,123.00945637883791,0.8962516972566471,0.4344029165122938,647,809,1091,8.000088564585894e-05,6.124960782472044e-05,3.4006297937594354e-05,0.09179579341434874,0.10319218744552927,0.11650203088720446,0.008129456299036504,0.029020349221020602,0.051757320543956674,0.1976351362387568,1536
adamw_bf16,AdamW + BF16,17,v_proj,attn,model.layers.17.self_attn.v_proj.weight,0.0017259027546609885,0.0003168792463839054,0.02542978708333976,217.0964911166099,29.665047682387677,0.9414397704587001,0.22866127246514711,174,204,239,7.506060501327738e-05,6.475654663518071e-05,5.044592762715183e-05,0.02061505500023486,0.022706694871885702,0.024733260877837893,0.033709704791531694,0.09731459809067461,0.15720556587961046,0.4829527963029861,256
adamw_bf16,AdamW + BF16,18,down_proj,mlp,model.layers.18.mlp.down_proj.weight,0.010384460752134218,0.0007102905074134469,0.3861545576583012,1382.7842732545218,213.74495713414825,0.9720246217566404,0.18618077985820536,1117,1287,1472,0.00018966253264807165,0.00016630867321509868,0.00013725193275604397,0.31945932778762653,0.34971485355345067,0.3779160463018343,0.004678472949293447,0.016047946816488107,0.02712838295492279,0.10167749362650676,1536
adamw_bf16,AdamW + BF16,18,gate_proj,mlp,model.layers.18.mlp.gate_proj.weight,0.009317300991362038,0.0006039279978722334,0.34913056910590967,1404.0917962389653,238.0180666440883,0.9762479640553174,0.17337863787193109,1139,1303,1478,0.00017238326836377382,0.00015259083011187613,0.00012801974662579596,0.29080658209568355,0.3174481426103739,0.3420863014907809,0.004201361745767449,0.013187335944764103,0.022385420015616275,0.08819928005234375,1536
adamw_bf16,AdamW + BF16,18,up_proj,mlp,model.layers.18.mlp.up_proj.weight,0.00972888520594365,0.0006745458813384175,0.3645795952179469,1404.295676410928,208.0190785589692,0.9761363725665924,0.1724243051684604,1142,1305,1478,0.0001801024191081524,0.00015975796850398183,0.0001341694878647104,0.30394998300471343,0.3316415586596122,0.35717493449919857,0.004807251368131218,0.015015021091629365,0.02468570575896642,0.09103513290108445,1536
adamw_bf16,AdamW + BF16,18,k_proj,attn,model.layers.18.self_attn.k_proj.weight,0.0014689593442061366,0.00021423824364319444,0.021993032705722726,224.15616498337533,47.01382146795869,0.954121592694158,0.21055480775070978,179,208,241,6.540636240970343e-05,5.597790004685521e-05,4.3395459215389565e-05,0.018017336464254186,0.019773955802520504,0.021429752669064328,0.02127034069505559,0.07246585998755149,0.12837980585930595,0.44131197867138616,256
adamw_bf16,AdamW + BF16,18,o_proj,attn,model.layers.18.self_attn.o_proj.weight,0.0046075942675736165,0.0004112285387236625,0.14415183096839002,978.7952823938267,125.53995411243926,0.9039345374846686,0.41985150015583605,673,835,1112,9.149382094619796e-05,7.04652993590571e-05,3.965073119616136e-05,0.10784472023078706,0.12090607932623243,0.13602145514960284,0.007965591568596199,0.026432504252575074,0.04698052642642057,0.17875744168817384,1536
adamw_bf16,AdamW + BF16,18,q_proj,attn,model.layers.18.self_attn.q_proj.weight,0.0036483224239326063,0.00029894968611188233,0.11414002932574618,978.7900244974959,148.93275440701552,0.9043197393992937,0.4204070763175467,674,834,1107,7.290871872100979e-05,5.62955901841633e-05,3.1518629839411005e-05,0.08551270360476337,0.09580654981618864,0.1076728122861823,0.006714439707917567,0.025812088168503056,0.04675335534809273,0.17948267333464377,1536
adamw_bf16,AdamW + BF16,18,v_proj,attn,model.layers.18.self_attn.v_proj.weight,0.0020201245716715286,0.0002797016059048474,0.03013518017178285,222.53139085848184,52.163459064551276,0.9515148974483241,0.21610545711161167,176,206,242,8.984715532278642e-05,7.608154555782676e-05,5.7892237236956134e-05,0.02451366945024347,0.026990343467332423,0.02941118207309046,0.01917050782162508,0.07589960026650597,0.13648048611545227,0.4498982937558118,256
adamw_bf16,AdamW + BF16,19,down_proj,mlp,model.layers.19.mlp.down_proj.weight,0.010284953436712985,0.0007204481516964734,0.3818667385276058,1378.5388320527443,203.79766164931254,0.9711107386300255,0.18839487337509708,1115,1286,1472,0.0001872721768449992,0.00016461873019579798,0.00013534585013985634,0.31562716924236156,0.34570225776406005,0.37371032004011795,0.004906827644179563,0.01580097436441328,0.02744554559716928,0.10372591592509477,1536
adamw_bf16,AdamW + BF16,19,gate_proj,mlp,model.layers.19.mlp.gate_proj.weight,0.009213732490372035,0.0006112794508226216,0.3450035374771687,1402.090021382048,227.1912519527018,0.9758476532036413,0.17463873487274695,1137,1302,1478,0.00017012258467730135,0.00015036523109301925,0.00012620104826055467,0.28717104565293994,0.3136128916958114,0.3380414860876044,0.0044015779278692765,0.01296197434560833,0.022354016614528287,0.08942448825654357,1536
adamw_bf16,AdamW + BF16,19,up_proj,mlp,model.layers.19.mlp.up_proj.weight,0.00948361128795899,0.0006646198453381658,0.35516287984501105,1402.5154296624253,203.61083257016008,0.9757719543559092,0.17346299403127796,1140,1304,1478,0.00017549446783959866,0.00015551685646642,0.0001305819459958002,0.2958320873003686,0.32298869837541133,0.3479962014243938,0.004911330047508257,0.014810223588580274,0.024682503739216228,0.0922076068718897,1536
adamw_bf16,AdamW + BF16,19,k_proj,attn,model.layers.19.self_attn.k_proj.weight,0.0012892798936434496,0.00017092074267566204,0.019330128998262808,224.78901525223324,56.899031913014674,0.9555995473294107,0.21017074519636259,177,207,242,5.783177039120346e-05,4.887223622063175e-05,3.758921957341954e-05,0.015762550912768347,0.01734946252327063,0.01886578376070247,0.01757499146081723,0.06952262335252078,0.12403106233059052,0.4326145920588167,256
adamw_bf16,AdamW + BF16,19,o_proj,attn,model.layers.19.self_attn.o_proj.weight,0.0038994723750420163,0.0003828949702437967,0.11963125493234283,941.1906864630398,103.71757956333798,0.8942610331194251,0.4351991029653828,644,808,1092,7.733894744887948e-05,5.909352330490947e-05,3.3108626666944474e-05,0.08849941533844685,0.09963222053920617,0.11259083065306186,0.009641567072911902,0.033998711914923846,0.0576296268715054,0.20521036297218637,1536
adamw_bf16,AdamW + BF16,19,q_proj,attn,model.layers.19.self_attn.q_proj.weight,0.003478606802504834,0.0003354641958139837,0.10723548792002191,950.3123658699584,107.52719941091587,0.8947641927495623,0.4278709727807628,659,822,1103,6.854567618574947e-05,5.296175731928088e-05,2.978790689667221e-05,0.07964422800432658,0.08950980747977155,0.10102150553211686,0.009299972523031068,0.040262551438014625,0.06849826296561684,0.21753638623138113,1536
adamw_bf16,AdamW + BF16,19,v_proj,attn,model.layers.19.self_attn.v_proj.weight,0.0015473714589250647,0.00032777799060568213,0.022550399271494825,212.38278301598373,22.285869707241265,0.9329933898264854,0.2422897626215248,168,199,238,6.675128679489717e-05,5.611620508716442e-05,4.199505565338768e-05,0.01808007070212625,0.019982382331363624,0.021907873921009013,0.04487148193615589,0.11369840506588728,0.17444266340736383,0.4935722298082034,256
adamw_bf16,AdamW + BF16,2,down_proj,mlp,model.layers.2.mlp.down_proj.weight,0.01210057896929938,0.0006133670103736222,0.4575410157558508,1429.7093701257209,389.19878207152686,0.9810133304565021,0.15501217127328104,1171,1325,1484,0.0002295946324011311,0.00020581265562213957,0.00017564880545251071,0.38490492798155174,0.41841921405284666,0.4488610876869643,0.002569381113366948,0.011159059197072439,0.020321824359051187,0.08134019911393651,1536
adamw_bf16,AdamW + BF16,2,gate_proj,mlp,model.layers.2.mlp.gate_proj.weight,0.01118509642430316,0.000549859250895679,0.42359049871447496,1434.2106909551385,413.7865716429475,0.9819689672851523,0.15202881570608873,1175,1328,1484,0.00021321601525414735,0.00019128507119603455,0.00016434698773082346,0.35680990206310526,0.3877673327806406,0.41563861051690765,0.002416704814826351,0.009771535071260811,0.01804668086547056,0.07654161782254595,1536
adamw_bf16,AdamW + BF16,2,up_proj,mlp,model.layers.2.mlp.up_proj.weight,0.01242062233903708,0.0007421910995617509,0.4706908771622693,1436.1005491531166,280.0626731821735,0.9820266738278622,0.14909869422412347,1182,1333,1487,0.00023704282648395747,0.0002133301750291139,0.00018524857296142727,0.3971953300933819,0.43122975567530375,0.4620087176299421,0.003570629347487253,0.01290405818640215,0.023132802996299138,0.08149686505119019,1536
adamw_bf16,AdamW + BF16,2,k_proj,attn,model.layers.2.self_attn.k_proj.weight,0.0017121016646760366,0.0002327467082068324,0.02534244765956828,219.09780029978168,54.11180293942946,0.9476502732576756,0.23037178722669593,172,201,237,7.595392526127398e-05,6.442744779633358e-05,4.7061450459295884e-05,0.02055301897780737,0.022590421125642024,0.024633081491629127,0.018480256536995435,0.07692844987467168,0.13787876087399584,0.4562453188262759,256
adamw_bf16,AdamW + BF16,2,o_proj,attn,model.layers.2.self_attn.o_proj.weight,0.005263732700265781,0.00039844110142439604,0.1678467853362875,1016.8067056007765,174.52570066611247,0.9129110958575494,0.40280411461338517,706,864,1131,0.0001053326268447563,8.176873961929232e-05,4.6203520469134673e-05,0.12707983036671067,0.14181303164514247,0.1587652735033771,0.005729815128564439,0.021299265598623537,0.03922941839207487,0.1591526323180916,1536
adamw_bf16,AdamW + BF16,2,q_proj,attn,model.layers.2.self_attn.q_proj.weight,0.004635086897305288,0.00033381753019057214,0.1454813450381396,985.1420434918928,192.795761496516,0.9064979157927253,0.4187604712281985,677,835,1107,9.316991781815886e-05,7.176083454396576e-05,4.0144404920283705e-05,0.1092240343496087,0.12221588303509634,0.1372885974997189,0.00518683601878909,0.02300783280742091,0.04250915918450751,0.16976114126757016,1536
adamw_bf16,AdamW + BF16,2,v_proj,attn,model.layers.2.self_attn.v_proj.weight,0.002571996790578346,0.00046567077515646815,0.03873210682286299,226.77824878000925,30.50583230129505,0.9560711114260512,0.19469374974356257,184,212,244,0.00011451772297732532,9.977831359719858e-05,8.051574695855379e-05,0.031963849636667874,0.0349563073614263,0.037852033114177175,0.032780616838228256,0.08627252772378924,0.13991945412635987,0.42799790313111963,256
adamw_bf16,AdamW + BF16,20,down_proj,mlp,model.layers.20.mlp.down_proj.weight,0.010176521351617198,0.0007462291396223009,0.3767307485832134,1370.4507751011788,185.97488059315845,0.9696332097807685,0.19365855317656155,1104,1276,1467,0.00018464600725565106,0.00016138411592692137,0.0001307486672885716,0.31049942743266,0.3402673641248839,0.36833705889876,0.0053770702624491296,0.017612811979483563,0.029188055132660515,0.10589170632420045,1536
adamw_bf16,AdamW + BF16,20,gate_proj,mlp,model.layers.20.mlp.gate_proj.weight,0.009056357253399941,0.0006484181503765285,0.3374569021834759,1388.447742033277,195.07282180169918,0.9731850101844205,0.1832284261760182,1123,1292,1475,0.00016533484449610114,0.00014539570838678628,0.00012135828728787601,0.27969135386229027,0.3059437810879899,0.33043130614532856,0.005126290739857896,0.014623786088274351,0.024669469670333788,0.09506007218828785,1536
adamw_bf16,AdamW + BF16,20,up_proj,mlp,model.layers.20.mlp.up_proj.weight,0.009457234821949368,0.0006955615826882422,0.3528076910661184,1391.7067790998478,184.86605402469203,0.9737486205735928,0.18074025330921617,1126,1294,1475,0.00017351073620375246,0.0001526676642242819,0.0001267279003513977,0.2926614212046843,0.3200656096014427,0.3454699343419634,0.005409321929197628,0.01591916889816701,0.02608585993658206,0.09547906377872027,1536
adamw_bf16,AdamW + BF16,20,k_proj,attn,model.layers.20.self_attn.k_proj.weight,0.0015050124867205493,0.00018938136054202914,0.022328535682390793,220.11025610540855,63.15470950530798,0.9495831678958695,0.22740481022848713,173,202,236,6.720769306411967e-05,5.784669338027015e-05,4.334994446253404e-05,0.01813311074511148,0.01994240867861663,0.021675024883734295,0.01583413189345686,0.06846867928806366,0.1276252090315792,0.45513830832675206,256
adamw_bf16,AdamW + BF16,20,o_proj,attn,model.layers.20.self_attn.o_proj.weight,0.004339872737124994,0.00044100460945628583,0.13256758633181498,933.0839290598734,96.8428877561626,0.892901799362214,0.4399332535357332,635,798,1085,8.615788101451471e-05,6.564732029801235e-05,3.6435572837945074e-05,0.09786929393158061,0.1101929842188838,0.12468102610000642,0.010326003521475587,0.031646819958626976,0.05533607688045255,0.20420995534118203,1536
adamw_bf16,AdamW + BF16,20,q_proj,attn,model.layers.20.self_attn.q_proj.weight,0.003758153150605632,0.0003803665458690375,0.11409644883038084,921.7121373797327,97.62124074722979,0.8890278816110447,0.4427995145765804,629,795,1084,7.393828127533197e-05,5.654816050082445e-05,3.1597901397617534e-05,0.08386928902473301,0.09466222415721859,0.10725743111470365,0.010243672302724518,0.03450308475885363,0.06099217008167491,0.21929467284168078,1536
adamw_bf16,AdamW + BF16,20,v_proj,attn,model.layers.20.self_attn.v_proj.weight,0.0015742047193311067,0.00032904461841098964,0.022965030759223737,212.81960991008927,22.888263026419228,0.9341512911391305,0.24198660351867018,168,199,237,6.828411278547719e-05,5.756644895882346e-05,4.2276653402950615e-05,0.01840923059353372,0.020356350414658664,0.022285889830527594,0.04369051504020774,0.10871332125995958,0.17117407656491931,0.49396804942794015,256
adamw_bf16,AdamW + BF16,21,down_proj,mlp,model.layers.21.mlp.down_proj.weight,0.010577323990123675,0.0008218708680942655,0.3895514394826023,1356.3694906793862,165.63207436574322,0.9667163824151017,0.20120193379743267,1088,1266,1464,0.00019013695418834686,0.0001649027835810557,0.00013333310198504478,0.3193685683363583,0.3509528888971545,0.3806472979631508,0.006037477969344472,0.019963989806587853,0.033392391934789746,0.11509686321023581,1536
adamw_bf16,AdamW + BF16,21,gate_proj,mlp,model.layers.21.mlp.gate_proj.weight,0.00910240121158985,0.0006621900829486549,0.3383683864303748,1381.8713483374834,188.9498726930563,0.9719271963632796,0.18733396132387248,1115,1286,1472,0.00016552902525290847,0.00014525740698445588,0.00012014212552458048,0.27976263960590586,0.3063276099273935,0.3311078431652277,0.005292408964066737,0.015430096683562848,0.02592201474018716,0.09792195158686232,1536
adamw_bf16,AdamW + BF16,21,up_proj,mlp,model.layers.21.mlp.up_proj.weight,0.00994819033314614,0.0007659718976356089,0.37075466126407264,1388.9450620380012,168.67957533124888,0.9732468026061861,0.1825291817374357,1122,1290,1472,0.00018264797108713537,0.00016047187091317028,0.00013202815898694098,0.3072525687457528,0.3360760966752423,0.36283907713368535,0.005928400033235939,0.016270362124734587,0.0266991038800821,0.09664587403836529,1536
adamw_bf16,AdamW + BF16,21,k_proj,attn,model.layers.21.self_attn.k_proj.weight,0.001586761565003605,0.00020956169464625418,0.02345116972355754,218.42667510550413,57.332323286843746,0.9477228656356063,0.23526859670062428,168,198,236,7.051227294141427e-05,5.8396450185682625e-05,4.3517233279999346e-05,0.018883882876252756,0.02081839934544405,0.022763210763514508,0.017442167745354103,0.07074436512759742,0.12730388262849687,0.44980222362195205,256
adamw_bf16,AdamW + BF16,21,o_proj,attn,model.layers.21.self_attn.o_proj.weight,0.004333821246078094,0.0004738667339552194,0.13252173408072165,935.0443956475978,83.64298921896729,0.8931293225362592,0.43864229017062883,638,801,1085,8.607236668467522e-05,6.577705062227324e-05,3.653727253549732e-05,0.0979421248412109,0.11027103193919174,0.12464729090424953,0.011955574631391045,0.035906971366042505,0.059945435948309415,0.20458473785777934,1536
adamw_bf16,AdamW + BF16,21,q_proj,attn,model.layers.21.self_attn.q_proj.weight,0.004021970271125909,0.0004018069594167173,0.12317171303275032,937.8734694619778,100.19425100657514,0.8946087162755266,0.43879814868578504,638,800,1084,8.028278534766287e-05,6.128877430455759e-05,3.388974437257275e-05,0.09110764304932673,0.10251328226877376,0.11586432332842378,0.009980612559640533,0.030252941403492453,0.05282914915088635,0.1971365903694593,1536
adamw_bf16,AdamW + BF16,21,v_proj,attn,model.layers.21.self_attn.v_proj.weight,0.0017486692142118679,0.00026743861963041127,0.02582281339346082,218.06792204979675,42.75304820381874,0.9442379016858904,0.2298184528853069,172,203,240,7.598465163027868e-05,6.485443009296432e-05,4.8594502004561946e-05,0.020862837445747573,0.023042523935146164,0.025143429385934724,0.023390145077671422,0.08811402646660345,0.15207294600924637,0.47177830094478473,256
adamw_bf16,AdamW + BF16,22,down_proj,mlp,model.layers.22.mlp.down_proj.weight,0.010956466425129822,0.0008348319679498672,0.40337598252517637,1355.4360994178796,172.24351611278374,0.9664757220513871,0.20142342700393612,1088,1265,1463,0.00019728299230337143,0.0001711896766209975,0.00013749036588706076,0.33073447278002277,0.36334362778870855,0.39405946813349146,0.005805733780685292,0.020711236490233292,0.035228725361810605,0.11698915928277141,1536
adamw_bf16,AdamW + BF16,22,gate_proj,mlp,model.layers.22.mlp.gate_proj.weight,0.009212199248832712,0.0006618892075493932,0.3434521658709855,1389.9714296848135,193.7117862429023,0.9735481599764285,0.18256178663706768,1123,1292,1474,0.00016836055146995932,0.0001480945647927001,0.0001229097688337788,0.2847088483249536,0.31146770481427666,0.3362460874777753,0.005162308496531354,0.014265172347280641,0.02389089541061007,0.0933067003482642,1536
adamw_bf16,AdamW + BF16,22,up_proj,mlp,model.layers.22.mlp.up_proj.weight,0.010273272420896923,0.0008014978957362473,0.383126659442496,1390.8078606062218,164.29064563165403,0.9736529460826336,0.18161130382908985,1123,1290,1472,0.0001886622339952737,0.0001659121917327866,0.00013665491132996976,0.31766785419313237,0.3472617477964377,0.37494935939321294,0.0060867738157292205,0.015839858294733302,0.02588228202097337,0.09452294964604842,1536
adamw_bf16,AdamW + BF16,22,k_proj,attn,model.layers.22.self_attn.k_proj.weight,0.001265513114255513,0.00019898432947229594,0.018633321205925313,216.79399125943326,40.44785991427526,0.9416891181057144,0.23184691882485087,171,201,239,5.60819789825473e-05,4.6980116167105734e-05,3.4947661333717406e-05,0.015020224844192853,0.01656526188526186,0.018122234436305007,0.02472318689096008,0.0991535918383658,0.16475418709485387,0.47745537106115055,256
adamw_bf16,AdamW + BF16,22,o_proj,attn,model.layers.22.self_attn.o_proj.weight,0.0036617245090164534,0.00034076839801855385,0.11075276579405546,914.8245848080098,115.46562444759053,0.8881606265454657,0.4473366656750162,621,787,1076,7.21194373909384e-05,5.517477256944403e-05,3.071357787121087e-05,0.08127951211645268,0.09178488007455599,0.10404438121986459,0.00866058625486321,0.03359286291584264,0.059778253530783955,0.21499887037778878,1536
adamw_bf16,AdamW + BF16,22,q_proj,attn,model.layers.22.self_attn.q_proj.weight,0.0034367271767468052,0.000394753908040002,0.10352141243158286,907.3404305709115,75.79442070981582,0.8839978959736801,0.44638172764619743,622,789,1079,6.759069219697267e-05,5.15479150635656e-05,2.8856384233222343e-05,0.07578970777831273,0.08569253812311217,0.09722419090576295,0.013193583256326597,0.044138042914849705,0.07282352273937863,0.23745480970496882,1536
adamw_bf16,AdamW + BF16,22,v_proj,attn,model.layers.22.self_attn.v_proj.weight,0.001771169947206218,0.0003745124558918178,0.025643525004852563,209.62109173239742,22.365980209177724,0.9281180673225068,0.2500327578992312,165,198,239,7.540036313002929e-05,6.261179805733263e-05,4.684870145865716e-05,0.020406626048497856,0.02267471465165727,0.024930927706009243,0.04471076119389826,0.1169791585937213,0.18270944994062252,0.5124150769969141,256
adamw_bf16,AdamW + BF16,23,down_proj,mlp,model.layers.23.mlp.down_proj.weight,0.011038915284559116,0.0008719215984456241,0.4048953807941871,1345.3424426040044,160.28686304235848,0.9643172946118247,0.20650777981504964,1079,1258,1461,0.00019726704340428114,0.0001706345792626962,0.00013717362890020013,0.3310635457310127,0.3639850424224278,0.39536125549057033,0.00623881446688325,0.02275925585827646,0.03857176972656083,0.12323560651477272,1536
adamw_bf16,AdamW + BF16,23,gate_proj,mlp,model.layers.23.mlp.gate_proj.weight,0.009413778789975853,0.0007020924822427332,0.3504544424431515,1385.9104247971095,179.7791538468738,0.9728013535598227,0.18526056094279864,1117,1287,1472,0.00017172491061501205,0.00015075404371600598,0.0001243974984390661,0.29001497256103903,0.31740848094341345,0.34295243030646816,0.005562380168124198,0.014757655699614783,0.024661439791548122,0.09456148907624122,1536
adamw_bf16,AdamW + BF16,23,up_proj,mlp,model.layers.23.mlp.up_proj.weight,0.010204829403798169,0.0007983287796378136,0.38038740042975405,1389.4430439892803,163.3984476453176,0.9734135720776145,0.18263562847932513,1121,1289,1472,0.00018703829846344888,0.00016417831648141146,0.00013551750453189015,0.315200434444705,0.3447107259562472,0.37225567756104283,0.0061200091825269936,0.015771735457413165,0.025741898787348592,0.09439334105490242,1536
adamw_bf16,AdamW + BF16,23,k_proj,attn,model.layers.23.self_attn.k_proj.weight,0.0014547012105647651,0.00020360269991215318,0.021821595108121983,225.0222102563549,51.0482119739184,0.9553709380027083,0.20718581607717224,179,208,242,6.502072210423648e-05,5.5742450058460236e-05,4.313226600061171e-05,0.017852212193247396,0.01960291020805016,0.021299637399351923,0.019589324705651216,0.07375906890439075,0.12956292102467984,0.436928820290722,256
adamw_bf16,AdamW + BF16,23,o_proj,attn,model.layers.23.self_attn.o_proj.weight,0.004030913219059324,0.0003949576348531991,0.12367996007509774,941.4381124736925,104.16117485899426,0.8943494197326181,0.43511896841943565,645,808,1091,8.011404133867472e-05,6.12366566201672e-05,3.417471452848986e-05,0.09158360680157784,0.1030492659920128,0.11639620664936956,0.00960050615168009,0.03427662539929509,0.05985275077870611,0.20654469378854462,1536
adamw_bf16,AdamW + BF16,23,q_proj,attn,model.layers.23.self_attn.q_proj.weight,0.0037665573052321905,0.00033397445804439485,0.1155592869458939,941.283721787396,127.1928360477061,0.8944873419557097,0.4355481911487553,642,807,1093,7.449235272360966e-05,5.6842018238967285e-05,3.175387973897159e-05,0.08540985468425788,0.09620088495648815,0.10876418489715434,0.007862078015344599,0.03139202092931715,0.05623134670495784,0.20365234436694804,1536
adamw_bf16,AdamW + BF16,23,v_proj,attn,model.layers.23.self_attn.v_proj.weight,0.0018164911083793573,0.00041892999433912337,0.02655512047567754,213.71253677453018,18.801116519984323,0.932959053964232,0.2326607784158239,171,202,240,7.828912930563092e-05,6.683010724373162e-05,5.084371514385566e-05,0.021365083543059882,0.023613719204149675,0.025852565115201287,0.05318833054074567,0.12317442766635178,0.18283123295613649,0.48717983469526294,256
adamw_bf16,AdamW + BF16,24,down_proj,mlp,model.layers.24.mlp.down_proj.weight,0.011260319894155725,0.0008869002340361476,0.41051883929321775,1329.1216354327778,161.195130470869,0.9610528403632893,0.21535868347783915,1061,1244,1454,0.00019993656314909458,0.00017221271991729736,0.00013584428234025836,0.33376149729883764,0.36781661746499594,0.4003575033566449,0.006203661345593308,0.024718851117480747,0.04132996713547907,0.12984739059836845,1536
adamw_bf16,AdamW + BF16,24,gate_proj,mlp,model.layers.24.mlp.gate_proj.weight,0.009341804366424062,0.0007117124041542411,0.3465109378666966,1375.8540279970466,172.28698312993015,0.9708566267137675,0.19151479017650552,1106,1280,1470,0.00016880326438695192,0.00014737423043698072,0.00012172667629783973,0.2857570566557115,0.3132773904071655,0.3389510612178128,0.0058042690273695866,0.015490133730189292,0.025654801899476075,0.09816245411618522,1536
adamw_bf16,AdamW + BF16,24,up_proj,mlp,model.layers.24.mlp.up_proj.weight,0.010072649812300986,0.0007851974805817008,0.37474855047184974,1384.17962587086,164.56204513671761,0.9723980869058217,0.18589179859009208,1115,1285,1471,0.00018411198107060045,0.0001610955805517733,0.00013231817865744233,0.3099520093674073,0.339300709834788,0.3666969034675276,0.006076735368530472,0.016563707158597365,0.027174509875949972,0.09725189452001462,1536
adamw_bf16,AdamW + BF16,24,k_proj,attn,model.layers.24.self_attn.k_proj.weight,0.0014904993592238206,0.00020755345758516341,0.02223235120618483,222.48831220876565,51.570773119786146,0.9516780525247475,0.21685890004352637,177,207,241,6.48478016955778e-05,5.6258133554365486e-05,4.45927435066551e-05,0.018130629883671645,0.019939190064178547,0.021675531072105514,0.019390828166900805,0.07416591712619637,0.13124274698695385,0.4503433928589953,256
adamw_bf16,AdamW + BF16,24,o_proj,attn,model.layers.24.self_attn.o_proj.weight,0.0042675569956755754,0.0004080004582647234,0.13115662935401673,944.5432177026597,109.40504733728602,0.8954225664541813,0.43438061220714896,646,808,1092,8.477094525005668e-05,6.49281864752993e-05,3.615901368902996e-05,0.09718201390933245,0.10925694820616627,0.12344779334307532,0.009140346120568726,0.032509535073660514,0.05681188830760682,0.20140536810602197,1536
adamw_bf16,AdamW + BF16,24,q_proj,attn,model.layers.24.self_attn.q_proj.weight,0.0037860699697131297,0.00034443900221958756,0.11658626124250482,948.2382698283305,120.82383788640428,0.8969980443232164,0.4339869406034105,648,810,1091,7.527144043706357e-05,5.775064346380532e-05,3.220397775294259e-05,0.08652565669035539,0.0972492232103832,0.10976161009966745,0.008276512462219388,0.027674422744846362,0.04969876984738152,0.19360255361609796,1536
adamw_bf16,AdamW + BF16,24,v_proj,attn,model.layers.24.self_attn.v_proj.weight,0.001696811711569997,0.0003761668049264699,0.024715004250538186,212.15539144546938,20.347280375540063,0.9322831710916573,0.2420578266540998,167,197,237,7.494099554605782e-05,6.291827594395727e-05,4.5804044930264354e-05,0.019790110556641594,0.021843656635610387,0.023980196019692812,0.049146617215838004,0.11852964027144428,0.17910142298745052,0.4885274348643255,256
adamw_bf16,AdamW + BF16,25,down_proj,mlp,model.layers.25.mlp.down_proj.weight,0.009749470523195048,0.000741539231967181,0.35817198181757703,1349.649999147556,172.8597161431366,0.9653186333031657,0.2046968103083966,1082,1261,1462,0.0001744645123835653,0.00015137289301492274,0.00012185062223579735,0.29311277078522835,0.3222548758785706,0.34983037238998804,0.005785037846365254,0.02089843799846883,0.0362306336272826,0.11967745789642491,1536
adamw_bf16,AdamW + BF16,25,gate_proj,mlp,model.layers.25.mlp.gate_proj.weight,0.00816998678058375,0.0006457420531660318,0.302931458412786,1374.8206407049302,160.07538948522173,0.9703811054567957,0.19094417264053143,1111,1285,1473,0.0001473833544878289,0.00012949436495546252,0.00010757862764876336,0.2500229336146731,0.2741079767001793,0.29648850524245063,0.006247056485171448,0.015906528335259427,0.026855723159627736,0.10172859653229785,1536
adamw_bf16,AdamW + BF16,25,up_proj,mlp,model.layers.25.mlp.up_proj.weight,0.009023025558468872,0.0007093035965226591,0.33454646061727544,1374.701808561771,161.82292659699434,0.9704943386507627,0.19143068099643057,1106,1279,1469,0.00016362348105758429,0.00014303305943030864,0.00011719961185008287,0.27583887628861703,0.3023742912191665,0.32721921154734446,0.006179594084900043,0.01740826878051325,0.02867514905598034,0.10197986529032757,1536
adamw_bf16,AdamW + BF16,25,k_proj,attn,model.layers.25.self_attn.k_proj.weight,0.0023877553870279094,0.0003357794776093215,0.035063068880845094,215.63546150912597,50.56748669529197,0.9430778804653135,0.24427414517956247,165,195,236,0.00010670787014532834,8.755885937716812e-05,6.190098793013021e-05,0.028066406746802386,0.03099149752233643,0.03402272318635369,0.019775552738576264,0.07687653940730933,0.1355403313609008,0.46881083500791754,256
adamw_bf16,AdamW + BF16,25,o_proj,attn,model.layers.25.self_attn.o_proj.weight,0.004000725846390219,0.0004133392358198762,0.12044130345608561,906.3027754955167,93.68376143136555,0.8861456573358195,0.4513120841765603,612,778,1069,7.924853707663715e-05,6.01958017796278e-05,3.326210571685806e-05,0.0881184893369209,0.09962106104649138,0.11306434045400238,0.010674208472432209,0.03773519688030689,0.06446845390731577,0.21915624414557563,1536
adamw_bf16,AdamW + BF16,25,q_proj,attn,model.layers.25.self_attn.q_proj.weight,0.004364558320157863,0.0006162654608488083,0.12576445951549609,830.3004158918093,50.158546853212776,0.8627910829430844,0.47700451239973374,557,729,1039,8.481271652271971e-05,6.386818859027699e-05,3.510594251565635e-05,0.08958448272460373,0.10229620529571548,0.11745613956009038,0.01993678171990239,0.050522845284798584,0.08454820803312277,0.2810558011537198,1536
adamw_bf16,AdamW + BF16,25,v_proj,attn,model.layers.25.self_attn.v_proj.weight,0.0020460337052094586,0.00039094185922294855,0.03000511840218678,215.06271404474256,27.39057942287362,0.9388093359595429,0.2362924373160007,170,200,236,9.000403952086344e-05,7.669669867027551e-05,5.6861968914745376e-05,0.02419491701584775,0.02667787345853867,0.029111871743225493,0.03650890273481799,0.10622270680050457,0.16593233155739834,0.47650257152440345,256
adamw_bf16,AdamW + BF16,26,down_proj,mlp,model.layers.26.mlp.down_proj.weight,0.009314620039431737,0.0008101350395008922,0.3413510859463713,1342.9884875542143,132.19512960541815,0.9636315229544677,0.2072242452701969,1078,1258,1462,0.00016587733989581466,0.00014393396850209683,0.0001156867656391114,0.27896714546659496,0.3068216979590943,0.3334024169089389,0.00756457520776177,0.026778528828926514,0.04093449017860685,0.12200961121586937,1536
adamw_bf16,AdamW + BF16,26,gate_proj,mlp,model.layers.26.mlp.gate_proj.weight,0.008083895341757144,0.000664199294988066,0.2988927728292765,1367.0659410103556,148.130518841682,0.9688346613885802,0.19547176171275438,1103,1280,1471,0.00014497248048428446,0.00012700051593128592,0.00010549612488830462,0.24606046557892114,0.2701246366923442,0.29240649317216594,0.006750803330870485,0.0167795332737421,0.027891428119632185,0.10455233453020087,1536
adamw_bf16,AdamW + BF16,26,up_proj,mlp,model.layers.26.mlp.up_proj.weight,0.008476860957021074,0.0006740749231539667,0.3132341028103838,1365.425341175242,158.14438531092406,0.9685824776102636,0.19665872338884616,1100,1276,1469,0.0001522223319625482,0.00013295147800818086,0.00010959477367578074,0.2577278482494876,0.2828139326447854,0.30632264589803526,0.006323335463563394,0.017522019011464194,0.02883359514950812,0.10600935482408233,1536
adamw_bf16,AdamW + BF16,26,k_proj,attn,model.layers.26.self_attn.k_proj.weight,0.0015714739822412732,0.00023947861336637288,0.02308520377118839,215.8007921548862,43.06068364963387,0.9392383932702482,0.23171886387723117,173,204,239,6.839088746346533e-05,5.884004713152535e-05,4.598067607730627e-05,0.018642783223185688,0.020610534971638117,0.022452027653343976,0.023223040491799126,0.09895542142218557,0.17276390320988955,0.4912961006521853,256
adamw_bf16,AdamW + BF16,26,o_proj,attn,model.layers.26.self_attn.o_proj.weight,0.00371080141362026,0.0004317377752158791,0.11113035952944816,896.8710630662199,73.87463162096415,0.8826601773444387,0.45344879181104014,608,773,1066,7.347597420448437e-05,5.5830663768574595e-05,3.0872390198055655e-05,0.08112530557264108,0.09173125600500498,0.10425646923977183,0.01353644651835015,0.04344607630320995,0.07275787673526807,0.233278012428332,1536
adamw_bf16,AdamW + BF16,26,q_proj,attn,model.layers.26.self_attn.q_proj.weight,0.003658246142617649,0.0004292012599762529,0.10871624275889502,883.1673858831243,72.6480347189557,0.8743986232353845,0.44982455275631583,614,784,1079,7.102708332240582e-05,5.4471809562528506e-05,3.03958458971465e-05,0.07901300011872081,0.08964373796334257,0.10202321557881078,0.013764997275818596,0.04956099033303598,0.08544200250043225,0.28095126347393073,1536
adamw_bf16,AdamW + BF16,26,v_proj,attn,model.layers.26.self_attn.v_proj.weight,0.001879859755363795,0.00034711899934336543,0.02691632388814469,205.01261737159996,29.328788965241838,0.9222825823895119,0.2673987287514674,159,192,235,8.061987318797037e-05,6.502147880382836e-05,4.679292396758683e-05,0.021241094123979565,0.02363805538334418,0.026060947515361477,0.03409619132876986,0.11876227431011586,0.19256723028019132,0.5306777917890013,256
adamw_bf16,AdamW + BF16,27,down_proj,mlp,model.layers.27.mlp.down_proj.weight,0.010335249482311137,0.0010121588129550219,0.37403590566827916,1309.738698804106,104.2664548066721,0.9575323863044017,0.22785806163020705,1036,1225,1448,0.0001808594970498234,0.00015460135182365775,0.00012025085743516684,0.301910707144998,0.33359676141117234,0.36437639974610647,0.009590812326497259,0.024299049245996563,0.03798868879848295,0.12763792757232145,1536
adamw_bf16,AdamW + BF16,27,gate_proj,mlp,model.layers.27.mlp.gate_proj.weight,0.007516690510433918,0.0006115491269156337,0.27704615966649726,1358.4727484126847,151.0743162299098,0.9670515725387333,0.199972121980742,1096,1275,1470,0.0001341069582849741,0.00011721139890141785,9.687532292446122e-05,0.22753321734489873,0.2500268850053544,0.27099276713852305,0.00661925881880655,0.017318206006494252,0.029093352711980103,0.11005818315430048,1536
adamw_bf16,AdamW + BF16,27,up_proj,mlp,model.layers.27.mlp.up_proj.weight,0.008239285910335225,0.000686102022882551,0.3030119375544018,1352.5095174226276,144.21211540980875,0.9659870689544734,0.2039386263471532,1087,1267,1466,0.00014655891573056579,0.0001276245602639392,0.00010446978558320552,0.24830003263195977,0.2729704038647469,0.29615250507049495,0.006934230159222696,0.018589428486375206,0.030412905261582104,0.1111416420780647,1536
adamw_bf16,AdamW + BF16,27,k_proj,attn,model.layers.27.self_attn.k_proj.weight,0.001522667106108217,0.0002132058871211484,0.02254300014101318,219.18634553878232,51.00485847676285,0.9459582586104989,0.2256802684436645,174,204,240,6.672863673884422e-05,5.702062844648026e-05,4.288009222364053e-05,0.01827425913506886,0.02013708517915802,0.02195817555184476,0.01960597538870904,0.08457309296921448,0.15204163615419491,0.46756241028501916,256
adamw_bf16,AdamW + BF16,27,o_proj,attn,model.layers.27.self_attn.o_proj.weight,0.0039030906751360965,0.0005555006209760904,0.11777131256619189,910.461842255991,49.36830130543099,0.8842321615092164,0.4446925572144824,625,789,1078,7.723501039436087e-05,5.8824269217438996e-05,3.273877882747911e-05,0.08642574204714037,0.09753413368525798,0.1106227213931561,0.02025591267184213,0.05266941772181325,0.08261227876834977,0.23305747209529903,1536
adamw_bf16,AdamW + BF16,27,q_proj,attn,model.layers.27.self_attn.q_proj.weight,0.003668172385631754,0.000428423605626449,0.10990018729164497,897.6300660846018,73.30822268456137,0.8801697111478278,0.4478840331675873,618,787,1081,7.156372885219753e-05,5.47249655937776e-05,3.044010190933477e-05,0.08017762206873158,0.09079761451721424,0.10319863086442638,0.013641034571290988,0.046479787634440974,0.0788406019790173,0.25286860070651446,1536
adamw_bf16,AdamW + BF16,27,v_proj,attn,model.layers.27.self_attn.v_proj.weight,0.0018652498128903074,0.0002564187452662736,0.026723907656560186,205.2702043204921,52.91447222083562,0.9280765877641974,0.27813110224665105,156,187,229,8.130781498039141e-05,6.838225817773491e-05,4.482611620915122e-05,0.02111659290676471,0.023427217427524738,0.025799424434808316,0.01889842150983866,0.08463331537136172,0.15533429381651065,0.5131286638154654,256
adamw_bf16,AdamW + BF16,3,down_proj,mlp,model.layers.3.mlp.down_proj.weight,0.01186431351074229,0.0006282837130129337,0.4482746338035213,1427.588695735012,356.5936663934741,0.9805599458869272,0.15624129805871223,1169,1324,1484,0.00022479235485661775,0.0002011098258662969,0.0001722391025396064,0.3767525499861222,0.4097704497835366,0.43975985515862703,0.0028043122866253487,0.011557980433006263,0.02112669684823992,0.08369126875389472,1536
adamw_bf16,AdamW + BF16,3,gate_proj,mlp,model.layers.3.mlp.gate_proj.weight,0.010962692575345082,0.0005434424965642393,0.41506764068617485,1433.51843381814,406.93709215901515,0.9817654738596444,0.15258480391074492,1175,1328,1486,0.00020841268997173756,0.00018692192679736763,0.00016077801410574466,0.34956897735537495,0.37981857908016536,0.4073893871245673,0.0024573822816064137,0.009862170483806871,0.01817736108169485,0.07734119362047163,1536
adamw_bf16,AdamW + BF16,3,up_proj,mlp,model.layers.3.mlp.up_proj.weight,0.012106812503146365,0.0007253483636304736,0.4585059119563084,1434.2677935312686,278.59053793315337,0.9817063438454711,0.1506231364807491,1179,1331,1487,0.00023047591093927622,0.00020752864656969905,0.0001785161584848538,0.38655000214930624,0.4198534596216632,0.45010317175183445,0.0035894973584492157,0.012889340021658313,0.022679500171478306,0.0820334221437343,1536
adamw_bf16,AdamW + BF16,3,k_proj,attn,model.layers.3.self_attn.k_proj.weight,0.0019516795948021208,0.0002401079545961693,0.02897653191939753,220.43257182375288,66.06994522104911,0.9499343136220081,0.2273538196071836,172,202,239,8.596134284744039e-05,7.196085061877966e-05,5.57405328436289e-05,0.02347530251427088,0.025833151754341088,0.028191818888444686,0.015135474937270143,0.0693380943363481,0.12452812043615322,0.4491961820609148,256
adamw_bf16,AdamW + BF16,3,o_proj,attn,model.layers.3.self_attn.o_proj.weight,0.005528826959520403,0.0004599191015586257,0.17599203593387536,1013.2579862730382,144.5117302192367,0.9119980063219105,0.4042734578068563,702,861,1129,0.00011057857045670971,8.577582775615156e-05,4.8541525757173076e-05,0.13298774087161291,0.14854195174120832,0.16639331297483295,0.00691985348513172,0.02324126063804853,0.04107734208218877,0.16086042792930438,1536
adamw_bf16,AdamW + BF16,3,q_proj,attn,model.layers.3.self_attn.q_proj.weight,0.005127837071719967,0.0003748588205780834,0.1619641961420646,997.6302383646622,187.12549693512508,0.9088368902917154,0.41218383860064645,688,847,1119,0.00010261122224619612,7.926135003799573e-05,4.454689405974932e-05,0.12190581797767663,0.13631123559753178,0.15300850475250627,0.0053440071843693865,0.022570000560668196,0.0417971588920193,0.16643131643045134,1536
adamw_bf16,AdamW + BF16,3,v_proj,attn,model.layers.3.self_attn.v_proj.weight,0.002256483800757459,0.0002777173649519682,0.03419994274736382,229.71339366044757,66.01739271186271,0.9624702569901,0.19078994419087048,184,212,244,0.0001017592367134057,8.840193913783878e-05,7.080467185005546e-05,0.028224294517713133,0.030876072494720574,0.03342619403701974,0.015147523386216815,0.0646421383373804,0.11690035051621928,0.4119716248655883,256
adamw_bf16,AdamW + BF16,4,down_proj,mlp,model.layers.4.mlp.down_proj.weight,0.011430987216933995,0.000647508364636451,0.4310039265692467,1421.657482844876,311.65687524273864,0.9794596649378569,0.16059312472211107,1162,1319,1482,0.00021535118867177516,0.00019224127754569054,0.0001633141509955749,0.36150800141331274,0.39351439880556427,0.42262003300129436,0.0032086569539694415,0.012352093188089908,0.021862647594980036,0.08526376989716535,1536
adamw_bf16,AdamW + BF16,4,gate_proj,mlp,model.layers.4.mlp.gate_proj.weight,0.01036434233969398,0.0005525924498215318,0.39121440473536495,1424.774637768074,351.7819933778074,0.9801138069779038,0.1589050290999554,1165,1321,1484,0.00019530604186002165,0.00017469159502070397,0.00014895763888489455,0.32846891750523355,0.3573278750991449,0.38380522167426534,0.0028426696613945736,0.011066892943885133,0.01974758162340411,0.08151307202857173,1536
adamw_bf16,AdamW + BF16,4,up_proj,mlp,model.layers.4.mlp.up_proj.weight,0.011618654673359862,0.0007415936561301351,0.43916733357764315,1428.724096633816,245.45940421311718,0.9806089171030111,0.1544073784838882,1173,1328,1486,0.0002203178300987929,0.00019768637139350176,0.00016982380475383252,0.3694736106117489,0.4018620698916493,0.43102269839437213,0.004073993429609085,0.013745200933930302,0.024230441408555996,0.0851619206410484,1536
adamw_bf16,AdamW + BF16,4,k_proj,attn,model.layers.4.self_attn.k_proj.weight,0.0020505611992270058,0.00028325209859758615,0.030362637513462687,219.24692891718533,52.40819451779963,0.9466666588980291,0.2274958397364173,173,203,240,9.004296589409932e-05,7.718517008470371e-05,5.80231353524141e-05,0.02459393379103858,0.02708971016545547,0.029570759703346994,0.019080985506195323,0.08112825516480372,0.14330714448769413,0.4660658243670258,256
adamw_bf16,AdamW + BF16,4,o_proj,attn,model.layers.4.self_attn.o_proj.weight,0.005173512298205962,0.00044884003000333905,0.1631338625834502,994.2996050792651,132.85802928483596,0.9079506888544723,0.4134626090546287,685,845,1117,0.0001035425448208116,7.990469748619944e-05,4.481034920900129e-05,0.12263708382670302,0.13725211294513429,0.1540659691527253,0.0075268315011363576,0.0247921817502765,0.044096913943914545,0.16929670400705815,1536
adamw_bf16,AdamW + BF16,4,q_proj,attn,model.layers.4.self_attn.q_proj.weight,0.005140835668315259,0.000413763482356444,0.1629015539562335,1004.1139747785522,154.3700789156876,0.9099041363375395,0.40833569938917513,696,855,1123,0.0001026109530357644,7.972114690346643e-05,4.52062304248102e-05,0.12290493451291695,0.13736246329790447,0.15394836151244817,0.006477939293832781,0.025635819849964676,0.04597216280866252,0.16815420174671644,1536
adamw_bf16,AdamW + BF16,4,v_proj,attn,model.layers.4.self_attn.v_proj.weight,0.002104734359625871,0.00026417322806082666,0.03188704122294439,229.52704451083534,63.477085130331815,0.9619946534929842,0.1901669322777022,185,212,244,9.578821482136846e-05,8.351721771759912e-05,6.552398554049432e-05,0.026382134936284274,0.028801705891964957,0.03119095353758894,0.015753716446601,0.06812793388008422,0.12048322407659003,0.41547654742843343,256
adamw_bf16,AdamW + BF16,5,down_proj,mlp,model.layers.5.mlp.down_proj.weight,0.01139268728896721,0.0006603591027669609,0.4288894445489859,1417.2235555154468,297.64049363924687,0.9785839764447738,0.16346990306856357,1158,1316,1481,0.00021393626229837537,0.0001907616388052702,0.00016181492537725717,0.3592538852681173,0.3912309305596864,0.4204852967232,0.0033597579004557196,0.012496011074557781,0.022367887758091967,0.08829971973767951,1536
adamw_bf16,AdamW + BF16,5,gate_proj,mlp,model.layers.5.mlp.gate_proj.weight,0.00986542337531938,0.0005190630326978862,0.37218148027022835,1423.2397415988728,361.23619231811386,0.9798780517051808,0.16029226863796686,1162,1319,1483,0.00018549832748249173,0.0001657782995607704,0.00014115484373178333,0.3122154625307303,0.33978532312903553,0.36505706516618375,0.0027682718987342616,0.01033826235635916,0.0189438298482867,0.08089135771945516,1536
adamw_bf16,AdamW + BF16,5,up_proj,mlp,model.layers.5.mlp.up_proj.weight,0.011399964297784192,0.000749755185097456,0.43067359177803155,1427.2153310362091,231.18945790484753,0.9802433139448805,0.15495014177335964,1173,1327,1486,0.00021577333973255008,0.0001937143679242581,0.0001665609743213281,0.36239406670210883,0.39394535550673027,0.4226949631702155,0.004325456744708394,0.015474079073293397,0.026020407561176215,0.0870818440743059,1536
adamw_bf16,AdamW + BF16,5,k_proj,attn,model.layers.5.self_attn.k_proj.weight,0.0016556502155395272,0.0002134109236067161,0.024659361872181762,221.8331712287752,60.187165284696064,0.9510559490306035,0.2192132526667303,175,205,239,7.405581709463149e-05,6.331162876449525e-05,4.7945359256118536e-05,0.02004475270950934,0.022090455822763033,0.02399647584388731,0.016614837985305025,0.07752798150063753,0.13709819855731048,0.44899446627186707,256
adamw_bf16,AdamW + BF16,5,o_proj,attn,model.layers.5.self_attn.o_proj.weight,0.005038846869409196,0.00043252698378637433,0.15963779813770884,1003.7120481846159,135.71751756662488,0.9093248538165267,0.4077779207087966,696,856,1127,0.00010058993939310312,7.765948976157233e-05,4.3894506234209985e-05,0.1202992330363486,0.13451206295576412,0.1508672305753862,0.007368245587818768,0.024792010363150086,0.044089852355123846,0.1712345875077046,1536
adamw_bf16,AdamW + BF16,5,q_proj,attn,model.layers.5.self_attn.q_proj.weight,0.004360539468160799,0.0003267432621214539,0.13780410794142905,998.7203167007931,178.1013298339945,0.9088264678035972,0.41118620019632424,691,850,1120,8.695691212778911e-05,6.734407361363992e-05,3.815914533333853e-05,0.10382497410319047,0.11605508223874494,0.13018385050963843,0.005614781208720252,0.023309884231191066,0.04289714535003037,0.16934090365450008,1536
adamw_bf16,AdamW + BF16,5,v_proj,attn,model.layers.5.self_attn.v_proj.weight,0.002208671155159761,0.0003171958087477833,0.033134628958578105,225.06196411647664,48.484981976753,0.9556735099645072,0.20743460891778787,179,208,242,9.779550600796938e-05,8.530494960723445e-05,6.626482354477048e-05,0.027119611579109915,0.029770405948511325,0.03235530512029072,0.020624943213951655,0.07343491913018976,0.12794630615798847,0.43295864177023674,256
adamw_bf16,AdamW + BF16,6,down_proj,mlp,model.layers.6.mlp.down_proj.weight,0.010919718564195696,0.0006312079494819045,0.41096840910904575,1416.4263182779544,299.2801901917226,0.9782709029317058,0.1631080706385022,1160,1319,1483,0.00020468579896260053,0.00018276640912517905,0.00015607097884640098,0.3443255758465966,0.37515997496666387,0.4030682167795021,0.003341350456103986,0.013802480535505294,0.024304209697249883,0.09200323733072212,1536
adamw_bf16,AdamW + BF16,6,gate_proj,mlp,model.layers.6.mlp.gate_proj.weight,0.009427743439166282,0.00048597357817925513,0.3554011989326682,1421.0922346565383,376.3485049619314,0.9795102363893096,0.16198691432031986,1158,1317,1482,0.00017692412075120956,0.00015763538249302655,0.00013429105456452817,0.2977606165368343,0.3243627960619051,0.34851734126277734,0.0026571116579861332,0.010361247393179318,0.019109517995015368,0.08139186014588579,1536
adamw_bf16,AdamW + BF16,6,up_proj,mlp,model.layers.6.mlp.up_proj.weight,0.010819637867797492,0.0006889140349812806,0.40896137432719115,1428.6937102243255,246.65810199226743,0.9805676225331378,0.15410782134915713,1173,1328,1485,0.0002051426999969408,0.00018420026754029095,0.00015838690160308033,0.34405441777198575,0.3742369934625458,0.4012444697727915,0.0040541948223997495,0.014605001870167453,0.02493532638145625,0.08644996779332188,1536
adamw_bf16,AdamW + BF16,6,k_proj,attn,model.layers.6.self_attn.k_proj.weight,0.0016110603190725669,0.00020935108477715403,0.02419937395643501,225.62367026726918,59.22065012667803,0.956615816002491,0.2059712684831112,179,208,242,7.193395140348002e-05,6.12386575085111e-05,4.8669080570107326e-05,0.019808500357612502,0.02174164589814609,0.023619776005944004,0.016886001721712184,0.0720032655298675,0.12798110164457147,0.4282212955122002,256
adamw_bf16,AdamW + BF16,6,o_proj,attn,model.layers.6.self_attn.o_proj.weight,0.004745743615155523,0.0003866833867505193,0.14969746632789338,994.9937561948395,150.6251584793213,0.9078473148688145,0.4126980855613418,687,847,1119,9.476619015913457e-05,7.316468690987676e-05,4.1264887840952724e-05,0.112592765239242,0.12595865128241712,0.141382720466936,0.006638997164190774,0.02464395742304195,0.044174186651496965,0.17149938447271348,1536
adamw_bf16,AdamW + BF16,6,q_proj,attn,model.layers.6.self_attn.q_proj.weight,0.004396055036264755,0.00030540479929186404,0.13975420753188317,1010.6564266663291,207.19273670696916,0.9118934081314851,0.4062701787767755,699,857,1124,8.82328167790547e-05,6.829440098954365e-05,3.855077375192195e-05,0.10560064288438298,0.11792755353235407,0.1320958078104013,0.004826424014150125,0.02118086675891329,0.03950171619932513,0.16008686659910767,1536
adamw_bf16,AdamW + BF16,6,v_proj,attn,model.layers.6.self_attn.v_proj.weight,0.0019778048800333714,0.00027518902788870037,0.029661505028343527,224.91554804512876,51.6540834844909,0.9553009884340625,0.20775750744688604,179,208,241,8.829657599562779e-05,7.661552808713168e-05,5.862683246959932e-05,0.024283457605633885,0.026665650999348145,0.028911467426951276,0.019359553641102728,0.07581138474126388,0.13186886425995675,0.43424513326216335,256
adamw_bf16,AdamW + BF16,7,down_proj,mlp,model.layers.7.mlp.down_proj.weight,0.010627776865491921,0.0005986670730635524,0.39978026242170017,1415.0045689535505,315.1476771528685,0.9780957531231791,0.16461664294955125,1157,1316,1481,0.0001990319724427536,0.00017761305207386613,0.00015097219147719443,0.3347510765743209,0.3647061514639063,0.39190881422837265,0.0031731155661189614,0.013026385606170683,0.023431224358818645,0.09095615395279079,1536
adamw_bf16,AdamW + BF16,7,gate_proj,mlp,model.layers.7.mlp.gate_proj.weight,0.009518709569816194,0.0005037414375692606,0.3590840998367639,1423.1025540846376,357.05966867060005,0.9798722936165707,0.16047979448470873,1161,1318,1483,0.00017914835189003497,0.00015980773605406284,0.0001358523586532101,0.30114489448897075,0.3277514996007085,0.35222605896706227,0.002800652349572796,0.010436580718835535,0.018999628004869665,0.08044846608951615,1536
adamw_bf16,AdamW + BF16,7,up_proj,mlp,model.layers.7.mlp.up_proj.weight,0.010418465928056531,0.0006751272012479603,0.39362644231005106,1427.4502414448193,238.14218768333288,0.9803432995709137,0.15503102118307277,1171,1325,1485,0.00019750841602217406,0.00017704276251606643,0.0001513828319730237,0.3310175650694873,0.35987331872456707,0.3862662051542429,0.00419917197254331,0.015765487179186185,0.02582701736706128,0.08530492520460628,1536
adamw_bf16,AdamW + BF16,7,k_proj,attn,model.layers.7.self_attn.k_proj.weight,0.0014547822623039062,0.00018398469546809793,0.0215688946100272,219.81624379451202,62.52196195636246,0.9478741154435198,0.22658662739089852,173,204,240,6.28757625236176e-05,5.4123785957926884e-05,4.1762606997508556e-05,0.01746544303750852,0.01927403622903512,0.021001433586206986,0.015994379714090793,0.07240511539941615,0.1354165999362171,0.46387909716767245,256
adamw_bf16,AdamW + BF16,7,o_proj,attn,model.layers.7.self_attn.o_proj.weight,0.004746322015479441,0.0004019930784124881,0.14978686716119682,995.9397711426835,139.40464622607576,0.9076374012045715,0.4114856465992063,690,850,1122,9.439483983442187e-05,7.297745469259098e-05,4.143056503380649e-05,0.11270809143024962,0.12606827133276965,0.14149411119069555,0.007173362058379868,0.026257875767509434,0.04649663121354392,0.1745665092392999,1536
adamw_bf16,AdamW + BF16,7,q_proj,attn,model.layers.7.self_attn.q_proj.weight,0.003981361640717669,0.00029290508246049285,0.12571009365772667,996.9584168065235,184.76063257634956,0.9086204769455042,0.41226253348203556,689,848,1117,7.964739052113146e-05,6.165333616081625e-05,3.485556590021588e-05,0.09467581485660048,0.10587694681453286,0.11873974580157665,0.0054124084013771985,0.023581267028362777,0.04368402566321397,0.16986745351611093,1536
adamw_bf16,AdamW + BF16,7,v_proj,attn,model.layers.7.self_attn.v_proj.weight,0.0019464764292054233,0.0002465950383339077,0.029511808912502602,229.87585754078552,62.305965452210245,0.9627516507743619,0.18979002723476168,185,212,244,8.782376244198531e-05,7.68603858887218e-05,6.0286572988843545e-05,0.024432586855255067,0.026651481974113267,0.028865336684248177,0.016049827536450217,0.06461901337499325,0.11689501258913561,0.41082906533586216,256
adamw_bf16,AdamW + BF16,8,down_proj,mlp,model.layers.8.mlp.down_proj.weight,0.01082747620619215,0.0006236544577404857,0.40656125314126257,1409.9298221405888,301.41607775892874,0.977109633285487,0.16800639199038847,1152,1312,1481,0.0002017256774706766,0.00017975243099499494,0.00015231792349368334,0.3398991288704565,0.37042784929508343,0.39859849940694403,0.0033176730565772795,0.013181143917850451,0.023840249256334534,0.09326958235394595,1536
adamw_bf16,AdamW + BF16,8,gate_proj,mlp,model.layers.8.mlp.gate_proj.weight,0.009831794728500876,0.0005481524858623743,0.3703086562163662,1418.607079798719,321.7087174756643,0.9790102506279219,0.16355882356863782,1156,1315,1482,0.0001841221092035994,0.0001640890259295702,0.00013899848272558302,0.3100875350937713,0.33774926491605584,0.3631478602765128,0.003108401935286834,0.011317601247817867,0.020118961940001123,0.08278617573204108,1536
adamw_bf16,AdamW + BF16,8,up_proj,mlp,model.layers.8.mlp.up_proj.weight,0.010425087274502878,0.0006506526260636747,0.3935834294970846,1425.3260168131378,256.72078074297565,0.979999344696849,0.15703297239451697,1168,1324,1485,0.00019693371723406017,0.0001764599437592551,0.0001508679415564984,0.3306382558657788,0.3597607080300804,0.38620689942035824,0.0038952826378367182,0.01443854639131946,0.024699516912269,0.08574766900261135,1536
adamw_bf16,AdamW + BF16,8,k_proj,attn,model.layers.8.self_attn.k_proj.weight,0.0014151328508713215,0.00020773660799022764,0.021061792977889127,221.5114876252731,46.40538216263656,0.951314209584908,0.22106554277865298,175,203,237,6.348779425024986e-05,5.5452415836043656e-05,3.940923124901019e-05,0.01717810595437186,0.018837721738236723,0.02047588612549589,0.021549224538121636,0.07503614025374955,0.13346259946724665,0.44327594123832453,256
adamw_bf16,AdamW + BF16,8,o_proj,attn,model.layers.8.self_attn.o_proj.weight,0.004605374111427521,0.0003899007278960198,0.14482492545862513,988.9100640290063,139.51526831811253,0.9058225894042841,0.4143384557645131,684,845,1119,9.165083611151204e-05,7.081030344124883e-05,3.977190863224678e-05,0.1087044322193833,0.12172379913681652,0.1367455545005214,0.0071676742771971955,0.027402048726018223,0.048915896231247084,0.18016236971348293,1536
adamw_bf16,AdamW + BF16,8,q_proj,attn,model.layers.8.self_attn.q_proj.weight,0.004060400611508466,0.00030566813074983656,0.12862660700327555,1003.5149766176785,176.45641304095068,0.9099312431665666,0.408984788766773,694,853,1123,8.12687212601304e-05,6.294464401435107e-05,3.532197661115788e-05,0.0969693053921219,0.10838794088340364,0.1215618815367634,0.005667121884473122,0.023364192643659853,0.0429689835779369,0.16657308868670545,1536
adamw_bf16,AdamW + BF16,8,v_proj,attn,model.layers.8.self_attn.v_proj.weight,0.001877922452078324,0.00026408315170556307,0.028448304554331116,229.4866724331102,50.56778370815991,0.9621461647335349,0.1913747846491589,184,212,244,8.486789738526568e-05,7.298027776414528e-05,5.9385787608334795e-05,0.023497343514463864,0.02569736318400828,0.027825952955026878,0.019775436585697827,0.06547566360546724,0.1155262881744295,0.41081477310562214,256
adamw_bf16,AdamW + BF16,9,down_proj,mlp,model.layers.9.mlp.down_proj.weight,0.01081369128331978,0.0006286895368248224,0.4055334167496767,1406.388672245781,295.8526534358914,0.9763919791183149,0.17013234519658815,1148,1310,1480,0.00020099167886655778,0.00017878304061014205,0.00015122711192816496,0.3385521353047807,0.3693133067135932,0.3974820870353142,0.003380060947185965,0.013855841141613558,0.024844730374456794,0.09550400330378413,1536
adamw_bf16,AdamW + BF16,9,gate_proj,mlp,model.layers.9.mlp.gate_proj.weight,0.009980238097397013,0.0005503514548763633,0.37621638366545085,1420.9984505137484,328.8528173281952,0.9794515067604301,0.16184273077339428,1159,1317,1482,0.0001873074797913432,0.0001669815683271736,0.00014197449490893632,0.3152916473482037,0.3433008575666463,0.3689128628320759,0.003040874054613921,0.010932999713685875,0.019626325161942428,0.0818408190752947,1536
adamw_bf16,AdamW + BF16,9,up_proj,mlp,model.layers.9.mlp.up_proj.weight,0.010439188785958467,0.0006408080225810409,0.3941609221219551,1425.6523273078647,265.38576414803134,0.980099307239778,0.15696460755344765,1168,1323,1484,0.00019734611851163208,0.0001765264751156792,0.00015076331328600645,0.3312200143118389,0.3602102500590263,0.3866809838655172,0.003768099631155058,0.014546984499980454,0.024446057757267513,0.08508436027168784,1536
adamw_bf16,AdamW + BF16,9,k_proj,attn,model.layers.9.self_attn.k_proj.weight,0.0015278599951708,0.0001997839572140947,0.022566315899894107,218.14949276516845,58.485188908390285,0.9457811274469861,0.2331710640562361,170,201,238,6.743608537362888e-05,5.64070614927914e-05,4.1684652387630194e-05,0.01818625465966761,0.02009407327932422,0.02193616399745224,0.01709834607128267,0.07781002574778938,0.13946685976980014,0.46677904740984144,256
adamw_bf16,AdamW + BF16,9,o_proj,attn,model.layers.9.self_attn.o_proj.weight,0.004634232937806702,0.0004273563390597701,0.14521621775210347,981.916420868514,117.59136146694615,0.9041139025505053,0.41736199944296537,678,840,1116,9.192105062538758e-05,7.095460023265332e-05,3.9942660805536434e-05,0.10875954996299697,0.12191092438297346,0.13707930700911675,0.008504026040051342,0.028402590692888856,0.05010061343647152,0.18409498239158253,1536
adamw_bf16,AdamW + BF16,9,q_proj,attn,model.layers.9.self_attn.q_proj.weight,0.0038862134317396934,0.00036017404636368155,0.1205204680116907,961.7635684912168,116.42023377473922,0.899833640750331,0.4270578723353391,662,822,1097,7.776488200761378e-05,5.9782571042887866e-05,3.3364958653692156e-05,0.08992470453085843,0.10088786037886166,0.11358181322793826,0.0085895721695156,0.032836406473559974,0.05773622373300822,0.19522799948426256,1536
adamw_bf16,AdamW + BF16,9,v_proj,attn,model.layers.9.self_attn.v_proj.weight,0.0019399398698998283,0.0003011111984960735,0.028784949910914293,220.16811214068247,41.507131666924785,0.9467798625894261,0.22071362076776335,176,206,242,8.376850746572018e-05,7.286779145943001e-05,5.5877073464216664e-05,0.02342081996903289,0.025769531988771632,0.028092872929846635,0.024092245352546397,0.09241370063225601,0.15374073519839287,0.4633472501741022,256
muon_fp32,Muon + FP32,-1,embed,embed,model.embed_tokens.weight,0.04505505785927555,0.02243068814277649,1.1662350193655584,670.0158133616668,4.034613234613316,0.6846423932340041,0.3552038489583498,584,883,1327,0.0006647785194218159,0.000508284370880574,0.00034907262306660414,0.7391099144006148,0.9125420782947913,1.1013711297127884,0.24785523217465028,0.3844873407757204,0.4417598716728366,0.5890207580831459,1536
muon_fp32,Muon + FP32,0,down_proj,mlp,model.layers.0.mlp.down_proj.weight,0.03786572089724327,0.0016856464790180326,1.42752937975456,1421.27347653871,504.61419520560963,0.9800053313529739,0.16297709894831214,1142,1300,1475,0.0007169768796302378,0.0006261643720790744,0.0005103134899400175,1.1919674832024612,1.2981787825701758,1.3980915791471489,0.0019817119880913,0.00962849523096132,0.018561939012680717,0.07874420466967341,1536
muon_fp32,Muon + FP32,0,gate_proj,mlp,model.layers.0.mlp.gate_proj.weight,0.031726386299389446,0.0016712641809135675,1.0963999131308029,1194.2541775804175,360.3719710139541,0.9470497000250164,0.30694086670532883,854,988,1237,0.0006924160406924784,0.0005317569011822343,0.00027691436116583645,0.8643233760958537,0.9463444306747988,1.0445558687788434,0.0027749105935913052,0.013445936355060034,0.025813697165619737,0.1052354870335542,1536
muon_fp32,Muon + FP32,0,up_proj,mlp,model.layers.0.mlp.up_proj.weight,0.03143718070588179,0.0017024020198732615,1.080168508517147,1180.5811379723498,341.0067150677765,0.9446582832119194,0.31517031768746406,842,976,1227,0.000681331439409405,0.000525160925462842,0.00027184109785594046,0.8492687846301123,0.9302443072083406,1.028073256573407,0.0029324935721610225,0.013709093924145899,0.026385397858813928,0.10796366852925757,1536
muon_fp32,Muon + FP32,0,k_proj,attn,model.layers.0.self_attn.k_proj.weight,0.0066114505777937595,0.0007246012100949883,0.10163197517977096,236.30190367487216,83.25213919834462,0.9728140815616798,0.16518059087832393,190,216,245,0.00030975553090684116,0.0002708971733227372,0.00021552092221099883,0.08492759367800318,0.0924374156165868,0.09950314718298614,0.012011703358367083,0.05163687942294827,0.09483239341593935,0.36271964436538306,256
muon_fp32,Muon + FP32,0,o_proj,attn,model.layers.0.self_attn.o_proj.weight,0.01166824659034754,0.0007282660226337612,0.36457547192190454,976.2559547203259,256.70309252028983,0.9115528885801298,0.4315473342843379,665,800,1044,0.000254414277151227,0.00019496331515256315,0.00010381952597526833,0.2775993278773967,0.3077659714181209,0.34358621918363497,0.003895551043745061,0.017460125863168523,0.03352332077503661,0.1378797939535598,1536
muon_fp32,Muon + FP32,0,q_proj,attn,model.layers.0.self_attn.q_proj.weight,0.009765985664494697,0.0007703573210164905,0.26872904682855714,757.176381341841,160.71178934358892,0.8725392362518254,0.5551026487080175,499,607,818,0.00023899335064925253,0.00018021366850007325,9.097280417336151e-05,0.20066089602187276,0.2232079917594092,0.25106083319406025,0.006222318873334676,0.024755305069112655,0.045928373212966625,0.18035810964155996,1536
muon_fp32,Muon + FP32,0,v_proj,attn,model.layers.0.self_attn.v_proj.weight,0.00646606608302781,0.0007226900197565556,0.09909703508310486,234.87729908854615,80.05273296321569,0.9697897571691494,0.16946094265928036,192,218,247,0.0002956562675535679,0.0002633976691868156,0.00021915545221418142,0.0829846927372273,0.09022704846574925,0.09722960006911308,0.012491765902102317,0.05607440013466641,0.10403012188026241,0.3911297794776965,256
muon_fp32,Muon + FP32,1,down_proj,mlp,model.layers.1.mlp.down_proj.weight,0.02135087228984228,0.0018001578282564878,0.6782236307408311,1009.0544203133092,140.67278281754915,0.8929768368785244,0.36627389711032476,717,948,1322,0.00035909420694224536,0.0002717605675570667,0.0001712494995445013,0.49314232042524964,0.5654674287361559,0.6471750922501087,0.007108695655057792,0.032802486113194876,0.06287549489354546,0.24882719154747376,1536
muon_fp32,Muon + FP32,1,gate_proj,mlp,model.layers.1.mlp.gate_proj.weight,0.03819331209333524,0.0016855685971677303,1.4517870811221698,1444.8781101986142,513.4306372410124,0.9843695555930452,0.14265215087410543,1180,1324,1477,0.0007515136385336518,0.0006690722657367587,0.0005528090405277908,1.22682502027601,1.3293075921828859,1.423473421833478,0.001947682758811653,0.009168202890731196,0.017559975027746588,0.07389581033596268,1536
muon_fp32,Muon + FP32,1,up_proj,mlp,model.layers.1.mlp.up_proj.weight,0.0381725248078369,0.0017235128907486796,1.4499109444318705,1442.7161192514618,490.53804967046614,0.9839666645900246,0.1445740501770898,1178,1323,1477,0.0007473779260180891,0.0006652435986325145,0.000552607758436352,1.2245912826037966,1.3271820826339535,1.4215388566954061,0.0020385778446173146,0.009457278394319969,0.017972592337052725,0.07413772747651452,1536
muon_fp32,Muon + FP32,1,k_proj,attn,model.layers.1.self_attn.k_proj.weight,0.0065377255645496625,0.0007005297229625285,0.0997851871943567,232.95861757917498,87.09640686574862,0.9681505892122964,0.18043628410101542,186,213,244,0.00029879738576710224,0.0002584473986644298,0.0002045233704848215,0.08284420039854012,0.09037739579798654,0.09754921370767988,0.01148152990445876,0.05134483260517414,0.09704141415498437,0.381908235790575,256
muon_fp32,Muon + FP32,1,o_proj,attn,model.layers.1.self_attn.o_proj.weight,0.012223013350220453,0.0006912012468092144,0.39138353044506324,1025.2942473574196,312.7141596549024,0.9212770781569083,0.4052104304927202,711,845,1078,0.00026558537501841784,0.00020607841724995524,0.00011197672574780881,0.3017658877943177,0.3333282052917639,0.3700936745663057,0.0031978085069878383,0.015157173067921435,0.029040926818626942,0.12230004584816329,1536
muon_fp32,Muon + FP32,1,q_proj,attn,model.layers.1.self_attn.q_proj.weight,0.010738941490781053,0.0007112973253242671,0.32440713244375213,912.5524506831679,227.9400300279379,0.8990623136803825,0.465465477475834,606,739,990,0.00023795015295036137,0.0001789991947589442,9.300427336711437e-05,0.24317712616175413,0.27076572470832616,0.3041598201234592,0.0043871188394483986,0.019072873092707523,0.03641417169692605,0.15099972133693218,1536
muon_fp32,Muon + FP32,1,v_proj,attn,model.layers.1.self_attn.v_proj.weight,0.006651389791319157,0.0007309465436264873,0.10206133181054611,235.44944080127522,82.80442875139079,0.9710758748484566,0.16846458350162363,190,217,246,0.00030859114485792816,0.00026765893562696874,0.00022120018547866493,0.08509872978902422,0.09283962834160775,0.09996957489056513,0.012076648738225901,0.052956193341201295,0.09901994474722348,0.3784420156169541,256
muon_fp32,Muon + FP32,10,down_proj,mlp,model.layers.10.mlp.down_proj.weight,0.03883714028898612,0.0016676728846505284,1.4818887604633346,1455.917346737296,542.3413936226282,0.9859887526583235,0.13450805974339253,1196,1340,1488,0.0007610951433889568,0.0006842673756182194,0.0005861317040398717,1.2565875443979166,1.3606689317384735,1.4550337826367468,0.0018438570460580033,0.008563692853094896,0.01635680616204078,0.06951621727312328,1536
muon_fp32,Muon + FP32,10,gate_proj,mlp,model.layers.10.mlp.gate_proj.weight,0.0394143471041958,0.0016406538197770715,1.5098816155749972,1467.4966566907294,577.1314826784629,0.9880996156682671,0.1237925060590288,1215,1354,1492,0.000783595081884414,0.0007112683961167932,0.0006225549150258303,1.2877338859252632,1.3917022462119348,1.4841539273620583,0.0017327074159236772,0.007832551377423481,0.014992983584263915,0.06408312323096593,1536
muon_fp32,Muon + FP32,10,up_proj,mlp,model.layers.10.mlp.up_proj.weight,0.03907503700306768,0.001656802138313651,1.4934018254460426,1460.6782407925593,556.2339633381384,0.9869310209459181,0.1302012404100088,1203,1345,1489,0.0007694008527323604,0.0006945204804651439,0.0006005766335874796,1.2691921954392456,1.3732865307829343,1.4669127810630016,0.0017978046396136605,0.008078205168935076,0.015375120349257723,0.06559942292530067,1536
muon_fp32,Muon + FP32,10,k_proj,attn,model.layers.10.self_attn.k_proj.weight,0.006520206230045626,0.000716600741725415,0.10107472741219681,240.30482597031792,82.78814623474639,0.9778220734989638,0.14526400952718954,198,223,248,0.00030879181576892734,0.00027540785958990455,0.00023646350018680096,0.08556980779394507,0.09286161238560453,0.09927938038890716,0.012079023936162222,0.05035974691463913,0.09336370051185362,0.3515728395796934,256
muon_fp32,Muon + FP32,10,o_proj,attn,model.layers.10.self_attn.o_proj.weight,0.013185848755813427,0.000679582473821938,0.44765857358525807,1152.5973934169856,376.4712707014662,0.9415368040095093,0.3327698440411322,825,969,1201,0.0002735745219979435,0.0002166108024539426,0.00012615723244380206,0.35191467791446485,0.3871995051013073,0.42684809979982674,0.002656245184756685,0.012149636785007847,0.02308022766256904,0.09942033218709403,1536
muon_fp32,Muon + FP32,10,q_proj,attn,model.layers.10.self_attn.q_proj.weight,0.012320468746462119,0.0006866840994916856,0.40558893693965103,1083.721621475619,321.9144564745877,0.9297111350294338,0.3719070594441283,758,902,1146,0.0002572576922830194,0.00020096708612982184,0.00011279192403890193,0.31400727332220413,0.34692837824695744,0.3848624840611592,0.003106415322105738,0.014681623356367685,0.027542707959511695,0.11350495348039069,1536
muon_fp32,Muon + FP32,10,v_proj,attn,model.layers.10.self_attn.v_proj.weight,0.0061068947081581665,0.0006677451892755926,0.09374436853977386,235.64026999215312,83.6410215913779,0.9709701610793273,0.16671286574390765,193,219,247,0.0002788585261441767,0.0002489716571290046,0.00021088858193252236,0.07864605539361946,0.08548911818070337,0.09192626459116582,0.01195585588236149,0.05435602906142938,0.10085020275521711,0.38493001989622766,256
muon_fp32,Muon + FP32,11,down_proj,mlp,model.layers.11.mlp.down_proj.weight,0.03893301246145739,0.001695537706837058,1.4866424583015032,1458.0655419426214,527.2554926480052,0.9863646154914468,0.13264015776634652,1200,1343,1489,0.0007636829977855086,0.0006876889965496957,0.0005917794187553227,1.2623238824889995,1.3662104884861037,1.4600323143531568,0.0018966137175314324,0.008416395967727338,0.016069778743528135,0.06855004134174855,1536
muon_fp32,Muon + FP32,11,gate_proj,mlp,model.layers.11.mlp.gate_proj.weight,0.039214088629774234,0.0016488196561113,1.5014670168166049,1466.0451332334399,565.6371687971817,0.9877938472079385,0.1254874254224605,1212,1351,1491,0.0007774460827931762,0.0007051279535517097,0.0006120104226283729,1.2795335454284213,1.3826647080131806,1.4752649366273545,0.0017679177663067719,0.007974031329981517,0.015105044515792988,0.06415421088924651,1536
muon_fp32,Muon + FP32,11,up_proj,mlp,model.layers.11.mlp.up_proj.weight,0.038956450072738756,0.0016507041873410344,1.488563561142655,1460.0778675924478,556.9551748396436,0.986771661085261,0.13100439583266765,1202,1344,1489,0.0007664254517294466,0.0006922236643731594,0.0005936289671808481,1.2648931964649819,1.3685695810709149,1.462181801092811,0.0017954766293138693,0.008016677564360147,0.015377518987552387,0.06577497672963509,1536
muon_fp32,Muon + FP32,11,k_proj,attn,model.layers.11.self_attn.k_proj.weight,0.006501180083964552,0.0007015203591436148,0.10085703608638141,240.67335387019193,85.88233302329856,0.9786332741588896,0.14407107685392218,197,222,247,0.00030976824928075075,0.00027646348462440073,0.00023658675490878522,0.0852000457525719,0.09252025937894359,0.09891555039212108,0.011643838316883117,0.04870318182886966,0.08863437914139034,0.3435379320563326,256
muon_fp32,Muon + FP32,11,o_proj,attn,model.layers.11.self_attn.o_proj.weight,0.012986032924261762,0.000684105500113219,0.4375140936886197,1135.0920863250997,360.3353211430034,0.9385904289675888,0.3429273379978073,807,951,1187,0.00026996555970981717,0.00021307930001057684,0.00012208604312036186,0.3424650520319119,0.37722668846254237,0.41663580475142226,0.002775192831021797,0.012343453011153215,0.023518542242729045,0.10199281301371976,1536
muon_fp32,Muon + FP32,11,q_proj,attn,model.layers.11.self_attn.q_proj.weight,0.011982342857851378,0.0006546450895257294,0.3905696088743049,1062.46200800246,335.0207103407913,0.9260835286702696,0.3838475778497057,737,880,1128,0.0002525335585232824,0.0001945503754541278,0.00010812569234985858,0.3009886928484775,0.3328778936265735,0.37002248220233014,0.002984890095250456,0.01416569900428948,0.02715173210187023,0.11578737043120794,1536
muon_fp32,Muon + FP32,11,v_proj,attn,model.layers.11.self_attn.v_proj.weight,0.006066681948646151,0.0006688779103569686,0.09316458554530982,235.83011244573666,82.26379626414469,0.9712986357471445,0.16604203019488128,193,219,247,0.00027772001340053976,0.0002461165131535381,0.0002110531204380095,0.07816505248774774,0.08497289530350827,0.09137613748316653,0.012156015713024633,0.05304866265017943,0.09946723528274395,0.3835792131468659,256
muon_fp32,Muon + FP32,12,down_proj,mlp,model.layers.12.mlp.down_proj.weight,0.038832027683385305,0.0016589215956628323,1.4812530867638998,1455.0516158310268,547.9342092262584,0.985853799317877,0.1354119971672476,1194,1339,1488,0.0007596732466481626,0.0006813729414716363,0.0005831433809362352,1.2552448518108577,1.3598079131334089,1.454475550330244,0.0018250366251307921,0.008402271334736762,0.016111393798911987,0.06877872559658817,1536
muon_fp32,Muon + FP32,12,gate_proj,mlp,model.layers.12.mlp.gate_proj.weight,0.039063042724883236,0.0016594144981354475,1.4920422821225543,1458.9154509717862,554.1436703818206,0.9866394901506946,0.13172887864899585,1200,1342,1488,0.0007697194814682007,0.0006935994606465101,0.0005935750668868423,1.2671934204990976,1.3711165663553402,1.465477880090475,0.0018045861632074076,0.008386006348388556,0.015803609511930057,0.06613979613551957,1536
muon_fp32,Muon + FP32,12,up_proj,mlp,model.layers.12.mlp.up_proj.weight,0.03870712752189345,0.0016420980682596564,1.4753044261744321,1452.7182893043362,555.6274664306741,0.9855679128609854,0.13727982807742478,1190,1335,1486,0.0007557442295365036,0.0006788934697397053,0.0005747951800003648,1.2492714108084328,1.3533970178104937,1.4485292470199056,0.0017997670389189994,0.008623135142294583,0.01619930133037043,0.06772007087394848,1536
muon_fp32,Muon + FP32,12,k_proj,attn,model.layers.12.self_attn.k_proj.weight,0.006371561597576236,0.0006450630608014762,0.09877175379369874,240.31105955017662,97.56351220433108,0.978015091678184,0.14588156523008955,197,222,248,0.0003023300669156015,0.0002718031464610249,0.0002295688900630921,0.08342066104523838,0.09057524337549694,0.0970713998976862,0.010249733505961338,0.0482739863624122,0.09053985389104995,0.349220527505463,256
muon_fp32,Muon + FP32,12,o_proj,attn,model.layers.12.self_attn.o_proj.weight,0.012697844400673085,0.0006799318362027407,0.4232930270337789,1111.2767465055729,348.76207182392307,0.9346625089574122,0.3565270801250542,783,926,1166,0.0002660853788256645,0.0002080081176245585,0.00011751057172659785,0.3296269730781205,0.3634926075756084,0.40231038589263335,0.002867284262793526,0.013130288397075345,0.024675717639796278,0.10575816868025051,1536
muon_fp32,Muon + FP32,12,q_proj,attn,model.layers.12.self_attn.q_proj.weight,0.011966534698000929,0.0006873272941447794,0.38847373259775964,1053.8687047942396,303.1165353001082,0.9250462819963851,0.3888437605789359,731,872,1116,0.0002534406667109579,0.00019633193733170629,0.00010865863441722468,0.299446700635599,0.33104624575935304,0.36789156765007647,0.0032990611977334883,0.014545460839954144,0.027338981115214787,0.11612061607475906,1536
muon_fp32,Muon + FP32,12,v_proj,attn,model.layers.12.self_attn.v_proj.weight,0.006121598870283818,0.0006850108620710671,0.09410230568028055,236.30384743201955,79.86101402206687,0.9719707548758169,0.16380598036288063,193,220,247,0.00028308641049079597,0.00024976013810373843,0.00021141678735148162,0.07887763844337314,0.08604145547724329,0.09229191827762406,0.012521754353428121,0.05361579753758529,0.09955497309553765,0.37984081030676065,256
muon_fp32,Muon + FP32,13,down_proj,mlp,model.layers.13.mlp.down_proj.weight,0.038854273989680756,0.0016556171467527747,1.4835989015409723,1457.9929011980587,550.7541337975425,0.9863582383525377,0.13284031453921918,1200,1343,1489,0.0007613876950927079,0.0006863634334877133,0.0005917969392612576,1.259727034252137,1.3633073286619037,1.4569792753318325,0.0018156922275005575,0.008260268862974972,0.01573944593071731,0.06769313210089851,1536
muon_fp32,Muon + FP32,13,gate_proj,mlp,model.layers.13.mlp.gate_proj.weight,0.039090411129035316,0.0016283963341265917,1.4954644383396953,1463.5639515524963,576.2623476263914,0.987360937940851,0.1279392535584034,1207,1348,1491,0.0007720346329733729,0.0006980980397202075,0.000603844819124788,1.2721852526301518,1.3758785127429292,1.4693773041362874,0.0017353207338965876,0.007757259551062035,0.014848321989423981,0.06447944202940784,1536
muon_fp32,Muon + FP32,13,up_proj,mlp,model.layers.13.mlp.up_proj.weight,0.038897694411257025,0.0016770564252510667,1.4861089966725558,1459.6663844435448,537.962954957408,0.9866902284161309,0.13147501303527953,1201,1344,1489,0.0007643237477168441,0.0006891514058224857,0.0005917029338888824,1.26223668520106,1.3662028488470241,1.459554944827687,0.0018588640552009252,0.008119490384783518,0.015288810221127084,0.06545130610064577,1536
muon_fp32,Muon + FP32,13,k_proj,attn,model.layers.13.self_attn.k_proj.weight,0.006640977796902608,0.0006744943093508482,0.10291773034259677,240.1686648285421,96.940995815193,0.978043476572123,0.1472897401298885,196,221,247,0.0003141069319099188,0.00027905573369935155,0.0002366849221289158,0.08684994571376592,0.09424151937128045,0.10093727090861648,0.010315553204202549,0.046643813952343564,0.08586974004622062,0.3450197104649262,256
muon_fp32,Muon + FP32,13,o_proj,attn,model.layers.13.self_attn.o_proj.weight,0.012831651905738702,0.0006729307351633906,0.43079964091059253,1127.1598898407112,363.60044847285735,0.9372023232579866,0.3474867611272454,799,943,1181,0.00026684693875722587,0.00021033294615335763,0.00011985345918219537,0.33655581061611883,0.37087690488260705,0.40998470839258516,0.0027502716352525336,0.012421551066330182,0.0236550630515732,0.10345836489734056,1536
muon_fp32,Muon + FP32,13,q_proj,attn,model.layers.13.self_attn.q_proj.weight,0.011677806311959733,0.0006639175699092448,0.3751084779436056,1031.789785738185,309.38140800038775,0.9207559906760534,0.4007979738758809,709,851,1101,0.00024730816949158907,0.00019052116840612143,0.00010429375834064558,0.2872927123098634,0.3182657826982904,0.3546280704322271,0.0032322562834763056,0.015081796107715094,0.028524757853370726,0.12179059423412893,1536
muon_fp32,Muon + FP32,13,v_proj,attn,model.layers.13.self_attn.v_proj.weight,0.0060757706594512535,0.0006781332194805145,0.09324992315669078,235.5560269488692,80.27359361836591,0.9708544521122748,0.16698073349792342,192,219,247,0.00027964607579633594,0.0002466110454406589,0.00020961713744327426,0.07800322270486504,0.08508311514742672,0.0914586268045241,0.012457396697028007,0.05519817109716724,0.10205829004344216,0.38470414813232784,256
muon_fp32,Muon + FP32,14,down_proj,mlp,model.layers.14.mlp.down_proj.weight,0.03897132680338319,0.0015689701540395617,1.489148378954269,1460.1099563831085,616.9656986161037,0.9867454518339336,0.13105818095363708,1202,1345,1490,0.0007657231180928648,0.0006901540909893811,0.0005965057644061744,1.264940952823963,1.3691476205713116,1.462816113838926,0.0016208356513872139,0.007858454443400088,0.01514759457834926,0.06628097663667572,1536
muon_fp32,Muon + FP32,14,gate_proj,mlp,model.layers.14.mlp.gate_proj.weight,0.039252268041282116,0.0016772059025242925,1.5021147428196855,1464.4572740626347,547.7176642389709,0.9875128640894442,0.12698525058633714,1209,1349,1491,0.000776954460889101,0.0007034590234979987,0.0006067154463380575,1.278808388975449,1.3825285956263542,1.4760435916832648,0.0018257581693835914,0.008046956588203228,0.015236602820728253,0.06475025016286358,1536
muon_fp32,Muon + FP32,14,up_proj,mlp,model.layers.14.mlp.up_proj.weight,0.038567847613469014,0.001741059124469757,1.4697553837031592,1452.2430752906082,490.70870917987077,0.9854298715498168,0.1379516393022424,1188,1333,1485,0.0007541922968812287,0.0006750774919055402,0.000567937211599201,1.2437066885177046,1.3473925776779652,1.442401360720396,0.0020378688645475967,0.008625543099272569,0.016066042729132958,0.06765010555278508,1536
muon_fp32,Muon + FP32,14,k_proj,attn,model.layers.14.self_attn.k_proj.weight,0.006218646404978626,0.0006465993938036263,0.09618311379745137,239.22465594219778,92.49561416761874,0.9766117232527335,0.1519154639927769,195,221,248,0.0002919025719165802,0.00025872045080177486,0.00021669133275281638,0.08096905428101309,0.08809069791459478,0.09452230982424226,0.010811323423268694,0.04735257579406335,0.08800276746734247,0.35273658860033075,256
muon_fp32,Muon + FP32,14,o_proj,attn,model.layers.14.self_attn.o_proj.weight,0.012290334077149061,0.0006622562650591135,0.39746711050894346,1045.8635298536524,344.40958160798783,0.9268849045157869,0.39455148312581145,740,873,1095,0.00026559128309600055,0.00020931185281369835,0.00011841272498713806,0.31032902453443967,0.34186359601153526,0.3780225390000851,0.002903519685286268,0.013091809793276992,0.024782990791270408,0.10928184720831584,1536
muon_fp32,Muon + FP32,14,q_proj,attn,model.layers.14.self_attn.q_proj.weight,0.010957134355182065,0.0006654172320850194,0.33513886782078517,935.5254842898431,271.14767633366836,0.9065928382590517,0.45601077777891175,637,764,996,0.00024591581313870847,0.000188254562090151,9.931121894624084e-05,0.2556506697728764,0.28309507125231903,0.3159196984488517,0.0036880271795854225,0.01697248843555405,0.03171844469910884,0.13359433384010602,1536
muon_fp32,Muon + FP32,14,v_proj,attn,model.layers.14.self_attn.v_proj.weight,0.00614930377604644,0.0006654827739112079,0.09511433372972533,239.2434434312651,85.38434655219055,0.9763283641736868,0.15068442595967735,196,222,248,0.0002875389182008803,0.0002568895579315722,0.00021892123913858086,0.08015593327581882,0.08722695577307604,0.09343076481309254,0.011711748586009936,0.051824458711156735,0.09435107843138324,0.3578696667636217,256
muon_fp32,Muon + FP32,15,down_proj,mlp,model.layers.15.mlp.down_proj.weight,0.03873106440457072,0.001649633515626192,1.4787855868926272,1457.7785419647537,551.2440586130306,0.9863463988296762,0.13311926795175988,1198,1342,1489,0.0007591705652885139,0.0006831286009401083,0.000586453708820045,1.254713334958069,1.3586570419720374,1.4524055633810349,0.0018140785091018874,0.00814950948585196,0.015498117814344958,0.06692862138112275,1536
muon_fp32,Muon + FP32,15,gate_proj,mlp,model.layers.15.mlp.gate_proj.weight,0.0392715124936997,0.0017998485127463937,1.5014575068805271,1461.7423695539671,476.0837397663775,0.9871311783226855,0.1292141161435134,1204,1346,1489,0.0007761333254165947,0.0006998682511039078,0.00060209387447685,1.2764759674319066,1.3813262630719692,1.4749043515184894,0.002100470813161393,0.008285862045241245,0.015411447460530922,0.0643678568473192,1536
muon_fp32,Muon + FP32,15,up_proj,mlp,model.layers.15.mlp.up_proj.weight,0.038338516985800195,0.0019025508081540465,1.4555635860452156,1441.4239892856035,406.06736917154853,0.983686028192963,0.14703897013577838,1170,1319,1479,0.0007433531573042274,0.0006594689330086112,0.0005449638701975346,1.2255401832517236,1.330099411017727,1.4270083362353034,0.0024626455507621363,0.00881738311374546,0.016169049693671337,0.06832037805195036,1536
muon_fp32,Muon + FP32,15,k_proj,attn,model.layers.15.self_attn.k_proj.weight,0.0066145162648960755,0.0007502749795094132,0.10250299438484944,240.14686832700272,77.72401915126743,0.9778827129475635,0.14665117499531166,196,221,247,0.00031273681088350713,0.0002792221202980727,0.00023556586529593915,0.08643282490083948,0.09383993968367577,0.10052891832310706,0.012866035633769632,0.049573569327542415,0.08930717419976782,0.34544403873097557,256
muon_fp32,Muon + FP32,15,o_proj,attn,model.layers.15.self_attn.o_proj.weight,0.012823202401651607,0.0007158147054724395,0.4295750986358797,1122.2386002320416,320.9162894992835,0.9366515019355277,0.3502721148631991,795,937,1174,0.0002685860963538289,0.0002106650499626994,0.00011981964780716226,0.3356833207362797,0.369701783041819,0.40868406014487846,0.003116077409346442,0.013064987175123983,0.024054482042491564,0.10319992889557815,1536
muon_fp32,Muon + FP32,15,q_proj,attn,model.layers.15.self_attn.q_proj.weight,0.01108883315134283,0.0007415220024995506,0.3467633559309924,977.9005646836309,223.62667876225757,0.9106557910783799,0.42974026173092406,660,801,1057,0.00023738719755783677,0.00018045534670818597,9.671090811025351e-05,0.262393067474477,0.2917199407238513,0.32660263035359094,0.004471738370103515,0.017423979255043704,0.032263238859258525,0.1342145744293258,1536
muon_fp32,Muon + FP32,15,v_proj,attn,model.layers.15.self_attn.v_proj.weight,0.006365027098710628,0.0007637845701538026,0.09845748178486247,239.27478440522208,69.44784162108917,0.9762030067477139,0.149322052947773,197,222,248,0.00029990272014401853,0.0002676110016182065,0.00022549391724169254,0.08321197523036972,0.09028601628961042,0.09674792298756074,0.014399295595909937,0.05581742369886884,0.09787539802852745,0.3579477283292682,256
muon_fp32,Muon + FP32,16,down_proj,mlp,model.layers.16.mlp.down_proj.weight,0.03860711878716726,0.0016231447225436568,1.4738095325301401,1457.2965564970536,565.7444414390911,0.9862424148807849,0.1334563830655966,1198,1342,1489,0.0007566908607259393,0.000681428937241435,0.0005845219129696488,1.2504950641305186,1.3541013164212927,1.4474764548358507,0.001767582545674311,0.008249202051218221,0.015763075948600037,0.06794866551643673,1536
muon_fp32,Muon + FP32,16,gate_proj,mlp,model.layers.16.mlp.gate_proj.weight,0.039242539128358414,0.0015975042479112744,1.5022412677062675,1465.4303319431883,603.4345281757285,0.9876804318272898,0.12618142259149834,1211,1351,1492,0.0007760095177218318,0.0007036069873720407,0.0006119462195783854,1.2797537691076286,1.383360642415937,1.4763928123866208,0.0016571806108330385,0.007968064979796512,0.015010796136175085,0.06387469709558986,1536
muon_fp32,Muon + FP32,16,up_proj,mlp,model.layers.16.mlp.up_proj.weight,0.0389634694579797,0.0017560389824211597,1.488359027862316,1459.1507738107966,492.3193858762783,0.9865960859401021,0.1319190685700633,1200,1343,1489,0.000764838419854641,0.0006891739321872592,0.0005934397922828794,1.263659460179042,1.3676801339024678,1.46169789286796,0.002031201753756054,0.008256907450851201,0.015438804048960475,0.06559904554469709,1536
muon_fp32,Muon + FP32,16,k_proj,attn,model.layers.16.self_attn.k_proj.weight,0.006372218139846677,0.0007361714961007237,0.09881579686771147,240.4758593109142,74.92439990942134,0.9781186674307338,0.14456158720563828,198,223,248,0.00029982859268784523,0.0002683276543393731,0.00022841176541987807,0.08367389434715733,0.09079532217583619,0.09705813867913093,0.013346786910658397,0.050701294948455745,0.09129663037562201,0.3485210105609794,256
muon_fp32,Muon + FP32,16,o_proj,attn,model.layers.16.self_attn.o_proj.weight,0.012757080181557547,0.0007252442883327603,0.4279249163797516,1125.2073971565003,309.40970802497225,0.936879822844937,0.34856490162935283,798,942,1180,0.0002655408170539886,0.00020935382053721696,0.00011902307596756145,0.3343816862325184,0.36849220827571116,0.4072715864676866,0.0032319606465589326,0.012793722353981296,0.023956668151712032,0.10402677526024484,1536
muon_fp32,Muon + FP32,16,q_proj,attn,model.layers.16.self_attn.q_proj.weight,0.01192837240934363,0.0006408456829376519,0.38309456238361905,1031.4533632438154,346.461876281607,0.9238255683623159,0.40262513281991064,724,858,1088,0.0002571467775851488,0.00020163254521321505,0.000111866531369742,0.2975250526505988,0.32821434694051277,0.3639307996199932,0.002886320453876409,0.01356911059893961,0.025853896181790247,0.11405971148343585,1536
muon_fp32,Muon + FP32,16,v_proj,attn,model.layers.16.self_attn.v_proj.weight,0.0061041239482998895,0.0007729345234110951,0.09395971726917196,236.9390894952139,62.36792225050104,0.9726810300597639,0.15993332015573092,194,220,248,0.0002824216498993337,0.0002541598223615438,0.00021353716147132218,0.07884830323746428,0.08579691077466123,0.09233116832911037,0.016033883507991422,0.05728602874647032,0.10086206720453314,0.37561790899520403,256
muon_fp32,Muon + FP32,17,down_proj,mlp,model.layers.17.mlp.down_proj.weight,0.03873919664901683,0.0016859415918588638,1.4792917681043036,1458.1642969899058,527.9784189341581,0.9863848159606753,0.13261028839596567,1200,1343,1489,0.0007603632402606308,0.0006845584721304476,0.0005892456974834204,1.2560740756453015,1.3594349775230512,1.452787528221961,0.0018940168085254743,0.008293355573551407,0.015861042802242986,0.06809524254061078,1536
muon_fp32,Muon + FP32,17,gate_proj,mlp,model.layers.17.mlp.gate_proj.weight,0.03947676282810209,0.0015567768132314086,1.5124603986064926,1467.8610934536846,643.0286982129098,0.9881862933776233,0.12355467738844972,1215,1354,1492,0.0007854131399653852,0.0007128464058041573,0.0006219963543117046,1.290069508133456,1.3943070158711635,1.4868475812254474,0.0015551405447053553,0.007577376720910846,0.014415039683874746,0.06302609800472388,1536
muon_fp32,Muon + FP32,17,up_proj,mlp,model.layers.17.mlp.up_proj.weight,0.039125687724298024,0.00175454409327358,1.4947276196093071,1459.4867288658795,497.2735902973689,0.9867359901667427,0.13130953360498632,1201,1344,1488,0.000770155864302069,0.0006938816513866186,0.0005988678312860429,1.2696155470330268,1.3744113516295329,1.4679479638580233,0.0020109654313272525,0.00815354915585858,0.015192375894085532,0.06527749644435901,1536
muon_fp32,Muon + FP32,17,k_proj,attn,model.layers.17.self_attn.k_proj.weight,0.0061009244830187445,0.0006172299035824835,0.0945311784016667,240.08158232723974,97.70063388724445,0.9776348399870463,0.14730088713238,197,222,248,0.0002870196767617017,0.00025698181707412004,0.0002200478338636458,0.0798220089636743,0.08663053085911088,0.09283816890092567,0.010235348126339614,0.04783059140513376,0.08918883686342585,0.3524511931355781,256
muon_fp32,Muon + FP32,17,o_proj,attn,model.layers.17.self_attn.o_proj.weight,0.01290489159513962,0.000706699735019356,0.43261112160559634,1123.7938184126028,333.45625198922664,0.9372851091121706,0.3494624230739505,798,938,1171,0.0002715710725169629,0.00021386632579378784,0.00012179955228930339,0.3387214465474244,0.3726906660303939,0.41159102456003893,0.002998894139889475,0.01223958968218476,0.022794483905516368,0.10070767611065866,1536
muon_fp32,Muon + FP32,17,q_proj,attn,model.layers.17.self_attn.q_proj.weight,0.0118752150149267,0.0006650768918916583,0.38719115374895097,1063.084752054302,318.8153671199513,0.9265666071506428,0.38372216481672305,738,880,1125,0.0002510241756681353,0.00019515230087563396,0.00010745632607722655,0.2986596379778348,0.33021901892789174,0.36688545661309035,0.0031366116666006233,0.013761583767007054,0.02595712971375097,0.11363069481328884,1536
muon_fp32,Muon + FP32,17,v_proj,attn,model.layers.17.self_attn.v_proj.weight,0.006149178184083384,0.0007458013133145869,0.09501450987590943,238.7512804235627,67.98104995139889,0.9753597965599529,0.15186505013270613,197,222,248,0.0002870552707463503,0.0002575883117970079,0.00022128979617264122,0.0803024721390102,0.08708338378346525,0.09331781567016151,0.0147099816892343,0.05484758999739946,0.0984268372373621,0.36413690261328585,256
muon_fp32,Muon + FP32,18,down_proj,mlp,model.layers.18.mlp.down_proj.weight,0.03866609849451939,0.0016452774871140718,1.4761875641415827,1457.546365935387,552.3093500786783,0.9862888749604418,0.13322164519100355,1198,1342,1489,0.0007587713189423084,0.0006818115944042802,0.0005857157520949841,1.2524202911299653,1.3562392903259024,1.4498516833409667,0.0018105795236990768,0.00836352309869363,0.01585101959877517,0.06776111334846126,1536
muon_fp32,Muon + FP32,18,gate_proj,mlp,model.layers.18.mlp.gate_proj.weight,0.03958694417703337,0.0016044992953538895,1.515907599261027,1466.3630305445593,608.7302668404028,0.98791684545145,0.12490401241095994,1213,1352,1491,0.0007864288636483252,0.0007127607823349535,0.0006203816155903041,1.292374825978186,1.3966570599004626,1.4896749827894382,0.0016427637238911605,0.007831876280396534,0.014988910005641927,0.0640683441335937,1536
muon_fp32,Muon + FP32,18,up_proj,mlp,model.layers.18.mlp.up_proj.weight,0.03916492579373636,0.0016847049118950963,1.4948614637677906,1456.8246342285313,540.4393112818108,0.9862860898317534,0.13375801764552797,1196,1340,1487,0.000768793688621372,0.0006909825606271625,0.0005929141188971698,1.2679138264502399,1.373065552499611,1.4677511864574626,0.0018503465220326143,0.00812554108362394,0.015338450735975718,0.0659171841293537,1536
muon_fp32,Muon + FP32,18,k_proj,attn,model.layers.18.self_attn.k_proj.weight,0.006214119942948037,0.000659645302221179,0.0963399265310727,240.3551092200517,88.74386012517621,0.9779616409841668,0.14558834510572694,198,223,248,0.0002908556489273906,0.00026361236814409494,0.00022729419288225472,0.08156459740712307,0.08848638451308943,0.09461143637599889,0.011268385199713718,0.04915962188708383,0.09033640028570956,0.35114511813720484,256
muon_fp32,Muon + FP32,18,o_proj,attn,model.layers.18.self_attn.o_proj.weight,0.013233426396392325,0.0006495927227661014,0.451041261217199,1161.683801069257,415.0135825030692,0.9430840548453093,0.3275211747883122,835,978,1207,0.0002747562830336392,0.0002179907023673877,0.0001264990132767707,0.35550119809340686,0.3907588507863693,0.4302836983988527,0.002409559691923106,0.011413386273122028,0.021855774413936633,0.09704292898722931,1536
muon_fp32,Muon + FP32,18,q_proj,attn,model.layers.18.self_attn.q_proj.weight,0.012197528807472761,0.0006834589876234531,0.40126164812278553,1082.2101436180108,318.50685740851753,0.9292622123939103,0.3727421471385721,755,900,1148,0.00025526792160235345,0.00019828723452519625,0.00011056233779527247,0.31011615789611824,0.3428877801197814,0.3807684602943482,0.0031396498277504836,0.014172851535749296,0.026479838116573777,0.11307007980968903,1536
muon_fp32,Muon + FP32,18,v_proj,attn,model.layers.18.self_attn.v_proj.weight,0.006122320861972701,0.0007547547575086355,0.09437654566136189,237.62710748203042,65.79917596216114,0.9737007300319053,0.15696946944101575,195,221,248,0.00028462577029131353,0.00025542089133523405,0.00021632513380609453,0.07935775112127885,0.08634320486453362,0.09272458461055066,0.015197758716234772,0.05588807860273072,0.09913811377862847,0.37187702448878956,256
muon_fp32,Muon + FP32,19,down_proj,mlp,model.layers.19.mlp.down_proj.weight,0.03864978041146483,0.001627282821573317,1.4747099140658975,1455.8584052634883,564.1154339318532,0.9859963266494206,0.13474021399890002,1196,1340,1488,0.0007568578585051,0.0006799540715292096,0.0005831216694787145,1.2507014553411864,1.3541858323733322,1.4479735830100253,0.001772686829413717,0.008400437392324305,0.015927680190306187,0.06812299309896183,1536
muon_fp32,Muon + FP32,19,gate_proj,mlp,model.layers.19.mlp.gate_proj.weight,0.03922670718733549,0.0016188864829018712,1.5007174778197623,1463.6396760819484,587.1254600308168,0.9874536895356502,0.1274791709645211,1208,1348,1490,0.0007767642382532358,0.000702760589774698,0.0006077738362364471,1.277460451296065,1.3810799177736044,1.4745689344126731,0.0017032134834478348,0.008012033785005295,0.015072158556927092,0.0644004182900665,1536
muon_fp32,Muon + FP32,19,up_proj,mlp,model.layers.19.mlp.up_proj.weight,0.03882135866935332,0.0016065106028690934,1.4806561010731798,1454.678230088347,583.9481260419437,0.9859173476859432,0.1357112371978082,1193,1338,1487,0.0007591682369820774,0.0006816333625465631,0.0005829868605360389,1.2548676243168302,1.3594213633914478,1.4540484474855475,0.0017124808787008115,0.008023903509160256,0.015327379563277507,0.06636156011659884,1536
muon_fp32,Muon + FP32,19,k_proj,attn,model.layers.19.self_attn.k_proj.weight,0.006308970115457427,0.0006485802005045116,0.09817127897986211,242.13187083250892,94.62144307031372,0.9805821292190384,0.136990561850042,200,224,249,0.000301020045299083,0.00027309314464218915,0.0002340678620385006,0.08340704266447574,0.09027735076961108,0.09660609504499007,0.010568428968652427,0.045927645796586036,0.08448393807328396,0.3376912086777396,256
muon_fp32,Muon + FP32,19,o_proj,attn,model.layers.19.self_attn.o_proj.weight,0.013262784116451301,0.0006513469852507114,0.4522193120526161,1162.5959586463468,414.6145954729763,0.9433246792922685,0.3269910117714059,836,978,1207,0.00027520404546521604,0.00021880534768570215,0.0001274779933737591,0.3566146307566669,0.3917595048842486,0.4314479419699637,0.002411878431002263,0.011236331286258375,0.021448162272761122,0.09590507512973867,1536
muon_fp32,Muon + FP32,19,q_proj,attn,model.layers.19.self_attn.q_proj.weight,0.012499783945609768,0.0006579870241694152,0.4166579680570308,1111.1031280721184,360.8862658089457,0.9345835724707113,0.356678972890518,783,927,1167,0.0002611622621770948,0.00020388590928632766,0.0001161296822829172,0.3243772049609106,0.3578451586799929,0.39606903622916434,0.0027709561009711657,0.01266801440219154,0.023912388704063446,0.10537139697701292,1536
muon_fp32,Muon + FP32,19,v_proj,attn,model.layers.19.self_attn.v_proj.weight,0.006070199648094495,0.0007486353279091418,0.09361985739087686,237.86470228171197,65.74539142986237,0.9739510548763679,0.15554663910987143,196,222,248,0.0002813186147250235,0.0002525381278246641,0.0002165188197977841,0.07888696822919883,0.08582722401479259,0.0919574731378816,0.015210191592924149,0.05645509089650885,0.1003110387443035,0.37266454878753746,256
muon_fp32,Muon + FP32,2,down_proj,mlp,model.layers.2.mlp.down_proj.weight,0.039409891675906174,0.0016583940014243126,1.5039562394376844,1456.3304068868197,564.722440688902,0.9860510866218956,0.13409687345302523,1197,1341,1489,0.0007722217123955488,0.0006940090097486973,0.0005943622090853751,1.2756916956277564,1.381412515125703,1.4772267934167758,0.0017707814103864992,0.008481346389580088,0.016232982124905013,0.06999684785480735,1536
muon_fp32,Muon + FP32,2,gate_proj,mlp,model.layers.2.mlp.gate_proj.weight,0.039524485495791385,0.0016258918913081288,1.5128304491528866,1465.03521395031,590.9478001248283,0.9877422334518401,0.12497886926200574,1214,1350,1487,0.0007906360551714897,0.0007200321415439248,0.000623654224909842,1.2906847155536525,1.3934756018570624,1.4860123884864151,0.0016921968400402977,0.008273242984081846,0.016095610143536658,0.06814525597328178,1536
muon_fp32,Muon + FP32,2,up_proj,mlp,model.layers.2.mlp.up_proj.weight,0.039168666708477004,0.0017461272655054927,1.4955888342979051,1457.9641703246475,503.18280223051994,0.9865112549864479,0.1315207251754067,1202,1342,1484,0.0007766514900140464,0.0007020093617029488,0.0006017101113684475,1.2713113371864893,1.3749002394615673,1.468057451711502,0.001987349320301047,0.008756002936444688,0.016768879384632052,0.07012309835748733,1536
muon_fp32,Muon + FP32,2,k_proj,attn,model.layers.2.self_attn.k_proj.weight,0.006693684367154481,0.0007455900777131319,0.1028501369364676,236.0909223180926,80.59910515207747,0.9722993127558294,0.16560107177921402,191,217,246,0.0003100210742559284,0.0002722350473050028,0.00022118327615316957,0.08609161456115544,0.09367260281578638,0.10086249340383802,0.012407085638397123,0.05280715714567372,0.0977896341187454,0.3685184255518447,256
muon_fp32,Muon + FP32,2,o_proj,attn,model.layers.2.self_attn.o_proj.weight,0.013406372315024931,0.0006898243445903063,0.45437511623171645,1148.6997488933857,377.6987247483427,0.9408713751690192,0.3349262628017482,822,966,1197,0.000278257328318432,0.00022072115098126233,0.0001277207920793444,0.3569842006836552,0.3929267453349894,0.4331094529625261,0.0026476128577513497,0.012753684165842601,0.02435248294139777,0.1020559729875036,1536
muon_fp32,Muon + FP32,2,q_proj,attn,model.layers.2.self_attn.q_proj.weight,0.011446678373045208,0.0007083711097948253,0.36447594704193353,1013.8618596071767,261.11828175272746,0.9164140798614464,0.4096096314045361,691,837,1097,0.00024026566825341433,0.00018319996888749301,0.0001005368831101805,0.2770531921996735,0.30785775699769147,0.3442066946881823,0.0038296820631922475,0.016602552845504638,0.03157377112273959,0.1320163523600901,1536
muon_fp32,Muon + FP32,2,v_proj,attn,model.layers.2.self_attn.v_proj.weight,0.006519993566049439,0.0006882399320602417,0.1003136978688417,236.71520005016743,89.74589651485695,0.9725549751867646,0.1617853052983318,194,220,247,0.0003008843050338328,0.0002666836662683636,0.00022629099839832634,0.08433144836453721,0.09171507923747413,0.0983776970388135,0.011142570733966153,0.05263933899370509,0.09999748886778033,0.3780215875823776,256
muon_fp32,Muon + FP32,20,down_proj,mlp,model.layers.20.mlp.down_proj.weight,0.038602342372233006,0.0016238661482930183,1.471309739339631,1452.7166130023913,565.102019885017,0.9854612749339055,0.13754097811372223,1190,1336,1487,0.0007530376315116882,0.0006750592729076743,0.0005741307977586985,1.2453826187411323,1.3496841154410504,1.4444588295882568,0.0017695919759824486,0.008391109338435605,0.01599727969483532,0.06873024635466765,1536
muon_fp32,Muon + FP32,20,gate_proj,mlp,model.layers.20.mlp.gate_proj.weight,0.03901230853271511,0.001634616288356483,1.4898986535876588,1458.5124979563323,569.6021974137187,0.9865595501706969,0.13220194562899135,1200,1343,1488,0.000766944489441812,0.0006903400062583387,0.0005951648345217109,1.2653309824527241,1.3696216742391698,1.4631895504426211,0.0017556112046977774,0.00804380283309708,0.015393774630762684,0.06602772452596006,1536
muon_fp32,Muon + FP32,20,up_proj,mlp,model.layers.20.mlp.up_proj.weight,0.03840530812084814,0.0015752165345475078,1.4608947210307974,1446.9560233202415,594.4317305992396,0.9845970641915346,0.14249968296064264,1180,1328,1484,0.0007454702281393111,0.0006635085446760058,0.0005606437334790826,1.2334535133559257,1.3377853354322724,1.4337288636015728,0.0016822789708616527,0.008044366592290282,0.015557928352359902,0.0679464832832593,1536
muon_fp32,Muon + FP32,20,k_proj,attn,model.layers.20.self_attn.k_proj.weight,0.006135266604069414,0.0006583536742255092,0.09527468896703795,241.15051869072735,86.84570630393581,0.9790455053296222,0.14149006341402015,199,224,249,0.0002914462238550186,0.0002606438647489995,0.00022453413112089038,0.08075014219502918,0.08764935677754693,0.09375947382068262,0.011514674041572973,0.048672724525764426,0.08883915236427777,0.3475740004593441,256
muon_fp32,Muon + FP32,20,o_proj,attn,model.layers.20.self_attn.o_proj.weight,0.01303172818665316,0.0006873005768284202,0.440082500031977,1140.418285742846,359.5096970763838,0.9397398970881652,0.33988699463070926,813,956,1189,0.00027164522907696664,0.0002146072656614706,0.00012349865573924035,0.3452163227193523,0.37999083375325426,0.41928680866840295,0.0027815661389170637,0.011942771578732853,0.02246475140333173,0.09926763462887328,1536
muon_fp32,Muon + FP32,20,q_proj,attn,model.layers.20.self_attn.q_proj.weight,0.012201828633781438,0.0006491502863354981,0.4033511914421902,1092.7400119866525,353.31277161774426,0.9313464906242963,0.3670074816334856,766,910,1153,0.0002549286582507193,0.00019919680198654532,0.00011206662020413205,0.31287214922485873,0.34548703249311075,0.3829286371328635,0.002830353387513313,0.013286726850596368,0.025084043645052952,0.10927930982443963,1536
muon_fp32,Muon + FP32,20,v_proj,attn,model.layers.20.self_attn.v_proj.weight,0.006092142532181742,0.0007117121713235974,0.0940079549618531,238.11628555972732,73.27086610788625,0.9745803596180993,0.15558783699828238,195,221,248,0.00028340850258246064,0.0002524889132473618,0.0002164306933991611,0.07904053525999188,0.08601373719284311,0.0923519922507694,0.01364798934582771,0.0530155303018855,0.09613601173060783,0.367412768710553,256
muon_fp32,Muon + FP32,21,down_proj,mlp,model.layers.21.mlp.down_proj.weight,0.038134834410788535,0.0016043097712099552,1.4480740643339232,1441.9088935542366,565.0244908568536,0.9836196036955133,0.14688378832182458,1172,1323,1483,0.0007367819780483842,0.0006526808138005435,0.0005469022435136139,1.2193226289236918,1.324175800778903,1.4205602301517501,0.0017698347880169066,0.008388921690443809,0.01616049995597109,0.07056183649790174,1536
muon_fp32,Muon + FP32,21,gate_proj,mlp,model.layers.21.mlp.gate_proj.weight,0.03802841823894841,0.0016102994559332728,1.4442650042765308,1442.371899485786,557.7033213896444,0.9837315522522154,0.14661354412106054,1172,1323,1482,0.0007336072158068419,0.0006506801000796258,0.0005459304666146636,1.2162213579867966,1.3208367787883617,1.416345456149429,0.0017930680375154895,0.00818920814248687,0.015718715211709894,0.06934129090146218,1536
muon_fp32,Muon + FP32,21,up_proj,mlp,model.layers.21.mlp.up_proj.weight,0.037165787641458274,0.0016196294454857707,1.4018654007813893,1422.7413441445894,526.5690808444989,0.9804009335424263,0.16240884220865426,1141,1299,1474,0.0007060150383040309,0.0006149619584903121,0.0005003854748792946,1.170370903564617,1.2747879536473192,1.3727927503059618,0.0018990860579892461,0.008737017072594593,0.016752323001132278,0.07325756563415377,1536
muon_fp32,Muon + FP32,21,k_proj,attn,model.layers.21.self_attn.k_proj.weight,0.0063458699795092095,0.0007470904383808374,0.0982668209617259,239.79022409947336,72.14994143756851,0.9771000118772755,0.1478130704723981,197,222,248,0.0002973750524688512,0.00026735939900390804,0.00022614499903284013,0.08302227820968255,0.090071925369557,0.09651689094607718,0.013860025109865155,0.051879418423627574,0.09235478368176951,0.3525154876767168,256
muon_fp32,Muon + FP32,21,o_proj,attn,model.layers.21.self_attn.o_proj.weight,0.012280671899758025,0.0006610086420550942,0.40521866686513874,1088.7661992379253,345.16756762525375,0.930456841361734,0.36916854639737595,761,906,1152,0.00025570063735358417,0.00019955910101998597,0.00011203942995052785,0.313674977485789,0.34661878539191093,0.38459466640051687,0.0028971435725551526,0.013168265503950605,0.025007745878245224,0.11050839139081266,1536
muon_fp32,Muon + FP32,21,q_proj,attn,model.layers.21.self_attn.q_proj.weight,0.01118122946861264,0.0006848279153928161,0.3545537473546716,1005.506862308775,266.5730314962492,0.915527941185379,0.41467016332768636,683,825,1083,0.0002376317570451647,0.00018088270735461265,9.746282739797607e-05,0.26950551057234406,0.29915554798208177,0.3344989209799678,0.0037513172070974122,0.016860345242619874,0.03102685694210276,0.12899735814682803,1536
muon_fp32,Muon + FP32,21,v_proj,attn,model.layers.21.self_attn.v_proj.weight,0.006104001244005384,0.0007494954043067992,0.09417215929715894,238.02130405601054,66.32714112612587,0.9742107854219318,0.15481658830664013,196,222,248,0.00028397588175721467,0.0002542880247347057,0.00021786267461720854,0.07938365684822202,0.0863582927850075,0.09251131575729232,0.015076784300086559,0.05745425434283412,0.10073716892706146,0.3693958886824066,256
muon_fp32,Muon + FP32,22,down_proj,mlp,model.layers.22.mlp.down_proj.weight,0.038239584112532414,0.0016092569567263126,1.4518768058915157,1441.561629515872,564.6450564181288,0.98357400567749,0.14715825587384224,1171,1322,1482,0.0007376087596639991,0.000653811264783144,0.0005474754725582898,1.2222315379185602,1.3273466763203032,1.4238975081243552,0.0017710240949306813,0.008306910647740372,0.016163555994723303,0.07078795960399678,1536
muon_fp32,Muon + FP32,22,gate_proj,mlp,model.layers.22.mlp.gate_proj.weight,0.03838959861981863,0.0016295063542202115,1.4603281697326338,1447.0174980744277,555.028170266651,0.9846098074327704,0.142281524439285,1181,1328,1483,0.0007459693006239831,0.0006660631624981761,0.0005619657458737493,1.233538664295338,1.3373692536260933,1.4329533576965332,0.0018017103519620853,0.008330380222916177,0.015907304483482716,0.06865157237969476,1536
muon_fp32,Muon + FP32,22,up_proj,mlp,model.layers.22.mlp.up_proj.weight,0.03734175489305969,0.0016293431399390101,1.4092981928155837,1424.3487609412805,525.2479125042075,0.9807865085046965,0.1608727450499734,1144,1299,1472,0.0007129705627448857,0.0006225950783118606,0.0005055668880231678,1.178115245536901,1.2817301845061593,1.3798437135410495,0.001903862873499739,0.008822639486950553,0.01696035419231377,0.07291997770793417,1536
muon_fp32,Muon + FP32,22,k_proj,attn,model.layers.22.self_attn.k_proj.weight,0.0061855970029193325,0.0005997271509841084,0.0956439001893159,239.08443936040797,106.3789801194927,0.9766905512469057,0.1531836537122444,194,219,247,0.00029030826408416033,0.0002542974834796041,0.0002134642709279433,0.08048524023615755,0.08727221997105516,0.09382828863454051,0.009400353329922194,0.0435699265160924,0.0829953598359779,0.34828068756146197,256
muon_fp32,Muon + FP32,22,o_proj,attn,model.layers.22.self_attn.o_proj.weight,0.013180279265046,0.0006279278313741088,0.4487890796574874,1159.4054486108623,440.58505291981083,0.9428857741606511,0.3288760707840348,833,975,1204,0.0002738455368671566,0.000218432949623093,0.00012675464677158743,0.3537820184719749,0.38870917263557203,0.42813540098723024,0.002269709318037183,0.010934809184457503,0.021045545161171592,0.09558931189131156,1536
muon_fp32,Muon + FP32,22,q_proj,attn,model.layers.22.self_attn.q_proj.weight,0.010952668970808585,0.0006230691215023398,0.34351381958583627,983.6679084835666,309.0063942939977,0.9125589013006205,0.4274277558519468,666,804,1055,0.00023731587862130255,0.0001803327613743022,9.647155820857733e-05,0.2608915660821367,0.28958547733782325,0.3237034879930434,0.0032361789867965353,0.015192839543810031,0.02895538299975063,0.12884825427332103,1536
muon_fp32,Muon + FP32,22,v_proj,attn,model.layers.22.self_attn.v_proj.weight,0.006030071274969519,0.0006748168379999697,0.09275381550833117,236.6021444077391,79.84965975079508,0.9728853462257414,0.16399341895358743,192,218,247,0.0002764883975032717,0.00024347964790649712,0.00020376926113385707,0.07774863179656677,0.08451966950087808,0.09101387174450792,0.01252353489195729,0.05005269615908055,0.09233418955648465,0.3683793528721233,256
muon_fp32,Muon + FP32,23,down_proj,mlp,model.layers.23.mlp.down_proj.weight,0.03816244671822117,0.001624753582291305,1.4488268425047863,1441.3204388739493,551.6929262839056,0.9835014341696284,0.14727831082830778,1172,1323,1483,0.0007350764935836196,0.0006535399006679654,0.0005468619056046009,1.220019863161724,1.3249371325364336,1.4213605526601896,0.0018126025409384927,0.008487706687250723,0.016344714647218955,0.07147078873385505,1536
muon_fp32,Muon + FP32,23,gate_proj,mlp,model.layers.23.mlp.gate_proj.weight,0.03834550789561832,0.0016041757771745324,1.4581164953260952,1445.957263352258,571.3800601371763,0.9844203011797373,0.14312319875730117,1180,1327,1482,0.0007452237769030035,0.0006637315964326262,0.0005604990874417126,1.2314154545892961,1.3350857989280485,1.4304149210220203,0.0017501485784434288,0.008297067095265663,0.016020770662313777,0.06944944809389214,1536
muon_fp32,Muon + FP32,23,up_proj,mlp,model.layers.23.mlp.up_proj.weight,0.037372349380777256,0.0016205672873184085,1.4107548784270136,1424.9588434928507,531.8224476560907,0.9808607774938711,0.16036658724351538,1146,1301,1473,0.000713478890247643,0.0006243744282983243,0.00050895637832582,1.180012222903315,1.2836442997213453,1.3815779986907728,0.0018803267978012498,0.00872936778873316,0.016779093595237892,0.07337330572640807,1536
muon_fp32,Muon + FP32,23,k_proj,attn,model.layers.23.self_attn.k_proj.weight,0.0063394149083133055,0.0006459492142312229,0.09822940996673424,240.0958851866806,96.31670238450711,0.9778720005857774,0.1478503833481224,196,221,248,0.00029847395489923656,0.0002656299329828471,0.00022598150826524943,0.08283121816930361,0.08986940421164036,0.09651063584897202,0.010382415253461312,0.044680893534430347,0.08456774838322452,0.3477324082882446,256
muon_fp32,Muon + FP32,23,o_proj,attn,model.layers.23.self_attn.o_proj.weight,0.012342226673873155,0.0006808048347011209,0.4077158978851063,1091.260047791325,328.6561580914142,0.9307857607881167,0.3677105778575469,763,909,1156,0.00025739698321558535,0.00019994215108454227,0.00011245650239288807,0.31558795168530196,0.3488853222661419,0.38713818292308133,0.0030426936340010842,0.013338009241849308,0.02534532452453946,0.11108213863148071,1536
muon_fp32,Muon + FP32,23,q_proj,attn,model.layers.23.self_attn.q_proj.weight,0.0116972084385054,0.0006333027267828584,0.3797807351376475,1054.1475503057443,341.1471456105254,0.9241297825949961,0.388177705273794,727,873,1126,0.0002447032602503896,0.0001884177909232676,0.00010390103125246242,0.2913750665320549,0.3229165729426313,0.3595387429886614,0.002931286434217045,0.014224527672314085,0.027146561227445066,0.11865054889415709,1536
muon_fp32,Muon + FP32,23,v_proj,attn,model.layers.23.self_attn.v_proj.weight,0.00636127538314322,0.0007803321932442486,0.09851465292740613,239.83539100663026,66.45525743932741,0.9772436077969857,0.14748814302286672,196,221,248,0.0003020676667802036,0.00026878085918724537,0.00022337466361932456,0.08302837700466625,0.09013709941064008,0.09681333143089432,0.01504771839779545,0.05140169131331985,0.0919688340207351,0.34989070975778735,256
muon_fp32,Muon + FP32,24,down_proj,mlp,model.layers.24.mlp.down_proj.weight,0.03712595769602105,0.001617330126464367,1.4017401107412297,1425.5408626828096,526.9361308868586,0.9807540721041433,0.15994931437850402,1149,1306,1477,0.0007051840075291693,0.0006185100064612925,0.0005094520165584981,1.1726697788690217,1.2765879242797382,1.3734097392298281,0.001897763203895228,0.008935802310529812,0.017247407025774274,0.07540653102152915,1536
muon_fp32,Muon + FP32,24,gate_proj,mlp,model.layers.24.mlp.gate_proj.weight,0.03729334526460301,0.0016268584877252579,1.4086275892444746,1426.6902606673648,525.4883943670505,0.9810940577833667,0.1588413394481223,1150,1305,1475,0.0007122721872292459,0.0006248988211154938,0.0005126085598021746,1.1792924334295094,1.2829565650317818,1.3800701214349829,0.0019029915992806986,0.008979867842422792,0.01725870672017812,0.07448278484016642,1536
muon_fp32,Muon + FP32,24,up_proj,mlp,model.layers.24.mlp.up_proj.weight,0.03592230724126276,0.0016900202026590705,1.3426106866096745,1396.9207010889938,451.7983636096759,0.9760201405615829,0.18129373545849337,1105,1270,1462,0.0006712969043292105,0.0005775816389359534,0.00045303080696612597,1.1099255344597623,1.212850310781505,1.312196793005569,0.0022133767639405046,0.009667810852768964,0.018542033418935695,0.08012704650417547,1536
muon_fp32,Muon + FP32,24,k_proj,attn,model.layers.24.self_attn.k_proj.weight,0.006354677720915551,0.0006431860383599997,0.09876532375346869,241.55827700598493,97.61438961344798,0.9796278504238525,0.1394460578575043,200,224,249,0.0003025937476195395,0.0002730226260609925,0.0002355782053200528,0.0839245886891149,0.09082058671629056,0.09717346407705918,0.010244391261984941,0.04734565466104084,0.0883939628935293,0.3456952050029085,256
muon_fp32,Muon + FP32,24,o_proj,attn,model.layers.24.self_attn.o_proj.weight,0.01252294416060272,0.0007610210450366139,0.41743285380691475,1111.1184671507845,270.78185221939253,0.9338957039449578,0.35634110234251115,784,931,1175,0.0002577523118816316,0.00020289651001803577,0.00011544777953531593,0.32457972544943914,0.3584232060966315,0.39698592101194663,0.0036930096747760676,0.013858749619566554,0.02581460913566525,0.11010495267280701,1536
muon_fp32,Muon + FP32,24,q_proj,attn,model.layers.24.self_attn.q_proj.weight,0.012344884155013804,0.0006545245996676385,0.4080509182851464,1092.583610165592,355.7313088246423,0.9310378756493761,0.36695045603737486,765,911,1156,0.0002573757083155215,0.00020071976177860051,0.00011264977365499362,0.3160468003770802,0.34938240512565244,0.38743083543522516,0.0028111104510425587,0.013367304534826638,0.02585232009136194,0.11193079363260136,1536
muon_fp32,Muon + FP32,24,v_proj,attn,model.layers.24.self_attn.v_proj.weight,0.006139671677977543,0.0007730815559625626,0.09486216655932367,238.72383537296653,63.07244564172308,0.9751733056136599,0.1513129451459938,197,222,248,0.00028592045418918133,0.00025840167654678226,0.00022299723059404641,0.08010700604063459,0.08689252022304572,0.09315168633474968,0.015854783968270444,0.05681751990977555,0.09995061637420122,0.3663278749033467,256
muon_fp32,Muon + FP32,25,down_proj,mlp,model.layers.25.mlp.down_proj.weight,0.03542831365752079,0.0018454729579389095,1.3202993914310355,1388.8133556323328,368.5408136828095,0.974461685068496,0.1869175822518343,1094,1262,1461,0.0006599873886443675,0.00056129798758775,0.00043705443385988474,1.0878120186389424,1.1902504669851623,1.2898822169518098,0.002713403679790716,0.010733244890051457,0.019875747932668567,0.08352921819556602,1536
muon_fp32,Muon + FP32,25,gate_proj,mlp,model.layers.25.mlp.gate_proj.weight,0.03758351107820445,0.001651182770729065,1.4223852084340933,1432.3190074223323,518.0890374202157,0.9820972406624577,0.15406839163382036,1160,1313,1477,0.0007215435616672039,0.000637063873000443,0.0005300420452840626,1.1942917648120783,1.2982237108517438,1.394253884733189,0.0019301701595143233,0.009010537198605978,0.01729010860391521,0.0737373988318801,1536
muon_fp32,Muon + FP32,25,up_proj,mlp,model.layers.25.mlp.up_proj.weight,0.035506224920852036,0.001586473430506885,1.3226398178665875,1387.6316154338479,500.89119039642446,0.9744808602357847,0.18778834610513284,1093,1260,1458,0.0006602985085919499,0.0005636559799313545,0.00044047864503227174,1.0900293372105807,1.1922093229950406,1.2920091164996848,0.0019964415808722082,0.009712198047790726,0.01872191752423479,0.08192142840904669,1536
muon_fp32,Muon + FP32,25,k_proj,attn,model.layers.25.self_attn.k_proj.weight,0.006233524367574639,0.0006434291717596352,0.09572707605548203,235.83174499194348,93.8568185647636,0.9722646687165784,0.16826761008306712,189,216,246,0.00028578596538864076,0.0002495783846825361,0.00020100288384128362,0.07985101849772036,0.08707940243766643,0.09385022253263742,0.010654526919746107,0.04783608072777401,0.08929838818955,0.3635501766489145,256
muon_fp32,Muon + FP32,25,o_proj,attn,model.layers.25.self_attn.o_proj.weight,0.011527900950923278,0.0006681391969323158,0.3716257747340457,1039.2288210340516,297.6915937364174,0.9207480097586114,0.3957532290292807,712,861,1121,0.0002399186632828787,0.00018360863032285124,0.00010118244244949892,0.28348900233686436,0.31492214898753446,0.3514862752344925,0.003359181182944056,0.015341726938861495,0.02899640900733512,0.125007709219041,1536
muon_fp32,Muon + FP32,25,q_proj,attn,model.layers.25.self_attn.q_proj.weight,0.010239325162061571,0.0006748391897417605,0.3136060302436312,938.0503298981394,230.2194854432665,0.9019397855067838,0.44968345427882084,620,762,1032,0.00022045949299354106,0.00016483203216921538,8.563047595089301e-05,0.23405917736818083,0.26124897990666796,0.29430316888465313,0.004343680979368847,0.018088006603198495,0.03405983682221916,0.14675204761673308,1536
muon_fp32,Muon + FP32,25,v_proj,attn,model.layers.25.self_attn.v_proj.weight,0.006288996137951187,0.0007098574424162507,0.0966852856654441,236.35136422211846,78.49109287600167,0.9726554740851013,0.1650324897312414,190,217,246,0.0002915729128289968,0.00025367719354107976,0.0002087719039991498,0.08065648743649945,0.08800791070098057,0.09471994600608014,0.012740299100940992,0.05153356468193607,0.0940233653452876,0.36612048815913883,256
muon_fp32,Muon + FP32,26,down_proj,mlp,model.layers.26.mlp.down_proj.weight,0.027182831616999754,0.0017408310668542981,0.9253046804224141,1158.724335389815,243.82382096648746,0.9342443739028177,0.32239418277882304,811,1002,1323,0.0005009702290408313,0.00038152525667101145,0.00022775596880819649,0.7060254478710704,0.789794410840841,0.8860557867155876,0.00410132199567755,0.016943956377305235,0.031492336243218566,0.12913144902095713,1536
muon_fp32,Muon + FP32,26,gate_proj,mlp,model.layers.26.mlp.gate_proj.weight,0.03602488950434734,0.0018482274608686566,1.351231311165975,1406.8703786077822,379.9220303252238,0.9777317717763987,0.17372251670985173,1121,1283,1466,0.0006782783893868327,0.0005855670897290111,0.00047008495312184095,1.1221464871778153,1.224576844193507,1.3216519421548583,0.002632119014377693,0.010209585721906007,0.018979632285238465,0.0785946895515678,1536
muon_fp32,Muon + FP32,26,up_proj,mlp,model.layers.26.mlp.up_proj.weight,0.030683212609700763,0.0019644179847091436,1.0932388496685803,1269.4875739816612,243.96855598674955,0.9536002240112442,0.26099309099580226,941,1134,1404,0.0005498980171978474,0.0004395897267386317,0.0003053226391784847,0.8631699333782308,0.9582763634389266,1.0584350390709005,0.0040988888750659825,0.01548000739849484,0.027604186961559248,0.10804487260950058,1536
muon_fp32,Muon + FP32,26,k_proj,attn,model.layers.26.self_attn.k_proj.weight,0.006963621259470308,0.0007826153887435794,0.10793771858152468,240.25707408007432,79.17234681324673,0.9778121671716229,0.14554175954626558,197,222,248,0.0003291886823717505,0.00029384595109149814,0.0002502912248019129,0.09115063937497325,0.09893810129142366,0.10602621108409949,0.012630672706454177,0.05120469998224847,0.09382473107633886,0.34931981882571095,256
muon_fp32,Muon + FP32,26,o_proj,attn,model.layers.26.self_attn.o_proj.weight,0.011489698973732858,0.0006868792697787285,0.3708481118441824,1041.7771880554808,279.80565147320783,0.9213361044909179,0.3944758412205476,715,863,1122,0.00023901488748379052,0.00018295303743798286,0.00010081808432005346,0.28325563260295894,0.31442877133667935,0.3508411444418016,0.0035739092285480617,0.015410130057917778,0.028790225015679974,0.12359451411729379,1536
muon_fp32,Muon + FP32,26,q_proj,attn,model.layers.26.self_attn.q_proj.weight,0.009774255984595012,0.0007168829906731844,0.28171224108456716,830.6996344560899,185.89635123795262,0.8766536093364881,0.5003210696254079,526,669,960,0.00021286431001499295,0.000154530891450122,7.784063200233504e-05,0.20335118983348366,0.22937285853549838,0.2620595882690395,0.005379341731780262,0.025333431614248943,0.04870008219509914,0.19517114133332752,1536
muon_fp32,Muon + FP32,26,v_proj,attn,model.layers.26.self_attn.v_proj.weight,0.006333330117240956,0.0007475215243175626,0.09781617936096154,238.53776165966858,71.78221357035446,0.9749657814632245,0.15216250107340556,196,222,248,0.00029698468279093504,0.0002653746632859111,0.00022494481527246535,0.08241249807178974,0.08971072584972717,0.09608473427942954,0.01393102762176441,0.05815580715554204,0.10235639520853207,0.36555751164684896,256
muon_fp32,Muon + FP32,27,down_proj,mlp,model.layers.27.mlp.down_proj.weight,0.024508249761012166,0.00162561668548733,0.7773527929030024,1006.0318526774123,227.2941711162084,0.9097308791916136,0.4072436003631319,666,825,1135,0.0004983639228157699,0.0003701967652887106,0.00019127852283418179,0.5776873381109908,0.6463205314357765,0.7311261386494152,0.004399584886357387,0.019222266114728135,0.03603364519689333,0.1501978256696107,1536
muon_fp32,Muon + FP32,27,gate_proj,mlp,model.layers.27.mlp.gate_proj.weight,0.031277309913935396,0.0017178108682855964,1.1207498808062173,1283.9810554228438,331.51874869756,0.9570167912696026,0.25424495191536045,950,1134,1399,0.0005745016969740391,0.0004584207490552217,0.0003078132285736501,0.8887949459603988,0.9835007043730002,1.0846785102039576,0.0030164206517088606,0.012446012621261014,0.023421186350219992,0.098862057401717,1536
muon_fp32,Muon + FP32,27,up_proj,mlp,model.layers.27.mlp.up_proj.weight,0.02531675652951001,0.0017030553426593542,0.8240746193532873,1059.538999858972,220.9828691201825,0.9168800390874838,0.3748685358387558,705,888,1235,0.0004848764801863581,0.00035636796383187175,0.00019318693375680596,0.6121227980474941,0.6884431419894099,0.7811479875672376,0.004525237652951939,0.018973263126699044,0.03508215526109281,0.14430339873744602,1536
muon_fp32,Muon + FP32,27,k_proj,attn,model.layers.27.self_attn.k_proj.weight,0.006223146855260902,0.0007493094308301806,0.09555655364238191,235.77668468410906,68.97595179937882,0.9719699825791958,0.16766161597265983,189,216,246,0.0002874220663215965,0.0002503354044165462,0.00020247780776116997,0.07963594351895154,0.08688445811276324,0.0936624129244592,0.01449780646606468,0.051698778797924595,0.09274994657106984,0.3651553186599995,256
muon_fp32,Muon + FP32,27,o_proj,attn,model.layers.27.self_attn.o_proj.weight,0.009442310544265494,0.0006212918669916689,0.2776733463354173,864.7923296447059,230.97513109271688,0.8868361742458085,0.4871806352536554,556,693,969,0.00020784229855053127,0.00015279090439435095,7.721123984083533e-05,0.2036912527255481,0.22823629769845866,0.25899818626930937,0.004329470429431578,0.01998714828323295,0.037965766880179615,0.16573217913298188,1536
muon_fp32,Muon + FP32,27,q_proj,attn,model.layers.27.self_attn.q_proj.weight,0.009915480092470595,0.0007401498733088374,0.29950392413292093,912.3837465073478,179.46846801300475,0.8965694983257497,0.46262273520594266,597,738,1012,0.00021412104251794517,0.00015934793918859214,8.202843309845775e-05,0.2221040135336807,0.24825178521859925,0.28048018790286733,0.005572009451418158,0.01981384278122599,0.03625512706038763,0.15359001373145764,1536
muon_fp32,Muon + FP32,27,v_proj,attn,model.layers.27.self_attn.v_proj.weight,0.006315355538521841,0.0006617374019697309,0.09735099370300304,237.62119044406236,91.08025680214303,0.9744928865772586,0.15956130756321873,192,218,247,0.0002932844508904964,0.00025776674738153815,0.0002160826261388138,0.08153903653146699,0.08870400907471776,0.09553250558383297,0.010979327848979792,0.049121233188499425,0.09128975020598262,0.3578952949882629,256
muon_fp32,Muon + FP32,3,down_proj,mlp,model.layers.3.mlp.down_proj.weight,0.039145831602647126,0.0017149249324575067,1.4901617588475347,1449.0914074758211,521.0517013112601,0.9847882815152349,0.14037188154074154,1186,1333,1486,0.0007603216217830777,0.0006806161836721003,0.0005782903754152358,1.2600833688047715,1.366015229607001,1.4626200666534714,0.0019191953456507975,0.009045836249908014,0.01716957186815897,0.07193603785522291,1536
muon_fp32,Muon + FP32,3,gate_proj,mlp,model.layers.3.mlp.gate_proj.weight,0.039413275107000705,0.001767913461662829,1.5076829290658793,1463.3054346070053,497.0076162477783,0.9873085184745731,0.1271597449393136,1210,1350,1490,0.0007809974486008286,0.0007088032434694469,0.0006147496751509607,1.2838981418171898,1.3882500611362047,1.481353488867171,0.0020120416011924045,0.008789742966895222,0.0167553962830634,0.06867434401678241,1536
muon_fp32,Muon + FP32,3,up_proj,mlp,model.layers.3.mlp.up_proj.weight,0.038862968551752676,0.0017846544506028295,1.4812042049984484,1452.6397709765558,474.20230818013573,0.9854522779349156,0.13680242126366426,1193,1338,1487,0.0007600583485327661,0.00068296940298751,0.0005841549718752503,1.2552063660696149,1.3598618580726907,1.454609189357143,0.002108804581398471,0.00937914386129427,0.017693711239416165,0.0713221082503879,1536
muon_fp32,Muon + FP32,3,k_proj,attn,model.layers.3.self_attn.k_proj.weight,0.006842775522798508,0.0007133922190405428,0.10571751704264898,238.68730584539662,92.0042416613129,0.9758063731539188,0.15396719832079198,194,220,247,0.0003218707861378789,0.0002833651378750801,0.00023921567481011152,0.08879607095150277,0.09665548204793595,0.10371968985418789,0.01086906409903591,0.04906517386787918,0.09219500352974007,0.3568951440078927,256
muon_fp32,Muon + FP32,3,o_proj,attn,model.layers.3.self_attn.o_proj.weight,0.012311943774574341,0.0007416545995511115,0.3992620083288472,1051.6294191805766,275.58137210312987,0.9246747306785921,0.3899506195533018,730,870,1112,0.0002623086329549551,0.0002032206830335781,0.00011185219773324206,0.3077990814927034,0.3403025835286826,0.3779839224080206,0.0036286922892080436,0.015612364792358021,0.029169718136945754,0.11967480739880981,1536
muon_fp32,Muon + FP32,3,q_proj,attn,model.layers.3.self_attn.q_proj.weight,0.010926911014864552,0.0007346459315158427,0.33400721974247466,934.3657188902622,221.22726847150568,0.9016919791742022,0.4520922589189169,621,760,1022,0.00023633449745830148,0.00017776305321604013,9.286330168833956e-05,0.2500495181157021,0.2786729093058966,0.3133952582720667,0.004520238426795931,0.0198657616669739,0.0375380187687812,0.15155941529189082,1536
muon_fp32,Muon + FP32,3,v_proj,attn,model.layers.3.self_attn.v_proj.weight,0.006848576449357098,0.0007609891472384334,0.10572057485114783,238.29691264866926,80.99229210472836,0.9748801319406997,0.15425975401579373,195,221,248,0.0003208149573765695,0.000283425411907956,0.00024002353893592954,0.08900734208873473,0.09683927145670168,0.10389773198403418,0.01234685392909901,0.05498922905585951,0.1005860720220574,0.362904078145916,256
muon_fp32,Muon + FP32,4,down_proj,mlp,model.layers.4.mlp.down_proj.weight,0.03905503055547958,0.0017896165372803807,1.486799669713946,1449.2754917639393,476.2489106191901,0.9848223040417372,0.1402341200309214,1186,1333,1486,0.0007582142716273665,0.0006786412559449673,0.0005767119582742453,1.2571207585860975,1.362860353954602,1.459305937460158,0.00209974233578794,0.008982160737043353,0.01699404930669882,0.07172710927875224,1536
muon_fp32,Muon + FP32,4,gate_proj,mlp,model.layers.4.mlp.gate_proj.weight,0.03895674491445531,0.0017965806182473898,1.4864569700877155,1455.9261962062274,470.1883919117045,0.9860722314602097,0.13406678927905658,1197,1340,1487,0.0007653239881619811,0.0006877856212668121,0.0005885198479518294,1.2614083524094895,1.3654439972015098,1.4596914413268678,0.002126807078188752,0.009217289064649917,0.017047055978599946,0.06899615070506498,1536
muon_fp32,Muon + FP32,4,up_proj,mlp,model.layers.4.mlp.up_proj.weight,0.03840918569009527,0.0017762978095561266,1.4603768452033137,1445.638405024979,467.56138792955056,0.9842945552355131,0.14311756125308195,1180,1328,1483,0.0007463634829036891,0.0006650984287261963,0.0005614847177639604,1.2328426144085824,1.33737114246469,1.4328468468156643,0.0021387565907188943,0.009501859105402867,0.017562035805576425,0.07120448774775069,1536
muon_fp32,Muon + FP32,4,k_proj,attn,model.layers.4.self_attn.k_proj.weight,0.006592665003983695,0.0007190447067841887,0.10086343277362175,234.06984793209236,84.06403451746509,0.9695962509488857,0.1753699280023986,188,215,245,0.0003012574161402881,0.0002631934476085007,0.00021397617820184678,0.08402114809723571,0.09163612016709521,0.09877517809218261,0.011895693630933698,0.05198777559529979,0.09693564173193521,0.3773541064671114,256
muon_fp32,Muon + FP32,4,o_proj,attn,model.layers.4.self_attn.o_proj.weight,0.012176307755694627,0.0007400044123642147,0.3970573760566296,1063.3477189744913,270.74635226711894,0.9256651055364298,0.3828855816349537,737,882,1134,0.00025454425485804677,0.00019632160547189415,0.00010878909233724698,0.30549832398537546,0.3381466142454883,0.3761792338336818,0.003693493897983888,0.01596621316004627,0.02943199105459008,0.12024969428724186,1536
muon_fp32,Muon + FP32,4,q_proj,attn,model.layers.4.self_attn.q_proj.weight,0.010064672137495708,0.0007601247052662075,0.2987768639008124,881.2409392131757,175.3192354506431,0.8901088337388423,0.47867910924120993,575,713,982,0.00021939202270004898,0.00016369241348002106,8.372112642973661e-05,0.22053230887104291,0.2467721046123188,0.2791882374731358,0.005703880680460336,0.022930903556916484,0.04209598883274729,0.16815401327006468,1536
muon_fp32,Muon + FP32,4,v_proj,attn,model.layers.4.self_attn.v_proj.weight,0.006848396920286142,0.0007666975725442171,0.10585625005478505,238.92146200023078,79.7865470062941,0.9757934687182268,0.15147779032970665,196,221,248,0.00032143574208021164,0.00028693710919469595,0.00024213713186327368,0.08928875750279985,0.09688050608383492,0.10401829949114472,0.012533441256971721,0.05272630782853731,0.09798669973111297,0.3599737230969039,256
muon_fp32,Muon + FP32,5,down_proj,mlp,model.layers.5.mlp.down_proj.weight,0.03901927826791278,0.0017209491925314069,1.4842023726960178,1446.8642265378307,514.0701257930746,0.9844445354730361,0.1424435909955739,1181,1329,1485,0.0007561862585134804,0.0006735968054272234,0.0005685642827302217,1.2533025966840796,1.3591968170949258,1.456592459580861,0.0019452598970952917,0.008705477505089331,0.016665671866726014,0.0714537041812116,1536
muon_fp32,Muon + FP32,5,gate_proj,mlp,model.layers.5.mlp.gate_proj.weight,0.038548107743871324,0.0017638062126934528,1.4667167764527846,1447.7260553465787,477.6440722897827,0.984705113740569,0.14142613878653187,1182,1329,1483,0.0007514607277698815,0.0006712167523801327,0.0005637272261083126,1.2391106048598886,1.3436998914112337,1.4392450971645303,0.002093609149603993,0.008996567222705193,0.01683405676364951,0.06992734965567407,1536
muon_fp32,Muon + FP32,5,up_proj,mlp,model.layers.5.mlp.up_proj.weight,0.038051099005806686,0.0017531729536131024,1.4418102168616826,1435.7597951979087,471.0693904846474,0.9826451131331487,0.1514817106567421,1163,1315,1478,0.000732960004825145,0.000647198292426765,0.0005357936606742442,1.2113241933984682,1.3162784964079037,1.4132505636080168,0.0021228295028279725,0.009430359808514366,0.017648520470683302,0.07243068584322675,1536
muon_fp32,Muon + FP32,5,k_proj,attn,model.layers.5.self_attn.k_proj.weight,0.006719548436833087,0.0007251022034324706,0.10360768774989992,237.7408358946993,85.8779616938674,0.9744672994434656,0.15834538525768682,193,219,247,0.00031264094286598265,0.0002756148169282824,0.0002312091237399727,0.08693621348356828,0.09458082451601513,0.10166882429621182,0.011644431007395586,0.05150644539132993,0.09487286556041437,0.3611182562025996,256
muon_fp32,Muon + FP32,5,o_proj,attn,model.layers.5.self_attn.o_proj.weight,0.012557050849004495,0.0007259623380377889,0.4157039875689108,1095.955890011105,299.19003494328985,0.9312796141681682,0.364814448060939,768,915,1162,0.0002601232554297894,0.00020286419021431357,0.00011425345292082056,0.32198298355797306,0.3559107209148351,0.3947826592193451,0.0033423573087571104,0.01486002233309816,0.02745905162016222,0.11304454262284303,1536
muon_fp32,Muon + FP32,5,q_proj,attn,model.layers.5.self_attn.q_proj.weight,0.011039673601593417,0.0006809457554481924,0.3439249360067316,970.5431836225237,262.8375632691199,0.9087898222443396,0.43321092464402544,651,793,1055,0.00023582215362694114,0.00017799688794184476,9.476976265432313e-05,0.25917803043557797,0.28848760087566916,0.3236410242097918,0.003804631223795428,0.01728848948768268,0.032709324804497196,0.13772362642624777,1536
muon_fp32,Muon + FP32,5,v_proj,attn,model.layers.5.self_attn.v_proj.weight,0.006588617531911374,0.0007533212774433196,0.10155548143666238,237.58452169343556,76.4941330241314,0.9738263131070307,0.15776896185542966,194,220,247,0.0003062738396693021,0.00027356756618246436,0.00023035300546325743,0.0852480279863812,0.0927763526851777,0.09958283275773283,0.013072898018002672,0.05363168252718282,0.09939905546313882,0.3704266288034393,256
muon_fp32,Muon + FP32,6,down_proj,mlp,model.layers.6.mlp.down_proj.weight,0.03900252708806426,0.0016117972554638982,1.4847502466582227,1449.1766169206394,585.5509237485301,0.9848730933266129,0.14055079762772849,1183,1331,1485,0.0007589326123706996,0.0006766271544620395,0.0005710534169338644,1.2542893552454188,1.36055423587095,1.4570163396419957,0.001707793394976282,0.008337130591406757,0.016182156479490156,0.0703138263455164,1536
muon_fp32,Muon + FP32,6,gate_proj,mlp,model.layers.6.mlp.gate_proj.weight,0.03879207805813228,0.0017418370116502047,1.4781078639703082,1451.864763567249,495.98787644865445,0.9854289788562656,0.13801801019760096,1188,1334,1485,0.0007581774261780083,0.0006781781557947397,0.0005777128390036523,1.2508085015579127,1.3557428279309534,1.4509074969100766,0.0020161783129864904,0.008445267027058388,0.016046849646837023,0.0678805442311622,1536
muon_fp32,Muon + FP32,6,up_proj,mlp,model.layers.6.mlp.up_proj.weight,0.038311648908882494,0.0017155244713649154,1.4540849773197237,1440.5153383744278,498.7327104570057,0.9834887154890585,0.14781967046621403,1170,1320,1481,0.0007391634862869978,0.0006563693750649691,0.0005475769867189229,1.224243883159943,1.3289139324915595,1.4261602204642259,0.0020050820390017455,0.008672032441267965,0.016457692669692093,0.06990315771692991,1536
muon_fp32,Muon + FP32,6,k_proj,attn,model.layers.6.self_attn.k_proj.weight,0.00668724061948396,0.0007871108828112483,0.10306028928607702,237.51378135061717,72.18086233305,0.9740602983673435,0.15875206941273157,193,219,247,0.00031070277327671647,0.0002753874578047544,0.0002262192574562505,0.08649379506823607,0.0941105036472436,0.10115262681210879,0.013854087741233902,0.05426816406719089,0.097182334762882,0.36193211434531175,256
muon_fp32,Muon + FP32,6,o_proj,attn,model.layers.6.self_attn.o_proj.weight,0.012870954768758793,0.0007179370149970055,0.42939791696176144,1113.0081344750517,321.4021948086518,0.9348137938536278,0.355469590685481,785,929,1169,0.00026881141820922494,0.00021072158415336162,0.00011877781798830256,0.33447585903923027,0.36891462330822833,0.40818568881513784,0.0031113664316927093,0.013332376767322823,0.02517917489324109,0.10695918302880392,1536
muon_fp32,Muon + FP32,6,q_proj,attn,model.layers.6.self_attn.q_proj.weight,0.011125731691077473,0.0007595263887196779,0.34828543852632937,979.9715559466281,214.5711998090219,0.9100328203520224,0.4276035366869666,659,803,1068,0.0002367751585552469,0.00017933825438376516,9.54302740865387e-05,0.26259777962695807,0.29234049543447327,0.3280127772159176,0.004660457698377254,0.018227573191827502,0.03393578524388653,0.1390774881901487,1536
muon_fp32,Muon + FP32,6,v_proj,attn,model.layers.6.self_attn.v_proj.weight,0.0065647249973601685,0.0007867271779105067,0.10144773144565988,238.80950265577866,69.6281359894608,0.9755280284061788,0.15156704195415815,196,221,248,0.0003097157459706068,0.0002749865816440433,0.00023277827131096274,0.08552820296608843,0.09282142124720849,0.09968497182126157,0.014362010210231164,0.05504046041486079,0.09836902401577294,0.36215545993387444,256
muon_fp32,Muon + FP32,7,down_proj,mlp,model.layers.7.mlp.down_proj.weight,0.03894081973658775,0.0017146264435723424,1.4842935995256994,1452.8790129253746,515.7878938404835,0.9854620437667383,0.1371360098834209,1191,1336,1487,0.0007606435101479292,0.0006823433795943856,0.0005796529585495591,1.2568094143643975,1.3614764490630478,1.4571878598653711,0.0019387814486186209,0.008591742392381847,0.016422099126014146,0.07081064419543243,1536
muon_fp32,Muon + FP32,7,gate_proj,mlp,model.layers.7.mlp.gate_proj.weight,0.03968536637875626,0.0016242456622421741,1.5202474271699487,1467.4650478011329,596.9766670969674,0.9880846934290038,0.12381375377907622,1216,1354,1492,0.000787940458394587,0.0007169995806179941,0.000627600762527436,1.2971719984780066,1.4011267265304923,1.4942524728830904,0.0016751073452550354,0.007834596228541406,0.014949038004386109,0.06442162009971156,1536
muon_fp32,Muon + FP32,7,up_proj,mlp,model.layers.7.mlp.up_proj.weight,0.039154890449909274,0.0016332865925505757,1.4952097582337274,1458.2507855149809,574.7079864911773,0.9865004146385143,0.13240210237607664,1200,1343,1489,0.0007687016041018069,0.0006930185481905937,0.0005976048414595425,1.2697933067684062,1.3743245444493368,1.4688935924204998,0.001740014100213573,0.008170000130188353,0.015576975692680137,0.06659983187420283,1536
muon_fp32,Muon + FP32,7,k_proj,attn,model.layers.7.self_attn.k_proj.weight,0.006629841492280774,0.0006574479048140347,0.10256097534147557,239.30842799181195,101.69125316445513,0.9768793024266925,0.15164223515246467,195,220,247,0.0003116332518402487,0.0002759329217951745,0.00022897780581843108,0.08646012711687945,0.09379987642751075,0.10060961716226302,0.009833687449822255,0.04646347762762145,0.08726465550336852,0.3489135807905963,256
muon_fp32,Muon + FP32,7,o_proj,attn,model.layers.7.self_attn.o_proj.weight,0.01307280637860126,0.0006915203994140029,0.4400685957684427,1133.1909493314893,357.3778779085698,0.9383657720261478,0.3439799672324473,806,949,1184,0.0002725288213696331,0.00021467925398610532,0.0001230413472512737,0.3445768389792647,0.37942170434689615,0.4190023139381083,0.002798158648912891,0.012525562627667922,0.02381197622063071,0.10340400713894511,1536
muon_fp32,Muon + FP32,7,q_proj,attn,model.layers.7.self_attn.q_proj.weight,0.011337032559869757,0.0006752692279405892,0.3581204398873652,997.836602657056,281.86741277503796,0.9138007424776615,0.41853157663392504,677,820,1079,0.00024008913896977901,0.00018290970183443278,9.909826621878892e-05,0.27168476236693095,0.30180080032732803,0.33771973477269057,0.003547767335552595,0.016681428020539395,0.031966193357225836,0.13378785338037624,1536
muon_fp32,Muon + FP32,7,v_proj,attn,model.layers.7.self_attn.v_proj.weight,0.006256697157504764,0.0006785447476431727,0.09599893000267912,235.41954510017416,85.02238481612811,0.9707710112820858,0.1680146116322878,192,219,247,0.0002858139341697097,0.00025383554748259485,0.00021093885879963636,0.08038389141438529,0.08764727102243342,0.09418554720468819,0.011761608453616412,0.05312071917109704,0.09970983383643192,0.38460996266353586,256
muon_fp32,Muon + FP32,8,down_proj,mlp,model.layers.8.mlp.down_proj.weight,0.038839921497798066,0.0017451983876526356,1.4809432465117425,1453.8518192903073,495.29857756340147,0.9856129666164735,0.13620018356102825,1193,1338,1488,0.0007603030535392463,0.0006815950619056821,0.0005803372478112578,1.2546186025138013,1.359204380423762,1.4542981686536223,0.0020189841951887967,0.008854498659331848,0.016766972702633373,0.07093176544209275,1536
muon_fp32,Muon + FP32,8,gate_proj,mlp,model.layers.8.mlp.gate_proj.weight,0.03949367782836859,0.0016687087481841445,1.512028377794195,1465.7662784305073,560.1367570285602,0.9877265720266357,0.12578874723117783,1212,1351,1492,0.0007812037947587669,0.0007086736150085926,0.0006161157507449389,1.2884359069284983,1.3921418929821812,1.485969714995008,0.0017852783047212382,0.007838560048515146,0.015014897038297718,0.06471137947403771,1536
muon_fp32,Muon + FP32,8,up_proj,mlp,model.layers.8.mlp.up_proj.weight,0.03918838921360825,0.0016723752487450838,1.4970592366880737,1459.3623737814034,549.0948403515936,0.9866199325005819,0.1316888645506249,1201,1344,1490,0.0007686303579248488,0.0006936631980352104,0.0005970411584712565,1.2715010698884726,1.3761050433968194,1.4707198038813658,0.0018211790141019813,0.008138341452200966,0.01555590971688512,0.06642423999142395,1536
muon_fp32,Muon + FP32,8,k_proj,attn,model.layers.8.self_attn.k_proj.weight,0.006626067069374176,0.0006556948064826429,0.10247662539768498,239.18722259095347,102.11937954209091,0.9767355877281262,0.15209287188492282,194,220,247,0.00031218791264109313,0.00027674558805301785,0.0002304665104020387,0.08610268068150617,0.09374399727676064,0.10058550497342367,0.009792460593513755,0.04636622585044187,0.08762097261769221,0.35022048814153184,256
muon_fp32,Muon + FP32,8,o_proj,attn,model.layers.8.self_attn.o_proj.weight,0.013014175372717707,0.0006916943239048123,0.4372079370119053,1128.607067047627,354.0013236285481,0.9377627932045823,0.3465978728131567,803,945,1178,0.00027253726148046553,0.0002149510255549103,0.0001226498425239697,0.3423979109793436,0.376949868776137,0.41617266881803516,0.0028248481947748174,0.012656501165243993,0.024084509211208218,0.10435919113781449,1536
muon_fp32,Muon + FP32,8,q_proj,attn,model.layers.8.self_attn.q_proj.weight,0.011576945027967635,0.0006524548516608775,0.370227334394609,1022.7017948582433,314.8379039458908,0.91842654858438,0.40522214376972965,698,843,1101,0.0002444385609123856,0.0001866118545876816,0.00010147721332032233,0.2820759172027465,0.3131969001115067,0.3498121948214248,0.003176237636786782,0.01532094590569123,0.02964201852552576,0.12694213836138915,1536
muon_fp32,Muon + FP32,8,v_proj,attn,model.layers.8.self_attn.v_proj.weight,0.006220865111095936,0.0006865584291517735,0.09545015958428849,235.42454983134058,82.10064366252087,0.970616515423429,0.1674254566576001,192,219,247,0.0002849866868928075,0.00025283676222898066,0.00021495565306395292,0.07980614493135363,0.08705584035487846,0.09362159522424918,0.012180172473562498,0.05385528839211623,0.10109687736662433,0.3876845381261853,256
muon_fp32,Muon + FP32,9,down_proj,mlp,model.layers.9.mlp.down_proj.weight,0.03874044305688727,0.00174421607516706,1.4779467232583556,1455.4201772264462,493.3198570540589,0.985885830670289,0.13485349483454634,1196,1340,1488,0.0007580950041301548,0.0006814216612838209,0.0005839719087816775,1.253365230630152,1.3570892913267016,1.4511564032873139,0.002027082400395689,0.008746083809855296,0.016515012775343018,0.07026349529934435,1536
muon_fp32,Muon + FP32,9,gate_proj,mlp,model.layers.9.mlp.gate_proj.weight,0.03951574584582655,0.001688548014499247,1.514249100948632,1468.4334941115874,547.6631727557528,0.9882481344606912,0.12282229938726164,1218,1356,1493,0.0007865326479077339,0.0007155538187362254,0.0006273379549384117,1.2929040903691202,1.3966140556731261,1.4889338905340992,0.0018259398289794822,0.007907021465991164,0.015074779784666792,0.06438310522059452,1536
muon_fp32,Muon + FP32,9,up_proj,mlp,model.layers.9.mlp.up_proj.weight,0.03911473367952934,0.0016624227864667773,1.4947431208643707,1460.3345878150271,553.6021768371172,0.9868560116181726,0.13046701879794242,1203,1346,1490,0.000770313257817179,0.0006952033145353198,0.0006011499208398163,1.2702670628787018,1.3750745437573642,1.4688109868438914,0.0018063512786623732,0.008116727290516657,0.015533949408173235,0.06618493074537446,1536
muon_fp32,Muon + FP32,9,k_proj,attn,model.layers.9.self_attn.k_proj.weight,0.006442802181781344,0.0006928175571374595,0.09926246110990178,237.3670779749446,86.47923205652715,0.974084757910389,0.15972066082342984,193,218,246,0.00030160692404024303,0.0002673332637641579,0.00021790931350551546,0.08341741454205476,0.0905325174680911,0.09733035224780906,0.01156346993630043,0.051925652209657,0.09591409193133274,0.3622422192355006,256
muon_fp32,Muon + FP32,9,o_proj,attn,model.layers.9.self_attn.o_proj.weight,0.012481466543872125,0.0006661285297013819,0.40184705023976974,1036.55018994921,351.0873364026233,0.9275568535371062,0.3998299964176346,747,875,1080,0.00027264715754427016,0.00021739566000178456,0.00012718392827082425,0.31700580404140055,0.348376868176274,0.3837128586746985,0.002848294131729122,0.013394876941336275,0.02545174015913316,0.10977791993765151,1536
muon_fp32,Muon + FP32,9,q_proj,attn,model.layers.9.self_attn.q_proj.weight,0.011124207436538702,0.0007042782963253558,0.3373378816464474,919.585404096773,249.4879344300148,0.9050377177534469,0.4658001200494748,634,760,979,0.00025008307420648634,0.00019258959218859673,0.00010674838995328173,0.2586968363902997,0.2864965255430434,0.3189195736194961,0.004008209865076723,0.01807396909649319,0.033976901398498405,0.1380510733408133,1536
muon_fp32,Muon + FP32,9,v_proj,attn,model.layers.9.self_attn.v_proj.weight,0.0061565220778994015,0.0006519966991618276,0.09442865158780478,235.25382524044934,89.1620588710412,0.9706313188460597,0.16915369031452876,191,218,247,0.00028077061870135367,0.00024949072394520044,0.00020825372484978288,0.07886207097908482,0.08601830911356956,0.09264387641451322,0.011215532847288124,0.05213120793540738,0.0981270483503889,0.38381862379733106,256
muon_bf16,Muon + BF16,-1,embed,embed,model.embed_tokens.weight,0.003364035750051336,0.0005315540474839509,0.1058814969528612,990.6470270482714,40.052197229297924,0.8597290019679746,0.30197174824478257,846,1091,1405,5.300201883073896e-05,4.340615851106122e-05,3.218697020201944e-05,0.07842020886891987,0.09018711970929871,0.1020574213580403,0.024967419247314264,0.09788285840022118,0.17116885099065018,0.4072566502790313,1536
muon_bf16,Muon + BF16,0,down_proj,mlp,model.layers.0.mlp.down_proj.weight,0.002488129763595851,0.0001830169785534963,0.0878001098817549,1245.214204212408,184.82609603212094,0.9437918750281744,0.257465988487281,982,1190,1439,4.179753523203544e-05,3.534015195327811e-05,2.7435024094302207e-05,0.069527995048702,0.07753495353608741,0.08536982073565014,0.005410491383349946,0.023949080097352114,0.042911997392871506,0.15937733212806315,1536
muon_bf16,Muon + BF16,0,gate_proj,mlp,model.layers.0.mlp.gate_proj.weight,0.001676377798189599,0.00019681926642078906,0.0593710626895283,1254.312770858431,72.54518345646504,0.9438352249664412,0.24525908225915538,1012,1206,1433,2.9034783437964506e-05,2.4798537197057158e-05,1.922139745147433e-05,0.047500014463366824,0.05271756002002803,0.057750431460590335,0.01378451266306478,0.038102439244273895,0.059206452195063645,0.17658939464550213,1536
muon_bf16,Muon + BF16,0,up_proj,mlp,model.layers.0.mlp.up_proj.weight,0.001883460344084666,0.00018671146244741976,0.06565711952077624,1215.2081960593664,101.75857111066885,0.9357443235190464,0.26407205546325585,975,1181,1427,3.171802018187009e-05,2.6885678380494937e-05,2.0710076569230296e-05,0.05184529255711823,0.057878179559338605,0.06376408152755175,0.009827182016072505,0.03553372805689021,0.05760705789971955,0.1879035835193533,1536
muon_bf16,Muon + BF16,0,k_proj,attn,model.layers.0.self_attn.k_proj.weight,0.00040054166083243074,0.0001265115715796128,0.00494005037245621,152.11336232820676,10.023857568662185,0.8305798770238696,0.4183325786276897,110,142,190,1.8307338905287907e-05,1.358985809929436e-05,7.919111340015661e-06,0.0036156939295324264,0.00411512893060717,0.004660316130866704,0.09976199214225898,0.2452019145500647,0.3341280558945341,0.6816514234893938,256
muon_bf16,Muon + BF16,0,o_proj,attn,model.layers.0.self_attn.o_proj.weight,0.0007586156734512706,8.82614403963089e-05,0.021666605101542113,815.7143703489397,73.87569864952872,0.8708020032820736,0.504920250963818,547,688,945,1.627191340958234e-05,1.2403704204189125e-05,6.534793556056684e-06,0.01583589956317155,0.017845438200311037,0.020238118012002815,0.013536251003784984,0.053662063544679256,0.0828096669526679,0.2385666597728811,1536
muon_bf16,Muon + BF16,0,q_proj,attn,model.layers.0.self_attn.q_proj.weight,0.0005758075126977402,0.00020337656314950436,0.012156369004475946,445.71073601419744,8.015910249757756,0.7366710365556713,0.682273963834152,292,398,617,1.4731564078829251e-05,1.0311006917618215e-05,5.3022181418782566e-06,0.008131482532917289,0.009451090496440884,0.011123964921353036,0.12475189577256313,0.18105791601104326,0.24032685224725162,0.4907305977851524,1536
muon_bf16,Muon + BF16,0,v_proj,attn,model.layers.0.self_attn.v_proj.weight,0.000757424704157013,0.00024700842914171517,0.01076854252096382,202.13192992638994,9.402760719585219,0.9037605329706754,0.25022349581219294,164,196,236,3.240609657950699e-05,2.7212356144445948e-05,2.022953594860155e-05,0.008544144657207653,0.009494281765000778,0.010438521705509629,0.10635174389975466,0.16297668083290964,0.2235134780978938,0.5256861424559135,256
muon_bf16,Muon + BF16,1,down_proj,mlp,model.layers.1.mlp.down_proj.weight,0.0012638824679639927,0.000779343827161938,0.03078805907057358,593.405057177496,2.6299965529908462,0.6036667882361879,0.34638250603808185,562,851,1285,1.8854525478673168e-05,1.4533628927893005e-05,9.657376722316258e-06,0.018800693807861535,0.023585174921208818,0.02882004413550021,0.38022863522874,0.47317655105193246,0.5292111144251992,0.6457931050139323,1536
muon_bf16,Muon + BF16,1,gate_proj,mlp,model.layers.1.mlp.gate_proj.weight,0.001993609717855221,0.00017401008517481387,0.07327141179575847,1350.7931055521096,131.25971130048387,0.9653812641653909,0.2019127169542123,1091,1265,1460,3.599997944547795e-05,3.14198769046925e-05,2.5327730327262543e-05,0.06015290217328584,0.06602378528623376,0.07158847150640213,0.007618483920864098,0.022401644313382464,0.037239023411308095,0.12408939529481638,1536
muon_bf16,Muon + BF16,1,up_proj,mlp,model.layers.1.mlp.up_proj.weight,0.002164157604464307,0.00021346466382965446,0.07903126268502092,1333.5830638328914,102.7840633263539,0.9603108012628753,0.20510245922781145,1089,1267,1463,3.865188773488626e-05,3.381480564712547e-05,2.7596974177868105e-05,0.06473244880544371,0.07118552714746329,0.07722942566215352,0.009729134728064397,0.032980826215340715,0.05133708856412338,0.14348117925489826,1536
muon_bf16,Muon + BF16,1,k_proj,attn,model.layers.1.self_attn.k_proj.weight,0.0004197837046497531,0.00012037460692226887,0.005151165191733753,150.57740311432624,12.16133881083075,0.8318939211918948,0.42859253289297716,105,137,191,1.9944216546718962e-05,1.3770946679869667e-05,8.220360541599803e-06,0.0037243937276798533,0.004252199751135777,0.0048565970191702945,0.08222778886066485,0.22214483711889588,0.31794050453606837,0.7007683847676831,256
muon_bf16,Muon + BF16,1,o_proj,attn,model.layers.1.self_attn.o_proj.weight,0.0007397231027358852,6.0792324802605435e-05,0.021273357572330398,827.0537110571415,148.06106247334017,0.876310110093123,0.5036310298728017,548,687,947,1.5943931430228986e-05,1.2035239706165157e-05,6.320656666503055e-06,0.01558376907632919,0.017523505728604505,0.019870604417064897,0.006753970174839585,0.03107753252055177,0.05803444409124405,0.21501173362359918,1536
muon_bf16,Muon + BF16,1,q_proj,attn,model.layers.1.self_attn.q_proj.weight,0.0005565449444932717,0.00011654062836896628,0.013619560758514268,598.8605691958742,22.80582426009889,0.8008417908134208,0.6000276802220903,396,525,776,1.2651760698645376e-05,9.330186912848148e-06,4.784433713211911e-06,0.00941201391742652,0.010815600271598669,0.01254648178428397,0.04384844803656589,0.11645013686943759,0.17301078706064446,0.40164673569084686,1536
muon_bf16,Muon + BF16,1,v_proj,attn,model.layers.1.self_attn.v_proj.weight,0.0007719718738869185,0.0001431105483788997,0.010835272842996346,197.00477310996973,29.097767085420337,0.9066345757202218,0.28379918115490743,154,189,234,3.236312841181643e-05,2.662522456375882e-05,1.881962270999793e-05,0.008440634621365461,0.009460449333346332,0.010477457784872968,0.03436689822502077,0.13899559637041342,0.22550605445892227,0.574182375837004,256
muon_bf16,Muon + BF16,10,down_proj,mlp,model.layers.10.mlp.down_proj.weight,0.0026766031406692376,0.00019315436657052487,0.09888455541295116,1364.8626966253323,192.02550033913295,0.9684065392693624,0.1963352196028585,1101,1276,1468,4.823114431928843e-05,4.220503615215421e-05,3.454081524978392e-05,0.08137376285230857,0.08928665969870053,0.09669474163820269,0.005207641684223799,0.01652080262199893,0.02906684563640829,0.11041190667801909,1536
muon_bf16,Muon + BF16,10,gate_proj,mlp,model.layers.10.mlp.gate_proj.weight,0.0025198020603623833,0.00017657547141425312,0.09125822224996227,1311.6294373660803,203.64422776053047,0.9587145555444088,0.22902223709399383,1031,1217,1440,4.471210922929458e-05,3.7923357012914494e-05,2.8890874091302976e-05,0.07363469312986126,0.0813092432472331,0.08881253371146158,0.00491052464878072,0.01926101664334286,0.03387750365409865,0.12574179278796677,1536
muon_bf16,Muon + BF16,10,up_proj,mlp,model.layers.10.mlp.up_proj.weight,0.0024026738651109526,0.00018318484944757074,0.08832476217503427,1351.3732085284396,172.03251758654753,0.9655805310765164,0.20242191547651256,1089,1262,1457,4.3557614844758064e-05,3.791833660216071e-05,3.0208977477741428e-05,0.07247599875699962,0.07952367975667585,0.08621786589901603,0.005812854534881243,0.021094079164988438,0.035533283116814744,0.12318091663533738,1536
muon_bf16,Muon + BF16,10,k_proj,attn,model.layers.10.self_attn.k_proj.weight,0.0005363991384110815,0.00010525483958190307,0.007651547426121397,203.48031708285984,25.971198753233008,0.9217747655330486,0.27411772921683064,157,187,227,2.3903443434392102e-05,2.0188468624837697e-05,1.288765633944422e-05,0.006044201181794051,0.006701367276036763,0.0073756099336605985,0.038504191104213686,0.12209847555094872,0.19716253624119623,0.5191681332761333,256
muon_bf16,Muon + BF16,10,o_proj,attn,model.layers.10.self_attn.o_proj.weight,0.0008252037712373489,6.915810809005052e-05,0.024600693924755043,888.7350478166052,142.37580741164314,0.8868366714783537,0.46765175932497294,601,752,1020,1.7009908333420753e-05,1.298407823924208e-05,7.051615739328554e-06,0.01815991129660688,0.02041265064235631,0.023075536599662883,0.007023665173035728,0.031569478798876234,0.057310732662485715,0.20925062129309177,1536
muon_bf16,Muon + BF16,10,q_proj,attn,model.layers.10.self_attn.q_proj.weight,0.0006104493224307359,7.854696741560474e-05,0.017187102384532353,792.6949585473255,60.40047967392864,0.8625599685682771,0.511984763307541,532,679,942,1.2851014616899192e-05,9.705388038128149e-06,5.323027835402172e-06,0.012441679368748737,0.014090908151956683,0.01604103598765505,0.016556159907975723,0.055715672197624494,0.08825889821458395,0.26635221679187465,1536
muon_bf16,Muon + BF16,10,v_proj,attn,model.layers.10.self_attn.v_proj.weight,0.0007070278702252969,0.00017389762797392905,0.009580403164363815,183.60922775707135,16.530490899108568,0.8751871325387257,0.30389157129567024,146,182,231,2.880321153497789e-05,2.3184575184131972e-05,1.6913918443606235e-05,0.007316316048672888,0.008254899074017885,0.009235999741576961,0.06049427122904902,0.20573783068514964,0.30255218530603034,0.6190741812834647,256
muon_bf16,Muon + BF16,11,down_proj,mlp,model.layers.11.mlp.down_proj.weight,0.002694412388466139,0.0001508084824308753,0.09978004675758712,1371.3846149039289,319.2100776689965,0.969795499453841,0.19297541853958755,1108,1280,1469,4.8765574319986627e-05,4.276862819097005e-05,3.5168333852197975e-05,0.08231306810193928,0.09018475567063433,0.09758798867915175,0.00313273317466169,0.013833863336508045,0.02630094967486409,0.10760616355196971,1536
muon_bf16,Muon + BF16,11,gate_proj,mlp,model.layers.11.mlp.gate_proj.weight,0.0025169776138197933,0.00015615038864780217,0.09101484189523035,1307.5723613467023,259.81999306498597,0.9581243679656474,0.23222398227149865,1023,1210,1438,4.459765477804467e-05,3.7684556446038187e-05,2.831264828273561e-05,0.07328982703620568,0.08097886186806136,0.08854853372031357,0.003848818515478448,0.017636402655634275,0.032892338367064275,0.12531840773286856,1536
muon_bf16,Muon + BF16,11,up_proj,mlp,model.layers.11.mlp.up_proj.weight,0.002385401833045139,0.0002223338815383613,0.08768395085462544,1351.192178632996,115.10966691589263,0.9656043261091195,0.20339666437761506,1084,1257,1454,4.331215677666478e-05,3.760333493119106e-05,2.9687300411751494e-05,0.07186746148727252,0.07886606230022153,0.08554582240685704,0.00868736767982025,0.02094765718842709,0.034372839022153316,0.11988028941703982,1536
muon_bf16,Muon + BF16,11,k_proj,attn,model.layers.11.self_attn.k_proj.weight,0.0005038179320231968,8.134229574352503e-05,0.007050636126791687,195.84359017326784,38.36316158431969,0.9147035996301043,0.3073028949989647,147,177,219,2.2308599000098184e-05,1.8515109331929125e-05,1.167093068943359e-05,0.005500169207152794,0.006116003840361373,0.006762695438737865,0.026066673305902233,0.1015272080282728,0.1734084746764512,0.5504740697978852,256
muon_bf16,Muon + BF16,11,o_proj,attn,model.layers.11.self_attn.o_proj.weight,0.0007691009154948883,6.899095751577988e-05,0.0230117624900128,895.2268705238083,124.27458216434034,0.8888725095356113,0.46533004862157634,608,756,1020,1.599792631168384e-05,1.2224444617459085e-05,6.646318524872186e-06,0.017060220172425034,0.01914195758763526,0.021601481710604276,0.00804669774449616,0.033437364997100726,0.05879958190598725,0.20549532017602629,1536
muon_bf16,Muon + BF16,11,q_proj,attn,model.layers.11.self_attn.q_proj.weight,0.0005720876603879661,7.221748819574714e-05,0.015827997388123915,765.467540236215,62.753853936225724,0.8549663535595022,0.5241446657116993,516,658,920,1.2193916518299375e-05,9.255374607164413e-06,4.881536369794048e-06,0.011409650107452762,0.012926269050694827,0.014748313418749603,0.015935276278270665,0.06385613098036705,0.10234875842633849,0.28467773617140985,1536
muon_bf16,Muon + BF16,11,v_proj,attn,model.layers.11.self_attn.v_proj.weight,0.0007034523655674032,0.00016435883298981935,0.009583744937344818,185.60988636500227,18.318220860540784,0.8816989908375655,0.30340219335415464,147,182,229,2.9295313652255572e-05,2.3968903406057507e-05,1.657182838243898e-05,0.007350061388933682,0.008278090506792068,0.009229569293893292,0.054590454368529676,0.19055183279711352,0.28673505655668524,0.6103442926446516,256
muon_bf16,Muon + BF16,12,down_proj,mlp,model.layers.12.mlp.down_proj.weight,0.002706171733405405,0.00016550782311242074,0.0992013111090273,1343.7674511836656,267.3459773175894,0.9642544685537853,0.20831755173161892,1079,1260,1462,4.820230242330581e-05,4.1795457946136594e-05,3.383214425412007e-05,0.08108157892638701,0.08922170440928312,0.09689100863033673,0.0037404714670984775,0.016870090635014455,0.03143524424485225,0.12061231094351507,1536
muon_bf16,Muon + BF16,12,gate_proj,mlp,model.layers.12.mlp.gate_proj.weight,0.0025566855546487644,0.00020678182772826403,0.09130441486468044,1275.3486295869736,152.8726858816692,0.951694371632414,0.24862572102570435,990,1181,1420,4.504023672780022e-05,3.77249343728181e-05,2.7586487703956664e-05,0.07282530264637899,0.08072628567970241,0.08859442067841883,0.006541390924301859,0.022728026821243526,0.038998289149991504,0.13980905985799344,1536
muon_bf16,Muon + BF16,12,up_proj,mlp,model.layers.12.mlp.up_proj.weight,0.0024248179228671925,0.00023384446103591472,0.08757840893304092,1304.4752243637238,107.52367313735964,0.9548708695538731,0.2228566468364992,1051,1232,1444,4.3138847104273736e-05,3.7198384234216064e-05,2.8661186661338434e-05,0.07097003647504607,0.07824249878467526,0.08528546959314554,0.009300277518630872,0.030942924920625756,0.05212352265687182,0.1553735571080384,1536
muon_bf16,Muon + BF16,12,k_proj,attn,model.layers.12.self_attn.k_proj.weight,0.0005925732911862757,0.00010845697397598997,0.008313796875199841,196.84059693544552,29.85170761981479,0.9121656490392869,0.2968069251208685,149,181,224,2.5517845642752945e-05,2.1380272301030345e-05,1.4093615391175263e-05,0.00647992512131168,0.007227124327982892,0.007997207802873163,0.03349892115840723,0.13035248630993723,0.20752704788012788,0.5417782741190051,256
muon_bf16,Muon + BF16,12,o_proj,attn,model.layers.12.self_attn.o_proj.weight,0.0007488624059820441,6.542132905451581e-05,0.021849434294932274,851.2876568159699,131.02836818324516,0.8788933492975319,0.48685612556361635,571,720,988,1.565733691677451e-05,1.1856116543640383e-05,6.440743618441047e-06,0.016006196734451805,0.018046137943201757,0.02045999063511772,0.007631935082954592,0.03225117325581304,0.05891039267153794,0.2235826044121398,1536
muon_bf16,Muon + BF16,12,q_proj,attn,model.layers.12.self_attn.q_proj.weight,0.0005894957919011556,7.093424937920645e-05,0.01619693886352492,754.926146745685,69.06363992449933,0.8543151718091108,0.532338065432574,507,647,904,1.2621399946510792e-05,9.596857125870883e-06,5.145503109815763e-06,0.011682166133141436,0.013232874415734841,0.015091305248915887,0.014479399016518742,0.0527608495800861,0.08884611425380978,0.2881675663516062,1536
muon_bf16,Muon + BF16,12,v_proj,attn,model.layers.12.self_attn.v_proj.weight,0.0006717764338068576,0.00018414556689094752,0.00910489347506882,183.69621544857725,13.308435153759547,0.8770189093973721,0.3069806216072033,146,181,230,2.7412463168730028e-05,2.2807209461461753e-05,1.588228769833222e-05,0.0069644870236516,0.007842111210266012,0.00877543461501773,0.07514031427785907,0.18745306541780274,0.28175131807944104,0.6230237589972355,256
muon_bf16,Muon + BF16,13,down_proj,mlp,model.layers.13.mlp.down_proj.weight,0.00258561530989671,0.00014676163846161216,0.09514766680513276,1354.1552719030838,310.38642446959835,0.966587514562766,0.20387031443123282,1086,1264,1463,4.63000797026325e-05,4.0157425246434286e-05,3.253111208323389e-05,0.077977833996556,0.08567295954708243,0.09294354177472997,0.0032217903914736053,0.014493304052248097,0.027494315645192495,0.11162519497143175,1536
muon_bf16,Muon + BF16,13,gate_proj,mlp,model.layers.13.mlp.gate_proj.weight,0.00262839524307827,0.0002293695288244635,0.09371580234983412,1271.2890622074754,131.31365815903172,0.9499770749120936,0.24777331907401368,996,1190,1428,4.587788134813309e-05,3.8556874642381445e-05,2.8953869332326576e-05,0.07475795983555145,0.08293779942323454,0.09100992541607411,0.00761535406156241,0.023638664174169786,0.04106784952519463,0.14767209292067626,1536
muon_bf16,Muon + BF16,13,up_proj,mlp,model.layers.13.mlp.up_proj.weight,0.0024270613016297658,0.00021509196085389704,0.08839631096452649,1326.4985838209955,127.32483845831199,0.9605771789556297,0.21644878202689632,1061,1240,1445,4.359721060609445e-05,3.75859162886627e-05,2.9169510526116937e-05,0.07192554091307102,0.07918489301300724,0.08610262509864697,0.007853927105726622,0.024577184363132568,0.04058818958148145,0.13202998576175945,1536
muon_bf16,Muon + BF16,13,k_proj,attn,model.layers.13.self_attn.k_proj.weight,0.00043347210569229385,9.493955440120772e-05,0.00561565261460828,167.83330925071593,20.846249575095012,0.8625441686972256,0.3765251011670101,124,157,205,1.8767557776300237e-05,1.5224784874590114e-05,9.848601621342823e-06,0.004193124097582768,0.004747830206724757,0.005344199492355983,0.04797025941753565,0.1872172120761385,0.2886117090335172,0.6526051362423908,256
muon_bf16,Muon + BF16,13,o_proj,attn,model.layers.13.self_attn.o_proj.weight,0.0007255991379952522,6.665164983132854e-05,0.0213698038276402,867.3763063515256,118.51455993405298,0.8797651888576604,0.4741879201357806,588,742,1016,1.4852415006316733e-05,1.1285569598840084e-05,6.162654244690202e-06,0.01565540705632884,0.017661334145486762,0.02002334557710128,0.008437781826608027,0.03538313602776579,0.06468727805471965,0.2329388405013698,1536
muon_bf16,Muon + BF16,13,q_proj,attn,model.layers.13.self_attn.q_proj.weight,0.0005991044707602304,7.859602192183957e-05,0.01602887455607575,715.8152378921036,58.10372701618763,0.8419535203815086,0.5484536063895995,475,616,878,1.286516180698527e-05,9.718846740724985e-06,5.0664334594330285e-06,0.011393221826438094,0.012976725587577675,0.014882537915582361,0.0172105999279771,0.06468385923736446,0.1078905915486954,0.3101340955073978,1536
muon_bf16,Muon + BF16,13,v_proj,attn,model.layers.13.self_attn.v_proj.weight,0.0006841188853456711,0.0001222756691277027,0.009596158718522929,196.7576768392667,31.302791083008515,0.9075020603330878,0.2866702053373087,154,186,230,2.9718343284912407e-05,2.437433067825623e-05,1.6894977306947112e-05,0.007495342579204589,0.008361339794646483,0.009261892335416633,0.03194603309807765,0.13982249718580175,0.22780240835149346,0.5693348022772238,256
muon_bf16,Muon + BF16,14,down_proj,mlp,model.layers.14.mlp.down_proj.weight,0.0026181458949108435,0.0001958048524102196,0.09679185347522434,1366.752651453957,178.78899659161402,0.9685899215335253,0.19429907382044087,1104,1278,1468,4.7344175982289016e-05,4.1410228732274845e-05,3.398894114070572e-05,0.07972491232430912,0.08744739790563472,0.09464838682833943,0.005593185369702468,0.01946142711943237,0.03218089959996396,0.11253534107596092,1536
muon_bf16,Muon + BF16,14,gate_proj,mlp,model.layers.14.mlp.gate_proj.weight,0.002595264677565474,0.00042369170114398,0.09330772885914485,1292.623138195347,37.52004898085364,0.9504000566794176,0.22736102906916633,1032,1219,1442,4.580373570206575e-05,3.9063001167960465e-05,2.978089833050035e-05,0.0751552962246933,0.08308813188705244,0.09081311145928339,0.026652417231925705,0.04415525072971569,0.05900426573835009,0.15080824551401933,1536
muon_bf16,Muon + BF16,14,up_proj,mlp,model.layers.14.mlp.up_proj.weight,0.002446587111462071,0.00032464091782458127,0.08940234731562668,1335.2927043099933,56.795620947456634,0.9604546893534236,0.2061495157210791,1078,1254,1455,4.4043161324225366e-05,3.8229125493671745e-05,3.0022791179362684e-05,0.07305813966377173,0.08030508068623021,0.08722187583407504,0.01760699123133332,0.036167444150884374,0.051549594671145574,0.13439943907641125,1536
muon_bf16,Muon + BF16,14,k_proj,attn,model.layers.14.self_attn.k_proj.weight,0.0006410075465150192,0.00014104526781011373,0.008200678452794818,163.67158280484608,20.654241244641533,0.8504637361047089,0.3797394807440313,119,156,211,2.667671287781559e-05,2.0886338461423293e-05,1.2893070561403874e-05,0.0059886325361731,0.0068600030263041845,0.007793826636770973,0.048416206054504016,0.19139051602391904,0.3062187509309959,0.6907654792612058,256
muon_bf16,Muon + BF16,14,o_proj,attn,model.layers.14.self_attn.o_proj.weight,0.0007277241726155155,6.407182809198275e-05,0.02090225401648127,824.9975151313793,129.00286963122215,0.8778210270267647,0.5072956983512369,564,701,941,1.5617571989423595e-05,1.2072144272678997e-05,6.608859621337615e-06,0.015525813640124397,0.01741763969494059,0.019640821405118913,0.007751765544895857,0.03452898104617463,0.06104952380714099,0.21908851639869525,1536
muon_bf16,Muon + BF16,14,q_proj,attn,model.layers.14.self_attn.q_proj.weight,0.00063061202889975,0.00010203689453192055,0.014908821711286529,558.9360753682116,38.1953097456874,0.7957997187565669,0.629115887353715,360,480,717,1.4817779629083816e-05,1.0925011338258628e-05,5.463187790155644e-06,0.01024349453382456,0.011776702821407525,0.0136809017772066,0.026181225041980685,0.09533427489364685,0.15540264581614532,0.41165441142578413,1536
muon_bf16,Muon + BF16,14,v_proj,attn,model.layers.14.self_attn.v_proj.weight,0.0007443012994369635,0.00015323144907597452,0.010213084262886696,188.28523975998652,23.59400880488794,0.8915957400847535,0.30749929742760274,146,182,230,3.060189919779077e-05,2.4785213099676184e-05,1.7733837012201548e-05,0.00783148423943203,0.008823788451991277,0.009840335562330438,0.042383641045044926,0.14758211410641012,0.24629075274499637,0.6129366192026302,256
muon_bf16,Muon + BF16,15,down_proj,mlp,model.layers.15.mlp.down_proj.weight,0.0026214578416971345,0.00018650373385753483,0.09639203233200533,1352.0617245045048,197.56531156350601,0.9657465104819426,0.20297660868818168,1089,1267,1464,4.6940651373006403e-05,4.084621832589619e-05,3.324628414702602e-05,0.07903852067829575,0.08684559205721598,0.09417824327101698,0.005061617305619751,0.019890437698263087,0.03388695639384889,0.11862265106209376,1536
muon_bf16,Muon + BF16,15,gate_proj,mlp,model.layers.15.mlp.gate_proj.weight,0.0024705597176821344,0.0001635504886507988,0.08969310364955163,1318.0363637779112,228.18496203773807,0.9603448251291952,0.2267184229885535,1033,1216,1438,4.414595969137736e-05,3.7430527299875394e-05,2.839719491021242e-05,0.07247909331636038,0.07994174841223867,0.08728894377964025,0.004382409739317599,0.017578759300293425,0.03203170168483415,0.12115757833821023,1536
muon_bf16,Muon + BF16,15,up_proj,mlp,model.layers.15.mlp.up_proj.weight,0.002338830964350379,0.0001624703436391428,0.08514795963310462,1325.4117651363194,207.2284944482982,0.9606960271526477,0.2180556790823196,1059,1239,1447,4.180608448223211e-05,3.6077901313547045e-05,2.8093496439396404e-05,0.06923923318026937,0.0762522211553005,0.08297546349058393,0.0048255912038655075,0.020469247139236316,0.036545871228929855,0.1305739967095572,1536
muon_bf16,Muon + BF16,15,k_proj,attn,model.layers.15.self_attn.k_proj.weight,0.0006291880645572005,0.00010210256004938856,0.008890152800290707,199.64456868381723,37.9741173748518,0.9192607416701685,0.29327870853087346,151,183,225,2.7642112399917096e-05,2.2672831619274803e-05,1.575455280544702e-05,0.006961212513488135,0.0077621947129955515,0.008566286911445786,0.026333725946247954,0.09879450840553536,0.17373032786682122,0.53990621089605,256
muon_bf16,Muon + BF16,15,o_proj,attn,model.layers.15.self_attn.o_proj.weight,0.0007503621098756995,6.544101051986217e-05,0.02203858335499076,862.6319854967699,131.4745817362965,0.8823684734265451,0.4826635884671122,582,729,991,1.5728635844425298e-05,1.1993633052043151e-05,6.54755967843812e-06,0.016241532872300013,0.0182710764620424,0.020661094638398936,0.007606032944114913,0.03258100960634632,0.05991543659365869,0.21557536301897326,1536
muon_bf16,Muon + BF16,15,q_proj,attn,model.layers.15.self_attn.q_proj.weight,0.0006250652559124174,7.510824798373505e-05,0.016710315719377606,714.6914588002103,69.25887866728834,0.8448963278833543,0.5537107512441322,463,603,869,1.3665629921888467e-05,1.011121548799565e-05,5.26395615452202e-06,0.011853942100970016,0.013503239581950766,0.015505097576351545,0.014438582016377778,0.05462298828437306,0.09223463926610795,0.28960650248989006,1536
muon_bf16,Muon + BF16,15,v_proj,attn,model.layers.15.self_attn.v_proj.weight,0.0006804946881037041,0.00020688361837528646,0.00880524080162104,167.42989147707678,10.8192528917155,0.8440799656374786,0.3475626375633323,129,165,221,2.801837217702996e-05,2.1788513549836352e-05,1.4766981621505693e-05,0.006507669017082662,0.007404608510114485,0.008421442691542325,0.09242782380710579,0.24067198842643722,0.3395294953001182,0.6741366054049991,256
muon_bf16,Muon + BF16,16,down_proj,mlp,model.layers.16.mlp.down_proj.weight,0.002586452045547125,0.00018985793576575816,0.09456525164750929,1336.7626535384184,185.58862411389583,0.9628457548983094,0.21222489911012787,1070,1253,1460,4.581570829031989e-05,3.958314846386202e-05,3.180667772539891e-05,0.07709792579771602,0.08490934008659679,0.09233292780845659,0.005388261294433108,0.0205892006427071,0.035575574614239706,0.12275342570819552,1536
muon_bf16,Muon + BF16,16,gate_proj,mlp,model.layers.16.mlp.gate_proj.weight,0.0025842509492460994,0.0002248071104986593,0.09257489506671845,1283.2671823137644,132.14455774999686,0.9517710094952986,0.2396717137619746,1013,1208,1443,4.4794629502575845e-05,3.785228545893915e-05,2.912738455052022e-05,0.07414574198264745,0.08220083614287432,0.09010219404080999,0.007567470178317076,0.026507756362097522,0.04344051065857833,0.14688477469263944,1536
muon_bf16,Muon + BF16,16,up_proj,mlp,model.layers.16.mlp.up_proj.weight,0.0023853515578977163,0.00021058271522633731,0.08529841110066627,1278.7248121793352,128.3096582735113,0.9495195908004298,0.2364431275458685,1027,1222,1449,4.108636494493112e-05,3.51971248164773e-05,2.7770825909101404e-05,0.06848525733948918,0.07591797550776391,0.08309410745823698,0.007793645571624467,0.028996974465801722,0.05001321815274008,0.16280773031519716,1536
muon_bf16,Muon + BF16,16,k_proj,attn,model.layers.16.self_attn.k_proj.weight,0.0005874045849035669,0.00016437078011222184,0.007949315324481177,183.14066415446712,12.77101548140764,0.8809006879636556,0.3217718821533295,139,173,222,2.47901971306419e-05,1.993517616938334e-05,1.290019918087637e-05,0.006048390598152764,0.0068118364451947855,0.00762480541561672,0.07830230896327899,0.1852916807107454,0.2667399718695381,0.5993160427429379,256
muon_bf16,Muon + BF16,16,o_proj,attn,model.layers.16.self_attn.o_proj.weight,0.0007242609004343509,6.135294825071469e-05,0.021370467234281043,870.6386735299488,139.3539252591433,0.8821832612135573,0.47548890465627003,588,740,1009,1.4950824152037967e-05,1.1398314200050663e-05,6.216267593117664e-06,0.015696655738793197,0.01768997747785761,0.02002813618628352,0.007175972963376487,0.032511990636919084,0.059234556919729876,0.22180220386780997,1536
muon_bf16,Muon + BF16,16,q_proj,attn,model.layers.16.self_attn.q_proj.weight,0.000642129613818422,8.397363853873685e-05,0.017241386498130853,720.9397581667124,58.473549263890824,0.8473736855683035,0.5525037726199824,479,615,869,1.4126193491392769e-05,1.048610829457175e-05,5.5726172831782605e-06,0.01238103071864316,0.014044982641280512,0.016056408414897305,0.017101749638747003,0.05929217248712938,0.09722852704873798,0.29182451390068204,1536
muon_bf16,Muon + BF16,16,v_proj,attn,model.layers.16.self_attn.v_proj.weight,0.0006106000575976518,0.00018614665896166116,0.00840249621478506,189.36642012451279,10.759775015127966,0.8857092367133561,0.29224805437939905,150,184,228,2.5635350539232604e-05,2.1064199245302007e-05,1.5440278730238788e-05,0.006498920951344189,0.007293637578186463,0.008094344533674303,0.09293874626504976,0.19013788911900484,0.26521116098861125,0.5797036925099812,256
muon_bf16,Muon + BF16,17,down_proj,mlp,model.layers.17.mlp.down_proj.weight,0.002630323811770495,0.00018380227265879512,0.09595153804912115,1330.7162127813845,204.7937408607126,0.9616407006624161,0.21567289648853172,1063,1249,1458,4.6393455704674125e-05,4.0008646465139464e-05,3.212641240679659e-05,0.07803548591618892,0.08606653228707728,0.09363946686062263,0.004882961734070452,0.021223852423076242,0.036324628544831275,0.12392267270108799,1536
muon_bf16,Muon + BF16,17,gate_proj,mlp,model.layers.17.mlp.gate_proj.weight,0.0024774586797164017,0.0001580960233695805,0.09013404846700723,1323.6248647354953,245.5675330597193,0.96071823020257,0.22123293822264478,1049,1235,1452,4.3795047531602904e-05,3.7428097130032256e-05,2.9421946237562224e-05,0.07305656607059063,0.08060759479849366,0.08789437998711946,0.00407219955969021,0.01902762505324528,0.034581786084306065,0.1235268152848049,1536
muon_bf16,Muon + BF16,17,up_proj,mlp,model.layers.17.mlp.up_proj.weight,0.002419084666733673,0.0002365155960433185,0.08661767394005437,1282.0675153352631,104.6122564753837,0.9504017857507866,0.2354031080951331,1030,1226,1450,4.157909643254243e-05,3.574091897462495e-05,2.8464433853514493e-05,0.06960995744520915,0.07717621975098155,0.0844015557286184,0.009559109359574037,0.02921552247455848,0.04754815462161448,0.15635364412578998,1536
muon_bf16,Muon + BF16,17,k_proj,attn,model.layers.17.self_attn.k_proj.weight,0.0005631533771646492,0.00010604308045003563,0.007959330761650563,199.7559480111385,28.20257193111463,0.9158964625743661,0.2866144537466748,153,185,228,2.467308695486281e-05,1.9831279132631607e-05,1.4276446563599166e-05,0.006232703366549686,0.006936186291568447,0.00767108888248913,0.0354577590456119,0.11318902759583978,0.19163803460077322,0.5501549697619481,256
muon_bf16,Muon + BF16,17,o_proj,attn,model.layers.17.self_attn.o_proj.weight,0.0007387107611326976,6.414850213332102e-05,0.021639529685832715,858.1175494731948,132.60985834592694,0.8822138133981394,0.486202078524828,580,722,979,1.571450411574915e-05,1.1977743270108476e-05,6.4667324295442086e-06,0.015984389779987396,0.017945442701602587,0.02027779692252807,0.007540917488889804,0.03231837149047267,0.05897842289501287,0.21672091774172592,1536
muon_bf16,Muon + BF16,17,q_proj,attn,model.layers.17.self_attn.q_proj.weight,0.0005717576353598175,7.810378883732483e-05,0.01523119779218095,709.6499391624684,53.58950452173858,0.8400442020093875,0.5505772062249548,461,604,881,1.232003796758363e-05,9.134410902333912e-06,4.7498269850621e-06,0.010728982048931357,0.012250124987986055,0.014119353660134948,0.018660370326699885,0.06353854455299303,0.10136964580006419,0.31178814278846056,1536
muon_bf16,Muon + BF16,17,v_proj,attn,model.layers.17.self_attn.v_proj.weight,0.0006924803243740749,0.00022026004444342107,0.009422700721643196,185.1552021991242,9.884243398959894,0.8747236939999964,0.29742975328904664,148,182,229,2.8984930395381525e-05,2.3938911908771843e-05,1.6370606317650527e-05,0.007241880686706281,0.008135306987242075,0.009077100110516767,0.10117112252671041,0.209620348958064,0.2947204968950105,0.6026230926614354,256
muon_bf16,Muon + BF16,18,down_proj,mlp,model.layers.18.mlp.down_proj.weight,0.0025714857501579207,0.00016195930948015302,0.09389625826861447,1333.3013787631126,252.09046022107466,0.9625191543424143,0.21576695075686247,1062,1247,1458,4.5365413825493306e-05,3.9068578189471737e-05,3.1304974982049316e-05,0.07638547795431805,0.08419167405736516,0.09164717008752632,0.003966829998735511,0.017446916185074927,0.03136454975007868,0.11999800428421287,1536
muon_bf16,Muon + BF16,18,gate_proj,mlp,model.layers.18.mlp.gate_proj.weight,0.002457692984751207,0.0001876053138403222,0.08815083143326774,1286.46378841357,171.61885052549908,0.9523018596015236,0.2370104898020866,1019,1212,1442,4.278606502339244e-05,3.631006256910041e-05,2.8004720661556348e-05,0.0707447745699028,0.07837310557442834,0.0858032986161561,0.005826865737289274,0.025893242382731926,0.04585588941628888,0.15199340923805568,1536
muon_bf16,Muon + BF16,18,up_proj,mlp,model.layers.18.mlp.up_proj.weight,0.002373848949324846,0.00017380539793521166,0.08554912325962505,1298.7482173633625,186.5432938617346,0.9548187494021456,0.23061528793893848,1038,1230,1452,4.116543277632445e-05,3.5339420719537884e-05,2.8124644813942723e-05,0.06900322034925921,0.07634322833109763,0.0834075874172413,0.005360685872423789,0.021732150502688268,0.0396659692274346,0.14271160473019526,1536
muon_bf16,Muon + BF16,18,k_proj,attn,model.layers.18.self_attn.k_proj.weight,0.0006316665059047744,0.00010853649291675538,0.008829073710785451,195.3685202473203,33.87069666238312,0.9076833079131177,0.29671715567733603,151,183,228,2.6701876777224243e-05,2.22863436647458e-05,1.5230729331960902e-05,0.006881963076011743,0.007666337520277011,0.00851305225660326,0.02952404581363697,0.126933987470005,0.2127949072046809,0.5714912302147438,256
muon_bf16,Muon + BF16,18,o_proj,attn,model.layers.18.self_attn.o_proj.weight,0.0007643821744602243,6.26348628429696e-05,0.0229945697808549,904.9601921997678,148.93228057808813,0.8920826882734163,0.4622890833549085,613,760,1022,1.594798050064128e-05,1.2222170880704653e-05,6.658953225269215e-06,0.01709433625001111,0.019155160359332513,0.021594911090232927,0.0067144610699470236,0.02764473406893799,0.050276138725766965,0.194087532152141,1536
muon_bf16,Muon + BF16,18,q_proj,attn,model.layers.18.self_attn.q_proj.weight,0.0007403501401740384,8.594230166636407e-05,0.019908476710288142,723.105620065279,74.20964682990567,0.8431691106312482,0.5421413990675867,472,621,901,1.559789052407723e-05,1.1618728422035929e-05,6.1523232943727635e-06,0.014021461727679707,0.0160310046721861,0.018467096163476526,0.01347533700425874,0.04932857605031732,0.08651740597221229,0.30194831555754276,1536
muon_bf16,Muon + BF16,18,v_proj,attn,model.layers.18.self_attn.v_proj.weight,0.0008105852280895404,0.0002749432169366628,0.011175898018336738,190.09359772539656,8.691832540224283,0.8802143767396193,0.2794437574112054,154,188,233,3.3824038837337866e-05,2.805525582516566e-05,1.9906126908608712e-05,0.008671491083077854,0.009719527268316597,0.010802723836604855,0.11505053685424503,0.2006707286056572,0.2756076045669085,0.5841908782843022,256
muon_bf16,Muon + BF16,19,down_proj,mlp,model.layers.19.mlp.down_proj.weight,0.0025304814100551485,0.0002422020334051922,0.09094242735045555,1291.5962675030855,109.15678413014727,0.9533143335383121,0.23508983404724115,1023,1217,1447,4.387129592942074e-05,3.7265719583956525e-05,2.9102477128617465e-05,0.07305873819132103,0.08091966347274138,0.08857766455912497,0.009161134674027254,0.028728423904983924,0.04485569920101015,0.14231119577680923,1536
muon_bf16,Muon + BF16,19,gate_proj,mlp,model.layers.19.mlp.gate_proj.weight,0.002404469867370138,0.000330156966811046,0.08463381627526534,1238.9368512788383,53.03929537467127,0.9396977049192933,0.2532260206192647,983,1184,1430,4.1254803363699466e-05,3.465208283159882e-05,2.6241319574182853e-05,0.0670579037432617,0.07467683848153683,0.0821912880965101,0.01885394579501798,0.045460910390521796,0.06825420717393635,0.18419904208442314,1536
muon_bf16,Muon + BF16,19,up_proj,mlp,model.layers.19.mlp.up_proj.weight,0.002325119284237801,0.0002447340521030128,0.0818607620012699,1239.541551469945,90.26131874681096,0.9415775580836169,0.25703132702992026,982,1188,1435,3.919000300811604e-05,3.3101794542744756e-05,2.5665600333013572e-05,0.06482699852858786,0.07226708845701069,0.07954813539799943,0.011078942939057505,0.033130924970666956,0.05392957203089997,0.1719815858178482,1536
muon_bf16,Muon + BF16,19,k_proj,attn,model.layers.19.self_attn.k_proj.weight,0.0005679514736037957,0.00011569178604986519,0.008072138450870625,202.001569102226,24.100020382171483,0.9179484919585609,0.27536759894353313,158,190,228,2.4303819373017177e-05,2.1037250917288475e-05,1.4909795936546288e-05,0.006376937833920238,0.007096782144799363,0.007786205012962455,0.04149374084097339,0.13172785345729254,0.2036204974980521,0.5314379048240387,256
muon_bf16,Muon + BF16,19,o_proj,attn,model.layers.19.self_attn.o_proj.weight,0.0007459055197290517,5.654355845763348e-05,0.02231847717163099,895.2853444955765,174.02088338988972,0.8898263406452298,0.4668741256557205,605,756,1020,1.541543497296516e-05,1.1767085197789129e-05,6.524087439174764e-06,0.01653591615104233,0.018577176972939924,0.020969356486148172,0.005746436752418521,0.02538881732727502,0.04797776440012403,0.198598382585256,1536
muon_bf16,Muon + BF16,19,q_proj,attn,model.layers.19.self_attn.q_proj.weight,0.0006607022483963463,6.737676449120045e-05,0.01875404227194673,805.7089941220664,96.15929393692136,0.8673000687786838,0.5078504693271868,537,683,951,1.3912935173721053e-05,1.0564056537987199e-05,5.619747298624134e-06,0.013600818901068124,0.015378199766018952,0.017504448454474186,0.01039941080116479,0.044485567305871124,0.0757918589114365,0.25106356949222336,1536
muon_bf16,Muon + BF16,19,v_proj,attn,model.layers.19.self_attn.v_proj.weight,0.0006513203088164768,0.0001977964857360348,0.00872030386926781,179.25612217814108,10.84306591509291,0.8648447004562306,0.3116052169903232,143,179,227,2.7235681045567617e-05,2.191060411860235e-05,1.5071971574798226e-05,0.006618917950618197,0.007497210975998314,0.008389345211071486,0.09222483823584054,0.21395340836575144,0.3153873877386828,0.6300952057001702,256
muon_bf16,Muon + BF16,2,down_proj,mlp,model.layers.2.mlp.down_proj.weight,0.002689151613376891,0.00032321849721483886,0.09793952611835266,1326.4333118269155,69.22104687669822,0.9590855886447213,0.2121876650068577,1074,1258,1463,4.732655725092627e-05,4.113957766094245e-05,3.3494266972411424e-05,0.07983464473727508,0.08797193518694257,0.09565956489677774,0.014446473220511614,0.029935029195253166,0.04461551987152115,0.135534057102405,1536
muon_bf16,Muon + BF16,2,gate_proj,mlp,model.layers.2.mlp.gate_proj.weight,0.002137065248533567,0.000186351258889772,0.07883075430052267,1360.6793691783191,131.51367155610015,0.9669091194878345,0.1945242917273311,1105,1277,1464,3.882207965943962e-05,3.398505214136094e-05,2.7877225875272416e-05,0.06496666384555283,0.07123756920555024,0.07705894228092802,0.007603772202294781,0.02535342133285851,0.039989152312341465,0.12310813558392779,1536
muon_bf16,Muon + BF16,2,up_proj,mlp,model.layers.2.mlp.up_proj.weight,0.002287370988575808,0.00026876232004724443,0.0846740017951575,1370.3356429458054,72.4329968664856,0.9676784543327372,0.18481665866485852,1123,1290,1470,4.189752507954836e-05,3.7070392863824964e-05,3.078463487327099e-05,0.07012947434122907,0.07672309299960034,0.08286162523290841,0.013805862566245624,0.03193334367635082,0.04482873233230421,0.1226609575732915,1536
muon_bf16,Muon + BF16,2,k_proj,attn,model.layers.2.self_attn.k_proj.weight,0.00044050722469468194,8.638350118417293e-05,0.0057993386424755045,173.32087286699894,26.004258019990875,0.8775358947335247,0.3715521062330922,124,155,207,1.9737924958462827e-05,1.5091117347765248e-05,9.344527825305704e-06,0.004357196148703224,0.004897446241557191,0.005524187316950702,0.03845524064679123,0.15228725447863373,0.24902392150617278,0.6173211351480886,256
muon_bf16,Muon + BF16,2,o_proj,attn,model.layers.2.self_attn.o_proj.weight,0.0007947193146998937,5.8819980040425435e-05,0.024486984941587076,949.3865877443097,182.54829907959174,0.9009854066602965,0.4392978198213877,650,802,1064,1.625836557650473e-05,1.2537549991975538e-05,7.01173394190846e-06,0.018351431404880714,0.02053156828151259,0.023069979402407625,0.005478002287843812,0.024512366106347723,0.04525188128204547,0.17733901806347793,1536
muon_bf16,Muon + BF16,2,q_proj,attn,model.layers.2.self_attn.q_proj.weight,0.0005259332140955507,5.7842600654112175e-05,0.014329399937521099,742.3262378663129,82.67335744646373,0.8518343585171733,0.5395775589343237,492,634,896,1.1340966921125073e-05,8.445865205430891e-06,4.526865268417168e-06,0.010276014166265668,0.011666969227917434,0.013343970319510845,0.012095795197957986,0.05020580378350633,0.08386606067365404,0.28531924501365474,1536
muon_bf16,Muon + BF16,2,v_proj,attn,model.layers.2.self_attn.v_proj.weight,0.000817190462164144,0.00015182129573076963,0.011228920506255236,188.81193210340288,28.972181083949554,0.8920993151033707,0.3041238786398317,147,183,230,3.3689731935737655e-05,2.7606547519098967e-05,1.9433176930760965e-05,0.008614582580776187,0.009710025307867909,0.010829386070327018,0.03451586876053302,0.15013034863789493,0.2508086068276488,0.6097490512363425,256
muon_bf16,Muon + BF16,20,down_proj,mlp,model.layers.20.mlp.down_proj.weight,0.002572929780203874,0.00017911403847392648,0.09065263857291939,1241.3808208625728,206.34626648360762,0.9436412221990208,0.2618244378739054,968,1173,1429,4.376584547571838e-05,3.6424287827685475e-05,2.751164538494777e-05,0.07159464103824575,0.07980003227930865,0.08800619063185877,0.004846222890489958,0.022707913399976513,0.04162940797050291,0.1580858710076932,1536
muon_bf16,Muon + BF16,20,gate_proj,mlp,model.layers.20.mlp.gate_proj.weight,0.002481974863823799,0.00017784345254767686,0.08807394729592488,1259.2157995867565,194.7686239358564,0.9475899500165533,0.2541085392343254,981,1182,1431,4.2672938434407115e-05,3.5618759284261614e-05,2.682699960132595e-05,0.069895962755254,0.07775722076985403,0.08555711032204272,0.005134297197321332,0.023224691620990043,0.04165508170137358,0.1518225691461362,1536
muon_bf16,Muon + BF16,20,up_proj,mlp,model.layers.20.mlp.up_proj.weight,0.00240450356148515,0.00019700807752087712,0.08393198171143013,1218.4398803347026,148.964500026153,0.9386967739685501,0.27247119254445673,942,1153,1421,4.058520426042378e-05,3.3508124033687636e-05,2.494235559424851e-05,0.06574875602382235,0.07354735316766892,0.08138855864490324,0.006713008802932476,0.029203884663199325,0.049931439206272514,0.16957148229381774,1536
muon_bf16,Muon + BF16,20,k_proj,attn,model.layers.20.self_attn.k_proj.weight,0.0005214276013838423,9.409563062945381e-05,0.007264375753834429,194.09241663092314,30.707829351937427,0.9104513759069532,0.30849359094071227,147,178,219,2.2938587790122256e-05,1.8776163415168412e-05,1.3451505765260663e-05,0.005673575244145468,0.006318744648524444,0.006975573880481534,0.03256498492743212,0.12239428237441886,0.2046419146612137,0.5491583911963586,256
muon_bf16,Muon + BF16,20,o_proj,attn,model.layers.20.self_attn.o_proj.weight,0.0006656647891947705,6.316086364677176e-05,0.01958507546062116,865.644009471935,111.07467491702108,0.8824188984133668,0.4801434492174659,587,734,997,1.3910318557464052e-05,1.0605738680169452e-05,5.8036121117766015e-06,0.014446712752942403,0.016240073864537408,0.0183687330641078,0.009002952299856428,0.034048063903206034,0.060061759596615104,0.21855046670050074,1536
muon_bf16,Muon + BF16,20,q_proj,attn,model.layers.20.self_attn.q_proj.weight,0.00045774787062490794,5.850907473359257e-05,0.012239644404514374,714.9652527946329,61.20772038911289,0.8434902297937894,0.5514249286524071,467,609,874,9.941119969880674e-06,7.349752650043229e-06,3.856064267893089e-06,0.00868253153112164,0.009899193819364882,0.011361389128978772,0.01633780826410048,0.05852202711332528,0.09904062479787604,0.30308779774508854,1536
muon_bf16,Muon + BF16,20,v_proj,attn,model.layers.20.self_attn.v_proj.weight,0.0005678990855005635,0.0001506489934399724,0.007774575711181342,187.41789499923073,14.2105167248713,0.8845910731595877,0.2976451651962957,150,185,228,2.3598529878654517e-05,1.9753933884203434e-05,1.366393826174317e-05,0.006000148045131937,0.006755238637197181,0.007492878839912009,0.07037041786452398,0.18940691031199264,0.2741257045172415,0.6061873488338632,256
muon_bf16,Muon + BF16,21,down_proj,mlp,model.layers.21.mlp.down_proj.weight,0.002527348964064457,0.00021061570441816002,0.08543668497259205,1142.768748784265,143.9955002050686,0.9231378194711467,0.3088665519084335,857,1082,1391,4.1940409573726356e-05,3.3618016459513456e-05,2.3699321900494397e-05,0.06511173040416907,0.07357179360769805,0.08241774348061881,0.006944661455225115,0.02835771381987465,0.052237321314549355,0.1910443640339276,1536
muon_bf16,Muon + BF16,21,gate_proj,mlp,model.layers.21.mlp.gate_proj.weight,0.0026357090820400067,0.00028089023544453084,0.08396488625294296,1014.846742057926,88.04843920765349,0.8890901670832538,0.3493999063390829,758,997,1352,4.2917163227684796e-05,3.3508200431242585e-05,2.2395284759113565e-05,0.06148251742342836,0.0705554825872241,0.08042283648501325,0.011357384741841925,0.04678394876830908,0.0827385142436333,0.27957593145541754,1536
muon_bf16,Muon + BF16,21,up_proj,mlp,model.layers.21.mlp.up_proj.weight,0.002459069666627861,0.00023198497365228832,0.08013114742334437,1061.8448323049388,112.36264524451944,0.9035228872280229,0.3394809433532979,780,1019,1365,4.003247886430472e-05,3.1321815185947344e-05,2.1498270143638365e-05,0.05937186949813622,0.067842638498405,0.07693782531714533,0.008899754876932961,0.039266444936708195,0.07173794770374038,0.23479490771593167,1536
muon_bf16,Muon + BF16,21,k_proj,attn,model.layers.21.self_attn.k_proj.weight,0.0005098073113448992,0.00015386844461318105,0.00663969334561898,169.6226815827255,10.97774129109144,0.8534386636734027,0.3523696509233616,130,164,211,2.1854655642528087e-05,1.7736927475198172e-05,1.143493500421755e-05,0.004979238736268599,0.0056409891894873,0.006328518314148823,0.09109342017483243,0.22969372586435494,0.31782961061836346,0.6400958724368485,256
muon_bf16,Muon + BF16,21,o_proj,attn,model.layers.21.self_attn.o_proj.weight,0.0006391705064089947,7.043758523650467e-05,0.01811879747109657,803.5729098466413,82.34259241746844,0.8640170840939007,0.5041757955316271,543,693,962,1.320570481766481e-05,1.007143782771891e-05,5.402856913860887e-06,0.013115715748426737,0.014857094559374673,0.016918746769988502,0.012144383248587843,0.04693651449260359,0.08400508274475785,0.2701537333777943,1536
muon_bf16,Muon + BF16,21,q_proj,attn,model.layers.21.self_attn.q_proj.weight,0.000626401635933839,0.0001198833342641592,0.014196919511210191,513.6679555420451,27.3016025467746,0.7739652773500614,0.6414635499756898,310,430,702,1.5169383914326318e-05,1.0602169822959695e-05,4.959450961905532e-06,0.009363303939608159,0.01088761840674124,0.012907207878924964,0.03662788652375791,0.1210747479398034,0.17993337112538182,0.4486380846230994,1536
muon_bf16,Muon + BF16,21,v_proj,attn,model.layers.21.self_attn.v_proj.weight,0.0006187829480265263,0.0001330892409896478,0.008318666808463604,180.73022315954938,21.616768812455167,0.876641200214998,0.32322019126293133,140,177,226,2.5328716219519265e-05,2.059001417364925e-05,1.4206050764187239e-05,0.006296791822023806,0.007138374678106629,0.007999669377568353,0.04626038279244672,0.17156359889243294,0.2857784290897926,0.6363343236691339,256
muon_bf16,Muon + BF16,22,down_proj,mlp,model.layers.22.mlp.down_proj.weight,0.0023436471203689604,0.000247280317125842,0.07848827934321889,1121.5668758435843,89.82667914437164,0.9157915181340492,0.3108296176796437,851,1082,1394,3.8376092561520636e-05,3.080749593209475e-05,2.2103789888205938e-05,0.05951968462250079,0.06747451306364383,0.07571138548883027,0.011132550034414336,0.04280647706569281,0.07228683152857758,0.21989846273268143,1536
muon_bf16,Muon + BF16,22,gate_proj,mlp,model.layers.22.mlp.gate_proj.weight,0.00229266872280909,0.00019219407113268971,0.07897148306437884,1186.4733166690417,142.2992594540521,0.933054035951905,0.29097093977847566,898,1109,1395,3.911568273906596e-05,3.159230618621223e-05,2.2349540813593194e-05,0.06115376918751281,0.06859275182068814,0.07629652295872802,0.007027443458501597,0.02911591314723451,0.05133657314583913,0.17601298353299236,1536
muon_bf16,Muon + BF16,22,up_proj,mlp,model.layers.22.mlp.up_proj.weight,0.0022877249510222827,0.000262768822722137,0.07652782357217802,1119.0026292050925,75.79838406157684,0.9146874926220618,0.3100368298982292,857,1089,1395,3.718445805134252e-05,3.010702130268328e-05,2.1949568690615706e-05,0.05811430063477019,0.0658829272724688,0.07385166213134653,0.013192893389226126,0.04686808479773751,0.07342618892421085,0.22198364998995546,1536
muon_bf16,Muon + BF16,22,k_proj,attn,model.layers.22.self_attn.k_proj.weight,0.0008156920662982989,0.00014007839490659535,0.010665987635320562,170.98171753347773,33.90862371830152,0.8775868732158333,0.38591781363452493,115,147,207,3.653693784144707e-05,2.7279162168269977e-05,1.5584062566631474e-05,0.007861785255954601,0.008872514434187906,0.01012260244533536,0.029491022941761844,0.1110401294970688,0.19902380900761357,0.6384778658944755,256
muon_bf16,Muon + BF16,22,o_proj,attn,model.layers.22.self_attn.o_proj.weight,0.0006590503303888555,8.00222551333718e-05,0.019150355980312044,844.3383948741536,67.82902770957035,0.8767286008724771,0.48941669642349317,572,717,979,1.3896060409024358e-05,1.059523674484808e-05,5.710641744371969e-06,0.014071101798435848,0.015843022874832968,0.017940011960490665,0.014742950529702268,0.04504183981412947,0.07358396386827339,0.23418429344374078,1536
muon_bf16,Muon + BF16,22,q_proj,attn,model.layers.22.self_attn.q_proj.weight,0.0007668238385905985,0.00010012832353822887,0.01719329744328512,502.7211328267282,58.65125662702659,0.7741306791460123,0.6448089975981217,284,417,708,1.7913536794367246e-05,1.2222853911225684e-05,6.072994438000023e-06,0.011064463198636076,0.013022506442212034,0.0155872235300194,0.017049933070644535,0.07192008365314496,0.12795684265623056,0.4311372521101438,1536
muon_bf16,Muon + BF16,22,v_proj,attn,model.layers.22.self_attn.v_proj.weight,0.0007479359165854532,0.00025262380950152874,0.0094730916316621,160.4185913577565,8.765571126784112,0.8278758094240125,0.3626486157935722,123,161,218,2.9787472158204764e-05,2.4366638172068633e-05,1.5599087419104762e-05,0.006895463484397624,0.007913155530332006,0.009034962222358445,0.1140826975830926,0.25214182761122866,0.35596067914318663,0.7046824914552355,256
muon_bf16,Muon + BF16,23,down_proj,mlp,model.layers.23.mlp.down_proj.weight,0.0021858627730690938,0.00024900262360461056,0.07331772363886557,1125.0508642234959,77.06158573170308,0.9158289927559781,0.30816668716065854,857,1086,1392,3.5804405342787504e-05,2.891285839723423e-05,2.0764919099747203e-05,0.05573298132367199,0.06311188128165668,0.07071636325781583,0.01297663408434899,0.05113818086548899,0.08128083919994931,0.22111091468174865,1536
muon_bf16,Muon + BF16,23,gate_proj,mlp,model.layers.23.mlp.gate_proj.weight,0.002083697937393049,0.00016376325220335275,0.0716535310270956,1182.51230933752,161.89618491350637,0.9316614841326948,0.290786513826238,902,1116,1399,3.5107077565044165e-05,2.85539026663173e-05,2.064266664092429e-05,0.05548047865522676,0.06227745008072816,0.06925062822665495,0.006176797807398943,0.02723139056571782,0.04959946962789723,0.18055197756678135,1536
muon_bf16,Muon + BF16,23,up_proj,mlp,model.layers.23.mlp.up_proj.weight,0.002135147215027228,0.0002211144019383937,0.07248210310967806,1152.407095682097,93.24414852004577,0.9230215849429427,0.2980740778976847,886,1111,1403,3.510608439682983e-05,2.8657375878538005e-05,2.103758743032813e-05,0.05565414276861702,0.06280172206970747,0.07006721097786794,0.010724533559175764,0.04126273981800527,0.0668167698499621,0.20330355561004904,1536
muon_bf16,Muon + BF16,23,k_proj,attn,model.layers.23.self_attn.k_proj.weight,0.000606860627196304,0.00010071326687466353,0.008343004741050208,189.00228622414895,36.30818637405992,0.9027887022589881,0.3270962792900416,138,170,220,2.6928009901894256e-05,2.100491474266164e-05,1.3044471415923908e-05,0.00639354402301251,0.007151947231250233,0.007999167664820561,0.027541998096452476,0.11061456419876681,0.19464363397658174,0.5772051559344012,256
muon_bf16,Muon + BF16,23,o_proj,attn,model.layers.23.self_attn.o_proj.weight,0.0005896722218272542,7.357994036283344e-05,0.017030150079405976,834.0951794939702,64.22475795310329,0.8708367548442798,0.4889270447054579,569,719,984,1.2185344530735165e-05,9.345407306682318e-06,5.113004590384662e-06,0.012444347737982753,0.014052865324629238,0.015945962088153465,0.015570319482250081,0.061354073171806654,0.09261623002009185,0.2555376507374404,1536
muon_bf16,Muon + BF16,23,q_proj,attn,model.layers.23.self_attn.q_proj.weight,0.0006733614905335052,8.184000762412325e-05,0.017124509109364208,646.7548746546912,67.69634615567763,0.8207477011664507,0.5774877593088881,409,554,836,1.4607786397391465e-05,1.0668598406482488e-05,5.4664246817992534e-06,0.01175622788923647,0.013565357478000806,0.01578088582482451,0.01477184599742435,0.05975572082812388,0.1065907535993882,0.3536501412716249,1536
muon_bf16,Muon + BF16,23,v_proj,attn,model.layers.23.self_attn.v_proj.weight,0.000653104831172895,0.00013958690396975726,0.00882773681632898,182.69765001332084,21.89154652119257,0.8829926962561497,0.3258663188618953,138,174,227,2.691466943360865e-05,2.1488354832399637e-05,1.4247409126255661e-05,0.006674072554233135,0.00754995173883799,0.008485534906867542,0.04567973299793731,0.15759100022491246,0.25477825464706766,0.6285433595457198,256
muon_bf16,Muon + BF16,24,down_proj,mlp,model.layers.24.mlp.down_proj.weight,0.002152046488260153,0.000380802113795653,0.0665772718439257,957.0809953974604,31.937770548945654,0.871454416432165,0.3700989444725402,692,942,1329,3.4930038964375854e-05,2.643177140271291e-05,1.7408259736839682e-05,0.047518537463474786,0.055109291042754194,0.06351221345175873,0.03131088935802417,0.08238704212159113,0.12293146704689353,0.30979184163927637,1536
muon_bf16,Muon + BF16,24,gate_proj,mlp,model.layers.24.mlp.gate_proj.weight,0.0020295665263245113,0.00023829856945667416,0.06629525112282408,1066.9848603314333,72.537688551059,0.9003056491376448,0.32657249515517117,814,1045,1371,3.337094312882982e-05,2.6488987714401446e-05,1.8345524949836545e-05,0.04955998720470234,0.056436583030517795,0.06372705857393157,0.013785936938093964,0.05428241721010778,0.0924518040848275,0.2683459268153106,1536
muon_bf16,Muon + BF16,24,up_proj,mlp,model.layers.24.mlp.up_proj.weight,0.0021236041868130584,0.0002471193438395858,0.06648633847044039,980.2067447697234,73.84713680325125,0.8810887188468322,0.3666825271270273,706,955,1334,3.4396329283481464e-05,2.62014327745419e-05,1.749375405779574e-05,0.047824830253375694,0.0553011725351098,0.06350461277361319,0.01354148641760168,0.061619397704018725,0.10414877763734179,0.2881188921958908,1536
muon_bf16,Muon + BF16,24,k_proj,attn,model.layers.24.self_attn.k_proj.weight,0.0005039800300629981,0.00010356531129218638,0.007217994777192871,205.11927402413357,23.680890324036362,0.9233375904980979,0.2673115109642916,159,190,231,2.2242089471546933e-05,1.8081007510772906e-05,1.2730756679957267e-05,0.00571800739999162,0.0063382841435668524,0.006980844309509848,0.04222814202998901,0.11868028861142162,0.1943876491991537,0.5146492749286009,256
muon_bf16,Muon + BF16,24,o_proj,attn,model.layers.24.self_attn.o_proj.weight,0.0005519313208957277,8.867341966833919e-05,0.015597258901137858,798.5948077579607,38.74210069420454,0.8574881697903014,0.499647925060567,550,700,966,1.144770794780925e-05,8.691448783793021e-06,4.811829512618715e-06,0.011298714177428337,0.012803082878235728,0.014574547060874465,0.025811713409479388,0.08348590336726316,0.11791275520363591,0.29158470945974785,1536
muon_bf16,Muon + BF16,24,q_proj,attn,model.layers.24.self_attn.q_proj.weight,0.000495707141247589,6.609193951589987e-05,0.013417166803284952,732.6073762378854,56.25399334413713,0.845553991355496,0.53885841986076,492,634,898,1.066782988345949e-05,8.008813892956823e-06,4.278789674572181e-06,0.00959023437826545,0.0109057078107071,0.012489757288221881,0.01777651577342147,0.06461802981410675,0.10949048278713375,0.313109765958342,1536
muon_bf16,Muon + BF16,24,v_proj,attn,model.layers.24.self_attn.v_proj.weight,0.000621877944531524,0.00017582386499270797,0.008205184003145405,174.0869996698215,12.509923782751164,0.85621073053547,0.325934218185131,139,176,225,2.50189914368093e-05,2.0423605747055262e-05,1.4198670214682352e-05,0.006178272606121027,0.007018575979600428,0.00787785950160469,0.07993653817290336,0.2272496055386747,0.3246577962021005,0.6551219893463774,256
muon_bf16,Muon + BF16,25,down_proj,mlp,model.layers.25.mlp.down_proj.weight,0.0021888610220594223,0.0003970541001763195,0.07142290546289587,1064.7279407628037,30.390441200254223,0.8989728243202866,0.33089654261061474,795,1028,1367,3.608382030506618e-05,2.825756382662803e-05,1.926688855746761e-05,0.053146122860198375,0.060592227113374975,0.06860431896893715,0.03290508332572792,0.07668459342127111,0.10581668750527243,0.24741172134543205,1536
muon_bf16,Muon + BF16,25,gate_proj,mlp,model.layers.25.mlp.gate_proj.weight,0.0022301551762278055,0.0006949930102564394,0.07194617899790501,1040.747322630895,10.29696631072224,0.8730621740680785,0.3161978624627262,816,1047,1372,3.671693048090674e-05,2.9125654691597447e-05,2.020944157266058e-05,0.05358418248943053,0.061147004624217516,0.06913728775907657,0.09711598249658243,0.13316226704149592,0.15728435927266043,0.28081797600222824,1536
muon_bf16,Muon + BF16,25,up_proj,mlp,model.layers.25.mlp.up_proj.weight,0.00210611701821169,0.0007153168553486466,0.06166050545402868,857.134875317895,8.66898152718205,0.8189017522503673,0.3869516642833237,627,873,1285,3.476936399238184e-05,2.5754501621122472e-05,1.6040798072936013e-05,0.042552478746074485,0.04991207400780695,0.058377671708512935,0.11535380446531662,0.18539447349527896,0.21308113780028268,0.3701255628336837,1536
muon_bf16,Muon + BF16,25,k_proj,attn,model.layers.25.self_attn.k_proj.weight,0.000546794736829158,0.00011915457434952259,0.006400468965125583,137.01715351501176,21.058489282216023,0.824417745470438,0.49133170016098204,85,111,168,2.8915301300003193e-05,2.0132381905568764e-05,9.529795534035657e-06,0.004515743525189464,0.005134736529726069,0.005944885108874587,0.04748678723333225,0.16391134977045696,0.2776828955694839,0.7421556641566801,256
muon_bf16,Muon + BF16,25,o_proj,attn,model.layers.25.self_attn.o_proj.weight,0.0004517087032913214,6.190480780787766e-05,0.012704743321558059,791.0699249382822,53.243691398930736,0.8622126461429708,0.5132329340380222,534,679,942,9.585251973476261e-06,7.2071238719217945e-06,3.9278334043046925e-06,0.009228760725818574,0.0104401684552613,0.01188327066711281,0.018781567801290398,0.06528860512566273,0.09915217969439215,0.26741476249556906,1536
muon_bf16,Muon + BF16,25,q_proj,attn,model.layers.25.self_attn.q_proj.weight,0.0006704841252637019,9.745298302732408e-05,0.011585874849013784,298.59371791441276,47.335473385351214,0.7018282623838523,0.7703478904737417,144,195,399,2.5787016056710854e-05,1.585024074302055e-05,5.355047960620141e-06,0.00721239295489795,0.008261332995971316,0.010083229749852762,0.021125805415721635,0.0949362385003862,0.17251890527282052,0.5606235052030973,1536
muon_bf16,Muon + BF16,25,v_proj,attn,model.layers.25.self_attn.v_proj.weight,0.0005773358398271349,0.00013710367784369737,0.006608997176385856,131.04308110988248,17.732045085565858,0.7965776366544567,0.47991391074415457,81,114,183,2.6868396162171848e-05,1.8181988707510754e-05,1.0069940799439792e-05,0.004483075070311315,0.005207259724556934,0.0061511153862738865,0.05639507429484344,0.20642715548654172,0.3363537351400775,0.801765637760179,256
muon_bf16,Muon + BF16,26,down_proj,mlp,model.layers.26.mlp.down_proj.weight,0.0023510551296481996,0.0013837565202265978,0.06038791390346887,659.7424492849043,2.8867306633270022,0.6574948437414632,0.3788629554335645,551,806,1247,3.811847636825405e-05,2.820649024215527e-05,1.6930014680838212e-05,0.03831135933796759,0.04667422367310792,0.05644405129351071,0.3464126434460929,0.3936186321054377,0.42698941090089415,0.5545206101754481,1536
muon_bf16,Muon + BF16,26,gate_proj,mlp,model.layers.26.mlp.gate_proj.weight,0.002249190325966748,0.0008420106605626643,0.07021840655283995,974.6518827277959,7.13538208493964,0.8396656777121588,0.3242370605417839,784,1022,1361,3.6447043385123834e-05,2.8837430363637395e-05,1.987160612770822e-05,0.05132796671387041,0.05905754022023757,0.0672930495984474,0.14014666462089806,0.17509311875831374,0.20240069614754205,0.3343946715658421,1536
muon_bf16,Muon + BF16,26,up_proj,mlp,model.layers.26.mlp.up_proj.weight,0.002530855818820124,0.001605426543392241,0.058777339991746835,539.3678388433418,2.485157572267705,0.6016434927259184,0.44447852875335037,399,617,1103,4.6197703341022134e-05,3.144287984468974e-05,1.6002386473701335e-05,0.034387657415209105,0.0426899383237469,0.053637638162399526,0.40238897169305066,0.440318125679345,0.4672335450278376,0.5929712735831378,1536
muon_bf16,Muon + BF16,26,k_proj,attn,model.layers.26.self_attn.k_proj.weight,0.0006070469039254627,9.998325549531728e-05,0.008355931156074803,189.4720742072728,36.86293835587006,0.9019015410837057,0.3228991992877852,139,173,223,2.5786584956222214e-05,2.0693674741778523e-05,1.3637488336826209e-05,0.0063773135752853705,0.007166468356444966,0.008021680946512788,0.027127517354860017,0.10694366323780397,0.19247031434963652,0.5868066834567817,256
muon_bf16,Muon + BF16,26,o_proj,attn,model.layers.26.self_attn.o_proj.weight,0.0005155386760107889,5.9722191508626565e-05,0.01475051079244865,818.6374637325218,74.51625704290062,0.8701598924819591,0.501039277225505,556,703,962,1.0777946954476647e-05,8.267817065643612e-06,4.475924924918218e-06,0.010782857200865692,0.012175243186902662,0.013810427576572692,0.01341989036599461,0.04597883436449361,0.07887017838240888,0.2532742838830135,1536
muon_bf16,Muon + BF16,26,q_proj,attn,model.layers.26.self_attn.q_proj.weight,0.0005746577565844219,7.351499516516924e-05,0.014389177170438323,626.9795471266933,61.10358341234074,0.8159107983902124,0.5882989649277839,390,533,817,1.2529642845038325e-05,9.059864169103093e-06,4.666003405873198e-06,0.009809126195250428,0.0113375536766398,0.013237450693395658,0.016365652293283274,0.0627970402102143,0.10618037124191922,0.3528499206694139,1536
muon_bf16,Muon + BF16,26,v_proj,attn,model.layers.26.self_attn.v_proj.weight,0.0006603217442759976,0.00013895858137402683,0.00852071177223479,166.51008867496756,22.58085874280667,0.857125850076737,0.37495933569195383,118,156,215,2.7214884539716877e-05,2.0473387849051505e-05,1.3332919479580596e-05,0.006210619960256736,0.007113201767424471,0.008112226608318451,0.044285295408375856,0.17536498554053281,0.2897980585401611,0.6789104210193427,256
muon_bf16,Muon + BF16,27,down_proj,mlp,model.layers.27.mlp.down_proj.weight,0.001872839437177202,0.0002488374011591077,0.05051219918465222,727.4304263279055,56.64606911557936,0.8186479842731175,0.4855153331676243,462,656,1069,3.536381700541824e-05,2.5067947717616335e-05,1.2562242773128673e-05,0.03337294394077617,0.03916385040611203,0.0466237127493514,0.017653475618222027,0.07471915850523585,0.1348368051872877,0.4064537825698912,1536
muon_bf16,Muon + BF16,27,gate_proj,mlp,model.layers.27.mlp.gate_proj.weight,0.002175853162338353,0.0002942367864307016,0.0669973544295317,948.1043524512829,54.68462393890796,0.8839224921637103,0.40850210880759175,634,836,1213,3.963996277889237e-05,2.9112075935699977e-05,1.6115647667902522e-05,0.047979121933167335,0.05485913628945127,0.06319108544084884,0.01828667599720847,0.05444969595007058,0.08098964220312264,0.24148902681392825,1536
muon_bf16,Muon + BF16,27,up_proj,mlp,model.layers.27.mlp.up_proj.weight,0.002037120544692739,0.0003111993137281388,0.054129244639398166,706.0419014181032,42.85052983987794,0.8274381683969831,0.5271247275789057,426,582,934,4.292076118872501e-05,3.05265566566959e-05,1.4029421436134726e-05,0.036367482261994155,0.04203485048492439,0.049483507408695004,0.023336934309488303,0.07700665373801585,0.12108777933451614,0.3399152511300822,1536
muon_bf16,Muon + BF16,27,k_proj,attn,model.layers.27.self_attn.k_proj.weight,0.0007509090968746438,0.00012619765766430646,0.009952160453849501,175.65479411819686,35.405615038276544,0.8817943591935765,0.3666398924960006,121,157,214,3.282380203017965e-05,2.458462222421076e-05,1.5078158867254388e-05,0.007358169979852391,0.008365510702788015,0.00948305648398673,0.028244107577821007,0.1143950864333497,0.2042139140508312,0.6380556970166659,256
muon_bf16,Muon + BF16,27,o_proj,attn,model.layers.27.self_attn.o_proj.weight,0.0005170443512378433,6.238916103029624e-05,0.013508978743601975,682.6363980819104,68.6811098398937,0.8288074386622931,0.556399694333648,452,601,878,1.0837577065103687e-05,8.123233783408068e-06,4.324610927142203e-06,0.009417375889825053,0.010821173431395437,0.01251416255672666,0.014560044273180134,0.05915443984760032,0.10373192379519308,0.3503628474674639,1536
muon_bf16,Muon + BF16,27,q_proj,attn,model.layers.27.self_attn.q_proj.weight,0.00080911469908732,0.0001065977630787529,0.018857036435440178,543.1586476971979,57.61346554437877,0.7824348882181458,0.6140860206849137,315,466,777,1.7456317436881363e-05,1.2242549018992577e-05,6.269889126997441e-06,0.012149131633123034,0.01435872619458678,0.017157408376533567,0.0173570534344912,0.07243081181877706,0.12917629273383507,0.4272829939206933,1536
muon_bf16,Muon + BF16,27,v_proj,attn,model.layers.27.self_attn.v_proj.weight,0.0004876804999538908,0.000133854613522999,0.006083607046548423,155.6150252079922,13.274069652361323,0.8387342711484872,0.40964174331141057,108,143,201,2.1626174202538095e-05,1.6182782928808592e-05,9.306842912337743e-06,0.004377735263915383,0.005021585748181678,0.005750655804149574,0.07533484652328234,0.1985206836709028,0.29741614660995924,0.7073225525748397,256
muon_bf16,Muon + BF16,3,down_proj,mlp,model.layers.3.mlp.down_proj.weight,0.002751788144002853,0.0005265437066555023,0.09818886429093254,1273.1937063749608,27.312480082947157,0.9424128293566992,0.22682481282706402,1041,1236,1456,4.732519664685242e-05,4.08183695981279e-05,3.2909960282268e-05,0.07901027496700408,0.08759793409626582,0.09573509885376552,0.03661329901067318,0.058234923244657316,0.07522830553572292,0.17260263979077695,1536
muon_bf16,Muon + BF16,3,gate_proj,mlp,model.layers.3.mlp.gate_proj.weight,0.0023247521266694282,0.0005461772088892758,0.08314501289532927,1279.1430121516676,18.116994806340877,0.9381036060548548,0.21306838785572602,1061,1248,1458,4.0765989979263395e-05,3.52469869540073e-05,2.8386317353579216e-05,0.06729284291213844,0.07439801620057551,0.08111308258412464,0.055196792331695325,0.07461019067660438,0.0918987324725178,0.1780954080904235,1536
muon_bf16,Muon + BF16,3,up_proj,mlp,model.layers.3.mlp.up_proj.weight,0.0023385083017706827,0.00026749022072181106,0.08620939080719836,1359.0371243665059,76.42967516626028,0.9653047618979295,0.19083833275505668,1115,1287,1470,4.240059570292942e-05,3.7454479752341285e-05,3.107825614279136e-05,0.0711623273055011,0.07802957584135584,0.08433272660840885,0.01308392319900174,0.029275832276765893,0.0448340501017678,0.13275090808889847,1536
muon_bf16,Muon + BF16,3,k_proj,attn,model.layers.3.self_attn.k_proj.weight,0.0005499474634980622,0.00010357842256780714,0.007254463646177101,174.00759748416604,28.190567663694555,0.878225521791979,0.36902464843053684,125,157,209,2.471110929036513e-05,1.9182782125426456e-05,1.1322867976559792e-05,0.005439345786726335,0.0061300658744585235,0.0069150317376625026,0.03547285786968589,0.14803595158204802,0.24195054853503398,0.6307595094984061,256
muon_bf16,Muon + BF16,3,o_proj,attn,model.layers.3.self_attn.o_proj.weight,0.0008331970603274688,7.522452506236732e-05,0.023700732368950983,809.1482038488538,122.68078580494887,0.8714181293198953,0.5114205220775851,539,679,934,1.786579923646059e-05,1.362212969979737e-05,7.26646931070718e-06,0.01731951593683334,0.019513491373800207,0.0221286581959248,0.008151235692196395,0.03553692382534197,0.06402661957527535,0.23192404195827168,1536
muon_bf16,Muon + BF16,3,q_proj,attn,model.layers.3.self_attn.q_proj.weight,0.0006097067138527459,8.200019510695711e-05,0.015490189788117219,645.4632539020863,55.28561985590772,0.8223295938598741,0.5829182020471202,415,550,814,1.3534780919144396e-05,1.0022330570791382e-05,5.137727384862956e-06,0.010764613572064263,0.01234128192299977,0.014283752034771169,0.018087886191858294,0.06976157390502258,0.1156634155267919,0.3486933862459242,1536
muon_bf16,Muon + BF16,3,v_proj,attn,model.layers.3.self_attn.v_proj.weight,0.0008628806635073983,0.0001724912435747683,0.011581785865928396,180.15635579011513,25.024612848004164,0.8792790752332934,0.3344226168846385,134,171,226,3.5494857002049685e-05,2.8162972739664838e-05,1.8645043383003213e-05,0.008689181973750237,0.009856048849542276,0.011124379549073637,0.03996065817576694,0.1606673678263653,0.25773024888978924,0.6400766144785398,256
muon_bf16,Muon + BF16,4,down_proj,mlp,model.layers.4.mlp.down_proj.weight,0.0027150095354895923,0.00023464257537852973,0.09896408630447695,1328.655899555543,133.88412513676707,0.9602811122388191,0.21274693933212108,1074,1258,1463,4.784255725098774e-05,4.1609058825997636e-05,3.385217860341072e-05,0.08066118511851528,0.0888892776092689,0.0966557956453471,0.007469145419432414,0.025047696172751537,0.04037509715468089,0.13473843546364248,1536
muon_bf16,Muon + BF16,4,gate_proj,mlp,model.layers.4.mlp.gate_proj.weight,0.002432811548733277,0.00021043095330242068,0.08745711716619553,1292.3298562760417,133.6588414150919,0.9530450133299426,0.2323262778665165,1032,1224,1449,4.230278864270076e-05,3.608207407523878e-05,2.8396714697009884e-05,0.07041593432950322,0.07792953992247931,0.08521290187309205,0.00748173476152163,0.027029254369532452,0.04541410534188511,0.1516967962281723,1536
muon_bf16,Muon + BF16,4,up_proj,mlp,model.layers.4.mlp.up_proj.weight,0.002395620110632313,0.00023710851382929832,0.08776694106200011,1342.2271642343235,102.08022146719935,0.9614428817325634,0.1975163129718458,1106,1281,1470,4.298753628972918e-05,3.793312134803273e-05,3.14659446303267e-05,0.07218522778202896,0.07926620486250613,0.08585219109954778,0.009796216991176124,0.0322480622200271,0.04973098948927388,0.14807500898658363,1536
muon_bf16,Muon + BF16,4,k_proj,attn,model.layers.4.self_attn.k_proj.weight,0.0005072397337232872,0.0001354653504677117,0.006582680761312076,168.4143353453597,14.020712433124464,0.8578608277777685,0.3665610576892566,125,158,208,2.184758886869531e-05,1.78195332409814e-05,1.1001729035342578e-05,0.004896467518847203,0.00554568057123106,0.006257285028368642,0.07132305186129216,0.205803488052849,0.30720279856482036,0.6480358681099198,256
muon_bf16,Muon + BF16,4,o_proj,attn,model.layers.4.self_attn.o_proj.weight,0.0008132872655868218,8.77927232068032e-05,0.022487554698744985,764.5335020947896,85.81652085023742,0.8559937631924416,0.5255509495754604,493,644,931,1.7202315575559624e-05,1.257358326256508e-05,6.706247859256109e-06,0.01597017564745329,0.018194067070908204,0.020905751367081393,0.01165276790637025,0.042899817573462534,0.0761551255010584,0.26597955950404417,1536
muon_bf16,Muon + BF16,4,q_proj,attn,model.layers.4.self_attn.q_proj.weight,0.000550565869075183,0.0001029996492434293,0.013777139240098947,626.1804804855034,28.572423481180437,0.8128099767429737,0.5885110186187346,403,536,806,1.2367105227895081e-05,9.054262591234874e-06,4.5774322643410414e-06,0.009507197052698757,0.010918933873654169,0.012696493809471576,0.03499878127799211,0.0909383556446106,0.14170887909146473,0.37499062811881106,1536
muon_bf16,Muon + BF16,4,v_proj,attn,model.layers.4.self_attn.v_proj.weight,0.0007542743975165544,0.0001757191785145551,0.00994155765420146,173.72012679978033,18.425547638716534,0.8641597307019679,0.34325432069929906,132,168,221,3.1529161788057536e-05,2.4818427846184932e-05,1.602300108061172e-05,0.00741797761656926,0.008429695279119187,0.009516589838312939,0.0542724710064388,0.18517553038248385,0.29553336168809824,0.659501001602187,256
muon_bf16,Muon + BF16,5,down_proj,mlp,model.layers.5.mlp.down_proj.weight,0.002750737117187627,0.00019319442799314857,0.10082123759639217,1343.4016365147877,202.72578097712093,0.9639885516336905,0.2078330402516142,1083,1264,1465,4.8701669584261253e-05,4.25269354309421e-05,3.473383912933059e-05,0.08247953701356892,0.09073564923528465,0.09852562331434456,0.004932771723359927,0.018330799972474096,0.03186781688950692,0.12055913382705155,1536
muon_bf16,Muon + BF16,5,gate_proj,mlp,model.layers.5.mlp.gate_proj.weight,0.0025156257705641226,0.0004428915854077786,0.08892104223559727,1249.4446408842666,32.262440153154216,0.9399491741700744,0.24557576310040896,996,1195,1437,4.336304482421838e-05,3.641297735157423e-05,2.7806632715510204e-05,0.07072865697409725,0.07865475845756009,0.08644628963338619,0.03099579558312586,0.05182699956351108,0.07185413489287344,0.17647871401819698,1536
muon_bf16,Muon + BF16,5,up_proj,mlp,model.layers.5.mlp.up_proj.weight,0.002383061567438536,0.0004339939041528851,0.08680117911353591,1326.7244233971744,30.15110730998416,0.9541690606302151,0.19744783922822529,1101,1276,1465,4.2783456592587754e-05,3.7664056435460225e-05,3.108216333203018e-05,0.07124913454754278,0.0782881260929571,0.0848180032298842,0.03316627776615231,0.04983646715150044,0.06618775126199142,0.1561988149894863,1536
muon_bf16,Muon + BF16,5,k_proj,attn,model.layers.5.self_attn.k_proj.weight,0.0006000420942579331,0.0001389054668834433,0.007827419211480446,170.16637660531336,18.66056371757256,0.8588676657116168,0.35555306640979256,127,164,218,2.5222154363291338e-05,1.9343722669873387e-05,1.3043946637480985e-05,0.0057924935572373215,0.006607496441574767,0.007477642148842278,0.053588949140818555,0.1888264624579431,0.30375821726671626,0.6679757971221506,256
muon_bf16,Muon + BF16,5,o_proj,attn,model.layers.5.self_attn.o_proj.weight,0.0008002096534734923,6.695030606351793e-05,0.023585500196522613,868.7255799986373,142.8573004464696,0.881339359334967,0.4757800154399283,584,738,1014,1.6428315575467423e-05,1.247366799361771e-05,6.7820633375959005e-06,0.01726923923524737,0.01948682210786501,0.022102302447819966,0.006999992278131507,0.032202578077750746,0.058513011762721646,0.2199280972090104,1536
muon_bf16,Muon + BF16,5,q_proj,attn,model.layers.5.self_attn.q_proj.weight,0.000661013190861676,0.00010487387044122443,0.016893291515527178,653.143035922363,39.726989887346164,0.8206399870377545,0.5729660516709352,423,566,842,1.4216262570698746e-05,1.0553083484410308e-05,5.498638074641349e-06,0.011685326006045216,0.013442219146782008,0.015599209768879518,0.025171803925635953,0.07773080607691273,0.12401992386339317,0.36072973636435157,1536
muon_bf16,Muon + BF16,5,v_proj,attn,model.layers.5.self_attn.v_proj.weight,0.0008519572618790953,0.00021118531003594398,0.011226166553797157,173.63103108386707,16.274520700205862,0.864828948612365,0.34555109368428893,130,169,223,3.4428561775712296e-05,2.739868068601936e-05,1.817393240344245e-05,0.008324518723384244,0.009515250210824888,0.010751991665529204,0.061445741992718135,0.1777407360649781,0.27780941092711336,0.6690933688620119,256
muon_bf16,Muon + BF16,6,down_proj,mlp,model.layers.6.mlp.down_proj.weight,0.0027139855492311466,0.00023622825392521918,0.09908141726373287,1332.8134245045237,131.99314655301768,0.9614870394343371,0.21219246083771104,1073,1257,1462,4.7925757826305926e-05,4.154328053118661e-05,3.369232581462711e-05,0.0807916622106859,0.08901654660803615,0.09676202718401328,0.007576150929914607,0.023873285191908976,0.038678294182445686,0.12920878636845257,1536
muon_bf16,Muon + BF16,6,gate_proj,mlp,model.layers.6.mlp.gate_proj.weight,0.002459271268916655,0.00019323475135024637,0.08779398522528936,1274.4319615337583,161.9729182163079,0.9502681850189094,0.24492388821702615,1001,1199,1439,4.254368832334876e-05,3.5758872400037944e-05,2.7354379199096e-05,0.07007387820704025,0.0778122923693445,0.0854038816105458,0.006173871601575658,0.024806195567626827,0.04407617364815699,0.14968557532103638,1536
muon_bf16,Muon + BF16,6,up_proj,mlp,model.layers.6.mlp.up_proj.weight,0.0023933454249033094,0.00020139868138357997,0.08726655331493305,1329.4894012307175,141.22042747178557,0.9593052797721496,0.20600274104717253,1090,1268,1464,4.263041046215221e-05,3.7388759665191174e-05,3.066415592911653e-05,0.07143968523814692,0.07856466385783278,0.08525877304782625,0.007081128544238332,0.028229267046522226,0.04892338794702438,0.1521661649057653,1536
muon_bf16,Muon + BF16,6,k_proj,attn,model.layers.6.self_attn.k_proj.weight,0.0005483392891932649,0.00012049858196405694,0.007429123046449604,183.5592918334566,20.70784269330477,0.8898124047585716,0.33256881465692745,139,169,215,2.4196469894377515e-05,1.997049548663199e-05,1.2261616575415246e-05,0.005709386947273742,0.006369020193233155,0.007107059330337506,0.048290882580604044,0.1505780440350175,0.24141770536102508,0.5978408343717915,256
muon_bf16,Muon + BF16,6,o_proj,attn,model.layers.6.self_attn.o_proj.weight,0.0008145396789266125,7.305933104362339e-05,0.02375240466575681,850.3362179122802,124.30056636646292,0.8770914814914716,0.4846270181089738,575,724,991,1.6942798538366333e-05,1.293969398830086e-05,6.931019470357569e-06,0.017392524847309687,0.019608736923146353,0.022226885617328662,0.008045015636146017,0.035715963376783864,0.06664610177193273,0.23693009726435663,1536
muon_bf16,Muon + BF16,6,q_proj,attn,model.layers.6.self_attn.q_proj.weight,0.0006051496981460293,0.00010123785614268854,0.01597271919654389,696.6779600481502,35.73055502673022,0.8319155558741185,0.5505587195468487,461,605,881,1.285083362745354e-05,9.640411917644087e-06,5.04855142935412e-06,0.011214164842385799,0.012827207887312397,0.014803124431182368,0.027987250666884254,0.07626606662055271,0.1222966894967513,0.3456877985960564,1536
muon_bf16,Muon + BF16,6,v_proj,attn,model.layers.6.self_attn.v_proj.weight,0.0007506859347379383,0.00018073736282531172,0.009961583642962069,176.09223848534262,17.251254227098833,0.8672079155451488,0.3349284979835918,134,172,225,3.0345283448696136e-05,2.4432598365820013e-05,1.6134870747919194e-05,0.007441215380822541,0.008470203096294426,0.009556261578836711,0.057966799795296474,0.19094490855763846,0.2917690711576975,0.6567191230215954,256
muon_bf16,Muon + BF16,7,down_proj,mlp,model.layers.7.mlp.down_proj.weight,0.002664652109127792,0.00020555459195747972,0.09813874404062517,1356.4380323420442,168.04541477712553,0.9664620237194589,0.19994348896598946,1096,1273,1467,4.773230102728121e-05,4.174376226728782e-05,3.424365786486305e-05,0.08061769813866704,0.08853925211951719,0.09594341959746089,0.0059507723035839765,0.0203281998742986,0.03436527148371077,0.11694670348191998,1536
muon_bf16,Muon + BF16,7,gate_proj,mlp,model.layers.7.mlp.gate_proj.weight,0.0024385765913853105,0.0001761752791935578,0.08863066495723615,1320.976872624853,191.59442342762196,0.9598785093438365,0.22134443120698766,1051,1237,1452,4.302327215555124e-05,3.682344322442077e-05,2.910998955485411e-05,0.07187338206495042,0.07929615583270788,0.08641404507034167,0.005219358591497664,0.01981122506040472,0.03591909558608581,0.1295427607033733,1536
muon_bf16,Muon + BF16,7,up_proj,mlp,model.layers.7.mlp.up_proj.weight,0.002356117671245066,0.0001773536641849205,0.08684384393976952,1358.5765789744196,176.48736620322003,0.9662634654952986,0.19487151665500302,1108,1281,1469,4.259006891516037e-05,3.742829358088784e-05,3.076098801102489e-05,0.0715692231860885,0.07849607069874764,0.08494166560194572,0.005666127958692121,0.021729174809153658,0.03774300237174414,0.12883057364065542,1536
muon_bf16,Muon + BF16,7,k_proj,attn,model.layers.7.self_attn.k_proj.weight,0.0004987833303579739,0.0001295811525778845,0.006739101734297037,182.5492965902044,14.81631437224347,0.8849820388060392,0.33151113319539105,138,170,216,2.1429812477435917e-05,1.74735214386601e-05,1.0708170520956628e-05,0.005147658876012429,0.0057775909517658874,0.0064484729527976015,0.0674931683329679,0.16705565880432321,0.25115827236664334,0.5980993078468047,256
muon_bf16,Muon + BF16,7,o_proj,attn,model.layers.7.self_attn.o_proj.weight,0.0007630951875711813,6.324703281279653e-05,0.02291557581220749,901.7873098809216,145.57175503487755,0.8894081776371552,0.46064655026685575,614,766,1032,1.5636731404811144e-05,1.2029668141622096e-05,6.550557372975163e-06,0.016975601967715193,0.019070847583861905,0.021516963197882433,0.006869464476542238,0.030321866262311873,0.056123087855983904,0.2075287711127709,1536
muon_bf16,Muon + BF16,7,q_proj,attn,model.layers.7.self_attn.q_proj.weight,0.0005658988161620388,7.494045712519437e-05,0.015052049775580754,707.4792729125417,57.02232158445669,0.8381415189675054,0.5502643785963521,469,611,877,1.2193593647680245e-05,9.103221600526012e-06,4.772456122736912e-06,0.010653843804902863,0.012156640758803405,0.013970686536595167,0.017536992044753626,0.07257769314977223,0.116840383405829,0.3277840664817781,1536
muon_bf16,Muon + BF16,7,v_proj,attn,model.layers.7.self_attn.v_proj.weight,0.0006825444795250444,0.00011046958388760686,0.009570723322667618,196.61996127629047,38.17477451751167,0.9097285737394673,0.29299859894990843,151,184,228,2.9071989047224633e-05,2.403373218839988e-05,1.612096093595028e-05,0.007447320958817727,0.008320059492689325,0.009218670187692624,0.026195308620389525,0.11831859851042414,0.20921227126371575,0.5657078800566487,256
muon_bf16,Muon + BF16,8,down_proj,mlp,model.layers.8.mlp.down_proj.weight,0.0027648164897442,0.000321538740536198,0.10141952508274699,1345.5830974479227,73.93771236979964,0.9633401526212556,0.2033271203853262,1087,1267,1466,4.9327754823025316e-05,4.294652899261564e-05,3.502842810121365e-05,0.08304275251066429,0.09133947568261647,0.09912808679655427,0.013524897754457125,0.028203226465531618,0.04109936058009627,0.12264518769916473,1536
muon_bf16,Muon + BF16,8,gate_proj,mlp,model.layers.8.mlp.gate_proj.weight,0.002629378617474506,0.00048369858996011317,0.09330209971994918,1259.1474235825028,29.54994051579607,0.9419617761134687,0.2424559881825301,1001,1200,1440,4.5300406782189384e-05,3.819484118139371e-05,2.9229282517917454e-05,0.0743324634131568,0.082625500865106,0.09074185608915286,0.03384101566855761,0.049314001385713575,0.06448488394449106,0.16152275949390715,1536
muon_bf16,Muon + BF16,8,up_proj,mlp,model.layers.8.mlp.up_proj.weight,0.0024233151949062184,0.0002326846879441291,0.08865880933080916,1338.517267285007,108.4636464376773,0.9611921910166511,0.2024538867377712,1095,1273,1468,4.32311680924613e-05,3.791853305301629e-05,3.1147250410867855e-05,0.0726897766435286,0.07991059601044981,0.08667529810918495,0.00921967896934569,0.030981652369950055,0.049427165123100456,0.1425642326958584,1536
muon_bf16,Muon + BF16,8,k_proj,attn,model.layers.8.self_attn.k_proj.weight,0.00042368931551902366,8.405619882978499e-05,0.005606323129995872,175.0899531275769,25.407125413984275,0.8786601395085791,0.3618105840537347,130,161,206,1.8746592104434967e-05,1.531340240035206e-05,9.285317901230883e-06,0.004258496670445311,0.004783925080118934,0.005341136296920013,0.03935903742379263,0.16372846329895108,0.26223137487144127,0.6162810712777135,256
muon_bf16,Muon + BF16,8,o_proj,attn,model.layers.8.self_attn.o_proj.weight,0.0007643575976732897,7.40761897759512e-05,0.022227647116204285,845.6561529347864,106.47212019527923,0.8771895009497376,0.48893625001879837,570,717,981,1.5938694559736177e-05,1.2215050446684472e-05,6.565352578036254e-06,0.016294991897666478,0.018357293731241953,0.02080114299997149,0.009392130054007679,0.037355775833184925,0.06603647226224045,0.2314699212033919,1536
muon_bf16,Muon + BF16,8,q_proj,attn,model.layers.8.self_attn.q_proj.weight,0.0005549604446139643,8.49996431497857e-05,0.01467343867751686,699.1007112388991,42.62749910839769,0.829087721606175,0.5435356797890065,471,620,895,1.1676535905280616e-05,8.70977237354964e-06,4.672862360166619e-06,0.01028860516998975,0.011798074061516672,0.013606030724076845,0.023459035151395927,0.0851766189852163,0.13651840144991412,0.3651373574182429,1536
muon_bf16,Muon + BF16,8,v_proj,attn,model.layers.8.self_attn.v_proj.weight,0.0007055244521887176,0.00013132642197888345,0.00964283738994709,186.803730952245,28.86156764129903,0.8890310048886007,0.3104422196100576,145,180,228,2.942182618426159e-05,2.3689051886321977e-05,1.689493001322262e-05,0.0073864011392288376,0.008312182919326006,0.009276377286369097,0.03464815260308539,0.14476375734159466,0.25063921071098405,0.6171020971992551,256
muon_bf16,Muon + BF16,9,down_proj,mlp,model.layers.9.mlp.down_proj.weight,0.0026712612494835513,0.000181286406586878,0.0987217049996616,1365.8171650731313,217.12120823595544,0.9682958133544266,0.19420065234480166,1107,1280,1469,4.8222998884739354e-05,4.234811058267951e-05,3.490497329039499e-05,0.08138175437125028,0.08921139063750161,0.09654742907514446,0.004605722343407627,0.0195363496263409,0.03328800457435686,0.11516514730065293,1536
muon_bf16,Muon + BF16,9,gate_proj,mlp,model.layers.9.mlp.gate_proj.weight,0.002529772980362125,0.00019953980518039316,0.09129604686859238,1302.3893806520268,160.73261547819865,0.9559769628381242,0.23048230501968825,1032,1221,1445,4.4436146708903834e-05,3.78379481844604e-05,2.9354874641285278e-05,0.07358849870797712,0.08135894768201979,0.08891493743794854,0.006221512647105761,0.02286838448198387,0.04013756470504326,0.139240753318062,1536
muon_bf16,Muon + BF16,9,up_proj,mlp,model.layers.9.mlp.up_proj.weight,0.0023832911253208328,0.0002081981801893562,0.08819084983952052,1369.2818881708386,131.03892854209053,0.9689208842376803,0.19134836839906044,1108,1277,1464,4.360545790405013e-05,3.819882113020867e-05,3.078438021475449e-05,0.07277605272247456,0.07969161582514062,0.08618992725314456,0.007631320029290332,0.021643887440421807,0.036166835149956604,0.11626442240496586,1536
muon_bf16,Muon + BF16,9,k_proj,attn,model.layers.9.self_attn.k_proj.weight,0.0007905969593636729,0.0002759052440524101,0.008458873251015575,114.47608159470028,8.21089255791227,0.7197589452998142,0.464805603190906,80,119,188,3.262044265284203e-05,2.4074008251773193e-05,1.419794625689974e-05,0.0054738301805628,0.006561792206412065,0.007854653423237323,0.12178943920492163,0.3964225928042866,0.5380827182995297,0.8367217892013626,256
muon_bf16,Muon + BF16,9,o_proj,attn,model.layers.9.self_attn.o_proj.weight,0.0007972758863191585,7.803184416843578e-05,0.02282908441954959,819.8978170586926,104.39351387276541,0.8763852662441909,0.5091170243861289,566,705,946,1.7005158952088095e-05,1.3146389392204583e-05,7.292269401659723e-06,0.016978269695755444,0.01906821995453356,0.02151156786521824,0.009579139190762349,0.037448540207740556,0.06536618862298102,0.22952873591188583,1536
muon_bf16,Muon + BF16,9,q_proj,attn,model.layers.9.self_attn.q_proj.weight,0.0006601148446734876,0.00017576605023350567,0.014388637029348658,475.1167217428402,14.10486752605625,0.7433648283310209,0.6474706982895855,311,440,694,1.5298193829949014e-05,1.1015356903953943e-05,5.677502485923469e-06,0.009405822229382466,0.011071336783970764,0.013133184393609554,0.07089751095872944,0.1773342761379196,0.25558928210035,0.5299720889834615,1536
muon_bf16,Muon + BF16,9,v_proj,attn,model.layers.9.self_attn.v_proj.weight,0.0011170053916379217,0.0003576188173610717,0.01267783205730666,128.8188595529684,9.755955563503925,0.7519729508264278,0.41853538279734837,93,137,208,4.321414962760173e-05,3.2720068702474236e-05,2.0617937479983084e-05,0.00842196069061174,0.010059072086733067,0.011925629776669666,0.10250149188265086,0.35029591294339524,0.4845358649783575,0.8088596990627845,256
