experiment,experiment_label,layer,component,type,param_name,n_params,n_changed,n_unchanged,sparsity,n_changed_bf16,n_unchanged_bf16,sparsity_bf16
adamw_fp32,AdamW + FP32,-1,embed,embed,model.embed_tokens.weight,233373696,233367960,5736,2.4578605465452874e-05,52757274,180616422,0.7739365022525933
adamw_fp32,AdamW + FP32,0,down_proj,mlp,model.layers.0.mlp.down_proj.weight,13762560,13762061,499,3.6257789248539396e-05,2329727,11432833,0.8307199387323289
adamw_fp32,AdamW + FP32,0,gate_proj,mlp,model.layers.0.mlp.gate_proj.weight,13762560,13761936,624,4.534040178572063e-05,2017618,11744942,0.8533980596633184
adamw_fp32,AdamW + FP32,0,up_proj,mlp,model.layers.0.mlp.up_proj.weight,13762560,13762067,493,3.5821823846760026e-05,2436495,11326065,0.8229620797293526
adamw_fp32,AdamW + FP32,0,k_proj,attn,model.layers.0.self_attn.k_proj.weight,393216,393185,31,7.883707682287966e-05,36127,357089,0.9081242879231771
adamw_fp32,AdamW + FP32,0,o_proj,attn,model.layers.0.self_attn.o_proj.weight,2359296,2359241,55,2.3312038845535454e-05,549447,1809849,0.767114003499349
adamw_fp32,AdamW + FP32,0,q_proj,attn,model.layers.0.self_attn.q_proj.weight,2359296,2358317,979,0.0004149542914496651,260614,2098682,0.8895373874240451
adamw_fp32,AdamW + FP32,0,v_proj,attn,model.layers.0.self_attn.v_proj.weight,393216,393201,15,3.814697265625e-05,95738,297478,0.7565256754557291
adamw_fp32,AdamW + FP32,1,down_proj,mlp,model.layers.1.mlp.down_proj.weight,13762560,13762062,498,3.6185128348242834e-05,2360676,11401884,0.8284711565290178
adamw_fp32,AdamW + FP32,1,gate_proj,mlp,model.layers.1.mlp.gate_proj.weight,13762560,13761942,618,4.490443638394126e-05,1992996,11769564,0.8551871163504464
adamw_fp32,AdamW + FP32,1,up_proj,mlp,model.layers.1.mlp.up_proj.weight,13762560,13762027,533,3.8728259858622494e-05,2322888,11439672,0.8312168666294643
adamw_fp32,AdamW + FP32,1,k_proj,attn,model.layers.1.self_attn.k_proj.weight,393216,393191,25,6.357828776037966e-05,39345,353871,0.8999404907226562
adamw_fp32,AdamW + FP32,1,o_proj,attn,model.layers.1.self_attn.o_proj.weight,2359296,2359206,90,3.814697265625e-05,484306,1874990,0.794724358452691
adamw_fp32,AdamW + FP32,1,q_proj,attn,model.layers.1.self_attn.q_proj.weight,2359296,2359162,134,5.6796603732589546e-05,298662,2060634,0.8734105428059896
adamw_fp32,AdamW + FP32,1,v_proj,attn,model.layers.1.self_attn.v_proj.weight,393216,393207,9,2.288818359375e-05,94632,298584,0.75933837890625
adamw_fp32,AdamW + FP32,10,down_proj,mlp,model.layers.10.mlp.down_proj.weight,13762560,13762072,488,3.545851934527722e-05,2659150,11103410,0.8067837669735863
adamw_fp32,AdamW + FP32,10,gate_proj,mlp,model.layers.10.mlp.gate_proj.weight,13762560,13762014,546,3.9672851562477796e-05,2256524,11506036,0.8360389346168154
adamw_fp32,AdamW + FP32,10,up_proj,mlp,model.layers.10.mlp.up_proj.weight,13762560,13762054,506,3.676641555061533e-05,2449020,11313540,0.822052001953125
adamw_fp32,AdamW + FP32,10,k_proj,attn,model.layers.10.self_attn.k_proj.weight,393216,393195,21,5.340576171875e-05,59784,333432,0.84796142578125
adamw_fp32,AdamW + FP32,10,o_proj,attn,model.layers.10.self_attn.o_proj.weight,2359296,2359205,91,3.8570827908035454e-05,497006,1862290,0.7893413967556424
adamw_fp32,AdamW + FP32,10,q_proj,attn,model.layers.10.self_attn.q_proj.weight,2359296,2359191,105,4.450480143225466e-05,400615,1958681,0.8301972283257378
adamw_fp32,AdamW + FP32,10,v_proj,attn,model.layers.10.self_attn.v_proj.weight,393216,393202,14,3.560384114587034e-05,73030,320186,0.8142751057942709
adamw_fp32,AdamW + FP32,11,down_proj,mlp,model.layers.11.mlp.down_proj.weight,13762560,13762130,430,3.124418712796562e-05,2744799,11017761,0.8005604335239955
adamw_fp32,AdamW + FP32,11,gate_proj,mlp,model.layers.11.mlp.gate_proj.weight,13762560,13762065,495,3.596714564735315e-05,2313474,11449086,0.8319008963448661
adamw_fp32,AdamW + FP32,11,up_proj,mlp,model.layers.11.mlp.up_proj.weight,13762560,13762077,483,3.509521484379441e-05,2499814,11262746,0.8183612641834077
adamw_fp32,AdamW + FP32,11,k_proj,attn,model.layers.11.self_attn.k_proj.weight,393216,393201,15,3.814697265625e-05,55471,337745,0.8589299519856771
adamw_fp32,AdamW + FP32,11,o_proj,attn,model.layers.11.self_attn.o_proj.weight,2359296,2359217,79,3.3484564887165114e-05,520205,1839091,0.7795083787706163
adamw_fp32,AdamW + FP32,11,q_proj,attn,model.layers.11.self_attn.q_proj.weight,2359296,2359194,102,4.323323567712034e-05,383971,1975325,0.8372518751356337
adamw_fp32,AdamW + FP32,11,v_proj,attn,model.layers.11.self_attn.v_proj.weight,393216,393204,12,3.0517578125e-05,74959,318257,0.8093694051106771
adamw_fp32,AdamW + FP32,12,down_proj,mlp,model.layers.12.mlp.down_proj.weight,13762560,13762142,418,3.0372256324406877e-05,2921369,10841191,0.7877306983584449
adamw_fp32,AdamW + FP32,12,gate_proj,mlp,model.layers.12.mlp.gate_proj.weight,13762560,13762044,516,3.7493024553580945e-05,2309628,11452932,0.8321803501674108
adamw_fp32,AdamW + FP32,12,up_proj,mlp,model.layers.12.mlp.up_proj.weight,13762560,13762085,475,3.4513927641421915e-05,2636023,11126537,0.8084641956147693
adamw_fp32,AdamW + FP32,12,k_proj,attn,model.layers.12.self_attn.k_proj.weight,393216,393202,14,3.560384114587034e-05,68001,325215,0.8270645141601562
adamw_fp32,AdamW + FP32,12,o_proj,attn,model.layers.12.self_attn.o_proj.weight,2359296,2359239,57,2.415974934899534e-05,540429,1818867,0.7709363301595052
adamw_fp32,AdamW + FP32,12,q_proj,attn,model.layers.12.self_attn.q_proj.weight,2359296,2359235,61,2.5855170355915114e-05,439452,1919844,0.8137359619140625
adamw_fp32,AdamW + FP32,12,v_proj,attn,model.layers.12.self_attn.v_proj.weight,393216,393205,11,2.797444661462034e-05,77166,316050,0.8037567138671875
adamw_fp32,AdamW + FP32,13,down_proj,mlp,model.layers.13.mlp.down_proj.weight,13762560,13762122,438,3.182547433033811e-05,2900224,10862336,0.7892671130952381
adamw_fp32,AdamW + FP32,13,gate_proj,mlp,model.layers.13.mlp.gate_proj.weight,13762560,13762097,463,3.364199683775215e-05,2497074,11265486,0.8185603550502232
adamw_fp32,AdamW + FP32,13,up_proj,mlp,model.layers.13.mlp.up_proj.weight,13762560,13762117,443,3.218877883182092e-05,2661220,11101340,0.8066333589099702
adamw_fp32,AdamW + FP32,13,k_proj,attn,model.layers.13.self_attn.k_proj.weight,393216,393192,24,6.103515625e-05,57285,335931,0.8543167114257812
adamw_fp32,AdamW + FP32,13,o_proj,attn,model.layers.13.self_attn.o_proj.weight,2359296,2359225,71,3.0093722873214546e-05,561092,1798204,0.7621782090928819
adamw_fp32,AdamW + FP32,13,q_proj,attn,model.layers.13.self_attn.q_proj.weight,2359296,2359193,103,4.365709092879477e-05,398194,1961102,0.831223381890191
adamw_fp32,AdamW + FP32,13,v_proj,attn,model.layers.13.self_attn.v_proj.weight,393216,393206,10,2.543131510412966e-05,84787,308429,0.7843755086263021
adamw_fp32,AdamW + FP32,14,down_proj,mlp,model.layers.14.mlp.down_proj.weight,13762560,13762140,420,3.0517578125e-05,2950361,10812199,0.7856241135370163
adamw_fp32,AdamW + FP32,14,gate_proj,mlp,model.layers.14.mlp.gate_proj.weight,13762560,13762076,484,3.516787574409097e-05,2683975,11078585,0.8049799601236979
adamw_fp32,AdamW + FP32,14,up_proj,mlp,model.layers.14.mlp.up_proj.weight,13762560,13762155,405,2.9427664620551575e-05,2810233,10952327,0.7958059401739211
adamw_fp32,AdamW + FP32,14,k_proj,attn,model.layers.14.self_attn.k_proj.weight,393216,393194,22,5.594889322912966e-05,73792,319424,0.8123372395833334
adamw_fp32,AdamW + FP32,14,o_proj,attn,model.layers.14.self_attn.o_proj.weight,2359296,2359229,67,2.8398301866294773e-05,593691,1765605,0.7483609517415364
adamw_fp32,AdamW + FP32,14,q_proj,attn,model.layers.14.self_attn.q_proj.weight,2359296,2359198,98,4.1537814670089546e-05,470440,1888856,0.8006015353732638
adamw_fp32,AdamW + FP32,14,v_proj,attn,model.layers.14.self_attn.v_proj.weight,393216,393211,5,1.271565755212034e-05,98535,294681,0.7494125366210938
adamw_fp32,AdamW + FP32,15,down_proj,mlp,model.layers.15.mlp.down_proj.weight,13762560,13762170,390,2.833775111610315e-05,3021744,10740816,0.7804373604910715
adamw_fp32,AdamW + FP32,15,gate_proj,mlp,model.layers.15.mlp.gate_proj.weight,13762560,13762125,435,3.1607491629448425e-05,2677375,11085185,0.8054595220656622
adamw_fp32,AdamW + FP32,15,up_proj,mlp,model.layers.15.mlp.up_proj.weight,13762560,13762135,425,3.088088262648281e-05,2812293,10950267,0.795656258719308
adamw_fp32,AdamW + FP32,15,k_proj,attn,model.layers.15.self_attn.k_proj.weight,393216,393200,16,4.069010416662966e-05,81218,311998,0.7934519449869791
adamw_fp32,AdamW + FP32,15,o_proj,attn,model.layers.15.self_attn.o_proj.weight,2359296,2359239,57,2.415974934899534e-05,573275,1786021,0.7570143805609809
adamw_fp32,AdamW + FP32,15,q_proj,attn,model.layers.15.self_attn.q_proj.weight,2359296,2359218,78,3.306070963537966e-05,492586,1866710,0.791214836968316
adamw_fp32,AdamW + FP32,15,v_proj,attn,model.layers.15.self_attn.v_proj.weight,393216,393201,15,3.814697265625e-05,84497,308719,0.7851130167643229
adamw_fp32,AdamW + FP32,16,down_proj,mlp,model.layers.16.mlp.down_proj.weight,13762560,13762153,407,2.9572986421144698e-05,2868886,10893674,0.7915441603887649
adamw_fp32,AdamW + FP32,16,gate_proj,mlp,model.layers.16.mlp.gate_proj.weight,13762560,13762106,454,3.29880487350831e-05,2622894,11139666,0.8094181605747768
adamw_fp32,AdamW + FP32,16,up_proj,mlp,model.layers.16.mlp.up_proj.weight,13762560,13762135,425,3.088088262648281e-05,2690866,11071694,0.8044792538597471
adamw_fp32,AdamW + FP32,16,k_proj,attn,model.layers.16.self_attn.k_proj.weight,393216,393196,20,5.086263020837034e-05,73625,319591,0.8127619425455729
adamw_fp32,AdamW + FP32,16,o_proj,attn,model.layers.16.self_attn.o_proj.weight,2359296,2359220,76,3.221299913191977e-05,561086,1798210,0.7621807522243924
adamw_fp32,AdamW + FP32,16,q_proj,attn,model.layers.16.self_attn.q_proj.weight,2359296,2359204,92,3.8994683159709886e-05,414578,1944718,0.8242789374457465
adamw_fp32,AdamW + FP32,16,v_proj,attn,model.layers.16.self_attn.v_proj.weight,393216,393207,9,2.288818359375e-05,87201,306015,0.7782363891601562
adamw_fp32,AdamW + FP32,17,down_proj,mlp,model.layers.17.mlp.down_proj.weight,13762560,13762146,414,3.008161272322063e-05,2868507,10894053,0.7915716988699777
adamw_fp32,AdamW + FP32,17,gate_proj,mlp,model.layers.17.mlp.gate_proj.weight,13762560,13762056,504,3.6621093750022204e-05,2634586,11127974,0.8085686093284971
adamw_fp32,AdamW + FP32,17,up_proj,mlp,model.layers.17.mlp.up_proj.weight,13762560,13762091,469,3.407796223953152e-05,2698335,11064225,0.803936549595424
adamw_fp32,AdamW + FP32,17,k_proj,attn,model.layers.17.self_attn.k_proj.weight,393216,393206,10,2.543131510412966e-05,78783,314433,0.7996444702148438
adamw_fp32,AdamW + FP32,17,o_proj,attn,model.layers.17.self_attn.o_proj.weight,2359296,2359224,72,3.0517578125e-05,512064,1847232,0.782958984375
adamw_fp32,AdamW + FP32,17,q_proj,attn,model.layers.17.self_attn.q_proj.weight,2359296,2359207,89,3.7723117404464546e-05,477370,1881926,0.7976642184787326
adamw_fp32,AdamW + FP32,17,v_proj,attn,model.layers.17.self_attn.v_proj.weight,393216,393209,7,1.780192057287966e-05,84247,308969,0.7857487996419271
adamw_fp32,AdamW + FP32,18,down_proj,mlp,model.layers.18.mlp.down_proj.weight,13762560,13762137,423,3.0735560825889685e-05,2871070,10891490,0.7913854689825148
adamw_fp32,AdamW + FP32,18,gate_proj,mlp,model.layers.18.mlp.gate_proj.weight,13762560,13762069,491,3.56765020461669e-05,2565662,11196898,0.8135766892206101
adamw_fp32,AdamW + FP32,18,up_proj,mlp,model.layers.18.mlp.up_proj.weight,13762560,13762084,476,3.458658854171848e-05,2706663,11055897,0.8033314296177455
adamw_fp32,AdamW + FP32,18,k_proj,attn,model.layers.18.self_attn.k_proj.weight,393216,393206,10,2.543131510412966e-05,73595,319621,0.8128382364908854
adamw_fp32,AdamW + FP32,18,o_proj,attn,model.layers.18.self_attn.o_proj.weight,2359296,2359232,64,2.7126736111160454e-05,552231,1807065,0.7659339904785156
adamw_fp32,AdamW + FP32,18,q_proj,attn,model.layers.18.self_attn.q_proj.weight,2359296,2359213,83,3.5179985894084886e-05,454549,1904747,0.8073370191786025
adamw_fp32,AdamW + FP32,18,v_proj,attn,model.layers.18.self_attn.v_proj.weight,393216,393208,8,2.034505208337034e-05,109299,283917,0.7220382690429688
adamw_fp32,AdamW + FP32,19,down_proj,mlp,model.layers.19.mlp.down_proj.weight,13762560,13762163,397,2.884637741817908e-05,2844557,10918003,0.7933119274321057
adamw_fp32,AdamW + FP32,19,gate_proj,mlp,model.layers.19.mlp.gate_proj.weight,13762560,13762082,478,3.47319103423116e-05,2543493,11219067,0.815187508719308
adamw_fp32,AdamW + FP32,19,up_proj,mlp,model.layers.19.mlp.up_proj.weight,13762560,13762112,448,3.255208333330373e-05,2646615,11115945,0.807694571358817
adamw_fp32,AdamW + FP32,19,k_proj,attn,model.layers.19.self_attn.k_proj.weight,393216,393205,11,2.797444661462034e-05,76509,316707,0.8054275512695312
adamw_fp32,AdamW + FP32,19,o_proj,attn,model.layers.19.self_attn.o_proj.weight,2359296,2359220,76,3.221299913191977e-05,485082,1874214,0.7943954467773438
adamw_fp32,AdamW + FP32,19,q_proj,attn,model.layers.19.self_attn.q_proj.weight,2359296,2359201,95,4.026624891495523e-05,461661,1897635,0.8043225606282552
adamw_fp32,AdamW + FP32,19,v_proj,attn,model.layers.19.self_attn.v_proj.weight,393216,393202,14,3.560384114587034e-05,73889,319327,0.8120905558268229
adamw_fp32,AdamW + FP32,2,down_proj,mlp,model.layers.2.mlp.down_proj.weight,13762560,13762027,533,3.8728259858622494e-05,2341794,11420766,0.8298431396484375
adamw_fp32,AdamW + FP32,2,gate_proj,mlp,model.layers.2.mlp.gate_proj.weight,13762560,13761969,591,4.2942592075934094e-05,1971195,11791365,0.8567711966378349
adamw_fp32,AdamW + FP32,2,up_proj,mlp,model.layers.2.mlp.up_proj.weight,13762560,13762037,523,3.800165085565688e-05,2323225,11439335,0.831192379906064
adamw_fp32,AdamW + FP32,2,k_proj,attn,model.layers.2.self_attn.k_proj.weight,393216,393183,33,8.392333984375e-05,39629,353587,0.8992182413736979
adamw_fp32,AdamW + FP32,2,o_proj,attn,model.layers.2.self_attn.o_proj.weight,2359296,2359203,93,3.941853841149534e-05,445571,1913725,0.8111423916286893
adamw_fp32,AdamW + FP32,2,q_proj,attn,model.layers.2.self_attn.q_proj.weight,2359296,2359150,146,6.188286675345989e-05,319251,2040045,0.8646837870279948
adamw_fp32,AdamW + FP32,2,v_proj,attn,model.layers.2.self_attn.v_proj.weight,393216,393203,13,3.306070963537966e-05,87810,305406,0.7766876220703125
adamw_fp32,AdamW + FP32,20,down_proj,mlp,model.layers.20.mlp.down_proj.weight,13762560,13762144,416,3.0226934523813753e-05,2850334,10912226,0.7928921654110863
adamw_fp32,AdamW + FP32,20,gate_proj,mlp,model.layers.20.mlp.gate_proj.weight,13762560,13762076,484,3.516787574409097e-05,2608451,11154109,0.8104676019577752
adamw_fp32,AdamW + FP32,20,up_proj,mlp,model.layers.20.mlp.up_proj.weight,13762560,13762110,450,3.269740513389685e-05,2658866,11103694,0.8068044026692709
adamw_fp32,AdamW + FP32,20,k_proj,attn,model.layers.20.self_attn.k_proj.weight,393216,393202,14,3.560384114587034e-05,73229,319987,0.8137690226236979
adamw_fp32,AdamW + FP32,20,o_proj,attn,model.layers.20.self_attn.o_proj.weight,2359296,2359233,63,2.6702880859375e-05,505480,1853816,0.7857496473524306
adamw_fp32,AdamW + FP32,20,q_proj,attn,model.layers.20.self_attn.q_proj.weight,2359296,2359211,85,3.602769639754477e-05,456161,1903135,0.8066537645128038
adamw_fp32,AdamW + FP32,20,v_proj,attn,model.layers.20.self_attn.v_proj.weight,393216,393203,13,3.306070963537966e-05,73922,319294,0.8120066324869791
adamw_fp32,AdamW + FP32,21,down_proj,mlp,model.layers.21.mlp.down_proj.weight,13762560,13762152,408,2.964564732144126e-05,2976113,10786447,0.7837529500325521
adamw_fp32,AdamW + FP32,21,gate_proj,mlp,model.layers.21.mlp.gate_proj.weight,13762560,13762065,495,3.596714564735315e-05,2561735,11200825,0.8138620285760789
adamw_fp32,AdamW + FP32,21,up_proj,mlp,model.layers.21.mlp.up_proj.weight,13762560,13762105,455,3.306070963537966e-05,2730162,11032398,0.8016239711216517
adamw_fp32,AdamW + FP32,21,k_proj,attn,model.layers.21.self_attn.k_proj.weight,393216,393204,12,3.0517578125e-05,77184,316032,0.8037109375
adamw_fp32,AdamW + FP32,21,o_proj,attn,model.layers.21.self_attn.o_proj.weight,2359296,2359224,72,3.0517578125e-05,528297,1830999,0.7760785420735677
adamw_fp32,AdamW + FP32,21,q_proj,attn,model.layers.21.self_attn.q_proj.weight,2359296,2359221,75,3.178914388024534e-05,461429,1897867,0.804420895046658
adamw_fp32,AdamW + FP32,21,v_proj,attn,model.layers.21.self_attn.v_proj.weight,393216,393204,12,3.0517578125e-05,81792,311424,0.7919921875
adamw_fp32,AdamW + FP32,22,down_proj,mlp,model.layers.22.mlp.down_proj.weight,13762560,13762151,409,2.971830822173782e-05,2910663,10851897,0.7885086059570312
adamw_fp32,AdamW + FP32,22,gate_proj,mlp,model.layers.22.mlp.gate_proj.weight,13762560,13762088,472,3.429594494042121e-05,2486339,11276221,0.8193403698149182
adamw_fp32,AdamW + FP32,22,up_proj,mlp,model.layers.22.mlp.up_proj.weight,13762560,13762116,444,3.226143973211748e-05,2744034,11018526,0.8006160191127232
adamw_fp32,AdamW + FP32,22,k_proj,attn,model.layers.22.self_attn.k_proj.weight,393216,393205,11,2.797444661462034e-05,87396,305820,0.777740478515625
adamw_fp32,AdamW + FP32,22,o_proj,attn,model.layers.22.self_attn.o_proj.weight,2359296,2359217,79,3.3484564887165114e-05,480334,1878962,0.7964079115125868
adamw_fp32,AdamW + FP32,22,q_proj,attn,model.layers.22.self_attn.q_proj.weight,2359296,2359212,84,3.560384114587034e-05,517614,1841682,0.7806065877278646
adamw_fp32,AdamW + FP32,22,v_proj,attn,model.layers.22.self_attn.v_proj.weight,393216,393212,4,1.017252604162966e-05,101953,291263,0.7407201131184895
adamw_fp32,AdamW + FP32,23,down_proj,mlp,model.layers.23.mlp.down_proj.weight,13762560,13762169,391,2.841041201639971e-05,2873207,10889353,0.7912301926385789
adamw_fp32,AdamW + FP32,23,gate_proj,mlp,model.layers.23.mlp.gate_proj.weight,13762560,13762023,537,3.901890345980874e-05,2462829,11299731,0.8210486275809152
adamw_fp32,AdamW + FP32,23,up_proj,mlp,model.layers.23.mlp.up_proj.weight,13762560,13762124,436,3.168015252974499e-05,2685409,11077151,0.8048757643926712
adamw_fp32,AdamW + FP32,23,k_proj,attn,model.layers.23.self_attn.k_proj.weight,393216,393204,12,3.0517578125e-05,82679,310537,0.7897364298502604
adamw_fp32,AdamW + FP32,23,o_proj,attn,model.layers.23.self_attn.o_proj.weight,2359296,2359233,63,2.6702880859375e-05,511850,1847446,0.7830496893988715
adamw_fp32,AdamW + FP32,23,q_proj,attn,model.layers.23.self_attn.q_proj.weight,2359296,2359224,72,3.0517578125e-05,463992,1895304,0.8033345540364584
adamw_fp32,AdamW + FP32,23,v_proj,attn,model.layers.23.self_attn.v_proj.weight,393216,393204,12,3.0517578125e-05,92624,300592,0.7644449869791666
adamw_fp32,AdamW + FP32,24,down_proj,mlp,model.layers.24.mlp.down_proj.weight,13762560,13762127,433,3.14621698288553e-05,2924157,10838403,0.7875281197684152
adamw_fp32,AdamW + FP32,24,gate_proj,mlp,model.layers.24.mlp.gate_proj.weight,13762560,13762046,514,3.734770275298782e-05,2498517,11264043,0.8184555053710938
adamw_fp32,AdamW + FP32,24,up_proj,mlp,model.layers.24.mlp.up_proj.weight,13762560,13762140,420,3.0517578125e-05,2649259,11113301,0.8075024559384301
adamw_fp32,AdamW + FP32,24,k_proj,attn,model.layers.24.self_attn.k_proj.weight,393216,393195,21,5.340576171875e-05,69562,323654,0.8230946858723959
adamw_fp32,AdamW + FP32,24,o_proj,attn,model.layers.24.self_attn.o_proj.weight,2359296,2359234,62,2.6279025607589546e-05,482081,1877215,0.7956674363878038
adamw_fp32,AdamW + FP32,24,q_proj,attn,model.layers.24.self_attn.q_proj.weight,2359296,2359208,88,3.7299262152790114e-05,434367,1924929,0.8158912658691406
adamw_fp32,AdamW + FP32,24,v_proj,attn,model.layers.24.self_attn.v_proj.weight,393216,393193,23,5.849202473962034e-05,70731,322485,0.8201217651367188
adamw_fp32,AdamW + FP32,25,down_proj,mlp,model.layers.25.mlp.down_proj.weight,13762560,13762131,429,3.1171526227669055e-05,2912136,10850424,0.7884015764508928
adamw_fp32,AdamW + FP32,25,gate_proj,mlp,model.layers.25.mlp.gate_proj.weight,13762560,13762055,505,3.6693754650318766e-05,2581546,11181014,0.8124225434802828
adamw_fp32,AdamW + FP32,25,up_proj,mlp,model.layers.25.mlp.up_proj.weight,13762560,13762146,414,3.008161272322063e-05,2680513,11082047,0.8052315121605282
adamw_fp32,AdamW + FP32,25,k_proj,attn,model.layers.25.self_attn.k_proj.weight,393216,393202,14,3.560384114587034e-05,98820,294396,0.748687744140625
adamw_fp32,AdamW + FP32,25,o_proj,attn,model.layers.25.self_attn.o_proj.weight,2359296,2359220,76,3.221299913191977e-05,502654,1856642,0.7869474622938368
adamw_fp32,AdamW + FP32,25,q_proj,attn,model.layers.25.self_attn.q_proj.weight,2359296,2359224,72,3.0517578125e-05,543307,1815989,0.7697164747450087
adamw_fp32,AdamW + FP32,25,v_proj,attn,model.layers.25.self_attn.v_proj.weight,393216,393204,12,3.0517578125e-05,77987,315229,0.8016688028971354
adamw_fp32,AdamW + FP32,26,down_proj,mlp,model.layers.26.mlp.down_proj.weight,13762560,13762138,422,3.066289992559312e-05,2909348,10853212,0.7886041550409226
adamw_fp32,AdamW + FP32,26,gate_proj,mlp,model.layers.26.mlp.gate_proj.weight,13762560,13762084,476,3.458658854171848e-05,2662820,11099740,0.8065171014694941
adamw_fp32,AdamW + FP32,26,up_proj,mlp,model.layers.26.mlp.up_proj.weight,13762560,13762070,490,3.560384114587034e-05,2679194,11083366,0.8053273518880208
adamw_fp32,AdamW + FP32,26,k_proj,attn,model.layers.26.self_attn.k_proj.weight,393216,393203,13,3.306070963537966e-05,116114,277102,0.7047068277994792
adamw_fp32,AdamW + FP32,26,o_proj,attn,model.layers.26.self_attn.o_proj.weight,2359296,2359215,81,3.4332275390625e-05,522986,1836310,0.7783296373155382
adamw_fp32,AdamW + FP32,26,q_proj,attn,model.layers.26.self_attn.q_proj.weight,2359296,2359238,58,2.4583604600669773e-05,639602,1719694,0.7289013332790799
adamw_fp32,AdamW + FP32,26,v_proj,attn,model.layers.26.self_attn.v_proj.weight,393216,393201,15,3.814697265625e-05,81180,312036,0.793548583984375
adamw_fp32,AdamW + FP32,27,down_proj,mlp,model.layers.27.mlp.down_proj.weight,13762560,13762141,419,3.044491722470344e-05,2955992,10806568,0.7852149600074405
adamw_fp32,AdamW + FP32,27,gate_proj,mlp,model.layers.27.mlp.gate_proj.weight,13762560,13762036,524,3.807431175595344e-05,2320436,11442124,0.831395031156994
adamw_fp32,AdamW + FP32,27,up_proj,mlp,model.layers.27.mlp.up_proj.weight,13762560,13762011,549,3.989083426336748e-05,2379797,11382763,0.827081807454427
adamw_fp32,AdamW + FP32,27,k_proj,attn,model.layers.27.self_attn.k_proj.weight,393216,393210,6,1.52587890625e-05,130259,262957,0.6687342325846355
adamw_fp32,AdamW + FP32,27,o_proj,attn,model.layers.27.self_attn.o_proj.weight,2359296,2359236,60,2.543131510412966e-05,623181,1736115,0.7358614603678386
adamw_fp32,AdamW + FP32,27,q_proj,attn,model.layers.27.self_attn.q_proj.weight,2359296,2359232,64,2.7126736111160454e-05,669728,1689568,0.7161322699652778
adamw_fp32,AdamW + FP32,27,v_proj,attn,model.layers.27.self_attn.v_proj.weight,393216,393206,10,2.543131510412966e-05,102434,290782,0.7394968668619792
adamw_fp32,AdamW + FP32,3,down_proj,mlp,model.layers.3.mlp.down_proj.weight,13762560,13762051,509,3.698439825150501e-05,2401418,11361142,0.8255108061290922
adamw_fp32,AdamW + FP32,3,gate_proj,mlp,model.layers.3.mlp.gate_proj.weight,13762560,13761925,635,4.613967168898281e-05,2005077,11757483,0.8543093000139509
adamw_fp32,AdamW + FP32,3,up_proj,mlp,model.layers.3.mlp.up_proj.weight,13762560,13761999,561,4.076276506692622e-05,2351162,11411398,0.8291624523344494
adamw_fp32,AdamW + FP32,3,k_proj,attn,model.layers.3.self_attn.k_proj.weight,393216,393189,27,6.866455078125e-05,54503,338713,0.8613917032877604
adamw_fp32,AdamW + FP32,3,o_proj,attn,model.layers.3.self_attn.o_proj.weight,2359296,2359237,59,2.5007459852455227e-05,493988,1865308,0.7906205919053819
adamw_fp32,AdamW + FP32,3,q_proj,attn,model.layers.3.self_attn.q_proj.weight,2359296,2359197,99,4.1961669921875e-05,397451,1961845,0.8315383063422309
adamw_fp32,AdamW + FP32,3,v_proj,attn,model.layers.3.self_attn.v_proj.weight,393216,393200,16,4.069010416662966e-05,78279,314937,0.8009262084960938
adamw_fp32,AdamW + FP32,4,down_proj,mlp,model.layers.4.mlp.down_proj.weight,13762560,13762052,508,3.691173735120845e-05,2504234,11258326,0.8180401030040922
adamw_fp32,AdamW + FP32,4,gate_proj,mlp,model.layers.4.mlp.gate_proj.weight,13762560,13761950,610,4.4323149181568766e-05,2044412,11718148,0.8514511835007441
adamw_fp32,AdamW + FP32,4,up_proj,mlp,model.layers.4.mlp.up_proj.weight,13762560,13762060,500,3.633045014883596e-05,2423647,11338913,0.8238956269763765
adamw_fp32,AdamW + FP32,4,k_proj,attn,model.layers.4.self_attn.k_proj.weight,393216,393193,23,5.849202473962034e-05,53422,339794,0.8641408284505209
adamw_fp32,AdamW + FP32,4,o_proj,attn,model.layers.4.self_attn.o_proj.weight,2359296,2359233,63,2.6702880859375e-05,461240,1898056,0.8045010036892362
adamw_fp32,AdamW + FP32,4,q_proj,attn,model.layers.4.self_attn.q_proj.weight,2359296,2359191,105,4.450480143225466e-05,368977,1990319,0.843607160780165
adamw_fp32,AdamW + FP32,4,v_proj,attn,model.layers.4.self_attn.v_proj.weight,393216,393196,20,5.086263020837034e-05,67231,325985,0.8290227254231771
adamw_fp32,AdamW + FP32,5,down_proj,mlp,model.layers.5.mlp.down_proj.weight,13762560,13762111,449,3.262474423360029e-05,2633291,11129269,0.8086627051943824
adamw_fp32,AdamW + FP32,5,gate_proj,mlp,model.layers.5.mlp.gate_proj.weight,13762560,13761991,569,4.1344052269298714e-05,2041865,11720695,0.8516362508138021
adamw_fp32,AdamW + FP32,5,up_proj,mlp,model.layers.5.mlp.up_proj.weight,13762560,13762092,468,3.400530133923496e-05,2530684,11231876,0.8161182221912202
adamw_fp32,AdamW + FP32,5,k_proj,attn,model.layers.5.self_attn.k_proj.weight,393216,393197,19,4.831949869787966e-05,55965,337251,0.8576736450195312
adamw_fp32,AdamW + FP32,5,o_proj,attn,model.layers.5.self_attn.o_proj.weight,2359296,2359232,64,2.7126736111160454e-05,491330,1867966,0.7917471991644965
adamw_fp32,AdamW + FP32,5,q_proj,attn,model.layers.5.self_attn.q_proj.weight,2359296,2359185,111,4.704793294274534e-05,393995,1965301,0.8330031500922309
adamw_fp32,AdamW + FP32,5,v_proj,attn,model.layers.5.self_attn.v_proj.weight,393216,393205,11,2.797444661462034e-05,80480,312736,0.7953287760416666
adamw_fp32,AdamW + FP32,6,down_proj,mlp,model.layers.6.mlp.down_proj.weight,13762560,13762090,470,3.4150623139828085e-05,2561194,11201366,0.8139013381231399
adamw_fp32,AdamW + FP32,6,gate_proj,mlp,model.layers.6.mlp.gate_proj.weight,13762560,13761943,617,4.48317754836447e-05,2002116,11760444,0.8545244489397321
adamw_fp32,AdamW + FP32,6,up_proj,mlp,model.layers.6.mlp.up_proj.weight,13762560,13762068,492,3.5749162946463464e-05,2437632,11324928,0.8228794642857142
adamw_fp32,AdamW + FP32,6,k_proj,attn,model.layers.6.self_attn.k_proj.weight,393216,393204,12,3.0517578125e-05,59240,333976,0.8493448893229166
adamw_fp32,AdamW + FP32,6,o_proj,attn,model.layers.6.self_attn.o_proj.weight,2359296,2359206,90,3.814697265625e-05,447887,1911409,0.8101607428656684
adamw_fp32,AdamW + FP32,6,q_proj,attn,model.layers.6.self_attn.q_proj.weight,2359296,2359194,102,4.323323567712034e-05,403449,1955847,0.8289960225423177
adamw_fp32,AdamW + FP32,6,v_proj,attn,model.layers.6.self_attn.v_proj.weight,393216,393201,15,3.814697265625e-05,69430,323786,0.8234303792317709
adamw_fp32,AdamW + FP32,7,down_proj,mlp,model.layers.7.mlp.down_proj.weight,13762560,13762066,494,3.589448474705659e-05,2478457,11284103,0.819913083031064
adamw_fp32,AdamW + FP32,7,gate_proj,mlp,model.layers.7.mlp.gate_proj.weight,13762560,13762033,527,3.829229445684312e-05,2119185,11643375,0.8460181100027901
adamw_fp32,AdamW + FP32,7,up_proj,mlp,model.layers.7.mlp.up_proj.weight,13762560,13762022,538,3.90915643601053e-05,2351210,11411350,0.8291589646112352
adamw_fp32,AdamW + FP32,7,k_proj,attn,model.layers.7.self_attn.k_proj.weight,393216,393198,18,4.57763671875e-05,53519,339697,0.8638941446940104
adamw_fp32,AdamW + FP32,7,o_proj,attn,model.layers.7.self_attn.o_proj.weight,2359296,2359213,83,3.5179985894084886e-05,472223,1887073,0.7998458014594184
adamw_fp32,AdamW + FP32,7,q_proj,attn,model.layers.7.self_attn.q_proj.weight,2359296,2359190,106,4.4928656684040114e-05,386625,1972671,0.836126963297526
adamw_fp32,AdamW + FP32,7,v_proj,attn,model.layers.7.self_attn.v_proj.weight,393216,393202,14,3.560384114587034e-05,76062,317154,0.8065643310546875
adamw_fp32,AdamW + FP32,8,down_proj,mlp,model.layers.8.mlp.down_proj.weight,13762560,13762105,455,3.306070963537966e-05,2607823,11154737,0.8105132330031621
adamw_fp32,AdamW + FP32,8,gate_proj,mlp,model.layers.8.mlp.gate_proj.weight,13762560,13762006,554,4.025413876485029e-05,2177485,11585075,0.841781979515439
adamw_fp32,AdamW + FP32,8,up_proj,mlp,model.layers.8.mlp.up_proj.weight,13762560,13762079,481,3.4949893043201286e-05,2431814,11330746,0.8233022054036458
adamw_fp32,AdamW + FP32,8,k_proj,attn,model.layers.8.self_attn.k_proj.weight,393216,393198,18,4.57763671875e-05,52762,340454,0.8658192952473959
adamw_fp32,AdamW + FP32,8,o_proj,attn,model.layers.8.self_attn.o_proj.weight,2359296,2359228,68,2.8822157118080227e-05,463919,1895377,0.803365495469835
adamw_fp32,AdamW + FP32,8,q_proj,attn,model.layers.8.self_attn.q_proj.weight,2359296,2359211,85,3.602769639754477e-05,369015,1990281,0.843591054280599
adamw_fp32,AdamW + FP32,8,v_proj,attn,model.layers.8.self_attn.v_proj.weight,393216,393205,11,2.797444661462034e-05,69421,323795,0.8234532674153646
adamw_fp32,AdamW + FP32,9,down_proj,mlp,model.layers.9.mlp.down_proj.weight,13762560,13762062,498,3.6185128348242834e-05,2586380,11176180,0.8120713006882441
adamw_fp32,AdamW + FP32,9,gate_proj,mlp,model.layers.9.mlp.gate_proj.weight,13762560,13762026,534,3.8800920758919055e-05,2214540,11548020,0.8390895298549107
adamw_fp32,AdamW + FP32,9,up_proj,mlp,model.layers.9.mlp.up_proj.weight,13762560,13762051,509,3.698439825150501e-05,2410239,11352321,0.8248698643275669
adamw_fp32,AdamW + FP32,9,k_proj,attn,model.layers.9.self_attn.k_proj.weight,393216,393202,14,3.560384114587034e-05,63862,329354,0.8375905354817709
adamw_fp32,AdamW + FP32,9,o_proj,attn,model.layers.9.self_attn.o_proj.weight,2359296,2359243,53,2.2464328341964546e-05,550374,1808922,0.7667210896809896
adamw_fp32,AdamW + FP32,9,q_proj,attn,model.layers.9.self_attn.q_proj.weight,2359296,2359206,90,3.814697265625e-05,435757,1923539,0.8153021070692275
adamw_fp32,AdamW + FP32,9,v_proj,attn,model.layers.9.self_attn.v_proj.weight,393216,393197,19,4.831949869787966e-05,83058,310158,0.7887725830078125
adamw_bf16,AdamW + BF16,-1,embed,embed,model.embed_tokens.weight,233373696,164715,233208981,0.9992942006626145,164715,233208981,0.9992942006626145
adamw_bf16,AdamW + BF16,0,down_proj,mlp,model.layers.0.mlp.down_proj.weight,13762560,287301,13475259,0.9791244506835938,287301,13475259,0.9791244506835938
adamw_bf16,AdamW + BF16,0,gate_proj,mlp,model.layers.0.mlp.gate_proj.weight,13762560,243317,13519243,0.9823203677222843,243317,13519243,0.9823203677222843
adamw_bf16,AdamW + BF16,0,up_proj,mlp,model.layers.0.mlp.up_proj.weight,13762560,297119,13465441,0.9784110659644717,297119,13465441,0.9784110659644717
adamw_bf16,AdamW + BF16,0,k_proj,attn,model.layers.0.self_attn.k_proj.weight,393216,4283,388933,0.9891077677408854,4283,388933,0.9891077677408854
adamw_bf16,AdamW + BF16,0,o_proj,attn,model.layers.0.self_attn.o_proj.weight,2359296,70262,2289034,0.9702190823025174,70262,2289034,0.9702190823025174
adamw_bf16,AdamW + BF16,0,q_proj,attn,model.layers.0.self_attn.q_proj.weight,2359296,32436,2326860,0.9862518310546875,32436,2326860,0.9862518310546875
adamw_bf16,AdamW + BF16,0,v_proj,attn,model.layers.0.self_attn.v_proj.weight,393216,11982,381234,0.9695281982421875,11982,381234,0.9695281982421875
adamw_bf16,AdamW + BF16,1,down_proj,mlp,model.layers.1.mlp.down_proj.weight,13762560,294976,13467584,0.9785667782738096,294976,13467584,0.9785667782738096
adamw_bf16,AdamW + BF16,1,gate_proj,mlp,model.layers.1.mlp.gate_proj.weight,13762560,244404,13518156,0.9822413853236607,244404,13518156,0.9822413853236607
adamw_bf16,AdamW + BF16,1,up_proj,mlp,model.layers.1.mlp.up_proj.weight,13762560,289858,13472702,0.9789386567615327,289858,13472702,0.9789386567615327
adamw_bf16,AdamW + BF16,1,k_proj,attn,model.layers.1.self_attn.k_proj.weight,393216,4816,388400,0.9877522786458334,4816,388400,0.9877522786458334
adamw_bf16,AdamW + BF16,1,o_proj,attn,model.layers.1.self_attn.o_proj.weight,2359296,60208,2299088,0.9744805230034722,60208,2299088,0.9744805230034722
adamw_bf16,AdamW + BF16,1,q_proj,attn,model.layers.1.self_attn.q_proj.weight,2359296,36354,2322942,0.9845911661783854,36354,2322942,0.9845911661783854
adamw_bf16,AdamW + BF16,1,v_proj,attn,model.layers.1.self_attn.v_proj.weight,393216,12145,381071,0.9691136678059896,12145,381071,0.9691136678059896
adamw_bf16,AdamW + BF16,10,down_proj,mlp,model.layers.10.mlp.down_proj.weight,13762560,296777,13465783,0.9784359159923736,296777,13465783,0.9784359159923736
adamw_bf16,AdamW + BF16,10,gate_proj,mlp,model.layers.10.mlp.gate_proj.weight,13762560,259456,13503104,0.981147693452381,259456,13503104,0.981147693452381
adamw_bf16,AdamW + BF16,10,up_proj,mlp,model.layers.10.mlp.up_proj.weight,13762560,276758,13485802,0.9798905145554315,276758,13485802,0.9798905145554315
adamw_bf16,AdamW + BF16,10,k_proj,attn,model.layers.10.self_attn.k_proj.weight,393216,7676,385540,0.9804789225260416,7676,385540,0.9804789225260416
adamw_bf16,AdamW + BF16,10,o_proj,attn,model.layers.10.self_attn.o_proj.weight,2359296,57327,2301969,0.975701649983724,57327,2301969,0.975701649983724
adamw_bf16,AdamW + BF16,10,q_proj,attn,model.layers.10.self_attn.q_proj.weight,2359296,49665,2309631,0.978949228922526,49665,2309631,0.978949228922526
adamw_bf16,AdamW + BF16,10,v_proj,attn,model.layers.10.self_attn.v_proj.weight,393216,8861,384355,0.9774653116861979,8861,384355,0.9774653116861979
adamw_bf16,AdamW + BF16,11,down_proj,mlp,model.layers.11.mlp.down_proj.weight,13762560,300947,13461613,0.9781329200381325,300947,13461613,0.9781329200381325
adamw_bf16,AdamW + BF16,11,gate_proj,mlp,model.layers.11.mlp.gate_proj.weight,13762560,261480,13501080,0.9810006277901786,261480,13501080,0.9810006277901786
adamw_bf16,AdamW + BF16,11,up_proj,mlp,model.layers.11.mlp.up_proj.weight,13762560,277774,13484786,0.9798166910807292,277774,13484786,0.9798166910807292
adamw_bf16,AdamW + BF16,11,k_proj,attn,model.layers.11.self_attn.k_proj.weight,393216,6929,386287,0.9823786417643229,6929,386287,0.9823786417643229
adamw_bf16,AdamW + BF16,11,o_proj,attn,model.layers.11.self_attn.o_proj.weight,2359296,60119,2299177,0.9745182461208768,60119,2299177,0.9745182461208768
adamw_bf16,AdamW + BF16,11,q_proj,attn,model.layers.11.self_attn.q_proj.weight,2359296,46169,2313127,0.9804310268825955,46169,2313127,0.9804310268825955
adamw_bf16,AdamW + BF16,11,v_proj,attn,model.layers.11.self_attn.v_proj.weight,393216,8649,384567,0.9780044555664062,8649,384567,0.9780044555664062
adamw_bf16,AdamW + BF16,12,down_proj,mlp,model.layers.12.mlp.down_proj.weight,13762560,309496,13453064,0.977511742001488,309496,13453064,0.977511742001488
adamw_bf16,AdamW + BF16,12,gate_proj,mlp,model.layers.12.mlp.gate_proj.weight,13762560,257179,13505381,0.9813131423223587,257179,13505381,0.9813131423223587
adamw_bf16,AdamW + BF16,12,up_proj,mlp,model.layers.12.mlp.up_proj.weight,13762560,285020,13477540,0.9792901901971727,285020,13477540,0.9792901901971727
adamw_bf16,AdamW + BF16,12,k_proj,attn,model.layers.12.self_attn.k_proj.weight,393216,7546,385670,0.9808095296223959,7546,385670,0.9808095296223959
adamw_bf16,AdamW + BF16,12,o_proj,attn,model.layers.12.self_attn.o_proj.weight,2359296,58701,2300595,0.9751192728678385,58701,2300595,0.9751192728678385
adamw_bf16,AdamW + BF16,12,q_proj,attn,model.layers.12.self_attn.q_proj.weight,2359296,49821,2309475,0.9788831075032552,49821,2309475,0.9788831075032552
adamw_bf16,AdamW + BF16,12,v_proj,attn,model.layers.12.self_attn.v_proj.weight,393216,8613,384603,0.9780960083007812,8613,384603,0.9780960083007812
adamw_bf16,AdamW + BF16,13,down_proj,mlp,model.layers.13.mlp.down_proj.weight,13762560,300854,13461706,0.9781396775018601,300854,13461706,0.9781396775018601
adamw_bf16,AdamW + BF16,13,gate_proj,mlp,model.layers.13.mlp.gate_proj.weight,13762560,268521,13494039,0.9804890223911831,268521,13494039,0.9804890223911831
adamw_bf16,AdamW + BF16,13,up_proj,mlp,model.layers.13.mlp.up_proj.weight,13762560,279173,13483387,0.9797150384812128,279173,13483387,0.9797150384812128
adamw_bf16,AdamW + BF16,13,k_proj,attn,model.layers.13.self_attn.k_proj.weight,393216,6726,386490,0.9828948974609375,6726,386490,0.9828948974609375
adamw_bf16,AdamW + BF16,13,o_proj,attn,model.layers.13.self_attn.o_proj.weight,2359296,60879,2298417,0.9741961161295573,60879,2298417,0.9741961161295573
adamw_bf16,AdamW + BF16,13,q_proj,attn,model.layers.13.self_attn.q_proj.weight,2359296,47002,2312294,0.9800779554578993,47002,2312294,0.9800779554578993
adamw_bf16,AdamW + BF16,13,v_proj,attn,model.layers.13.self_attn.v_proj.weight,393216,9000,384216,0.97711181640625,9000,384216,0.97711181640625
adamw_bf16,AdamW + BF16,14,down_proj,mlp,model.layers.14.mlp.down_proj.weight,13762560,303122,13459438,0.9779748825799851,303122,13459438,0.9779748825799851
adamw_bf16,AdamW + BF16,14,gate_proj,mlp,model.layers.14.mlp.gate_proj.weight,13762560,278400,13484160,0.9797712053571429,278400,13484160,0.9797712053571429
adamw_bf16,AdamW + BF16,14,up_proj,mlp,model.layers.14.mlp.up_proj.weight,13762560,283613,13478947,0.9793924240838914,283613,13478947,0.9793924240838914
adamw_bf16,AdamW + BF16,14,k_proj,attn,model.layers.14.self_attn.k_proj.weight,393216,9415,383801,0.9760564168294271,9415,383801,0.9760564168294271
adamw_bf16,AdamW + BF16,14,o_proj,attn,model.layers.14.self_attn.o_proj.weight,2359296,63913,2295383,0.97291013929579,63913,2295383,0.97291013929579
adamw_bf16,AdamW + BF16,14,q_proj,attn,model.layers.14.self_attn.q_proj.weight,2359296,55414,2303882,0.9765124850802951,55414,2303882,0.9765124850802951
adamw_bf16,AdamW + BF16,14,v_proj,attn,model.layers.14.self_attn.v_proj.weight,393216,10620,382596,0.972991943359375,10620,382596,0.972991943359375
adamw_bf16,AdamW + BF16,15,down_proj,mlp,model.layers.15.mlp.down_proj.weight,13762560,302316,13460244,0.978033447265625,302316,13460244,0.978033447265625
adamw_bf16,AdamW + BF16,15,gate_proj,mlp,model.layers.15.mlp.gate_proj.weight,13762560,272960,13489600,0.9801664806547619,272960,13489600,0.9801664806547619
adamw_bf16,AdamW + BF16,15,up_proj,mlp,model.layers.15.mlp.up_proj.weight,13762560,277131,13485429,0.9798634120396206,277131,13485429,0.9798634120396206
adamw_bf16,AdamW + BF16,15,k_proj,attn,model.layers.15.self_attn.k_proj.weight,393216,8474,384742,0.9784495035807291,8474,384742,0.9784495035807291
adamw_bf16,AdamW + BF16,15,o_proj,attn,model.layers.15.self_attn.o_proj.weight,2359296,56516,2302780,0.9760453965928819,56516,2302780,0.9760453965928819
adamw_bf16,AdamW + BF16,15,q_proj,attn,model.layers.15.self_attn.q_proj.weight,2359296,54358,2304938,0.9769600762261285,54358,2304938,0.9769600762261285
adamw_bf16,AdamW + BF16,15,v_proj,attn,model.layers.15.self_attn.v_proj.weight,393216,7922,385294,0.9798533121744791,7922,385294,0.9798533121744791
adamw_bf16,AdamW + BF16,16,down_proj,mlp,model.layers.16.mlp.down_proj.weight,13762560,297866,13464694,0.9783567882719494,297866,13464694,0.9783567882719494
adamw_bf16,AdamW + BF16,16,gate_proj,mlp,model.layers.16.mlp.gate_proj.weight,13762560,278898,13483662,0.9797350202287947,278898,13483662,0.9797350202287947
adamw_bf16,AdamW + BF16,16,up_proj,mlp,model.layers.16.mlp.up_proj.weight,13762560,277776,13484784,0.9798165457589285,277776,13484784,0.9798165457589285
adamw_bf16,AdamW + BF16,16,k_proj,attn,model.layers.16.self_attn.k_proj.weight,393216,6958,386258,0.9823048909505209,6958,386258,0.9823048909505209
adamw_bf16,AdamW + BF16,16,o_proj,attn,model.layers.16.self_attn.o_proj.weight,2359296,58983,2300313,0.974999745686849,58983,2300313,0.974999745686849
adamw_bf16,AdamW + BF16,16,q_proj,attn,model.layers.16.self_attn.q_proj.weight,2359296,46434,2312862,0.9803187052408854,46434,2312862,0.9803187052408854
adamw_bf16,AdamW + BF16,16,v_proj,attn,model.layers.16.self_attn.v_proj.weight,393216,8069,385147,0.9794794718424479,8069,385147,0.9794794718424479
adamw_bf16,AdamW + BF16,17,down_proj,mlp,model.layers.17.mlp.down_proj.weight,13762560,292647,13469913,0.9787360055106027,292647,13469913,0.9787360055106027
adamw_bf16,AdamW + BF16,17,gate_proj,mlp,model.layers.17.mlp.gate_proj.weight,13762560,276469,13486091,0.9799115135556176,276469,13486091,0.9799115135556176
adamw_bf16,AdamW + BF16,17,up_proj,mlp,model.layers.17.mlp.up_proj.weight,13762560,274557,13488003,0.9800504411969866,274557,13488003,0.9800504411969866
adamw_bf16,AdamW + BF16,17,k_proj,attn,model.layers.17.self_attn.k_proj.weight,393216,9252,383964,0.976470947265625,9252,383964,0.976470947265625
adamw_bf16,AdamW + BF16,17,o_proj,attn,model.layers.17.self_attn.o_proj.weight,2359296,55437,2303859,0.9765027364095052,55437,2303859,0.9765027364095052
adamw_bf16,AdamW + BF16,17,q_proj,attn,model.layers.17.self_attn.q_proj.weight,2359296,54636,2304660,0.9768422444661459,54636,2304660,0.9768422444661459
adamw_bf16,AdamW + BF16,17,v_proj,attn,model.layers.17.self_attn.v_proj.weight,393216,8635,384581,0.9780400594075521,8635,384581,0.9780400594075521
adamw_bf16,AdamW + BF16,18,down_proj,mlp,model.layers.18.mlp.down_proj.weight,13762560,290132,13472428,0.9789187476748512,290132,13472428,0.9789187476748512
adamw_bf16,AdamW + BF16,18,gate_proj,mlp,model.layers.18.mlp.gate_proj.weight,13762560,265632,13496928,0.9806989397321428,265632,13496928,0.9806989397321428
adamw_bf16,AdamW + BF16,18,up_proj,mlp,model.layers.18.mlp.up_proj.weight,13762560,275838,13486722,0.9799573625837054,275838,13486722,0.9799573625837054
adamw_bf16,AdamW + BF16,18,k_proj,attn,model.layers.18.self_attn.k_proj.weight,393216,7806,385410,0.9801483154296875,7806,385410,0.9801483154296875
adamw_bf16,AdamW + BF16,18,o_proj,attn,model.layers.18.self_attn.o_proj.weight,2359296,56330,2302966,0.9761242336697049,56330,2302966,0.9761242336697049
adamw_bf16,AdamW + BF16,18,q_proj,attn,model.layers.18.self_attn.q_proj.weight,2359296,50058,2309238,0.9787826538085938,50058,2309238,0.9787826538085938
adamw_bf16,AdamW + BF16,18,v_proj,attn,model.layers.18.self_attn.v_proj.weight,393216,11270,381946,0.9713389078776041,11270,381946,0.9713389078776041
adamw_bf16,AdamW + BF16,19,down_proj,mlp,model.layers.19.mlp.down_proj.weight,13762560,285454,13477106,0.9792586553664434,285454,13477106,0.9792586553664434
adamw_bf16,AdamW + BF16,19,gate_proj,mlp,model.layers.19.mlp.gate_proj.weight,13762560,264095,13498465,0.9808106195359003,264095,13498465,0.9808106195359003
adamw_bf16,AdamW + BF16,19,up_proj,mlp,model.layers.19.mlp.up_proj.weight,13762560,270223,13492337,0.9803653535388764,270223,13492337,0.9803653535388764
adamw_bf16,AdamW + BF16,19,k_proj,attn,model.layers.19.self_attn.k_proj.weight,393216,8139,385077,0.9793014526367188,8139,385077,0.9793014526367188
adamw_bf16,AdamW + BF16,19,o_proj,attn,model.layers.19.self_attn.o_proj.weight,2359296,49072,2310224,0.9792005750868056,49072,2310224,0.9792005750868056
adamw_bf16,AdamW + BF16,19,q_proj,attn,model.layers.19.self_attn.q_proj.weight,2359296,52162,2307134,0.977890862358941,52162,2307134,0.977890862358941
adamw_bf16,AdamW + BF16,19,v_proj,attn,model.layers.19.self_attn.v_proj.weight,393216,7357,385859,0.9812901814778646,7357,385859,0.9812901814778646
adamw_bf16,AdamW + BF16,2,down_proj,mlp,model.layers.2.mlp.down_proj.weight,13762560,289916,13472644,0.9789344424293155,289916,13472644,0.9789344424293155
adamw_bf16,AdamW + BF16,2,gate_proj,mlp,model.layers.2.mlp.gate_proj.weight,13762560,241929,13520631,0.9824212210518973,241929,13520631,0.9824212210518973
adamw_bf16,AdamW + BF16,2,up_proj,mlp,model.layers.2.mlp.up_proj.weight,13762560,287365,13475195,0.9791198003859747,287365,13475195,0.9791198003859747
adamw_bf16,AdamW + BF16,2,k_proj,attn,model.layers.2.self_attn.k_proj.weight,393216,5554,387662,0.9858754475911459,5554,387662,0.9858754475911459
adamw_bf16,AdamW + BF16,2,o_proj,attn,model.layers.2.self_attn.o_proj.weight,2359296,55317,2303979,0.9765535990397135,55317,2303979,0.9765535990397135
adamw_bf16,AdamW + BF16,2,q_proj,attn,model.layers.2.self_attn.q_proj.weight,2359296,42840,2316456,0.981842041015625,42840,2316456,0.981842041015625
adamw_bf16,AdamW + BF16,2,v_proj,attn,model.layers.2.self_attn.v_proj.weight,393216,11565,381651,0.9705886840820312,11565,381651,0.9705886840820312
adamw_bf16,AdamW + BF16,20,down_proj,mlp,model.layers.20.mlp.down_proj.weight,13762560,285945,13476615,0.9792229788643974,285945,13476615,0.9792229788643974
adamw_bf16,AdamW + BF16,20,gate_proj,mlp,model.layers.20.mlp.gate_proj.weight,13762560,268915,13493645,0.9804603939964658,268915,13493645,0.9804603939964658
adamw_bf16,AdamW + BF16,20,up_proj,mlp,model.layers.20.mlp.up_proj.weight,13762560,269602,13492958,0.9804104759579613,269602,13492958,0.9804104759579613
adamw_bf16,AdamW + BF16,20,k_proj,attn,model.layers.20.self_attn.k_proj.weight,393216,8272,384944,0.9789632161458334,8272,384944,0.9789632161458334
adamw_bf16,AdamW + BF16,20,o_proj,attn,model.layers.20.self_attn.o_proj.weight,2359296,50686,2308610,0.9785164727105035,50686,2308610,0.9785164727105035
adamw_bf16,AdamW + BF16,20,q_proj,attn,model.layers.20.self_attn.q_proj.weight,2359296,52244,2307052,0.9778561062282987,52244,2307052,0.9778561062282987
adamw_bf16,AdamW + BF16,20,v_proj,attn,model.layers.20.self_attn.v_proj.weight,393216,7085,386131,0.9819819132486979,7085,386131,0.9819819132486979
adamw_bf16,AdamW + BF16,21,down_proj,mlp,model.layers.21.mlp.down_proj.weight,13762560,292502,13470058,0.9787465413411458,292502,13470058,0.9787465413411458
adamw_bf16,AdamW + BF16,21,gate_proj,mlp,model.layers.21.mlp.gate_proj.weight,13762560,259689,13502871,0.9811307634626116,259689,13502871,0.9811307634626116
adamw_bf16,AdamW + BF16,21,up_proj,mlp,model.layers.21.mlp.up_proj.weight,13762560,270407,13492153,0.9803519839332218,270407,13492153,0.9803519839332218
adamw_bf16,AdamW + BF16,21,k_proj,attn,model.layers.21.self_attn.k_proj.weight,393216,8191,385025,0.9791692097981771,8191,385025,0.9791692097981771
adamw_bf16,AdamW + BF16,21,o_proj,attn,model.layers.21.self_attn.o_proj.weight,2359296,52085,2307211,0.9779234992133247,52085,2307211,0.9779234992133247
adamw_bf16,AdamW + BF16,21,q_proj,attn,model.layers.21.self_attn.q_proj.weight,2359296,51764,2307532,0.9780595567491319,51764,2307532,0.9780595567491319
adamw_bf16,AdamW + BF16,21,v_proj,attn,model.layers.21.self_attn.v_proj.weight,393216,7652,385564,0.9805399576822916,7652,385564,0.9805399576822916
adamw_bf16,AdamW + BF16,22,down_proj,mlp,model.layers.22.mlp.down_proj.weight,13762560,278576,13483984,0.9797584170386905,278576,13483984,0.9797584170386905
adamw_bf16,AdamW + BF16,22,gate_proj,mlp,model.layers.22.mlp.gate_proj.weight,13762560,247591,13514969,0.9820098150344122,247591,13514969,0.9820098150344122
adamw_bf16,AdamW + BF16,22,up_proj,mlp,model.layers.22.mlp.up_proj.weight,13762560,268247,13494313,0.9805089314778646,268247,13494313,0.9805089314778646
adamw_bf16,AdamW + BF16,22,k_proj,attn,model.layers.22.self_attn.k_proj.weight,393216,10794,382422,0.9725494384765625,10794,382422,0.9725494384765625
adamw_bf16,AdamW + BF16,22,o_proj,attn,model.layers.22.self_attn.o_proj.weight,2359296,44479,2314817,0.9811473422580295,44479,2314817,0.9811473422580295
adamw_bf16,AdamW + BF16,22,q_proj,attn,model.layers.22.self_attn.q_proj.weight,2359296,62112,2297184,0.9736735026041666,62112,2297184,0.9736735026041666
adamw_bf16,AdamW + BF16,22,v_proj,attn,model.layers.22.self_attn.v_proj.weight,393216,9806,383410,0.9750620524088541,9806,383410,0.9750620524088541
adamw_bf16,AdamW + BF16,23,down_proj,mlp,model.layers.23.mlp.down_proj.weight,13762560,274179,13488381,0.9800779070172991,274179,13488381,0.9800779070172991
adamw_bf16,AdamW + BF16,23,gate_proj,mlp,model.layers.23.mlp.gate_proj.weight,13762560,244838,13517722,0.9822098504929315,244838,13517722,0.9822098504929315
adamw_bf16,AdamW + BF16,23,up_proj,mlp,model.layers.23.mlp.up_proj.weight,13762560,261381,13501179,0.9810078212193081,261381,13501179,0.9810078212193081
adamw_bf16,AdamW + BF16,23,k_proj,attn,model.layers.23.self_attn.k_proj.weight,393216,8617,384599,0.9780858357747396,8617,384599,0.9780858357747396
adamw_bf16,AdamW + BF16,23,o_proj,attn,model.layers.23.self_attn.o_proj.weight,2359296,46503,2312793,0.9802894592285156,46503,2312793,0.9802894592285156
adamw_bf16,AdamW + BF16,23,q_proj,attn,model.layers.23.self_attn.q_proj.weight,2359296,50392,2308904,0.9786410861545138,50392,2308904,0.9786410861545138
adamw_bf16,AdamW + BF16,23,v_proj,attn,model.layers.23.self_attn.v_proj.weight,393216,8147,385069,0.9792811075846354,8147,385069,0.9792811075846354
adamw_bf16,AdamW + BF16,24,down_proj,mlp,model.layers.24.mlp.down_proj.weight,13762560,269575,13492985,0.9804124378022694,269575,13492985,0.9804124378022694
adamw_bf16,AdamW + BF16,24,gate_proj,mlp,model.layers.24.mlp.gate_proj.weight,13762560,247102,13515458,0.9820453462146578,247102,13515458,0.9820453462146578
adamw_bf16,AdamW + BF16,24,up_proj,mlp,model.layers.24.mlp.up_proj.weight,13762560,254524,13508036,0.9815060570126488,254524,13508036,0.9815060570126488
adamw_bf16,AdamW + BF16,24,k_proj,attn,model.layers.24.self_attn.k_proj.weight,393216,7478,385738,0.9809824625651041,7478,385738,0.9809824625651041
adamw_bf16,AdamW + BF16,24,o_proj,attn,model.layers.24.self_attn.o_proj.weight,2359296,44354,2314942,0.9812003241644965,44354,2314942,0.9812003241644965
adamw_bf16,AdamW + BF16,24,q_proj,attn,model.layers.24.self_attn.q_proj.weight,2359296,47547,2311749,0.9798469543457031,47547,2311749,0.9798469543457031
adamw_bf16,AdamW + BF16,24,v_proj,attn,model.layers.24.self_attn.v_proj.weight,393216,6737,386479,0.9828669230143229,6737,386479,0.9828669230143229
adamw_bf16,AdamW + BF16,25,down_proj,mlp,model.layers.25.mlp.down_proj.weight,13762560,259386,13503174,0.9811527797154018,259386,13503174,0.9811527797154018
adamw_bf16,AdamW + BF16,25,gate_proj,mlp,model.layers.25.mlp.gate_proj.weight,13762560,249709,13512851,0.9818559192475819,249709,13512851,0.9818559192475819
adamw_bf16,AdamW + BF16,25,up_proj,mlp,model.layers.25.mlp.up_proj.weight,13762560,246709,13515851,0.9820739019484747,246709,13515851,0.9820739019484747
adamw_bf16,AdamW + BF16,25,k_proj,attn,model.layers.25.self_attn.k_proj.weight,393216,10920,382296,0.97222900390625,10920,382296,0.97222900390625
adamw_bf16,AdamW + BF16,25,o_proj,attn,model.layers.25.self_attn.o_proj.weight,2359296,40011,2319285,0.9830411275227865,40011,2319285,0.9830411275227865
adamw_bf16,AdamW + BF16,25,q_proj,attn,model.layers.25.self_attn.q_proj.weight,2359296,63144,2296152,0.973236083984375,63144,2296152,0.973236083984375
adamw_bf16,AdamW + BF16,25,v_proj,attn,model.layers.25.self_attn.v_proj.weight,393216,6394,386822,0.9837392171223959,6394,386822,0.9837392171223959
adamw_bf16,AdamW + BF16,26,down_proj,mlp,model.layers.26.mlp.down_proj.weight,13762560,255937,13506623,0.9814033871605283,255937,13506623,0.9814033871605283
adamw_bf16,AdamW + BF16,26,gate_proj,mlp,model.layers.26.mlp.gate_proj.weight,13762560,252555,13510005,0.9816491263253349,252555,13510005,0.9816491263253349
adamw_bf16,AdamW + BF16,26,up_proj,mlp,model.layers.26.mlp.up_proj.weight,13762560,243507,13519053,0.9823065621512277,243507,13519053,0.9823065621512277
adamw_bf16,AdamW + BF16,26,k_proj,attn,model.layers.26.self_attn.k_proj.weight,393216,10233,382983,0.9739761352539062,10233,382983,0.9739761352539062
adamw_bf16,AdamW + BF16,26,o_proj,attn,model.layers.26.self_attn.o_proj.weight,2359296,40478,2318818,0.9828431871202257,40478,2318818,0.9828431871202257
adamw_bf16,AdamW + BF16,26,q_proj,attn,model.layers.26.self_attn.q_proj.weight,2359296,58523,2300773,0.9751947191026475,58523,2300773,0.9751947191026475
adamw_bf16,AdamW + BF16,26,v_proj,attn,model.layers.26.self_attn.v_proj.weight,393216,6503,386713,0.9834620157877604,6503,386713,0.9834620157877604
adamw_bf16,AdamW + BF16,27,down_proj,mlp,model.layers.27.mlp.down_proj.weight,13762560,297285,13465275,0.9783990042550224,297285,13465275,0.9783990042550224
adamw_bf16,AdamW + BF16,27,gate_proj,mlp,model.layers.27.mlp.gate_proj.weight,13762560,235184,13527376,0.9829113188244047,235184,13527376,0.9829113188244047
adamw_bf16,AdamW + BF16,27,up_proj,mlp,model.layers.27.mlp.up_proj.weight,13762560,244796,13517764,0.9822129022507441,244796,13517764,0.9822129022507441
adamw_bf16,AdamW + BF16,27,k_proj,attn,model.layers.27.self_attn.k_proj.weight,393216,10768,382448,0.9726155598958334,10768,382448,0.9726155598958334
adamw_bf16,AdamW + BF16,27,o_proj,attn,model.layers.27.self_attn.o_proj.weight,2359296,50401,2308895,0.9786372714572482,50401,2308895,0.9786372714572482
adamw_bf16,AdamW + BF16,27,q_proj,attn,model.layers.27.self_attn.q_proj.weight,2359296,61742,2297554,0.973830329047309,61742,2297554,0.973830329047309
adamw_bf16,AdamW + BF16,27,v_proj,attn,model.layers.27.self_attn.v_proj.weight,393216,5239,387977,0.9866765340169271,5239,387977,0.9866765340169271
adamw_bf16,AdamW + BF16,3,down_proj,mlp,model.layers.3.mlp.down_proj.weight,13762560,294446,13468114,0.9786052885509673,294446,13468114,0.9786052885509673
adamw_bf16,AdamW + BF16,3,gate_proj,mlp,model.layers.3.mlp.gate_proj.weight,13762560,244255,13518305,0.9822522117978051,244255,13518305,0.9822522117978051
adamw_bf16,AdamW + BF16,3,up_proj,mlp,model.layers.3.mlp.up_proj.weight,13762560,287345,13475215,0.9791212536039806,287345,13475215,0.9791212536039806
adamw_bf16,AdamW + BF16,3,k_proj,attn,model.layers.3.self_attn.k_proj.weight,393216,6932,386284,0.9823710123697916,6932,386284,0.9823710123697916
adamw_bf16,AdamW + BF16,3,o_proj,attn,model.layers.3.self_attn.o_proj.weight,2359296,59168,2300128,0.9749213324652778,59168,2300128,0.9749213324652778
adamw_bf16,AdamW + BF16,3,q_proj,attn,model.layers.3.self_attn.q_proj.weight,2359296,50826,2308470,0.9784571329752604,50826,2308470,0.9784571329752604
adamw_bf16,AdamW + BF16,3,v_proj,attn,model.layers.3.self_attn.v_proj.weight,393216,9913,383303,0.9747899373372396,9913,383303,0.9747899373372396
adamw_bf16,AdamW + BF16,4,down_proj,mlp,model.layers.4.mlp.down_proj.weight,13762560,299846,13462714,0.9782129196893601,299846,13462714,0.9782129196893601
adamw_bf16,AdamW + BF16,4,gate_proj,mlp,model.layers.4.mlp.gate_proj.weight,13762560,245698,13516862,0.9821473621186756,245698,13516862,0.9821473621186756
adamw_bf16,AdamW + BF16,4,up_proj,mlp,model.layers.4.mlp.up_proj.weight,13762560,291359,13471201,0.978829592750186,291359,13471201,0.978829592750186
adamw_bf16,AdamW + BF16,4,k_proj,attn,model.layers.4.self_attn.k_proj.weight,393216,7072,386144,0.9820149739583334,7072,386144,0.9820149739583334
adamw_bf16,AdamW + BF16,4,o_proj,attn,model.layers.4.self_attn.o_proj.weight,2359296,55517,2303779,0.9764688279893663,55517,2303779,0.9764688279893663
adamw_bf16,AdamW + BF16,4,q_proj,attn,model.layers.4.self_attn.q_proj.weight,2359296,47797,2311499,0.9797409905327691,47797,2311499,0.9797409905327691
adamw_bf16,AdamW + BF16,4,v_proj,attn,model.layers.4.self_attn.v_proj.weight,393216,8312,384904,0.9788614908854166,8312,384904,0.9788614908854166
adamw_bf16,AdamW + BF16,5,down_proj,mlp,model.layers.5.mlp.down_proj.weight,13762560,305826,13456734,0.9777784075055803,305826,13456734,0.9777784075055803
adamw_bf16,AdamW + BF16,5,gate_proj,mlp,model.layers.5.mlp.gate_proj.weight,13762560,237927,13524633,0.9827120099748884,237927,13524633,0.9827120099748884
adamw_bf16,AdamW + BF16,5,up_proj,mlp,model.layers.5.mlp.up_proj.weight,13762560,294638,13467922,0.9785913376581101,294638,13467922,0.9785913376581101
adamw_bf16,AdamW + BF16,5,k_proj,attn,model.layers.5.self_attn.k_proj.weight,393216,7385,385831,0.9812189737955729,7385,385831,0.9812189737955729
adamw_bf16,AdamW + BF16,5,o_proj,attn,model.layers.5.self_attn.o_proj.weight,2359296,57329,2301967,0.9757008022732205,57329,2301967,0.9757008022732205
adamw_bf16,AdamW + BF16,5,q_proj,attn,model.layers.5.self_attn.q_proj.weight,2359296,51374,2307922,0.978224860297309,51374,2307922,0.978224860297309
adamw_bf16,AdamW + BF16,5,v_proj,attn,model.layers.5.self_attn.v_proj.weight,393216,9894,383322,0.9748382568359375,9894,383322,0.9748382568359375
adamw_bf16,AdamW + BF16,6,down_proj,mlp,model.layers.6.mlp.down_proj.weight,13762560,300717,13461843,0.9781496320452009,300717,13461843,0.9781496320452009
adamw_bf16,AdamW + BF16,6,gate_proj,mlp,model.layers.6.mlp.gate_proj.weight,13762560,237491,13525069,0.9827436901274181,237491,13525069,0.9827436901274181
adamw_bf16,AdamW + BF16,6,up_proj,mlp,model.layers.6.mlp.up_proj.weight,13762560,291290,13471270,0.9788346063523066,291290,13471270,0.9788346063523066
adamw_bf16,AdamW + BF16,6,k_proj,attn,model.layers.6.self_attn.k_proj.weight,393216,6948,386268,0.982330322265625,6948,386268,0.982330322265625
adamw_bf16,AdamW + BF16,6,o_proj,attn,model.layers.6.self_attn.o_proj.weight,2359296,51745,2307551,0.978067609998915,51745,2307551,0.978067609998915
adamw_bf16,AdamW + BF16,6,q_proj,attn,model.layers.6.self_attn.q_proj.weight,2359296,49376,2309920,0.9790717230902778,49376,2309920,0.9790717230902778
adamw_bf16,AdamW + BF16,6,v_proj,attn,model.layers.6.self_attn.v_proj.weight,393216,8049,385167,0.9795303344726562,8049,385167,0.9795303344726562
adamw_bf16,AdamW + BF16,7,down_proj,mlp,model.layers.7.mlp.down_proj.weight,13762560,289781,13472779,0.9789442516508556,289781,13472779,0.9789442516508556
adamw_bf16,AdamW + BF16,7,gate_proj,mlp,model.layers.7.mlp.gate_proj.weight,13762560,252022,13510538,0.9816878545851935,252022,13510538,0.9816878545851935
adamw_bf16,AdamW + BF16,7,up_proj,mlp,model.layers.7.mlp.up_proj.weight,13762560,279126,13483434,0.9797184535435268,279126,13483434,0.9797184535435268
adamw_bf16,AdamW + BF16,7,k_proj,attn,model.layers.7.self_attn.k_proj.weight,393216,6772,386444,0.9827779134114584,6772,386444,0.9827779134114584
adamw_bf16,AdamW + BF16,7,o_proj,attn,model.layers.7.self_attn.o_proj.weight,2359296,55410,2303886,0.9765141805013021,55410,2303886,0.9765141805013021
adamw_bf16,AdamW + BF16,7,q_proj,attn,model.layers.7.self_attn.q_proj.weight,2359296,47230,2312066,0.9799813164605035,47230,2312066,0.9799813164605035
adamw_bf16,AdamW + BF16,7,v_proj,attn,model.layers.7.self_attn.v_proj.weight,393216,9166,384050,0.9766896565755209,9166,384050,0.9766896565755209
adamw_bf16,AdamW + BF16,8,down_proj,mlp,model.layers.8.mlp.down_proj.weight,13762560,300183,13462377,0.9781884329659598,300183,13462377,0.9781884329659598
adamw_bf16,AdamW + BF16,8,gate_proj,mlp,model.layers.8.mlp.gate_proj.weight,13762560,256880,13505680,0.9813348679315477,256880,13505680,0.9813348679315477
adamw_bf16,AdamW + BF16,8,up_proj,mlp,model.layers.8.mlp.up_proj.weight,13762560,284239,13478321,0.9793469383603051,284239,13478321,0.9793469383603051
adamw_bf16,AdamW + BF16,8,k_proj,attn,model.layers.8.self_attn.k_proj.weight,393216,6289,386927,0.9840062459309896,6289,386927,0.9840062459309896
adamw_bf16,AdamW + BF16,8,o_proj,attn,model.layers.8.self_attn.o_proj.weight,2359296,53907,2305389,0.9771512349446615,53907,2305389,0.9771512349446615
adamw_bf16,AdamW + BF16,8,q_proj,attn,model.layers.8.self_attn.q_proj.weight,2359296,45340,2313956,0.9807824028862847,45340,2313956,0.9807824028862847
adamw_bf16,AdamW + BF16,8,v_proj,attn,model.layers.8.self_attn.v_proj.weight,393216,8347,384869,0.9787724812825521,8347,384869,0.9787724812825521
adamw_bf16,AdamW + BF16,9,down_proj,mlp,model.layers.9.mlp.down_proj.weight,13762560,294797,13467763,0.9785797845749628,294797,13467763,0.9785797845749628
adamw_bf16,AdamW + BF16,9,gate_proj,mlp,model.layers.9.mlp.gate_proj.weight,13762560,257956,13504604,0.9812566848028274,257956,13504604,0.9812566848028274
adamw_bf16,AdamW + BF16,9,up_proj,mlp,model.layers.9.mlp.up_proj.weight,13762560,280314,13482246,0.9796321323939732,280314,13482246,0.9796321323939732
adamw_bf16,AdamW + BF16,9,k_proj,attn,model.layers.9.self_attn.k_proj.weight,393216,8215,385001,0.9791081746419271,8215,385001,0.9791081746419271
adamw_bf16,AdamW + BF16,9,o_proj,attn,model.layers.9.self_attn.o_proj.weight,2359296,62421,2296875,0.9735425313313802,62421,2296875,0.9735425313313802
adamw_bf16,AdamW + BF16,9,q_proj,attn,model.layers.9.self_attn.q_proj.weight,2359296,50066,2309230,0.9787792629665799,50066,2309230,0.9787792629665799
adamw_bf16,AdamW + BF16,9,v_proj,attn,model.layers.9.self_attn.v_proj.weight,393216,11462,381754,0.9708506266276041,11462,381754,0.9708506266276041
muon_fp32,Muon + FP32,-1,embed,embed,model.embed_tokens.weight,233373696,86674402,146699294,0.6286025225396439,2874228,230499468,0.98768401045506
muon_fp32,Muon + FP32,0,down_proj,mlp,model.layers.0.mlp.down_proj.weight,13762560,13761810,750,5.4495675223198425e-05,1677409,12085151,0.8781179518926712
muon_fp32,Muon + FP32,0,gate_proj,mlp,model.layers.0.mlp.gate_proj.weight,13762560,13740584,21976,0.0015967959449404434,1242144,12520416,0.9097446986607143
muon_fp32,Muon + FP32,0,up_proj,mlp,model.layers.0.mlp.up_proj.weight,13762560,13747853,14707,0.001068623860677076,1474750,12287810,0.8928433372860863
muon_fp32,Muon + FP32,0,k_proj,attn,model.layers.0.self_attn.k_proj.weight,393216,393163,53,0.00013478597005212034,25807,367409,0.9343694051106771
muon_fp32,Muon + FP32,0,o_proj,attn,model.layers.0.self_attn.o_proj.weight,2359296,2359140,156,6.612141927087034e-05,300888,2058408,0.872467041015625
muon_fp32,Muon + FP32,0,q_proj,attn,model.layers.0.self_attn.q_proj.weight,2359296,2049341,309955,0.1313760545518663,127904,2231392,0.9457872178819444
muon_fp32,Muon + FP32,0,v_proj,attn,model.layers.0.self_attn.v_proj.weight,393216,393198,18,4.57763671875e-05,68373,324843,0.8261184692382812
muon_fp32,Muon + FP32,1,down_proj,mlp,model.layers.1.mlp.down_proj.weight,13762560,13761132,1428,0.00010375976562504441,956301,12806259,0.9305143083844866
muon_fp32,Muon + FP32,1,gate_proj,mlp,model.layers.1.mlp.gate_proj.weight,13762560,13756478,6082,0.0004419235956101275,1499571,12262989,0.8910398210797991
muon_fp32,Muon + FP32,1,up_proj,mlp,model.layers.1.mlp.up_proj.weight,13762560,13757271,5289,0.0003843035016740659,1760046,12002514,0.8721134730747768
muon_fp32,Muon + FP32,1,k_proj,attn,model.layers.1.self_attn.k_proj.weight,393216,393153,63,0.00016021728515625,27735,365481,0.9294662475585938
muon_fp32,Muon + FP32,1,o_proj,attn,model.layers.1.self_attn.o_proj.weight,2359296,2359152,144,6.103515625e-05,272829,2086467,0.8843599955240885
muon_fp32,Muon + FP32,1,q_proj,attn,model.layers.1.self_attn.q_proj.weight,2359296,2358757,539,0.00022845798068571455,149169,2210127,0.936773935953776
muon_fp32,Muon + FP32,1,v_proj,attn,model.layers.1.self_attn.v_proj.weight,393216,393186,30,7.62939453125e-05,69238,323978,0.8239186604817709
muon_fp32,Muon + FP32,10,down_proj,mlp,model.layers.10.mlp.down_proj.weight,13762560,13761825,735,5.340576171875e-05,1810210,11952350,0.868468511672247
muon_fp32,Muon + FP32,10,gate_proj,mlp,model.layers.10.mlp.gate_proj.weight,13762560,13756622,5938,0.0004314604259673116,1605463,12157097,0.8833456130254836
muon_fp32,Muon + FP32,10,up_proj,mlp,model.layers.10.mlp.up_proj.weight,13762560,13757904,4656,0.0003383091517856762,1723348,12039212,0.8747799827938988
muon_fp32,Muon + FP32,10,k_proj,attn,model.layers.10.self_attn.k_proj.weight,393216,393185,31,7.883707682287966e-05,45847,347369,0.8834050496419271
muon_fp32,Muon + FP32,10,o_proj,attn,model.layers.10.self_attn.o_proj.weight,2359296,2359141,155,6.569756401908489e-05,289496,2069800,0.8772956000434028
muon_fp32,Muon + FP32,10,q_proj,attn,model.layers.10.self_attn.q_proj.weight,2359296,2359127,169,7.163153754341511e-05,235479,2123817,0.9001909891764323
muon_fp32,Muon + FP32,10,v_proj,attn,model.layers.10.self_attn.v_proj.weight,393216,393197,19,4.831949869787966e-05,50185,343031,0.8723729451497396
muon_fp32,Muon + FP32,11,down_proj,mlp,model.layers.11.mlp.down_proj.weight,13762560,13761822,738,5.3623744419639685e-05,1843048,11919512,0.8660824730282738
muon_fp32,Muon + FP32,11,gate_proj,mlp,model.layers.11.mlp.gate_proj.weight,13762560,13761613,947,6.880987258184312e-05,1615148,12147412,0.8826418922061012
muon_fp32,Muon + FP32,11,up_proj,mlp,model.layers.11.mlp.up_proj.weight,13762560,13761812,748,5.43503534226053e-05,1717913,12044647,0.8751748947870164
muon_fp32,Muon + FP32,11,k_proj,attn,model.layers.11.self_attn.k_proj.weight,393216,393187,29,7.375081380212034e-05,41008,352208,0.8957112630208334
muon_fp32,Muon + FP32,11,o_proj,attn,model.layers.11.self_attn.o_proj.weight,2359296,2359144,152,6.442599826383955e-05,294428,2064868,0.8752051459418403
muon_fp32,Muon + FP32,11,q_proj,attn,model.layers.11.self_attn.q_proj.weight,2359296,2359130,166,7.035997178816977e-05,213521,2145775,0.9094980027940538
muon_fp32,Muon + FP32,11,v_proj,attn,model.layers.11.self_attn.v_proj.weight,393216,393186,30,7.62939453125e-05,47501,345715,0.8791987101236979
muon_fp32,Muon + FP32,12,down_proj,mlp,model.layers.12.mlp.down_proj.weight,13762560,13761859,701,5.09352911086669e-05,1875720,11886840,0.86370849609375
muon_fp32,Muon + FP32,12,gate_proj,mlp,model.layers.12.mlp.gate_proj.weight,13762560,13760068,2492,0.00018107096354169627,1571753,12190807,0.8857950119745164
muon_fp32,Muon + FP32,12,up_proj,mlp,model.layers.12.mlp.up_proj.weight,13762560,13761242,1318,9.57670665923116e-05,1745831,12016729,0.8731463477725074
muon_fp32,Muon + FP32,12,k_proj,attn,model.layers.12.self_attn.k_proj.weight,393216,393189,27,6.866455078125e-05,44760,348456,0.88616943359375
muon_fp32,Muon + FP32,12,o_proj,attn,model.layers.12.self_attn.o_proj.weight,2359296,2359154,142,6.0187445746540114e-05,280711,2078585,0.8810191684299045
muon_fp32,Muon + FP32,12,q_proj,attn,model.layers.12.self_attn.q_proj.weight,2359296,2359104,192,8.138020833337034e-05,226935,2132361,0.9038124084472656
muon_fp32,Muon + FP32,12,v_proj,attn,model.layers.12.self_attn.v_proj.weight,393216,393185,31,7.883707682287966e-05,46790,346426,0.8810068766276041
muon_fp32,Muon + FP32,13,down_proj,mlp,model.layers.13.mlp.down_proj.weight,13762560,13761839,721,5.2388509114598136e-05,1842715,11919845,0.8661066691080729
muon_fp32,Muon + FP32,13,gate_proj,mlp,model.layers.13.mlp.gate_proj.weight,13762560,13761545,1015,7.375081380212034e-05,1661554,12101006,0.8792699904668899
muon_fp32,Muon + FP32,13,up_proj,mlp,model.layers.13.mlp.up_proj.weight,13762560,13761824,736,5.347842261904656e-05,1723352,12039208,0.8747796921502976
muon_fp32,Muon + FP32,13,k_proj,attn,model.layers.13.self_attn.k_proj.weight,393216,393186,30,7.62939453125e-05,40759,352457,0.8963445027669271
muon_fp32,Muon + FP32,13,o_proj,attn,model.layers.13.self_attn.o_proj.weight,2359296,2359163,133,5.6372748480915114e-05,294781,2064515,0.8750555250379775
muon_fp32,Muon + FP32,13,q_proj,attn,model.layers.13.self_attn.q_proj.weight,2359296,2359087,209,8.858574761283489e-05,212840,2146456,0.9097866482204862
muon_fp32,Muon + FP32,13,v_proj,attn,model.layers.13.self_attn.v_proj.weight,393216,393186,30,7.62939453125e-05,49513,343703,0.8740819295247396
muon_fp32,Muon + FP32,14,down_proj,mlp,model.layers.14.mlp.down_proj.weight,13762560,13761831,729,5.296979631697063e-05,1853987,11908573,0.8652876354399182
muon_fp32,Muon + FP32,14,gate_proj,mlp,model.layers.14.mlp.gate_proj.weight,13762560,13761730,830,6.030854724703438e-05,1724251,12038309,0.8747143700009301
muon_fp32,Muon + FP32,14,up_proj,mlp,model.layers.14.mlp.up_proj.weight,13762560,13761808,752,5.464099702379155e-05,1724046,12038514,0.874729265485491
muon_fp32,Muon + FP32,14,k_proj,attn,model.layers.14.self_attn.k_proj.weight,393216,393078,138,0.0003509521484375,52636,340580,0.8661397298177084
muon_fp32,Muon + FP32,14,o_proj,attn,model.layers.14.self_attn.o_proj.weight,2359296,2357152,2144,0.0009087456597222099,286268,2073028,0.8786638047960069
muon_fp32,Muon + FP32,14,q_proj,attn,model.layers.14.self_attn.q_proj.weight,2359296,2357023,2273,0.0009634229871962052,206883,2152413,0.9123115539550781
muon_fp32,Muon + FP32,14,v_proj,attn,model.layers.14.self_attn.v_proj.weight,393216,393192,24,6.103515625e-05,56573,336643,0.8561274210611979
muon_fp32,Muon + FP32,15,down_proj,mlp,model.layers.15.mlp.down_proj.weight,13762560,13761803,757,5.500430152527436e-05,1833267,11929293,0.8667931692940848
muon_fp32,Muon + FP32,15,gate_proj,mlp,model.layers.15.mlp.gate_proj.weight,13762560,13756574,5986,0.00043494814918154656,1667063,12095497,0.8788697015671503
muon_fp32,Muon + FP32,15,up_proj,mlp,model.layers.15.mlp.up_proj.weight,13762560,13757073,5487,0.00039869035993300717,1672853,12089707,0.8784489949544271
muon_fp32,Muon + FP32,15,k_proj,attn,model.layers.15.self_attn.k_proj.weight,393216,393177,39,9.918212890625e-05,51489,341727,0.8690567016601562
muon_fp32,Muon + FP32,15,o_proj,attn,model.layers.15.self_attn.o_proj.weight,2359296,2359139,157,6.654527452254477e-05,274435,2084861,0.8836792839898003
muon_fp32,Muon + FP32,15,q_proj,attn,model.layers.15.self_attn.q_proj.weight,2359296,2359085,211,8.943345811629477e-05,229701,2129595,0.9026400248209635
muon_fp32,Muon + FP32,15,v_proj,attn,model.layers.15.self_attn.v_proj.weight,393216,393183,33,8.392333984375e-05,43545,349671,0.8892593383789062
muon_fp32,Muon + FP32,16,down_proj,mlp,model.layers.16.mlp.down_proj.weight,13762560,13761814,746,5.420503162201218e-05,1791415,11971145,0.8698341732933408
muon_fp32,Muon + FP32,16,gate_proj,mlp,model.layers.16.mlp.gate_proj.weight,13762560,13761617,943,6.851922898065688e-05,1708898,12053662,0.8758299328031994
muon_fp32,Muon + FP32,16,up_proj,mlp,model.layers.16.mlp.up_proj.weight,13762560,13761835,725,5.267915271578438e-05,1700022,12062538,0.876474870954241
muon_fp32,Muon + FP32,16,k_proj,attn,model.layers.16.self_attn.k_proj.weight,393216,393180,36,9.1552734375e-05,40570,352646,0.8968251546223959
muon_fp32,Muon + FP32,16,o_proj,attn,model.layers.16.self_attn.o_proj.weight,2359296,2359142,154,6.527370876741045e-05,282362,2076934,0.8803193834092882
muon_fp32,Muon + FP32,16,q_proj,attn,model.layers.16.self_attn.q_proj.weight,2359296,2292589,66707,0.028274112277560715,216432,2142864,0.90826416015625
muon_fp32,Muon + FP32,16,v_proj,attn,model.layers.16.self_attn.v_proj.weight,393216,393180,36,9.1552734375e-05,44538,348678,0.8867340087890625
muon_fp32,Muon + FP32,17,down_proj,mlp,model.layers.17.mlp.down_proj.weight,13762560,13761832,728,5.289713541667407e-05,1769965,11992595,0.8713927496047247
muon_fp32,Muon + FP32,17,gate_proj,mlp,model.layers.17.mlp.gate_proj.weight,13762560,13758946,3614,0.0002625964936755487,1698338,12064222,0.8765972319103422
muon_fp32,Muon + FP32,17,up_proj,mlp,model.layers.17.mlp.up_proj.weight,13762560,13760015,2545,0.00018492199125741404,1688913,12073647,0.8772820608956473
muon_fp32,Muon + FP32,17,k_proj,attn,model.layers.17.self_attn.k_proj.weight,393216,393191,25,6.357828776037966e-05,51084,342132,0.870086669921875
muon_fp32,Muon + FP32,17,o_proj,attn,model.layers.17.self_attn.o_proj.weight,2359296,2359147,149,6.315443250870523e-05,274995,2084301,0.8834419250488281
muon_fp32,Muon + FP32,17,q_proj,attn,model.layers.17.self_attn.q_proj.weight,2359296,2359122,174,7.375081380212034e-05,236733,2122563,0.8996594746907552
muon_fp32,Muon + FP32,17,v_proj,attn,model.layers.17.self_attn.v_proj.weight,393216,393193,23,5.849202473962034e-05,49397,343819,0.8743769327799479
muon_fp32,Muon + FP32,18,down_proj,mlp,model.layers.18.mlp.down_proj.weight,13762560,13761762,798,5.798339843754441e-05,1754656,12007904,0.872505115327381
muon_fp32,Muon + FP32,18,gate_proj,mlp,model.layers.18.mlp.gate_proj.weight,13762560,13759793,2767,0.00020105271112347278,1642038,12120522,0.8806880405970983
muon_fp32,Muon + FP32,18,up_proj,mlp,model.layers.18.mlp.up_proj.weight,13762560,13760808,1752,0.00012730189732146346,1690124,12072436,0.877194068545387
muon_fp32,Muon + FP32,18,k_proj,attn,model.layers.18.self_attn.k_proj.weight,393216,393186,30,7.62939453125e-05,45223,347993,0.8849919637044271
muon_fp32,Muon + FP32,18,o_proj,attn,model.layers.18.self_attn.o_proj.weight,2359296,2359163,133,5.6372748480915114e-05,286930,2072366,0.8783832126193576
muon_fp32,Muon + FP32,18,q_proj,attn,model.layers.18.self_attn.q_proj.weight,2359296,2359108,188,7.968478732633955e-05,241475,2117821,0.8976495530870225
muon_fp32,Muon + FP32,18,v_proj,attn,model.layers.18.self_attn.v_proj.weight,393216,393199,17,4.323323567712034e-05,60995,332221,0.8448816935221354
muon_fp32,Muon + FP32,19,down_proj,mlp,model.layers.19.mlp.down_proj.weight,13762560,13761751,809,5.878266834080659e-05,1720415,12042145,0.8749930972144717
muon_fp32,Muon + FP32,19,gate_proj,mlp,model.layers.19.mlp.gate_proj.weight,13762560,13760387,2173,0.00015789213634676003,1607725,12154835,0.8831812540690104
muon_fp32,Muon + FP32,19,up_proj,mlp,model.layers.19.mlp.up_proj.weight,13762560,13761164,1396,0.00010143461681544341,1632281,12130279,0.8813969930013021
muon_fp32,Muon + FP32,19,k_proj,attn,model.layers.19.self_attn.k_proj.weight,393216,393192,24,6.103515625e-05,47639,345577,0.8788477579752604
muon_fp32,Muon + FP32,19,o_proj,attn,model.layers.19.self_attn.o_proj.weight,2359296,2359139,157,6.654527452254477e-05,253679,2105617,0.892476823594835
muon_fp32,Muon + FP32,19,q_proj,attn,model.layers.19.self_attn.q_proj.weight,2359296,2359136,160,6.781684027779011e-05,251796,2107500,0.8932749430338541
muon_fp32,Muon + FP32,19,v_proj,attn,model.layers.19.self_attn.v_proj.weight,393216,393183,33,8.392333984375e-05,40804,352412,0.8962300618489584
muon_fp32,Muon + FP32,2,down_proj,mlp,model.layers.2.mlp.down_proj.weight,13762560,13761834,726,5.2751813616080945e-05,1795063,11967497,0.869569106329055
muon_fp32,Muon + FP32,2,gate_proj,mlp,model.layers.2.mlp.gate_proj.weight,13762560,13760552,2008,0.0001459030877976053,1533609,12228951,0.8885665893554687
muon_fp32,Muon + FP32,2,up_proj,mlp,model.layers.2.mlp.up_proj.weight,13762560,13761195,1365,9.918212890625e-05,1796530,11966030,0.8694625127883184
muon_fp32,Muon + FP32,2,k_proj,attn,model.layers.2.self_attn.k_proj.weight,393216,392730,486,0.0012359619140625,33733,359483,0.9142125447591146
muon_fp32,Muon + FP32,2,o_proj,attn,model.layers.2.self_attn.o_proj.weight,2359296,2359164,132,5.594889322912966e-05,291343,2067953,0.8765127393934462
muon_fp32,Muon + FP32,2,q_proj,attn,model.layers.2.self_attn.q_proj.weight,2359296,2357091,2205,0.000934600830078125,188474,2170822,0.9201143052842882
muon_fp32,Muon + FP32,2,v_proj,attn,model.layers.2.self_attn.v_proj.weight,393216,393198,18,4.57763671875e-05,64726,328490,0.8353932698567709
muon_fp32,Muon + FP32,20,down_proj,mlp,model.layers.20.mlp.down_proj.weight,13762560,13761692,868,6.306966145830373e-05,1700001,12062559,0.8764763968331473
muon_fp32,Muon + FP32,20,gate_proj,mlp,model.layers.20.mlp.gate_proj.weight,13762560,13760232,2328,0.0001691545758928381,1611757,12150803,0.8828882853190104
muon_fp32,Muon + FP32,20,up_proj,mlp,model.layers.20.mlp.up_proj.weight,13762560,13761057,1503,0.00010920933314728654,1590927,12171633,0.8844018118722098
muon_fp32,Muon + FP32,20,k_proj,attn,model.layers.20.self_attn.k_proj.weight,393216,393072,144,0.0003662109375,47156,346060,0.8800760904947916
muon_fp32,Muon + FP32,20,o_proj,attn,model.layers.20.self_attn.o_proj.weight,2359296,2359153,143,6.0611300998214546e-05,256194,2103102,0.8914108276367188
muon_fp32,Muon + FP32,20,q_proj,attn,model.layers.20.self_attn.q_proj.weight,2359296,2358557,739,0.00031322903103303545,242876,2116420,0.8970557318793403
muon_fp32,Muon + FP32,20,v_proj,attn,model.layers.20.self_attn.v_proj.weight,393216,393179,37,9.409586588537966e-05,39568,353648,0.8993733723958334
muon_fp32,Muon + FP32,21,down_proj,mlp,model.layers.21.mlp.down_proj.weight,13762560,13761696,864,6.277901785711748e-05,1680055,12082505,0.8779256911504836
muon_fp32,Muon + FP32,21,gate_proj,mlp,model.layers.21.mlp.gate_proj.weight,13762560,13761412,1148,8.341471354167407e-05,1485507,12277053,0.8920617239815848
muon_fp32,Muon + FP32,21,up_proj,mlp,model.layers.21.mlp.up_proj.weight,13762560,13761581,979,7.11350213913331e-05,1515055,12247505,0.8899147396995908
muon_fp32,Muon + FP32,21,k_proj,attn,model.layers.21.self_attn.k_proj.weight,393216,393197,19,4.831949869787966e-05,47371,345845,0.8795293172200521
muon_fp32,Muon + FP32,21,o_proj,attn,model.layers.21.self_attn.o_proj.weight,2359296,2359111,185,7.841322157120523e-05,249105,2110191,0.894415537516276
muon_fp32,Muon + FP32,21,q_proj,attn,model.layers.21.self_attn.q_proj.weight,2359296,2359068,228,9.663899739587034e-05,224039,2135257,0.9050398932562934
muon_fp32,Muon + FP32,21,v_proj,attn,model.layers.21.self_attn.v_proj.weight,393216,393191,25,6.357828776037966e-05,42470,350746,0.8919932047526041
muon_fp32,Muon + FP32,22,down_proj,mlp,model.layers.22.mlp.down_proj.weight,13762560,13761712,848,6.16164434523725e-05,1622887,12139673,0.8820795694986979
muon_fp32,Muon + FP32,22,gate_proj,mlp,model.layers.22.mlp.gate_proj.weight,13762560,13760676,1884,0.00013689313616072063,1439202,12323358,0.895426286969866
muon_fp32,Muon + FP32,22,up_proj,mlp,model.layers.22.mlp.up_proj.weight,13762560,13761299,1261,9.162539527529656e-05,1526632,12235928,0.8890735444568453
muon_fp32,Muon + FP32,22,k_proj,attn,model.layers.22.self_attn.k_proj.weight,393216,393001,215,0.0005467732747396203,58310,334906,0.8517100016276041
muon_fp32,Muon + FP32,22,o_proj,attn,model.layers.22.self_attn.o_proj.weight,2359296,2359110,186,7.883707682287966e-05,232138,2127158,0.9016070895724826
muon_fp32,Muon + FP32,22,q_proj,attn,model.layers.22.self_attn.q_proj.weight,2359296,2358023,1273,0.0005395677354600448,252381,2106915,0.8930269877115885
muon_fp32,Muon + FP32,22,v_proj,attn,model.layers.22.self_attn.v_proj.weight,393216,393187,29,7.375081380212034e-05,47635,345581,0.8788579305013021
muon_fp32,Muon + FP32,23,down_proj,mlp,model.layers.23.mlp.down_proj.weight,13762560,13761644,916,6.655738467264971e-05,1598747,12163813,0.8838336036318825
muon_fp32,Muon + FP32,23,gate_proj,mlp,model.layers.23.mlp.gate_proj.weight,13762560,13757410,5150,0.0003742036365327328,1434918,12327642,0.8957375662667411
muon_fp32,Muon + FP32,23,up_proj,mlp,model.layers.23.mlp.up_proj.weight,13762560,13758091,4469,0.00032472156343010816,1491831,12270729,0.8916022164481027
muon_fp32,Muon + FP32,23,k_proj,attn,model.layers.23.self_attn.k_proj.weight,393216,392987,229,0.0005823771158853797,48368,344848,0.8769938151041666
muon_fp32,Muon + FP32,23,o_proj,attn,model.layers.23.self_attn.o_proj.weight,2359296,2359106,190,8.053249782991045e-05,226190,2133106,0.904128180609809
muon_fp32,Muon + FP32,23,q_proj,attn,model.layers.23.self_attn.q_proj.weight,2359296,2358085,1211,0.0005132887098524552,233983,2125313,0.9008250766330295
muon_fp32,Muon + FP32,23,v_proj,attn,model.layers.23.self_attn.v_proj.weight,393216,393175,41,0.00010426839192712034,46333,346883,0.8821690877278646
muon_fp32,Muon + FP32,24,down_proj,mlp,model.layers.24.mlp.down_proj.weight,13762560,13761586,974,7.077171688985029e-05,1518721,12243839,0.8896483648390997
muon_fp32,Muon + FP32,24,gate_proj,mlp,model.layers.24.mlp.gate_proj.weight,13762560,13758871,3689,0.00026804606119790186,1400852,12361708,0.8982128324962797
muon_fp32,Muon + FP32,24,up_proj,mlp,model.layers.24.mlp.up_proj.weight,13762560,13759519,3041,0.00022096179780506375,1371201,12391359,0.9003673008510045
muon_fp32,Muon + FP32,24,k_proj,attn,model.layers.24.self_attn.k_proj.weight,393216,393109,107,0.00027211507161462034,44160,349056,0.8876953125
muon_fp32,Muon + FP32,24,o_proj,attn,model.layers.24.self_attn.o_proj.weight,2359296,2359123,173,7.332695855033489e-05,218626,2140670,0.907334221733941
muon_fp32,Muon + FP32,24,q_proj,attn,model.layers.24.self_attn.q_proj.weight,2359296,2358811,485,0.00020556979709196455,232072,2127224,0.9016350640190972
muon_fp32,Muon + FP32,24,v_proj,attn,model.layers.24.self_attn.v_proj.weight,393216,393196,20,5.086263020837034e-05,37739,355477,0.9040247599283854
muon_fp32,Muon + FP32,25,down_proj,mlp,model.layers.25.mlp.down_proj.weight,13762560,13761482,1078,7.832845052080373e-05,1388025,12374535,0.8991448538643974
muon_fp32,Muon + FP32,25,gate_proj,mlp,model.layers.25.mlp.gate_proj.weight,13762560,13757287,5273,0.0003831409272693209,1434774,12327786,0.895748029436384
muon_fp32,Muon + FP32,25,up_proj,mlp,model.layers.25.mlp.up_proj.weight,13762560,13757767,4793,0.0003482636951265272,1313542,12449018,0.9045568557012649
muon_fp32,Muon + FP32,25,k_proj,attn,model.layers.25.self_attn.k_proj.weight,393216,393010,206,0.0005238850911458703,56292,336924,0.856842041015625
muon_fp32,Muon + FP32,25,o_proj,attn,model.layers.25.self_attn.o_proj.weight,2359296,2359076,220,9.324815538191977e-05,181468,2177828,0.9230838351779513
muon_fp32,Muon + FP32,25,q_proj,attn,model.layers.25.self_attn.q_proj.weight,2359296,2357942,1354,0.0005739000108506698,249952,2109344,0.8940565321180556
muon_fp32,Muon + FP32,25,v_proj,attn,model.layers.25.self_attn.v_proj.weight,393216,393176,40,0.00010172526041662966,32223,360993,0.9180526733398438
muon_fp32,Muon + FP32,26,down_proj,mlp,model.layers.26.mlp.down_proj.weight,13762560,13760924,1636,0.00011887323288695129,1023402,12739158,0.925638689313616
muon_fp32,Muon + FP32,26,gate_proj,mlp,model.layers.26.mlp.gate_proj.weight,13762560,13754608,7952,0.0005777994791666963,1376243,12386317,0.9000009445917039
muon_fp32,Muon + FP32,26,up_proj,mlp,model.layers.26.mlp.up_proj.weight,13762560,13753458,9102,0.0006613595145089635,1058773,12703787,0.923068600609189
muon_fp32,Muon + FP32,26,k_proj,attn,model.layers.26.self_attn.k_proj.weight,393216,393201,15,3.814697265625e-05,61358,331858,0.8439585367838541
muon_fp32,Muon + FP32,26,o_proj,attn,model.layers.26.self_attn.o_proj.weight,2359296,2359063,233,9.875827365446455e-05,183608,2175688,0.9221767849392362
muon_fp32,Muon + FP32,26,q_proj,attn,model.layers.26.self_attn.q_proj.weight,2359296,2359051,245,0.00010384453667533489,215617,2143679,0.908609602186415
muon_fp32,Muon + FP32,26,v_proj,attn,model.layers.26.self_attn.v_proj.weight,393216,393174,42,0.0001068115234375,39006,354210,0.9008026123046875
muon_fp32,Muon + FP32,27,down_proj,mlp,model.layers.27.mlp.down_proj.weight,13762560,13760085,2475,0.00017983572823665472,982825,12779735,0.9285870506649926
muon_fp32,Muon + FP32,27,gate_proj,mlp,model.layers.27.mlp.gate_proj.weight,13762560,13751364,11196,0.0008135114397321841,971131,12791429,0.9294367472330729
muon_fp32,Muon + FP32,27,up_proj,mlp,model.layers.27.mlp.up_proj.weight,13762560,13749560,13000,0.0009445917038690688,725772,13036788,0.9472647530691964
muon_fp32,Muon + FP32,27,k_proj,attn,model.layers.27.self_attn.k_proj.weight,393216,393189,27,6.866455078125e-05,55354,337862,0.8592274983723959
muon_fp32,Muon + FP32,27,o_proj,attn,model.layers.27.self_attn.o_proj.weight,2359296,2359071,225,9.5367431640625e-05,188827,2170469,0.9199646843804253
muon_fp32,Muon + FP32,27,q_proj,attn,model.layers.27.self_attn.q_proj.weight,2359296,2359067,229,9.706285264754477e-05,238336,2120960,0.8989800347222222
muon_fp32,Muon + FP32,27,v_proj,attn,model.layers.27.self_attn.v_proj.weight,393216,393174,42,0.0001068115234375,28223,364993,0.9282251993815104
muon_fp32,Muon + FP32,3,down_proj,mlp,model.layers.3.mlp.down_proj.weight,13762560,13761859,701,5.09352911086669e-05,1790714,11971846,0.8698851085844495
muon_fp32,Muon + FP32,3,gate_proj,mlp,model.layers.3.mlp.gate_proj.weight,13762560,13759735,2825,0.00020526704334078438,1533085,12229475,0.8886046636672247
muon_fp32,Muon + FP32,3,up_proj,mlp,model.layers.3.mlp.up_proj.weight,13762560,13760868,1692,0.00012294224330355874,1787160,11975400,0.8701433454241072
muon_fp32,Muon + FP32,3,k_proj,attn,model.layers.3.self_attn.k_proj.weight,393216,393141,75,0.00019073486328125,42177,351039,0.8927383422851562
muon_fp32,Muon + FP32,3,o_proj,attn,model.layers.3.self_attn.o_proj.weight,2359296,2359135,161,6.824069552946455e-05,281706,2077590,0.8805974324544271
muon_fp32,Muon + FP32,3,q_proj,attn,model.layers.3.self_attn.q_proj.weight,2359296,2358092,1204,0.0005103217230902901,207068,2152228,0.9122331407335069
muon_fp32,Muon + FP32,3,v_proj,attn,model.layers.3.self_attn.v_proj.weight,393216,393189,27,6.866455078125e-05,60122,333094,0.8471018473307291
muon_fp32,Muon + FP32,4,down_proj,mlp,model.layers.4.mlp.down_proj.weight,13762560,13761861,699,5.078996930807378e-05,1834588,11927972,0.8666971842447917
muon_fp32,Muon + FP32,4,gate_proj,mlp,model.layers.4.mlp.gate_proj.weight,13762560,13760924,1636,0.00011887323288695129,1515612,12246948,0.889874267578125
muon_fp32,Muon + FP32,4,up_proj,mlp,model.layers.4.mlp.up_proj.weight,13762560,13761634,926,6.728399367561533e-05,1782719,11979841,0.8704660324823289
muon_fp32,Muon + FP32,4,k_proj,attn,model.layers.4.self_attn.k_proj.weight,393216,393190,26,6.612141927087034e-05,41363,351853,0.8948084513346354
muon_fp32,Muon + FP32,4,o_proj,attn,model.layers.4.self_attn.o_proj.weight,2359296,2359124,172,7.290310329866045e-05,265704,2093592,0.8873799641927084
muon_fp32,Muon + FP32,4,q_proj,attn,model.layers.4.self_attn.q_proj.weight,2359296,2359053,243,0.000102996826171875,182490,2176806,0.9226506551106771
muon_fp32,Muon + FP32,4,v_proj,attn,model.layers.4.self_attn.v_proj.weight,393216,393197,19,4.831949869787966e-05,51263,341953,0.8696314493815104
muon_fp32,Muon + FP32,5,down_proj,mlp,model.layers.5.mlp.down_proj.weight,13762560,13761836,724,5.260649181548782e-05,1858477,11904083,0.8649613879975818
muon_fp32,Muon + FP32,5,gate_proj,mlp,model.layers.5.mlp.gate_proj.weight,13762560,13757451,5109,0.0003712245396205738,1437514,12325046,0.8955489385695684
muon_fp32,Muon + FP32,5,up_proj,mlp,model.layers.5.mlp.up_proj.weight,13762560,13759504,3056,0.00022205171130951218,1779819,11982741,0.8706767490931919
muon_fp32,Muon + FP32,5,k_proj,attn,model.layers.5.self_attn.k_proj.weight,393216,393042,174,0.0004425048828125,44022,349194,0.8880462646484375
muon_fp32,Muon + FP32,5,o_proj,attn,model.layers.5.self_attn.o_proj.weight,2359296,2359144,152,6.442599826383955e-05,280207,2079089,0.8812327914767795
muon_fp32,Muon + FP32,5,q_proj,attn,model.layers.5.self_attn.q_proj.weight,2359296,2357719,1577,0.0006684197319878349,216423,2142873,0.9082679748535156
muon_fp32,Muon + FP32,5,v_proj,attn,model.layers.5.self_attn.v_proj.weight,393216,393185,31,7.883707682287966e-05,58464,334752,0.851318359375
muon_fp32,Muon + FP32,6,down_proj,mlp,model.layers.6.mlp.down_proj.weight,13762560,13761847,713,5.180722191222564e-05,1820037,11942523,0.8677544730050223
muon_fp32,Muon + FP32,6,gate_proj,mlp,model.layers.6.mlp.gate_proj.weight,13762560,13759891,2669,0.00019393194289429871,1434389,12328171,0.8957760038829985
muon_fp32,Muon + FP32,6,up_proj,mlp,model.layers.6.mlp.up_proj.weight,13762560,13761392,1168,8.48679315476053e-05,1763513,11999047,0.871861557733445
muon_fp32,Muon + FP32,6,k_proj,attn,model.layers.6.self_attn.k_proj.weight,393216,393072,144,0.0003662109375,41917,351299,0.8933995564778646
muon_fp32,Muon + FP32,6,o_proj,attn,model.layers.6.self_attn.o_proj.weight,2359296,2359149,147,6.230672200524534e-05,260449,2098847,0.8896073235405816
muon_fp32,Muon + FP32,6,q_proj,attn,model.layers.6.self_attn.q_proj.weight,2359296,2357753,1543,0.0006540086534287948,212319,2146977,0.9100074768066406
muon_fp32,Muon + FP32,6,v_proj,attn,model.layers.6.self_attn.v_proj.weight,393216,393192,24,6.103515625e-05,49200,344016,0.8748779296875
muon_fp32,Muon + FP32,7,down_proj,mlp,model.layers.7.mlp.down_proj.weight,13762560,13761832,728,5.289713541667407e-05,1766022,11996538,0.8716792515345982
muon_fp32,Muon + FP32,7,gate_proj,mlp,model.layers.7.mlp.gate_proj.weight,13762560,13757259,5301,0.00038517543247762465,1571465,12191095,0.8858159383138021
muon_fp32,Muon + FP32,7,up_proj,mlp,model.layers.7.mlp.up_proj.weight,13762560,13758791,3769,0.0002738589332217378,1733218,12029342,0.8740628197079613
muon_fp32,Muon + FP32,7,k_proj,attn,model.layers.7.self_attn.k_proj.weight,393216,393190,26,6.612141927087034e-05,39730,353486,0.8989613850911459
muon_fp32,Muon + FP32,7,o_proj,attn,model.layers.7.self_attn.o_proj.weight,2359296,2359164,132,5.594889322912966e-05,279215,2080081,0.8816532558865018
muon_fp32,Muon + FP32,7,q_proj,attn,model.layers.7.self_attn.q_proj.weight,2359296,2359077,219,9.282430013024534e-05,203271,2156025,0.913842519124349
muon_fp32,Muon + FP32,7,v_proj,attn,model.layers.7.self_attn.v_proj.weight,393216,393197,19,4.831949869787966e-05,51500,341716,0.8690287272135416
muon_fp32,Muon + FP32,8,down_proj,mlp,model.layers.8.mlp.down_proj.weight,13762560,13761870,690,5.0136021205404724e-05,1831403,11931157,0.8669286092122396
muon_fp32,Muon + FP32,8,gate_proj,mlp,model.layers.8.mlp.gate_proj.weight,13762560,13761499,1061,7.709321521576218e-05,1595913,12166647,0.8840395246233259
muon_fp32,Muon + FP32,8,up_proj,mlp,model.layers.8.mlp.up_proj.weight,13762560,13761830,730,5.304245721726719e-05,1767292,11995268,0.8715869721912203
muon_fp32,Muon + FP32,8,k_proj,attn,model.layers.8.self_attn.k_proj.weight,393216,393088,128,0.00032552083333337034,38807,354409,0.9013086954752604
muon_fp32,Muon + FP32,8,o_proj,attn,model.layers.8.self_attn.o_proj.weight,2359296,2359134,162,6.866455078125e-05,269797,2089499,0.8856451246473525
muon_fp32,Muon + FP32,8,q_proj,attn,model.layers.8.self_attn.q_proj.weight,2359296,2358227,1069,0.0004531012641059151,203085,2156211,0.9139213562011719
muon_fp32,Muon + FP32,8,v_proj,attn,model.layers.8.self_attn.v_proj.weight,393216,393191,25,6.357828776037966e-05,46832,346384,0.8809000651041666
muon_fp32,Muon + FP32,9,down_proj,mlp,model.layers.9.mlp.down_proj.weight,13762560,13761808,752,5.464099702379155e-05,1803312,11959248,0.8689697265625
muon_fp32,Muon + FP32,9,gate_proj,mlp,model.layers.9.mlp.gate_proj.weight,13762560,13758060,4500,0.0003269740513393016,1604361,12158199,0.8834256853376116
muon_fp32,Muon + FP32,9,up_proj,mlp,model.layers.9.mlp.up_proj.weight,13762560,13759670,2890,0.00020999000186017192,1741670,12020890,0.8734486897786459
muon_fp32,Muon + FP32,9,k_proj,attn,model.layers.9.self_attn.k_proj.weight,393216,393184,32,8.138020833337034e-05,45208,348008,0.8850301106770834
muon_fp32,Muon + FP32,9,o_proj,attn,model.layers.9.self_attn.o_proj.weight,2359296,2358240,1056,0.00044759114583337034,275039,2084257,0.8834232754177518
muon_fp32,Muon + FP32,9,q_proj,attn,model.layers.9.self_attn.q_proj.weight,2359296,2358456,840,0.00035603841145837034,193044,2166252,0.9181772867838541
muon_fp32,Muon + FP32,9,v_proj,attn,model.layers.9.self_attn.v_proj.weight,393216,393192,24,6.103515625e-05,56579,336637,0.8561121622721354
muon_bf16,Muon + BF16,-1,embed,embed,model.embed_tokens.weight,233373696,147059,233226637,0.9993698561469413,147059,233226637,0.9993698561469413
muon_bf16,Muon + BF16,0,down_proj,mlp,model.layers.0.mlp.down_proj.weight,13762560,66823,13695737,0.9951445806594122,66823,13695737,0.9951445806594122
muon_bf16,Muon + BF16,0,gate_proj,mlp,model.layers.0.mlp.gate_proj.weight,13762560,49039,13713521,0.9964367821103051,49039,13713521,0.9964367821103051
muon_bf16,Muon + BF16,0,up_proj,mlp,model.layers.0.mlp.up_proj.weight,13762560,58809,13703751,0.9957268851143973,58809,13703751,0.9957268851143973
muon_bf16,Muon + BF16,0,k_proj,attn,model.layers.0.self_attn.k_proj.weight,393216,1102,392114,0.9971974690755209,1102,392114,0.9971974690755209
muon_bf16,Muon + BF16,0,o_proj,attn,model.layers.0.self_attn.o_proj.weight,2359296,12501,2346795,0.9947013854980469,12501,2346795,0.9947013854980469
muon_bf16,Muon + BF16,0,q_proj,attn,model.layers.0.self_attn.q_proj.weight,2359296,5218,2354078,0.997788323296441,5218,2354078,0.997788323296441
muon_bf16,Muon + BF16,0,v_proj,attn,model.layers.0.self_attn.v_proj.weight,393216,3960,389256,0.98992919921875,3960,389256,0.98992919921875
muon_bf16,Muon + BF16,1,down_proj,mlp,model.layers.1.mlp.down_proj.weight,13762560,31161,13731399,0.9977358136858259,31161,13731399,0.9977358136858259
muon_bf16,Muon + BF16,1,gate_proj,mlp,model.layers.1.mlp.gate_proj.weight,13762560,56188,13706372,0.9959173293340774,56188,13706372,0.9959173293340774
muon_bf16,Muon + BF16,1,up_proj,mlp,model.layers.1.mlp.up_proj.weight,13762560,67139,13695421,0.9951216198149182,67139,13695421,0.9951216198149182
muon_bf16,Muon + BF16,1,k_proj,attn,model.layers.1.self_attn.k_proj.weight,393216,1269,391947,0.9967727661132812,1269,391947,0.9967727661132812
muon_bf16,Muon + BF16,1,o_proj,attn,model.layers.1.self_attn.o_proj.weight,2359296,11152,2348144,0.9952731662326388,11152,2348144,0.9952731662326388
muon_bf16,Muon + BF16,1,q_proj,attn,model.layers.1.self_attn.q_proj.weight,2359296,6190,2353106,0.9973763359917535,6190,2353106,0.9973763359917535
muon_bf16,Muon + BF16,1,v_proj,attn,model.layers.1.self_attn.v_proj.weight,393216,3664,389552,0.9906819661458334,3664,389552,0.9906819661458334
muon_bf16,Muon + BF16,10,down_proj,mlp,model.layers.10.mlp.down_proj.weight,13762560,81290,13681270,0.9940933954148066,81290,13681270,0.9940933954148066
muon_bf16,Muon + BF16,10,gate_proj,mlp,model.layers.10.mlp.gate_proj.weight,13762560,65802,13696758,0.995218767438616,65802,13696758,0.995218767438616
muon_bf16,Muon + BF16,10,up_proj,mlp,model.layers.10.mlp.up_proj.weight,13762560,71559,13691001,0.9948004586356026,71559,13691001,0.9948004586356026
muon_bf16,Muon + BF16,10,k_proj,attn,model.layers.10.self_attn.k_proj.weight,393216,2332,390884,0.9940694173177084,2332,390884,0.9940694173177084
muon_bf16,Muon + BF16,10,o_proj,attn,model.layers.10.self_attn.o_proj.weight,2359296,12672,2346624,0.99462890625,12672,2346624,0.99462890625
muon_bf16,Muon + BF16,10,q_proj,attn,model.layers.10.self_attn.q_proj.weight,2359296,9203,2350093,0.9960992601182725,9203,2350093,0.9960992601182725
muon_bf16,Muon + BF16,10,v_proj,attn,model.layers.10.self_attn.v_proj.weight,393216,2908,390308,0.9926045735677084,2908,390308,0.9926045735677084
muon_bf16,Muon + BF16,11,down_proj,mlp,model.layers.11.mlp.down_proj.weight,13762560,81986,13680574,0.9940428234281994,81986,13680574,0.9940428234281994
muon_bf16,Muon + BF16,11,gate_proj,mlp,model.layers.11.mlp.gate_proj.weight,13762560,66105,13696455,0.9951967511858258,66105,13696455,0.9951967511858258
muon_bf16,Muon + BF16,11,up_proj,mlp,model.layers.11.mlp.up_proj.weight,13762560,70970,13691590,0.994843255905878,70970,13691590,0.994843255905878
muon_bf16,Muon + BF16,11,k_proj,attn,model.layers.11.self_attn.k_proj.weight,393216,2107,391109,0.9946416219075521,2107,391109,0.9946416219075521
muon_bf16,Muon + BF16,11,o_proj,attn,model.layers.11.self_attn.o_proj.weight,2359296,12474,2346822,0.9947128295898438,12474,2346822,0.9947128295898438
muon_bf16,Muon + BF16,11,q_proj,attn,model.layers.11.self_attn.q_proj.weight,2359296,8180,2351116,0.9965328640407987,8180,2351116,0.9965328640407987
muon_bf16,Muon + BF16,11,v_proj,attn,model.layers.11.self_attn.v_proj.weight,393216,2878,390338,0.9926808675130209,2878,390338,0.9926808675130209
muon_bf16,Muon + BF16,12,down_proj,mlp,model.layers.12.mlp.down_proj.weight,13762560,82743,13679817,0.9939878191266741,82743,13679817,0.9939878191266741
muon_bf16,Muon + BF16,12,gate_proj,mlp,model.layers.12.mlp.gate_proj.weight,13762560,64622,13697938,0.9953045073009673,64622,13697938,0.9953045073009673
muon_bf16,Muon + BF16,12,up_proj,mlp,model.layers.12.mlp.up_proj.weight,13762560,72497,13690063,0.9947323027111236,72497,13690063,0.9947323027111236
muon_bf16,Muon + BF16,12,k_proj,attn,model.layers.12.self_attn.k_proj.weight,393216,2400,390816,0.993896484375,2400,390816,0.993896484375
muon_bf16,Muon + BF16,12,o_proj,attn,model.layers.12.self_attn.o_proj.weight,2359296,11754,2347542,0.9950180053710938,11754,2347542,0.9950180053710938
muon_bf16,Muon + BF16,12,q_proj,attn,model.layers.12.self_attn.q_proj.weight,2359296,8717,2350579,0.9963052537706163,8717,2350579,0.9963052537706163
muon_bf16,Muon + BF16,12,v_proj,attn,model.layers.12.self_attn.v_proj.weight,393216,2847,390369,0.9927597045898438,2847,390369,0.9927597045898438
muon_bf16,Muon + BF16,13,down_proj,mlp,model.layers.13.mlp.down_proj.weight,13762560,79270,13683290,0.9942401704334077,79270,13683290,0.9942401704334077
muon_bf16,Muon + BF16,13,gate_proj,mlp,model.layers.13.mlp.gate_proj.weight,13762560,68899,13693661,0.9949937366303944,68899,13693661,0.9949937366303944
muon_bf16,Muon + BF16,13,up_proj,mlp,model.layers.13.mlp.up_proj.weight,13762560,71881,13690679,0.9947770618257068,71881,13690679,0.9947770618257068
muon_bf16,Muon + BF16,13,k_proj,attn,model.layers.13.self_attn.k_proj.weight,393216,1698,391518,0.9956817626953125,1698,391518,0.9956817626953125
muon_bf16,Muon + BF16,13,o_proj,attn,model.layers.13.self_attn.o_proj.weight,2359296,12102,2347194,0.9948705037434896,12102,2347194,0.9948705037434896
muon_bf16,Muon + BF16,13,q_proj,attn,model.layers.13.self_attn.q_proj.weight,2359296,8324,2350972,0.9964718288845487,8324,2350972,0.9964718288845487
muon_bf16,Muon + BF16,13,v_proj,attn,model.layers.13.self_attn.v_proj.weight,393216,2952,390264,0.99249267578125,2952,390264,0.99249267578125
muon_bf16,Muon + BF16,14,down_proj,mlp,model.layers.14.mlp.down_proj.weight,13762560,81410,13681150,0.9940846761067709,81410,13681150,0.9940846761067709
muon_bf16,Muon + BF16,14,gate_proj,mlp,model.layers.14.mlp.gate_proj.weight,13762560,71685,13690875,0.9947913033621651,71685,13690875,0.9947913033621651
muon_bf16,Muon + BF16,14,up_proj,mlp,model.layers.14.mlp.up_proj.weight,13762560,73523,13689037,0.9946577526274182,73523,13689037,0.9946577526274182
muon_bf16,Muon + BF16,14,k_proj,attn,model.layers.14.self_attn.k_proj.weight,393216,2762,390454,0.9929758707682291,2762,390454,0.9929758707682291
muon_bf16,Muon + BF16,14,o_proj,attn,model.layers.14.self_attn.o_proj.weight,2359296,11856,2347440,0.9949747721354166,11856,2347440,0.9949747721354166
muon_bf16,Muon + BF16,14,q_proj,attn,model.layers.14.self_attn.q_proj.weight,2359296,8137,2351159,0.9965510898166232,8137,2351159,0.9965510898166232
muon_bf16,Muon + BF16,14,v_proj,attn,model.layers.14.self_attn.v_proj.weight,393216,3491,389725,0.9911219278971354,3491,389725,0.9911219278971354
muon_bf16,Muon + BF16,15,down_proj,mlp,model.layers.15.mlp.down_proj.weight,13762560,80186,13682374,0.9941736130487351,80186,13682374,0.9941736130487351
muon_bf16,Muon + BF16,15,gate_proj,mlp,model.layers.15.mlp.gate_proj.weight,13762560,67700,13694860,0.9950808570498512,67700,13694860,0.9950808570498512
muon_bf16,Muon + BF16,15,up_proj,mlp,model.layers.15.mlp.up_proj.weight,13762560,69313,13693247,0.9949636550176711,69313,13693247,0.9949636550176711
muon_bf16,Muon + BF16,15,k_proj,attn,model.layers.15.self_attn.k_proj.weight,393216,2628,390588,0.993316650390625,2628,390588,0.993316650390625
muon_bf16,Muon + BF16,15,o_proj,attn,model.layers.15.self_attn.o_proj.weight,2359296,11670,2347626,0.9950536092122396,11670,2347626,0.9950536092122396
muon_bf16,Muon + BF16,15,q_proj,attn,model.layers.15.self_attn.q_proj.weight,2359296,9641,2349655,0.9959136115180122,9641,2349655,0.9959136115180122
muon_bf16,Muon + BF16,15,v_proj,attn,model.layers.15.self_attn.v_proj.weight,393216,2555,390661,0.9935022989908854,2555,390661,0.9935022989908854
muon_bf16,Muon + BF16,16,down_proj,mlp,model.layers.16.mlp.down_proj.weight,13762560,77109,13685451,0.9943971906389509,77109,13685451,0.9943971906389509
muon_bf16,Muon + BF16,16,gate_proj,mlp,model.layers.16.mlp.gate_proj.weight,13762560,68795,13693765,0.9950012933640253,68795,13693765,0.9950012933640253
muon_bf16,Muon + BF16,16,up_proj,mlp,model.layers.16.mlp.up_proj.weight,13762560,68060,13694500,0.9950546991257441,68060,13694500,0.9950546991257441
muon_bf16,Muon + BF16,16,k_proj,attn,model.layers.16.self_attn.k_proj.weight,393216,2304,390912,0.994140625,2304,390912,0.994140625
muon_bf16,Muon + BF16,16,o_proj,attn,model.layers.16.self_attn.o_proj.weight,2359296,11766,2347530,0.9950129191080729,11766,2347530,0.9950129191080729
muon_bf16,Muon + BF16,16,q_proj,attn,model.layers.16.self_attn.q_proj.weight,2359296,8918,2350378,0.9962200588650174,8918,2350378,0.9962200588650174
muon_bf16,Muon + BF16,16,v_proj,attn,model.layers.16.self_attn.v_proj.weight,393216,2489,390727,0.9936701456705729,2489,390727,0.9936701456705729
muon_bf16,Muon + BF16,17,down_proj,mlp,model.layers.17.mlp.down_proj.weight,13762560,76975,13685585,0.9944069271995908,76975,13685585,0.9944069271995908
muon_bf16,Muon + BF16,17,gate_proj,mlp,model.layers.17.mlp.gate_proj.weight,13762560,67712,13694848,0.9950799851190476,67712,13694848,0.9950799851190476
muon_bf16,Muon + BF16,17,up_proj,mlp,model.layers.17.mlp.up_proj.weight,13762560,67828,13694732,0.9950715564546131,67828,13694732,0.9950715564546131
muon_bf16,Muon + BF16,17,k_proj,attn,model.layers.17.self_attn.k_proj.weight,393216,2768,390448,0.9929606119791666,2768,390448,0.9929606119791666
muon_bf16,Muon + BF16,17,o_proj,attn,model.layers.17.self_attn.o_proj.weight,2359296,11459,2347837,0.9951430426703559,11459,2347837,0.9951430426703559
muon_bf16,Muon + BF16,17,q_proj,attn,model.layers.17.self_attn.q_proj.weight,2359296,8641,2350655,0.9963374667697482,8641,2350655,0.9963374667697482
muon_bf16,Muon + BF16,17,v_proj,attn,model.layers.17.self_attn.v_proj.weight,393216,2912,390304,0.9925944010416666,2912,390304,0.9925944010416666
muon_bf16,Muon + BF16,18,down_proj,mlp,model.layers.18.mlp.down_proj.weight,13762560,74294,13688266,0.9946017310732886,74294,13688266,0.9946017310732886
muon_bf16,Muon + BF16,18,gate_proj,mlp,model.layers.18.mlp.gate_proj.weight,13762560,63589,13698971,0.9953795660109747,63589,13698971,0.9953795660109747
muon_bf16,Muon + BF16,18,up_proj,mlp,model.layers.18.mlp.up_proj.weight,13762560,67097,13695463,0.9951246715727307,67097,13695463,0.9951246715727307
muon_bf16,Muon + BF16,18,k_proj,attn,model.layers.18.self_attn.k_proj.weight,393216,2655,390561,0.9932479858398438,2655,390561,0.9932479858398438
muon_bf16,Muon + BF16,18,o_proj,attn,model.layers.18.self_attn.o_proj.weight,2359296,12076,2347220,0.9948815239800347,12076,2347220,0.9948815239800347
muon_bf16,Muon + BF16,18,q_proj,attn,model.layers.18.self_attn.q_proj.weight,2359296,10536,2348760,0.9955342610677084,10536,2348760,0.9955342610677084
muon_bf16,Muon + BF16,18,v_proj,attn,model.layers.18.self_attn.v_proj.weight,393216,3882,389334,0.9901275634765625,3882,389334,0.9901275634765625
muon_bf16,Muon + BF16,19,down_proj,mlp,model.layers.19.mlp.down_proj.weight,13762560,71029,13691531,0.9948389689127605,71029,13691531,0.9948389689127605
muon_bf16,Muon + BF16,19,gate_proj,mlp,model.layers.19.mlp.gate_proj.weight,13762560,60893,13701667,0.9955754597981771,60893,13701667,0.9955754597981771
muon_bf16,Muon + BF16,19,up_proj,mlp,model.layers.19.mlp.up_proj.weight,13762560,62468,13700092,0.9954610188802083,62468,13700092,0.9954610188802083
muon_bf16,Muon + BF16,19,k_proj,attn,model.layers.19.self_attn.k_proj.weight,393216,2664,390552,0.99322509765625,2664,390552,0.99322509765625
muon_bf16,Muon + BF16,19,o_proj,attn,model.layers.19.self_attn.o_proj.weight,2359296,10870,2348426,0.9953926934136285,10870,2348426,0.9953926934136285
muon_bf16,Muon + BF16,19,q_proj,attn,model.layers.19.self_attn.q_proj.weight,2359296,10150,2349146,0.9956978691948785,10150,2349146,0.9956978691948785
muon_bf16,Muon + BF16,19,v_proj,attn,model.layers.19.self_attn.v_proj.weight,393216,2426,390790,0.9938303629557291,2426,390790,0.9938303629557291
muon_bf16,Muon + BF16,2,down_proj,mlp,model.layers.2.mlp.down_proj.weight,13762560,77589,13684971,0.994362313406808,77589,13684971,0.994362313406808
muon_bf16,Muon + BF16,2,gate_proj,mlp,model.layers.2.mlp.gate_proj.weight,13762560,58803,13703757,0.9957273210797991,58803,13703757,0.9957273210797991
muon_bf16,Muon + BF16,2,up_proj,mlp,model.layers.2.mlp.up_proj.weight,13762560,70117,13692443,0.9949052356538318,70117,13692443,0.9949052356538318
muon_bf16,Muon + BF16,2,k_proj,attn,model.layers.2.self_attn.k_proj.weight,393216,1507,391709,0.9961675008138021,1507,391709,0.9961675008138021
muon_bf16,Muon + BF16,2,o_proj,attn,model.layers.2.self_attn.o_proj.weight,2359296,12366,2346930,0.9947586059570312,12366,2346930,0.9947586059570312
muon_bf16,Muon + BF16,2,q_proj,attn,model.layers.2.self_attn.q_proj.weight,2359296,7369,2351927,0.9968766106499566,7369,2351927,0.9968766106499566
muon_bf16,Muon + BF16,2,v_proj,attn,model.layers.2.self_attn.v_proj.weight,393216,3660,389556,0.990692138671875,3660,389556,0.990692138671875
muon_bf16,Muon + BF16,20,down_proj,mlp,model.layers.20.mlp.down_proj.weight,13762560,69344,13693216,0.994961402529762,69344,13693216,0.994961402529762
muon_bf16,Muon + BF16,20,gate_proj,mlp,model.layers.20.mlp.gate_proj.weight,13762560,62121,13700439,0.9954862322126116,62121,13700439,0.9954862322126116
muon_bf16,Muon + BF16,20,up_proj,mlp,model.layers.20.mlp.up_proj.weight,13762560,61411,13701149,0.9955378214518229,61411,13701149,0.9955378214518229
muon_bf16,Muon + BF16,20,k_proj,attn,model.layers.20.self_attn.k_proj.weight,393216,2435,390781,0.9938074747721354,2435,390781,0.9938074747721354
muon_bf16,Muon + BF16,20,o_proj,attn,model.layers.20.self_attn.o_proj.weight,2359296,10219,2349077,0.9956686231825087,10219,2349077,0.9956686231825087
muon_bf16,Muon + BF16,20,q_proj,attn,model.layers.20.self_attn.q_proj.weight,2359296,7512,2351784,0.9968159993489584,7512,2351784,0.9968159993489584
muon_bf16,Muon + BF16,20,v_proj,attn,model.layers.20.self_attn.v_proj.weight,393216,2263,390953,0.9942448933919271,2263,390953,0.9942448933919271
muon_bf16,Muon + BF16,21,down_proj,mlp,model.layers.21.mlp.down_proj.weight,13762560,65044,13697516,0.9952738444010417,65044,13697516,0.9952738444010417
muon_bf16,Muon + BF16,21,gate_proj,mlp,model.layers.21.mlp.gate_proj.weight,13762560,54544,13708016,0.9960367838541667,54544,13708016,0.9960367838541667
muon_bf16,Muon + BF16,21,up_proj,mlp,model.layers.21.mlp.up_proj.weight,13762560,55921,13706639,0.9959367297944568,55921,13706639,0.9959367297944568
muon_bf16,Muon + BF16,21,k_proj,attn,model.layers.21.self_attn.k_proj.weight,393216,2150,391066,0.9945322672526041,2150,391066,0.9945322672526041
muon_bf16,Muon + BF16,21,o_proj,attn,model.layers.21.self_attn.o_proj.weight,2359296,9696,2349600,0.9958902994791666,9696,2349600,0.9958902994791666
muon_bf16,Muon + BF16,21,q_proj,attn,model.layers.21.self_attn.q_proj.weight,2359296,8327,2350969,0.9964705573187934,8327,2350969,0.9964705573187934
muon_bf16,Muon + BF16,21,v_proj,attn,model.layers.21.self_attn.v_proj.weight,393216,2493,390723,0.9936599731445312,2493,390723,0.9936599731445312
muon_bf16,Muon + BF16,22,down_proj,mlp,model.layers.22.mlp.down_proj.weight,13762560,58914,13703646,0.9957192557198661,58914,13703646,0.9957192557198661
muon_bf16,Muon + BF16,22,gate_proj,mlp,model.layers.22.mlp.gate_proj.weight,13762560,52309,13710251,0.9961991809663319,52309,13710251,0.9961991809663319
muon_bf16,Muon + BF16,22,up_proj,mlp,model.layers.22.mlp.up_proj.weight,13762560,55843,13706717,0.99594239734468,55843,13706717,0.99594239734468
muon_bf16,Muon + BF16,22,k_proj,attn,model.layers.22.self_attn.k_proj.weight,393216,3585,389631,0.9908828735351562,3585,389631,0.9908828735351562
muon_bf16,Muon + BF16,22,o_proj,attn,model.layers.22.self_attn.o_proj.weight,2359296,9224,2350072,0.9960903591579862,9224,2350072,0.9960903591579862
muon_bf16,Muon + BF16,22,q_proj,attn,model.layers.22.self_attn.q_proj.weight,2359296,10996,2348300,0.9953392876519097,10996,2348300,0.9953392876519097
muon_bf16,Muon + BF16,22,v_proj,attn,model.layers.22.self_attn.v_proj.weight,393216,3027,390189,0.9923019409179688,3027,390189,0.9923019409179688
muon_bf16,Muon + BF16,23,down_proj,mlp,model.layers.23.mlp.down_proj.weight,13762560,55877,13706683,0.99593992687407,55877,13706683,0.99593992687407
muon_bf16,Muon + BF16,23,gate_proj,mlp,model.layers.23.mlp.gate_proj.weight,13762560,48750,13713810,0.9964577811104911,48750,13713810,0.9964577811104911
muon_bf16,Muon + BF16,23,up_proj,mlp,model.layers.23.mlp.up_proj.weight,13762560,53305,13709255,0.9961268107096354,53305,13709255,0.9961268107096354
muon_bf16,Muon + BF16,23,k_proj,attn,model.layers.23.self_attn.k_proj.weight,393216,2628,390588,0.993316650390625,2628,390588,0.993316650390625
muon_bf16,Muon + BF16,23,o_proj,attn,model.layers.23.self_attn.o_proj.weight,2359296,8641,2350655,0.9963374667697482,8641,2350655,0.9963374667697482
muon_bf16,Muon + BF16,23,q_proj,attn,model.layers.23.self_attn.q_proj.weight,2359296,9350,2349946,0.9960369533962674,9350,2349946,0.9960369533962674
muon_bf16,Muon + BF16,23,v_proj,attn,model.layers.23.self_attn.v_proj.weight,393216,2618,390598,0.9933420817057291,2618,390598,0.9933420817057291
muon_bf16,Muon + BF16,24,down_proj,mlp,model.layers.24.mlp.down_proj.weight,13762560,50877,13711683,0.996303231375558,50877,13711683,0.996303231375558
muon_bf16,Muon + BF16,24,gate_proj,mlp,model.layers.24.mlp.gate_proj.weight,13762560,45538,13717022,0.996691167922247,45538,13717022,0.996691167922247
muon_bf16,Muon + BF16,24,up_proj,mlp,model.layers.24.mlp.up_proj.weight,13762560,46268,13716292,0.9966381254650297,46268,13716292,0.9966381254650297
muon_bf16,Muon + BF16,24,k_proj,attn,model.layers.24.self_attn.k_proj.weight,393216,2309,390907,0.9941279093424479,2309,390907,0.9941279093424479
muon_bf16,Muon + BF16,24,o_proj,attn,model.layers.24.self_attn.o_proj.weight,2359296,8248,2351048,0.9965040418836806,8248,2351048,0.9965040418836806
muon_bf16,Muon + BF16,24,q_proj,attn,model.layers.24.self_attn.q_proj.weight,2359296,7629,2351667,0.9967664082845052,7629,2351667,0.9967664082845052
muon_bf16,Muon + BF16,24,v_proj,attn,model.layers.24.self_attn.v_proj.weight,393216,2228,390988,0.9943339029947916,2228,390988,0.9943339029947916
muon_bf16,Muon + BF16,25,down_proj,mlp,model.layers.25.mlp.down_proj.weight,13762560,51999,13710561,0.9962217058454241,51999,13710561,0.9962217058454241
muon_bf16,Muon + BF16,25,gate_proj,mlp,model.layers.25.mlp.gate_proj.weight,13762560,48511,13714049,0.9964751470656622,48511,13714049,0.9964751470656622
muon_bf16,Muon + BF16,25,up_proj,mlp,model.layers.25.mlp.up_proj.weight,13762560,42275,13720285,0.9969282604399181,42275,13720285,0.9969282604399181
muon_bf16,Muon + BF16,25,k_proj,attn,model.layers.25.self_attn.k_proj.weight,393216,2159,391057,0.9945093790690104,2159,391057,0.9945093790690104
muon_bf16,Muon + BF16,25,o_proj,attn,model.layers.25.self_attn.o_proj.weight,2359296,6461,2352835,0.997261471218533,6461,2352835,0.997261471218533
muon_bf16,Muon + BF16,25,q_proj,attn,model.layers.25.self_attn.q_proj.weight,2359296,8032,2351264,0.9965955946180556,8032,2351264,0.9965955946180556
muon_bf16,Muon + BF16,25,v_proj,attn,model.layers.25.self_attn.v_proj.weight,393216,1642,391574,0.9958241780598959,1642,391574,0.9958241780598959
muon_bf16,Muon + BF16,26,down_proj,mlp,model.layers.26.mlp.down_proj.weight,13762560,43877,13718683,0.9968118576776414,43877,13718683,0.9968118576776414
muon_bf16,Muon + BF16,26,gate_proj,mlp,model.layers.26.mlp.gate_proj.weight,13762560,48502,13714058,0.9964758010137649,48502,13714058,0.9964758010137649
muon_bf16,Muon + BF16,26,up_proj,mlp,model.layers.26.mlp.up_proj.weight,13762560,37473,13725087,0.9972771780831473,37473,13725087,0.9972771780831473
muon_bf16,Muon + BF16,26,k_proj,attn,model.layers.26.self_attn.k_proj.weight,393216,2978,390238,0.9924265543619791,2978,390238,0.9924265543619791
muon_bf16,Muon + BF16,26,o_proj,attn,model.layers.26.self_attn.o_proj.weight,2359296,7340,2351956,0.9968889024522569,7340,2351956,0.9968889024522569
muon_bf16,Muon + BF16,26,q_proj,attn,model.layers.26.self_attn.q_proj.weight,2359296,8958,2350338,0.9962031046549479,8958,2350338,0.9962031046549479
muon_bf16,Muon + BF16,26,v_proj,attn,model.layers.26.self_attn.v_proj.weight,393216,2292,390924,0.994171142578125,2292,390924,0.994171142578125
muon_bf16,Muon + BF16,27,down_proj,mlp,model.layers.27.mlp.down_proj.weight,13762560,38220,13724340,0.997222900390625,38220,13724340,0.997222900390625
muon_bf16,Muon + BF16,27,gate_proj,mlp,model.layers.27.mlp.gate_proj.weight,13762560,37298,13725262,0.9972898937406994,37298,13725262,0.9972898937406994
muon_bf16,Muon + BF16,27,up_proj,mlp,model.layers.27.mlp.up_proj.weight,13762560,29434,13733126,0.9978612990606399,29434,13733126,0.9978612990606399
muon_bf16,Muon + BF16,27,k_proj,attn,model.layers.27.self_attn.k_proj.weight,393216,3488,389728,0.9911295572916666,3488,389728,0.9911295572916666
muon_bf16,Muon + BF16,27,o_proj,attn,model.layers.27.self_attn.o_proj.weight,2359296,8057,2351239,0.9965849982367622,8057,2351239,0.9965849982367622
muon_bf16,Muon + BF16,27,q_proj,attn,model.layers.27.self_attn.q_proj.weight,2359296,11894,2347402,0.9949586656358507,11894,2347402,0.9949586656358507
muon_bf16,Muon + BF16,27,v_proj,attn,model.layers.27.self_attn.v_proj.weight,393216,1551,391665,0.9960556030273438,1551,391665,0.9960556030273438
muon_bf16,Muon + BF16,3,down_proj,mlp,model.layers.3.mlp.down_proj.weight,13762560,77842,13684718,0.9943439301990328,77842,13684718,0.9943439301990328
muon_bf16,Muon + BF16,3,gate_proj,mlp,model.layers.3.mlp.gate_proj.weight,13762560,60112,13702448,0.9956322079613096,60112,13702448,0.9956322079613096
muon_bf16,Muon + BF16,3,up_proj,mlp,model.layers.3.mlp.up_proj.weight,13762560,71929,13690631,0.9947735741024926,71929,13690631,0.9947735741024926
muon_bf16,Muon + BF16,3,k_proj,attn,model.layers.3.self_attn.k_proj.weight,393216,1911,391305,0.9951400756835938,1911,391305,0.9951400756835938
muon_bf16,Muon + BF16,3,o_proj,attn,model.layers.3.self_attn.o_proj.weight,2359296,12378,2346918,0.9947535196940104,12378,2346918,0.9947535196940104
muon_bf16,Muon + BF16,3,q_proj,attn,model.layers.3.self_attn.q_proj.weight,2359296,8319,2350977,0.9964739481608073,8319,2350977,0.9964739481608073
muon_bf16,Muon + BF16,3,v_proj,attn,model.layers.3.self_attn.v_proj.weight,393216,3262,389954,0.9917043050130209,3262,389954,0.9917043050130209
muon_bf16,Muon + BF16,4,down_proj,mlp,model.layers.4.mlp.down_proj.weight,13762560,80126,13682434,0.994177972702753,80126,13682434,0.994177972702753
muon_bf16,Muon + BF16,4,gate_proj,mlp,model.layers.4.mlp.gate_proj.weight,13762560,60949,13701611,0.9955713907877605,60949,13701611,0.9955713907877605
muon_bf16,Muon + BF16,4,up_proj,mlp,model.layers.4.mlp.up_proj.weight,13762560,73012,13689548,0.9946948823474703,73012,13689548,0.9946948823474703
muon_bf16,Muon + BF16,4,k_proj,attn,model.layers.4.self_attn.k_proj.weight,393216,1843,391373,0.9953130086263021,1843,391373,0.9953130086263021
muon_bf16,Muon + BF16,4,o_proj,attn,model.layers.4.self_attn.o_proj.weight,2359296,11482,2347814,0.995133293999566,11482,2347814,0.995133293999566
muon_bf16,Muon + BF16,4,q_proj,attn,model.layers.4.self_attn.q_proj.weight,2359296,7539,2351757,0.9968045552571615,7539,2351757,0.9968045552571615
muon_bf16,Muon + BF16,4,v_proj,attn,model.layers.4.self_attn.v_proj.weight,393216,2597,390619,0.9933954874674479,2597,390619,0.9933954874674479
muon_bf16,Muon + BF16,5,down_proj,mlp,model.layers.5.mlp.down_proj.weight,13762560,82160,13680400,0.9940301804315477,82160,13680400,0.9940301804315477
muon_bf16,Muon + BF16,5,gate_proj,mlp,model.layers.5.mlp.gate_proj.weight,13762560,58403,13704157,0.9957563854399182,58403,13704157,0.9957563854399182
muon_bf16,Muon + BF16,5,up_proj,mlp,model.layers.5.mlp.up_proj.weight,13762560,73034,13689526,0.9946932838076636,73034,13689526,0.9946932838076636
muon_bf16,Muon + BF16,5,k_proj,attn,model.layers.5.self_attn.k_proj.weight,393216,2160,391056,0.9945068359375,2160,391056,0.9945068359375
muon_bf16,Muon + BF16,5,o_proj,attn,model.layers.5.self_attn.o_proj.weight,2359296,12512,2346784,0.9946967230902778,12512,2346784,0.9946967230902778
muon_bf16,Muon + BF16,5,q_proj,attn,model.layers.5.self_attn.q_proj.weight,2359296,9042,2350254,0.9961675008138021,9042,2350254,0.9961675008138021
muon_bf16,Muon + BF16,5,v_proj,attn,model.layers.5.self_attn.v_proj.weight,393216,3341,389875,0.9915033976236979,3341,389875,0.9915033976236979
muon_bf16,Muon + BF16,6,down_proj,mlp,model.layers.6.mlp.down_proj.weight,13762560,79910,13682650,0.9941936674572173,79910,13682650,0.9941936674572173
muon_bf16,Muon + BF16,6,gate_proj,mlp,model.layers.6.mlp.gate_proj.weight,13762560,58179,13704381,0.9957726614815848,58179,13704381,0.9957726614815848
muon_bf16,Muon + BF16,6,up_proj,mlp,model.layers.6.mlp.up_proj.weight,13762560,72524,13690036,0.9947303408668154,72524,13690036,0.9947303408668154
muon_bf16,Muon + BF16,6,k_proj,attn,model.layers.6.self_attn.k_proj.weight,393216,1963,391253,0.9950078328450521,1963,391253,0.9950078328450521
muon_bf16,Muon + BF16,6,o_proj,attn,model.layers.6.self_attn.o_proj.weight,2359296,11541,2347755,0.9951082865397135,11541,2347755,0.9951082865397135
muon_bf16,Muon + BF16,6,q_proj,attn,model.layers.6.self_attn.q_proj.weight,2359296,8754,2350542,0.9962895711263021,8754,2350542,0.9962895711263021
muon_bf16,Muon + BF16,6,v_proj,attn,model.layers.6.self_attn.v_proj.weight,393216,2772,390444,0.992950439453125,2772,390444,0.992950439453125
muon_bf16,Muon + BF16,7,down_proj,mlp,model.layers.7.mlp.down_proj.weight,13762560,78581,13683979,0.9942902337937128,78581,13683979,0.9942902337937128
muon_bf16,Muon + BF16,7,gate_proj,mlp,model.layers.7.mlp.gate_proj.weight,13762560,62846,13699714,0.9954335530598958,62846,13699714,0.9954335530598958
muon_bf16,Muon + BF16,7,up_proj,mlp,model.layers.7.mlp.up_proj.weight,13762560,70400,13692160,0.9948846726190477,70400,13692160,0.9948846726190477
muon_bf16,Muon + BF16,7,k_proj,attn,model.layers.7.self_attn.k_proj.weight,393216,1877,391339,0.9952265421549479,1877,391339,0.9952265421549479
muon_bf16,Muon + BF16,7,o_proj,attn,model.layers.7.self_attn.o_proj.weight,2359296,11860,2347436,0.9949730767144097,11860,2347436,0.9949730767144097
muon_bf16,Muon + BF16,7,q_proj,attn,model.layers.7.self_attn.q_proj.weight,2359296,7813,2351483,0.9966884189181857,7813,2351483,0.9966884189181857
muon_bf16,Muon + BF16,7,v_proj,attn,model.layers.7.self_attn.v_proj.weight,393216,2903,390313,0.9926172892252604,2903,390313,0.9926172892252604
muon_bf16,Muon + BF16,8,down_proj,mlp,model.layers.8.mlp.down_proj.weight,13762560,82127,13680433,0.9940325782412575,82127,13680433,0.9940325782412575
muon_bf16,Muon + BF16,8,gate_proj,mlp,model.layers.8.mlp.gate_proj.weight,13762560,65213,13697347,0.9952615647088914,65213,13697347,0.9952615647088914
muon_bf16,Muon + BF16,8,up_proj,mlp,model.layers.8.mlp.up_proj.weight,13762560,72539,13690021,0.994729250953311,72539,13690021,0.994729250953311
muon_bf16,Muon + BF16,8,k_proj,attn,model.layers.8.self_attn.k_proj.weight,393216,1603,391613,0.9959233601888021,1603,391613,0.9959233601888021
muon_bf16,Muon + BF16,8,o_proj,attn,model.layers.8.self_attn.o_proj.weight,2359296,11408,2347888,0.9951646592881944,11408,2347888,0.9951646592881944
muon_bf16,Muon + BF16,8,q_proj,attn,model.layers.8.self_attn.q_proj.weight,2359296,7818,2351478,0.9966862996419271,7818,2351478,0.9966862996419271
muon_bf16,Muon + BF16,8,v_proj,attn,model.layers.8.self_attn.v_proj.weight,393216,2822,390394,0.9928232828776041,2822,390394,0.9928232828776041
muon_bf16,Muon + BF16,9,down_proj,mlp,model.layers.9.mlp.down_proj.weight,13762560,80932,13681628,0.9941194080171131,80932,13681628,0.9941194080171131
muon_bf16,Muon + BF16,9,gate_proj,mlp,model.layers.9.mlp.gate_proj.weight,13762560,65403,13697157,0.9952477591378348,65403,13697157,0.9952477591378348
muon_bf16,Muon + BF16,9,up_proj,mlp,model.layers.9.mlp.up_proj.weight,13762560,72112,13690448,0.9947602771577381,72112,13690448,0.9947602771577381
muon_bf16,Muon + BF16,9,k_proj,attn,model.layers.9.self_attn.k_proj.weight,393216,2398,390818,0.9939015706380209,2398,390818,0.9939015706380209
muon_bf16,Muon + BF16,9,o_proj,attn,model.layers.9.self_attn.o_proj.weight,2359296,12119,2347177,0.99486329820421,12119,2347177,0.99486329820421
muon_bf16,Muon + BF16,9,q_proj,attn,model.layers.9.self_attn.q_proj.weight,2359296,7409,2351887,0.9968596564398872,7409,2351887,0.9968596564398872
muon_bf16,Muon + BF16,9,v_proj,attn,model.layers.9.self_attn.v_proj.weight,393216,4223,388993,0.9892603556315104,4223,388993,0.9892603556315104
