experiment,experiment_label,layer,component,type,param_name,condition_number_base,condition_number_exp,condition_number_diff,condition_number_log_ratio
adamw_sft,AdamW + SFT,-1,embed,embed,model.embed_tokens.weight,69.18641058154057,69.23216095451251,0.045750372971937736,0.0002870877083872561
adamw_sft,AdamW + SFT,0,down_proj,mlp,model.layers.0.mlp.down_proj.weight,10.546793843948734,10.547536334352401,0.0007424904036668067,3.057309547982102e-05
adamw_sft,AdamW + SFT,0,gate_proj,mlp,model.layers.0.mlp.gate_proj.weight,50.790417231602824,50.785736919014106,-0.004680312588718039,-4.002187224548633e-05
adamw_sft,AdamW + SFT,0,up_proj,mlp,model.layers.0.mlp.up_proj.weight,30.557746350661454,30.558548684868214,0.0008023342067602357,1.1402828605895432e-05
adamw_sft,AdamW + SFT,0,k_proj,attn,model.layers.0.self_attn.k_proj.weight,18.73935745084044,18.74699008501541,0.007632634174967734,0.0001768543039415775
adamw_sft,AdamW + SFT,0,o_proj,attn,model.layers.0.self_attn.o_proj.weight,38555.79005042446,28150.390748642993,-10405.399301781468,-0.13660517915835152
adamw_sft,AdamW + SFT,0,q_proj,attn,model.layers.0.self_attn.q_proj.weight,184976.8751259078,193062.84677043132,8085.971644523524,0.018581267210429978
adamw_sft,AdamW + SFT,0,v_proj,attn,model.layers.0.self_attn.v_proj.weight,7.7755061789352835,7.7816688749723,0.0061626960370162465,0.0003440759666513501
adamw_sft,AdamW + SFT,1,down_proj,mlp,model.layers.1.mlp.down_proj.weight,8.998430005007657,8.998735485276951,0.00030548026929366756,1.4743254471852894e-05
adamw_sft,AdamW + SFT,1,gate_proj,mlp,model.layers.1.mlp.gate_proj.weight,33.91668364456576,33.914483491141006,-0.002200153424752216,-2.817331714591876e-05
adamw_sft,AdamW + SFT,1,up_proj,mlp,model.layers.1.mlp.up_proj.weight,37.735381088331756,37.732654321705844,-0.0027267666259120915,-3.13833450984216e-05
adamw_sft,AdamW + SFT,1,k_proj,attn,model.layers.1.self_attn.k_proj.weight,30.087513316132128,30.08564953523212,-0.001863780900009715,-2.6903347680419793e-05
adamw_sft,AdamW + SFT,1,o_proj,attn,model.layers.1.self_attn.o_proj.weight,49034.98587834326,119232.80087650087,70197.81499815761,0.38588969144575674
adamw_sft,AdamW + SFT,1,q_proj,attn,model.layers.1.self_attn.q_proj.weight,1074758.1049613138,387316.3611040371,-687441.7438572766,-0.44324488596326217
adamw_sft,AdamW + SFT,1,v_proj,attn,model.layers.1.self_attn.v_proj.weight,3.341969736117407,3.341458259881598,-0.0005114762358093827,-6.647226764567367e-05
adamw_sft,AdamW + SFT,10,down_proj,mlp,model.layers.10.mlp.down_proj.weight,13.491719978091211,13.491165586325856,-0.0005543917653554331,-1.78460738726789e-05
adamw_sft,AdamW + SFT,10,gate_proj,mlp,model.layers.10.mlp.gate_proj.weight,16.210019773701827,16.208397579466588,-0.0016221942352387941,-4.346356565483246e-05
adamw_sft,AdamW + SFT,10,up_proj,mlp,model.layers.10.mlp.up_proj.weight,8.538043575643336,8.53717971880006,-0.0008638568432761673,-4.394299905070063e-05
adamw_sft,AdamW + SFT,10,k_proj,attn,model.layers.10.self_attn.k_proj.weight,24.034098760920294,24.01796932079155,-0.01612944012874351,-0.00029155569726057283
adamw_sft,AdamW + SFT,10,o_proj,attn,model.layers.10.self_attn.o_proj.weight,15508.710116684786,14873.179544995464,-635.5305716893217,-0.018171857718128685
adamw_sft,AdamW + SFT,10,q_proj,attn,model.layers.10.self_attn.q_proj.weight,12813.850813777506,12671.49873443075,-142.352079346756,-0.004851678835095844
adamw_sft,AdamW + SFT,10,v_proj,attn,model.layers.10.self_attn.v_proj.weight,3.2994636012714755,3.2993100257636407,-0.00015357550783479113,-2.0214967019617143e-05
adamw_sft,AdamW + SFT,11,down_proj,mlp,model.layers.11.mlp.down_proj.weight,16.054627449194015,16.054225039036634,-0.00040241015738118335,-1.088575251238642e-05
adamw_sft,AdamW + SFT,11,gate_proj,mlp,model.layers.11.mlp.gate_proj.weight,13.225697438590451,13.225064684332017,-0.0006327542584347867,-2.0778356526318417e-05
adamw_sft,AdamW + SFT,11,up_proj,mlp,model.layers.11.mlp.up_proj.weight,6.605510357941471,6.60506011925572,-0.00045023868575100323,-2.9602987573358945e-05
adamw_sft,AdamW + SFT,11,k_proj,attn,model.layers.11.self_attn.k_proj.weight,21.610944081803808,21.609604806921244,-0.0013392748825644674,-2.6914960887386853e-05
adamw_sft,AdamW + SFT,11,o_proj,attn,model.layers.11.self_attn.o_proj.weight,139258.46738802953,203643.93688326792,64385.46949523839,0.16504987308099692
adamw_sft,AdamW + SFT,11,q_proj,attn,model.layers.11.self_attn.q_proj.weight,28543.812668067454,21584.398857108652,-6959.413810958802,-0.1213720247379523
adamw_sft,AdamW + SFT,11,v_proj,attn,model.layers.11.self_attn.v_proj.weight,2.8678401021237847,2.8677148023753336,-0.00012529974845110203,-1.8975318081986386e-05
adamw_sft,AdamW + SFT,12,down_proj,mlp,model.layers.12.mlp.down_proj.weight,14.145448240851502,14.145695389182743,0.00024714833124050983,7.587898027412788e-06
adamw_sft,AdamW + SFT,12,gate_proj,mlp,model.layers.12.mlp.gate_proj.weight,18.888272791501652,18.888049951326835,-0.00022284017481766227,-5.123752194168325e-06
adamw_sft,AdamW + SFT,12,up_proj,mlp,model.layers.12.mlp.up_proj.weight,8.061255117094625,8.061587897936535,0.00033278084191046275,1.7927965087898475e-05
adamw_sft,AdamW + SFT,12,k_proj,attn,model.layers.12.self_attn.k_proj.weight,20.867707840632306,20.88793674401487,0.02022890338256289,0.0004207958894513713
adamw_sft,AdamW + SFT,12,o_proj,attn,model.layers.12.self_attn.o_proj.weight,102000.14319866779,39834.036983874066,-62166.10621479373,-0.4083464592201543
adamw_sft,AdamW + SFT,12,q_proj,attn,model.layers.12.self_attn.q_proj.weight,14798.684955393119,18561.312352470264,3762.6273970771454,0.09838555445211185
adamw_sft,AdamW + SFT,12,v_proj,attn,model.layers.12.self_attn.v_proj.weight,2.550671517667282,2.5509039691616318,0.00023245149434991674,3.95769509387544e-05
adamw_sft,AdamW + SFT,13,down_proj,mlp,model.layers.13.mlp.down_proj.weight,30.005646690345184,29.999991491659213,-0.005655198685971641,-8.185969402427901e-05
adamw_sft,AdamW + SFT,13,gate_proj,mlp,model.layers.13.mlp.gate_proj.weight,12.316046719506732,12.315749227222778,-0.0002974922839538152,-1.0490445570063836e-05
adamw_sft,AdamW + SFT,13,up_proj,mlp,model.layers.13.mlp.up_proj.weight,6.311217662216599,6.310498224675891,-0.0007194375407078013,-4.950955276471579e-05
adamw_sft,AdamW + SFT,13,k_proj,attn,model.layers.13.self_attn.k_proj.weight,41.906820743475016,41.94240421325378,0.035583469778764254,0.00036860699684630017
adamw_sft,AdamW + SFT,13,o_proj,attn,model.layers.13.self_attn.o_proj.weight,9641.296136551193,9419.40839003348,-221.887746517712,-0.010111795930582363
adamw_sft,AdamW + SFT,13,q_proj,attn,model.layers.13.self_attn.q_proj.weight,57124.68510683214,152790.20749517635,95665.52238834421,0.42727170159861666
adamw_sft,AdamW + SFT,13,v_proj,attn,model.layers.13.self_attn.v_proj.weight,3.7001013163270056,3.7002215590327414,0.00012024270573585127,1.4113098705101467e-05
adamw_sft,AdamW + SFT,14,down_proj,mlp,model.layers.14.mlp.down_proj.weight,12.14858893422566,12.148301150300385,-0.0002877839252750647,-1.028798091430679e-05
adamw_sft,AdamW + SFT,14,gate_proj,mlp,model.layers.14.mlp.gate_proj.weight,13.416229041756727,13.4146878311411,-0.0015412106156276195,-4.9893134082927126e-05
adamw_sft,AdamW + SFT,14,up_proj,mlp,model.layers.14.mlp.up_proj.weight,6.92702720942221,6.927027872478607,6.630563973430981e-07,4.1570750647009765e-08
adamw_sft,AdamW + SFT,14,k_proj,attn,model.layers.14.self_attn.k_proj.weight,23.136335100841148,23.137454567485456,0.0011194666443081758,2.1013113033406897e-05
adamw_sft,AdamW + SFT,14,o_proj,attn,model.layers.14.self_attn.o_proj.weight,6453.263467239998,6898.530069571668,445.2666023316697,0.0289771652529591
adamw_sft,AdamW + SFT,14,q_proj,attn,model.layers.14.self_attn.q_proj.weight,12016.462412922161,12144.113048486843,127.65063556468158,0.00458916904336728
adamw_sft,AdamW + SFT,14,v_proj,attn,model.layers.14.self_attn.v_proj.weight,6.809948120874071,6.808672739698443,-0.0012753811756276434,-8.134318653677277e-05
adamw_sft,AdamW + SFT,15,down_proj,mlp,model.layers.15.mlp.down_proj.weight,12.83113835849419,12.831342707149869,0.00020434865567864335,6.916517021160233e-06
adamw_sft,AdamW + SFT,15,gate_proj,mlp,model.layers.15.mlp.gate_proj.weight,16.831657108500657,16.830428041126336,-0.0012290673743216018,-3.171385114261374e-05
adamw_sft,AdamW + SFT,15,up_proj,mlp,model.layers.15.mlp.up_proj.weight,9.399973299687645,9.400700764005583,0.0007274643179382423,3.360876723354456e-05
adamw_sft,AdamW + SFT,15,k_proj,attn,model.layers.15.self_attn.k_proj.weight,25.442585553328566,25.477779895606712,0.035194342278145996,0.0006003378390840203
adamw_sft,AdamW + SFT,15,o_proj,attn,model.layers.15.self_attn.o_proj.weight,29248.74824238646,40628.4236000559,11379.675357669443,0.1427226875137537
adamw_sft,AdamW + SFT,15,q_proj,attn,model.layers.15.self_attn.q_proj.weight,23869.157071525828,27492.55739121089,3623.400319685061,0.061378057960227585
adamw_sft,AdamW + SFT,15,v_proj,attn,model.layers.15.self_attn.v_proj.weight,3.3575600712900404,3.357717683827037,0.00015761253699642097,2.0386425582136976e-05
adamw_sft,AdamW + SFT,16,down_proj,mlp,model.layers.16.mlp.down_proj.weight,9.686499227673869,9.686275106852246,-0.00022412082162226454,-1.0048579974539187e-05
adamw_sft,AdamW + SFT,16,gate_proj,mlp,model.layers.16.mlp.gate_proj.weight,12.919883539201004,12.918398913911563,-0.001484625289441155,-4.990769589874192e-05
adamw_sft,AdamW + SFT,16,up_proj,mlp,model.layers.16.mlp.up_proj.weight,6.159145316251316,6.158936131076829,-0.00020918517448720308,-1.4750343610406886e-05
adamw_sft,AdamW + SFT,16,k_proj,attn,model.layers.16.self_attn.k_proj.weight,20.671141321487564,20.659614176849622,-0.011527144637941689,-0.00024224940375757584
adamw_sft,AdamW + SFT,16,o_proj,attn,model.layers.16.self_attn.o_proj.weight,41529.00729033527,57844.03714633021,16315.029855994937,0.1439070464844107
adamw_sft,AdamW + SFT,16,q_proj,attn,model.layers.16.self_attn.q_proj.weight,103943.38985456145,107519.07310636662,3575.683251805167,0.014688635637688775
adamw_sft,AdamW + SFT,16,v_proj,attn,model.layers.16.self_attn.v_proj.weight,2.78870242790059,2.7889831151082554,0.0002806872076654976,4.371021083671317e-05
adamw_sft,AdamW + SFT,17,down_proj,mlp,model.layers.17.mlp.down_proj.weight,6.7996349709306605,6.799159594112846,-0.00047537681781406604,-3.0363504338246682e-05
adamw_sft,AdamW + SFT,17,gate_proj,mlp,model.layers.17.mlp.gate_proj.weight,17.968770886906377,17.968321746744127,-0.00044914016224950615,-1.085558567937831e-05
adamw_sft,AdamW + SFT,17,up_proj,mlp,model.layers.17.mlp.up_proj.weight,12.572357420855843,12.572354790268312,-2.630587530916273e-06,-9.08699721292144e-08
adamw_sft,AdamW + SFT,17,k_proj,attn,model.layers.17.self_attn.k_proj.weight,15.488632202364206,15.489779337458296,0.001147135094090146,3.2163975931961835e-05
adamw_sft,AdamW + SFT,17,o_proj,attn,model.layers.17.self_attn.o_proj.weight,57591.66094582242,31924.095046801653,-25667.565899020767,-0.2562410086285374
adamw_sft,AdamW + SFT,17,q_proj,attn,model.layers.17.self_attn.q_proj.weight,13024.993728263826,12759.81011849811,-265.183609765716,-0.008933311249244581
adamw_sft,AdamW + SFT,17,v_proj,attn,model.layers.17.self_attn.v_proj.weight,4.045377579425002,4.045401797103756,2.421767875393499e-05,2.5998989115831066e-06
adamw_sft,AdamW + SFT,18,down_proj,mlp,model.layers.18.mlp.down_proj.weight,6.643981466821017,6.643898087310433,-8.337951058390303e-05,-5.450269353115212e-06
adamw_sft,AdamW + SFT,18,gate_proj,mlp,model.layers.18.mlp.gate_proj.weight,18.455846043796296,18.453766073384454,-0.002079970411841714,-4.8947665473885366e-05
adamw_sft,AdamW + SFT,18,up_proj,mlp,model.layers.18.mlp.up_proj.weight,10.672724442726581,10.672898629935796,0.00017418720921469344,7.087967732197402e-06
adamw_sft,AdamW + SFT,18,k_proj,attn,model.layers.18.self_attn.k_proj.weight,22.852605445749074,22.88019490450427,0.027589458755194585,0.0005239981395360123
adamw_sft,AdamW + SFT,18,o_proj,attn,model.layers.18.self_attn.o_proj.weight,21937.349567301397,14087.586791362723,-7849.762775938674,-0.1923475510176268
adamw_sft,AdamW + SFT,18,q_proj,attn,model.layers.18.self_attn.q_proj.weight,33741.713223670544,26844.93507912699,-6896.778144543554,-0.09930477194554493
adamw_sft,AdamW + SFT,18,v_proj,attn,model.layers.18.self_attn.v_proj.weight,2.1434580875579408,2.143265737216218,-0.00019235034172293553,-3.8974608802980085e-05
adamw_sft,AdamW + SFT,19,down_proj,mlp,model.layers.19.mlp.down_proj.weight,7.114441587440737,7.114145928624982,-0.0002956588157552176,-1.804859295863877e-05
adamw_sft,AdamW + SFT,19,gate_proj,mlp,model.layers.19.mlp.gate_proj.weight,18.805480505433707,18.804505774616747,-0.0009747308169600899,-2.2511053957288397e-05
adamw_sft,AdamW + SFT,19,up_proj,mlp,model.layers.19.mlp.up_proj.weight,10.390484231630769,10.390309400230837,-0.00017483139993146324,-7.307546920516743e-06
adamw_sft,AdamW + SFT,19,k_proj,attn,model.layers.19.self_attn.k_proj.weight,22.401692950673606,22.3927542947675,-0.008938655906106874,-0.00017332545553739792
adamw_sft,AdamW + SFT,19,o_proj,attn,model.layers.19.self_attn.o_proj.weight,24022.826455842358,21398.75649331677,-2624.0699625255875,-0.05023556717398936
adamw_sft,AdamW + SFT,19,q_proj,attn,model.layers.19.self_attn.q_proj.weight,25682.89091427411,28727.543615136154,3044.6527008620433,0.04865458553373931
adamw_sft,AdamW + SFT,19,v_proj,attn,model.layers.19.self_attn.v_proj.weight,3.008918396896258,3.0091416229661117,0.00022322606985358817,3.221830625777874e-05
adamw_sft,AdamW + SFT,2,down_proj,mlp,model.layers.2.mlp.down_proj.weight,13.20255066881167,13.20442362596554,0.0018729571538695922,6.16060703547754e-05
adamw_sft,AdamW + SFT,2,gate_proj,mlp,model.layers.2.mlp.gate_proj.weight,17.38657445257771,17.386521321324807,-5.313125290484777e-05,-1.3271530440236677e-06
adamw_sft,AdamW + SFT,2,up_proj,mlp,model.layers.2.mlp.up_proj.weight,8.916099391549464,8.912710280447458,-0.003389111102006126,-0.00016511166981591425
adamw_sft,AdamW + SFT,2,k_proj,attn,model.layers.2.self_attn.k_proj.weight,17.246031056628958,17.245534848724244,-0.0004962079047139412,-1.2495829009356957e-05
adamw_sft,AdamW + SFT,2,o_proj,attn,model.layers.2.self_attn.o_proj.weight,31093.030750193404,24575.741286010023,-6517.289464183381,-0.10215642989451618
adamw_sft,AdamW + SFT,2,q_proj,attn,model.layers.2.self_attn.q_proj.weight,24610.069351651575,22277.96380901384,-2332.105542637735,-0.04323734346424934
adamw_sft,AdamW + SFT,2,v_proj,attn,model.layers.2.self_attn.v_proj.weight,3.1911166787384015,3.191828480010593,0.0007118012721916145,9.686167069204608e-05
adamw_sft,AdamW + SFT,20,down_proj,mlp,model.layers.20.mlp.down_proj.weight,7.516513788547348,7.516348091614572,-0.00016569693277634912,-9.57386080571051e-06
adamw_sft,AdamW + SFT,20,gate_proj,mlp,model.layers.20.mlp.gate_proj.weight,19.204884886797178,19.205064035236685,0.00017914843950705972,4.05119928059699e-06
adamw_sft,AdamW + SFT,20,up_proj,mlp,model.layers.20.mlp.up_proj.weight,11.187456334212877,11.187600574948428,0.0001442407355511932,5.599356083954741e-06
adamw_sft,AdamW + SFT,20,k_proj,attn,model.layers.20.self_attn.k_proj.weight,22.072850031907265,22.08775378541507,0.014903753507805817,0.00029313992990692917
adamw_sft,AdamW + SFT,20,o_proj,attn,model.layers.20.self_attn.o_proj.weight,123534.76145527787,87530.58466903168,-36004.176786246186,-0.14962935155843884
adamw_sft,AdamW + SFT,20,q_proj,attn,model.layers.20.self_attn.q_proj.weight,9243.896257866112,9454.557269826766,210.66101196065392,0.009786134028322154
adamw_sft,AdamW + SFT,20,v_proj,attn,model.layers.20.self_attn.v_proj.weight,6.942409244310096,6.9405558312777655,-0.0018534130323306641,-0.00011595895444933902
adamw_sft,AdamW + SFT,21,down_proj,mlp,model.layers.21.mlp.down_proj.weight,9.390981919055381,9.38870556461791,-0.0022763544374715394,-0.00010528483786019693
adamw_sft,AdamW + SFT,21,gate_proj,mlp,model.layers.21.mlp.gate_proj.weight,17.629945642520745,17.63049744421702,0.0005518016962753336,1.3592820216587388e-05
adamw_sft,AdamW + SFT,21,up_proj,mlp,model.layers.21.mlp.up_proj.weight,8.16699577216017,8.16701572418207,1.9952021899527494e-05,1.0609828474571532e-06
adamw_sft,AdamW + SFT,21,k_proj,attn,model.layers.21.self_attn.k_proj.weight,29.992183020775197,30.024368167460135,0.032185146684938104,0.0004657992726246753
adamw_sft,AdamW + SFT,21,o_proj,attn,model.layers.21.self_attn.o_proj.weight,298850.6543733745,100612.75324152417,-198237.90113185032,-0.47280117759954854
adamw_sft,AdamW + SFT,21,q_proj,attn,model.layers.21.self_attn.q_proj.weight,14032.644030663625,14348.85644860807,316.2124179444454,0.0096777822660203
adamw_sft,AdamW + SFT,21,v_proj,attn,model.layers.21.self_attn.v_proj.weight,4.366601968716395,4.363923627714542,-0.0026783410018529352,-0.0002664647715427067
adamw_sft,AdamW + SFT,22,down_proj,mlp,model.layers.22.mlp.down_proj.weight,9.904782336268656,9.904433683197992,-0.0003486530706648949,-1.5287642333273665e-05
adamw_sft,AdamW + SFT,22,gate_proj,mlp,model.layers.22.mlp.gate_proj.weight,22.904187063530273,22.90426050424602,7.344071574877375e-05,1.3925334426420518e-06
adamw_sft,AdamW + SFT,22,up_proj,mlp,model.layers.22.mlp.up_proj.weight,12.79968858450657,12.799556703738908,-0.00013188076766290635,-4.474748299881653e-06
adamw_sft,AdamW + SFT,22,k_proj,attn,model.layers.22.self_attn.k_proj.weight,20.39377999771742,20.395845782416366,0.002065784698945805,4.3989562500805634e-05
adamw_sft,AdamW + SFT,22,o_proj,attn,model.layers.22.self_attn.o_proj.weight,35374.77308841131,31906.9924525092,-3467.7806359021124,-0.044807793156692394
adamw_sft,AdamW + SFT,22,q_proj,attn,model.layers.22.self_attn.q_proj.weight,47977.340735145204,53804.68294836393,5827.342213218726,0.04978390416381745
adamw_sft,AdamW + SFT,22,v_proj,attn,model.layers.22.self_attn.v_proj.weight,5.233505964972921,5.23291003576636,-0.0005959292065611521,-4.9455088786045464e-05
adamw_sft,AdamW + SFT,23,down_proj,mlp,model.layers.23.mlp.down_proj.weight,11.80645745879601,11.80487067956291,-0.0015867792330990227,-5.837278292289757e-05
adamw_sft,AdamW + SFT,23,gate_proj,mlp,model.layers.23.mlp.gate_proj.weight,19.84423847022627,19.843755768569952,-0.0004827016563169195,-1.0564135062764059e-05
adamw_sft,AdamW + SFT,23,up_proj,mlp,model.layers.23.mlp.up_proj.weight,10.79189058648552,10.79231522304981,0.00042463656428992635,1.7088172558844814e-05
adamw_sft,AdamW + SFT,23,k_proj,attn,model.layers.23.self_attn.k_proj.weight,16.001526800630636,15.993768586252624,-0.0077582143780112744,-0.0002106153244773091
adamw_sft,AdamW + SFT,23,o_proj,attn,model.layers.23.self_attn.o_proj.weight,13053.866526333686,11275.514238889855,-1778.3522874438313,-0.0636028100563171
adamw_sft,AdamW + SFT,23,q_proj,attn,model.layers.23.self_attn.q_proj.weight,764874.9518123881,1540740.5057181695,775865.5539057814,0.30413906137716434
adamw_sft,AdamW + SFT,23,v_proj,attn,model.layers.23.self_attn.v_proj.weight,4.042193780833294,4.042256124792309,6.234395901483225e-05,6.698201534199114e-06
adamw_sft,AdamW + SFT,24,down_proj,mlp,model.layers.24.mlp.down_proj.weight,10.013056479364716,10.011246591789062,-0.0018098875756535904,-7.850702082553026e-05
adamw_sft,AdamW + SFT,24,gate_proj,mlp,model.layers.24.mlp.gate_proj.weight,21.0475855955308,21.048123712785006,0.0005381172542051615,1.1103333711212665e-05
adamw_sft,AdamW + SFT,24,up_proj,mlp,model.layers.24.mlp.up_proj.weight,13.895235392599337,13.894715322334696,-0.0005200702646419586,-1.6255059138396792e-05
adamw_sft,AdamW + SFT,24,k_proj,attn,model.layers.24.self_attn.k_proj.weight,31.211181081905732,31.235971735774022,0.02479065386829049,0.00034481779416898695
adamw_sft,AdamW + SFT,24,o_proj,attn,model.layers.24.self_attn.o_proj.weight,13596.107700858232,13231.547034898273,-364.5606659599598,-0.01180397121931446
adamw_sft,AdamW + SFT,24,q_proj,attn,model.layers.24.self_attn.q_proj.weight,119825.2524376554,92824.96284556335,-27000.289592092056,-0.11088356853344529
adamw_sft,AdamW + SFT,24,v_proj,attn,model.layers.24.self_attn.v_proj.weight,3.6003445004354857,3.598137001541539,-0.002207498893946891,-0.0002663630150992262
adamw_sft,AdamW + SFT,25,down_proj,mlp,model.layers.25.mlp.down_proj.weight,9.428473935149443,9.427723164141538,-0.0007507710079046603,-3.4583400285996824e-05
adamw_sft,AdamW + SFT,25,gate_proj,mlp,model.layers.25.mlp.gate_proj.weight,21.338091581274373,21.3378767131532,-0.00021486812117288423,-4.373235949506917e-06
adamw_sft,AdamW + SFT,25,up_proj,mlp,model.layers.25.mlp.up_proj.weight,18.112209505291784,18.11219804395534,-1.1461336445250936e-05,-2.748199631306414e-07
adamw_sft,AdamW + SFT,25,k_proj,attn,model.layers.25.self_attn.k_proj.weight,22.462953951457504,22.4189146702618,-0.04403928119570466,-0.0008522828276022363
adamw_sft,AdamW + SFT,25,o_proj,attn,model.layers.25.self_attn.o_proj.weight,16296.613319126418,15307.857724863468,-988.7555942629497,-0.027182943740683932
adamw_sft,AdamW + SFT,25,q_proj,attn,model.layers.25.self_attn.q_proj.weight,24555.210708810777,22038.533596110934,-2516.677112699843,-0.046960971197052705
adamw_sft,AdamW + SFT,25,v_proj,attn,model.layers.25.self_attn.v_proj.weight,4.337190824833435,4.337202651238508,1.1826405073023238e-05,1.1842078591772557e-06
adamw_sft,AdamW + SFT,26,down_proj,mlp,model.layers.26.mlp.down_proj.weight,8.741682232718533,8.74074859357786,-0.0009336391406726818,-4.6386492965102095e-05
adamw_sft,AdamW + SFT,26,gate_proj,mlp,model.layers.26.mlp.gate_proj.weight,20.0336868429297,20.032098757959968,-0.0015880849697325061,-3.4428204971683374e-05
adamw_sft,AdamW + SFT,26,up_proj,mlp,model.layers.26.mlp.up_proj.weight,18.54966977174175,18.549165030279113,-0.0005047414626382363,-1.1817429479657147e-05
adamw_sft,AdamW + SFT,26,k_proj,attn,model.layers.26.self_attn.k_proj.weight,18.924022446774764,18.94138556971171,0.01736312293694553,0.00039829012302523067
adamw_sft,AdamW + SFT,26,o_proj,attn,model.layers.26.self_attn.o_proj.weight,32723.99759321507,31241.311078178533,-1482.6865150365375,-0.020137100783904086
adamw_sft,AdamW + SFT,26,q_proj,attn,model.layers.26.self_attn.q_proj.weight,48120.87790718429,55282.78080554422,7161.902898359935,0.06025633865227481
adamw_sft,AdamW + SFT,26,v_proj,attn,model.layers.26.self_attn.v_proj.weight,4.835564685889436,4.834063778633543,-0.0015009072558926917,-0.00013482125951563175
adamw_sft,AdamW + SFT,27,down_proj,mlp,model.layers.27.mlp.down_proj.weight,11.983131396493501,11.983932937550357,0.0008015410568553705,2.9048602139086507e-05
adamw_sft,AdamW + SFT,27,gate_proj,mlp,model.layers.27.mlp.gate_proj.weight,34.01131673372879,34.01241680638444,0.001100072655646045,1.404672925809961e-05
adamw_sft,AdamW + SFT,27,up_proj,mlp,model.layers.27.mlp.up_proj.weight,27.05991417573715,27.06041955527789,0.0005053795407405914,8.110945764203154e-06
adamw_sft,AdamW + SFT,27,k_proj,attn,model.layers.27.self_attn.k_proj.weight,16.960271595775623,16.94825333827303,-0.012018257502592888,-0.00030785551091827356
adamw_sft,AdamW + SFT,27,o_proj,attn,model.layers.27.self_attn.o_proj.weight,99634.79632267175,120495.29712508852,20860.500802416762,0.08255905959446153
adamw_sft,AdamW + SFT,27,q_proj,attn,model.layers.27.self_attn.q_proj.weight,91711.44628086085,58886.970603974776,-32824.475676886075,-0.1924043293422651
adamw_sft,AdamW + SFT,27,v_proj,attn,model.layers.27.self_attn.v_proj.weight,7.853791579470053,7.853333178083204,-0.0004584013868482728,-2.5349157905639953e-05
adamw_sft,AdamW + SFT,3,down_proj,mlp,model.layers.3.mlp.down_proj.weight,10.758270959803003,10.756987190952174,-0.0012837688508291478,-5.1826822128675265e-05
adamw_sft,AdamW + SFT,3,gate_proj,mlp,model.layers.3.mlp.gate_proj.weight,13.999766940935217,13.999832379721926,6.543878670939307e-05,2.0300079044270917e-06
adamw_sft,AdamW + SFT,3,up_proj,mlp,model.layers.3.mlp.up_proj.weight,7.592358408260811,7.592794054709892,0.0004356464490813394,2.4918926485591697e-05
adamw_sft,AdamW + SFT,3,k_proj,attn,model.layers.3.self_attn.k_proj.weight,15.502942945207748,15.481055006868756,-0.02188793833899183,-0.0006135949554879268
adamw_sft,AdamW + SFT,3,o_proj,attn,model.layers.3.self_attn.o_proj.weight,16528.241725287102,18154.149608008716,1625.9078827216144,0.04074925436459832
adamw_sft,AdamW + SFT,3,q_proj,attn,model.layers.3.self_attn.q_proj.weight,75355.26316454641,108944.04092846665,33588.77776392024,0.16008988912064837
adamw_sft,AdamW + SFT,3,v_proj,attn,model.layers.3.self_attn.v_proj.weight,3.891617107326821,3.89075947341648,-0.0008576339103409936,-9.572029119833534e-05
adamw_sft,AdamW + SFT,4,down_proj,mlp,model.layers.4.mlp.down_proj.weight,11.15720155550664,11.15907789428683,0.001876338780189002,7.30304155018771e-05
adamw_sft,AdamW + SFT,4,gate_proj,mlp,model.layers.4.mlp.gate_proj.weight,17.495981170242754,17.494467900572786,-0.0015132696699673431,-3.756480326261361e-05
adamw_sft,AdamW + SFT,4,up_proj,mlp,model.layers.4.mlp.up_proj.weight,8.782003015120793,8.780899535335443,-0.001103479785349748,-5.457357414844545e-05
adamw_sft,AdamW + SFT,4,k_proj,attn,model.layers.4.self_attn.k_proj.weight,23.93670634239095,23.94834811126657,0.011641768875620073,0.00021117052656927335
adamw_sft,AdamW + SFT,4,o_proj,attn,model.layers.4.self_attn.o_proj.weight,8582.208719375358,8959.208296965768,376.9995775904099,0.018670561460713712
adamw_sft,AdamW + SFT,4,q_proj,attn,model.layers.4.self_attn.q_proj.weight,19385.367499083055,18610.19861816245,-775.1688809206062,-0.01772303039839544
adamw_sft,AdamW + SFT,4,v_proj,attn,model.layers.4.self_attn.v_proj.weight,3.7875720759658726,3.7874413727756413,-0.00013070319023134047,-1.4987082115251414e-05
adamw_sft,AdamW + SFT,5,down_proj,mlp,model.layers.5.mlp.down_proj.weight,12.388049471794826,12.390060133035615,0.002010661240788636,7.048310768614168e-05
adamw_sft,AdamW + SFT,5,gate_proj,mlp,model.layers.5.mlp.gate_proj.weight,20.634483011844836,20.63517625303905,0.0006932411942131012,1.4590419725581049e-05
adamw_sft,AdamW + SFT,5,up_proj,mlp,model.layers.5.mlp.up_proj.weight,8.094579137228608,8.095319225085962,0.0007400878573537994,3.9705755478283556e-05
adamw_sft,AdamW + SFT,5,k_proj,attn,model.layers.5.self_attn.k_proj.weight,22.35050954040556,22.356037012028192,0.005527471622631452,0.00010739145033274253
adamw_sft,AdamW + SFT,5,o_proj,attn,model.layers.5.self_attn.o_proj.weight,14934.50156341116,13539.649569491356,-1394.851993919805,-0.042583308502045066
adamw_sft,AdamW + SFT,5,q_proj,attn,model.layers.5.self_attn.q_proj.weight,14969.234018258956,15086.208978803787,116.97496054483054,0.003380541514398946
adamw_sft,AdamW + SFT,5,v_proj,attn,model.layers.5.self_attn.v_proj.weight,3.3558693468749854,3.3556309543704015,-0.00023839250458390637,-3.085228180416251e-05
adamw_sft,AdamW + SFT,6,down_proj,mlp,model.layers.6.mlp.down_proj.weight,9.162314837809912,9.163005682506315,0.0006908446964022374,3.2744861330991106e-05
adamw_sft,AdamW + SFT,6,gate_proj,mlp,model.layers.6.mlp.gate_proj.weight,19.228406692239826,19.226290140508794,-0.002116551731031535,-4.7807254462367964e-05
adamw_sft,AdamW + SFT,6,up_proj,mlp,model.layers.6.mlp.up_proj.weight,7.421489572866498,7.420742995406249,-0.0007465774602488651,-4.369079517944239e-05
adamw_sft,AdamW + SFT,6,k_proj,attn,model.layers.6.self_attn.k_proj.weight,22.193674123897594,22.208657548512996,0.014983424615401475,0.0002931025751298312
adamw_sft,AdamW + SFT,6,o_proj,attn,model.layers.6.self_attn.o_proj.weight,70513.61868597266,226013.69816557094,155500.07947959827,0.5058617587329102
adamw_sft,AdamW + SFT,6,q_proj,attn,model.layers.6.self_attn.q_proj.weight,18604.75910456698,15753.11544696091,-2851.6436576060696,-0.07225759537287486
adamw_sft,AdamW + SFT,6,v_proj,attn,model.layers.6.self_attn.v_proj.weight,3.2802787964379356,3.280214850064792,-6.394637314377505e-05,-8.466301010663037e-06
adamw_sft,AdamW + SFT,7,down_proj,mlp,model.layers.7.mlp.down_proj.weight,7.967968298583799,7.968044946882152,7.66482983527439e-05,4.177698965194168e-06
adamw_sft,AdamW + SFT,7,gate_proj,mlp,model.layers.7.mlp.gate_proj.weight,16.82272426896548,16.82390710655286,0.0011828375873790264,3.0534993632223866e-05
adamw_sft,AdamW + SFT,7,up_proj,mlp,model.layers.7.mlp.up_proj.weight,8.451906164480205,8.451004593689335,-0.0009015707908694992,-4.6328969666007897e-05
adamw_sft,AdamW + SFT,7,k_proj,attn,model.layers.7.self_attn.k_proj.weight,30.442592542837964,30.474644615698537,0.03205207286057288,0.00045701480601401416
adamw_sft,AdamW + SFT,7,o_proj,attn,model.layers.7.self_attn.o_proj.weight,9457.463639954845,10647.892315407591,1190.4286754527457,0.05148897008358545
adamw_sft,AdamW + SFT,7,q_proj,attn,model.layers.7.self_attn.q_proj.weight,9030.470682093728,9050.68370585335,20.213023759621137,0.0009710008719427505
adamw_sft,AdamW + SFT,7,v_proj,attn,model.layers.7.self_attn.v_proj.weight,4.6148320901395445,4.613794936946466,-0.0010371531930788436,-9.761580118405079e-05
adamw_sft,AdamW + SFT,8,down_proj,mlp,model.layers.8.mlp.down_proj.weight,8.059006885143106,8.060292755557095,0.0012858704139890875,6.928916750359229e-05
adamw_sft,AdamW + SFT,8,gate_proj,mlp,model.layers.8.mlp.gate_proj.weight,15.70276662952571,15.703959424852572,0.0011927953268617841,3.2988120305701006e-05
adamw_sft,AdamW + SFT,8,up_proj,mlp,model.layers.8.mlp.up_proj.weight,11.03707620181019,11.037108777034382,3.257522419097825e-05,1.2817904830240304e-06
adamw_sft,AdamW + SFT,8,k_proj,attn,model.layers.8.self_attn.k_proj.weight,26.24428190856445,26.233203994024418,-0.011077914540031486,-0.00018335776359889333
adamw_sft,AdamW + SFT,8,o_proj,attn,model.layers.8.self_attn.o_proj.weight,8728.55329977634,8530.920902384907,-197.6323973914332,-0.009946352968457469
adamw_sft,AdamW + SFT,8,q_proj,attn,model.layers.8.self_attn.q_proj.weight,20459.276858621644,22914.963352350755,2455.68649372911,0.04922888768487731
adamw_sft,AdamW + SFT,8,v_proj,attn,model.layers.8.self_attn.v_proj.weight,2.614956506444022,2.6150043959481035,4.7889504081410905e-05,7.95346189097692e-06
adamw_sft,AdamW + SFT,9,down_proj,mlp,model.layers.9.mlp.down_proj.weight,11.96143651469935,11.961434618736257,-1.8959630931902893e-06,-6.883841866539478e-08
adamw_sft,AdamW + SFT,9,gate_proj,mlp,model.layers.9.mlp.gate_proj.weight,17.04541620966512,17.044853753947844,-0.0005624557172758671,-1.4330858312986675e-05
adamw_sft,AdamW + SFT,9,up_proj,mlp,model.layers.9.mlp.up_proj.weight,8.607523542303687,8.606933585434014,-0.0005899568696730029,-2.9767422958403427e-05
adamw_sft,AdamW + SFT,9,k_proj,attn,model.layers.9.self_attn.k_proj.weight,29.979145885547403,29.985502333405165,0.006356447857761793,9.207325720957796e-05
adamw_sft,AdamW + SFT,9,o_proj,attn,model.layers.9.self_attn.o_proj.weight,26480.436490575365,21696.041762468114,-4784.394728107251,-0.08654463136831911
adamw_sft,AdamW + SFT,9,q_proj,attn,model.layers.9.self_attn.q_proj.weight,35295.52653603585,35856.11707719951,560.5905411636559,0.006843592196533806
adamw_sft,AdamW + SFT,9,v_proj,attn,model.layers.9.self_attn.v_proj.weight,3.911800039733773,3.91164904937689,-0.00015099035688326268,-1.676352158140272e-05
muon_sft,Muon + SFT,-1,embed,embed,model.embed_tokens.weight,69.18641058154057,69.2426959294943,0.05628534795373241,0.0003531687517386012
muon_sft,Muon + SFT,0,down_proj,mlp,model.layers.0.mlp.down_proj.weight,10.546793843948734,10.548101142389264,0.0013072984405297916,5.3828426263109005e-05
muon_sft,Muon + SFT,0,gate_proj,mlp,model.layers.0.mlp.gate_proj.weight,50.790417231602824,50.78278486472259,-0.007632366880230279,-6.526711293477224e-05
muon_sft,Muon + SFT,0,up_proj,mlp,model.layers.0.mlp.up_proj.weight,30.557746350661454,30.559808962718645,0.00206261205719116,2.9313379126228653e-05
muon_sft,Muon + SFT,0,k_proj,attn,model.layers.0.self_attn.k_proj.weight,18.73935745084044,18.74495124666365,0.005593795823209291,0.00012961982020538878
muon_sft,Muon + SFT,0,o_proj,attn,model.layers.0.self_attn.o_proj.weight,38555.79005042446,35358.344817684985,-3197.4452327394756,-0.03759767994494447
muon_sft,Muon + SFT,0,q_proj,attn,model.layers.0.self_attn.q_proj.weight,184976.8751259078,184673.62168728438,-303.25343862341833,-0.0007125721496045328
muon_sft,Muon + SFT,0,v_proj,attn,model.layers.0.self_attn.v_proj.weight,7.7755061789352835,7.774600657945627,-0.0009055209896562388,-5.05800730020665e-05
muon_sft,Muon + SFT,1,down_proj,mlp,model.layers.1.mlp.down_proj.weight,8.998430005007657,8.99886642013478,0.00043641512712255803,2.1062350376188237e-05
muon_sft,Muon + SFT,1,gate_proj,mlp,model.layers.1.mlp.gate_proj.weight,33.91668364456576,33.91691111217297,0.0002274676072104853,2.912654916155969e-06
muon_sft,Muon + SFT,1,up_proj,mlp,model.layers.1.mlp.up_proj.weight,37.735381088331756,37.733468372285195,-0.0019127160465615134,-2.2013904560186473e-05
muon_sft,Muon + SFT,1,k_proj,attn,model.layers.1.self_attn.k_proj.weight,30.087513316132128,30.09114072304809,0.0036274069159603073,5.235619952888756e-05
muon_sft,Muon + SFT,1,o_proj,attn,model.layers.1.self_attn.o_proj.weight,49034.98587834326,70069.8483835057,21034.86250516244,0.15502512320921127
muon_sft,Muon + SFT,1,q_proj,attn,model.layers.1.self_attn.q_proj.weight,1074758.1049613138,1600850.5198651978,526092.414903884,0.17304005246946302
muon_sft,Muon + SFT,1,v_proj,attn,model.layers.1.self_attn.v_proj.weight,3.341969736117407,3.3419905946917563,2.0858574349080783e-05,2.710597697133922e-06
muon_sft,Muon + SFT,10,down_proj,mlp,model.layers.10.mlp.down_proj.weight,13.491719978091211,13.491431642505155,-0.000288335586056121,-9.281536547407327e-06
muon_sft,Muon + SFT,10,gate_proj,mlp,model.layers.10.mlp.gate_proj.weight,16.210019773701827,16.209564598421004,-0.0004551752808232834,-1.2195104693753903e-05
muon_sft,Muon + SFT,10,up_proj,mlp,model.layers.10.mlp.up_proj.weight,8.538043575643336,8.538017765916145,-2.5809727191017373e-05,-1.3128346021049125e-06
muon_sft,Muon + SFT,10,k_proj,attn,model.layers.10.self_attn.k_proj.weight,24.034098760920294,24.040424245932996,0.006325485012702359,0.00011428603261810877
muon_sft,Muon + SFT,10,o_proj,attn,model.layers.10.self_attn.o_proj.weight,15508.710116684786,16223.301521208305,714.5914045235186,0.01956356154611619
muon_sft,Muon + SFT,10,q_proj,attn,model.layers.10.self_attn.q_proj.weight,12813.850813777506,12511.665392331626,-302.1854214458799,-0.01036454212999403
muon_sft,Muon + SFT,10,v_proj,attn,model.layers.10.self_attn.v_proj.weight,3.2994636012714755,3.29937428184978,-8.931942169532192e-05,-1.1756898004912175e-05
muon_sft,Muon + SFT,11,down_proj,mlp,model.layers.11.mlp.down_proj.weight,16.054627449194015,16.053703686397427,-0.0009237627965887896,-2.4989469777309597e-05
muon_sft,Muon + SFT,11,gate_proj,mlp,model.layers.11.mlp.gate_proj.weight,13.225697438590451,13.22498726817798,-0.0007101704124714558,-2.332061304577494e-05
muon_sft,Muon + SFT,11,up_proj,mlp,model.layers.11.mlp.up_proj.weight,6.605510357941471,6.6051491558132795,-0.00036120212819135133,-2.374871458930983e-05
muon_sft,Muon + SFT,11,k_proj,attn,model.layers.11.self_attn.k_proj.weight,21.610944081803808,21.60783198943706,-0.0031120923667486977,-6.254524848923546e-05
muon_sft,Muon + SFT,11,o_proj,attn,model.layers.11.self_attn.o_proj.weight,139258.46738802953,86201.05600421519,-53057.41138381434,-0.20830902505619855
muon_sft,Muon + SFT,11,q_proj,attn,model.layers.11.self_attn.q_proj.weight,28543.812668067454,26522.536977399057,-2021.2756906683971,-0.03189691887668771
muon_sft,Muon + SFT,11,v_proj,attn,model.layers.11.self_attn.v_proj.weight,2.8678401021237847,2.867916267667432,7.616554364719974e-05,1.1534058696505195e-05
muon_sft,Muon + SFT,12,down_proj,mlp,model.layers.12.mlp.down_proj.weight,14.145448240851502,14.145043271272414,-0.00040496957908864317,-1.2433580623642442e-05
muon_sft,Muon + SFT,12,gate_proj,mlp,model.layers.12.mlp.gate_proj.weight,18.888272791501652,18.887482919234436,-0.0007898722672159408,-1.8161763313841707e-05
muon_sft,Muon + SFT,12,up_proj,mlp,model.layers.12.mlp.up_proj.weight,8.061255117094625,8.061138748847261,-0.00011636824736349638,-6.269303196498358e-06
muon_sft,Muon + SFT,12,k_proj,attn,model.layers.12.self_attn.k_proj.weight,20.867707840632306,20.878219378721305,0.010511538088998407,0.0002187089083378219
muon_sft,Muon + SFT,12,o_proj,attn,model.layers.12.self_attn.o_proj.weight,102000.14319866779,61822.64036171141,-40177.50283695638,-0.21745323221538287
muon_sft,Muon + SFT,12,q_proj,attn,model.layers.12.self_attn.q_proj.weight,14798.684955393119,15789.774706232498,991.0897508393791,0.028152808674202723
muon_sft,Muon + SFT,12,v_proj,attn,model.layers.12.self_attn.v_proj.weight,2.550671517667282,2.5509323260941414,0.0002608084268596045,4.4404726116107525e-05
muon_sft,Muon + SFT,13,down_proj,mlp,model.layers.13.mlp.down_proj.weight,30.005646690345184,30.00159666897124,-0.0040500213739456115,-5.8622987442828095e-05
muon_sft,Muon + SFT,13,gate_proj,mlp,model.layers.13.mlp.gate_proj.weight,12.316046719506732,12.316698191160521,0.000651471653789315,2.2971905522460228e-05
muon_sft,Muon + SFT,13,up_proj,mlp,model.layers.13.mlp.up_proj.weight,6.311217662216599,6.310280555450281,-0.0009371067663179744,-6.44900139896748e-05
muon_sft,Muon + SFT,13,k_proj,attn,model.layers.13.self_attn.k_proj.weight,41.906820743475016,41.90903101281295,0.0022102693379366656,2.2905160708759585e-05
muon_sft,Muon + SFT,13,o_proj,attn,model.layers.13.self_attn.o_proj.weight,9641.296136551193,10090.77298262302,449.4768460718278,0.019789013126896605
muon_sft,Muon + SFT,13,q_proj,attn,model.layers.13.self_attn.q_proj.weight,57124.68510683214,76298.7820594583,19174.09695262616,0.1256937863768873
muon_sft,Muon + SFT,13,v_proj,attn,model.layers.13.self_attn.v_proj.weight,3.7001013163270056,3.700398770558064,0.0002974542310583139,3.4911892364148156e-05
muon_sft,Muon + SFT,14,down_proj,mlp,model.layers.14.mlp.down_proj.weight,12.14858893422566,12.149490252836136,0.0009013186104755988,3.221964140722924e-05
muon_sft,Muon + SFT,14,gate_proj,mlp,model.layers.14.mlp.gate_proj.weight,13.416229041756727,13.415838781288343,-0.0003902604683840849,-1.263323938014565e-05
muon_sft,Muon + SFT,14,up_proj,mlp,model.layers.14.mlp.up_proj.weight,6.92702720942221,6.927346801743967,0.00031959232175715613,2.0036586526425063e-05
muon_sft,Muon + SFT,14,k_proj,attn,model.layers.14.self_attn.k_proj.weight,23.136335100841148,23.141947943616614,0.005612842775466476,0.00010534646044608896
muon_sft,Muon + SFT,14,o_proj,attn,model.layers.14.self_attn.o_proj.weight,6453.263467239998,6552.904851305165,99.64138406516668,0.006654465611852831
muon_sft,Muon + SFT,14,q_proj,attn,model.layers.14.self_attn.q_proj.weight,12016.462412922161,12230.538834412668,214.07642149050662,0.007668958604975778
muon_sft,Muon + SFT,14,v_proj,attn,model.layers.14.self_attn.v_proj.weight,6.809948120874071,6.809417414110828,-0.0005307067632429607,-3.384636653004483e-05
muon_sft,Muon + SFT,15,down_proj,mlp,model.layers.15.mlp.down_proj.weight,12.83113835849419,12.831635662483748,0.0004973039895581621,1.6831880945072013e-05
muon_sft,Muon + SFT,15,gate_proj,mlp,model.layers.15.mlp.gate_proj.weight,16.831657108500657,16.831621447577394,-3.5660923263236555e-05,-9.201327295953837e-07
muon_sft,Muon + SFT,15,up_proj,mlp,model.layers.15.mlp.up_proj.weight,9.399973299687645,9.39990164325253,-7.165643511441999e-05,-3.310659720629038e-06
muon_sft,Muon + SFT,15,k_proj,attn,model.layers.15.self_attn.k_proj.weight,25.442585553328566,25.444102959318084,0.0015174059895173286,2.5900724433502477e-05
muon_sft,Muon + SFT,15,o_proj,attn,model.layers.15.self_attn.o_proj.weight,29248.74824238646,30600.945216997472,1352.1969746110117,0.01962755705884519
muon_sft,Muon + SFT,15,q_proj,attn,model.layers.15.self_attn.q_proj.weight,23869.157071525828,24530.608461606247,661.4513900804195,0.011871238293534179
muon_sft,Muon + SFT,15,v_proj,attn,model.layers.15.self_attn.v_proj.weight,3.3575600712900404,3.3573835470865996,-0.00017652420344083097,-2.283369506920158e-05
muon_sft,Muon + SFT,16,down_proj,mlp,model.layers.16.mlp.down_proj.weight,9.686499227673869,9.686649868942226,0.00015064126835717673,6.7539532442268425e-06
muon_sft,Muon + SFT,16,gate_proj,mlp,model.layers.16.mlp.gate_proj.weight,12.919883539201004,12.91966438687126,-0.00021915232974478727,-7.366742466160762e-06
muon_sft,Muon + SFT,16,up_proj,mlp,model.layers.16.mlp.up_proj.weight,6.159145316251316,6.158605048528276,-0.0005402677230401665,-3.809710118630358e-05
muon_sft,Muon + SFT,16,k_proj,attn,model.layers.16.self_attn.k_proj.weight,20.671141321487564,20.665444783989127,-0.0056965374984372374,-0.00011969903904861377
muon_sft,Muon + SFT,16,o_proj,attn,model.layers.16.self_attn.o_proj.weight,41529.00729033527,44048.594787915266,2519.587497579996,0.02558050850888338
muon_sft,Muon + SFT,16,q_proj,attn,model.layers.16.self_attn.q_proj.weight,103943.38985456145,103246.79274745577,-696.5971071056847,-0.0029203065110703246
muon_sft,Muon + SFT,16,v_proj,attn,model.layers.16.self_attn.v_proj.weight,2.78870242790059,2.78892012571215,0.0002176978115602246,3.390152611520836e-05
muon_sft,Muon + SFT,17,down_proj,mlp,model.layers.17.mlp.down_proj.weight,6.7996349709306605,6.7995384996495165,-9.647128114398384e-05,-6.16168992244932e-06
muon_sft,Muon + SFT,17,gate_proj,mlp,model.layers.17.mlp.gate_proj.weight,17.968770886906377,17.969133777310546,0.0003628904041690362,8.770756199842556e-06
muon_sft,Muon + SFT,17,up_proj,mlp,model.layers.17.mlp.up_proj.weight,12.572357420855843,12.572033430650846,-0.0003239902049969601,-1.1191932153765809e-05
muon_sft,Muon + SFT,17,k_proj,attn,model.layers.17.self_attn.k_proj.weight,15.488632202364206,15.485115372355326,-0.0035168300088805893,-9.86215742559166e-05
muon_sft,Muon + SFT,17,o_proj,attn,model.layers.17.self_attn.o_proj.weight,57591.66094582242,49603.35285108179,-7988.308094740627,-0.06484857092958865
muon_sft,Muon + SFT,17,q_proj,attn,model.layers.17.self_attn.q_proj.weight,13024.993728263826,13043.739850771837,18.746122508011467,0.0006246056365531755
muon_sft,Muon + SFT,17,v_proj,attn,model.layers.17.self_attn.v_proj.weight,4.045377579425002,4.0456238840738195,0.0002463046488170306,2.644141157658563e-05
muon_sft,Muon + SFT,18,down_proj,mlp,model.layers.18.mlp.down_proj.weight,6.643981466821017,6.643884000055834,-9.746676518229691e-05,-6.371117828360497e-06
muon_sft,Muon + SFT,18,gate_proj,mlp,model.layers.18.mlp.gate_proj.weight,18.455846043796296,18.455416035123193,-0.00043000867310283297,-1.0118884231492046e-05
muon_sft,Muon + SFT,18,up_proj,mlp,model.layers.18.mlp.up_proj.weight,10.672724442726581,10.674020649784213,0.0012962070576314488,5.27420523161955e-05
muon_sft,Muon + SFT,18,k_proj,attn,model.layers.18.self_attn.k_proj.weight,22.852605445749074,22.860946644322436,0.008341198573361908,0.00015848851762538912
muon_sft,Muon + SFT,18,o_proj,attn,model.layers.18.self_attn.o_proj.weight,21937.349567301397,19178.333591050112,-2759.015976251285,-0.05837328715247823
muon_sft,Muon + SFT,18,q_proj,attn,model.layers.18.self_attn.q_proj.weight,33741.713223670544,37172.69655653163,3430.983332861084,0.042056936570949124
muon_sft,Muon + SFT,18,v_proj,attn,model.layers.18.self_attn.v_proj.weight,2.1434580875579408,2.143498350732004,4.026317406324864e-05,8.157803594127972e-06
muon_sft,Muon + SFT,19,down_proj,mlp,model.layers.19.mlp.down_proj.weight,7.114441587440737,7.114335231325167,-0.00010635611557052727,-6.49245886672581e-06
muon_sft,Muon + SFT,19,gate_proj,mlp,model.layers.19.mlp.gate_proj.weight,18.805480505433707,18.80546458920717,-1.59162265376267e-05,-3.6757009645516954e-07
muon_sft,Muon + SFT,19,up_proj,mlp,model.layers.19.mlp.up_proj.weight,10.390484231630769,10.389723003234389,-0.0007612283963798205,-3.1818478846469786e-05
muon_sft,Muon + SFT,19,k_proj,attn,model.layers.19.self_attn.k_proj.weight,22.401692950673606,22.392333729333195,-0.009359221340410784,-0.00018148215480765832
muon_sft,Muon + SFT,19,o_proj,attn,model.layers.19.self_attn.o_proj.weight,24022.826455842358,21430.18658208536,-2592.639873756998,-0.04959815165130271
muon_sft,Muon + SFT,19,q_proj,attn,model.layers.19.self_attn.q_proj.weight,25682.89091427411,25847.081537786566,164.1906235124552,0.0027676057136156785
muon_sft,Muon + SFT,19,v_proj,attn,model.layers.19.self_attn.v_proj.weight,3.008918396896258,3.0089866814421375,6.82845458794823e-05,9.855789046194363e-06
muon_sft,Muon + SFT,2,down_proj,mlp,model.layers.2.mlp.down_proj.weight,13.20255066881167,13.203132521167081,0.0005818523554115274,1.9139460657791065e-05
muon_sft,Muon + SFT,2,gate_proj,mlp,model.layers.2.mlp.gate_proj.weight,17.38657445257771,17.386266047101092,-0.00030840547661981077,-7.70364426740154e-06
muon_sft,Muon + SFT,2,up_proj,mlp,model.layers.2.mlp.up_proj.weight,8.916099391549464,8.914465942627027,-0.0016334489224369975,-7.957098860010793e-05
muon_sft,Muon + SFT,2,k_proj,attn,model.layers.2.self_attn.k_proj.weight,17.246031056628958,17.2467094030942,0.0006783464652428961,1.708197857204058e-05
muon_sft,Muon + SFT,2,o_proj,attn,model.layers.2.self_attn.o_proj.weight,31093.030750193404,29726.574178041632,-1366.456572151772,-0.019518194290060784
muon_sft,Muon + SFT,2,q_proj,attn,model.layers.2.self_attn.q_proj.weight,24610.069351651575,23347.53697589862,-1262.532375752955,-0.022871765680327748
muon_sft,Muon + SFT,2,v_proj,attn,model.layers.2.self_attn.v_proj.weight,3.1911166787384015,3.1914841412228903,0.000367462484488712,5.0006865225582914e-05
muon_sft,Muon + SFT,20,down_proj,mlp,model.layers.20.mlp.down_proj.weight,7.516513788547348,7.5164467244419715,-6.70641053766019e-05,-3.874894884993198e-06
muon_sft,Muon + SFT,20,gate_proj,mlp,model.layers.20.mlp.gate_proj.weight,19.204884886797178,19.205220256234284,0.0003353694371064364,7.5838946753732415e-06
muon_sft,Muon + SFT,20,up_proj,mlp,model.layers.20.mlp.up_proj.weight,11.187456334212877,11.188208412837483,0.0007520786246058009,2.9194537944578892e-05
muon_sft,Muon + SFT,20,k_proj,attn,model.layers.20.self_attn.k_proj.weight,22.072850031907265,22.085893647408305,0.013043615501040051,0.0002565639295382769
muon_sft,Muon + SFT,20,o_proj,attn,model.layers.20.self_attn.o_proj.weight,123534.76145527787,76646.62669649672,-46888.13475878115,-0.20729613512114448
muon_sft,Muon + SFT,20,q_proj,attn,model.layers.20.self_attn.q_proj.weight,9243.896257866112,9084.658369035726,-159.2378888303865,-0.007546462653706205
muon_sft,Muon + SFT,20,v_proj,attn,model.layers.20.self_attn.v_proj.weight,6.942409244310096,6.943775720902541,0.0013664765924445987,8.547390765005726e-05
muon_sft,Muon + SFT,21,down_proj,mlp,model.layers.21.mlp.down_proj.weight,9.390981919055381,9.389095264603824,-0.0018866544515567796,-8.72588128699239e-05
muon_sft,Muon + SFT,21,gate_proj,mlp,model.layers.21.mlp.gate_proj.weight,17.629945642520745,17.628376432892647,-0.0015692096280979229,-3.8657488091727496e-05
muon_sft,Muon + SFT,21,up_proj,mlp,model.layers.21.mlp.up_proj.weight,8.16699577216017,8.167114199794833,0.00011842763466241024,6.297553809542057e-06
muon_sft,Muon + SFT,21,k_proj,attn,model.layers.21.self_attn.k_proj.weight,29.992183020775197,29.988909750440698,-0.003273270334499756,-4.740037834535425e-05
muon_sft,Muon + SFT,21,o_proj,attn,model.layers.21.self_attn.o_proj.weight,298850.6543733745,299245.71362202533,395.059248650854,0.0005737271979801212
muon_sft,Muon + SFT,21,q_proj,attn,model.layers.21.self_attn.q_proj.weight,14032.644030663625,14548.046066761088,515.4020360974628,0.015665159088537012
muon_sft,Muon + SFT,21,v_proj,attn,model.layers.21.self_attn.v_proj.weight,4.366601968716395,4.365945371343927,-0.0006565973724681484,-6.530891963775404e-05
muon_sft,Muon + SFT,22,down_proj,mlp,model.layers.22.mlp.down_proj.weight,9.904782336268656,9.9048233517192,4.1015450543469e-05,1.798398627852709e-06
muon_sft,Muon + SFT,22,gate_proj,mlp,model.layers.22.mlp.gate_proj.weight,22.904187063530273,22.903413032908794,-0.0007740306214785164,-1.467691942197754e-05
muon_sft,Muon + SFT,22,up_proj,mlp,model.layers.22.mlp.up_proj.weight,12.79968858450657,12.799810984047378,0.000122399540806839,4.153006586529149e-06
muon_sft,Muon + SFT,22,k_proj,attn,model.layers.22.self_attn.k_proj.weight,20.39377999771742,20.39694069280847,0.003160695091050769,6.730317172788535e-05
muon_sft,Muon + SFT,22,o_proj,attn,model.layers.22.self_attn.o_proj.weight,35374.77308841131,31285.951976723358,-4088.821111687954,-0.053344288422974964
muon_sft,Muon + SFT,22,q_proj,attn,model.layers.22.self_attn.q_proj.weight,47977.340735145204,55216.435981441085,7239.095246295881,0.06103219865663382
muon_sft,Muon + SFT,22,v_proj,attn,model.layers.22.self_attn.v_proj.weight,5.233505964972921,5.232726227455763,-0.0007797375171580967,-6.471014505223653e-05
muon_sft,Muon + SFT,23,down_proj,mlp,model.layers.23.mlp.down_proj.weight,11.80645745879601,11.806434587964628,-2.2870831381638368e-05,-8.412926163934969e-07
muon_sft,Muon + SFT,23,gate_proj,mlp,model.layers.23.mlp.gate_proj.weight,19.84423847022627,19.842620471428095,-0.0016179987981743693,-3.541161829892846e-05
muon_sft,Muon + SFT,23,up_proj,mlp,model.layers.23.mlp.up_proj.weight,10.79189058648552,10.792542461705436,0.0006518752199156097,2.6232406508193662e-05
muon_sft,Muon + SFT,23,k_proj,attn,model.layers.23.self_attn.k_proj.weight,16.001526800630636,15.99260502633755,-0.008921774293085605,-0.0002422117571847945
muon_sft,Muon + SFT,23,o_proj,attn,model.layers.23.self_attn.o_proj.weight,13053.866526333686,13496.993338286366,443.1268119526794,0.014497865738392516
muon_sft,Muon + SFT,23,q_proj,attn,model.layers.23.self_attn.q_proj.weight,764874.9518123881,599208.5954904278,-165666.35632196034,-0.10601240426713891
muon_sft,Muon + SFT,23,v_proj,attn,model.layers.23.self_attn.v_proj.weight,4.042193780833294,4.042367540671699,0.0001737598384048411,1.8668406610155236e-05
muon_sft,Muon + SFT,24,down_proj,mlp,model.layers.24.mlp.down_proj.weight,10.013056479364716,10.011737498339553,-0.0013189810251628131,-5.721169290723921e-05
muon_sft,Muon + SFT,24,gate_proj,mlp,model.layers.24.mlp.gate_proj.weight,21.0475855955308,21.048481277065747,0.0008956815349456804,1.8481040017621935e-05
muon_sft,Muon + SFT,24,up_proj,mlp,model.layers.24.mlp.up_proj.weight,13.895235392599337,13.894810392204727,-0.00042500039461046413,-1.3283556826773094e-05
muon_sft,Muon + SFT,24,k_proj,attn,model.layers.24.self_attn.k_proj.weight,31.211181081905732,31.214117468961366,0.0029363870556338156,4.0857047560422105e-05
muon_sft,Muon + SFT,24,o_proj,attn,model.layers.24.self_attn.o_proj.weight,13596.107700858232,14590.302704832277,994.1950039740441,0.030649706123499043
muon_sft,Muon + SFT,24,q_proj,attn,model.layers.24.self_attn.q_proj.weight,119825.2524376554,126414.64866006648,6589.396222411073,0.023249049381867386
muon_sft,Muon + SFT,24,v_proj,attn,model.layers.24.self_attn.v_proj.weight,3.6003445004354857,3.5992412003852303,-0.0011033000502553847,-0.00013310686124777242
muon_sft,Muon + SFT,25,down_proj,mlp,model.layers.25.mlp.down_proj.weight,9.428473935149443,9.428699318244876,0.00022538309543307378,1.0381474821267453e-05
muon_sft,Muon + SFT,25,gate_proj,mlp,model.layers.25.mlp.gate_proj.weight,21.338091581274373,21.33922498280245,0.0011334015280759502,2.3067524819733436e-05
muon_sft,Muon + SFT,25,up_proj,mlp,model.layers.25.mlp.up_proj.weight,18.112209505291784,18.113005755861398,0.0007962505696141875,1.9092073085446047e-05
muon_sft,Muon + SFT,25,k_proj,attn,model.layers.25.self_attn.k_proj.weight,22.462953951457504,22.456760633200815,-0.0061933182566882294,-0.00011975694794431004
muon_sft,Muon + SFT,25,o_proj,attn,model.layers.25.self_attn.o_proj.weight,16296.613319126418,16106.981051364432,-189.63226776198644,-0.005083213099305159
muon_sft,Muon + SFT,25,q_proj,attn,model.layers.25.self_attn.q_proj.weight,24555.210708810777,25317.798438765465,762.5877299546883,0.01328227284304925
muon_sft,Muon + SFT,25,v_proj,attn,model.layers.25.self_attn.v_proj.weight,4.337190824833435,4.337177080929177,-1.3743904258234352e-05,-1.376215960415017e-06
muon_sft,Muon + SFT,26,down_proj,mlp,model.layers.26.mlp.down_proj.weight,8.741682232718533,8.741469839411124,-0.0002123933074091866,-1.055201499420153e-05
muon_sft,Muon + SFT,26,gate_proj,mlp,model.layers.26.mlp.gate_proj.weight,20.0336868429297,20.032969027555097,-0.0007178153746032478,-1.5561231626432832e-05
muon_sft,Muon + SFT,26,up_proj,mlp,model.layers.26.mlp.up_proj.weight,18.54966977174175,18.54981945308658,0.00014968134482984397,3.5044030773750487e-06
muon_sft,Muon + SFT,26,k_proj,attn,model.layers.26.self_attn.k_proj.weight,18.924022446774764,18.92884887566233,0.004826428887565015,0.00011074940268981714
muon_sft,Muon + SFT,26,o_proj,attn,model.layers.26.self_attn.o_proj.weight,32723.99759321507,32635.93513951373,-88.06245370133911,-0.0011702907040732002
muon_sft,Muon + SFT,26,q_proj,attn,model.layers.26.self_attn.q_proj.weight,48120.87790718429,51223.02375319105,3102.145846006766,0.027131669867640117
muon_sft,Muon + SFT,26,v_proj,attn,model.layers.26.self_attn.v_proj.weight,4.835564685889436,4.834139653015603,-0.0014250328738327767,-0.00012800472412103525
muon_sft,Muon + SFT,27,down_proj,mlp,model.layers.27.mlp.down_proj.weight,11.983131396493501,11.983442494971607,0.0003110984781056203,1.1274732299147996e-05
muon_sft,Muon + SFT,27,gate_proj,mlp,model.layers.27.mlp.gate_proj.weight,34.01131673372879,34.01220982702218,0.0008930932933921554,1.1403863009722078e-05
muon_sft,Muon + SFT,27,up_proj,mlp,model.layers.27.mlp.up_proj.weight,27.05991417573715,27.057694873669387,-0.0022193020677612196,-3.561985310053051e-05
muon_sft,Muon + SFT,27,k_proj,attn,model.layers.27.self_attn.k_proj.weight,16.960271595775623,16.960845303153963,0.0005737073783400604,1.4690433066010495e-05
muon_sft,Muon + SFT,27,o_proj,attn,model.layers.27.self_attn.o_proj.weight,99634.79632267175,101196.8067561438,1562.0104334720381,0.006755771312035381
muon_sft,Muon + SFT,27,q_proj,attn,model.layers.27.self_attn.q_proj.weight,91711.44628086085,80492.52762503925,-11218.918655821602,-0.056667976968819714
muon_sft,Muon + SFT,27,v_proj,attn,model.layers.27.self_attn.v_proj.weight,7.853791579470053,7.854205919011411,0.0004143395413587214,2.2911306995763434e-05
muon_sft,Muon + SFT,3,down_proj,mlp,model.layers.3.mlp.down_proj.weight,10.758270959803003,10.759013427579875,0.0007424677768721466,2.9971222465569005e-05
muon_sft,Muon + SFT,3,gate_proj,mlp,model.layers.3.mlp.gate_proj.weight,13.999766940935217,13.999900883040265,0.00013394210504813486,4.155071944633756e-06
muon_sft,Muon + SFT,3,up_proj,mlp,model.layers.3.mlp.up_proj.weight,7.592358408260811,7.592351013442489,-7.394818322126184e-06,-4.2299509364597756e-07
muon_sft,Muon + SFT,3,k_proj,attn,model.layers.3.self_attn.k_proj.weight,15.502942945207748,15.497300179001831,-0.005642766205916416,-0.00015810342152127534
muon_sft,Muon + SFT,3,o_proj,attn,model.layers.3.self_attn.o_proj.weight,16528.241725287102,19004.700644692737,2476.4589194056352,0.06063437736801124
muon_sft,Muon + SFT,3,q_proj,attn,model.layers.3.self_attn.q_proj.weight,75355.26316454641,90110.38565993763,14755.122495391217,0.07766125754289631
muon_sft,Muon + SFT,3,v_proj,attn,model.layers.3.self_attn.v_proj.weight,3.891617107326821,3.89111766839355,-0.0004994389332706461,-5.573968002650151e-05
muon_sft,Muon + SFT,4,down_proj,mlp,model.layers.4.mlp.down_proj.weight,11.15720155550664,11.159893888113206,0.0026923326065659836,0.00010478650352208305
muon_sft,Muon + SFT,4,gate_proj,mlp,model.layers.4.mlp.gate_proj.weight,17.495981170242754,17.496051015975016,6.984573226276325e-05,1.7337441818036285e-06
muon_sft,Muon + SFT,4,up_proj,mlp,model.layers.4.mlp.up_proj.weight,8.782003015120793,8.781234660531082,-0.0007683545897112509,-3.799893445979725e-05
muon_sft,Muon + SFT,4,k_proj,attn,model.layers.4.self_attn.k_proj.weight,23.93670634239095,23.94113189622805,0.004425553837101859,8.028740172910221e-05
muon_sft,Muon + SFT,4,o_proj,attn,model.layers.4.self_attn.o_proj.weight,8582.208719375358,8592.553943662699,10.345224287340898,0.0005231949289278679
muon_sft,Muon + SFT,4,q_proj,attn,model.layers.4.self_attn.q_proj.weight,19385.367499083055,19121.923743192245,-263.4437558908103,-0.005942456654055999
muon_sft,Muon + SFT,4,v_proj,attn,model.layers.4.self_attn.v_proj.weight,3.7875720759658726,3.7879615016923647,0.000389425726492032,4.4650437501657245e-05
muon_sft,Muon + SFT,5,down_proj,mlp,model.layers.5.mlp.down_proj.weight,12.388049471794826,12.389249139637382,0.0011996678425560958,4.2055361459434354e-05
muon_sft,Muon + SFT,5,gate_proj,mlp,model.layers.5.mlp.gate_proj.weight,20.634483011844836,20.63562922553407,0.001146213689235509,2.4123718277347677e-05
muon_sft,Muon + SFT,5,up_proj,mlp,model.layers.5.mlp.up_proj.weight,8.094579137228608,8.094672244896568,9.310766795955772e-05,4.995431285100531e-06
muon_sft,Muon + SFT,5,k_proj,attn,model.layers.5.self_attn.k_proj.weight,22.35050954040556,22.35818601887652,0.00767647847095887,0.00014913663802729724
muon_sft,Muon + SFT,5,o_proj,attn,model.layers.5.self_attn.o_proj.weight,14934.50156341116,13264.970991666096,-1669.5305717450647,-0.05148442808550441
muon_sft,Muon + SFT,5,q_proj,attn,model.layers.5.self_attn.q_proj.weight,14969.234018258956,14827.798750178554,-141.43526808040224,-0.004122894938200888
muon_sft,Muon + SFT,5,v_proj,attn,model.layers.5.self_attn.v_proj.weight,3.3558693468749854,3.3556879153149173,-0.00018143156006811267,-2.3480310849380757e-05
muon_sft,Muon + SFT,6,down_proj,mlp,model.layers.6.mlp.down_proj.weight,9.162314837809912,9.162439113359191,0.00012427554927896267,5.890631375702902e-06
muon_sft,Muon + SFT,6,gate_proj,mlp,model.layers.6.mlp.gate_proj.weight,19.228406692239826,19.226693162101643,-0.0017135301381827617,-3.8703666712543794e-05
muon_sft,Muon + SFT,6,up_proj,mlp,model.layers.6.mlp.up_proj.weight,7.421489572866498,7.420595402538279,-0.0008941703282188129,-5.2328664138559825e-05
muon_sft,Muon + SFT,6,k_proj,attn,model.layers.6.self_attn.k_proj.weight,22.193674123897594,22.189600571506283,-0.0040735523913113525,-7.972018028861585e-05
muon_sft,Muon + SFT,6,o_proj,attn,model.layers.6.self_attn.o_proj.weight,70513.61868597266,91148.40178717715,20634.78310120449,0.11147605526598882
muon_sft,Muon + SFT,6,q_proj,attn,model.layers.6.self_attn.q_proj.weight,18604.75910456698,17433.07523914339,-1171.6838654235908,-0.028250046597972218
muon_sft,Muon + SFT,6,v_proj,attn,model.layers.6.self_attn.v_proj.weight,3.2802787964379356,3.2799071823841017,-0.0003716140538339019,-4.920285298967396e-05
muon_sft,Muon + SFT,7,down_proj,mlp,model.layers.7.mlp.down_proj.weight,7.967968298583799,7.9681229481650275,0.00015464958122812789,8.429100802519941e-06
muon_sft,Muon + SFT,7,gate_proj,mlp,model.layers.7.mlp.gate_proj.weight,16.82272426896548,16.82326647148388,0.0005422025183996482,1.3997243454769689e-05
muon_sft,Muon + SFT,7,up_proj,mlp,model.layers.7.mlp.up_proj.weight,8.451906164480205,8.450980845479092,-0.000925319001112257,-4.754938447472551e-05
muon_sft,Muon + SFT,7,k_proj,attn,model.layers.7.self_attn.k_proj.weight,30.442592542837964,30.43370186896883,-0.008890673869135668,-0.00012685301122630473
muon_sft,Muon + SFT,7,o_proj,attn,model.layers.7.self_attn.o_proj.weight,9457.463639954845,9966.100313514447,508.63667355960206,0.022750573951539683
muon_sft,Muon + SFT,7,q_proj,attn,model.layers.7.self_attn.q_proj.weight,9030.470682093728,9121.950044212786,91.47936211905835,0.004377302521655536
muon_sft,Muon + SFT,7,v_proj,attn,model.layers.7.self_attn.v_proj.weight,4.6148320901395445,4.614406273112087,-0.00042581702745714267,-4.007480968152518e-05
muon_sft,Muon + SFT,8,down_proj,mlp,model.layers.8.mlp.down_proj.weight,8.059006885143106,8.059123327664715,0.0001164425216089171,6.274964146230265e-06
muon_sft,Muon + SFT,8,gate_proj,mlp,model.layers.8.mlp.gate_proj.weight,15.70276662952571,15.702697419751638,-6.920977407176565e-05,-1.9141524498015558e-06
muon_sft,Muon + SFT,8,up_proj,mlp,model.layers.8.mlp.up_proj.weight,11.03707620181019,11.035827465344353,-0.0012487364658380073,-4.9138923018127956e-05
muon_sft,Muon + SFT,8,k_proj,attn,model.layers.8.self_attn.k_proj.weight,26.24428190856445,26.23757004010983,-0.006711868454619463,-0.00011108325414446709
muon_sft,Muon + SFT,8,o_proj,attn,model.layers.8.self_attn.o_proj.weight,8728.55329977634,8962.120600119097,233.56730034275643,0.011468515545133078
muon_sft,Muon + SFT,8,q_proj,attn,model.layers.8.self_attn.q_proj.weight,20459.276858621644,21127.295295218293,668.0184365966488,0.013953623134839563
muon_sft,Muon + SFT,8,v_proj,attn,model.layers.8.self_attn.v_proj.weight,2.614956506444022,2.6151104856783163,0.00015397923429416593,2.5572265862595958e-05
muon_sft,Muon + SFT,9,down_proj,mlp,model.layers.9.mlp.down_proj.weight,11.96143651469935,11.962068959642647,0.0006324449432959511,2.2962132312937612e-05
muon_sft,Muon + SFT,9,gate_proj,mlp,model.layers.9.mlp.gate_proj.weight,17.04541620966512,17.046812372936234,0.0013961632711136929,3.557092217369088e-05
muon_sft,Muon + SFT,9,up_proj,mlp,model.layers.9.mlp.up_proj.weight,8.607523542303687,8.607334044989733,-0.00018949731395423441,-9.56123364620609e-06
muon_sft,Muon + SFT,9,k_proj,attn,model.layers.9.self_attn.k_proj.weight,29.979145885547403,29.978447333707468,-0.0006985518399353907,-1.0119726064095849e-05
muon_sft,Muon + SFT,9,o_proj,attn,model.layers.9.self_attn.o_proj.weight,26480.436490575365,25681.20170794991,-799.2347826254554,-0.0133097975842262
muon_sft,Muon + SFT,9,q_proj,attn,model.layers.9.self_attn.q_proj.weight,35295.52653603585,34120.83444498381,-1174.692091052042,-0.01470002150157156
muon_sft,Muon + SFT,9,v_proj,attn,model.layers.9.self_attn.v_proj.weight,3.911800039733773,3.912447172004839,0.0006471322710659422,7.183974826479095e-05
adamw_grpo,AdamW + GRPO,-1,embed,embed,model.embed_tokens.weight,69.18641058154057,69.19110692825207,0.0046963467114977675,2.9478740468802682e-05
adamw_grpo,AdamW + GRPO,0,down_proj,mlp,model.layers.0.mlp.down_proj.weight,10.546793843948734,10.547327346594532,0.0005335026457977676,2.1967945771001637e-05
adamw_grpo,AdamW + GRPO,0,gate_proj,mlp,model.layers.0.mlp.gate_proj.weight,50.790417231602824,50.78397597211235,-0.006441259490472362,-5.508087951574747e-05
adamw_grpo,AdamW + GRPO,0,up_proj,mlp,model.layers.0.mlp.up_proj.weight,30.557746350661454,30.55729019474619,-0.0004561559152627126,-6.483052554258094e-06
adamw_grpo,AdamW + GRPO,0,k_proj,attn,model.layers.0.self_attn.k_proj.weight,18.73935745084044,18.743134676165358,0.0037772253249173104,8.753036567111045e-05
adamw_grpo,AdamW + GRPO,0,o_proj,attn,model.layers.0.self_attn.o_proj.weight,38555.79005042446,37841.71531330783,-714.074737116629,-0.008118792570263727
adamw_grpo,AdamW + GRPO,0,q_proj,attn,model.layers.0.self_attn.q_proj.weight,184976.8751259078,190921.37607818723,5944.500952279428,0.01373711741592402
adamw_grpo,AdamW + GRPO,0,v_proj,attn,model.layers.0.self_attn.v_proj.weight,7.7755061789352835,7.77209508660119,-0.003411092334093091,-0.00019056555110041684
adamw_grpo,AdamW + GRPO,1,down_proj,mlp,model.layers.1.mlp.down_proj.weight,8.998430005007657,8.99898402802743,0.0005540230197720319,2.673819027212104e-05
adamw_grpo,AdamW + GRPO,1,gate_proj,mlp,model.layers.1.mlp.gate_proj.weight,33.91668364456576,33.91796669771431,0.0012830531485548136,1.642885751335782e-05
adamw_grpo,AdamW + GRPO,1,up_proj,mlp,model.layers.1.mlp.up_proj.weight,37.735381088331756,37.7359655441574,0.0005844558256455912,6.7264187356734915e-06
adamw_grpo,AdamW + GRPO,1,k_proj,attn,model.layers.1.self_attn.k_proj.weight,30.087513316132128,30.088538211743334,0.0010248956112057783,1.4793476714262612e-05
adamw_grpo,AdamW + GRPO,1,o_proj,attn,model.layers.1.self_attn.o_proj.weight,49034.98587834326,52390.743005803655,3355.757127460398,0.028748503095367185
adamw_grpo,AdamW + GRPO,1,q_proj,attn,model.layers.1.self_attn.q_proj.weight,1074758.1049613138,1393465.6674154997,318707.5624541859,0.11278554401495634
adamw_grpo,AdamW + GRPO,1,v_proj,attn,model.layers.1.self_attn.v_proj.weight,3.341969736117407,3.3416965889954886,-0.00027314712191861545,-3.5497369884329284e-05
adamw_grpo,AdamW + GRPO,10,down_proj,mlp,model.layers.10.mlp.down_proj.weight,13.491719978091211,13.491651022908263,-6.895518294847136e-05,-2.2196526484699337e-06
adamw_grpo,AdamW + GRPO,10,gate_proj,mlp,model.layers.10.mlp.gate_proj.weight,16.210019773701827,16.209374795143788,-0.0006449785580393552,-1.728043552106327e-05
adamw_grpo,AdamW + GRPO,10,up_proj,mlp,model.layers.10.mlp.up_proj.weight,8.538043575643336,8.538239218563646,0.00019564292031049035,9.951421130962158e-06
adamw_grpo,AdamW + GRPO,10,k_proj,attn,model.layers.10.self_attn.k_proj.weight,24.034098760920294,24.037345678178387,0.003246917258092452,5.866760472809347e-05
adamw_grpo,AdamW + GRPO,10,o_proj,attn,model.layers.10.self_attn.o_proj.weight,15508.710116684786,15134.481359084808,-374.22875759997805,-0.010608135589084007
adamw_grpo,AdamW + GRPO,10,q_proj,attn,model.layers.10.self_attn.q_proj.weight,12813.850813777506,12397.268611232677,-416.58220254482876,-0.014353652227803947
adamw_grpo,AdamW + GRPO,10,v_proj,attn,model.layers.10.self_attn.v_proj.weight,3.2994636012714755,3.2992587092185395,-0.0002048920529360565,-2.6969914422089266e-05
adamw_grpo,AdamW + GRPO,11,down_proj,mlp,model.layers.11.mlp.down_proj.weight,16.054627449194015,16.054046222185583,-0.0005812270084319948,-1.57230837440547e-05
adamw_grpo,AdamW + GRPO,11,gate_proj,mlp,model.layers.11.mlp.gate_proj.weight,13.225697438590451,13.225372621666645,-0.0003248169238059262,-1.0666199690504015e-05
adamw_grpo,AdamW + GRPO,11,up_proj,mlp,model.layers.11.mlp.up_proj.weight,6.605510357941471,6.60513009889632,-0.00038025904515048836,-2.5001725781247605e-05
adamw_grpo,AdamW + GRPO,11,k_proj,attn,model.layers.11.self_attn.k_proj.weight,21.610944081803808,21.6021938934136,-0.008750188390209246,-0.00017587977932075733
adamw_grpo,AdamW + GRPO,11,o_proj,attn,model.layers.11.self_attn.o_proj.weight,139258.46738802953,70030.54943282304,-69227.91795520649,-0.29853407755963185
adamw_grpo,AdamW + GRPO,11,q_proj,attn,model.layers.11.self_attn.q_proj.weight,28543.812668067454,28630.094335948008,86.28166788055387,0.001310796573459708
adamw_grpo,AdamW + GRPO,11,v_proj,attn,model.layers.11.self_attn.v_proj.weight,2.8678401021237847,2.8678333982529525,-6.703870832236447e-06,-1.0152091501322091e-06
adamw_grpo,AdamW + GRPO,12,down_proj,mlp,model.layers.12.mlp.down_proj.weight,14.145448240851502,14.145532271505314,8.403065381124009e-05,2.5799069951212038e-06
adamw_grpo,AdamW + GRPO,12,gate_proj,mlp,model.layers.12.mlp.gate_proj.weight,18.888272791501652,18.888185167172164,-8.762432948827836e-05,-2.0147342992691735e-06
adamw_grpo,AdamW + GRPO,12,up_proj,mlp,model.layers.12.mlp.up_proj.weight,8.061255117094625,8.061508188181364,0.0002530710867389985,1.3633813810717516e-05
adamw_grpo,AdamW + GRPO,12,k_proj,attn,model.layers.12.self_attn.k_proj.weight,20.867707840632306,20.864108635981214,-0.0035992046510919806,-7.491237406173241e-05
adamw_grpo,AdamW + GRPO,12,o_proj,attn,model.layers.12.self_attn.o_proj.weight,102000.14319866779,84585.26325907349,-17414.879939594306,-0.08130607614797469
adamw_grpo,AdamW + GRPO,12,q_proj,attn,model.layers.12.self_attn.q_proj.weight,14798.684955393119,15213.523224504555,414.8382691114366,0.012006677089247733
adamw_grpo,AdamW + GRPO,12,v_proj,attn,model.layers.12.self_attn.v_proj.weight,2.550671517667282,2.5507543562846973,8.283861741542609e-05,1.4104430927426086e-05
adamw_grpo,AdamW + GRPO,13,down_proj,mlp,model.layers.13.mlp.down_proj.weight,30.005646690345184,30.006952829395033,0.0013061390498485537,1.8904329643345664e-05
adamw_grpo,AdamW + GRPO,13,gate_proj,mlp,model.layers.13.mlp.gate_proj.weight,12.316046719506732,12.3169016688823,0.0008549493755687365,3.014659799640334e-05
adamw_grpo,AdamW + GRPO,13,up_proj,mlp,model.layers.13.mlp.up_proj.weight,6.311217662216599,6.310742797665949,-0.0004748645506502669,-3.2678133440783625e-05
adamw_grpo,AdamW + GRPO,13,k_proj,attn,model.layers.13.self_attn.k_proj.weight,41.906820743475016,41.9136948626521,0.006874119177084026,7.123296752965183e-05
adamw_grpo,AdamW + GRPO,13,o_proj,attn,model.layers.13.self_attn.o_proj.weight,9641.296136551193,9527.487091254236,-113.80904529695727,-0.005157053586365026
adamw_grpo,AdamW + GRPO,13,q_proj,attn,model.layers.13.self_attn.q_proj.weight,57124.68510683214,59921.60631760197,2796.921210769826,0.020759627886324322
adamw_grpo,AdamW + GRPO,13,v_proj,attn,model.layers.13.self_attn.v_proj.weight,3.7001013163270056,3.700391617164405,0.0002903008373995597,3.407233895694959e-05
adamw_grpo,AdamW + GRPO,14,down_proj,mlp,model.layers.14.mlp.down_proj.weight,12.14858893422566,12.148495594038662,-9.334018699824753e-05,-3.3367894906278303e-06
adamw_grpo,AdamW + GRPO,14,gate_proj,mlp,model.layers.14.mlp.gate_proj.weight,13.416229041756727,13.416308692823444,7.965106671647959e-05,2.578363559603881e-06
adamw_grpo,AdamW + GRPO,14,up_proj,mlp,model.layers.14.mlp.up_proj.weight,6.92702720942221,6.926488985653936,-0.0005382237682738378,-3.3745600671588854e-05
adamw_grpo,AdamW + GRPO,14,k_proj,attn,model.layers.14.self_attn.k_proj.weight,23.136335100841148,23.132663921089666,-0.003671179751481901,-6.89175536619437e-05
adamw_grpo,AdamW + GRPO,14,o_proj,attn,model.layers.14.self_attn.o_proj.weight,6453.263467239998,6685.204345378444,231.94087813844544,0.015335290398322198
adamw_grpo,AdamW + GRPO,14,q_proj,attn,model.layers.14.self_attn.q_proj.weight,12016.462412922161,11880.269038941833,-136.19337398032803,-0.004950356606467036
adamw_grpo,AdamW + GRPO,14,v_proj,attn,model.layers.14.self_attn.v_proj.weight,6.809948120874071,6.810780973463806,0.0008328525897347561,5.311070823104206e-05
adamw_grpo,AdamW + GRPO,15,down_proj,mlp,model.layers.15.mlp.down_proj.weight,12.83113835849419,12.830844698801315,-0.0002936596928755364,-9.939589149753677e-06
adamw_grpo,AdamW + GRPO,15,gate_proj,mlp,model.layers.15.mlp.gate_proj.weight,16.831657108500657,16.831962064311078,0.0003049558104208927,7.868472193317594e-06
adamw_grpo,AdamW + GRPO,15,up_proj,mlp,model.layers.15.mlp.up_proj.weight,9.399973299687645,9.399794760723138,-0.0001785389645068136,-8.248876990717632e-06
adamw_grpo,AdamW + GRPO,15,k_proj,attn,model.layers.15.self_attn.k_proj.weight,25.442585553328566,25.419534806773967,-0.023050746554599044,-0.00039364511927196554
adamw_grpo,AdamW + GRPO,15,o_proj,attn,model.layers.15.self_attn.o_proj.weight,29248.74824238646,21960.33241883119,-7288.415823555271,-0.12446837448299175
adamw_grpo,AdamW + GRPO,15,q_proj,attn,model.layers.15.self_attn.q_proj.weight,23869.157071525828,22456.912240995767,-1412.2448305300604,-0.026487040540839966
adamw_grpo,AdamW + GRPO,15,v_proj,attn,model.layers.15.self_attn.v_proj.weight,3.3575600712900404,3.3573758563092286,-0.000184214980811781,-2.3828537020492402e-05
adamw_grpo,AdamW + GRPO,16,down_proj,mlp,model.layers.16.mlp.down_proj.weight,9.686499227673869,9.686780112417255,0.0002808847433861672,1.2593293264411303e-05
adamw_grpo,AdamW + GRPO,16,gate_proj,mlp,model.layers.16.mlp.gate_proj.weight,12.919883539201004,12.920194317178927,0.0003107779779227826,1.044649800709572e-05
adamw_grpo,AdamW + GRPO,16,up_proj,mlp,model.layers.16.mlp.up_proj.weight,6.159145316251316,6.159250560487269,0.00010524423595281718,7.420932300739693e-06
adamw_grpo,AdamW + GRPO,16,k_proj,attn,model.layers.16.self_attn.k_proj.weight,20.671141321487564,20.672902713634258,0.0017613921466939075,3.70047443636662e-05
adamw_grpo,AdamW + GRPO,16,o_proj,attn,model.layers.16.self_attn.o_proj.weight,41529.00729033527,32442.42104502372,-9086.586245311551,-0.10723829348865897
adamw_grpo,AdamW + GRPO,16,q_proj,attn,model.layers.16.self_attn.q_proj.weight,103943.38985456145,76792.25880899608,-27151.131045565373,-0.13147943380034716
adamw_grpo,AdamW + GRPO,16,v_proj,attn,model.layers.16.self_attn.v_proj.weight,2.78870242790059,2.7888829237476367,0.0001804958470468243,2.8108346341333623e-05
adamw_grpo,AdamW + GRPO,17,down_proj,mlp,model.layers.17.mlp.down_proj.weight,6.7996349709306605,6.799824118958421,0.00018914802776048845,1.2080766474839982e-05
adamw_grpo,AdamW + GRPO,17,gate_proj,mlp,model.layers.17.mlp.gate_proj.weight,17.968770886906377,17.969183465670543,0.0004125787641662271,9.97166833019916e-06
adamw_grpo,AdamW + GRPO,17,up_proj,mlp,model.layers.17.mlp.up_proj.weight,12.572357420855843,12.57260294026046,0.00024551940461670085,8.481041218338947e-06
adamw_grpo,AdamW + GRPO,17,k_proj,attn,model.layers.17.self_attn.k_proj.weight,15.488632202364206,15.491353458445928,0.0027212560817222453,7.629612977336008e-05
adamw_grpo,AdamW + GRPO,17,o_proj,attn,model.layers.17.self_attn.o_proj.weight,57591.66094582242,60811.774403922995,3220.1134581005754,0.02362807193222819
adamw_grpo,AdamW + GRPO,17,q_proj,attn,model.layers.17.self_attn.q_proj.weight,13024.993728263826,13830.838211793152,805.8444835293267,0.026070978278564732
adamw_grpo,AdamW + GRPO,17,v_proj,attn,model.layers.17.self_attn.v_proj.weight,4.045377579425002,4.045179912442115,-0.00019766698288758988,-2.1221202624398904e-05
adamw_grpo,AdamW + GRPO,18,down_proj,mlp,model.layers.18.mlp.down_proj.weight,6.643981466821017,6.644014724092371,3.3257271354614204e-05,2.1739093276702196e-06
adamw_grpo,AdamW + GRPO,18,gate_proj,mlp,model.layers.18.mlp.gate_proj.weight,18.455846043796296,18.45543859547918,-0.00040744831711592155,-9.587992264198155e-06
adamw_grpo,AdamW + GRPO,18,up_proj,mlp,model.layers.18.mlp.up_proj.weight,10.672724442726581,10.671937068809676,-0.0007873739169053096,-3.2040999785976343e-05
adamw_grpo,AdamW + GRPO,18,k_proj,attn,model.layers.18.self_attn.k_proj.weight,22.852605445749074,22.854818029504173,0.002212583755099473,4.204625171487959e-05
adamw_grpo,AdamW + GRPO,18,o_proj,attn,model.layers.18.self_attn.o_proj.weight,21937.349567301397,21811.029671161683,-126.31989613971382,-0.0025079871420730536
adamw_grpo,AdamW + GRPO,18,q_proj,attn,model.layers.18.self_attn.q_proj.weight,33741.713223670544,34444.53274156655,702.8195178960086,0.008953167729005904
adamw_grpo,AdamW + GRPO,18,v_proj,attn,model.layers.18.self_attn.v_proj.weight,2.1434580875579408,2.1436675981266675,0.00020951056872675622,4.244768669819044e-05
adamw_grpo,AdamW + GRPO,19,down_proj,mlp,model.layers.19.mlp.down_proj.weight,7.114441587440737,7.114213610994691,-0.00022797644604644063,-1.391683348138752e-05
adamw_grpo,AdamW + GRPO,19,gate_proj,mlp,model.layers.19.mlp.gate_proj.weight,18.805480505433707,18.80563056530943,0.00015005987572180857,3.4654746497242296e-06
adamw_grpo,AdamW + GRPO,19,up_proj,mlp,model.layers.19.mlp.up_proj.weight,10.390484231630769,10.390484156412004,-7.521876455029997e-08,-3.1439434268418484e-09
adamw_grpo,AdamW + GRPO,19,k_proj,attn,model.layers.19.self_attn.k_proj.weight,22.401692950673606,22.3900589610424,-0.011633989631206987,-0.0002256030361541297
adamw_grpo,AdamW + GRPO,19,o_proj,attn,model.layers.19.self_attn.o_proj.weight,24022.826455842358,22016.643623242224,-2006.1828326001341,-0.03787299121522738
adamw_grpo,AdamW + GRPO,19,q_proj,attn,model.layers.19.self_attn.q_proj.weight,25682.89091427411,25521.61135443834,-161.27955983576976,-0.002735816242833488
adamw_grpo,AdamW + GRPO,19,v_proj,attn,model.layers.19.self_attn.v_proj.weight,3.008918396896258,3.009024533139157,0.00010613624289890211,1.5318983633315747e-05
adamw_grpo,AdamW + GRPO,2,down_proj,mlp,model.layers.2.mlp.down_proj.weight,13.20255066881167,13.202992068914122,0.0004414001024528602,1.4519499237660527e-05
adamw_grpo,AdamW + GRPO,2,gate_proj,mlp,model.layers.2.mlp.gate_proj.weight,17.38657445257771,17.387272634425713,0.0006981818480014113,1.743934303465446e-05
adamw_grpo,AdamW + GRPO,2,up_proj,mlp,model.layers.2.mlp.up_proj.weight,8.916099391549464,8.915023758837359,-0.0010756327121050901,-5.2396178081306074e-05
adamw_grpo,AdamW + GRPO,2,k_proj,attn,model.layers.2.self_attn.k_proj.weight,17.246031056628958,17.24627324721557,0.0002421905866114571,6.098869731047049e-06
adamw_grpo,AdamW + GRPO,2,o_proj,attn,model.layers.2.self_attn.o_proj.weight,31093.030750193404,41807.39957179619,10714.368821602784,0.12859009883035347
adamw_grpo,AdamW + GRPO,2,q_proj,attn,model.layers.2.self_attn.q_proj.weight,24610.069351651575,24318.225742824106,-291.8436088274684,-0.005180951913372514
adamw_grpo,AdamW + GRPO,2,v_proj,attn,model.layers.2.self_attn.v_proj.weight,3.1911166787384015,3.191485950438356,0.00036927169995459863,5.0253061677064255e-05
adamw_grpo,AdamW + GRPO,20,down_proj,mlp,model.layers.20.mlp.down_proj.weight,7.516513788547348,7.516870665773416,0.0003568772260678088,2.0619416805060433e-05
adamw_grpo,AdamW + GRPO,20,gate_proj,mlp,model.layers.20.mlp.gate_proj.weight,19.204884886797178,19.20470310500168,-0.00018178179549721563,-4.110787687290413e-06
adamw_grpo,AdamW + GRPO,20,up_proj,mlp,model.layers.20.mlp.up_proj.weight,11.187456334212877,11.188037667061915,0.000581332849037608,2.2566621190861418e-05
adamw_grpo,AdamW + GRPO,20,k_proj,attn,model.layers.20.self_attn.k_proj.weight,22.072850031907265,22.071824962560967,-0.0010250693462978688,-2.0169225882889985e-05
adamw_grpo,AdamW + GRPO,20,o_proj,attn,model.layers.20.self_attn.o_proj.weight,123534.76145527787,94703.97826990191,-28830.783185375956,-0.11542095797005933
adamw_grpo,AdamW + GRPO,20,q_proj,attn,model.layers.20.self_attn.q_proj.weight,9243.896257866112,9673.130496474727,429.23423860861476,0.01971198386554731
adamw_grpo,AdamW + GRPO,20,v_proj,attn,model.layers.20.self_attn.v_proj.weight,6.942409244310096,6.941587295183009,-0.0008219491270873291,-5.142150096346946e-05
adamw_grpo,AdamW + GRPO,21,down_proj,mlp,model.layers.21.mlp.down_proj.weight,9.390981919055381,9.389545056334224,-0.0014368627211567286,-6.645410462509334e-05
adamw_grpo,AdamW + GRPO,21,gate_proj,mlp,model.layers.21.mlp.gate_proj.weight,17.629945642520745,17.63028362999233,0.0003379874715854214,8.325872910928733e-06
adamw_grpo,AdamW + GRPO,21,up_proj,mlp,model.layers.21.mlp.up_proj.weight,8.16699577216017,8.167812291960491,0.0008165198003204921,4.341771786323009e-05
adamw_grpo,AdamW + GRPO,21,k_proj,attn,model.layers.21.self_attn.k_proj.weight,29.992183020775197,29.99509337973889,0.0029103589636925165,4.2140697665322526e-05
adamw_grpo,AdamW + GRPO,21,o_proj,attn,model.layers.21.self_attn.o_proj.weight,298850.6543733745,227284.8146900372,-71565.83968333728,-0.11888379042282624
adamw_grpo,AdamW + GRPO,21,q_proj,attn,model.layers.21.self_attn.q_proj.weight,14032.644030663625,14613.341208623075,580.6971779594496,0.017610016301836597
adamw_grpo,AdamW + GRPO,21,v_proj,attn,model.layers.21.self_attn.v_proj.weight,4.366601968716395,4.36689680774081,0.00029483902441462817,2.9323176124275012e-05
adamw_grpo,AdamW + GRPO,22,down_proj,mlp,model.layers.22.mlp.down_proj.weight,9.904782336268656,9.905142075023862,0.00035973875520589615,1.5773160269138424e-05
adamw_grpo,AdamW + GRPO,22,gate_proj,mlp,model.layers.22.mlp.gate_proj.weight,22.904187063530273,22.904176361289338,-1.07022409352453e-05,-2.0292906510174597e-07
adamw_grpo,AdamW + GRPO,22,up_proj,mlp,model.layers.22.mlp.up_proj.weight,12.79968858450657,12.799695623298629,7.038792057656451e-06,2.38826725336723e-07
adamw_grpo,AdamW + GRPO,22,k_proj,attn,model.layers.22.self_attn.k_proj.weight,20.39377999771742,20.386093794753506,-0.0076862029639137575,-0.00016371191291725097
adamw_grpo,AdamW + GRPO,22,o_proj,attn,model.layers.22.self_attn.o_proj.weight,35374.77308841131,33108.387163913445,-2266.3859244978667,-0.028755637634853053
adamw_grpo,AdamW + GRPO,22,q_proj,attn,model.layers.22.self_attn.q_proj.weight,47977.340735145204,54797.453934759666,6820.113199614461,0.05772420780609001
adamw_grpo,AdamW + GRPO,22,v_proj,attn,model.layers.22.self_attn.v_proj.weight,5.233505964972921,5.2338039211042835,0.00029795613136229804,2.4724729685665246e-05
adamw_grpo,AdamW + GRPO,23,down_proj,mlp,model.layers.23.mlp.down_proj.weight,11.80645745879601,11.806498722101551,4.1263305542216244e-05,1.5178468773178328e-06
adamw_grpo,AdamW + GRPO,23,gate_proj,mlp,model.layers.23.mlp.gate_proj.weight,19.84423847022627,19.84305863318209,-0.001179837044180232,-2.5821698900222576e-05
adamw_grpo,AdamW + GRPO,23,up_proj,mlp,model.layers.23.mlp.up_proj.weight,10.79189058648552,10.792150085235738,0.00025949875021780144,1.0442796786751667e-05
adamw_grpo,AdamW + GRPO,23,k_proj,attn,model.layers.23.self_attn.k_proj.weight,16.001526800630636,16.002778426708943,0.0012516260783073108,3.396882360866111e-05
adamw_grpo,AdamW + GRPO,23,o_proj,attn,model.layers.23.self_attn.o_proj.weight,13053.866526333686,13114.010487936337,60.14396160265096,0.0019963588657833193
adamw_grpo,AdamW + GRPO,23,q_proj,attn,model.layers.23.self_attn.q_proj.weight,764874.9518123881,118445.34180904044,-646429.6100033477,-0.8100724532820053
adamw_grpo,AdamW + GRPO,23,v_proj,attn,model.layers.23.self_attn.v_proj.weight,4.042193780833294,4.042733270354754,0.0005394895214596573,5.795904430031196e-05
adamw_grpo,AdamW + GRPO,24,down_proj,mlp,model.layers.24.mlp.down_proj.weight,10.013056479364716,10.01278343840092,-0.0002730409637958786,-1.1842717649246813e-05
adamw_grpo,AdamW + GRPO,24,gate_proj,mlp,model.layers.24.mlp.gate_proj.weight,21.0475855955308,21.050531485727824,0.002945890197022294,6.07810490183748e-05
adamw_grpo,AdamW + GRPO,24,up_proj,mlp,model.layers.24.mlp.up_proj.weight,13.895235392599337,13.895288773017112,5.338041777491753e-05,1.6683975259510118e-06
adamw_grpo,AdamW + GRPO,24,k_proj,attn,model.layers.24.self_attn.k_proj.weight,31.211181081905732,31.177206275305966,-0.03397480659976537,-0.00047300701664540197
adamw_grpo,AdamW + GRPO,24,o_proj,attn,model.layers.24.self_attn.o_proj.weight,13596.107700858232,13757.191020810697,161.08331995246408,0.0051151714040364215
adamw_grpo,AdamW + GRPO,24,q_proj,attn,model.layers.24.self_attn.q_proj.weight,119825.2524376554,134515.9849064482,14690.73246879279,0.05022554321976075
adamw_grpo,AdamW + GRPO,24,v_proj,attn,model.layers.24.self_attn.v_proj.weight,3.6003445004354857,3.600415980662747,7.14802272612225e-05,8.622274924259758e-06
adamw_grpo,AdamW + GRPO,25,down_proj,mlp,model.layers.25.mlp.down_proj.weight,9.428473935149443,9.427727519122717,-0.0007464160267254272,-3.438278516132846e-05
adamw_grpo,AdamW + GRPO,25,gate_proj,mlp,model.layers.25.mlp.gate_proj.weight,21.338091581274373,21.33853549157558,0.0004439103012074952,9.034818705413997e-06
adamw_grpo,AdamW + GRPO,25,up_proj,mlp,model.layers.25.mlp.up_proj.weight,18.112209505291784,18.111301321198827,-0.0009081840929567875,-2.177698026542592e-05
adamw_grpo,AdamW + GRPO,25,k_proj,attn,model.layers.25.self_attn.k_proj.weight,22.462953951457504,22.45016953245441,-0.012784419003093461,-0.00024724189041654474
adamw_grpo,AdamW + GRPO,25,o_proj,attn,model.layers.25.self_attn.o_proj.weight,16296.613319126418,16106.854150364172,-189.7591687622462,-0.005086634759831857
adamw_grpo,AdamW + GRPO,25,q_proj,attn,model.layers.25.self_attn.q_proj.weight,24555.210708810777,27057.49330586471,2502.2825970539343,0.042143894498407476
adamw_grpo,AdamW + GRPO,25,v_proj,attn,model.layers.25.self_attn.v_proj.weight,4.337190824833435,4.3372294045789355,3.8579745500477713e-05,3.863075604180868e-06
adamw_grpo,AdamW + GRPO,26,down_proj,mlp,model.layers.26.mlp.down_proj.weight,8.741682232718533,8.742040234863094,0.0003580021445603876,1.778549804847586e-05
adamw_grpo,AdamW + GRPO,26,gate_proj,mlp,model.layers.26.mlp.gate_proj.weight,20.0336868429297,20.033971520744903,0.00028467781520191693,6.171261776425477e-06
adamw_grpo,AdamW + GRPO,26,up_proj,mlp,model.layers.26.mlp.up_proj.weight,18.54966977174175,18.54927833016029,-0.0003914415814598726,-9.164729865387992e-06
adamw_grpo,AdamW + GRPO,26,k_proj,attn,model.layers.26.self_attn.k_proj.weight,18.924022446774764,18.909513262072966,-0.014509184701797295,-0.00033310442937779225
adamw_grpo,AdamW + GRPO,26,o_proj,attn,model.layers.26.self_attn.o_proj.weight,32723.99759321507,31730.337013389835,-993.6605798252349,-0.013391667206149
adamw_grpo,AdamW + GRPO,26,q_proj,attn,model.layers.26.self_attn.q_proj.weight,48120.87790718429,45377.12681249702,-2743.7510946872644,-0.025496548142372902
adamw_grpo,AdamW + GRPO,26,v_proj,attn,model.layers.26.self_attn.v_proj.weight,4.835564685889436,4.837402280353478,0.0018375944640425246,0.00016500772681125853
adamw_grpo,AdamW + GRPO,27,down_proj,mlp,model.layers.27.mlp.down_proj.weight,11.983131396493501,11.985049087451886,0.0019176909583844548,6.949568854900073e-05
adamw_grpo,AdamW + GRPO,27,gate_proj,mlp,model.layers.27.mlp.gate_proj.weight,34.01131673372879,34.00878498799009,-0.0025317457387004083,-3.2329360779429276e-05
adamw_grpo,AdamW + GRPO,27,up_proj,mlp,model.layers.27.mlp.up_proj.weight,27.05991417573715,27.05546667599764,-0.0044474997395091975,-7.138542015534623e-05
adamw_grpo,AdamW + GRPO,27,k_proj,attn,model.layers.27.self_attn.k_proj.weight,16.960271595775623,16.952102951222173,-0.008168644553450122,-0.00020922140488202176
adamw_grpo,AdamW + GRPO,27,o_proj,attn,model.layers.27.self_attn.o_proj.weight,99634.79632267175,89403.67280652559,-10231.123516146166,-0.04705567685413881
adamw_grpo,AdamW + GRPO,27,q_proj,attn,model.layers.27.self_attn.q_proj.weight,91711.44628086085,88365.3748021402,-3346.0714787206525,-0.016141418425179774
adamw_grpo,AdamW + GRPO,27,v_proj,attn,model.layers.27.self_attn.v_proj.weight,7.853791579470053,7.854993883717728,0.001202304247675201,6.647924533408803e-05
adamw_grpo,AdamW + GRPO,3,down_proj,mlp,model.layers.3.mlp.down_proj.weight,10.758270959803003,10.758132335295445,-0.0001386245075583048,-5.5960894452553044e-06
adamw_grpo,AdamW + GRPO,3,gate_proj,mlp,model.layers.3.mlp.gate_proj.weight,13.999766940935217,14.000545725982029,0.0007787850468119473,2.415844798092021e-05
adamw_grpo,AdamW + GRPO,3,up_proj,mlp,model.layers.3.mlp.up_proj.weight,7.592358408260811,7.592176335256175,-0.00018207300463579656,-1.0414978470688627e-05
adamw_grpo,AdamW + GRPO,3,k_proj,attn,model.layers.3.self_attn.k_proj.weight,15.502942945207748,15.506278392179862,0.0033354469721142976,9.342809382386534e-05
adamw_grpo,AdamW + GRPO,3,o_proj,attn,model.layers.3.self_attn.o_proj.weight,16528.241725287102,15754.678111362071,-773.563613925031,-0.02081712137474366
adamw_grpo,AdamW + GRPO,3,q_proj,attn,model.layers.3.self_attn.q_proj.weight,75355.26316454641,104669.77368193977,29314.510517393355,0.1427076942619235
adamw_grpo,AdamW + GRPO,3,v_proj,attn,model.layers.3.self_attn.v_proj.weight,3.891617107326821,3.8915672806224806,-4.9826704340283356e-05,-5.560567929053913e-06
adamw_grpo,AdamW + GRPO,4,down_proj,mlp,model.layers.4.mlp.down_proj.weight,11.15720155550664,11.158518809612634,0.0013172541059933707,5.127113808574387e-05
adamw_grpo,AdamW + GRPO,4,gate_proj,mlp,model.layers.4.mlp.gate_proj.weight,17.495981170242754,17.495812182269777,-0.00016898797297670853,-4.194728943025998e-06
adamw_grpo,AdamW + GRPO,4,up_proj,mlp,model.layers.4.mlp.up_proj.weight,8.782003015120793,8.780831077275952,-0.0011719378448411533,-5.795945429149229e-05
adamw_grpo,AdamW + GRPO,4,k_proj,attn,model.layers.4.self_attn.k_proj.weight,23.93670634239095,23.91537643326352,-0.02132990912742727,-0.0003871707106455293
adamw_grpo,AdamW + GRPO,4,o_proj,attn,model.layers.4.self_attn.o_proj.weight,8582.208719375358,8824.26251911929,242.05379974393145,0.01207934738284597
adamw_grpo,AdamW + GRPO,4,q_proj,attn,model.layers.4.self_attn.q_proj.weight,19385.367499083055,20703.988359447605,1318.62086036455,0.028579976231325997
adamw_grpo,AdamW + GRPO,4,v_proj,attn,model.layers.4.self_attn.v_proj.weight,3.7875720759658726,3.787352801801509,-0.00021927416436362535,-2.5143367405045914e-05
adamw_grpo,AdamW + GRPO,5,down_proj,mlp,model.layers.5.mlp.down_proj.weight,12.388049471794826,12.388315167227052,0.0002656954322262095,9.314527112276539e-06
adamw_grpo,AdamW + GRPO,5,gate_proj,mlp,model.layers.5.mlp.gate_proj.weight,20.634483011844836,20.635302506872666,0.000819495027830186,1.7247589930833438e-05
adamw_grpo,AdamW + GRPO,5,up_proj,mlp,model.layers.5.mlp.up_proj.weight,8.094579137228608,8.095356171939317,0.0007770347107083353,4.1687861121427646e-05
adamw_grpo,AdamW + GRPO,5,k_proj,attn,model.layers.5.self_attn.k_proj.weight,22.35050954040556,22.35169388198231,0.0011843415767494037,2.301242320117854e-05
adamw_grpo,AdamW + GRPO,5,o_proj,attn,model.layers.5.self_attn.o_proj.weight,14934.50156341116,13485.960995110376,-1448.5405683007848,-0.04430883342310813
adamw_grpo,AdamW + GRPO,5,q_proj,attn,model.layers.5.self_attn.q_proj.weight,14969.234018258956,15650.719776690148,681.4857584311922,0.01933473765957371
adamw_grpo,AdamW + GRPO,5,v_proj,attn,model.layers.5.self_attn.v_proj.weight,3.3558693468749854,3.3561149517536193,0.00024560487863389824,3.178340080102059e-05
adamw_grpo,AdamW + GRPO,6,down_proj,mlp,model.layers.6.mlp.down_proj.weight,9.162314837809912,9.161665455300591,-0.000649382509321228,-3.078187555863985e-05
adamw_grpo,AdamW + GRPO,6,gate_proj,mlp,model.layers.6.mlp.gate_proj.weight,19.228406692239826,19.225743062130107,-0.0026636301097191506,-6.016515084702027e-05
adamw_grpo,AdamW + GRPO,6,up_proj,mlp,model.layers.6.mlp.up_proj.weight,7.421489572866498,7.420026074013646,-0.0014634988528516857,-8.565021164250045e-05
adamw_grpo,AdamW + GRPO,6,k_proj,attn,model.layers.6.self_attn.k_proj.weight,22.193674123897594,22.186396564825287,-0.007277559072306872,-0.00014243347187640058
adamw_grpo,AdamW + GRPO,6,o_proj,attn,model.layers.6.self_attn.o_proj.weight,70513.61868597266,49945.14920928102,-20568.469476691636,-0.1497796878870127
adamw_grpo,AdamW + GRPO,6,q_proj,attn,model.layers.6.self_attn.q_proj.weight,18604.75910456698,20306.37883450291,1701.61972993593,0.0380084329683542
adamw_grpo,AdamW + GRPO,6,v_proj,attn,model.layers.6.self_attn.v_proj.weight,3.2802787964379356,3.280745275384151,0.00046647894621543173,6.175536940243447e-05
adamw_grpo,AdamW + GRPO,7,down_proj,mlp,model.layers.7.mlp.down_proj.weight,7.967968298583799,7.967990558135425,2.225955162593607e-05,1.2132561997477363e-06
adamw_grpo,AdamW + GRPO,7,gate_proj,mlp,model.layers.7.mlp.gate_proj.weight,16.82272426896548,16.823329951332937,0.00060568236745695,1.5635979677049376e-05
adamw_grpo,AdamW + GRPO,7,up_proj,mlp,model.layers.7.mlp.up_proj.weight,8.451906164480205,8.45169972746099,-0.00020643701921407853,-1.0607731732851752e-05
adamw_grpo,AdamW + GRPO,7,k_proj,attn,model.layers.7.self_attn.k_proj.weight,30.442592542837964,30.43343699002216,-0.009155552815805379,-0.00013063289860293394
adamw_grpo,AdamW + GRPO,7,o_proj,attn,model.layers.7.self_attn.o_proj.weight,9457.463639954845,8848.177880946918,-609.2857590079275,-0.028920835318738822
adamw_grpo,AdamW + GRPO,7,q_proj,attn,model.layers.7.self_attn.q_proj.weight,9030.470682093728,9344.813163883295,314.3424817895666,0.014860235704000975
adamw_grpo,AdamW + GRPO,7,v_proj,attn,model.layers.7.self_attn.v_proj.weight,4.6148320901395445,4.614942302312047,0.00011021217250206661,1.0371767786150451e-05
adamw_grpo,AdamW + GRPO,8,down_proj,mlp,model.layers.8.mlp.down_proj.weight,8.059006885143106,8.059263189417399,0.00025630427429312874,1.3811845999411893e-05
adamw_grpo,AdamW + GRPO,8,gate_proj,mlp,model.layers.8.mlp.gate_proj.weight,15.70276662952571,15.703142225199842,0.00037559567413225636,1.0387798644139735e-05
adamw_grpo,AdamW + GRPO,8,up_proj,mlp,model.layers.8.mlp.up_proj.weight,11.03707620181019,11.03716472453975,8.85227295590596e-05,3.483239410007766e-06
adamw_grpo,AdamW + GRPO,8,k_proj,attn,model.layers.8.self_attn.k_proj.weight,26.24428190856445,26.249791787975383,0.005509879410933394,9.116877637431915e-05
adamw_grpo,AdamW + GRPO,8,o_proj,attn,model.layers.8.self_attn.o_proj.weight,8728.55329977634,8626.286599491192,-102.26670028514854,-0.005118385183329182
adamw_grpo,AdamW + GRPO,8,q_proj,attn,model.layers.8.self_attn.q_proj.weight,20459.276858621644,20078.00313923181,-381.2737193898356,-0.008169761535227195
adamw_grpo,AdamW + GRPO,8,v_proj,attn,model.layers.8.self_attn.v_proj.weight,2.614956506444022,2.6150997020151125,0.00014319557109043757,2.378140650664505e-05
adamw_grpo,AdamW + GRPO,9,down_proj,mlp,model.layers.9.mlp.down_proj.weight,11.96143651469935,11.961869526217484,0.0004330115181332417,1.572144858448242e-05
adamw_grpo,AdamW + GRPO,9,gate_proj,mlp,model.layers.9.mlp.gate_proj.weight,17.04541620966512,17.045792269868794,0.0003760602036742,9.58140697324028e-06
adamw_grpo,AdamW + GRPO,9,up_proj,mlp,model.layers.9.mlp.up_proj.weight,8.607523542303687,8.607574360047414,5.081774372683867e-05,2.5640127994886528e-06
adamw_grpo,AdamW + GRPO,9,k_proj,attn,model.layers.9.self_attn.k_proj.weight,29.979145885547403,29.98335721395915,0.004211328411745541,6.100334706424024e-05
adamw_grpo,AdamW + GRPO,9,o_proj,attn,model.layers.9.self_attn.o_proj.weight,26480.436490575365,29432.822210396167,2952.3857198208025,0.04590676755071139
adamw_grpo,AdamW + GRPO,9,q_proj,attn,model.layers.9.self_attn.q_proj.weight,35295.52653603585,41308.558228002315,6013.031691966462,0.06832037222472655
adamw_grpo,AdamW + GRPO,9,v_proj,attn,model.layers.9.self_attn.v_proj.weight,3.911800039733773,3.9117264101317115,-7.362960206158675e-05,-8.174556598202615e-06
muon_grpo,Muon + GRPO,-1,embed,embed,model.embed_tokens.weight,69.18641058154057,69.1860779520456,-0.0003326294949772546,-2.087975084041703e-06
muon_grpo,Muon + GRPO,0,down_proj,mlp,model.layers.0.mlp.down_proj.weight,10.546793843948734,10.547044416299494,0.0002505723507599811,1.0317912550098654e-05
muon_grpo,Muon + GRPO,0,gate_proj,mlp,model.layers.0.mlp.gate_proj.weight,50.790417231602824,50.78802531327433,-0.0023919183284917267,-2.045309822427321e-05
muon_grpo,Muon + GRPO,0,up_proj,mlp,model.layers.0.mlp.up_proj.weight,30.557746350661454,30.558366767592226,0.0006204169307721941,8.817434086516712e-06
muon_grpo,Muon + GRPO,0,k_proj,attn,model.layers.0.self_attn.k_proj.weight,18.73935745084044,18.73787627302514,-0.0014811778153003274,-3.432843293486659e-05
muon_grpo,Muon + GRPO,0,o_proj,attn,model.layers.0.self_attn.o_proj.weight,38555.79005042446,36311.75695578388,-2244.033094640581,-0.026042343825915068
muon_grpo,Muon + GRPO,0,q_proj,attn,model.layers.0.self_attn.q_proj.weight,184976.8751259078,181353.15080203512,-3623.7243238726805,-0.008592333146960753
muon_grpo,Muon + GRPO,0,v_proj,attn,model.layers.0.self_attn.v_proj.weight,7.7755061789352835,7.773844598713219,-0.0016615802220645293,-9.281610978463394e-05
muon_grpo,Muon + GRPO,1,down_proj,mlp,model.layers.1.mlp.down_proj.weight,8.998430005007657,8.998443559123988,1.3554116330638522e-05,6.541667260556573e-07
muon_grpo,Muon + GRPO,1,gate_proj,mlp,model.layers.1.mlp.gate_proj.weight,33.91668364456576,33.914946721202845,-0.0017369233629125347,-2.2241430085019044e-05
muon_grpo,Muon + GRPO,1,up_proj,mlp,model.layers.1.mlp.up_proj.weight,37.735381088331756,37.73476975101269,-0.0006113373190643756,-7.035905488591724e-06
muon_grpo,Muon + GRPO,1,k_proj,attn,model.layers.1.self_attn.k_proj.weight,30.087513316132128,30.08297395040305,-0.00453936572907665,-6.552785529177414e-05
muon_grpo,Muon + GRPO,1,o_proj,attn,model.layers.1.self_attn.o_proj.weight,49034.98587834326,52181.906617595865,3146.9207392526077,0.027013888702065385
muon_grpo,Muon + GRPO,1,q_proj,attn,model.layers.1.self_attn.q_proj.weight,1074758.1049613138,410451.4329541275,-664306.6720071863,-0.41804895270233305
muon_grpo,Muon + GRPO,1,v_proj,attn,model.layers.1.self_attn.v_proj.weight,3.341969736117407,3.3419464778061516,-2.3258311255602848e-05,-3.0224664443727717e-06
muon_grpo,Muon + GRPO,10,down_proj,mlp,model.layers.10.mlp.down_proj.weight,13.491719978091211,13.491708283769228,-1.1694321983668488e-05,-3.764369344000166e-07
muon_grpo,Muon + GRPO,10,gate_proj,mlp,model.layers.10.mlp.gate_proj.weight,16.210019773701827,16.209161205434917,-0.0008585682669099981,-2.3003138850632103e-05
muon_grpo,Muon + GRPO,10,up_proj,mlp,model.layers.10.mlp.up_proj.weight,8.538043575643336,8.538219691196476,0.0001761155531401215,8.958167453115845e-06
muon_grpo,Muon + GRPO,10,k_proj,attn,model.layers.10.self_attn.k_proj.weight,24.034098760920294,24.03964863620195,0.005549875281655403,0.00010027428071593002
muon_grpo,Muon + GRPO,10,o_proj,attn,model.layers.10.self_attn.o_proj.weight,15508.710116684786,14625.98749802245,-882.7226186623357,-0.025450480511582243
muon_grpo,Muon + GRPO,10,q_proj,attn,model.layers.10.self_attn.q_proj.weight,12813.850813777506,13370.34137047806,556.4905567005535,0.018462832396158677
muon_grpo,Muon + GRPO,10,v_proj,attn,model.layers.10.self_attn.v_proj.weight,3.2994636012714755,3.299274900303387,-0.00018870096808853987,-2.4838623071193393e-05
muon_grpo,Muon + GRPO,11,down_proj,mlp,model.layers.11.mlp.down_proj.weight,16.054627449194015,16.053445717908545,-0.0011817312854702777,-3.196824511600559e-05
muon_grpo,Muon + GRPO,11,gate_proj,mlp,model.layers.11.mlp.gate_proj.weight,13.225697438590451,13.225666922370896,-3.051621955485473e-05,-1.0020674608963623e-06
muon_grpo,Muon + GRPO,11,up_proj,mlp,model.layers.11.mlp.up_proj.weight,6.605510357941471,6.605487789660276,-2.2568281194956796e-05,-1.483806125684877e-06
muon_grpo,Muon + GRPO,11,k_proj,attn,model.layers.11.self_attn.k_proj.weight,21.610944081803808,21.611254939464626,0.0003108576608177316,6.246964282701414e-06
muon_grpo,Muon + GRPO,11,o_proj,attn,model.layers.11.self_attn.o_proj.weight,139258.46738802953,94761.1731078774,-44497.29428015213,-0.16719118274163033
muon_grpo,Muon + GRPO,11,q_proj,attn,model.layers.11.self_attn.q_proj.weight,28543.812668067454,29339.75044561001,795.9377775425564,0.011944433107550174
muon_grpo,Muon + GRPO,11,v_proj,attn,model.layers.11.self_attn.v_proj.weight,2.8678401021237847,2.8677262906428282,-0.00011381148095646054,-1.723550728152757e-05
muon_grpo,Muon + GRPO,12,down_proj,mlp,model.layers.12.mlp.down_proj.weight,14.145448240851502,14.145424264448414,-2.3976403088710185e-05,-7.361257278531646e-07
muon_grpo,Muon + GRPO,12,gate_proj,mlp,model.layers.12.mlp.gate_proj.weight,18.888272791501652,18.88755702798924,-0.0007157635124137585,-1.6457726822211207e-05
muon_grpo,Muon + GRPO,12,up_proj,mlp,model.layers.12.mlp.up_proj.weight,8.061255117094625,8.061027467494755,-0.0002276495998696504,-1.2264636166588665e-05
muon_grpo,Muon + GRPO,12,k_proj,attn,model.layers.12.self_attn.k_proj.weight,20.867707840632306,20.86408124729595,-0.0036265933363566205,-7.54824805010627e-05
muon_grpo,Muon + GRPO,12,o_proj,attn,model.layers.12.self_attn.o_proj.weight,102000.14319866779,120966.42896669422,18966.285768026428,0.07406407861849491
muon_grpo,Muon + GRPO,12,q_proj,attn,model.layers.12.self_attn.q_proj.weight,14798.684955393119,15174.501799714719,375.8168443216,0.010891316761394815
muon_grpo,Muon + GRPO,12,v_proj,attn,model.layers.12.self_attn.v_proj.weight,2.550671517667282,2.5506945774467096,2.3059779427736515e-05,3.926295338411463e-06
muon_grpo,Muon + GRPO,13,down_proj,mlp,model.layers.13.mlp.down_proj.weight,30.005646690345184,30.006070020225906,0.00042332988072146804,6.127131210420695e-06
muon_grpo,Muon + GRPO,13,gate_proj,mlp,model.layers.13.mlp.gate_proj.weight,12.316046719506732,12.316585245881335,0.0005385263746031654,1.8989366074674203e-05
muon_grpo,Muon + GRPO,13,up_proj,mlp,model.layers.13.mlp.up_proj.weight,6.311217662216599,6.31044585056333,-0.0007718116532693386,-5.311400389683654e-05
muon_grpo,Muon + GRPO,13,k_proj,attn,model.layers.13.self_attn.k_proj.weight,41.906820743475016,41.91199098857648,0.00517024510146058,5.3577684390873684e-05
muon_grpo,Muon + GRPO,13,o_proj,attn,model.layers.13.self_attn.o_proj.weight,9641.296136551193,9737.174623312983,95.87848676179055,0.004297535964199663
muon_grpo,Muon + GRPO,13,q_proj,attn,model.layers.13.self_attn.q_proj.weight,57124.68510683214,47333.204437152184,-9791.480669679957,-0.08165791207783497
muon_grpo,Muon + GRPO,13,v_proj,attn,model.layers.13.self_attn.v_proj.weight,3.7001013163270056,3.7000209163193127,-8.040000769282685e-05,-9.436946739408179e-06
muon_grpo,Muon + GRPO,14,down_proj,mlp,model.layers.14.mlp.down_proj.weight,12.14858893422566,12.148294569506383,-0.0002943647192772403,-1.0523240417719154e-05
muon_grpo,Muon + GRPO,14,gate_proj,mlp,model.layers.14.mlp.gate_proj.weight,13.416229041756727,13.416377717755326,0.00014867599859869074,4.81273894569151e-06
muon_grpo,Muon + GRPO,14,up_proj,mlp,model.layers.14.mlp.up_proj.weight,6.92702720942221,6.9264465363294,-0.00058067309281018,-3.640720367655972e-05
muon_grpo,Muon + GRPO,14,k_proj,attn,model.layers.14.self_attn.k_proj.weight,23.136335100841148,23.139997861025766,0.0036627601846177527,6.87485994772807e-05
muon_grpo,Muon + GRPO,14,o_proj,attn,model.layers.14.self_attn.o_proj.weight,6453.263467239998,6445.30760246093,-7.955864779068179,-0.0005357475013032552
muon_grpo,Muon + GRPO,14,q_proj,attn,model.layers.14.self_attn.q_proj.weight,12016.462412922161,11869.69425969529,-146.7681532268707,-0.005337099821171465
muon_grpo,Muon + GRPO,14,v_proj,attn,model.layers.14.self_attn.v_proj.weight,6.809948120874071,6.809360840358335,-0.0005872805157363103,-3.745457103553604e-05
muon_grpo,Muon + GRPO,15,down_proj,mlp,model.layers.15.mlp.down_proj.weight,12.83113835849419,12.83096761430212,-0.00017074419207041558,-5.779203040707938e-06
muon_grpo,Muon + GRPO,15,gate_proj,mlp,model.layers.15.mlp.gate_proj.weight,16.831657108500657,16.832820978167355,0.0011638696666977921,3.0029408018843047e-05
muon_grpo,Muon + GRPO,15,up_proj,mlp,model.layers.15.mlp.up_proj.weight,9.399973299687645,9.400115516584806,0.00014221689716187313,6.5706087110160786e-06
muon_grpo,Muon + GRPO,15,k_proj,attn,model.layers.15.self_attn.k_proj.weight,25.442585553328566,25.43915256653527,-0.0034329867932960667,-5.8603627868420695e-05
muon_grpo,Muon + GRPO,15,o_proj,attn,model.layers.15.self_attn.o_proj.weight,29248.74824238646,26881.61281626577,-2367.1354261206907,-0.03665196279899186
muon_grpo,Muon + GRPO,15,q_proj,attn,model.layers.15.self_attn.q_proj.weight,23869.157071525828,25613.905730701972,1744.7486591761444,0.03063872445059205
muon_grpo,Muon + GRPO,15,v_proj,attn,model.layers.15.self_attn.v_proj.weight,3.3575600712900404,3.3574048184349565,-0.0001552528550838872,-2.008214767522195e-05
muon_grpo,Muon + GRPO,16,down_proj,mlp,model.layers.16.mlp.down_proj.weight,9.686499227673869,9.686297669857606,-0.000201557816263076,-9.036944727548932e-06
muon_grpo,Muon + GRPO,16,gate_proj,mlp,model.layers.16.mlp.gate_proj.weight,12.919883539201004,12.919270879350725,-0.0006126598502795844,-2.059469810817206e-05
muon_grpo,Muon + GRPO,16,up_proj,mlp,model.layers.16.mlp.up_proj.weight,6.159145316251316,6.159705943837579,0.0005606275862630739,3.952924865222941e-05
muon_grpo,Muon + GRPO,16,k_proj,attn,model.layers.16.self_attn.k_proj.weight,20.671141321487564,20.668338153979924,-0.00280316750763987,-5.889770252221306e-05
muon_grpo,Muon + GRPO,16,o_proj,attn,model.layers.16.self_attn.o_proj.weight,41529.00729033527,43137.985256246866,1608.9779659115957,0.016508307820166972
muon_grpo,Muon + GRPO,16,q_proj,attn,model.layers.16.self_attn.q_proj.weight,103943.38985456145,98173.00898193468,-5770.380872626774,-0.02480477391728853
muon_grpo,Muon + GRPO,16,v_proj,attn,model.layers.16.self_attn.v_proj.weight,2.78870242790059,2.788733622437666,3.119453707611797e-05,4.858008301908506e-06
muon_grpo,Muon + GRPO,17,down_proj,mlp,model.layers.17.mlp.down_proj.weight,6.7996349709306605,6.799691862540631,5.6891609970577406e-05,3.6336669570769656e-06
muon_grpo,Muon + GRPO,17,gate_proj,mlp,model.layers.17.mlp.gate_proj.weight,17.968770886906377,17.969438009055906,0.0006671221495295754,1.612364540299308e-05
muon_grpo,Muon + GRPO,17,up_proj,mlp,model.layers.17.mlp.up_proj.weight,12.572357420855843,12.571940035039031,-0.00041738581681194376,-1.4418247906957346e-05
muon_grpo,Muon + GRPO,17,k_proj,attn,model.layers.17.self_attn.k_proj.weight,15.488632202364206,15.488220533261673,-0.0004116691025330965,-1.154317523063166e-05
muon_grpo,Muon + GRPO,17,o_proj,attn,model.layers.17.self_attn.o_proj.weight,57591.66094582242,54729.10743595664,-2862.5535098657783,-0.02214123838640523
muon_grpo,Muon + GRPO,17,q_proj,attn,model.layers.17.self_attn.q_proj.weight,13024.993728263826,13199.423124835193,174.42939657136776,0.005777428113189185
muon_grpo,Muon + GRPO,17,v_proj,attn,model.layers.17.self_attn.v_proj.weight,4.045377579425002,4.045308758308715,-6.882111628758736e-05,-7.3884043442460046e-06
muon_grpo,Muon + GRPO,18,down_proj,mlp,model.layers.18.mlp.down_proj.weight,6.643981466821017,6.643800948865286,-0.000180517955731041,-1.180000539002227e-05
muon_grpo,Muon + GRPO,18,gate_proj,mlp,model.layers.18.mlp.gate_proj.weight,18.455846043796296,18.45574163426968,-0.00010440952661738834,-2.4569239158158454e-06
muon_grpo,Muon + GRPO,18,up_proj,mlp,model.layers.18.mlp.up_proj.weight,10.672724442726581,10.671885235056104,-0.0008392076704772933,-3.415037952428209e-05
muon_grpo,Muon + GRPO,18,k_proj,attn,model.layers.18.self_attn.k_proj.weight,22.852605445749074,22.850661580781154,-0.0019438649679202058,-3.6943084578716855e-05
muon_grpo,Muon + GRPO,18,o_proj,attn,model.layers.18.self_attn.o_proj.weight,21937.349567301397,20135.048271658754,-1802.3012956426428,-0.037231480578674994
muon_grpo,Muon + GRPO,18,q_proj,attn,model.layers.18.self_attn.q_proj.weight,33741.713223670544,35779.42055650817,2037.7073328376282,0.025466172977296173
muon_grpo,Muon + GRPO,18,v_proj,attn,model.layers.18.self_attn.v_proj.weight,2.1434580875579408,2.1435075807255193,4.949316757851818e-05,1.0027889764207797e-05
muon_grpo,Muon + GRPO,19,down_proj,mlp,model.layers.19.mlp.down_proj.weight,7.114441587440737,7.114108839254075,-0.00033274818666217953,-2.0312779169125255e-05
muon_grpo,Muon + GRPO,19,gate_proj,mlp,model.layers.19.mlp.gate_proj.weight,18.805480505433707,18.804874254067997,-0.0006062513657099089,-1.4001017777179389e-05
muon_grpo,Muon + GRPO,19,up_proj,mlp,model.layers.19.mlp.up_proj.weight,10.390484231630769,10.389633190030258,-0.000851041600510527,-3.557272210533884e-05
muon_grpo,Muon + GRPO,19,k_proj,attn,model.layers.19.self_attn.k_proj.weight,22.401692950673606,22.407548391261273,0.005855440587666294,0.00011350272732377865
muon_grpo,Muon + GRPO,19,o_proj,attn,model.layers.19.self_attn.o_proj.weight,24022.826455842358,23278.665714097693,-744.1607417446648,-0.013666020085449525
muon_grpo,Muon + GRPO,19,q_proj,attn,model.layers.19.self_attn.q_proj.weight,25682.89091427411,26672.617378388608,989.7264641144975,0.01642172785998371
muon_grpo,Muon + GRPO,19,v_proj,attn,model.layers.19.self_attn.v_proj.weight,3.008918396896258,3.0089862989212683,6.79020250102802e-05,9.800578860579283e-06
muon_grpo,Muon + GRPO,2,down_proj,mlp,model.layers.2.mlp.down_proj.weight,13.20255066881167,13.203677879223708,0.0011272104120383375,3.707771151782316e-05
muon_grpo,Muon + GRPO,2,gate_proj,mlp,model.layers.2.mlp.gate_proj.weight,17.38657445257771,17.38606077983463,-0.0005136727430823385,-1.2831080322224064e-05
muon_grpo,Muon + GRPO,2,up_proj,mlp,model.layers.2.mlp.up_proj.weight,8.916099391549464,8.915017823074903,-0.0010815684745608678,-5.268533824602398e-05
muon_grpo,Muon + GRPO,2,k_proj,attn,model.layers.2.self_attn.k_proj.weight,17.246031056628958,17.24701872352876,0.00098766689980323,2.4870997919568774e-05
muon_grpo,Muon + GRPO,2,o_proj,attn,model.layers.2.self_attn.o_proj.weight,31093.030750193404,31752.87106134469,659.8403111512853,0.009119943494822725
muon_grpo,Muon + GRPO,2,q_proj,attn,model.layers.2.self_attn.q_proj.weight,24610.069351651575,23936.722224394685,-673.3471272568895,-0.012048157537801061
muon_grpo,Muon + GRPO,2,v_proj,attn,model.layers.2.self_attn.v_proj.weight,3.1911166787384015,3.191352641739815,0.0002359630014132641,3.211215733229014e-05
muon_grpo,Muon + GRPO,20,down_proj,mlp,model.layers.20.mlp.down_proj.weight,7.516513788547348,7.516869750482655,0.0003559619353072918,2.056653499184343e-05
muon_grpo,Muon + GRPO,20,gate_proj,mlp,model.layers.20.mlp.gate_proj.weight,19.204884886797178,19.205160532126527,0.0002756453293493166,6.233330067408195e-06
muon_grpo,Muon + GRPO,20,up_proj,mlp,model.layers.20.mlp.up_proj.weight,11.187456334212877,11.187630323918865,0.0001739897059884754,6.7541878495896585e-06
muon_grpo,Muon + GRPO,20,k_proj,attn,model.layers.20.self_attn.k_proj.weight,22.072850031907265,22.074642022608195,0.0017919907009300573,3.5256891716581206e-05
muon_grpo,Muon + GRPO,20,o_proj,attn,model.layers.20.self_attn.o_proj.weight,123534.76145527787,497958.0084605197,374423.24700524186,0.605403540400755
muon_grpo,Muon + GRPO,20,q_proj,attn,model.layers.20.self_attn.q_proj.weight,9243.896257866112,8912.403434575594,-331.4928232905186,-0.015860225519311853
muon_grpo,Muon + GRPO,20,v_proj,attn,model.layers.20.self_attn.v_proj.weight,6.942409244310096,6.942135003867621,-0.00027424044247492674,-1.7155926585451654e-05
muon_grpo,Muon + GRPO,21,down_proj,mlp,model.layers.21.mlp.down_proj.weight,9.390981919055381,9.390468502690725,-0.0005134163646562939,-2.3744054813420938e-05
muon_grpo,Muon + GRPO,21,gate_proj,mlp,model.layers.21.mlp.gate_proj.weight,17.629945642520745,17.629664719164776,-0.0002809233559695201,-6.920295606567199e-06
muon_grpo,Muon + GRPO,21,up_proj,mlp,model.layers.21.mlp.up_proj.weight,8.16699577216017,8.16638669701115,-0.0006090751490201995,-3.238985885570751e-05
muon_grpo,Muon + GRPO,21,k_proj,attn,model.layers.21.self_attn.k_proj.weight,29.992183020775197,29.99111647742376,-0.0010665433514382983,-1.544409514527761e-05
muon_grpo,Muon + GRPO,21,o_proj,attn,model.layers.21.self_attn.o_proj.weight,298850.6543733745,283570.21743013366,-15280.436943240813,-0.022793594919089576
muon_grpo,Muon + GRPO,21,q_proj,attn,model.layers.21.self_attn.q_proj.weight,14032.644030663625,14342.510774490142,309.86674382651654,0.00948567630767547
muon_grpo,Muon + GRPO,21,v_proj,attn,model.layers.21.self_attn.v_proj.weight,4.366601968716395,4.36682798257011,0.0002260138537151235,2.247835502699171e-05
muon_grpo,Muon + GRPO,22,down_proj,mlp,model.layers.22.mlp.down_proj.weight,9.904782336268656,9.904778422547418,-3.913721238646417e-06,-1.7160476783115138e-07
muon_grpo,Muon + GRPO,22,gate_proj,mlp,model.layers.22.mlp.gate_proj.weight,22.904187063530273,22.904471048914278,0.0002839853840050921,5.384715042836025e-06
muon_grpo,Muon + GRPO,22,up_proj,mlp,model.layers.22.mlp.up_proj.weight,12.79968858450657,12.799609513141316,-7.907136525453495e-05,-2.682906185606126e-06
muon_grpo,Muon + GRPO,22,k_proj,attn,model.layers.22.self_attn.k_proj.weight,20.39377999771742,20.39481369665163,0.0010336989342114578,2.2012513916840312e-05
muon_grpo,Muon + GRPO,22,o_proj,attn,model.layers.22.self_attn.o_proj.weight,35374.77308841131,35427.803888998234,53.03080058692285,0.0006505692124711574
muon_grpo,Muon + GRPO,22,q_proj,attn,model.layers.22.self_attn.q_proj.weight,47977.340735145204,53077.77828787189,5100.437552726689,0.04387656358347451
muon_grpo,Muon + GRPO,22,v_proj,attn,model.layers.22.self_attn.v_proj.weight,5.233505964972921,5.233053824455575,-0.0004521405173463222,-3.752180961102166e-05
muon_grpo,Muon + GRPO,23,down_proj,mlp,model.layers.23.mlp.down_proj.weight,11.80645745879601,11.80575966572583,-0.0006977930701790314,-2.5668718729709705e-05
muon_grpo,Muon + GRPO,23,gate_proj,mlp,model.layers.23.mlp.gate_proj.weight,19.84423847022627,19.842709398252826,-0.001529071973443763,-3.3465285515478616e-05
muon_grpo,Muon + GRPO,23,up_proj,mlp,model.layers.23.mlp.up_proj.weight,10.79189058648552,10.792425707980211,0.0005351214946909266,2.153418335509102e-05
muon_grpo,Muon + GRPO,23,k_proj,attn,model.layers.23.self_attn.k_proj.weight,16.001526800630636,16.00691927074455,0.005392470113914527,0.00014633137961370376
muon_grpo,Muon + GRPO,23,o_proj,attn,model.layers.23.self_attn.o_proj.weight,13053.866526333686,13180.794266622335,126.92774028864915,0.004202413575012556
muon_grpo,Muon + GRPO,23,q_proj,attn,model.layers.23.self_attn.q_proj.weight,764874.9518123881,918742.3646663949,153867.41285400675,0.07960330399990656
muon_grpo,Muon + GRPO,23,v_proj,attn,model.layers.23.self_attn.v_proj.weight,4.042193780833294,4.042396744904373,0.00020296407107878167,2.180597170182501e-05
muon_grpo,Muon + GRPO,24,down_proj,mlp,model.layers.24.mlp.down_proj.weight,10.013056479364716,10.012420003315187,-0.0006364760495287669,-2.7606637625433867e-05
muon_grpo,Muon + GRPO,24,gate_proj,mlp,model.layers.24.mlp.gate_proj.weight,21.0475855955308,21.049547002132226,0.001961406601424187,4.04696477797763e-05
muon_grpo,Muon + GRPO,24,up_proj,mlp,model.layers.24.mlp.up_proj.weight,13.895235392599337,13.89517931781512,-5.607478421687517e-05,-1.7526164767914108e-06
muon_grpo,Muon + GRPO,24,k_proj,attn,model.layers.24.self_attn.k_proj.weight,31.211181081905732,31.20910309483236,-0.0020779870733704797,-2.8915546658171546e-05
muon_grpo,Muon + GRPO,24,o_proj,attn,model.layers.24.self_attn.o_proj.weight,13596.107700858232,13398.68446153314,-197.42323932509316,-0.006352436543008732
muon_grpo,Muon + GRPO,24,q_proj,attn,model.layers.24.self_attn.q_proj.weight,119825.2524376554,98983.76745883773,-20841.48497881768,-0.08298437296223439
muon_grpo,Muon + GRPO,24,v_proj,attn,model.layers.24.self_attn.v_proj.weight,3.6003445004354857,3.600359636756109,1.5136320623110322e-05,1.8258271406768434e-06
muon_grpo,Muon + GRPO,25,down_proj,mlp,model.layers.25.mlp.down_proj.weight,9.428473935149443,9.428454092936997,-1.9842212445553287e-05,-9.139731944729662e-07
muon_grpo,Muon + GRPO,25,gate_proj,mlp,model.layers.25.mlp.gate_proj.weight,21.338091581274373,21.33852715939805,0.00043557812367822635,8.865237272348832e-06
muon_grpo,Muon + GRPO,25,up_proj,mlp,model.layers.25.mlp.up_proj.weight,18.112209505291784,18.11274118302141,0.0005316777296258124,1.2748379211378094e-05
muon_grpo,Muon + GRPO,25,k_proj,attn,model.layers.25.self_attn.k_proj.weight,22.462953951457504,22.46491109195117,0.0019571404936655767,3.783733397639611e-05
muon_grpo,Muon + GRPO,25,o_proj,attn,model.layers.25.self_attn.o_proj.weight,16296.613319126418,16360.425084338269,63.8117652118508,0.0016972226593372347
muon_grpo,Muon + GRPO,25,q_proj,attn,model.layers.25.self_attn.q_proj.weight,24555.210708810777,26140.966841924288,1585.7561331135112,0.027177981052200116
muon_grpo,Muon + GRPO,25,v_proj,attn,model.layers.25.self_attn.v_proj.weight,4.337190824833435,4.337269453711104,7.86288776692956e-05,7.873247808939268e-06
muon_grpo,Muon + GRPO,26,down_proj,mlp,model.layers.26.mlp.down_proj.weight,8.741682232718533,8.741825436189696,0.00014320347116303367,7.114416453998372e-06
muon_grpo,Muon + GRPO,26,gate_proj,mlp,model.layers.26.mlp.gate_proj.weight,20.0336868429297,20.033012213132253,-0.0006746297974480342,-1.4625013055181268e-05
muon_grpo,Muon + GRPO,26,up_proj,mlp,model.layers.26.mlp.up_proj.weight,18.54966977174175,18.550127115593504,0.00045734385175322245,1.0707439275887403e-05
muon_grpo,Muon + GRPO,26,k_proj,attn,model.layers.26.self_attn.k_proj.weight,18.924022446774764,18.921815465312378,-0.0022069814623861816,-5.065179817604355e-05
muon_grpo,Muon + GRPO,26,o_proj,attn,model.layers.26.self_attn.o_proj.weight,32723.99759321507,31627.215401299196,-1096.7821919158741,-0.014805395639028843
muon_grpo,Muon + GRPO,26,q_proj,attn,model.layers.26.self_attn.q_proj.weight,48120.87790718429,58964.306120312336,10843.428213128049,0.08825565030138084
muon_grpo,Muon + GRPO,26,v_proj,attn,model.layers.26.self_attn.v_proj.weight,4.835564685889436,4.836674388676073,0.0011097027866373566,9.965382269575213e-05
muon_grpo,Muon + GRPO,27,down_proj,mlp,model.layers.27.mlp.down_proj.weight,11.983131396493501,11.984608422625804,0.0014770261323029388,5.3527308335225744e-05
muon_grpo,Muon + GRPO,27,gate_proj,mlp,model.layers.27.mlp.gate_proj.weight,34.01131673372879,34.01133473372142,1.7999992628858763e-05,2.298439505939675e-07
muon_grpo,Muon + GRPO,27,up_proj,mlp,model.layers.27.mlp.up_proj.weight,27.05991417573715,27.0590749976196,-0.0008391781175483004,-1.3468486066771441e-05
muon_grpo,Muon + GRPO,27,k_proj,attn,model.layers.27.self_attn.k_proj.weight,16.960271595775623,16.959294302784457,-0.0009772929911662231,-2.5025848187611484e-05
muon_grpo,Muon + GRPO,27,o_proj,attn,model.layers.27.self_attn.o_proj.weight,99634.79632267175,103712.58895500169,4077.7926323299325,0.017420438259582834
muon_grpo,Muon + GRPO,27,q_proj,attn,model.layers.27.self_attn.q_proj.weight,91711.44628086085,83725.2863298909,-7986.1599509699445,-0.03956690083613736
muon_grpo,Muon + GRPO,27,v_proj,attn,model.layers.27.self_attn.v_proj.weight,7.853791579470053,7.854444957733951,0.0006533782638982188,3.612863533061986e-05
muon_grpo,Muon + GRPO,3,down_proj,mlp,model.layers.3.mlp.down_proj.weight,10.758270959803003,10.758179892382826,-9.106742017728209e-05,-3.676264114035373e-06
muon_grpo,Muon + GRPO,3,gate_proj,mlp,model.layers.3.mlp.gate_proj.weight,13.999766940935217,14.00002181335157,0.0002548724163524696,7.906465651275263e-06
muon_grpo,Muon + GRPO,3,up_proj,mlp,model.layers.3.mlp.up_proj.weight,7.592358408260811,7.592078121614629,-0.00028028664618151566,-1.6033119643553766e-05
muon_grpo,Muon + GRPO,3,k_proj,attn,model.layers.3.self_attn.k_proj.weight,15.502942945207748,15.498559552803831,-0.004383392403916275,-0.00012281231503834735
muon_grpo,Muon + GRPO,3,o_proj,attn,model.layers.3.self_attn.o_proj.weight,16528.241725287102,17250.212651147922,721.97092586082,0.018567797413885576
muon_grpo,Muon + GRPO,3,q_proj,attn,model.layers.3.self_attn.q_proj.weight,75355.26316454641,74101.80024846179,-1253.4629160846234,-0.00728483189996838
muon_grpo,Muon + GRPO,3,v_proj,attn,model.layers.3.self_attn.v_proj.weight,3.891617107326821,3.8918079253485356,0.00019081802171472262,2.1294279458515963e-05
muon_grpo,Muon + GRPO,4,down_proj,mlp,model.layers.4.mlp.down_proj.weight,11.15720155550664,11.15718789249425,-1.3663012390807694e-05,-5.318335867053183e-07
muon_grpo,Muon + GRPO,4,gate_proj,mlp,model.layers.4.mlp.gate_proj.weight,17.495981170242754,17.495684125074796,-0.00029704516795803215,-7.3734745822726516e-06
muon_grpo,Muon + GRPO,4,up_proj,mlp,model.layers.4.mlp.up_proj.weight,8.782003015120793,8.78094505638798,-0.0010579587328134465,-5.232215439312001e-05
muon_grpo,Muon + GRPO,4,k_proj,attn,model.layers.4.self_attn.k_proj.weight,23.93670634239095,23.935923939608376,-0.0007824027825726887,-1.419571931294653e-05
muon_grpo,Muon + GRPO,4,o_proj,attn,model.layers.4.self_attn.o_proj.weight,8582.208719375358,8661.950558068858,79.74183869350054,0.004016628102303989
muon_grpo,Muon + GRPO,4,q_proj,attn,model.layers.4.self_attn.q_proj.weight,19385.367499083055,18295.656822319925,-1089.7106767631303,-0.025126033110837005
muon_grpo,Muon + GRPO,4,v_proj,attn,model.layers.4.self_attn.v_proj.weight,3.7875720759658726,3.7874606943980456,-0.00011138156782708464,-1.2771535586143273e-05
muon_grpo,Muon + GRPO,5,down_proj,mlp,model.layers.5.mlp.down_proj.weight,12.388049471794826,12.38868888371968,0.000639411924854727,2.2415627650818917e-05
muon_grpo,Muon + GRPO,5,gate_proj,mlp,model.layers.5.mlp.gate_proj.weight,20.634483011844836,20.634532091633336,4.907978849999495e-05,1.032982311992089e-06
muon_grpo,Muon + GRPO,5,up_proj,mlp,model.layers.5.mlp.up_proj.weight,8.094579137228608,8.095068062607288,0.0004889253786792835,2.62312811967547e-05
muon_grpo,Muon + GRPO,5,k_proj,attn,model.layers.5.self_attn.k_proj.weight,22.35050954040556,22.34823304870615,-0.00227649169941202,-4.423693941893088e-05
muon_grpo,Muon + GRPO,5,o_proj,attn,model.layers.5.self_attn.o_proj.weight,14934.50156341116,13667.990198852505,-1266.5113645586553,-0.03848607397388964
muon_grpo,Muon + GRPO,5,q_proj,attn,model.layers.5.self_attn.q_proj.weight,14969.234018258956,15157.293677559206,188.05965930025013,0.005422087403959272
muon_grpo,Muon + GRPO,5,v_proj,attn,model.layers.5.self_attn.v_proj.weight,3.3558693468749854,3.355896505941676,2.7159066690707334e-05,3.514733098939347e-06
muon_grpo,Muon + GRPO,6,down_proj,mlp,model.layers.6.mlp.down_proj.weight,9.162314837809912,9.162287460383785,-2.7377426127017657e-05,-1.2976942038973646e-06
muon_grpo,Muon + GRPO,6,gate_proj,mlp,model.layers.6.mlp.gate_proj.weight,19.228406692239826,19.226214335657634,-0.0021923565821921898,-4.951958134505303e-05
muon_grpo,Muon + GRPO,6,up_proj,mlp,model.layers.6.mlp.up_proj.weight,7.421489572866498,7.420731859559765,-0.00075771330673291,-4.434251432818922e-05
muon_grpo,Muon + GRPO,6,k_proj,attn,model.layers.6.self_attn.k_proj.weight,22.193674123897594,22.19463829062288,0.0009641667252857644,1.8866781173432708e-05
muon_grpo,Muon + GRPO,6,o_proj,attn,model.layers.6.self_attn.o_proj.weight,70513.61868597266,63438.84664074256,-7074.7720452301,-0.045917724165747076
muon_grpo,Muon + GRPO,6,q_proj,attn,model.layers.6.self_attn.q_proj.weight,18604.75910456698,18384.55814764122,-220.2009569257607,-0.005170854578763103
muon_grpo,Muon + GRPO,6,v_proj,attn,model.layers.6.self_attn.v_proj.weight,3.2802787964379356,3.2805103944446734,0.00023159800673777653,3.0661474850499636e-05
muon_grpo,Muon + GRPO,7,down_proj,mlp,model.layers.7.mlp.down_proj.weight,7.967968298583799,7.967953568387346,-1.4730196453704991e-05,-8.028707834689976e-07
muon_grpo,Muon + GRPO,7,gate_proj,mlp,model.layers.7.mlp.gate_proj.weight,16.82272426896548,16.823138216371852,0.0004139474063720172,1.0686310952665634e-05
muon_grpo,Muon + GRPO,7,up_proj,mlp,model.layers.7.mlp.up_proj.weight,8.451906164480205,8.45178140908253,-0.00012475539767464738,-6.41050428350124e-06
muon_grpo,Muon + GRPO,7,k_proj,attn,model.layers.7.self_attn.k_proj.weight,30.442592542837964,30.443282595671,0.0006900528330362476,9.844192497554098e-06
muon_grpo,Muon + GRPO,7,o_proj,attn,model.layers.7.self_attn.o_proj.weight,9457.463639954845,9432.610484519693,-24.853155435152075,-0.001142779474567958
muon_grpo,Muon + GRPO,7,q_proj,attn,model.layers.7.self_attn.q_proj.weight,9030.470682093728,9171.076553919858,140.60587182613017,0.006709931653039334
muon_grpo,Muon + GRPO,7,v_proj,attn,model.layers.7.self_attn.v_proj.weight,4.6148320901395445,4.614927712917022,9.562277747754422e-05,8.99881372651059e-06
muon_grpo,Muon + GRPO,8,down_proj,mlp,model.layers.8.mlp.down_proj.weight,8.059006885143106,8.05863257288388,-0.0003743122592254622,-2.0171905339221523e-05
muon_grpo,Muon + GRPO,8,gate_proj,mlp,model.layers.8.mlp.gate_proj.weight,15.70276662952571,15.703929514299396,0.0011628847736862014,3.2160940343399485e-05
muon_grpo,Muon + GRPO,8,up_proj,mlp,model.layers.8.mlp.up_proj.weight,11.03707620181019,11.037958413039195,0.0008822112290047812,3.471246822654513e-05
muon_grpo,Muon + GRPO,8,k_proj,attn,model.layers.8.self_attn.k_proj.weight,26.24428190856445,26.24187893777449,-0.0024029707899586583,-3.976655705638247e-05
muon_grpo,Muon + GRPO,8,o_proj,attn,model.layers.8.self_attn.o_proj.weight,8728.55329977634,9371.67582242272,643.1225226463794,0.03087498919447155
muon_grpo,Muon + GRPO,8,q_proj,attn,model.layers.8.self_attn.q_proj.weight,20459.276858621644,19017.138167638426,-1442.138690983218,-0.03174511749591957
muon_grpo,Muon + GRPO,8,v_proj,attn,model.layers.8.self_attn.v_proj.weight,2.614956506444022,2.6148596253765226,-9.68810674994991e-05,-1.6090398576248656e-05
muon_grpo,Muon + GRPO,9,down_proj,mlp,model.layers.9.mlp.down_proj.weight,11.96143651469935,11.961355801848258,-8.071285109245707e-05,-2.9305229410107406e-06
muon_grpo,Muon + GRPO,9,gate_proj,mlp,model.layers.9.mlp.gate_proj.weight,17.04541620966512,17.04560659708452,0.00019038741940136106,4.850790552059938e-06
muon_grpo,Muon + GRPO,9,up_proj,mlp,model.layers.9.mlp.up_proj.weight,8.607523542303687,8.607413374720277,-0.00011016758340964827,-5.558565075305944e-06
muon_grpo,Muon + GRPO,9,k_proj,attn,model.layers.9.self_attn.k_proj.weight,29.979145885547403,29.97172946930568,-0.007416416241724733,-0.00010745159755032885
muon_grpo,Muon + GRPO,9,o_proj,attn,model.layers.9.self_attn.o_proj.weight,26480.436490575365,25013.081451214646,-1467.3550393607184,-0.02475794220349597
muon_grpo,Muon + GRPO,9,q_proj,attn,model.layers.9.self_attn.q_proj.weight,35295.52653603585,31724.76540250531,-3570.7611335305446,-0.046321245784019985
muon_grpo,Muon + GRPO,9,v_proj,attn,model.layers.9.self_attn.v_proj.weight,3.911800039733773,3.9117837411766674,-1.629855710572059e-05,-1.809496418074251e-06
adamw_rs,AdamW + RS,-1,embed,embed,model.embed_tokens.weight,69.18641058154057,69.19589145454067,0.009480873000100587,5.950892236119199e-05
adamw_rs,AdamW + RS,0,down_proj,mlp,model.layers.0.mlp.down_proj.weight,10.546793843948734,10.54813901771919,0.0013451737704563982,5.538785549429071e-05
adamw_rs,AdamW + RS,0,gate_proj,mlp,model.layers.0.mlp.gate_proj.weight,50.790417231602824,50.78569015152301,-0.004727080079810264,-4.042180486234214e-05
adamw_rs,AdamW + RS,0,up_proj,mlp,model.layers.0.mlp.up_proj.weight,30.557746350661454,30.55751415977666,-0.00023219088479464745,-3.2999685895826147e-06
adamw_rs,AdamW + RS,0,k_proj,attn,model.layers.0.self_attn.k_proj.weight,18.73935745084044,18.743039253251954,0.0036818024115135017,8.531932941983714e-05
adamw_rs,AdamW + RS,0,o_proj,attn,model.layers.0.self_attn.o_proj.weight,38555.79005042446,39968.33153945238,1412.5414890279208,0.015626412482657843
adamw_rs,AdamW + RS,0,q_proj,attn,model.layers.0.self_attn.q_proj.weight,184976.8751259078,178043.80596308774,-6933.069162820058,-0.01659056906588549
adamw_rs,AdamW + RS,0,v_proj,attn,model.layers.0.self_attn.v_proj.weight,7.7755061789352835,7.775783513621198,0.00027733468591417676,1.5490023802150395e-05
adamw_rs,AdamW + RS,1,down_proj,mlp,model.layers.1.mlp.down_proj.weight,8.998430005007657,8.997815819957905,-0.0006141850497520807,-2.9643646866407194e-05
adamw_rs,AdamW + RS,1,gate_proj,mlp,model.layers.1.mlp.gate_proj.weight,33.91668364456576,33.917144241765506,0.0004605971997477809,5.897789597537104e-06
adamw_rs,AdamW + RS,1,up_proj,mlp,model.layers.1.mlp.up_proj.weight,37.735381088331756,37.736555715906526,0.0011746275747697155,1.3518515508033488e-05
adamw_rs,AdamW + RS,1,k_proj,attn,model.layers.1.self_attn.k_proj.weight,30.087513316132128,30.089366860880908,0.0018535447487799672,2.6753937865954063e-05
adamw_rs,AdamW + RS,1,o_proj,attn,model.layers.1.self_attn.o_proj.weight,49034.98587834326,69837.4032931261,20802.417414782845,0.153582028419308
adamw_rs,AdamW + RS,1,q_proj,attn,model.layers.1.self_attn.q_proj.weight,1074758.1049613138,638788.8274866861,-435969.2774746277,-0.2259534172444947
adamw_rs,AdamW + RS,1,v_proj,attn,model.layers.1.self_attn.v_proj.weight,3.341969736117407,3.341826662866355,-0.00014307325105233915,-1.859300306001663e-05
adamw_rs,AdamW + RS,10,down_proj,mlp,model.layers.10.mlp.down_proj.weight,13.491719978091211,13.491245599450394,-0.0004743786408170081,-1.5270376821176487e-05
adamw_rs,AdamW + RS,10,gate_proj,mlp,model.layers.10.mlp.gate_proj.weight,16.210019773701827,16.20904933597581,-0.0009704377260177921,-2.6000484353202723e-05
adamw_rs,AdamW + RS,10,up_proj,mlp,model.layers.10.mlp.up_proj.weight,8.538043575643336,8.53811058059597,6.700495263345374e-05,3.408247656123238e-06
adamw_rs,AdamW + RS,10,k_proj,attn,model.layers.10.self_attn.k_proj.weight,24.034098760920294,24.025690041769725,-0.00840871915056951,-0.00015197155273502072
adamw_rs,AdamW + RS,10,o_proj,attn,model.layers.10.self_attn.o_proj.weight,15508.710116684786,14792.803096648058,-715.9070200367278,-0.02052520187186097
adamw_rs,AdamW + RS,10,q_proj,attn,model.layers.10.self_attn.q_proj.weight,12813.850813777506,13113.14533849652,299.2945247190146,0.010027211325026203
adamw_rs,AdamW + RS,10,v_proj,attn,model.layers.10.self_attn.v_proj.weight,3.2994636012714755,3.299332308230263,-0.00013129304121273222,-1.728189327281182e-05
adamw_rs,AdamW + RS,11,down_proj,mlp,model.layers.11.mlp.down_proj.weight,16.054627449194015,16.052954960545012,-0.0016724886490031565,-4.5244925805711664e-05
adamw_rs,AdamW + RS,11,gate_proj,mlp,model.layers.11.mlp.gate_proj.weight,13.225697438590451,13.225971387045234,0.0002739484547831239,8.99559895648694e-06
adamw_rs,AdamW + RS,11,up_proj,mlp,model.layers.11.mlp.up_proj.weight,6.605510357941471,6.605407716771502,-0.00010264116996872019,-6.748432392390191e-06
adamw_rs,AdamW + RS,11,k_proj,attn,model.layers.11.self_attn.k_proj.weight,21.610944081803808,21.605709584568093,-0.005234497235715452,-0.00010520542815166521
adamw_rs,AdamW + RS,11,o_proj,attn,model.layers.11.self_attn.o_proj.weight,139258.46738802953,85997.11544202169,-53261.35194600784,-0.20933772706231338
adamw_rs,AdamW + RS,11,q_proj,attn,model.layers.11.self_attn.q_proj.weight,28543.812668067454,23241.151772062403,-5302.660896005051,-0.08925433567178906
adamw_rs,AdamW + RS,11,v_proj,attn,model.layers.11.self_attn.v_proj.weight,2.8678401021237847,2.8677178565080275,-0.0001222456157572438,-1.851279221697782e-05
adamw_rs,AdamW + RS,12,down_proj,mlp,model.layers.12.mlp.down_proj.weight,14.145448240851502,14.146415120635403,0.0009668797839008647,2.9684192208203888e-05
adamw_rs,AdamW + RS,12,gate_proj,mlp,model.layers.12.mlp.gate_proj.weight,18.888272791501652,18.886964517203747,-0.0013082742979051432,-3.0081945163160464e-05
adamw_rs,AdamW + RS,12,up_proj,mlp,model.layers.12.mlp.up_proj.weight,8.061255117094625,8.062317282786442,0.0010621656918168298,5.721966423444538e-05
adamw_rs,AdamW + RS,12,k_proj,attn,model.layers.12.self_attn.k_proj.weight,20.867707840632306,20.868388038098132,0.0006801974658259269,1.4155900297765553e-05
adamw_rs,AdamW + RS,12,o_proj,attn,model.layers.12.self_attn.o_proj.weight,102000.14319866779,279643.27250634844,177643.12930768065,0.43800359431709285
adamw_rs,AdamW + RS,12,q_proj,attn,model.layers.12.self_attn.q_proj.weight,14798.684955393119,14823.924431589503,25.239476196384203,0.0007400676792199661
adamw_rs,AdamW + RS,12,v_proj,attn,model.layers.12.self_attn.v_proj.weight,2.550671517667282,2.550640607744206,-3.0909923075750356e-05,-5.262963213394477e-06
adamw_rs,AdamW + RS,13,down_proj,mlp,model.layers.13.mlp.down_proj.weight,30.005646690345184,30.006157784286927,0.0005110939417427574,7.3973872501169175e-06
adamw_rs,AdamW + RS,13,gate_proj,mlp,model.layers.13.mlp.gate_proj.weight,12.316046719506732,12.316369261791019,0.00032254228428740817,1.1373495345423236e-05
adamw_rs,AdamW + RS,13,up_proj,mlp,model.layers.13.mlp.up_proj.weight,6.311217662216599,6.311382904817412,0.00016524260081318687,1.1370707538653073e-05
adamw_rs,AdamW + RS,13,k_proj,attn,model.layers.13.self_attn.k_proj.weight,41.906820743475016,41.91508621324499,0.008265469769973777,8.564939771478381e-05
adamw_rs,AdamW + RS,13,o_proj,attn,model.layers.13.self_attn.o_proj.weight,9641.296136551193,9514.059482043791,-127.23665450740191,-0.005769560299453664
adamw_rs,AdamW + RS,13,q_proj,attn,model.layers.13.self_attn.q_proj.weight,57124.68510683214,59751.76449798364,2627.0793911514993,0.01952691564505556
adamw_rs,AdamW + RS,13,v_proj,attn,model.layers.13.self_attn.v_proj.weight,3.7001013163270056,3.700463801923233,0.0003624855962276463,4.2544181916227346e-05
adamw_rs,AdamW + RS,14,down_proj,mlp,model.layers.14.mlp.down_proj.weight,12.14858893422566,12.149164333237641,0.0005753990119803376,2.056919527425997e-05
adamw_rs,AdamW + RS,14,gate_proj,mlp,model.layers.14.mlp.gate_proj.weight,13.416229041756727,13.416263444759588,3.440300286072784e-05,1.1136523608742458e-06
adamw_rs,AdamW + RS,14,up_proj,mlp,model.layers.14.mlp.up_proj.weight,6.92702720942221,6.926267365777806,-0.0007598436444036238,-4.7641505118265215e-05
adamw_rs,AdamW + RS,14,k_proj,attn,model.layers.14.self_attn.k_proj.weight,23.136335100841148,23.125378866173392,-0.010956234667755638,-0.00020570929780068281
adamw_rs,AdamW + RS,14,o_proj,attn,model.layers.14.self_attn.o_proj.weight,6453.263467239998,6709.580569523226,256.31710228322754,0.016915975924766784
adamw_rs,AdamW + RS,14,q_proj,attn,model.layers.14.self_attn.q_proj.weight,12016.462412922161,11940.24930302543,-76.21310989673111,-0.0027632377206007956
adamw_rs,AdamW + RS,14,v_proj,attn,model.layers.14.self_attn.v_proj.weight,6.809948120874071,6.809046226084543,-0.0009018947895285123,-5.752083023805732e-05
adamw_rs,AdamW + RS,15,down_proj,mlp,model.layers.15.mlp.down_proj.weight,12.83113835849419,12.830197640433418,-0.0009407180607716725,-3.184157387754067e-05
adamw_rs,AdamW + RS,15,gate_proj,mlp,model.layers.15.mlp.gate_proj.weight,16.831657108500657,16.832111195175813,0.00045408667515545176,1.1716296022396379e-05
adamw_rs,AdamW + RS,15,up_proj,mlp,model.layers.15.mlp.up_proj.weight,9.399973299687645,9.399910020711408,-6.327897623670253e-05,-2.923604336470635e-06
adamw_rs,AdamW + RS,15,k_proj,attn,model.layers.15.self_attn.k_proj.weight,25.442585553328566,25.405066607652056,-0.03751894567650993,-0.0006409056598994713
adamw_rs,AdamW + RS,15,o_proj,attn,model.layers.15.self_attn.o_proj.weight,29248.74824238646,33432.119045133455,4183.370802746995,0.05805662024390324
adamw_rs,AdamW + RS,15,q_proj,attn,model.layers.15.self_attn.q_proj.weight,23869.157071525828,20867.448710309938,-3001.7083612158895,-0.05836772763381182
adamw_rs,AdamW + RS,15,v_proj,attn,model.layers.15.self_attn.v_proj.weight,3.3575600712900404,3.3573646962392805,-0.00019537505075994943,-2.527215401753467e-05
adamw_rs,AdamW + RS,16,down_proj,mlp,model.layers.16.mlp.down_proj.weight,9.686499227673869,9.68531890792129,-0.0011803197525779296,-5.292289577283351e-05
adamw_rs,AdamW + RS,16,gate_proj,mlp,model.layers.16.mlp.gate_proj.weight,12.919883539201004,12.919564060053167,-0.0003194791478371428,-1.073924126769248e-05
adamw_rs,AdamW + RS,16,up_proj,mlp,model.layers.16.mlp.up_proj.weight,6.159145316251316,6.1584386085917195,-0.0007067076595967947,-4.9834324505717325e-05
adamw_rs,AdamW + RS,16,k_proj,attn,model.layers.16.self_attn.k_proj.weight,20.671141321487564,20.669845758524882,-0.001295562962681629,-2.7220242455581017e-05
adamw_rs,AdamW + RS,16,o_proj,attn,model.layers.16.self_attn.o_proj.weight,41529.00729033527,40853.699984191306,-675.3073061439645,-0.007120154594448881
adamw_rs,AdamW + RS,16,q_proj,attn,model.layers.16.self_attn.q_proj.weight,103943.38985456145,88758.54199568967,-15184.847858871784,-0.06858671652881129
adamw_rs,AdamW + RS,16,v_proj,attn,model.layers.16.self_attn.v_proj.weight,2.78870242790059,2.788706931254277,4.503353687290712e-06,7.013226142810494e-07
adamw_rs,AdamW + RS,17,down_proj,mlp,model.layers.17.mlp.down_proj.weight,6.7996349709306605,6.799343903940958,-0.0002910669897024931,-1.8590923432463965e-05
adamw_rs,AdamW + RS,17,gate_proj,mlp,model.layers.17.mlp.gate_proj.weight,17.968770886906377,17.969963992394877,0.001193105488500379,2.8835691179140402e-05
adamw_rs,AdamW + RS,17,up_proj,mlp,model.layers.17.mlp.up_proj.weight,12.572357420855843,12.571688195432802,-0.000669225423040487,-2.3118070407604807e-05
adamw_rs,AdamW + RS,17,k_proj,attn,model.layers.17.self_attn.k_proj.weight,15.488632202364206,15.489981088664805,0.0013488863005992613,3.782053586009183e-05
adamw_rs,AdamW + RS,17,o_proj,attn,model.layers.17.self_attn.o_proj.weight,57591.66094582242,60522.22974803495,2930.5688022125323,0.021555316056541176
adamw_rs,AdamW + RS,17,q_proj,attn,model.layers.17.self_attn.q_proj.weight,13024.993728263826,13281.55436807937,256.5606398155451,0.00847138154562099
adamw_rs,AdamW + RS,17,v_proj,attn,model.layers.17.self_attn.v_proj.weight,4.045377579425002,4.044595715019072,-0.0007818644059307545,-8.394574018745958e-05
adamw_rs,AdamW + RS,18,down_proj,mlp,model.layers.18.mlp.down_proj.weight,6.643981466821017,6.644159860657517,0.00017839383650031237,1.166084208359409e-05
adamw_rs,AdamW + RS,18,gate_proj,mlp,model.layers.18.mlp.gate_proj.weight,18.455846043796296,18.455829166908533,-1.6876887762862225e-05,-3.9713934332918254e-07
adamw_rs,AdamW + RS,18,up_proj,mlp,model.layers.18.mlp.up_proj.weight,10.672724442726581,10.673015705578724,0.00029126285214253755,1.1851905682141046e-05
adamw_rs,AdamW + RS,18,k_proj,attn,model.layers.18.self_attn.k_proj.weight,22.852605445749074,22.856772599281157,0.004167153532083745,7.91860168151724e-05
adamw_rs,AdamW + RS,18,o_proj,attn,model.layers.18.self_attn.o_proj.weight,21937.349567301397,23258.169282127194,1320.8197148257968,0.025391371462434625
adamw_rs,AdamW + RS,18,q_proj,attn,model.layers.18.self_attn.q_proj.weight,33741.713223670544,42673.98565640704,8932.2724327365,0.10199607693995245
adamw_rs,AdamW + RS,18,v_proj,attn,model.layers.18.self_attn.v_proj.weight,2.1434580875579408,2.143362959451856,-9.512810608480748e-05,-1.927470780809527e-05
adamw_rs,AdamW + RS,19,down_proj,mlp,model.layers.19.mlp.down_proj.weight,7.114441587440737,7.1141518791740195,-0.0002897082667177031,-1.7685332272652647e-05
adamw_rs,AdamW + RS,19,gate_proj,mlp,model.layers.19.mlp.gate_proj.weight,18.805480505433707,18.8054604884902,-2.001694350539651e-05,-4.6227230050372345e-07
adamw_rs,AdamW + RS,19,up_proj,mlp,model.layers.19.mlp.up_proj.weight,10.390484231630769,10.390401213043765,-8.301858700399123e-05,-3.469969008522944e-06
adamw_rs,AdamW + RS,19,k_proj,attn,model.layers.19.self_attn.k_proj.weight,22.401692950673606,22.405752541501432,0.004059590827825588,7.869486335445943e-05
adamw_rs,AdamW + RS,19,o_proj,attn,model.layers.19.self_attn.o_proj.weight,24022.826455842358,25645.305882012733,1622.4794261703755,0.028383779542048286
adamw_rs,AdamW + RS,19,q_proj,attn,model.layers.19.self_attn.q_proj.weight,25682.89091427411,21956.316533748253,-3726.574380525857,-0.06808442397689013
adamw_rs,AdamW + RS,19,v_proj,attn,model.layers.19.self_attn.v_proj.weight,3.008918396896258,3.009133760022767,0.00021536312650871636,3.1083485170671976e-05
adamw_rs,AdamW + RS,2,down_proj,mlp,model.layers.2.mlp.down_proj.weight,13.20255066881167,13.202857775979927,0.0003071071682576587,1.0102093198969242e-05
adamw_rs,AdamW + RS,2,gate_proj,mlp,model.layers.2.mlp.gate_proj.weight,17.38657445257771,17.387791435754036,0.0012169831763237937,3.039762565102485e-05
adamw_rs,AdamW + RS,2,up_proj,mlp,model.layers.2.mlp.up_proj.weight,8.916099391549464,8.91538918563091,-0.0007102059185530862,-3.459481358169552e-05
adamw_rs,AdamW + RS,2,k_proj,attn,model.layers.2.self_attn.k_proj.weight,17.246031056628958,17.249906700611632,0.0038756439826741484,9.758660943928205e-05
adamw_rs,AdamW + RS,2,o_proj,attn,model.layers.2.self_attn.o_proj.weight,31093.030750193404,41944.903944429745,10851.873194236341,0.13001614782056264
adamw_rs,AdamW + RS,2,q_proj,attn,model.layers.2.self_attn.q_proj.weight,24610.069351651575,25195.41545420082,585.3461025492434,0.010208686398342286
adamw_rs,AdamW + RS,2,v_proj,attn,model.layers.2.self_attn.v_proj.weight,3.1911166787384015,3.1915662739088684,0.00044959517046683217,6.118326835148975e-05
adamw_rs,AdamW + RS,20,down_proj,mlp,model.layers.20.mlp.down_proj.weight,7.516513788547348,7.516337302824436,-0.0001764857229122896,-1.0197237388051869e-05
adamw_rs,AdamW + RS,20,gate_proj,mlp,model.layers.20.mlp.gate_proj.weight,19.204884886797178,19.205267735595797,0.00038284879861905097,8.657561050781934e-06
adamw_rs,AdamW + RS,20,up_proj,mlp,model.layers.20.mlp.up_proj.weight,11.187456334212877,11.188121795518965,0.0006654613060881331,2.5832286572759764e-05
adamw_rs,AdamW + RS,20,k_proj,attn,model.layers.20.self_attn.k_proj.weight,22.072850031907265,22.05813536010509,-0.01471467180217445,-0.00028961515120318697
adamw_rs,AdamW + RS,20,o_proj,attn,model.layers.20.self_attn.o_proj.weight,123534.76145527787,70440.09064181276,-53094.67081346511,-0.24396927480506
adamw_rs,AdamW + RS,20,q_proj,attn,model.layers.20.self_attn.q_proj.weight,9243.896257866112,9072.654871848637,-171.24138601747472,-0.008120672426061501
adamw_rs,AdamW + RS,20,v_proj,attn,model.layers.20.self_attn.v_proj.weight,6.942409244310096,6.942007016684767,-0.00040222762532948764,-2.5162777449889234e-05
adamw_rs,AdamW + RS,21,down_proj,mlp,model.layers.21.mlp.down_proj.weight,9.390981919055381,9.391515126572402,0.0005332075170212391,2.4657965535851495e-05
adamw_rs,AdamW + RS,21,gate_proj,mlp,model.layers.21.mlp.gate_proj.weight,17.629945642520745,17.63112070096002,0.0011750584392764551,2.89453184035323e-05
adamw_rs,AdamW + RS,21,up_proj,mlp,model.layers.21.mlp.up_proj.weight,8.16699577216017,8.166820588042661,-0.00017518411750927498,-9.315825998854751e-06
adamw_rs,AdamW + RS,21,k_proj,attn,model.layers.21.self_attn.k_proj.weight,29.992183020775197,29.98480514516859,-0.007377875606607631,-0.0001068466683060086
adamw_rs,AdamW + RS,21,o_proj,attn,model.layers.21.self_attn.o_proj.weight,298850.6543733745,132490.51658902958,-166360.1377843449,-0.35326941767721015
adamw_rs,AdamW + RS,21,q_proj,attn,model.layers.21.self_attn.q_proj.weight,14032.644030663625,13880.076565740812,-152.5674649228131,-0.004747646705798266
adamw_rs,AdamW + RS,21,v_proj,attn,model.layers.21.self_attn.v_proj.weight,4.366601968716395,4.3657120988145675,-0.0008898699018278222,-8.851390051356617e-05
adamw_rs,AdamW + RS,22,down_proj,mlp,model.layers.22.mlp.down_proj.weight,9.904782336268656,9.903180786524379,-0.0016015497442776194,-7.022874726062792e-05
adamw_rs,AdamW + RS,22,gate_proj,mlp,model.layers.22.mlp.gate_proj.weight,22.904187063530273,22.902983276682328,-0.0012037868479453095,-2.2826032766810205e-05
adamw_rs,AdamW + RS,22,up_proj,mlp,model.layers.22.mlp.up_proj.weight,12.79968858450657,12.798594107409166,-0.0010944770974052886,-3.7137285339238715e-05
adamw_rs,AdamW + RS,22,k_proj,attn,model.layers.22.self_attn.k_proj.weight,20.39377999771742,20.40155718886074,0.007777191143318873,0.0001655871220634725
adamw_rs,AdamW + RS,22,o_proj,attn,model.layers.22.self_attn.o_proj.weight,35374.77308841131,32577.707688708648,-2797.065399702664,-0.035773140586909113
adamw_rs,AdamW + RS,22,q_proj,attn,model.layers.22.self_attn.q_proj.weight,47977.340735145204,39380.90139843103,-8596.439336714175,-0.08575051985297633
adamw_rs,AdamW + RS,22,v_proj,attn,model.layers.22.self_attn.v_proj.weight,5.233505964972921,5.233350047712837,-0.00015591726008423734,-1.293874791266692e-05
adamw_rs,AdamW + RS,23,down_proj,mlp,model.layers.23.mlp.down_proj.weight,11.80645745879601,11.804306094245339,-0.0021513645506701096,-7.914405253391166e-05
adamw_rs,AdamW + RS,23,gate_proj,mlp,model.layers.23.mlp.gate_proj.weight,19.84423847022627,19.844262183880844,2.371365457420893e-05,5.189769911529771e-07
adamw_rs,AdamW + RS,23,up_proj,mlp,model.layers.23.mlp.up_proj.weight,10.79189058648552,10.792271437700443,0.00038085121492237306,1.5326198987844094e-05
adamw_rs,AdamW + RS,23,k_proj,attn,model.layers.23.self_attn.k_proj.weight,16.001526800630636,16.000948186483605,-0.0005786141470309758,-1.570434357564589e-05
adamw_rs,AdamW + RS,23,o_proj,attn,model.layers.23.self_attn.o_proj.weight,13053.866526333686,12775.122394994134,-278.74413133955204,-0.009374098107367921
adamw_rs,AdamW + RS,23,q_proj,attn,model.layers.23.self_attn.q_proj.weight,764874.9518123881,149376.80790232564,-615498.1439100625,-0.7093072642688011
adamw_rs,AdamW + RS,23,v_proj,attn,model.layers.23.self_attn.v_proj.weight,4.042193780833294,4.0424380679372005,0.0002442871039063377,2.6245484826927066e-05
adamw_rs,AdamW + RS,24,down_proj,mlp,model.layers.24.mlp.down_proj.weight,10.013056479364716,10.014716078742218,0.0016595993775023743,7.197553810619159e-05
adamw_rs,AdamW + RS,24,gate_proj,mlp,model.layers.24.mlp.gate_proj.weight,21.0475855955308,21.047771089245508,0.00018549371470655274,3.827448111574765e-06
adamw_rs,AdamW + RS,24,up_proj,mlp,model.layers.24.mlp.up_proj.weight,13.895235392599337,13.895592671144245,0.0003572785449073024,1.1166569071521783e-05
adamw_rs,AdamW + RS,24,k_proj,attn,model.layers.24.self_attn.k_proj.weight,31.211181081905732,31.17877163835495,-0.032409443550783124,-0.0004512022576716317
adamw_rs,AdamW + RS,24,o_proj,attn,model.layers.24.self_attn.o_proj.weight,13596.107700858232,14087.1180777014,491.01037684316725,0.015407558691777259
adamw_rs,AdamW + RS,24,q_proj,attn,model.layers.24.self_attn.q_proj.weight,119825.2524376554,88442.26229022941,-31382.990147425997,-0.13188850960645357
adamw_rs,AdamW + RS,24,v_proj,attn,model.layers.24.self_attn.v_proj.weight,3.6003445004354857,3.6004441536728637,9.9653237378039e-05,1.2020586404868445e-05
adamw_rs,AdamW + RS,25,down_proj,mlp,model.layers.25.mlp.down_proj.weight,9.428473935149443,9.42712283507162,-0.0013511000778230198,-6.223884785537065e-05
adamw_rs,AdamW + RS,25,gate_proj,mlp,model.layers.25.mlp.gate_proj.weight,21.338091581274373,21.33875021682126,0.0006586355468876093,1.3405011784838611e-05
adamw_rs,AdamW + RS,25,up_proj,mlp,model.layers.25.mlp.up_proj.weight,18.112209505291784,18.112737340483193,0.0005278351914093093,1.2656245541260801e-05
adamw_rs,AdamW + RS,25,k_proj,attn,model.layers.25.self_attn.k_proj.weight,22.462953951457504,22.46568092847586,0.0027269770183551145,5.271965533638122e-05
adamw_rs,AdamW + RS,25,o_proj,attn,model.layers.25.self_attn.o_proj.weight,16296.613319126418,18461.881581389727,2165.268262263309,0.054178600110589774
adamw_rs,AdamW + RS,25,q_proj,attn,model.layers.25.self_attn.q_proj.weight,24555.210708810777,23181.246140832984,-1373.9645679777932,-0.025006886802024394
adamw_rs,AdamW + RS,25,v_proj,attn,model.layers.25.self_attn.v_proj.weight,4.337190824833435,4.33763006640479,0.00043924157135499797,4.3980202753807385e-05
adamw_rs,AdamW + RS,26,down_proj,mlp,model.layers.26.mlp.down_proj.weight,8.741682232718533,8.742287201246372,0.0006049685278384231,3.0054329992115367e-05
adamw_rs,AdamW + RS,26,gate_proj,mlp,model.layers.26.mlp.gate_proj.weight,20.0336868429297,20.034864867207105,0.0011780242774044325,2.553670754423201e-05
adamw_rs,AdamW + RS,26,up_proj,mlp,model.layers.26.mlp.up_proj.weight,18.54966977174175,18.549333811576474,-0.00033596016527681627,-7.865744727907448e-06
adamw_rs,AdamW + RS,26,k_proj,attn,model.layers.26.self_attn.k_proj.weight,18.924022446774764,18.90665449547108,-0.01736795130368307,-0.00039876663875731174
adamw_rs,AdamW + RS,26,o_proj,attn,model.layers.26.self_attn.o_proj.weight,32723.99759321507,30624.592879063883,-2099.4047141511874,-0.028796028113580563
adamw_rs,AdamW + RS,26,q_proj,attn,model.layers.26.self_attn.q_proj.weight,48120.87790718429,43637.99681376603,-4482.881093418255,-0.04246873567233501
adamw_rs,AdamW + RS,26,v_proj,attn,model.layers.26.self_attn.v_proj.weight,4.835564685889436,4.83777449581558,0.0022098099261445014,0.00019842336873482784
adamw_rs,AdamW + RS,27,down_proj,mlp,model.layers.27.mlp.down_proj.weight,11.983131396493501,11.966150227529461,-0.01698116896404045,-0.0006158705992955923
adamw_rs,AdamW + RS,27,gate_proj,mlp,model.layers.27.mlp.gate_proj.weight,34.01131673372879,34.011522508654274,0.00020577492548312648,2.627556145787016e-06
adamw_rs,AdamW + RS,27,up_proj,mlp,model.layers.27.mlp.up_proj.weight,27.05991417573715,27.058365158943264,-0.0015490167938843058,-2.48614499357168e-05
adamw_rs,AdamW + RS,27,k_proj,attn,model.layers.27.self_attn.k_proj.weight,16.960271595775623,16.961080926433148,0.0008093306575247539,2.0723692455024718e-05
adamw_rs,AdamW + RS,27,o_proj,attn,model.layers.27.self_attn.o_proj.weight,99634.79632267175,153770.00857778997,54135.21225511821,0.18846060125355413
adamw_rs,AdamW + RS,27,q_proj,attn,model.layers.27.self_attn.q_proj.weight,91711.44628086085,62816.02815999656,-28895.41812086429,-0.16435306967157937
adamw_rs,AdamW + RS,27,v_proj,attn,model.layers.27.self_attn.v_proj.weight,7.853791579470053,7.854710395279682,0.0009188158096291588,5.0805180163428446e-05
adamw_rs,AdamW + RS,3,down_proj,mlp,model.layers.3.mlp.down_proj.weight,10.758270959803003,10.757240157005391,-0.0010308027976115852,-4.161388171028453e-05
adamw_rs,AdamW + RS,3,gate_proj,mlp,model.layers.3.mlp.gate_proj.weight,13.999766940935217,14.000164555319863,0.0003976143846458058,1.2334439690486224e-05
adamw_rs,AdamW + RS,3,up_proj,mlp,model.layers.3.mlp.up_proj.weight,7.592358408260811,7.592141022199856,-0.00021738606095489388,-1.2434992296460742e-05
adamw_rs,AdamW + RS,3,k_proj,attn,model.layers.3.self_attn.k_proj.weight,15.502942945207748,15.495998494840148,-0.006944450367599941,-0.00019458319444780445
adamw_rs,AdamW + RS,3,o_proj,attn,model.layers.3.self_attn.o_proj.weight,16528.241725287102,15056.550152435972,-1471.6915728511303,-0.040501180679922796
adamw_rs,AdamW + RS,3,q_proj,attn,model.layers.3.self_attn.q_proj.weight,75355.26316454641,87359.78675657662,12004.523592030208,0.06419797438728049
adamw_rs,AdamW + RS,3,v_proj,attn,model.layers.3.self_attn.v_proj.weight,3.891617107326821,3.892281708713496,0.0006646013866751233,7.416147676663515e-05
adamw_rs,AdamW + RS,4,down_proj,mlp,model.layers.4.mlp.down_proj.weight,11.15720155550664,11.155098023624706,-0.0021035318819340176,-8.188777569055123e-05
adamw_rs,AdamW + RS,4,gate_proj,mlp,model.layers.4.mlp.gate_proj.weight,17.495981170242754,17.494720916861265,-0.0012602533814884964,-3.1283801522732536e-05
adamw_rs,AdamW + RS,4,up_proj,mlp,model.layers.4.mlp.up_proj.weight,8.782003015120793,8.781637791621614,-0.0003652234991786685,-1.806169371403468e-05
adamw_rs,AdamW + RS,4,k_proj,attn,model.layers.4.self_attn.k_proj.weight,23.93670634239095,23.940877050874374,0.004170708483425045,7.566445740095951e-05
adamw_rs,AdamW + RS,4,o_proj,attn,model.layers.4.self_attn.o_proj.weight,8582.208719375358,8001.4179818645025,-580.7907375108553,-0.03043211448680433
adamw_rs,AdamW + RS,4,q_proj,attn,model.layers.4.self_attn.q_proj.weight,19385.367499083055,23305.934306590134,3920.566807507079,0.07999247937487775
adamw_rs,AdamW + RS,4,v_proj,attn,model.layers.4.self_attn.v_proj.weight,3.7875720759658726,3.7874812277364653,-9.08482294073032e-05,-1.041705797765158e-05
adamw_rs,AdamW + RS,5,down_proj,mlp,model.layers.5.mlp.down_proj.weight,12.388049471794826,12.388794237985449,0.0007447661906230252,2.6108882211247355e-05
adamw_rs,AdamW + RS,5,gate_proj,mlp,model.layers.5.mlp.gate_proj.weight,20.634483011844836,20.634372201484265,-0.0001108103605709232,-2.332234702649837e-06
adamw_rs,AdamW + RS,5,up_proj,mlp,model.layers.5.mlp.up_proj.weight,8.094579137228608,8.095815472882316,0.001236335653707954,6.632744490290849e-05
adamw_rs,AdamW + RS,5,k_proj,attn,model.layers.5.self_attn.k_proj.weight,22.35050954040556,22.358094878291315,0.0075853378857537734,0.00014736628269195262
adamw_rs,AdamW + RS,5,o_proj,attn,model.layers.5.self_attn.o_proj.weight,14934.50156341116,12277.051247444531,-2657.450315966629,-0.08509666397455244
adamw_rs,AdamW + RS,5,q_proj,attn,model.layers.5.self_attn.q_proj.weight,14969.234018258956,14459.594765729324,-509.63925252963236,-0.015043455985606741
adamw_rs,AdamW + RS,5,v_proj,attn,model.layers.5.self_attn.v_proj.weight,3.3558693468749854,3.3559782339431163,0.00010888706813094728,1.4091217738413032e-05
adamw_rs,AdamW + RS,6,down_proj,mlp,model.layers.6.mlp.down_proj.weight,9.162314837809912,9.162954253355526,0.0006394155456135309,3.0307292278673445e-05
adamw_rs,AdamW + RS,6,gate_proj,mlp,model.layers.6.mlp.gate_proj.weight,19.228406692239826,19.22662472197856,-0.0017819702612662525,-4.0249601858438935e-05
adamw_rs,AdamW + RS,6,up_proj,mlp,model.layers.6.mlp.up_proj.weight,7.421489572866498,7.420324152475361,-0.0011654203911364291,-6.820401540873172e-05
adamw_rs,AdamW + RS,6,k_proj,attn,model.layers.6.self_attn.k_proj.weight,22.193674123897594,22.185674782475434,-0.007999341422159745,-0.00015656245356179973
adamw_rs,AdamW + RS,6,o_proj,attn,model.layers.6.self_attn.o_proj.weight,70513.61868597266,104701.50743484341,34187.888748870755,0.17167993166493026
adamw_rs,AdamW + RS,6,q_proj,attn,model.layers.6.self_attn.q_proj.weight,18604.75910456698,17717.914220848,-886.844883718979,-0.021211456356099622
adamw_rs,AdamW + RS,6,v_proj,attn,model.layers.6.self_attn.v_proj.weight,3.2802787964379356,3.28026233175895,-1.646467898552828e-05,-2.1798565362155436e-06
adamw_rs,AdamW + RS,7,down_proj,mlp,model.layers.7.mlp.down_proj.weight,7.967968298583799,7.9681829615781465,0.00021466299434713676,1.1700058865848419e-05
adamw_rs,AdamW + RS,7,gate_proj,mlp,model.layers.7.mlp.gate_proj.weight,16.82272426896548,16.8233925002261,0.0006682312606187679,1.725067716730393e-05
adamw_rs,AdamW + RS,7,up_proj,mlp,model.layers.7.mlp.up_proj.weight,8.451906164480205,8.451785154076578,-0.00012101040362644255,-6.218067942485448e-06
adamw_rs,AdamW + RS,7,k_proj,attn,model.layers.7.self_attn.k_proj.weight,30.442592542837964,30.441420334823885,-0.0011722080140792457,-1.6723059080979535e-05
adamw_rs,AdamW + RS,7,o_proj,attn,model.layers.7.self_attn.o_proj.weight,9457.463639954845,9069.934099738635,-387.5295402162101,-0.01817054870705258
adamw_rs,AdamW + RS,7,q_proj,attn,model.layers.7.self_attn.q_proj.weight,9030.470682093728,8425.12498836527,-605.3456937284573,-0.03013403456914736
adamw_rs,AdamW + RS,7,v_proj,attn,model.layers.7.self_attn.v_proj.weight,4.6148320901395445,4.615013261561023,0.0001811714214783322,1.704941862804508e-05
adamw_rs,AdamW + RS,8,down_proj,mlp,model.layers.8.mlp.down_proj.weight,8.059006885143106,8.05815902487907,-0.0008478602640362709,-4.569302524916917e-05
adamw_rs,AdamW + RS,8,gate_proj,mlp,model.layers.8.mlp.gate_proj.weight,15.70276662952571,15.703201533830251,0.0004349043045408507,1.20280666812897e-05
adamw_rs,AdamW + RS,8,up_proj,mlp,model.layers.8.mlp.up_proj.weight,11.03707620181019,11.036984096780722,-9.210502946821464e-05,-3.624227306871591e-06
adamw_rs,AdamW + RS,8,k_proj,attn,model.layers.8.self_attn.k_proj.weight,26.24428190856445,26.23447347347837,-0.00980843508607876,-0.00016234185634097403
adamw_rs,AdamW + RS,8,o_proj,attn,model.layers.8.self_attn.o_proj.weight,8728.55329977634,8596.679009009124,-131.87429076721673,-0.006611557280123326
adamw_rs,AdamW + RS,8,q_proj,attn,model.layers.8.self_attn.q_proj.weight,20459.276858621644,21539.19625421825,1079.9193955966039,0.02233921401643085
adamw_rs,AdamW + RS,8,v_proj,attn,model.layers.8.self_attn.v_proj.weight,2.614956506444022,2.6149654081282567,8.901684234619012e-06,1.4783977297912088e-06
adamw_rs,AdamW + RS,9,down_proj,mlp,model.layers.9.mlp.down_proj.weight,11.96143651469935,11.961800731784658,0.0003642170853073168,1.322375134658951e-05
adamw_rs,AdamW + RS,9,gate_proj,mlp,model.layers.9.mlp.gate_proj.weight,17.04541620966512,17.045849109284884,0.0004328996197635604,1.1029565158872574e-05
adamw_rs,AdamW + RS,9,up_proj,mlp,model.layers.9.mlp.up_proj.weight,8.607523542303687,8.608015268002433,0.0004917256987457819,2.4809418977420116e-05
adamw_rs,AdamW + RS,9,k_proj,attn,model.layers.9.self_attn.k_proj.weight,29.979145885547403,29.97862747284616,-0.0005184127012434203,-7.510077939617775e-06
adamw_rs,AdamW + RS,9,o_proj,attn,model.layers.9.self_attn.o_proj.weight,26480.436490575365,23201.558297887204,-3278.87819268816,-0.057407984916272116
adamw_rs,AdamW + RS,9,q_proj,attn,model.layers.9.self_attn.q_proj.weight,35295.52653603585,33567.15565811463,-1728.3708779212247,-0.02180512256317278
adamw_rs,AdamW + RS,9,v_proj,attn,model.layers.9.self_attn.v_proj.weight,3.911800039733773,3.9116818067024726,-0.00011823303130054086,-1.312662420245344e-05
muon_rs,Muon + RS,-1,embed,embed,model.embed_tokens.weight,69.18641058154057,69.2405310309597,0.05412044941913052,0.00033959016163536245
muon_rs,Muon + RS,0,down_proj,mlp,model.layers.0.mlp.down_proj.weight,10.546793843948734,10.547660712673785,0.0008668687250512619,3.5694338815510107e-05
muon_rs,Muon + RS,0,gate_proj,mlp,model.layers.0.mlp.gate_proj.weight,50.790417231602824,50.78665009501131,-0.003767136591513065,-3.22129133686963e-05
muon_rs,Muon + RS,0,up_proj,mlp,model.layers.0.mlp.up_proj.weight,30.557746350661454,30.557874905654142,0.0001285549926883789,1.8270524883059854e-06
muon_rs,Muon + RS,0,k_proj,attn,model.layers.0.self_attn.k_proj.weight,18.73935745084044,18.73937086017527,1.340933483007234e-05,3.1076828830200203e-07
muon_rs,Muon + RS,0,o_proj,attn,model.layers.0.self_attn.o_proj.weight,38555.79005042446,37331.36570072413,-1224.4243497003336,-0.014015728624602184
muon_rs,Muon + RS,0,q_proj,attn,model.layers.0.self_attn.q_proj.weight,184976.8751259078,188990.50100712746,4013.625881219661,0.009322537826953418
muon_rs,Muon + RS,0,v_proj,attn,model.layers.0.self_attn.v_proj.weight,7.7755061789352835,7.774118460887809,-0.0013877180474741735,-7.75167640396908e-05
muon_rs,Muon + RS,1,down_proj,mlp,model.layers.1.mlp.down_proj.weight,8.998430005007657,8.99874371163636,0.00031370662870244814,1.5140272571726905e-05
muon_rs,Muon + RS,1,gate_proj,mlp,model.layers.1.mlp.gate_proj.weight,33.91668364456576,33.91661021534549,-7.342922026509768e-05,-9.402434514895866e-07
muon_rs,Muon + RS,1,up_proj,mlp,model.layers.1.mlp.up_proj.weight,37.735381088331756,37.734192338721996,-0.0011887496097600092,-1.3681471154065344e-05
muon_rs,Muon + RS,1,k_proj,attn,model.layers.1.self_attn.k_proj.weight,30.087513316132128,30.085290374951885,-0.002222941180242799,-3.2087954337989174e-05
muon_rs,Muon + RS,1,o_proj,attn,model.layers.1.self_attn.o_proj.weight,49034.98587834326,54323.47312289392,5288.487244550663,0.044481473828197664
muon_rs,Muon + RS,1,q_proj,attn,model.layers.1.self_attn.q_proj.weight,1074758.1049613138,470179.7512117468,-604578.353749567,-0.3590468070606482
muon_rs,Muon + RS,1,v_proj,attn,model.layers.1.self_attn.v_proj.weight,3.341969736117407,3.342164826906694,0.00019509078928692247,2.5351630037599547e-05
muon_rs,Muon + RS,10,down_proj,mlp,model.layers.10.mlp.down_proj.weight,13.491719978091211,13.491311823930106,-0.0004081541611054007,-1.3138560651587315e-05
muon_rs,Muon + RS,10,gate_proj,mlp,model.layers.10.mlp.gate_proj.weight,16.210019773701827,16.208987071073995,-0.0010327026278318385,-2.7668771903672898e-05
muon_rs,Muon + RS,10,up_proj,mlp,model.layers.10.mlp.up_proj.weight,8.538043575643336,8.537514858125133,-0.0005287175182022708,-2.6894476289595725e-05
muon_rs,Muon + RS,10,k_proj,attn,model.layers.10.self_attn.k_proj.weight,24.034098760920294,24.04243928777248,0.008340526852187224,0.00015068659148214535
muon_rs,Muon + RS,10,o_proj,attn,model.layers.10.self_attn.o_proj.weight,15508.710116684786,17306.607125753664,1797.897009068878,0.04763625657256204
muon_rs,Muon + RS,10,q_proj,attn,model.layers.10.self_attn.q_proj.weight,12813.850813777506,12267.356462150014,-546.4943516274925,-0.018928678288054397
muon_rs,Muon + RS,10,v_proj,attn,model.layers.10.self_attn.v_proj.weight,3.2994636012714755,3.299394896905622,-6.870436585337814e-05,-9.04336014541448e-06
muon_rs,Muon + RS,11,down_proj,mlp,model.layers.11.mlp.down_proj.weight,16.054627449194015,16.053556067715242,-0.0010713814787735032,-2.898295782894902e-05
muon_rs,Muon + RS,11,gate_proj,mlp,model.layers.11.mlp.gate_proj.weight,13.225697438590451,13.225464486575387,-0.0002329520150645692,-7.649552407535626e-06
muon_rs,Muon + RS,11,up_proj,mlp,model.layers.11.mlp.up_proj.weight,6.605510357941471,6.605477276667738,-3.308127373280456e-05,-2.1750099286853453e-06
muon_rs,Muon + RS,11,k_proj,attn,model.layers.11.self_attn.k_proj.weight,21.610944081803808,21.608273986443436,-0.0026700953603722155,-5.366166878860526e-05
muon_rs,Muon + RS,11,o_proj,attn,model.layers.11.self_attn.o_proj.weight,139258.46738802953,79641.657688558,-59616.80969947153,-0.242681320226327
muon_rs,Muon + RS,11,q_proj,attn,model.layers.11.self_attn.q_proj.weight,28543.812668067454,26991.756164849885,-1552.0565032175691,-0.02428084046641057
muon_rs,Muon + RS,11,v_proj,attn,model.layers.11.self_attn.v_proj.weight,2.8678401021237847,2.8678012771854235,-3.882493836115941e-05,-5.8795365245574046e-06
muon_rs,Muon + RS,12,down_proj,mlp,model.layers.12.mlp.down_proj.weight,14.145448240851502,14.145855547482379,0.0004073066308762918,1.2504974925708092e-05
muon_rs,Muon + RS,12,gate_proj,mlp,model.layers.12.mlp.gate_proj.weight,18.888272791501652,18.88865467527288,0.00038188377122594375,8.780492522737256e-06
muon_rs,Muon + RS,12,up_proj,mlp,model.layers.12.mlp.up_proj.weight,8.061255117094625,8.061505711079516,0.0002505939848909122,1.350036584983887e-05
muon_rs,Muon + RS,12,k_proj,attn,model.layers.12.self_attn.k_proj.weight,20.867707840632306,20.859763519198477,-0.00794432143382906,-0.00016536707787116877
muon_rs,Muon + RS,12,o_proj,attn,model.layers.12.self_attn.o_proj.weight,102000.14319866779,89970.6985116697,-12029.44468699809,-0.05449968921713653
muon_rs,Muon + RS,12,q_proj,attn,model.layers.12.self_attn.q_proj.weight,14798.684955393119,15313.112016122679,514.4270607295603,0.014840334697333478
muon_rs,Muon + RS,12,v_proj,attn,model.layers.12.self_attn.v_proj.weight,2.550671517667282,2.5504698507085624,-0.00020166695871948193,-3.433852978183245e-05
muon_rs,Muon + RS,13,down_proj,mlp,model.layers.13.mlp.down_proj.weight,30.005646690345184,30.006356967472072,0.0007102771268883146,1.0280257883189505e-05
muon_rs,Muon + RS,13,gate_proj,mlp,model.layers.13.mlp.gate_proj.weight,12.316046719506732,12.316126804024481,8.008451774976777e-05,2.8239703744338374e-06
muon_rs,Muon + RS,13,up_proj,mlp,model.layers.13.mlp.up_proj.weight,6.311217662216599,6.310612691686641,-0.0006049705299577823,-4.163189580421505e-05
muon_rs,Muon + RS,13,k_proj,attn,model.layers.13.self_attn.k_proj.weight,41.906820743475016,41.91134799768121,0.004527254206195153,4.6914924326408794e-05
muon_rs,Muon + RS,13,o_proj,attn,model.layers.13.self_attn.o_proj.weight,9641.296136551193,9126.798241462206,-514.4978950889872,-0.023816972558137244
muon_rs,Muon + RS,13,q_proj,attn,model.layers.13.self_attn.q_proj.weight,57124.68510683214,49898.36085361822,-7226.324253213919,-0.05873753967424727
muon_rs,Muon + RS,13,v_proj,attn,model.layers.13.self_attn.v_proj.weight,3.7001013163270056,3.7003222606203137,0.00022094429330810073,2.5932268990428684e-05
muon_rs,Muon + RS,14,down_proj,mlp,model.layers.14.mlp.down_proj.weight,12.14858893422566,12.149000190757537,0.00041125653187634725,1.4701577307829497e-05
muon_rs,Muon + RS,14,gate_proj,mlp,model.layers.14.mlp.gate_proj.weight,13.416229041756727,13.416310670840224,8.162908349618192e-05,2.642393221407126e-06
muon_rs,Muon + RS,14,up_proj,mlp,model.layers.14.mlp.up_proj.weight,6.92702720942221,6.92683327405106,-0.000193935371149756,-1.2159074597599069e-05
muon_rs,Muon + RS,14,k_proj,attn,model.layers.14.self_attn.k_proj.weight,23.136335100841148,23.13734066878581,0.0010055679446629995,1.887520722528921e-05
muon_rs,Muon + RS,14,o_proj,attn,model.layers.14.self_attn.o_proj.weight,6453.263467239998,6572.31423398262,119.05076674262182,0.007938923247749087
muon_rs,Muon + RS,14,q_proj,attn,model.layers.14.self_attn.q_proj.weight,12016.462412922161,12247.328568897656,230.86615597549462,0.008264736828857684
muon_rs,Muon + RS,14,v_proj,attn,model.layers.14.self_attn.v_proj.weight,6.809948120874071,6.81019635703462,0.0002482361605489203,1.583060956834253e-05
muon_rs,Muon + RS,15,down_proj,mlp,model.layers.15.mlp.down_proj.weight,12.83113835849419,12.830736592267042,-0.0004017662271476041,-1.3598761260776666e-05
muon_rs,Muon + RS,15,gate_proj,mlp,model.layers.15.mlp.gate_proj.weight,16.831657108500657,16.830924139640423,-0.0007329688602339957,-1.891265135671445e-05
muon_rs,Muon + RS,15,up_proj,mlp,model.layers.15.mlp.up_proj.weight,9.399973299687645,9.400351379310552,0.0003780796229069239,1.7467559393133147e-05
muon_rs,Muon + RS,15,k_proj,attn,model.layers.15.self_attn.k_proj.weight,25.442585553328566,25.43442582442572,-0.008159728902846553,-0.0001393055594561462
muon_rs,Muon + RS,15,o_proj,attn,model.layers.15.self_attn.o_proj.weight,29248.74824238646,32527.76121390513,3279.0129715186704,0.04614688882176501
muon_rs,Muon + RS,15,q_proj,attn,model.layers.15.self_attn.q_proj.weight,23869.157071525828,22897.549352223225,-971.6077193026031,-0.018048078616776864
muon_rs,Muon + RS,15,v_proj,attn,model.layers.15.self_attn.v_proj.weight,3.3575600712900404,3.357576269175995,1.619788595474958e-05,2.0951629667684596e-06
muon_rs,Muon + RS,16,down_proj,mlp,model.layers.16.mlp.down_proj.weight,9.686499227673869,9.686276157575012,-0.00022307009885658147,-1.0001469700501888e-05
muon_rs,Muon + RS,16,gate_proj,mlp,model.layers.16.mlp.gate_proj.weight,12.919883539201004,12.919203423851727,-0.000680115349277699,-2.286228950270411e-05
muon_rs,Muon + RS,16,up_proj,mlp,model.layers.16.mlp.up_proj.weight,6.159145316251316,6.158861082627526,-0.0002842336237902643,-2.0042381925817556e-05
muon_rs,Muon + RS,16,k_proj,attn,model.layers.16.self_attn.k_proj.weight,20.671141321487564,20.67310629418445,0.0019649726968857806,4.128152520389747e-05
muon_rs,Muon + RS,16,o_proj,attn,model.layers.16.self_attn.o_proj.weight,41529.00729033527,35446.30109003576,-6082.706200299508,-0.06878062768509215
muon_rs,Muon + RS,16,q_proj,attn,model.layers.16.self_attn.q_proj.weight,103943.38985456145,93384.93953576151,-10558.450318799936,-0.04652003422269423
muon_rs,Muon + RS,16,v_proj,attn,model.layers.16.self_attn.v_proj.weight,2.78870242790059,2.788984190280839,0.00028176238024935074,4.387763437820546e-05
muon_rs,Muon + RS,17,down_proj,mlp,model.layers.17.mlp.down_proj.weight,6.7996349709306605,6.79957118301833,-6.378791233085934e-05,-4.074169921996778e-06
muon_rs,Muon + RS,17,gate_proj,mlp,model.layers.17.mlp.gate_proj.weight,17.968770886906377,17.968103032230488,-0.0006678546758891457,-1.614194941596192e-05
muon_rs,Muon + RS,17,up_proj,mlp,model.layers.17.mlp.up_proj.weight,12.572357420855843,12.57283104980747,0.0004736289516262815,1.6360540739227296e-05
muon_rs,Muon + RS,17,k_proj,attn,model.layers.17.self_attn.k_proj.weight,15.488632202364206,15.490438411284252,0.0018062089200459042,5.06423564355857e-05
muon_rs,Muon + RS,17,o_proj,attn,model.layers.17.self_attn.o_proj.weight,57591.66094582242,70555.97758000634,12964.316634183917,0.08817420977425641
muon_rs,Muon + RS,17,q_proj,attn,model.layers.17.self_attn.q_proj.weight,13024.993728263826,13577.89851864197,552.9047903781448,0.018055035576828242
muon_rs,Muon + RS,17,v_proj,attn,model.layers.17.self_attn.v_proj.weight,4.045377579425002,4.045733620411045,0.00035604098604213874,3.822135967486881e-05
muon_rs,Muon + RS,18,down_proj,mlp,model.layers.18.mlp.down_proj.weight,6.643981466821017,6.644031564326845,5.009750582818384e-05,3.2746913006798807e-06
muon_rs,Muon + RS,18,gate_proj,mlp,model.layers.18.mlp.gate_proj.weight,18.455846043796296,18.455743270182932,-0.0001027736133636381,-2.4184281413489567e-06
muon_rs,Muon + RS,18,up_proj,mlp,model.layers.18.mlp.up_proj.weight,10.672724442726581,10.67190225097714,-0.0008221917494406483,-3.345791380180333e-05
muon_rs,Muon + RS,18,k_proj,attn,model.layers.18.self_attn.k_proj.weight,22.852605445749074,22.85500292112238,0.0023974753733071452,4.55596065199026e-05
muon_rs,Muon + RS,18,o_proj,attn,model.layers.18.self_attn.o_proj.weight,21937.349567301397,19005.892053030897,-2931.4575142705,-0.062295897407175435
muon_rs,Muon + RS,18,q_proj,attn,model.layers.18.self_attn.q_proj.weight,33741.713223670544,35408.493762759266,1666.7805390887224,0.020940322792272117
muon_rs,Muon + RS,18,v_proj,attn,model.layers.18.self_attn.v_proj.weight,2.1434580875579408,2.143418563741424,-3.9523816516950916e-05,-8.008149902016493e-06
muon_rs,Muon + RS,19,down_proj,mlp,model.layers.19.mlp.down_proj.weight,7.114441587440737,7.114510156789735,6.856934899790446e-05,4.185732081063372e-06
muon_rs,Muon + RS,19,gate_proj,mlp,model.layers.19.mlp.gate_proj.weight,18.805480505433707,18.80559238304017,0.00011187760646436118,2.5836980125168742e-06
muon_rs,Muon + RS,19,up_proj,mlp,model.layers.19.mlp.up_proj.weight,10.390484231630769,10.389765487319151,-0.0007187443116176695,-3.0042631131129985e-05
muon_rs,Muon + RS,19,k_proj,attn,model.layers.19.self_attn.k_proj.weight,22.401692950673606,22.40761362280039,0.0059206721267841544,0.00011476701807777758
muon_rs,Muon + RS,19,o_proj,attn,model.layers.19.self_attn.o_proj.weight,24022.826455842358,23238.671925695224,-784.1545301471342,-0.014412799104823983
muon_rs,Muon + RS,19,q_proj,attn,model.layers.19.self_attn.q_proj.weight,25682.89091427411,25583.28958659366,-99.6013276804515,-0.0016875203498340292
muon_rs,Muon + RS,19,v_proj,attn,model.layers.19.self_attn.v_proj.weight,3.008918396896258,3.0092044535138194,0.0002860566175613144,4.1286232833825846e-05
muon_rs,Muon + RS,2,down_proj,mlp,model.layers.2.mlp.down_proj.weight,13.20255066881167,13.203255072474489,0.0007044036628194306,2.317055778301549e-05
muon_rs,Muon + RS,2,gate_proj,mlp,model.layers.2.mlp.gate_proj.weight,17.38657445257771,17.388427087691635,0.0018526351139236397,4.627399983215301e-05
muon_rs,Muon + RS,2,up_proj,mlp,model.layers.2.mlp.up_proj.weight,8.916099391549464,8.915322975633133,-0.0007764159163308193,-3.782010670760688e-05
muon_rs,Muon + RS,2,k_proj,attn,model.layers.2.self_attn.k_proj.weight,17.246031056628958,17.24658410313781,0.0005530465088519065,1.3926751911262247e-05
muon_rs,Muon + RS,2,o_proj,attn,model.layers.2.self_attn.o_proj.weight,31093.030750193404,30003.234667816545,-1089.796082376859,-0.015494977552623952
muon_rs,Muon + RS,2,q_proj,attn,model.layers.2.self_attn.q_proj.weight,24610.069351651575,23736.156539002983,-873.9128126485921,-0.01570244008181209
muon_rs,Muon + RS,2,v_proj,attn,model.layers.2.self_attn.v_proj.weight,3.1911166787384015,3.1910599129722197,-5.676576618185436e-05,-7.725596012653348e-06
muon_rs,Muon + RS,20,down_proj,mlp,model.layers.20.mlp.down_proj.weight,7.516513788547348,7.516491143496721,-2.2645050626657337e-05,-1.3084038186849002e-06
muon_rs,Muon + RS,20,gate_proj,mlp,model.layers.20.mlp.gate_proj.weight,19.204884886797178,19.205414559860603,0.0005296730634256619,1.197772951462574e-05
muon_rs,Muon + RS,20,up_proj,mlp,model.layers.20.mlp.up_proj.weight,11.187456334212877,11.18819362261974,0.000737288406863712,2.8620423308876196e-05
muon_rs,Muon + RS,20,k_proj,attn,model.layers.20.self_attn.k_proj.weight,22.072850031907265,22.07186113030523,-0.0009889016020352415,-1.9457574765993836e-05
muon_rs,Muon + RS,20,o_proj,attn,model.layers.20.self_attn.o_proj.weight,123534.76145527787,146190.03613605563,22655.27468077776,0.07312859250452355
muon_rs,Muon + RS,20,q_proj,attn,model.layers.20.self_attn.q_proj.weight,9243.896257866112,9630.005519195478,386.10926132936584,0.017771473182804455
muon_rs,Muon + RS,20,v_proj,attn,model.layers.20.self_attn.v_proj.weight,6.942409244310096,6.9414847717686525,-0.0009244725414436772,-5.7835838209136965e-05
muon_rs,Muon + RS,21,down_proj,mlp,model.layers.21.mlp.down_proj.weight,9.390981919055381,9.391503182057455,0.0005212630020743347,2.4105611612192377e-05
muon_rs,Muon + RS,21,gate_proj,mlp,model.layers.21.mlp.gate_proj.weight,17.629945642520745,17.630842205418478,0.0008965628977328777,2.208528753968769e-05
muon_rs,Muon + RS,21,up_proj,mlp,model.layers.21.mlp.up_proj.weight,8.16699577216017,8.166816949633047,-0.00017882252712375646,-9.509309075084241e-06
muon_rs,Muon + RS,21,k_proj,attn,model.layers.21.self_attn.k_proj.weight,29.992183020775197,29.993582213388624,0.0013991926134266919,2.026019436005369e-05
muon_rs,Muon + RS,21,o_proj,attn,model.layers.21.self_attn.o_proj.weight,298850.6543733745,431064.02312367246,132213.368750298,0.1590875667574741
muon_rs,Muon + RS,21,q_proj,attn,model.layers.21.self_attn.q_proj.weight,14032.644030663625,14921.26442332387,888.6203926602448,0.02666611817492944
muon_rs,Muon + RS,21,v_proj,attn,model.layers.21.self_attn.v_proj.weight,4.366601968716395,4.365794036456904,-0.0008079322594909399,-8.036294342167645e-05
muon_rs,Muon + RS,22,down_proj,mlp,model.layers.22.mlp.down_proj.weight,9.904782336268656,9.904200987182161,-0.0005813490864952087,-2.5491131601684774e-05
muon_rs,Muon + RS,22,gate_proj,mlp,model.layers.22.mlp.gate_proj.weight,22.904187063530273,22.904517260752115,0.00033019722184235434,6.260942478244079e-06
muon_rs,Muon + RS,22,up_proj,mlp,model.layers.22.mlp.up_proj.weight,12.79968858450657,12.799514734982882,-0.00017384952368892925,-5.8987686357593456e-06
muon_rs,Muon + RS,22,k_proj,attn,model.layers.22.self_attn.k_proj.weight,20.39377999771742,20.39563185841588,0.0018518606984585517,3.9434394689671776e-05
muon_rs,Muon + RS,22,o_proj,attn,model.layers.22.self_attn.o_proj.weight,35374.77308841131,43048.72222103443,7673.949132623122,0.08526660242562747
muon_rs,Muon + RS,22,q_proj,attn,model.layers.22.self_attn.q_proj.weight,47977.340735145204,55007.410162628745,7030.0694274835405,0.05938502571389608
muon_rs,Muon + RS,22,v_proj,attn,model.layers.22.self_attn.v_proj.weight,5.233505964972921,5.233416430207713,-8.953476520812131e-05,-7.429969001638534e-06
muon_rs,Muon + RS,23,down_proj,mlp,model.layers.23.mlp.down_proj.weight,11.80645745879601,11.80479880912427,-0.0016586496717394539,-6.101686355510634e-05
muon_rs,Muon + RS,23,gate_proj,mlp,model.layers.23.mlp.gate_proj.weight,19.84423847022627,19.843492116828894,-0.0007463533973748326,-1.6334376255515307e-05
muon_rs,Muon + RS,23,up_proj,mlp,model.layers.23.mlp.up_proj.weight,10.79189058648552,10.792410642621116,0.0005200561355955813,2.092794273165541e-05
muon_rs,Muon + RS,23,k_proj,attn,model.layers.23.self_attn.k_proj.weight,16.001526800630636,16.012452136291888,0.010925335661251978,0.00029642133420344926
muon_rs,Muon + RS,23,o_proj,attn,model.layers.23.self_attn.o_proj.weight,13053.866526333686,12959.624424074578,-94.24210225910792,-0.0031467521306074637
muon_rs,Muon + RS,23,q_proj,attn,model.layers.23.self_attn.q_proj.weight,764874.9518123881,345134.8962627072,-419740.05554968095,-0.345601566228308
muon_rs,Muon + RS,23,v_proj,attn,model.layers.23.self_attn.v_proj.weight,4.042193780833294,4.042681719426727,0.0004879385934328795,5.242110132337219e-05
muon_rs,Muon + RS,24,down_proj,mlp,model.layers.24.mlp.down_proj.weight,10.013056479364716,10.013824396568278,0.0007679172035626181,3.330545643083295e-05
muon_rs,Muon + RS,24,gate_proj,mlp,model.layers.24.mlp.gate_proj.weight,21.0475855955308,21.048552571581677,0.0009669760508757008,1.995206122876331e-05
muon_rs,Muon + RS,24,up_proj,mlp,model.layers.24.mlp.up_proj.weight,13.895235392599337,13.895042523426415,-0.00019286917292227201,-6.028152563546092e-06
muon_rs,Muon + RS,24,k_proj,attn,model.layers.24.self_attn.k_proj.weight,31.211181081905732,31.215281700641725,0.004100618735993322,5.7055165793935135e-05
muon_rs,Muon + RS,24,o_proj,attn,model.layers.24.self_attn.o_proj.weight,13596.107700858232,12094.084232891695,-1502.0234679665373,-0.05084160711058105
muon_rs,Muon + RS,24,q_proj,attn,model.layers.24.self_attn.q_proj.weight,119825.2524376554,99733.26981646034,-20091.98262119507,-0.07970829471465288
muon_rs,Muon + RS,24,v_proj,attn,model.layers.24.self_attn.v_proj.weight,3.6003445004354857,3.6008065179525177,0.00046201751703200955,5.572766296738593e-05
muon_rs,Muon + RS,25,down_proj,mlp,model.layers.25.mlp.down_proj.weight,9.428473935149443,9.428409507746562,-6.44274028811509e-05,-2.967665960218033e-06
muon_rs,Muon + RS,25,gate_proj,mlp,model.layers.25.mlp.gate_proj.weight,21.338091581274373,21.339167689938414,0.0010761086640407314,2.1901502711285552e-05
muon_rs,Muon + RS,25,up_proj,mlp,model.layers.25.mlp.up_proj.weight,18.112209505291784,18.112663050566777,0.00045354527499341657,1.087497050148863e-05
muon_rs,Muon + RS,25,k_proj,attn,model.layers.25.self_attn.k_proj.weight,22.462953951457504,22.465154686938238,0.002200735480734295,4.254651732028031e-05
muon_rs,Muon + RS,25,o_proj,attn,model.layers.25.self_attn.o_proj.weight,16296.613319126418,16700.11037216164,403.49705303522023,0.010621980570593312
muon_rs,Muon + RS,25,q_proj,attn,model.layers.25.self_attn.q_proj.weight,24555.210708810777,28306.60305079028,3751.392341979503,0.06174408957360981
muon_rs,Muon + RS,25,v_proj,attn,model.layers.25.self_attn.v_proj.weight,4.337190824833435,4.337359559226917,0.00016873439348241703,1.689549608028758e-05
muon_rs,Muon + RS,26,down_proj,mlp,model.layers.26.mlp.down_proj.weight,8.741682232718533,8.742069434561106,0.000387201842572793,1.9236102964618822e-05
muon_rs,Muon + RS,26,gate_proj,mlp,model.layers.26.mlp.gate_proj.weight,20.0336868429297,20.034003144343064,0.00031630141336336237,6.856794513879166e-06
muon_rs,Muon + RS,26,up_proj,mlp,model.layers.26.mlp.up_proj.weight,18.54966977174175,18.549128072289907,-0.0005416994518441243,-1.2682733483269254e-05
muon_rs,Muon + RS,26,k_proj,attn,model.layers.26.self_attn.k_proj.weight,18.924022446774764,18.91926308226147,-0.004759364513294173,-0.00010923817673290061
muon_rs,Muon + RS,26,o_proj,attn,model.layers.26.self_attn.o_proj.weight,32723.99759321507,31859.15947184351,-864.8381213715584,-0.011632038258590103
muon_rs,Muon + RS,26,q_proj,attn,model.layers.26.self_attn.q_proj.weight,48120.87790718429,47966.206380009164,-154.67152717512363,-0.0013981701968853234
muon_rs,Muon + RS,26,v_proj,attn,model.layers.26.self_attn.v_proj.weight,4.835564685889436,4.8379774900485275,0.0024128041590918414,0.00021664609196476336
muon_rs,Muon + RS,27,down_proj,mlp,model.layers.27.mlp.down_proj.weight,11.983131396493501,11.985300570833758,0.002169174340256319,7.860843380291003e-05
muon_rs,Muon + RS,27,gate_proj,mlp,model.layers.27.mlp.gate_proj.weight,34.01131673372879,34.01202693818965,0.0007102044608586766,9.0685891558949e-06
muon_rs,Muon + RS,27,up_proj,mlp,model.layers.27.mlp.up_proj.weight,27.05991417573715,27.05969656105227,-0.00021761468487824231,-3.492591891832775e-06
muon_rs,Muon + RS,27,k_proj,attn,model.layers.27.self_attn.k_proj.weight,16.960271595775623,16.958144452860605,-0.002127142915018254,-5.447226250769684e-05
muon_rs,Muon + RS,27,o_proj,attn,model.layers.27.self_attn.o_proj.weight,99634.79632267175,105429.45845717972,5794.662134507962,0.024550938414625585
muon_rs,Muon + RS,27,q_proj,attn,model.layers.27.self_attn.q_proj.weight,91711.44628086085,140430.15615989963,48718.70987903878,0.1850368365048935
muon_rs,Muon + RS,27,v_proj,attn,model.layers.27.self_attn.v_proj.weight,7.853791579470053,7.854833287020797,0.0010417075507440643,5.759992940858546e-05
muon_rs,Muon + RS,3,down_proj,mlp,model.layers.3.mlp.down_proj.weight,10.758270959803003,10.758175146385689,-9.58134173139058e-05,-3.86785421966428e-06
muon_rs,Muon + RS,3,gate_proj,mlp,model.layers.3.mlp.gate_proj.weight,13.999766940935217,13.999591102724391,-0.00017583821082567397,-5.454808253196279e-06
muon_rs,Muon + RS,3,up_proj,mlp,model.layers.3.mlp.up_proj.weight,7.592358408260811,7.5922070492421,-0.00015135901871055069,-8.658053047146419e-06
muon_rs,Muon + RS,3,k_proj,attn,model.layers.3.self_attn.k_proj.weight,15.502942945207748,15.500102695262932,-0.002840249944815909,-7.957314233024774e-05
muon_rs,Muon + RS,3,o_proj,attn,model.layers.3.self_attn.o_proj.weight,16528.241725287102,16605.77831659366,77.53659130655797,0.002032580119988957
muon_rs,Muon + RS,3,q_proj,attn,model.layers.3.self_attn.q_proj.weight,75355.26316454641,86481.78656940542,11126.523404859006,0.05981106196637736
muon_rs,Muon + RS,3,v_proj,attn,model.layers.3.self_attn.v_proj.weight,3.891617107326821,3.891894538655883,0.0002774313290623276,3.095952080504339e-05
muon_rs,Muon + RS,4,down_proj,mlp,model.layers.4.mlp.down_proj.weight,11.15720155550664,11.157567009060134,0.0003654535534938219,1.422506007434416e-05
muon_rs,Muon + RS,4,gate_proj,mlp,model.layers.4.mlp.gate_proj.weight,17.495981170242754,17.495658532016765,-0.00032263822598821434,-8.008770231611354e-06
muon_rs,Muon + RS,4,up_proj,mlp,model.layers.4.mlp.up_proj.weight,8.782003015120793,8.780856710348802,-0.001146304771991069,-5.6691660190189426e-05
muon_rs,Muon + RS,4,k_proj,attn,model.layers.4.self_attn.k_proj.weight,23.93670634239095,23.941358262625315,0.004651920234366003,8.439369097577378e-05
muon_rs,Muon + RS,4,o_proj,attn,model.layers.4.self_attn.o_proj.weight,8582.208719375358,8227.050287344724,-355.1584320306338,-0.01835492045696499
muon_rs,Muon + RS,4,q_proj,attn,model.layers.4.self_attn.q_proj.weight,19385.367499083055,18941.158115417034,-444.2093836660206,-0.01006750912169045
muon_rs,Muon + RS,4,v_proj,attn,model.layers.4.self_attn.v_proj.weight,3.7875720759658726,3.7874015755952444,-0.00017050037062826817,-1.955052876613356e-05
muon_rs,Muon + RS,5,down_proj,mlp,model.layers.5.mlp.down_proj.weight,12.388049471794826,12.388798930877313,0.000749459082486581,2.6273393511971405e-05
muon_rs,Muon + RS,5,gate_proj,mlp,model.layers.5.mlp.gate_proj.weight,20.634483011844836,20.635009223186938,0.0005262113421018455,1.1075042111076214e-05
muon_rs,Muon + RS,5,up_proj,mlp,model.layers.5.mlp.up_proj.weight,8.094579137228608,8.095292308193814,0.0007131709652057339,3.826172630052657e-05
muon_rs,Muon + RS,5,k_proj,attn,model.layers.5.self_attn.k_proj.weight,22.35050954040556,22.34919960643857,-0.0013099339669899734,-2.5454174290708104e-05
muon_rs,Muon + RS,5,o_proj,attn,model.layers.5.self_attn.o_proj.weight,14934.50156341116,14680.922110753354,-253.57945265780654,-0.007437398140117
muon_rs,Muon + RS,5,q_proj,attn,model.layers.5.self_attn.q_proj.weight,14969.234018258956,14851.25241262543,-117.98160563352576,-0.0034364984462432868
muon_rs,Muon + RS,5,v_proj,attn,model.layers.5.self_attn.v_proj.weight,3.3558693468749854,3.3558239118251203,-4.543504986509461e-05,-5.879944354193422e-06
muon_rs,Muon + RS,6,down_proj,mlp,model.layers.6.mlp.down_proj.weight,9.162314837809912,9.162674798077074,0.0003599602671613411,1.7061811314398572e-05
muon_rs,Muon + RS,6,gate_proj,mlp,model.layers.6.mlp.gate_proj.weight,19.228406692239826,19.226209698774888,-0.0021969934649384015,-4.9624322340745267e-05
muon_rs,Muon + RS,6,up_proj,mlp,model.layers.6.mlp.up_proj.weight,7.421489572866498,7.420421967372078,-0.0010676054944198654,-6.247917252689188e-05
muon_rs,Muon + RS,6,k_proj,attn,model.layers.6.self_attn.k_proj.weight,22.193674123897594,22.19868189719253,0.0050077732949347364,9.798300936339397e-05
muon_rs,Muon + RS,6,o_proj,attn,model.layers.6.self_attn.o_proj.weight,70513.61868597266,60416.214255920386,-10097.404430052273,-0.06711949435566744
muon_rs,Muon + RS,6,q_proj,attn,model.layers.6.self_attn.q_proj.weight,18604.75910456698,19813.586099827924,1208.8269952609444,0.027339035337839948
muon_rs,Muon + RS,6,v_proj,attn,model.layers.6.self_attn.v_proj.weight,3.2802787964379356,3.280439736777488,0.00016094033955216247,2.130727024589066e-05
muon_rs,Muon + RS,7,down_proj,mlp,model.layers.7.mlp.down_proj.weight,7.967968298583799,7.96822507061463,0.00025677203083063205,1.3995145957764222e-05
muon_rs,Muon + RS,7,gate_proj,mlp,model.layers.7.mlp.gate_proj.weight,16.82272426896548,16.823241984271732,0.0005177153062518869,1.3365102908758206e-05
muon_rs,Muon + RS,7,up_proj,mlp,model.layers.7.mlp.up_proj.weight,8.451906164480205,8.451693119176166,-0.00021304530403831734,-1.0947301623913903e-05
muon_rs,Muon + RS,7,k_proj,attn,model.layers.7.self_attn.k_proj.weight,30.442592542837964,30.434412810842193,-0.008179731995770823,-0.00011670785939452804
muon_rs,Muon + RS,7,o_proj,attn,model.layers.7.self_attn.o_proj.weight,9457.463639954845,9274.523043346539,-182.9405966083068,-0.008483095687196851
muon_rs,Muon + RS,7,q_proj,attn,model.layers.7.self_attn.q_proj.weight,9030.470682093728,9032.463251268884,1.9925691751559498,9.581630584301836e-05
muon_rs,Muon + RS,7,v_proj,attn,model.layers.7.self_attn.v_proj.weight,4.6148320901395445,4.6152674710993065,0.0004353809597619218,4.097107452335572e-05
muon_rs,Muon + RS,8,down_proj,mlp,model.layers.8.mlp.down_proj.weight,8.059006885143106,8.058944249283588,-6.263585951771233e-05,-3.375417623649788e-06
muon_rs,Muon + RS,8,gate_proj,mlp,model.layers.8.mlp.gate_proj.weight,15.70276662952571,15.705063622818034,0.0022969932923242453,6.352374586772282e-05
muon_rs,Muon + RS,8,up_proj,mlp,model.layers.8.mlp.up_proj.weight,11.03707620181019,11.037741558154384,0.0006653563441929577,2.618011093108886e-05
muon_rs,Muon + RS,8,k_proj,attn,model.layers.8.self_attn.k_proj.weight,26.24428190856445,26.23717009224739,-0.00711181631706026,-0.00011770339744664528
muon_rs,Muon + RS,8,o_proj,attn,model.layers.8.self_attn.o_proj.weight,8728.55329977634,8825.069918679064,96.51661890272408,0.004775886653027825
muon_rs,Muon + RS,8,q_proj,attn,model.layers.8.self_attn.q_proj.weight,20459.276858621644,19789.968442618952,-669.308416002692,-0.014445177659646119
muon_rs,Muon + RS,8,v_proj,attn,model.layers.8.self_attn.v_proj.weight,2.614956506444022,2.6149730164404756,1.6509996453528686e-05,2.74198737272488e-06
muon_rs,Muon + RS,9,down_proj,mlp,model.layers.9.mlp.down_proj.weight,11.96143651469935,11.961356242961504,-8.027173784697084e-05,-2.9145069434673175e-06
muon_rs,Muon + RS,9,gate_proj,mlp,model.layers.9.mlp.gate_proj.weight,17.04541620966512,17.046721243510877,0.0013050338457567534,3.324924985791716e-05
muon_rs,Muon + RS,9,up_proj,mlp,model.layers.9.mlp.up_proj.weight,8.607523542303687,8.607519862832978,-3.679470708561894e-06,-1.8564853858388844e-07
muon_rs,Muon + RS,9,k_proj,attn,model.layers.9.self_attn.k_proj.weight,29.979145885547403,29.98116141399779,0.002015528450385773,2.9197077996260213e-05
muon_rs,Muon + RS,9,o_proj,attn,model.layers.9.self_attn.o_proj.weight,26480.436490575365,26641.52285108649,161.08636051112626,0.002633906308458222
muon_rs,Muon + RS,9,q_proj,attn,model.layers.9.self_attn.q_proj.weight,35295.52653603585,31681.221692995925,-3614.3048430399285,-0.046917744524933254
muon_rs,Muon + RS,9,v_proj,attn,model.layers.9.self_attn.v_proj.weight,3.911800039733773,3.911577329589848,-0.00022271014392494237,-2.4726350789591148e-05
