experiment,experiment_label,layer,component,type,param_name,n_params,n_changed,n_unchanged,sparsity,n_changed_bf16,n_unchanged_bf16,sparsity_bf16
adamw_sft,AdamW + SFT,-1,embed,embed,model.embed_tokens.weight,233373696,221369686,12004010,0.0514368594479474,22110255,211263441,0.9052581530010991
adamw_sft,AdamW + SFT,0,down_proj,mlp,model.layers.0.mlp.down_proj.weight,13762560,13762259,301,2.1870930989598136e-05,3728319,10034241,0.7290969848632812
adamw_sft,AdamW + SFT,0,gate_proj,mlp,model.layers.0.mlp.gate_proj.weight,13762560,13762234,326,2.368745349701218e-05,3298910,10463650,0.7602982293991816
adamw_sft,AdamW + SFT,0,up_proj,mlp,model.layers.0.mlp.up_proj.weight,13762560,13762285,275,1.9981747581887532e-05,3943363,9819197,0.71347169421968
adamw_sft,AdamW + SFT,0,k_proj,attn,model.layers.0.self_attn.k_proj.weight,393216,393207,9,2.288818359375e-05,62298,330918,0.8415679931640625
adamw_sft,AdamW + SFT,0,o_proj,attn,model.layers.0.self_attn.o_proj.weight,2359296,2359254,42,1.780192057287966e-05,878348,1480948,0.6277075873480903
adamw_sft,AdamW + SFT,0,q_proj,attn,model.layers.0.self_attn.q_proj.weight,2359296,2356107,3189,0.0013516743977864953,448335,1910961,0.8099708557128906
adamw_sft,AdamW + SFT,0,v_proj,attn,model.layers.0.self_attn.v_proj.weight,393216,393211,5,1.271565755212034e-05,149046,244170,0.6209564208984375
adamw_sft,AdamW + SFT,1,down_proj,mlp,model.layers.1.mlp.down_proj.weight,13762560,13762227,333,2.419607979908811e-05,3679393,10083167,0.7326519920712425
adamw_sft,AdamW + SFT,1,gate_proj,mlp,model.layers.1.mlp.gate_proj.weight,13762560,13762196,364,2.6448567708281523e-05,3169936,10592624,0.7696695963541667
adamw_sft,AdamW + SFT,1,up_proj,mlp,model.layers.1.mlp.up_proj.weight,13762560,13762233,327,2.376011439730874e-05,3675047,10087513,0.732967776343936
adamw_sft,AdamW + SFT,1,k_proj,attn,model.layers.1.self_attn.k_proj.weight,393216,393199,17,4.323323567712034e-05,74443,318773,0.8106816609700521
adamw_sft,AdamW + SFT,1,o_proj,attn,model.layers.1.self_attn.o_proj.weight,2359296,2359248,48,2.034505208337034e-05,767402,1591894,0.6747326321072049
adamw_sft,AdamW + SFT,1,q_proj,attn,model.layers.1.self_attn.q_proj.weight,2359296,2359216,80,3.3908420138839546e-05,506002,1853294,0.7855283949110243
adamw_sft,AdamW + SFT,1,v_proj,attn,model.layers.1.self_attn.v_proj.weight,393216,393209,7,1.780192057287966e-05,158389,234827,0.5971959431966145
adamw_sft,AdamW + SFT,10,down_proj,mlp,model.layers.10.mlp.down_proj.weight,13762560,13762210,350,2.543131510412966e-05,3560942,10201618,0.7412587483723958
adamw_sft,AdamW + SFT,10,gate_proj,mlp,model.layers.10.mlp.gate_proj.weight,13762560,13762206,354,2.5721958705315906e-05,3108989,10653571,0.7740980602446057
adamw_sft,AdamW + SFT,10,up_proj,mlp,model.layers.10.mlp.up_proj.weight,13762560,13762175,385,2.797444661462034e-05,3346403,10416157,0.7568473452613467
adamw_sft,AdamW + SFT,10,k_proj,attn,model.layers.10.self_attn.k_proj.weight,393216,393197,19,4.831949869787966e-05,86100,307116,0.781036376953125
adamw_sft,AdamW + SFT,10,o_proj,attn,model.layers.10.self_attn.o_proj.weight,2359296,2359242,54,2.288818359375e-05,655955,1703341,0.7219700283474393
adamw_sft,AdamW + SFT,10,q_proj,attn,model.layers.10.self_attn.q_proj.weight,2359296,2359221,75,3.178914388024534e-05,565812,1793484,0.7601776123046875
adamw_sft,AdamW + SFT,10,v_proj,attn,model.layers.10.self_attn.v_proj.weight,393216,393202,14,3.560384114587034e-05,100956,292260,0.743255615234375
adamw_sft,AdamW + SFT,11,down_proj,mlp,model.layers.11.mlp.down_proj.weight,13762560,13762235,325,2.3614792596715617e-05,3628362,10134198,0.7363599504743303
adamw_sft,AdamW + SFT,11,gate_proj,mlp,model.layers.11.mlp.gate_proj.weight,13762560,13762220,340,2.4704706101164042e-05,3144730,10617830,0.7715010870070684
adamw_sft,AdamW + SFT,11,up_proj,mlp,model.layers.11.mlp.up_proj.weight,13762560,13762204,356,2.586728050590903e-05,3368574,10393986,0.7552363804408482
adamw_sft,AdamW + SFT,11,k_proj,attn,model.layers.11.self_attn.k_proj.weight,393216,393205,11,2.797444661462034e-05,77421,315795,0.8031082153320312
adamw_sft,AdamW + SFT,11,o_proj,attn,model.layers.11.self_attn.o_proj.weight,2359296,2359245,51,2.161661783850466e-05,677208,1682088,0.7129618326822917
adamw_sft,AdamW + SFT,11,q_proj,attn,model.layers.11.self_attn.q_proj.weight,2359296,2359221,75,3.178914388024534e-05,534089,1825207,0.7736235724555122
adamw_sft,AdamW + SFT,11,v_proj,attn,model.layers.11.self_attn.v_proj.weight,393216,393201,15,3.814697265625e-05,101149,292067,0.7427647908528645
adamw_sft,AdamW + SFT,12,down_proj,mlp,model.layers.12.mlp.down_proj.weight,13762560,13762217,343,2.4922688802053727e-05,3745771,10016789,0.7278289068312872
adamw_sft,AdamW + SFT,12,gate_proj,mlp,model.layers.12.mlp.gate_proj.weight,13762560,13762214,346,2.5140671502943412e-05,3092352,10670208,0.7753069196428571
adamw_sft,AdamW + SFT,12,up_proj,mlp,model.layers.12.mlp.up_proj.weight,13762560,13762212,348,2.5285993303536536e-05,3452924,10309636,0.749107433500744
adamw_sft,AdamW + SFT,12,k_proj,attn,model.layers.12.self_attn.k_proj.weight,393216,393205,11,2.797444661462034e-05,88536,304680,0.77484130859375
adamw_sft,AdamW + SFT,12,o_proj,attn,model.layers.12.self_attn.o_proj.weight,2359296,2359237,59,2.5007459852455227e-05,678498,1680798,0.712415059407552
adamw_sft,AdamW + SFT,12,q_proj,attn,model.layers.12.self_attn.q_proj.weight,2359296,2359226,70,2.9669867621540114e-05,588941,1770355,0.750374264187283
adamw_sft,AdamW + SFT,12,v_proj,attn,model.layers.12.self_attn.v_proj.weight,393216,393206,10,2.543131510412966e-05,100819,292397,0.743604024251302
adamw_sft,AdamW + SFT,13,down_proj,mlp,model.layers.13.mlp.down_proj.weight,13762560,13762266,294,2.1362304687522204e-05,3680828,10081732,0.7325477236793154
adamw_sft,AdamW + SFT,13,gate_proj,mlp,model.layers.13.mlp.gate_proj.weight,13762560,13762213,347,2.5213332403239974e-05,3244191,10518369,0.764274161202567
adamw_sft,AdamW + SFT,13,up_proj,mlp,model.layers.13.mlp.up_proj.weight,13762560,13762240,320,2.325148809523281e-05,3409341,10353219,0.7522742135184152
adamw_sft,AdamW + SFT,13,k_proj,attn,model.layers.13.self_attn.k_proj.weight,393216,393198,18,4.57763671875e-05,77525,315691,0.8028437296549479
adamw_sft,AdamW + SFT,13,o_proj,attn,model.layers.13.self_attn.o_proj.weight,2359296,2359243,53,2.2464328341964546e-05,693910,1665386,0.7058826022677951
adamw_sft,AdamW + SFT,13,q_proj,attn,model.layers.13.self_attn.q_proj.weight,2359296,2359231,65,2.7550591362834886e-05,544430,1814866,0.769240485297309
adamw_sft,AdamW + SFT,13,v_proj,attn,model.layers.13.self_attn.v_proj.weight,393216,393207,9,2.288818359375e-05,108101,285115,0.725084940592448
adamw_sft,AdamW + SFT,14,down_proj,mlp,model.layers.14.mlp.down_proj.weight,13762560,13762201,359,2.6085263206798714e-05,3712829,10049731,0.7302225022088913
adamw_sft,AdamW + SFT,14,gate_proj,mlp,model.layers.14.mlp.gate_proj.weight,13762560,13762204,356,2.586728050590903e-05,3407386,10355174,0.7524162655784971
adamw_sft,AdamW + SFT,14,up_proj,mlp,model.layers.14.mlp.up_proj.weight,13762560,13762230,330,2.3978097098198425e-05,3492927,10269633,0.7462007795061384
adamw_sft,AdamW + SFT,14,k_proj,attn,model.layers.14.self_attn.k_proj.weight,393216,393208,8,2.034505208337034e-05,101900,291316,0.7408548990885417
adamw_sft,AdamW + SFT,14,o_proj,attn,model.layers.14.self_attn.o_proj.weight,2359296,2359250,46,1.9497341579910454e-05,723553,1635743,0.6933182610405816
adamw_sft,AdamW + SFT,14,q_proj,attn,model.layers.14.self_attn.q_proj.weight,2359296,2359244,52,2.2040473090290114e-05,632283,1727013,0.7320035298665364
adamw_sft,AdamW + SFT,14,v_proj,attn,model.layers.14.self_attn.v_proj.weight,393216,393205,11,2.797444661462034e-05,115930,277286,0.7051747639973958
adamw_sft,AdamW + SFT,15,down_proj,mlp,model.layers.15.mlp.down_proj.weight,13762560,13762236,324,2.3542131696419055e-05,3739248,10023312,0.7283028738839286
adamw_sft,AdamW + SFT,15,gate_proj,mlp,model.layers.15.mlp.gate_proj.weight,13762560,13762178,382,2.7756463913730656e-05,3375499,10387061,0.7547332037062873
adamw_sft,AdamW + SFT,15,up_proj,mlp,model.layers.15.mlp.up_proj.weight,13762560,13762245,315,2.288818359375e-05,3485331,10277229,0.7467527117047992
adamw_sft,AdamW + SFT,15,k_proj,attn,model.layers.15.self_attn.k_proj.weight,393216,393207,9,2.288818359375e-05,100948,292268,0.7432759602864583
adamw_sft,AdamW + SFT,15,o_proj,attn,model.layers.15.self_attn.o_proj.weight,2359296,2359236,60,2.543131510412966e-05,658933,1700363,0.7207077874077691
adamw_sft,AdamW + SFT,15,q_proj,attn,model.layers.15.self_attn.q_proj.weight,2359296,2359229,67,2.8398301866294773e-05,632150,1727146,0.7320599026150174
adamw_sft,AdamW + SFT,15,v_proj,attn,model.layers.15.self_attn.v_proj.weight,393216,393211,5,1.271565755212034e-05,94768,298448,0.7589925130208334
adamw_sft,AdamW + SFT,16,down_proj,mlp,model.layers.16.mlp.down_proj.weight,13762560,13762251,309,2.245221819197063e-05,3698427,10064133,0.7312689644949777
adamw_sft,AdamW + SFT,16,gate_proj,mlp,model.layers.16.mlp.gate_proj.weight,13762560,13762211,349,2.5358654203833098e-05,3411904,10350656,0.7520879836309524
adamw_sft,AdamW + SFT,16,up_proj,mlp,model.layers.16.mlp.up_proj.weight,13762560,13762202,358,2.6012602306502153e-05,3443574,10318986,0.7497868129185268
adamw_sft,AdamW + SFT,16,k_proj,attn,model.layers.16.self_attn.k_proj.weight,393216,393203,13,3.306070963537966e-05,83147,310069,0.7885462443033854
adamw_sft,AdamW + SFT,16,o_proj,attn,model.layers.16.self_attn.o_proj.weight,2359296,2359228,68,2.8822157118080227e-05,682833,1676463,0.7105776468912761
adamw_sft,AdamW + SFT,16,q_proj,attn,model.layers.16.self_attn.q_proj.weight,2359296,2359217,79,3.3484564887165114e-05,565339,1793957,0.7603780958387587
adamw_sft,AdamW + SFT,16,v_proj,attn,model.layers.16.self_attn.v_proj.weight,393216,393206,10,2.543131510412966e-05,101640,291576,0.74151611328125
adamw_sft,AdamW + SFT,17,down_proj,mlp,model.layers.17.mlp.down_proj.weight,13762560,13762251,309,2.245221819197063e-05,3647678,10114882,0.7349564325241815
adamw_sft,AdamW + SFT,17,gate_proj,mlp,model.layers.17.mlp.gate_proj.weight,13762560,13762186,374,2.7175176711358162e-05,3368303,10394257,0.7552560715448289
adamw_sft,AdamW + SFT,17,up_proj,mlp,model.layers.17.mlp.up_proj.weight,13762560,13762215,345,2.506801060264685e-05,3427056,10335504,0.7509870256696428
adamw_sft,AdamW + SFT,17,k_proj,attn,model.layers.17.self_attn.k_proj.weight,393216,393206,10,2.543131510412966e-05,104116,289100,0.7352193196614583
adamw_sft,AdamW + SFT,17,o_proj,attn,model.layers.17.self_attn.o_proj.weight,2359296,2359243,53,2.2464328341964546e-05,650044,1709252,0.7244754367404513
adamw_sft,AdamW + SFT,17,q_proj,attn,model.layers.17.self_attn.q_proj.weight,2359296,2359235,61,2.5855170355915114e-05,614127,1745169,0.7396990458170574
adamw_sft,AdamW + SFT,17,v_proj,attn,model.layers.17.self_attn.v_proj.weight,393216,393202,14,3.560384114587034e-05,101245,291971,0.7425206502278645
adamw_sft,AdamW + SFT,18,down_proj,mlp,model.layers.18.mlp.down_proj.weight,13762560,13762237,323,2.3469470796122494e-05,3614777,10147783,0.7373470488048735
adamw_sft,AdamW + SFT,18,gate_proj,mlp,model.layers.18.mlp.gate_proj.weight,13762560,13762187,373,2.71025158110616e-05,3250032,10512528,0.7638497488839285
adamw_sft,AdamW + SFT,18,up_proj,mlp,model.layers.18.mlp.up_proj.weight,13762560,13762231,329,2.3905436197901864e-05,3431414,10331146,0.7506703694661458
adamw_sft,AdamW + SFT,18,k_proj,attn,model.layers.18.self_attn.k_proj.weight,393216,393200,16,4.069010416662966e-05,90625,302591,0.7695287068684896
adamw_sft,AdamW + SFT,18,o_proj,attn,model.layers.18.self_attn.o_proj.weight,2359296,2359244,52,2.2040473090290114e-05,674464,1684832,0.7141248914930556
adamw_sft,AdamW + SFT,18,q_proj,attn,model.layers.18.self_attn.q_proj.weight,2359296,2359220,76,3.221299913191977e-05,579167,1780129,0.7545170254177518
adamw_sft,AdamW + SFT,18,v_proj,attn,model.layers.18.self_attn.v_proj.weight,393216,393203,13,3.306070963537966e-05,122673,270543,0.6880264282226562
adamw_sft,AdamW + SFT,19,down_proj,mlp,model.layers.19.mlp.down_proj.weight,13762560,13762258,302,2.1943591889894698e-05,3608596,10153964,0.737796165829613
adamw_sft,AdamW + SFT,19,gate_proj,mlp,model.layers.19.mlp.gate_proj.weight,13762560,13762190,370,2.6884533110171915e-05,3251544,10511016,0.7637398856026786
adamw_sft,AdamW + SFT,19,up_proj,mlp,model.layers.19.mlp.up_proj.weight,13762560,13762213,347,2.5213332403239974e-05,3391847,10370713,0.7535453433082218
adamw_sft,AdamW + SFT,19,k_proj,attn,model.layers.19.self_attn.k_proj.weight,393216,393209,7,1.780192057287966e-05,95011,298205,0.7583745320638021
adamw_sft,AdamW + SFT,19,o_proj,attn,model.layers.19.self_attn.o_proj.weight,2359296,2359237,59,2.5007459852455227e-05,606938,1752358,0.7427461412217882
adamw_sft,AdamW + SFT,19,q_proj,attn,model.layers.19.self_attn.q_proj.weight,2359296,2359239,57,2.415974934899534e-05,596580,1762716,0.7471364339192708
adamw_sft,AdamW + SFT,19,v_proj,attn,model.layers.19.self_attn.v_proj.weight,393216,393205,11,2.797444661462034e-05,87778,305438,0.7767690022786459
adamw_sft,AdamW + SFT,2,down_proj,mlp,model.layers.2.mlp.down_proj.weight,13762560,13762254,306,2.2234235491080945e-05,3597739,10164821,0.7385850452241444
adamw_sft,AdamW + SFT,2,gate_proj,mlp,model.layers.2.mlp.gate_proj.weight,13762560,13762180,380,2.7611142113137532e-05,3074925,10687635,0.7765731811523438
adamw_sft,AdamW + SFT,2,up_proj,mlp,model.layers.2.mlp.up_proj.weight,13762560,13762241,319,2.3178827194936247e-05,3631883,10130677,0.7361041114443825
adamw_sft,AdamW + SFT,2,k_proj,attn,model.layers.2.self_attn.k_proj.weight,393216,393205,11,2.797444661462034e-05,76986,316230,0.8042144775390625
adamw_sft,AdamW + SFT,2,o_proj,attn,model.layers.2.self_attn.o_proj.weight,2359296,2359254,42,1.780192057287966e-05,689394,1669902,0.7077967325846355
adamw_sft,AdamW + SFT,2,q_proj,attn,model.layers.2.self_attn.q_proj.weight,2359296,2359220,76,3.221299913191977e-05,547825,1811471,0.767801496717665
adamw_sft,AdamW + SFT,2,v_proj,attn,model.layers.2.self_attn.v_proj.weight,393216,393212,4,1.017252604162966e-05,137192,256024,0.6511027018229167
adamw_sft,AdamW + SFT,20,down_proj,mlp,model.layers.20.mlp.down_proj.weight,13762560,13762226,334,2.4268740699384672e-05,3549674,10212886,0.7420774913969495
adamw_sft,AdamW + SFT,20,gate_proj,mlp,model.layers.20.mlp.gate_proj.weight,13762560,13762177,383,2.7829124814027217e-05,3226454,10536106,0.7655629475911458
adamw_sft,AdamW + SFT,20,up_proj,mlp,model.layers.20.mlp.up_proj.weight,13762560,13762196,364,2.6448567708281523e-05,3319164,10443396,0.7588265555245536
adamw_sft,AdamW + SFT,20,k_proj,attn,model.layers.20.self_attn.k_proj.weight,393216,393209,7,1.780192057287966e-05,100411,292805,0.744641621907552
adamw_sft,AdamW + SFT,20,o_proj,attn,model.layers.20.self_attn.o_proj.weight,2359296,2359248,48,2.034505208337034e-05,621523,1737773,0.736564212375217
adamw_sft,AdamW + SFT,20,q_proj,attn,model.layers.20.self_attn.q_proj.weight,2359296,2359232,64,2.7126736111160454e-05,612291,1747005,0.7404772440592449
adamw_sft,AdamW + SFT,20,v_proj,attn,model.layers.20.self_attn.v_proj.weight,393216,393197,19,4.831949869787966e-05,88406,304810,0.7751719156901041
adamw_sft,AdamW + SFT,21,down_proj,mlp,model.layers.21.mlp.down_proj.weight,13762560,13762220,340,2.4704706101164042e-05,3584583,10177977,0.7395409720284598
adamw_sft,AdamW + SFT,21,gate_proj,mlp,model.layers.21.mlp.gate_proj.weight,13762560,13762144,416,3.0226934523813753e-05,3079882,10682678,0.7762130010695685
adamw_sft,AdamW + SFT,21,up_proj,mlp,model.layers.21.mlp.up_proj.weight,13762560,13762182,378,2.746582031254441e-05,3312573,10449987,0.7593054635184152
adamw_sft,AdamW + SFT,21,k_proj,attn,model.layers.21.self_attn.k_proj.weight,393216,393197,19,4.831949869787966e-05,92461,300755,0.7648595174153646
adamw_sft,AdamW + SFT,21,o_proj,attn,model.layers.21.self_attn.o_proj.weight,2359296,2359241,55,2.3312038845535454e-05,632174,1727122,0.7320497300889757
adamw_sft,AdamW + SFT,21,q_proj,attn,model.layers.21.self_attn.q_proj.weight,2359296,2359227,69,2.924601236975466e-05,582511,1776785,0.7530996534559462
adamw_sft,AdamW + SFT,21,v_proj,attn,model.layers.21.self_attn.v_proj.weight,393216,393201,15,3.814697265625e-05,89846,303370,0.7715098063151041
adamw_sft,AdamW + SFT,22,down_proj,mlp,model.layers.22.mlp.down_proj.weight,13762560,13762242,318,2.3106166294639685e-05,3549850,10212710,0.742064703078497
adamw_sft,AdamW + SFT,22,gate_proj,mlp,model.layers.22.mlp.gate_proj.weight,13762560,13762157,403,2.928234281995845e-05,2958676,10803884,0.7850199381510417
adamw_sft,AdamW + SFT,22,up_proj,mlp,model.layers.22.mlp.up_proj.weight,13762560,13762214,346,2.5140671502943412e-05,3317981,10444579,0.7589125133696056
adamw_sft,AdamW + SFT,22,k_proj,attn,model.layers.22.self_attn.k_proj.weight,393216,393210,6,1.52587890625e-05,109182,284034,0.7223358154296875
adamw_sft,AdamW + SFT,22,o_proj,attn,model.layers.22.self_attn.o_proj.weight,2359296,2359227,69,2.924601236975466e-05,545712,1813584,0.7686971028645834
adamw_sft,AdamW + SFT,22,q_proj,attn,model.layers.22.self_attn.q_proj.weight,2359296,2359232,64,2.7126736111160454e-05,636898,1722398,0.7300474378797743
adamw_sft,AdamW + SFT,22,v_proj,attn,model.layers.22.self_attn.v_proj.weight,393216,393209,7,1.780192057287966e-05,107035,286181,0.727795918782552
adamw_sft,AdamW + SFT,23,down_proj,mlp,model.layers.23.mlp.down_proj.weight,13762560,13762221,339,2.463204520086748e-05,3452419,10310141,0.7491441272553944
adamw_sft,AdamW + SFT,23,gate_proj,mlp,model.layers.23.mlp.gate_proj.weight,13762560,13762155,405,2.9427664620551575e-05,2916455,10846105,0.7880877540225074
adamw_sft,AdamW + SFT,23,up_proj,mlp,model.layers.23.mlp.up_proj.weight,13762560,13762207,353,2.5649297805019344e-05,3215076,10547484,0.7663896833147321
adamw_sft,AdamW + SFT,23,k_proj,attn,model.layers.23.self_attn.k_proj.weight,393216,393207,9,2.288818359375e-05,101969,291247,0.740679423014323
adamw_sft,AdamW + SFT,23,o_proj,attn,model.layers.23.self_attn.o_proj.weight,2359296,2359241,55,2.3312038845535454e-05,588509,1770787,0.750557369656033
adamw_sft,AdamW + SFT,23,q_proj,attn,model.layers.23.self_attn.q_proj.weight,2359296,2359235,61,2.5855170355915114e-05,581221,1778075,0.7536464267306857
adamw_sft,AdamW + SFT,23,v_proj,attn,model.layers.23.self_attn.v_proj.weight,393216,393205,11,2.797444661462034e-05,99551,293665,0.7468287150065105
adamw_sft,AdamW + SFT,24,down_proj,mlp,model.layers.24.mlp.down_proj.weight,13762560,13762203,357,2.593994140620559e-05,3345945,10416615,0.756880623953683
adamw_sft,AdamW + SFT,24,gate_proj,mlp,model.layers.24.mlp.gate_proj.weight,13762560,13762174,386,2.8047107514916902e-05,2950862,10811698,0.7855877104259672
adamw_sft,AdamW + SFT,24,up_proj,mlp,model.layers.24.mlp.up_proj.weight,13762560,13762233,327,2.376011439730874e-05,3140749,10621811,0.7717903500511533
adamw_sft,AdamW + SFT,24,k_proj,attn,model.layers.24.self_attn.k_proj.weight,393216,393204,12,3.0517578125e-05,93489,299727,0.7622451782226562
adamw_sft,AdamW + SFT,24,o_proj,attn,model.layers.24.self_attn.o_proj.weight,2359296,2359216,80,3.3908420138839546e-05,562295,1797001,0.7616683112250434
adamw_sft,AdamW + SFT,24,q_proj,attn,model.layers.24.self_attn.q_proj.weight,2359296,2359235,61,2.5855170355915114e-05,564286,1795010,0.7608244154188368
adamw_sft,AdamW + SFT,24,v_proj,attn,model.layers.24.self_attn.v_proj.weight,393216,393204,12,3.0517578125e-05,85827,307389,0.7817306518554688
adamw_sft,AdamW + SFT,25,down_proj,mlp,model.layers.25.mlp.down_proj.weight,13762560,13762223,337,2.4486723400274357e-05,3275521,10487039,0.7619976951962426
adamw_sft,AdamW + SFT,25,gate_proj,mlp,model.layers.25.mlp.gate_proj.weight,13762560,13762194,366,2.6593889508874646e-05,2966820,10795740,0.7844281877790178
adamw_sft,AdamW + SFT,25,up_proj,mlp,model.layers.25.mlp.up_proj.weight,13762560,13762173,387,2.8119768415213464e-05,3047506,10715054,0.7785654703776042
adamw_sft,AdamW + SFT,25,k_proj,attn,model.layers.25.self_attn.k_proj.weight,393216,393201,15,3.814697265625e-05,117082,276134,0.7022450764973958
adamw_sft,AdamW + SFT,25,o_proj,attn,model.layers.25.self_attn.o_proj.weight,2359296,2359234,62,2.6279025607589546e-05,515219,1844077,0.7816217210557725
adamw_sft,AdamW + SFT,25,q_proj,attn,model.layers.25.self_attn.q_proj.weight,2359296,2359238,58,2.4583604600669773e-05,661286,1698010,0.719710456000434
adamw_sft,AdamW + SFT,25,v_proj,attn,model.layers.25.self_attn.v_proj.weight,393216,393200,16,4.069010416662966e-05,84023,309193,0.7863184611002604
adamw_sft,AdamW + SFT,26,down_proj,mlp,model.layers.26.mlp.down_proj.weight,13762560,13762207,353,2.5649297805019344e-05,3259087,10503473,0.7631918044317336
adamw_sft,AdamW + SFT,26,gate_proj,mlp,model.layers.26.mlp.gate_proj.weight,13762560,13762165,395,2.8701055617585958e-05,3013811,10748749,0.7810137794131324
adamw_sft,AdamW + SFT,26,up_proj,mlp,model.layers.26.mlp.up_proj.weight,13762560,13762177,383,2.7829124814027217e-05,2995504,10767056,0.782343982514881
adamw_sft,AdamW + SFT,26,k_proj,attn,model.layers.26.self_attn.k_proj.weight,393216,393210,6,1.52587890625e-05,111120,282096,0.7174072265625
adamw_sft,AdamW + SFT,26,o_proj,attn,model.layers.26.self_attn.o_proj.weight,2359296,2359239,57,2.415974934899534e-05,513250,1846046,0.782456292046441
adamw_sft,AdamW + SFT,26,q_proj,attn,model.layers.26.self_attn.q_proj.weight,2359296,2359235,61,2.5855170355915114e-05,633469,1725827,0.7315008375379775
adamw_sft,AdamW + SFT,26,v_proj,attn,model.layers.26.self_attn.v_proj.weight,393216,393193,23,5.849202473962034e-05,83080,310136,0.7887166341145834
adamw_sft,AdamW + SFT,27,down_proj,mlp,model.layers.27.mlp.down_proj.weight,13762560,13762237,323,2.3469470796122494e-05,3631723,10130837,0.73611573718843
adamw_sft,AdamW + SFT,27,gate_proj,mlp,model.layers.27.mlp.gate_proj.weight,13762560,13762127,433,3.14621698288553e-05,2856290,10906270,0.7924593970889137
adamw_sft,AdamW + SFT,27,up_proj,mlp,model.layers.27.mlp.up_proj.weight,13762560,13762155,405,2.9427664620551575e-05,3046767,10715793,0.7786191667829241
adamw_sft,AdamW + SFT,27,k_proj,attn,model.layers.27.self_attn.k_proj.weight,393216,393205,11,2.797444661462034e-05,113962,279254,0.7101796468098958
adamw_sft,AdamW + SFT,27,o_proj,attn,model.layers.27.self_attn.o_proj.weight,2359296,2359240,56,2.3735894097209886e-05,609373,1749923,0.7417140536838107
adamw_sft,AdamW + SFT,27,q_proj,attn,model.layers.27.self_attn.q_proj.weight,2359296,2359243,53,2.2464328341964546e-05,657135,1702161,0.7214698791503906
adamw_sft,AdamW + SFT,27,v_proj,attn,model.layers.27.self_attn.v_proj.weight,393216,393204,12,3.0517578125e-05,67515,325701,0.8283004760742188
adamw_sft,AdamW + SFT,3,down_proj,mlp,model.layers.3.mlp.down_proj.weight,13762560,13762231,329,2.3905436197901864e-05,3617307,10145253,0.7371632167271205
adamw_sft,AdamW + SFT,3,gate_proj,mlp,model.layers.3.mlp.gate_proj.weight,13762560,13762167,393,2.8555733816992834e-05,3096205,10666355,0.7750269571940104
adamw_sft,AdamW + SFT,3,up_proj,mlp,model.layers.3.mlp.up_proj.weight,13762560,13762258,302,2.1943591889894698e-05,3630297,10132263,0.7362193516322544
adamw_sft,AdamW + SFT,3,k_proj,attn,model.layers.3.self_attn.k_proj.weight,393216,393212,4,1.017252604162966e-05,90929,302287,0.7687555948893229
adamw_sft,AdamW + SFT,3,o_proj,attn,model.layers.3.self_attn.o_proj.weight,2359296,2359240,56,2.3735894097209886e-05,733469,1625827,0.6891153123643663
adamw_sft,AdamW + SFT,3,q_proj,attn,model.layers.3.self_attn.q_proj.weight,2359296,2359240,56,2.3735894097209886e-05,628839,1730457,0.7334632873535156
adamw_sft,AdamW + SFT,3,v_proj,attn,model.layers.3.self_attn.v_proj.weight,393216,393213,3,7.62939453125e-06,125153,268063,0.681719462076823
adamw_sft,AdamW + SFT,4,down_proj,mlp,model.layers.4.mlp.down_proj.weight,13762560,13762228,332,2.412341889879155e-05,3667182,10095378,0.7335392543247767
adamw_sft,AdamW + SFT,4,gate_proj,mlp,model.layers.4.mlp.gate_proj.weight,13762560,13762188,372,2.702985491076504e-05,3062978,10699582,0.7774412609281994
adamw_sft,AdamW + SFT,4,up_proj,mlp,model.layers.4.mlp.up_proj.weight,13762560,13762285,275,1.9981747581887532e-05,3614706,10147854,0.7373522077287946
adamw_sft,AdamW + SFT,4,k_proj,attn,model.layers.4.self_attn.k_proj.weight,393216,393203,13,3.306070963537966e-05,88832,304384,0.7740885416666666
adamw_sft,AdamW + SFT,4,o_proj,attn,model.layers.4.self_attn.o_proj.weight,2359296,2359241,55,2.3312038845535454e-05,676168,1683128,0.7134026421440972
adamw_sft,AdamW + SFT,4,q_proj,attn,model.layers.4.self_attn.q_proj.weight,2359296,2359245,51,2.161661783850466e-05,587732,1771564,0.7508867051866319
adamw_sft,AdamW + SFT,4,v_proj,attn,model.layers.4.self_attn.v_proj.weight,393216,393207,9,2.288818359375e-05,103517,289699,0.736742655436198
adamw_sft,AdamW + SFT,5,down_proj,mlp,model.layers.5.mlp.down_proj.weight,13762560,13762235,325,2.3614792596715617e-05,3744907,10017653,0.7278916858491443
adamw_sft,AdamW + SFT,5,gate_proj,mlp,model.layers.5.mlp.gate_proj.weight,13762560,13762167,393,2.8555733816992834e-05,2979666,10782894,0.7834947858537946
adamw_sft,AdamW + SFT,5,up_proj,mlp,model.layers.5.mlp.up_proj.weight,13762560,13762228,332,2.412341889879155e-05,3679794,10082766,0.7326228550502232
adamw_sft,AdamW + SFT,5,k_proj,attn,model.layers.5.self_attn.k_proj.weight,393216,393208,8,2.034505208337034e-05,85437,307779,0.7827224731445312
adamw_sft,AdamW + SFT,5,o_proj,attn,model.layers.5.self_attn.o_proj.weight,2359296,2359261,35,1.4834933810714546e-05,693532,1665764,0.7060428195529513
adamw_sft,AdamW + SFT,5,q_proj,attn,model.layers.5.self_attn.q_proj.weight,2359296,2359227,69,2.924601236975466e-05,589877,1769419,0.749977535671658
adamw_sft,AdamW + SFT,5,v_proj,attn,model.layers.5.self_attn.v_proj.weight,393216,393201,15,3.814697265625e-05,114951,278265,0.7076644897460938
adamw_sft,AdamW + SFT,6,down_proj,mlp,model.layers.6.mlp.down_proj.weight,13762560,13762255,305,2.2161574590784383e-05,3650639,10111921,0.7347412835984003
adamw_sft,AdamW + SFT,6,gate_proj,mlp,model.layers.6.mlp.gate_proj.weight,13762560,13762168,392,2.8483072916696273e-05,2927760,10834800,0.7872663225446428
adamw_sft,AdamW + SFT,6,up_proj,mlp,model.layers.6.mlp.up_proj.weight,13762560,13762263,297,2.158028738841189e-05,3569113,10193447,0.740665036156064
adamw_sft,AdamW + SFT,6,k_proj,attn,model.layers.6.self_attn.k_proj.weight,393216,393210,6,1.52587890625e-05,85492,307724,0.7825826009114584
adamw_sft,AdamW + SFT,6,o_proj,attn,model.layers.6.self_attn.o_proj.weight,2359296,2359236,60,2.543131510412966e-05,637934,1721362,0.7296083238389757
adamw_sft,AdamW + SFT,6,q_proj,attn,model.layers.6.self_attn.q_proj.weight,2359296,2359239,57,2.415974934899534e-05,595135,1764161,0.7477489047580295
adamw_sft,AdamW + SFT,6,v_proj,attn,model.layers.6.self_attn.v_proj.weight,393216,393210,6,1.52587890625e-05,101818,291398,0.7410634358723958
adamw_sft,AdamW + SFT,7,down_proj,mlp,model.layers.7.mlp.down_proj.weight,13762560,13762226,334,2.4268740699384672e-05,3510757,10251803,0.7449052356538318
adamw_sft,AdamW + SFT,7,gate_proj,mlp,model.layers.7.mlp.gate_proj.weight,13762560,13762151,409,2.971830822173782e-05,3060246,10702314,0.7776397705078125
adamw_sft,AdamW + SFT,7,up_proj,mlp,model.layers.7.mlp.up_proj.weight,13762560,13762241,319,2.3178827194936247e-05,3398248,10364312,0.7530802408854167
adamw_sft,AdamW + SFT,7,k_proj,attn,model.layers.7.self_attn.k_proj.weight,393216,393198,18,4.57763671875e-05,81462,311754,0.7928314208984375
adamw_sft,AdamW + SFT,7,o_proj,attn,model.layers.7.self_attn.o_proj.weight,2359296,2359252,44,1.8649631076339546e-05,656440,1702856,0.7217644585503472
adamw_sft,AdamW + SFT,7,q_proj,attn,model.layers.7.self_attn.q_proj.weight,2359296,2359225,71,3.0093722873214546e-05,547748,1811548,0.7678341335720487
adamw_sft,AdamW + SFT,7,v_proj,attn,model.layers.7.self_attn.v_proj.weight,393216,393209,7,1.780192057287966e-05,111472,281744,0.7165120442708333
adamw_sft,AdamW + SFT,8,down_proj,mlp,model.layers.8.mlp.down_proj.weight,13762560,13762242,318,2.3106166294639685e-05,3586368,10176192,0.7394112723214286
adamw_sft,AdamW + SFT,8,gate_proj,mlp,model.layers.8.mlp.gate_proj.weight,13762560,13762167,393,2.8555733816992834e-05,3077272,10685288,0.7764026460193453
adamw_sft,AdamW + SFT,8,up_proj,mlp,model.layers.8.mlp.up_proj.weight,13762560,13762204,356,2.586728050590903e-05,3419132,10343428,0.7515627906436012
adamw_sft,AdamW + SFT,8,k_proj,attn,model.layers.8.self_attn.k_proj.weight,393216,393203,13,3.306070963537966e-05,80153,313063,0.7961603800455729
adamw_sft,AdamW + SFT,8,o_proj,attn,model.layers.8.self_attn.o_proj.weight,2359296,2359243,53,2.2464328341964546e-05,631094,1728202,0.7325074937608507
adamw_sft,AdamW + SFT,8,q_proj,attn,model.layers.8.self_attn.q_proj.weight,2359296,2359237,59,2.5007459852455227e-05,544722,1814574,0.7691167195638021
adamw_sft,AdamW + SFT,8,v_proj,attn,model.layers.8.self_attn.v_proj.weight,393216,393207,9,2.288818359375e-05,97746,295470,0.7514190673828125
adamw_sft,AdamW + SFT,9,down_proj,mlp,model.layers.9.mlp.down_proj.weight,13762560,13762271,289,2.0999000186039396e-05,3536641,10225919,0.7430244809105282
adamw_sft,AdamW + SFT,9,gate_proj,mlp,model.layers.9.mlp.gate_proj.weight,13762560,13762199,361,2.6230585007391838e-05,3101672,10660888,0.7746297200520833
adamw_sft,AdamW + SFT,9,up_proj,mlp,model.layers.9.mlp.up_proj.weight,13762560,13762205,355,2.5794619605612468e-05,3379755,10382805,0.7544239589146206
adamw_sft,AdamW + SFT,9,k_proj,attn,model.layers.9.self_attn.k_proj.weight,393216,393196,20,5.086263020837034e-05,86206,307010,0.7807668050130209
adamw_sft,AdamW + SFT,9,o_proj,attn,model.layers.9.self_attn.o_proj.weight,2359296,2359235,61,2.5855170355915114e-05,715791,1643505,0.6966082255045574
adamw_sft,AdamW + SFT,9,q_proj,attn,model.layers.9.self_attn.q_proj.weight,2359296,2359239,57,2.415974934899534e-05,596873,1762423,0.7470122443305122
adamw_sft,AdamW + SFT,9,v_proj,attn,model.layers.9.self_attn.v_proj.weight,393216,393212,4,1.017252604162966e-05,112845,280371,0.7130203247070312
muon_sft,Muon + SFT,-1,embed,embed,model.embed_tokens.weight,233373696,220931266,12442430,0.05331547733640041,20595688,212778008,0.9117480317918948
muon_sft,Muon + SFT,0,down_proj,mlp,model.layers.0.mlp.down_proj.weight,13762560,13762020,540,3.9236886160698425e-05,2305222,11457338,0.8325004940941221
muon_sft,Muon + SFT,0,gate_proj,mlp,model.layers.0.mlp.gate_proj.weight,13762560,13747044,15516,0.0011274065290178825,1714511,12048049,0.8754220871698288
muon_sft,Muon + SFT,0,up_proj,mlp,model.layers.0.mlp.up_proj.weight,13762560,13752814,9746,0.0007081531343006153,2035801,11726759,0.8520768665132068
muon_sft,Muon + SFT,0,k_proj,attn,model.layers.0.self_attn.k_proj.weight,393216,393180,36,9.1552734375e-05,35436,357780,0.909881591796875
muon_sft,Muon + SFT,0,o_proj,attn,model.layers.0.self_attn.o_proj.weight,2359296,2359179,117,4.9591064453125e-05,404103,1955193,0.8287188212076823
muon_sft,Muon + SFT,0,q_proj,attn,model.layers.0.self_attn.q_proj.weight,2359296,2124771,234525,0.0994046529134115,161906,2197390,0.9313752916124132
muon_sft,Muon + SFT,0,v_proj,attn,model.layers.0.self_attn.v_proj.weight,393216,393201,15,3.814697265625e-05,106742,286474,0.7285410563151042
muon_sft,Muon + SFT,1,down_proj,mlp,model.layers.1.mlp.down_proj.weight,13762560,13761284,1276,9.271530877974499e-05,1124083,12638477,0.9183231172107515
muon_sft,Muon + SFT,1,gate_proj,mlp,model.layers.1.mlp.gate_proj.weight,13762560,13757100,5460,0.000396728515625,2091030,11671530,0.8480638776506697
muon_sft,Muon + SFT,1,up_proj,mlp,model.layers.1.mlp.up_proj.weight,13762560,13757820,4740,0.0003444126674106984,2462403,11300157,0.821079581124442
muon_sft,Muon + SFT,1,k_proj,attn,model.layers.1.self_attn.k_proj.weight,393216,393164,52,0.00013224283854162966,41531,351685,0.8943812052408854
muon_sft,Muon + SFT,1,o_proj,attn,model.layers.1.self_attn.o_proj.weight,2359296,2359199,97,4.1113959418415114e-05,372841,1986455,0.8419693840874566
muon_sft,Muon + SFT,1,q_proj,attn,model.layers.1.self_attn.q_proj.weight,2359296,2358828,468,0.0001983642578125,205377,2153919,0.9129498799641927
muon_sft,Muon + SFT,1,v_proj,attn,model.layers.1.self_attn.v_proj.weight,393216,393199,17,4.323323567712034e-05,104544,288672,0.734130859375
muon_sft,Muon + SFT,10,down_proj,mlp,model.layers.10.mlp.down_proj.weight,13762560,13762105,455,3.306070963537966e-05,2622982,11139578,0.8094117664155506
muon_sft,Muon + SFT,10,gate_proj,mlp,model.layers.10.mlp.gate_proj.weight,13762560,13757845,4715,0.0003425961449032844,2278458,11484102,0.8344451904296875
muon_sft,Muon + SFT,10,up_proj,mlp,model.layers.10.mlp.up_proj.weight,13762560,13759150,3410,0.0002477736700148281,2463085,11299475,0.821030026390439
muon_sft,Muon + SFT,10,k_proj,attn,model.layers.10.self_attn.k_proj.weight,393216,393200,16,4.069010416662966e-05,73276,319940,0.8136494954427084
muon_sft,Muon + SFT,10,o_proj,attn,model.layers.10.self_attn.o_proj.weight,2359296,2359200,96,4.069010416662966e-05,410140,1949156,0.8261600070529513
muon_sft,Muon + SFT,10,q_proj,attn,model.layers.10.self_attn.q_proj.weight,2359296,2359170,126,5.340576171875e-05,323411,2035885,0.8629205491807725
muon_sft,Muon + SFT,10,v_proj,attn,model.layers.10.self_attn.v_proj.weight,393216,393210,6,1.52587890625e-05,86385,306831,0.7803115844726562
muon_sft,Muon + SFT,11,down_proj,mlp,model.layers.11.mlp.down_proj.weight,13762560,13762099,461,3.349667503715903e-05,2643928,11118632,0.8078898111979167
muon_sft,Muon + SFT,11,gate_proj,mlp,model.layers.11.mlp.gate_proj.weight,13762560,13761906,654,4.752022879461748e-05,2285731,11476829,0.8339167277018229
muon_sft,Muon + SFT,11,up_proj,mlp,model.layers.11.mlp.up_proj.weight,13762560,13762037,523,3.800165085565688e-05,2429784,11332776,0.82344970703125
muon_sft,Muon + SFT,11,k_proj,attn,model.layers.11.self_attn.k_proj.weight,393216,393195,21,5.340576171875e-05,64366,328850,0.8363087972005209
muon_sft,Muon + SFT,11,o_proj,attn,model.layers.11.self_attn.o_proj.weight,2359296,2359200,96,4.069010416662966e-05,409728,1949568,0.8263346354166666
muon_sft,Muon + SFT,11,q_proj,attn,model.layers.11.self_attn.q_proj.weight,2359296,2359145,151,6.400214301216511e-05,290714,2068582,0.8767793443467882
muon_sft,Muon + SFT,11,v_proj,attn,model.layers.11.self_attn.v_proj.weight,393216,393204,12,3.0517578125e-05,83691,309525,0.7871627807617188
muon_sft,Muon + SFT,12,down_proj,mlp,model.layers.12.mlp.down_proj.weight,13762560,13762076,484,3.516787574409097e-05,2694479,11068081,0.8042167300269717
muon_sft,Muon + SFT,12,gate_proj,mlp,model.layers.12.mlp.gate_proj.weight,13762560,13760401,2159,0.00015687488374260816,2201802,11560758,0.8400150844029017
muon_sft,Muon + SFT,12,up_proj,mlp,model.layers.12.mlp.up_proj.weight,13762560,13761751,809,5.878266834080659e-05,2482555,11280005,0.8196153186616444
muon_sft,Muon + SFT,12,k_proj,attn,model.layers.12.self_attn.k_proj.weight,393216,393200,16,4.069010416662966e-05,70920,322296,0.81964111328125
muon_sft,Muon + SFT,12,o_proj,attn,model.layers.12.self_attn.o_proj.weight,2359296,2359193,103,4.365709092879477e-05,398208,1961088,0.8312174479166666
muon_sft,Muon + SFT,12,q_proj,attn,model.layers.12.self_attn.q_proj.weight,2359296,2359154,142,6.0187445746540114e-05,306079,2053217,0.8702668084038628
muon_sft,Muon + SFT,12,v_proj,attn,model.layers.12.self_attn.v_proj.weight,393216,393198,18,4.57763671875e-05,81501,311715,0.7927322387695312
muon_sft,Muon + SFT,13,down_proj,mlp,model.layers.13.mlp.down_proj.weight,13762560,13762082,478,3.47319103423116e-05,2668045,11094515,0.806137448265439
muon_sft,Muon + SFT,13,gate_proj,mlp,model.layers.13.mlp.gate_proj.weight,13762560,13761924,636,4.621233258927937e-05,2357840,11404720,0.8286772228422619
muon_sft,Muon + SFT,13,up_proj,mlp,model.layers.13.mlp.up_proj.weight,13762560,13762055,505,3.6693754650318766e-05,2483431,11279129,0.8195516677129836
muon_sft,Muon + SFT,13,k_proj,attn,model.layers.13.self_attn.k_proj.weight,393216,393184,32,8.138020833337034e-05,58962,334254,0.8500518798828125
muon_sft,Muon + SFT,13,o_proj,attn,model.layers.13.self_attn.o_proj.weight,2359296,2359197,99,4.1961669921875e-05,416109,1943187,0.8236300150553385
muon_sft,Muon + SFT,13,q_proj,attn,model.layers.13.self_attn.q_proj.weight,2359296,2359145,151,6.400214301216511e-05,298089,2061207,0.8736534118652344
muon_sft,Muon + SFT,13,v_proj,attn,model.layers.13.self_attn.v_proj.weight,393216,393198,18,4.57763671875e-05,86336,306880,0.7804361979166666
muon_sft,Muon + SFT,14,down_proj,mlp,model.layers.14.mlp.down_proj.weight,13762560,13762084,476,3.458658854171848e-05,2661607,11100953,0.806605239141555
muon_sft,Muon + SFT,14,gate_proj,mlp,model.layers.14.mlp.gate_proj.weight,13762560,13761990,570,4.1416713169595276e-05,2453117,11309443,0.8217543102446057
muon_sft,Muon + SFT,14,up_proj,mlp,model.layers.14.mlp.up_proj.weight,13762560,13762059,501,3.640311104913252e-05,2483417,11279143,0.8195526849655879
muon_sft,Muon + SFT,14,k_proj,attn,model.layers.14.self_attn.k_proj.weight,393216,393063,153,0.00038909912109375,78067,315149,0.8014653523763021
muon_sft,Muon + SFT,14,o_proj,attn,model.layers.14.self_attn.o_proj.weight,2359296,2357911,1385,0.0005870395236544645,406836,1952460,0.8275604248046875
muon_sft,Muon + SFT,14,q_proj,attn,model.layers.14.self_attn.q_proj.weight,2359296,2355845,3451,0.0014627244737412948,285440,2073856,0.8790147569444444
muon_sft,Muon + SFT,14,v_proj,attn,model.layers.14.self_attn.v_proj.weight,393216,393209,7,1.780192057287966e-05,90625,302591,0.7695287068684896
muon_sft,Muon + SFT,15,down_proj,mlp,model.layers.15.mlp.down_proj.weight,13762560,13762050,510,3.7057059151801575e-05,2667403,11095157,0.80618409656343
muon_sft,Muon + SFT,15,gate_proj,mlp,model.layers.15.mlp.gate_proj.weight,13762560,13758217,4343,0.00031556628999251934,2352352,11410208,0.8290759858630953
muon_sft,Muon + SFT,15,up_proj,mlp,model.layers.15.mlp.up_proj.weight,13762560,13759476,3084,0.0002240862165178159,2411702,11350858,0.8247635614304316
muon_sft,Muon + SFT,15,k_proj,attn,model.layers.15.self_attn.k_proj.weight,393216,393198,18,4.57763671875e-05,79862,313354,0.7969004313151041
muon_sft,Muon + SFT,15,o_proj,attn,model.layers.15.self_attn.o_proj.weight,2359296,2359203,93,3.941853841149534e-05,401134,1958162,0.8299772474500868
muon_sft,Muon + SFT,15,q_proj,attn,model.layers.15.self_attn.q_proj.weight,2359296,2359152,144,6.103515625e-05,335084,2024212,0.8579728868272569
muon_sft,Muon + SFT,15,v_proj,attn,model.layers.15.self_attn.v_proj.weight,393216,393202,14,3.560384114587034e-05,73578,319638,0.8128814697265625
muon_sft,Muon + SFT,16,down_proj,mlp,model.layers.16.mlp.down_proj.weight,13762560,13762057,503,3.654843284972564e-05,2617648,11144912,0.8097993396577381
muon_sft,Muon + SFT,16,gate_proj,mlp,model.layers.16.mlp.gate_proj.weight,13762560,13761877,683,4.962739490332879e-05,2413386,11349174,0.8246412004743303
muon_sft,Muon + SFT,16,up_proj,mlp,model.layers.16.mlp.up_proj.weight,13762560,13762021,539,3.9164225260401864e-05,2427494,11335066,0.8236161004929315
muon_sft,Muon + SFT,16,k_proj,attn,model.layers.16.self_attn.k_proj.weight,393216,393192,24,6.103515625e-05,67688,325528,0.8278605143229166
muon_sft,Muon + SFT,16,o_proj,attn,model.layers.16.self_attn.o_proj.weight,2359296,2359193,103,4.365709092879477e-05,408186,1951110,0.8269882202148438
muon_sft,Muon + SFT,16,q_proj,attn,model.layers.16.self_attn.q_proj.weight,2359296,2355343,3953,0.0016754998101128349,304911,2054385,0.8707618713378906
muon_sft,Muon + SFT,16,v_proj,attn,model.layers.16.self_attn.v_proj.weight,393216,393202,14,3.560384114587034e-05,80000,313216,0.7965494791666666
muon_sft,Muon + SFT,17,down_proj,mlp,model.layers.17.mlp.down_proj.weight,13762560,13762046,514,3.734770275298782e-05,2577298,11185262,0.812731206984747
muon_sft,Muon + SFT,17,gate_proj,mlp,model.layers.17.mlp.gate_proj.weight,13762560,13759001,3559,0.0002586001441592378,2407692,11354868,0.825054931640625
muon_sft,Muon + SFT,17,up_proj,mlp,model.layers.17.mlp.up_proj.weight,13762560,13760337,2223,0.0001615251813615881,2398737,11363823,0.8257056100027902
muon_sft,Muon + SFT,17,k_proj,attn,model.layers.17.self_attn.k_proj.weight,393216,393207,9,2.288818359375e-05,85547,307669,0.7824427286783854
muon_sft,Muon + SFT,17,o_proj,attn,model.layers.17.self_attn.o_proj.weight,2359296,2359180,116,4.9167209201339546e-05,409418,1949878,0.8264660305447049
muon_sft,Muon + SFT,17,q_proj,attn,model.layers.17.self_attn.q_proj.weight,2359296,2359188,108,4.57763671875e-05,344133,2015163,0.8541374206542969
muon_sft,Muon + SFT,17,v_proj,attn,model.layers.17.self_attn.v_proj.weight,393216,393201,15,3.814697265625e-05,84402,308814,0.7853546142578125
muon_sft,Muon + SFT,18,down_proj,mlp,model.layers.18.mlp.down_proj.weight,13762560,13761996,564,4.0980747767815906e-05,2534320,11228240,0.8158540271577381
muon_sft,Muon + SFT,18,gate_proj,mlp,model.layers.18.mlp.gate_proj.weight,13762560,13760475,2085,0.00015149797712055157,2332177,11430383,0.8305419195265997
muon_sft,Muon + SFT,18,up_proj,mlp,model.layers.18.mlp.up_proj.weight,13762560,13761168,1392,0.00010114397321425717,2354918,11407642,0.8288895379929315
muon_sft,Muon + SFT,18,k_proj,attn,model.layers.18.self_attn.k_proj.weight,393216,393193,23,5.849202473962034e-05,73666,319550,0.8126576741536459
muon_sft,Muon + SFT,18,o_proj,attn,model.layers.18.self_attn.o_proj.weight,2359296,2359219,77,3.263685438370523e-05,422903,1936393,0.8207503424750434
muon_sft,Muon + SFT,18,q_proj,attn,model.layers.18.self_attn.q_proj.weight,2359296,2359187,109,4.6200222439285454e-05,353281,2006015,0.850259992811415
muon_sft,Muon + SFT,18,v_proj,attn,model.layers.18.self_attn.v_proj.weight,393216,393209,7,1.780192057287966e-05,101272,291944,0.7424519856770833
muon_sft,Muon + SFT,19,down_proj,mlp,model.layers.19.mlp.down_proj.weight,13762560,13761953,607,4.410516648067908e-05,2475915,11286645,0.8200977870396206
muon_sft,Muon + SFT,19,gate_proj,mlp,model.layers.19.mlp.gate_proj.weight,13762560,13760535,2025,0.00014713832310264685,2263560,11499000,0.8355276925223214
muon_sft,Muon + SFT,19,up_proj,mlp,model.layers.19.mlp.up_proj.weight,13762560,13761247,1313,9.540376209082879e-05,2296016,11466544,0.8331694103422619
muon_sft,Muon + SFT,19,k_proj,attn,model.layers.19.self_attn.k_proj.weight,393216,393203,13,3.306070963537966e-05,75531,317685,0.8079147338867188
muon_sft,Muon + SFT,19,o_proj,attn,model.layers.19.self_attn.o_proj.weight,2359296,2359190,106,4.4928656684040114e-05,376634,1982662,0.8403617011176215
muon_sft,Muon + SFT,19,q_proj,attn,model.layers.19.self_attn.q_proj.weight,2359296,2359175,121,5.128648546004477e-05,357220,2002076,0.8485904269748263
muon_sft,Muon + SFT,19,v_proj,attn,model.layers.19.self_attn.v_proj.weight,393216,393204,12,3.0517578125e-05,70835,322381,0.8198572794596354
muon_sft,Muon + SFT,2,down_proj,mlp,model.layers.2.mlp.down_proj.weight,13762560,13762081,479,3.480457124260816e-05,2550521,11212039,0.8146768479120163
muon_sft,Muon + SFT,2,gate_proj,mlp,model.layers.2.mlp.gate_proj.weight,13762560,13761433,1127,8.188883463544627e-05,2178231,11584329,0.841727774483817
muon_sft,Muon + SFT,2,up_proj,mlp,model.layers.2.mlp.up_proj.weight,13762560,13761816,744,5.4059709821419055e-05,2536775,11225785,0.8156756446475074
muon_sft,Muon + SFT,2,k_proj,attn,model.layers.2.self_attn.k_proj.weight,393216,392885,331,0.0008417765299478797,51378,341838,0.8693389892578125
muon_sft,Muon + SFT,2,o_proj,attn,model.layers.2.self_attn.o_proj.weight,2359296,2359210,86,3.645155164933023e-05,408863,1950433,0.8267012702094184
muon_sft,Muon + SFT,2,q_proj,attn,model.layers.2.self_attn.q_proj.weight,2359296,2357559,1737,0.000736236572265625,253763,2105533,0.8924412197536893
muon_sft,Muon + SFT,2,v_proj,attn,model.layers.2.self_attn.v_proj.weight,393216,393203,13,3.306070963537966e-05,103423,289793,0.736981709798177
muon_sft,Muon + SFT,20,down_proj,mlp,model.layers.20.mlp.down_proj.weight,13762560,13761975,585,4.2506626674154724e-05,2450704,11311856,0.8219296409970238
muon_sft,Muon + SFT,20,gate_proj,mlp,model.layers.20.mlp.gate_proj.weight,13762560,13760848,1712,0.00012439546130948997,2306322,11456238,0.8324205671037946
muon_sft,Muon + SFT,20,up_proj,mlp,model.layers.20.mlp.up_proj.weight,13762560,13761350,1210,8.791968936017192e-05,2292413,11470147,0.8334312075660342
muon_sft,Muon + SFT,20,k_proj,attn,model.layers.20.self_attn.k_proj.weight,393216,393048,168,0.00042724609375,74501,318715,0.8105341593424479
muon_sft,Muon + SFT,20,o_proj,attn,model.layers.20.self_attn.o_proj.weight,2359296,2359193,103,4.365709092879477e-05,371329,1987967,0.8426102532280816
muon_sft,Muon + SFT,20,q_proj,attn,model.layers.20.self_attn.q_proj.weight,2359296,2358102,1194,0.0005060831705728797,331542,2027754,0.8594741821289062
muon_sft,Muon + SFT,20,v_proj,attn,model.layers.20.self_attn.v_proj.weight,393216,393204,12,3.0517578125e-05,67051,326165,0.8294804890950521
muon_sft,Muon + SFT,21,down_proj,mlp,model.layers.21.mlp.down_proj.weight,13762560,13761946,614,4.461379278275501e-05,2415278,11347282,0.8245037260509672
muon_sft,Muon + SFT,21,gate_proj,mlp,model.layers.21.mlp.gate_proj.weight,13762560,13761774,786,5.7111467633874646e-05,2096939,11665621,0.847634524390811
muon_sft,Muon + SFT,21,up_proj,mlp,model.layers.21.mlp.up_proj.weight,13762560,13761937,623,4.526774088542407e-05,2186506,11576054,0.8411265055338542
muon_sft,Muon + SFT,21,k_proj,attn,model.layers.21.self_attn.k_proj.weight,393216,393206,10,2.543131510412966e-05,71963,321253,0.8169886271158854
muon_sft,Muon + SFT,21,o_proj,attn,model.layers.21.self_attn.o_proj.weight,2359296,2359187,109,4.6200222439285454e-05,357498,2001798,0.8484725952148438
muon_sft,Muon + SFT,21,q_proj,attn,model.layers.21.self_attn.q_proj.weight,2359296,2359166,130,5.510118272566977e-05,325732,2033564,0.8619367811414931
muon_sft,Muon + SFT,21,v_proj,attn,model.layers.21.self_attn.v_proj.weight,393216,393196,20,5.086263020837034e-05,71738,321478,0.8175608317057291
muon_sft,Muon + SFT,22,down_proj,mlp,model.layers.22.mlp.down_proj.weight,13762560,13761977,583,4.23613048735616e-05,2321179,11441381,0.8313410441080729
muon_sft,Muon + SFT,22,gate_proj,mlp,model.layers.22.mlp.gate_proj.weight,13762560,13761460,1100,7.992699032732808e-05,2100850,11661710,0.847350347609747
muon_sft,Muon + SFT,22,up_proj,mlp,model.layers.22.mlp.up_proj.weight,13762560,13761717,843,6.125313895088969e-05,2236815,11525745,0.8374710083007812
muon_sft,Muon + SFT,22,k_proj,attn,model.layers.22.self_attn.k_proj.weight,393216,393049,167,0.00042470296223962034,79670,313546,0.7973887125651041
muon_sft,Muon + SFT,22,o_proj,attn,model.layers.22.self_attn.o_proj.weight,2359296,2359194,102,4.323323567712034e-05,349823,2009473,0.8517256842719184
muon_sft,Muon + SFT,22,q_proj,attn,model.layers.22.self_attn.q_proj.weight,2359296,2358338,958,0.00040605333116316977,359331,1999965,0.8476956685384115
muon_sft,Muon + SFT,22,v_proj,attn,model.layers.22.self_attn.v_proj.weight,393216,393199,17,4.323323567712034e-05,76977,316239,0.8042373657226562
muon_sft,Muon + SFT,23,down_proj,mlp,model.layers.23.mlp.down_proj.weight,13762560,13761938,622,4.5195079985127506e-05,2311382,11451178,0.8320529029482887
muon_sft,Muon + SFT,23,gate_proj,mlp,model.layers.23.mlp.gate_proj.weight,13762560,13761049,1511,0.00010979062034965903,2130532,11632028,0.8451936267671131
muon_sft,Muon + SFT,23,up_proj,mlp,model.layers.23.mlp.up_proj.weight,13762560,13761584,976,7.091703869044341e-05,2246621,11515939,0.8367584955124627
muon_sft,Muon + SFT,23,k_proj,attn,model.layers.23.self_attn.k_proj.weight,393216,393004,212,0.0005391438802083703,72395,320821,0.8158899943033854
muon_sft,Muon + SFT,23,o_proj,attn,model.layers.23.self_attn.o_proj.weight,2359296,2359180,116,4.9167209201339546e-05,336443,2022853,0.8573968675401475
muon_sft,Muon + SFT,23,q_proj,attn,model.layers.23.self_attn.q_proj.weight,2359296,2358227,1069,0.0004531012641059151,341515,2017781,0.855247073703342
muon_sft,Muon + SFT,23,v_proj,attn,model.layers.23.self_attn.v_proj.weight,393216,393201,15,3.814697265625e-05,70335,322881,0.8211288452148438
muon_sft,Muon + SFT,24,down_proj,mlp,model.layers.24.mlp.down_proj.weight,13762560,13761895,665,4.831949869787966e-05,2231318,11531242,0.8378704252697172
muon_sft,Muon + SFT,24,gate_proj,mlp,model.layers.24.mlp.gate_proj.weight,13762560,13758480,4080,0.0002964564732143016,2083736,11678824,0.8485938662574405
muon_sft,Muon + SFT,24,up_proj,mlp,model.layers.24.mlp.up_proj.weight,13762560,13759273,3287,0.00023883637927823997,2101937,11660623,0.8472713652111235
muon_sft,Muon + SFT,24,k_proj,attn,model.layers.24.self_attn.k_proj.weight,393216,393115,101,0.00025685628255212034,72277,320939,0.8161900838216146
muon_sft,Muon + SFT,24,o_proj,attn,model.layers.24.self_attn.o_proj.weight,2359296,2359197,99,4.1961669921875e-05,330540,2028756,0.8598988850911459
muon_sft,Muon + SFT,24,q_proj,attn,model.layers.24.self_attn.q_proj.weight,2359296,2358895,401,0.00016996595594620523,341027,2018269,0.8554539150661893
muon_sft,Muon + SFT,24,v_proj,attn,model.layers.24.self_attn.v_proj.weight,393216,393198,18,4.57763671875e-05,64510,328706,0.8359425862630209
muon_sft,Muon + SFT,25,down_proj,mlp,model.layers.25.mlp.down_proj.weight,13762560,13761884,676,4.911876860114184e-05,2123480,11639080,0.8457060314360119
muon_sft,Muon + SFT,25,gate_proj,mlp,model.layers.25.mlp.gate_proj.weight,13762560,13760946,1614,0.0001172746930803159,2144718,11617842,0.8441628592354911
muon_sft,Muon + SFT,25,up_proj,mlp,model.layers.25.mlp.up_proj.weight,13762560,13761141,1419,0.00010310581752237535,2024085,11738475,0.8529281616210938
muon_sft,Muon + SFT,25,k_proj,attn,model.layers.25.self_attn.k_proj.weight,393216,393048,168,0.00042724609375,74355,318861,0.8109054565429688
muon_sft,Muon + SFT,25,o_proj,attn,model.layers.25.self_attn.o_proj.weight,2359296,2359157,139,5.891587999129477e-05,281811,2077485,0.8805529276529948
muon_sft,Muon + SFT,25,q_proj,attn,model.layers.25.self_attn.q_proj.weight,2359296,2358129,1167,0.0004946390787760047,357862,2001434,0.8483183119032118
muon_sft,Muon + SFT,25,v_proj,attn,model.layers.25.self_attn.v_proj.weight,393216,393182,34,8.646647135412966e-05,47240,345976,0.8798624674479166
muon_sft,Muon + SFT,26,down_proj,mlp,model.layers.26.mlp.down_proj.weight,13762560,13761806,754,5.478631882438467e-05,1923977,11838583,0.8602020990280879
muon_sft,Muon + SFT,26,gate_proj,mlp,model.layers.26.mlp.gate_proj.weight,13762560,13757651,4909,0.0003566923595610394,2167016,11595544,0.8425426664806548
muon_sft,Muon + SFT,26,up_proj,mlp,model.layers.26.mlp.up_proj.weight,13762560,13756501,6059,0.0004402523949033066,1806898,11955662,0.8687091645740328
muon_sft,Muon + SFT,26,k_proj,attn,model.layers.26.self_attn.k_proj.weight,393216,393203,13,3.306070963537966e-05,85811,307405,0.7817713419596354
muon_sft,Muon + SFT,26,o_proj,attn,model.layers.26.self_attn.o_proj.weight,2359296,2359146,150,6.357828776037966e-05,289583,2069713,0.8772587246365018
muon_sft,Muon + SFT,26,q_proj,attn,model.layers.26.self_attn.q_proj.weight,2359296,2359182,114,4.831949869787966e-05,360105,1999191,0.8473676045735677
muon_sft,Muon + SFT,26,v_proj,attn,model.layers.26.self_attn.v_proj.weight,393216,393189,27,6.866455078125e-05,60766,332450,0.8454640706380209
muon_sft,Muon + SFT,27,down_proj,mlp,model.layers.27.mlp.down_proj.weight,13762560,13761240,1320,9.591238839290472e-05,1546796,12215764,0.8876084100632441
muon_sft,Muon + SFT,27,gate_proj,mlp,model.layers.27.mlp.gate_proj.weight,13762560,13755396,7164,0.0005205426897321175,1621945,12140615,0.8821480160667783
muon_sft,Muon + SFT,27,up_proj,mlp,model.layers.27.mlp.up_proj.weight,13762560,13753903,8657,0.0006290254138764384,1307145,12455415,0.9050216674804688
muon_sft,Muon + SFT,27,k_proj,attn,model.layers.27.self_attn.k_proj.weight,393216,393204,12,3.0517578125e-05,78291,314925,0.8008956909179688
muon_sft,Muon + SFT,27,o_proj,attn,model.layers.27.self_attn.o_proj.weight,2359296,2359161,135,5.7220458984375e-05,320749,2038547,0.8640488518608941
muon_sft,Muon + SFT,27,q_proj,attn,model.layers.27.self_attn.q_proj.weight,2359296,2359174,122,5.171034071183023e-05,403094,1956202,0.829146491156684
muon_sft,Muon + SFT,27,v_proj,attn,model.layers.27.self_attn.v_proj.weight,393216,393190,26,6.612141927087034e-05,44902,348314,0.8858083089192709
muon_sft,Muon + SFT,3,down_proj,mlp,model.layers.3.mlp.down_proj.weight,13762560,13762057,503,3.654843284972564e-05,2519660,11242900,0.8169192359561012
muon_sft,Muon + SFT,3,gate_proj,mlp,model.layers.3.mlp.gate_proj.weight,13762560,13761420,1140,8.283342633930157e-05,2140604,11621956,0.8444617861793154
muon_sft,Muon + SFT,3,up_proj,mlp,model.layers.3.mlp.up_proj.weight,13762560,13761909,651,4.7302246093727796e-05,2498872,11263688,0.8184297107514881
muon_sft,Muon + SFT,3,k_proj,attn,model.layers.3.self_attn.k_proj.weight,393216,393188,28,7.120768229162966e-05,60541,332675,0.8460362752278646
muon_sft,Muon + SFT,3,o_proj,attn,model.layers.3.self_attn.o_proj.weight,2359296,2359161,135,5.7220458984375e-05,386480,1972816,0.8361884223090278
muon_sft,Muon + SFT,3,q_proj,attn,model.layers.3.self_attn.q_proj.weight,2359296,2358192,1104,0.00046793619791662966,271349,2087947,0.884987301296658
muon_sft,Muon + SFT,3,v_proj,attn,model.layers.3.self_attn.v_proj.weight,393216,393203,13,3.306070963537966e-05,88669,304547,0.7745030721028646
muon_sft,Muon + SFT,4,down_proj,mlp,model.layers.4.mlp.down_proj.weight,13762560,13762091,469,3.407796223953152e-05,2611540,11151020,0.8102431524367559
muon_sft,Muon + SFT,4,gate_proj,mlp,model.layers.4.mlp.gate_proj.weight,13762560,13761518,1042,7.57126581101275e-05,2105521,11657039,0.8470109485444568
muon_sft,Muon + SFT,4,up_proj,mlp,model.layers.4.mlp.up_proj.weight,13762560,13761961,599,4.352387927830659e-05,2484846,11277714,0.8194488525390625
muon_sft,Muon + SFT,4,k_proj,attn,model.layers.4.self_attn.k_proj.weight,393216,393196,20,5.086263020837034e-05,60823,332393,0.8453191121419271
muon_sft,Muon + SFT,4,o_proj,attn,model.layers.4.self_attn.o_proj.weight,2359296,2359178,118,5.0014919704910454e-05,370528,1988768,0.8429497612847222
muon_sft,Muon + SFT,4,q_proj,attn,model.layers.4.self_attn.q_proj.weight,2359296,2359101,195,8.265177408850466e-05,244336,2114960,0.8964369032118056
muon_sft,Muon + SFT,4,v_proj,attn,model.layers.4.self_attn.v_proj.weight,393216,393207,9,2.288818359375e-05,78964,314252,0.7991841634114584
muon_sft,Muon + SFT,5,down_proj,mlp,model.layers.5.mlp.down_proj.weight,13762560,13762113,447,3.2479422433007166e-05,2659678,11102882,0.8067454020182292
muon_sft,Muon + SFT,5,gate_proj,mlp,model.layers.5.mlp.gate_proj.weight,13762560,13757679,4881,0.00035465785435262465,2039988,11722572,0.8517726353236608
muon_sft,Muon + SFT,5,up_proj,mlp,model.layers.5.mlp.up_proj.weight,13762560,13759509,3051,0.00022168840680802937,2532745,11229815,0.8159684680757069
muon_sft,Muon + SFT,5,k_proj,attn,model.layers.5.self_attn.k_proj.weight,393216,393170,46,0.00011698404947912966,64017,329199,0.8371963500976562
muon_sft,Muon + SFT,5,o_proj,attn,model.layers.5.self_attn.o_proj.weight,2359296,2359202,94,3.984239366316977e-05,391882,1967414,0.8338987562391493
muon_sft,Muon + SFT,5,q_proj,attn,model.layers.5.self_attn.q_proj.weight,2359296,2358198,1098,0.00046539306640625,293222,2066074,0.875716315375434
muon_sft,Muon + SFT,5,v_proj,attn,model.layers.5.self_attn.v_proj.weight,393216,393202,14,3.560384114587034e-05,91450,301766,0.7674306233723959
muon_sft,Muon + SFT,6,down_proj,mlp,model.layers.6.mlp.down_proj.weight,13762560,13762061,499,3.6257789248539396e-05,2630374,11132186,0.8088746570405506
muon_sft,Muon + SFT,6,gate_proj,mlp,model.layers.6.mlp.gate_proj.weight,13762560,13761241,1319,9.583972749260816e-05,2042610,11719950,0.8515821184430803
muon_sft,Muon + SFT,6,up_proj,mlp,model.layers.6.mlp.up_proj.weight,13762560,13761970,590,4.286993117563753e-05,2512377,11250183,0.8174484252929688
muon_sft,Muon + SFT,6,k_proj,attn,model.layers.6.self_attn.k_proj.weight,393216,393180,36,9.1552734375e-05,64701,328515,0.8354568481445312
muon_sft,Muon + SFT,6,o_proj,attn,model.layers.6.self_attn.o_proj.weight,2359296,2359173,123,5.213419596350466e-05,374232,1985064,0.8413798014322916
muon_sft,Muon + SFT,6,q_proj,attn,model.layers.6.self_attn.q_proj.weight,2359296,2358475,821,0.0003479851616753349,301140,2058156,0.8723602294921875
muon_sft,Muon + SFT,6,v_proj,attn,model.layers.6.self_attn.v_proj.weight,393216,393196,20,5.086263020837034e-05,79488,313728,0.7978515625
muon_sft,Muon + SFT,7,down_proj,mlp,model.layers.7.mlp.down_proj.weight,13762560,13762078,482,3.502255394349785e-05,2573136,11189424,0.8130336216517857
muon_sft,Muon + SFT,7,gate_proj,mlp,model.layers.7.mlp.gate_proj.weight,13762560,13760624,1936,0.00014067150297614184,2259433,11503127,0.8358275640578496
muon_sft,Muon + SFT,7,up_proj,mlp,model.layers.7.mlp.up_proj.weight,13762560,13761423,1137,8.261544363841189e-05,2470073,11292487,0.8205222720191592
muon_sft,Muon + SFT,7,k_proj,attn,model.layers.7.self_attn.k_proj.weight,393216,393192,24,6.103515625e-05,59362,333854,0.8490346272786459
muon_sft,Muon + SFT,7,o_proj,attn,model.layers.7.self_attn.o_proj.weight,2359296,2359201,95,4.026624891495523e-05,396395,1962901,0.8319858974880643
muon_sft,Muon + SFT,7,q_proj,attn,model.layers.7.self_attn.q_proj.weight,2359296,2359117,179,7.587009006071455e-05,272056,2087240,0.8846876356336806
muon_sft,Muon + SFT,7,v_proj,attn,model.layers.7.self_attn.v_proj.weight,393216,393205,11,2.797444661462034e-05,88531,304685,0.7748540242513021
muon_sft,Muon + SFT,8,down_proj,mlp,model.layers.8.mlp.down_proj.weight,13762560,13762072,488,3.545851934527722e-05,2662857,11099703,0.806514413016183
muon_sft,Muon + SFT,8,gate_proj,mlp,model.layers.8.mlp.gate_proj.weight,13762560,13761907,653,4.744756789432092e-05,2276342,11486218,0.8345989408947172
muon_sft,Muon + SFT,8,up_proj,mlp,model.layers.8.mlp.up_proj.weight,13762560,13762056,504,3.6621093750022204e-05,2538924,11223636,0.8155194963727679
muon_sft,Muon + SFT,8,k_proj,attn,model.layers.8.self_attn.k_proj.weight,393216,393149,67,0.00017038981119787966,60450,332766,0.8462677001953125
muon_sft,Muon + SFT,8,o_proj,attn,model.layers.8.self_attn.o_proj.weight,2359296,2359192,104,4.408094618058023e-05,381457,1977839,0.8383174472384982
muon_sft,Muon + SFT,8,q_proj,attn,model.layers.8.self_attn.q_proj.weight,2359296,2358120,1176,0.0004984537760416297,273821,2085475,0.8839395311143663
muon_sft,Muon + SFT,8,v_proj,attn,model.layers.8.self_attn.v_proj.weight,393216,393203,13,3.306070963537966e-05,81590,311626,0.7925059000651041
muon_sft,Muon + SFT,9,down_proj,mlp,model.layers.9.mlp.down_proj.weight,13762560,13762077,483,3.509521484379441e-05,2632079,11130481,0.8087507702055432
muon_sft,Muon + SFT,9,gate_proj,mlp,model.layers.9.mlp.gate_proj.weight,13762560,13761504,1056,7.672991071427937e-05,2294677,11467883,0.8332667032877604
muon_sft,Muon + SFT,9,up_proj,mlp,model.layers.9.mlp.up_proj.weight,13762560,13761988,572,4.15620349701884e-05,2497383,11265177,0.8185379028320312
muon_sft,Muon + SFT,9,k_proj,attn,model.layers.9.self_attn.k_proj.weight,393216,393196,20,5.086263020837034e-05,65262,327954,0.8340301513671875
muon_sft,Muon + SFT,9,o_proj,attn,model.layers.9.self_attn.o_proj.weight,2359296,2358346,950,0.00040266248914933023,387271,1972025,0.8358531528049045
muon_sft,Muon + SFT,9,q_proj,attn,model.layers.9.self_attn.q_proj.weight,2359296,2358401,895,0.00037935045030379477,260097,2099199,0.8897565205891927
muon_sft,Muon + SFT,9,v_proj,attn,model.layers.9.self_attn.v_proj.weight,393216,393205,11,2.797444661462034e-05,91262,301954,0.7679087320963541
adamw_grpo,AdamW + GRPO,-1,embed,embed,model.embed_tokens.weight,233373696,49110134,184263562,0.789564398894381,1204848,232168848,0.9948372587800126
adamw_grpo,AdamW + GRPO,0,down_proj,mlp,model.layers.0.mlp.down_proj.weight,13762560,13762028,532,3.865559895832593e-05,2369108,11393452,0.8278584798177083
adamw_grpo,AdamW + GRPO,0,gate_proj,mlp,model.layers.0.mlp.gate_proj.weight,13762560,13761947,613,4.454113188245845e-05,2056532,11706028,0.8505705333891369
adamw_grpo,AdamW + GRPO,0,up_proj,mlp,model.layers.0.mlp.up_proj.weight,13762560,13762133,427,3.102620442707593e-05,2476124,11286436,0.8200826009114583
adamw_grpo,AdamW + GRPO,0,k_proj,attn,model.layers.0.self_attn.k_proj.weight,393216,393194,22,5.594889322912966e-05,34845,358371,0.9113845825195312
adamw_grpo,AdamW + GRPO,0,o_proj,attn,model.layers.0.self_attn.o_proj.weight,2359296,2359231,65,2.7550591362834886e-05,564630,1794666,0.7606786092122396
adamw_grpo,AdamW + GRPO,0,q_proj,attn,model.layers.0.self_attn.q_proj.weight,2359296,2354814,4482,0.00189971923828125,270596,2088700,0.8853064643012153
adamw_grpo,AdamW + GRPO,0,v_proj,attn,model.layers.0.self_attn.v_proj.weight,393216,393202,14,3.560384114587034e-05,93822,299394,0.7613983154296875
adamw_grpo,AdamW + GRPO,1,down_proj,mlp,model.layers.1.mlp.down_proj.weight,13762560,13762086,474,3.4441266741125354e-05,2388813,11373747,0.8264266967773437
adamw_grpo,AdamW + GRPO,1,gate_proj,mlp,model.layers.1.mlp.gate_proj.weight,13762560,13761972,588,4.272460937504441e-05,2029541,11733019,0.8525317237490699
adamw_grpo,AdamW + GRPO,1,up_proj,mlp,model.layers.1.mlp.up_proj.weight,13762560,13762036,524,3.807431175595344e-05,2376661,11385899,0.8273096720377604
adamw_grpo,AdamW + GRPO,1,k_proj,attn,model.layers.1.self_attn.k_proj.weight,393216,393190,26,6.612141927087034e-05,41193,352023,0.8952407836914062
adamw_grpo,AdamW + GRPO,1,o_proj,attn,model.layers.1.self_attn.o_proj.weight,2359296,2359226,70,2.9669867621540114e-05,492155,1867141,0.7913975185818143
adamw_grpo,AdamW + GRPO,1,q_proj,attn,model.layers.1.self_attn.q_proj.weight,2359296,2359177,119,5.0438774956584886e-05,306177,2053119,0.8702252705891927
adamw_grpo,AdamW + GRPO,1,v_proj,attn,model.layers.1.self_attn.v_proj.weight,393216,393208,8,2.034505208337034e-05,96961,296255,0.7534154256184896
adamw_grpo,AdamW + GRPO,10,down_proj,mlp,model.layers.10.mlp.down_proj.weight,13762560,13762051,509,3.698439825150501e-05,2321594,11440966,0.8313108898344495
adamw_grpo,AdamW + GRPO,10,gate_proj,mlp,model.layers.10.mlp.gate_proj.weight,13762560,13761992,568,4.127139136900215e-05,2058924,11703636,0.850396728515625
adamw_grpo,AdamW + GRPO,10,up_proj,mlp,model.layers.10.mlp.up_proj.weight,13762560,13762043,517,3.7565685453877506e-05,2191657,11570903,0.8407522292364211
adamw_grpo,AdamW + GRPO,10,k_proj,attn,model.layers.10.self_attn.k_proj.weight,393216,393195,21,5.340576171875e-05,58891,334325,0.8502324422200521
adamw_grpo,AdamW + GRPO,10,o_proj,attn,model.layers.10.self_attn.o_proj.weight,2359296,2359190,106,4.4928656684040114e-05,434066,1925230,0.8160188462999132
adamw_grpo,AdamW + GRPO,10,q_proj,attn,model.layers.10.self_attn.q_proj.weight,2359296,2359204,92,3.8994683159709886e-05,385824,1973472,0.8364664713541666
adamw_grpo,AdamW + GRPO,10,v_proj,attn,model.layers.10.self_attn.v_proj.weight,393216,393200,16,4.069010416662966e-05,66630,326586,0.8305511474609375
adamw_grpo,AdamW + GRPO,11,down_proj,mlp,model.layers.11.mlp.down_proj.weight,13762560,13762009,551,4.0036156063960604e-05,2344717,11417843,0.8296307518368675
adamw_grpo,AdamW + GRPO,11,gate_proj,mlp,model.layers.11.mlp.gate_proj.weight,13762560,13761989,571,4.148937406989184e-05,2060761,11701799,0.8502632504417783
adamw_grpo,AdamW + GRPO,11,up_proj,mlp,model.layers.11.mlp.up_proj.weight,13762560,13762002,558,4.0544782366036536e-05,2175949,11586611,0.8418935866582962
adamw_grpo,AdamW + GRPO,11,k_proj,attn,model.layers.11.self_attn.k_proj.weight,393216,393202,14,3.560384114587034e-05,52725,340491,0.8659133911132812
adamw_grpo,AdamW + GRPO,11,o_proj,attn,model.layers.11.self_attn.o_proj.weight,2359296,2359213,83,3.5179985894084886e-05,449674,1909622,0.809403313530816
adamw_grpo,AdamW + GRPO,11,q_proj,attn,model.layers.11.self_attn.q_proj.weight,2359296,2359211,85,3.602769639754477e-05,363937,1995359,0.845743391248915
adamw_grpo,AdamW + GRPO,11,v_proj,attn,model.layers.11.self_attn.v_proj.weight,393216,393197,19,4.831949869787966e-05,65421,327795,0.8336257934570312
adamw_grpo,AdamW + GRPO,12,down_proj,mlp,model.layers.12.mlp.down_proj.weight,13762560,13762036,524,3.807431175595344e-05,2416973,11345587,0.8243805658249628
adamw_grpo,AdamW + GRPO,12,gate_proj,mlp,model.layers.12.mlp.gate_proj.weight,13762560,13761946,614,4.461379278275501e-05,2034470,11728090,0.852173578171503
adamw_grpo,AdamW + GRPO,12,up_proj,mlp,model.layers.12.mlp.up_proj.weight,13762560,13762018,542,3.938220796129155e-05,2239001,11523559,0.8373121715727306
adamw_grpo,AdamW + GRPO,12,k_proj,attn,model.layers.12.self_attn.k_proj.weight,393216,393196,20,5.086263020837034e-05,59236,333980,0.8493550618489584
adamw_grpo,AdamW + GRPO,12,o_proj,attn,model.layers.12.self_attn.o_proj.weight,2359296,2359222,74,3.1365288628459886e-05,443447,1915849,0.8120426601833768
adamw_grpo,AdamW + GRPO,12,q_proj,attn,model.layers.12.self_attn.q_proj.weight,2359296,2359194,102,4.323323567712034e-05,389035,1970261,0.835105472140842
adamw_grpo,AdamW + GRPO,12,v_proj,attn,model.layers.12.self_attn.v_proj.weight,393216,393198,18,4.57763671875e-05,64206,329010,0.8367156982421875
adamw_grpo,AdamW + GRPO,13,down_proj,mlp,model.layers.13.mlp.down_proj.weight,13762560,13762016,544,3.952752976188467e-05,2361493,11401067,0.8284117925734746
adamw_grpo,AdamW + GRPO,13,gate_proj,mlp,model.layers.13.mlp.gate_proj.weight,13762560,13761907,653,4.744756789432092e-05,2120727,11641833,0.8459060668945313
adamw_grpo,AdamW + GRPO,13,up_proj,mlp,model.layers.13.mlp.up_proj.weight,13762560,13761985,575,4.1780017671078085e-05,2195821,11566739,0.8404496692475818
adamw_grpo,AdamW + GRPO,13,k_proj,attn,model.layers.13.self_attn.k_proj.weight,393216,393191,25,6.357828776037966e-05,52992,340224,0.865234375
adamw_grpo,AdamW + GRPO,13,o_proj,attn,model.layers.13.self_attn.o_proj.weight,2359296,2359204,92,3.8994683159709886e-05,457910,1901386,0.8059124416775174
adamw_grpo,AdamW + GRPO,13,q_proj,attn,model.layers.13.self_attn.q_proj.weight,2359296,2359186,110,4.6624077690959886e-05,368389,1990907,0.8438563876681857
adamw_grpo,AdamW + GRPO,13,v_proj,attn,model.layers.13.self_attn.v_proj.weight,393216,393204,12,3.0517578125e-05,69340,323876,0.8236592610677084
adamw_grpo,AdamW + GRPO,14,down_proj,mlp,model.layers.14.mlp.down_proj.weight,13762560,13762003,557,4.0472121465739974e-05,2365229,11397331,0.8281403314499628
adamw_grpo,AdamW + GRPO,14,gate_proj,mlp,model.layers.14.mlp.gate_proj.weight,13762560,13761984,576,4.1852678571374646e-05,2195726,11566834,0.8404565720331101
adamw_grpo,AdamW + GRPO,14,up_proj,mlp,model.layers.14.mlp.up_proj.weight,13762560,13762014,546,3.9672851562477796e-05,2230810,11531750,0.8379073370070684
adamw_grpo,AdamW + GRPO,14,k_proj,attn,model.layers.14.self_attn.k_proj.weight,393216,393194,22,5.594889322912966e-05,70931,322285,0.8196131388346354
adamw_grpo,AdamW + GRPO,14,o_proj,attn,model.layers.14.self_attn.o_proj.weight,2359296,2359212,84,3.560384114587034e-05,480948,1878348,0.7961476643880209
adamw_grpo,AdamW + GRPO,14,q_proj,attn,model.layers.14.self_attn.q_proj.weight,2359296,2359197,99,4.1961669921875e-05,439960,1919336,0.8135206434461806
adamw_grpo,AdamW + GRPO,14,v_proj,attn,model.layers.14.self_attn.v_proj.weight,393216,393206,10,2.543131510412966e-05,78328,314888,0.8008015950520834
adamw_grpo,AdamW + GRPO,15,down_proj,mlp,model.layers.15.mlp.down_proj.weight,13762560,13762019,541,3.930954706099499e-05,2375166,11387394,0.8274183000837053
adamw_grpo,AdamW + GRPO,15,gate_proj,mlp,model.layers.15.mlp.gate_proj.weight,13762560,13761992,568,4.127139136900215e-05,2154099,11608461,0.8434812273297991
adamw_grpo,AdamW + GRPO,15,up_proj,mlp,model.layers.15.mlp.up_proj.weight,13762560,13761988,572,4.15620349701884e-05,2191481,11571079,0.8407650175548735
adamw_grpo,AdamW + GRPO,15,k_proj,attn,model.layers.15.self_attn.k_proj.weight,393216,393192,24,6.103515625e-05,66605,326611,0.8306147257486979
adamw_grpo,AdamW + GRPO,15,o_proj,attn,model.layers.15.self_attn.o_proj.weight,2359296,2359218,78,3.306070963537966e-05,430957,1928339,0.8173366122775607
adamw_grpo,AdamW + GRPO,15,q_proj,attn,model.layers.15.self_attn.q_proj.weight,2359296,2359209,87,3.687540690100466e-05,416455,1942841,0.8234833611382378
adamw_grpo,AdamW + GRPO,15,v_proj,attn,model.layers.15.self_attn.v_proj.weight,393216,393193,23,5.849202473962034e-05,60518,332698,0.8460947672526041
adamw_grpo,AdamW + GRPO,16,down_proj,mlp,model.layers.16.mlp.down_proj.weight,13762560,13762073,487,3.5385858444980656e-05,2329654,11432906,0.8307252429780506
adamw_grpo,AdamW + GRPO,16,gate_proj,mlp,model.layers.16.mlp.gate_proj.weight,13762560,13762001,559,4.06174432663331e-05,2184228,11578332,0.8412920270647322
adamw_grpo,AdamW + GRPO,16,up_proj,mlp,model.layers.16.mlp.up_proj.weight,13762560,13762030,530,3.851027715773281e-05,2182714,11579846,0.8414020356677827
adamw_grpo,AdamW + GRPO,16,k_proj,attn,model.layers.16.self_attn.k_proj.weight,393216,393183,33,8.392333984375e-05,55328,337888,0.8592936197916666
adamw_grpo,AdamW + GRPO,16,o_proj,attn,model.layers.16.self_attn.o_proj.weight,2359296,2359201,95,4.026624891495523e-05,440891,1918405,0.8131260342068143
adamw_grpo,AdamW + GRPO,16,q_proj,attn,model.layers.16.self_attn.q_proj.weight,2359296,2359198,98,4.1537814670089546e-05,366621,1992675,0.8446057637532552
adamw_grpo,AdamW + GRPO,16,v_proj,attn,model.layers.16.self_attn.v_proj.weight,393216,393205,11,2.797444661462034e-05,62266,330950,0.8416493733723959
adamw_grpo,AdamW + GRPO,17,down_proj,mlp,model.layers.17.mlp.down_proj.weight,13762560,13761984,576,4.1852678571374646e-05,2308985,11453575,0.8322270711263021
adamw_grpo,AdamW + GRPO,17,gate_proj,mlp,model.layers.17.mlp.gate_proj.weight,13762560,13762008,552,4.0108816964257166e-05,2175258,11587302,0.8419437953404018
adamw_grpo,AdamW + GRPO,17,up_proj,mlp,model.layers.17.mlp.up_proj.weight,13762560,13761984,576,4.1852678571374646e-05,2182164,11580396,0.8414419991629465
adamw_grpo,AdamW + GRPO,17,k_proj,attn,model.layers.17.self_attn.k_proj.weight,393216,393204,12,3.0517578125e-05,71009,322207,0.8194147745768229
adamw_grpo,AdamW + GRPO,17,o_proj,attn,model.layers.17.self_attn.o_proj.weight,2359296,2359205,91,3.8570827908035454e-05,423266,1936030,0.8205964830186632
adamw_grpo,AdamW + GRPO,17,q_proj,attn,model.layers.17.self_attn.q_proj.weight,2359296,2359221,75,3.178914388024534e-05,422826,1936470,0.8207829793294271
adamw_grpo,AdamW + GRPO,17,v_proj,attn,model.layers.17.self_attn.v_proj.weight,393216,393206,10,2.543131510412966e-05,65618,327598,0.8331247965494791
adamw_grpo,AdamW + GRPO,18,down_proj,mlp,model.layers.18.mlp.down_proj.weight,13762560,13762041,519,3.771100725447063e-05,2280472,11482088,0.8342988513764881
adamw_grpo,AdamW + GRPO,18,gate_proj,mlp,model.layers.18.mlp.gate_proj.weight,13762560,13761942,618,4.490443638394126e-05,2089059,11673501,0.8482070922851562
adamw_grpo,AdamW + GRPO,18,up_proj,mlp,model.layers.18.mlp.up_proj.weight,13762560,13762002,558,4.0544782366036536e-05,2168924,11593636,0.842404029482887
adamw_grpo,AdamW + GRPO,18,k_proj,attn,model.layers.18.self_attn.k_proj.weight,393216,393197,19,4.831949869787966e-05,58348,334868,0.8516133626302084
adamw_grpo,AdamW + GRPO,18,o_proj,attn,model.layers.18.self_attn.o_proj.weight,2359296,2359231,65,2.7550591362834886e-05,435800,1923496,0.8152838812934028
adamw_grpo,AdamW + GRPO,18,q_proj,attn,model.layers.18.self_attn.q_proj.weight,2359296,2359182,114,4.831949869787966e-05,382727,1976569,0.8377791510687934
adamw_grpo,AdamW + GRPO,18,v_proj,attn,model.layers.18.self_attn.v_proj.weight,393216,393203,13,3.306070963537966e-05,82756,310460,0.7895406087239584
adamw_grpo,AdamW + GRPO,19,down_proj,mlp,model.layers.19.mlp.down_proj.weight,13762560,13762017,543,3.945486886158811e-05,2249176,11513384,0.8365728469122024
adamw_grpo,AdamW + GRPO,19,gate_proj,mlp,model.layers.19.mlp.gate_proj.weight,13762560,13761990,570,4.1416713169595276e-05,2082702,11679858,0.8486689976283482
adamw_grpo,AdamW + GRPO,19,up_proj,mlp,model.layers.19.mlp.up_proj.weight,13762560,13762008,552,4.0108816964257166e-05,2133118,11629442,0.8450057256789434
adamw_grpo,AdamW + GRPO,19,k_proj,attn,model.layers.19.self_attn.k_proj.weight,393216,393193,23,5.849202473962034e-05,60542,332674,0.8460337320963541
adamw_grpo,AdamW + GRPO,19,o_proj,attn,model.layers.19.self_attn.o_proj.weight,2359296,2359195,101,4.2809380425334886e-05,377231,1982065,0.840108659532335
adamw_grpo,AdamW + GRPO,19,q_proj,attn,model.layers.19.self_attn.q_proj.weight,2359296,2359195,101,4.2809380425334886e-05,389431,1969865,0.8349376254611545
adamw_grpo,AdamW + GRPO,19,v_proj,attn,model.layers.19.self_attn.v_proj.weight,393216,393197,19,4.831949869787966e-05,55085,338131,0.8599116007486979
adamw_grpo,AdamW + GRPO,2,down_proj,mlp,model.layers.2.mlp.down_proj.weight,13762560,13762037,523,3.800165085565688e-05,2330975,11431585,0.8306292579287574
adamw_grpo,AdamW + GRPO,2,gate_proj,mlp,model.layers.2.mlp.gate_proj.weight,13762560,13761952,608,4.417782738097564e-05,1985507,11777053,0.8557312738327754
adamw_grpo,AdamW + GRPO,2,up_proj,mlp,model.layers.2.mlp.up_proj.weight,13762560,13762063,497,3.611246744794627e-05,2342732,11419828,0.8297749837239583
adamw_grpo,AdamW + GRPO,2,k_proj,attn,model.layers.2.self_attn.k_proj.weight,393216,393192,24,6.103515625e-05,46052,347164,0.8828837076822916
adamw_grpo,AdamW + GRPO,2,o_proj,attn,model.layers.2.self_attn.o_proj.weight,2359296,2359213,83,3.5179985894084886e-05,446707,1912589,0.810660892062717
adamw_grpo,AdamW + GRPO,2,q_proj,attn,model.layers.2.self_attn.q_proj.weight,2359296,2359185,111,4.704793294274534e-05,353551,2005745,0.8501455518934462
adamw_grpo,AdamW + GRPO,2,v_proj,attn,model.layers.2.self_attn.v_proj.weight,393216,393207,9,2.288818359375e-05,89647,303569,0.7720158894856771
adamw_grpo,AdamW + GRPO,20,down_proj,mlp,model.layers.20.mlp.down_proj.weight,13762560,13762035,525,3.814697265625e-05,2251100,11511460,0.8364330473400298
adamw_grpo,AdamW + GRPO,20,gate_proj,mlp,model.layers.20.mlp.gate_proj.weight,13762560,13761967,593,4.308791387652722e-05,2107789,11654771,0.8468461536225819
adamw_grpo,AdamW + GRPO,20,up_proj,mlp,model.layers.20.mlp.up_proj.weight,13762560,13761966,594,4.316057477682378e-05,2124698,11637862,0.8456175304594494
adamw_grpo,AdamW + GRPO,20,k_proj,attn,model.layers.20.self_attn.k_proj.weight,393216,393197,19,4.831949869787966e-05,64206,329010,0.8367156982421875
adamw_grpo,AdamW + GRPO,20,o_proj,attn,model.layers.20.self_attn.o_proj.weight,2359296,2359186,110,4.6624077690959886e-05,390660,1968636,0.8344167073567709
adamw_grpo,AdamW + GRPO,20,q_proj,attn,model.layers.20.self_attn.q_proj.weight,2359296,2359198,98,4.1537814670089546e-05,399540,1959756,0.8306528727213541
adamw_grpo,AdamW + GRPO,20,v_proj,attn,model.layers.20.self_attn.v_proj.weight,393216,393196,20,5.086263020837034e-05,52970,340246,0.8652903238932291
adamw_grpo,AdamW + GRPO,21,down_proj,mlp,model.layers.21.mlp.down_proj.weight,13762560,13761994,566,4.112606956840903e-05,2275608,11486952,0.8346522739955358
adamw_grpo,AdamW + GRPO,21,gate_proj,mlp,model.layers.21.mlp.gate_proj.weight,13762560,13761992,568,4.127139136900215e-05,2040401,11722159,0.8517426263718377
adamw_grpo,AdamW + GRPO,21,up_proj,mlp,model.layers.21.mlp.up_proj.weight,13762560,13762002,558,4.0544782366036536e-05,2134003,11628557,0.84494142078218
adamw_grpo,AdamW + GRPO,21,k_proj,attn,model.layers.21.self_attn.k_proj.weight,393216,393199,17,4.323323567712034e-05,62843,330373,0.8401819864908854
adamw_grpo,AdamW + GRPO,21,o_proj,attn,model.layers.21.self_attn.o_proj.weight,2359296,2359220,76,3.221299913191977e-05,399350,1959946,0.830733405219184
adamw_grpo,AdamW + GRPO,21,q_proj,attn,model.layers.21.self_attn.q_proj.weight,2359296,2359189,107,4.5352511935714546e-05,398891,1960405,0.8309279547797309
adamw_grpo,AdamW + GRPO,21,v_proj,attn,model.layers.21.self_attn.v_proj.weight,393216,393202,14,3.560384114587034e-05,59062,334154,0.8497975667317709
adamw_grpo,AdamW + GRPO,22,down_proj,mlp,model.layers.22.mlp.down_proj.weight,13762560,13761999,561,4.076276506692622e-05,2216995,11545565,0.8389111473446801
adamw_grpo,AdamW + GRPO,22,gate_proj,mlp,model.layers.22.mlp.gate_proj.weight,13762560,13761947,613,4.454113188245845e-05,1963609,11798951,0.8573224022274926
adamw_grpo,AdamW + GRPO,22,up_proj,mlp,model.layers.22.mlp.up_proj.weight,13762560,13762022,538,3.90915643601053e-05,2127851,11634709,0.845388430640811
adamw_grpo,AdamW + GRPO,22,k_proj,attn,model.layers.22.self_attn.k_proj.weight,393216,393201,15,3.814697265625e-05,76695,316521,0.8049545288085938
adamw_grpo,AdamW + GRPO,22,o_proj,attn,model.layers.22.self_attn.o_proj.weight,2359296,2359172,124,5.2558051215290114e-05,346153,2013143,0.85328123304579
adamw_grpo,AdamW + GRPO,22,q_proj,attn,model.layers.22.self_attn.q_proj.weight,2359296,2359195,101,4.2809380425334886e-05,448517,1910779,0.8098937140570747
adamw_grpo,AdamW + GRPO,22,v_proj,attn,model.layers.22.self_attn.v_proj.weight,393216,393203,13,3.306070963537966e-05,72792,320424,0.81488037109375
adamw_grpo,AdamW + GRPO,23,down_proj,mlp,model.layers.23.mlp.down_proj.weight,13762560,13762050,510,3.7057059151801575e-05,2185728,11576832,0.8411830357142858
adamw_grpo,AdamW + GRPO,23,gate_proj,mlp,model.layers.23.mlp.gate_proj.weight,13762560,13761941,619,4.497709728423782e-05,1958236,11804324,0.8577128092447917
adamw_grpo,AdamW + GRPO,23,up_proj,mlp,model.layers.23.mlp.up_proj.weight,13762560,13762041,519,3.771100725447063e-05,2086311,11676249,0.8484067644391741
adamw_grpo,AdamW + GRPO,23,k_proj,attn,model.layers.23.self_attn.k_proj.weight,393216,393200,16,4.069010416662966e-05,64641,328575,0.8356094360351562
adamw_grpo,AdamW + GRPO,23,o_proj,attn,model.layers.23.self_attn.o_proj.weight,2359296,2359182,114,4.831949869787966e-05,363746,1995550,0.8458243476019965
adamw_grpo,AdamW + GRPO,23,q_proj,attn,model.layers.23.self_attn.q_proj.weight,2359296,2359185,111,4.704793294274534e-05,388515,1970781,0.8353258768717448
adamw_grpo,AdamW + GRPO,23,v_proj,attn,model.layers.23.self_attn.v_proj.weight,393216,393197,19,4.831949869787966e-05,62011,331205,0.8422978719075521
adamw_grpo,AdamW + GRPO,24,down_proj,mlp,model.layers.24.mlp.down_proj.weight,13762560,13761979,581,4.221598307296848e-05,2144087,11618473,0.8442087082635789
adamw_grpo,AdamW + GRPO,24,gate_proj,mlp,model.layers.24.mlp.gate_proj.weight,13762560,13761958,602,4.374186197919627e-05,1985681,11776879,0.8557186308361235
adamw_grpo,AdamW + GRPO,24,up_proj,mlp,model.layers.24.mlp.up_proj.weight,13762560,13761958,602,4.374186197919627e-05,2033595,11728965,0.8522371564592635
adamw_grpo,AdamW + GRPO,24,k_proj,attn,model.layers.24.self_attn.k_proj.weight,393216,393195,21,5.340576171875e-05,57820,335396,0.8529561360677084
adamw_grpo,AdamW + GRPO,24,o_proj,attn,model.layers.24.self_attn.o_proj.weight,2359296,2359195,101,4.2809380425334886e-05,353103,2006193,0.850335439046224
adamw_grpo,AdamW + GRPO,24,q_proj,attn,model.layers.24.self_attn.q_proj.weight,2359296,2359196,100,4.2385525173660454e-05,370348,1988948,0.8430260552300347
adamw_grpo,AdamW + GRPO,24,v_proj,attn,model.layers.24.self_attn.v_proj.weight,393216,393193,23,5.849202473962034e-05,51195,342021,0.8698043823242188
adamw_grpo,AdamW + GRPO,25,down_proj,mlp,model.layers.25.mlp.down_proj.weight,13762560,13761968,592,4.3015252976230656e-05,2084505,11678055,0.8485379900251115
adamw_grpo,AdamW + GRPO,25,gate_proj,mlp,model.layers.25.mlp.gate_proj.weight,13762560,13761989,571,4.148937406989184e-05,2008150,11754410,0.8540860130673363
adamw_grpo,AdamW + GRPO,25,up_proj,mlp,model.layers.25.mlp.up_proj.weight,13762560,13761956,604,4.3887183779789396e-05,1995795,11766765,0.8549837384905135
adamw_grpo,AdamW + GRPO,25,k_proj,attn,model.layers.25.self_attn.k_proj.weight,393216,393202,14,3.560384114587034e-05,76952,316264,0.8043009440104166
adamw_grpo,AdamW + GRPO,25,o_proj,attn,model.layers.25.self_attn.o_proj.weight,2359296,2359189,107,4.5352511935714546e-05,314461,2044835,0.8667140536838107
adamw_grpo,AdamW + GRPO,25,q_proj,attn,model.layers.25.self_attn.q_proj.weight,2359296,2359199,97,4.1113959418415114e-05,459886,1899410,0.8050749037000868
adamw_grpo,AdamW + GRPO,25,v_proj,attn,model.layers.25.self_attn.v_proj.weight,393216,393184,32,8.138020833337034e-05,46862,346354,0.8808237711588541
adamw_grpo,AdamW + GRPO,26,down_proj,mlp,model.layers.26.mlp.down_proj.weight,13762560,13761954,606,4.403250558038252e-05,2058842,11703718,0.8504026867094494
adamw_grpo,AdamW + GRPO,26,gate_proj,mlp,model.layers.26.mlp.gate_proj.weight,13762560,13761972,588,4.272460937504441e-05,2029073,11733487,0.8525657290504092
adamw_grpo,AdamW + GRPO,26,up_proj,mlp,model.layers.26.mlp.up_proj.weight,13762560,13761909,651,4.7302246093727796e-05,1959342,11803218,0.8576324462890625
adamw_grpo,AdamW + GRPO,26,k_proj,attn,model.layers.26.self_attn.k_proj.weight,393216,393208,8,2.034505208337034e-05,80376,312840,0.79559326171875
adamw_grpo,AdamW + GRPO,26,o_proj,attn,model.layers.26.self_attn.o_proj.weight,2359296,2359192,104,4.408094618058023e-05,323134,2036162,0.8630379570855035
adamw_grpo,AdamW + GRPO,26,q_proj,attn,model.layers.26.self_attn.q_proj.weight,2359296,2359209,87,3.687540690100466e-05,462714,1896582,0.8038762410481771
adamw_grpo,AdamW + GRPO,26,v_proj,attn,model.layers.26.self_attn.v_proj.weight,393216,393191,25,6.357828776037966e-05,52825,340391,0.8656590779622396
adamw_grpo,AdamW + GRPO,27,down_proj,mlp,model.layers.27.mlp.down_proj.weight,13762560,13762033,527,3.829229445684312e-05,2333180,11429380,0.8304690406436012
adamw_grpo,AdamW + GRPO,27,gate_proj,mlp,model.layers.27.mlp.gate_proj.weight,13762560,13761884,676,4.911876860114184e-05,1916497,11846063,0.860745602562314
adamw_grpo,AdamW + GRPO,27,up_proj,mlp,model.layers.27.mlp.up_proj.weight,13762560,13761969,591,4.2942592075934094e-05,1978347,11784213,0.8562515258789063
adamw_grpo,AdamW + GRPO,27,k_proj,attn,model.layers.27.self_attn.k_proj.weight,393216,393200,16,4.069010416662966e-05,81711,311505,0.7921981811523438
adamw_grpo,AdamW + GRPO,27,o_proj,attn,model.layers.27.self_attn.o_proj.weight,2359296,2359194,102,4.323323567712034e-05,388623,1970673,0.8352801005045573
adamw_grpo,AdamW + GRPO,27,q_proj,attn,model.layers.27.self_attn.q_proj.weight,2359296,2359207,89,3.7723117404464546e-05,468225,1891071,0.8015403747558594
adamw_grpo,AdamW + GRPO,27,v_proj,attn,model.layers.27.self_attn.v_proj.weight,393216,393197,19,4.831949869787966e-05,46768,346448,0.8810628255208334
adamw_grpo,AdamW + GRPO,3,down_proj,mlp,model.layers.3.mlp.down_proj.weight,13762560,13762023,537,3.901890345980874e-05,2330466,11432094,0.8306662423270089
adamw_grpo,AdamW + GRPO,3,gate_proj,mlp,model.layers.3.mlp.gate_proj.weight,13762560,13761966,594,4.316057477682378e-05,1982866,11779694,0.8559231712704614
adamw_grpo,AdamW + GRPO,3,up_proj,mlp,model.layers.3.mlp.up_proj.weight,13762560,13762038,522,3.7928989955360315e-05,2314512,11448048,0.8318254743303571
adamw_grpo,AdamW + GRPO,3,k_proj,attn,model.layers.3.self_attn.k_proj.weight,393216,393191,25,6.357828776037966e-05,54190,339026,0.8621877034505209
adamw_grpo,AdamW + GRPO,3,o_proj,attn,model.layers.3.self_attn.o_proj.weight,2359296,2359207,89,3.7723117404464546e-05,468524,1890772,0.8014136420355903
adamw_grpo,AdamW + GRPO,3,q_proj,attn,model.layers.3.self_attn.q_proj.weight,2359296,2359185,111,4.704793294274534e-05,396842,1962454,0.8317964341905382
adamw_grpo,AdamW + GRPO,3,v_proj,attn,model.layers.3.self_attn.v_proj.weight,393216,393197,19,4.831949869787966e-05,75771,317445,0.8073043823242188
adamw_grpo,AdamW + GRPO,4,down_proj,mlp,model.layers.4.mlp.down_proj.weight,13762560,13762031,529,3.843761625743625e-05,2365226,11397334,0.8281405494326637
adamw_grpo,AdamW + GRPO,4,gate_proj,mlp,model.layers.4.mlp.gate_proj.weight,13762560,13761970,590,4.286993117563753e-05,1960959,11801601,0.8575149536132812
adamw_grpo,AdamW + GRPO,4,up_proj,mlp,model.layers.4.mlp.up_proj.weight,13762560,13762076,484,3.516787574409097e-05,2319355,11443205,0.8314735775902158
adamw_grpo,AdamW + GRPO,4,k_proj,attn,model.layers.4.self_attn.k_proj.weight,393216,393202,14,3.560384114587034e-05,59230,333986,0.8493703206380209
adamw_grpo,AdamW + GRPO,4,o_proj,attn,model.layers.4.self_attn.o_proj.weight,2359296,2359218,78,3.306070963537966e-05,431768,1927528,0.8169928656684028
adamw_grpo,AdamW + GRPO,4,q_proj,attn,model.layers.4.self_attn.q_proj.weight,2359296,2359198,98,4.1537814670089546e-05,387711,1971585,0.8356666564941406
adamw_grpo,AdamW + GRPO,4,v_proj,attn,model.layers.4.self_attn.v_proj.weight,393216,393202,14,3.560384114587034e-05,66006,327210,0.8321380615234375
adamw_grpo,AdamW + GRPO,5,down_proj,mlp,model.layers.5.mlp.down_proj.weight,13762560,13762055,505,3.6693754650318766e-05,2402910,11359650,0.8254023960658482
adamw_grpo,AdamW + GRPO,5,gate_proj,mlp,model.layers.5.mlp.gate_proj.weight,13762560,13761930,630,4.57763671875e-05,1896187,11866373,0.8622213454473586
adamw_grpo,AdamW + GRPO,5,up_proj,mlp,model.layers.5.mlp.up_proj.weight,13762560,13762021,539,3.9164225260401864e-05,2336196,11426364,0.8302498953683035
adamw_grpo,AdamW + GRPO,5,k_proj,attn,model.layers.5.self_attn.k_proj.weight,393216,393189,27,6.866455078125e-05,56081,337135,0.8573786417643229
adamw_grpo,AdamW + GRPO,5,o_proj,attn,model.layers.5.self_attn.o_proj.weight,2359296,2359211,85,3.602769639754477e-05,444800,1914496,0.8114691840277778
adamw_grpo,AdamW + GRPO,5,q_proj,attn,model.layers.5.self_attn.q_proj.weight,2359296,2359194,102,4.323323567712034e-05,387993,1971303,0.835547129313151
adamw_grpo,AdamW + GRPO,5,v_proj,attn,model.layers.5.self_attn.v_proj.weight,393216,393204,12,3.0517578125e-05,75324,317892,0.808441162109375
adamw_grpo,AdamW + GRPO,6,down_proj,mlp,model.layers.6.mlp.down_proj.weight,13762560,13762032,528,3.8364955357139685e-05,2353282,11409278,0.8290084112258185
adamw_grpo,AdamW + GRPO,6,gate_proj,mlp,model.layers.6.mlp.gate_proj.weight,13762560,13761892,668,4.8537481398769344e-05,1891887,11870673,0.8625337873186384
adamw_grpo,AdamW + GRPO,6,up_proj,mlp,model.layers.6.mlp.up_proj.weight,13762560,13762058,502,3.647577194942908e-05,2290682,11471878,0.8335569835844494
adamw_grpo,AdamW + GRPO,6,k_proj,attn,model.layers.6.self_attn.k_proj.weight,393216,393187,29,7.375081380212034e-05,55279,337937,0.8594182332356771
adamw_grpo,AdamW + GRPO,6,o_proj,attn,model.layers.6.self_attn.o_proj.weight,2359296,2359204,92,3.8994683159709886e-05,407467,1951829,0.827292972140842
adamw_grpo,AdamW + GRPO,6,q_proj,attn,model.layers.6.self_attn.q_proj.weight,2359296,2359201,95,4.026624891495523e-05,389456,1969840,0.8349270290798612
adamw_grpo,AdamW + GRPO,6,v_proj,attn,model.layers.6.self_attn.v_proj.weight,393216,393191,25,6.357828776037966e-05,62885,330331,0.8400751749674479
adamw_grpo,AdamW + GRPO,7,down_proj,mlp,model.layers.7.mlp.down_proj.weight,13762560,13762035,525,3.814697265625e-05,2269439,11493121,0.8351005190894717
adamw_grpo,AdamW + GRPO,7,gate_proj,mlp,model.layers.7.mlp.gate_proj.weight,13762560,13761969,591,4.2942592075934094e-05,1997249,11765311,0.8548780895414807
adamw_grpo,AdamW + GRPO,7,up_proj,mlp,model.layers.7.mlp.up_proj.weight,13762560,13762021,539,3.9164225260401864e-05,2190677,11571883,0.8408234369187129
adamw_grpo,AdamW + GRPO,7,k_proj,attn,model.layers.7.self_attn.k_proj.weight,393216,393182,34,8.646647135412966e-05,51313,341903,0.8695042928059896
adamw_grpo,AdamW + GRPO,7,o_proj,attn,model.layers.7.self_attn.o_proj.weight,2359296,2359219,77,3.263685438370523e-05,427861,1931435,0.8186488681369357
adamw_grpo,AdamW + GRPO,7,q_proj,attn,model.layers.7.self_attn.q_proj.weight,2359296,2359190,106,4.4928656684040114e-05,361657,1997639,0.8467097812228732
adamw_grpo,AdamW + GRPO,7,v_proj,attn,model.layers.7.self_attn.v_proj.weight,393216,393200,16,4.069010416662966e-05,70790,322426,0.8199717203776041
adamw_grpo,AdamW + GRPO,8,down_proj,mlp,model.layers.8.mlp.down_proj.weight,13762560,13762024,536,3.894624255951218e-05,2346424,11416136,0.8295067196800595
adamw_grpo,AdamW + GRPO,8,gate_proj,mlp,model.layers.8.mlp.gate_proj.weight,13762560,13761941,619,4.497709728423782e-05,2025069,11737491,0.8528566632952009
adamw_grpo,AdamW + GRPO,8,up_proj,mlp,model.layers.8.mlp.up_proj.weight,13762560,13762008,552,4.0108816964257166e-05,2227646,11534914,0.8381372360956101
adamw_grpo,AdamW + GRPO,8,k_proj,attn,model.layers.8.self_attn.k_proj.weight,393216,393193,23,5.849202473962034e-05,48437,344779,0.8768183390299479
adamw_grpo,AdamW + GRPO,8,o_proj,attn,model.layers.8.self_attn.o_proj.weight,2359296,2359188,108,4.57763671875e-05,415121,1944175,0.8240487840440538
adamw_grpo,AdamW + GRPO,8,q_proj,attn,model.layers.8.self_attn.q_proj.weight,2359296,2359194,102,4.323323567712034e-05,353417,2005879,0.8502023484971788
adamw_grpo,AdamW + GRPO,8,v_proj,attn,model.layers.8.self_attn.v_proj.weight,393216,393199,17,4.323323567712034e-05,63957,329259,0.8373489379882812
adamw_grpo,AdamW + GRPO,9,down_proj,mlp,model.layers.9.mlp.down_proj.weight,13762560,13762034,526,3.821963355654656e-05,2305242,11457318,0.832499040876116
adamw_grpo,AdamW + GRPO,9,gate_proj,mlp,model.layers.9.mlp.gate_proj.weight,13762560,13761973,587,4.265194847474785e-05,2041216,11721344,0.8516834077380953
adamw_grpo,AdamW + GRPO,9,up_proj,mlp,model.layers.9.mlp.up_proj.weight,13762560,13761996,564,4.0980747767815906e-05,2196949,11565611,0.8403677077520462
adamw_grpo,AdamW + GRPO,9,k_proj,attn,model.layers.9.self_attn.k_proj.weight,393216,393190,26,6.612141927087034e-05,60192,333024,0.846923828125
adamw_grpo,AdamW + GRPO,9,o_proj,attn,model.layers.9.self_attn.o_proj.weight,2359296,2359218,78,3.306070963537966e-05,479763,1879533,0.7966499328613281
adamw_grpo,AdamW + GRPO,9,q_proj,attn,model.layers.9.self_attn.q_proj.weight,2359296,2359184,112,4.747178819441977e-05,420167,1939129,0.8219100104437934
adamw_grpo,AdamW + GRPO,9,v_proj,attn,model.layers.9.self_attn.v_proj.weight,393216,393200,16,4.069010416662966e-05,77291,315925,0.8034388224283854
muon_grpo,Muon + GRPO,-1,embed,embed,model.embed_tokens.weight,233373696,151759688,81614008,0.3497138255032821,5251641,228122055,0.9774968598003435
muon_grpo,Muon + GRPO,0,down_proj,mlp,model.layers.0.mlp.down_proj.weight,13762560,13761771,789,5.7329450334875354e-05,1573516,12189044,0.8856669108072917
muon_grpo,Muon + GRPO,0,gate_proj,mlp,model.layers.0.mlp.gate_proj.weight,13762560,13739061,23499,0.0017074584960937722,1171085,12591475,0.9149079095749628
muon_grpo,Muon + GRPO,0,up_proj,mlp,model.layers.0.mlp.up_proj.weight,13762560,13746407,16153,0.0011736915225074585,1391971,12370589,0.8988581339518229
muon_grpo,Muon + GRPO,0,k_proj,attn,model.layers.0.self_attn.k_proj.weight,393216,393167,49,0.00012461344401037966,24579,368637,0.9374923706054688
muon_grpo,Muon + GRPO,0,o_proj,attn,model.layers.0.self_attn.o_proj.weight,2359296,2359128,168,7.120768229162966e-05,284453,2074843,0.879433102077908
muon_grpo,Muon + GRPO,0,q_proj,attn,model.layers.0.self_attn.q_proj.weight,2359296,2052688,306608,0.12995741102430558,117654,2241642,0.9501317342122396
muon_grpo,Muon + GRPO,0,v_proj,attn,model.layers.0.self_attn.v_proj.weight,393216,393188,28,7.120768229162966e-05,66216,327000,0.83160400390625
muon_grpo,Muon + GRPO,1,down_proj,mlp,model.layers.1.mlp.down_proj.weight,13762560,13760918,1642,0.00011930919828873066,877895,12884665,0.9362113589332217
muon_grpo,Muon + GRPO,1,gate_proj,mlp,model.layers.1.mlp.gate_proj.weight,13762560,13756803,5757,0.0004183088030134119,1401236,12361324,0.8981849307105655
muon_grpo,Muon + GRPO,1,up_proj,mlp,model.layers.1.mlp.up_proj.weight,13762560,13757595,4965,0.00036076136997764685,1641472,12121088,0.8807291666666667
muon_grpo,Muon + GRPO,1,k_proj,attn,model.layers.1.self_attn.k_proj.weight,393216,393149,67,0.00017038981119787966,26738,366478,0.9320017496744791
muon_grpo,Muon + GRPO,1,o_proj,attn,model.layers.1.self_attn.o_proj.weight,2359296,2359123,173,7.332695855033489e-05,256057,2103239,0.8914688958062066
muon_grpo,Muon + GRPO,1,q_proj,attn,model.layers.1.self_attn.q_proj.weight,2359296,2358748,548,0.00023227267795133955,140731,2218565,0.9403504265679253
muon_grpo,Muon + GRPO,1,v_proj,attn,model.layers.1.self_attn.v_proj.weight,393216,393197,19,4.831949869787966e-05,67698,325518,0.8278350830078125
muon_grpo,Muon + GRPO,10,down_proj,mlp,model.layers.10.mlp.down_proj.weight,13762560,13761837,723,5.253383091519126e-05,1724805,12037755,0.8746741158621651
muon_grpo,Muon + GRPO,10,gate_proj,mlp,model.layers.10.mlp.gate_proj.weight,13762560,13759045,3515,0.0002554030645460781,1505957,12256603,0.8905758085704985
muon_grpo,Muon + GRPO,10,up_proj,mlp,model.layers.10.mlp.up_proj.weight,13762560,13760494,2066,0.0001501174200149169,1618914,12143646,0.8823682512555804
muon_grpo,Muon + GRPO,10,k_proj,attn,model.layers.10.self_attn.k_proj.weight,393216,393191,25,6.357828776037966e-05,46135,347081,0.8826726277669271
muon_grpo,Muon + GRPO,10,o_proj,attn,model.layers.10.self_attn.o_proj.weight,2359296,2359154,142,6.0187445746540114e-05,271411,2087885,0.8849610222710503
muon_grpo,Muon + GRPO,10,q_proj,attn,model.layers.10.self_attn.q_proj.weight,2359296,2359080,216,9.1552734375e-05,215190,2144106,0.9087905883789062
muon_grpo,Muon + GRPO,10,v_proj,attn,model.layers.10.self_attn.v_proj.weight,393216,393193,23,5.849202473962034e-05,51031,342185,0.8702214558919271
muon_grpo,Muon + GRPO,11,down_proj,mlp,model.layers.11.mlp.down_proj.weight,13762560,13761790,770,5.594889322912966e-05,1755463,12007097,0.8724464779808407
muon_grpo,Muon + GRPO,11,gate_proj,mlp,model.layers.11.mlp.gate_proj.weight,13762560,13761576,984,7.14983258928159e-05,1517343,12245217,0.8897484915597098
muon_grpo,Muon + GRPO,11,up_proj,mlp,model.layers.11.mlp.up_proj.weight,13762560,13761778,782,5.68208240326884e-05,1613431,12149129,0.8827666509719122
muon_grpo,Muon + GRPO,11,k_proj,attn,model.layers.11.self_attn.k_proj.weight,393216,393186,30,7.62939453125e-05,41061,352155,0.8955764770507812
muon_grpo,Muon + GRPO,11,o_proj,attn,model.layers.11.self_attn.o_proj.weight,2359296,2359123,173,7.332695855033489e-05,275935,2083361,0.8830435011121962
muon_grpo,Muon + GRPO,11,q_proj,attn,model.layers.11.self_attn.q_proj.weight,2359296,2359074,222,9.409586588537966e-05,191383,2167913,0.9188813103569878
muon_grpo,Muon + GRPO,11,v_proj,attn,model.layers.11.self_attn.v_proj.weight,393216,393194,22,5.594889322912966e-05,48674,344542,0.8762156168619791
muon_grpo,Muon + GRPO,12,down_proj,mlp,model.layers.12.mlp.down_proj.weight,13762560,13761774,786,5.7111467633874646e-05,1776826,11985734,0.8708942231677828
muon_grpo,Muon + GRPO,12,gate_proj,mlp,model.layers.12.mlp.gate_proj.weight,13762560,13759684,2876,0.00020897274925590903,1471635,12290925,0.8930696759905133
muon_grpo,Muon + GRPO,12,up_proj,mlp,model.layers.12.mlp.up_proj.weight,13762560,13761087,1473,0.00010702950613838969,1640516,12122044,0.8807986304873512
muon_grpo,Muon + GRPO,12,k_proj,attn,model.layers.12.self_attn.k_proj.weight,393216,393192,24,6.103515625e-05,46094,347122,0.8827768961588541
muon_grpo,Muon + GRPO,12,o_proj,attn,model.layers.12.self_attn.o_proj.weight,2359296,2359133,163,6.908840603303545e-05,263710,2095586,0.8882251315646701
muon_grpo,Muon + GRPO,12,q_proj,attn,model.layers.12.self_attn.q_proj.weight,2359296,2359098,198,8.392333984375e-05,208620,2150676,0.9115753173828125
muon_grpo,Muon + GRPO,12,v_proj,attn,model.layers.12.self_attn.v_proj.weight,393216,393194,22,5.594889322912966e-05,47442,345774,0.8793487548828125
muon_grpo,Muon + GRPO,13,down_proj,mlp,model.layers.13.mlp.down_proj.weight,13762560,13761743,817,5.936395554317908e-05,1739975,12022585,0.8735718500046503
muon_grpo,Muon + GRPO,13,gate_proj,mlp,model.layers.13.mlp.gate_proj.weight,13762560,13761603,957,6.953648158480874e-05,1557295,12205265,0.8868455432710194
muon_grpo,Muon + GRPO,13,up_proj,mlp,model.layers.13.mlp.up_proj.weight,13762560,13761797,763,5.544026692705373e-05,1619545,12143015,0.8823224022274926
muon_grpo,Muon + GRPO,13,k_proj,attn,model.layers.13.self_attn.k_proj.weight,393216,393172,44,0.00011189778645837034,38487,354729,0.9021224975585938
muon_grpo,Muon + GRPO,13,o_proj,attn,model.layers.13.self_attn.o_proj.weight,2359296,2359155,141,5.976359049475466e-05,273206,2086090,0.884200202094184
muon_grpo,Muon + GRPO,13,q_proj,attn,model.layers.13.self_attn.q_proj.weight,2359296,2359063,233,9.875827365446455e-05,195939,2163357,0.9169502258300781
muon_grpo,Muon + GRPO,13,v_proj,attn,model.layers.13.self_attn.v_proj.weight,393216,393192,24,6.103515625e-05,51151,342065,0.8699162801106771
muon_grpo,Muon + GRPO,14,down_proj,mlp,model.layers.14.mlp.down_proj.weight,13762560,13761771,789,5.7329450334875354e-05,1755709,12006851,0.8724286033993676
muon_grpo,Muon + GRPO,14,gate_proj,mlp,model.layers.14.mlp.gate_proj.weight,13762560,13761714,846,6.147112165177937e-05,1626736,12135824,0.8817998976934524
muon_grpo,Muon + GRPO,14,up_proj,mlp,model.layers.14.mlp.up_proj.weight,13762560,13761781,779,5.6602841331798714e-05,1646245,12116315,0.8803823561895461
muon_grpo,Muon + GRPO,14,k_proj,attn,model.layers.14.self_attn.k_proj.weight,393216,393052,164,0.00041707356770837034,51086,342130,0.8700815836588541
muon_grpo,Muon + GRPO,14,o_proj,attn,model.layers.14.self_attn.o_proj.weight,2359296,2356177,3119,0.0013220045301649552,266249,2093047,0.8871489630805122
muon_grpo,Muon + GRPO,14,q_proj,attn,model.layers.14.self_attn.q_proj.weight,2359296,2355583,3713,0.0015737745496962052,183819,2175477,0.9220873514811198
muon_grpo,Muon + GRPO,14,v_proj,attn,model.layers.14.self_attn.v_proj.weight,393216,393194,22,5.594889322912966e-05,56697,336519,0.8558120727539062
muon_grpo,Muon + GRPO,15,down_proj,mlp,model.layers.15.mlp.down_proj.weight,13762560,13761791,769,5.58762323288331e-05,1738052,12024508,0.8737115769159226
muon_grpo,Muon + GRPO,15,gate_proj,mlp,model.layers.15.mlp.gate_proj.weight,13762560,13757081,5479,0.00039810907273063467,1558690,12203870,0.8867441813151041
muon_grpo,Muon + GRPO,15,up_proj,mlp,model.layers.15.mlp.up_proj.weight,13762560,13758459,4101,0.00029798235212052937,1585706,12176854,0.8847811744326637
muon_grpo,Muon + GRPO,15,k_proj,attn,model.layers.15.self_attn.k_proj.weight,393216,393185,31,7.883707682287966e-05,50239,342977,0.8722356160481771
muon_grpo,Muon + GRPO,15,o_proj,attn,model.layers.15.self_attn.o_proj.weight,2359296,2359096,200,8.477105034720989e-05,254951,2104345,0.8919376797146268
muon_grpo,Muon + GRPO,15,q_proj,attn,model.layers.15.self_attn.q_proj.weight,2359296,2359080,216,9.1552734375e-05,221144,2138152,0.9062669542100694
muon_grpo,Muon + GRPO,15,v_proj,attn,model.layers.15.self_attn.v_proj.weight,393216,393184,32,8.138020833337034e-05,43086,350130,0.8904266357421875
muon_grpo,Muon + GRPO,16,down_proj,mlp,model.layers.16.mlp.down_proj.weight,13762560,13761749,811,5.892799014139971e-05,1702163,12060397,0.8763193039667039
muon_grpo,Muon + GRPO,16,gate_proj,mlp,model.layers.16.mlp.gate_proj.weight,13762560,13761510,1050,7.62939453125e-05,1591995,12170565,0.884324210030692
muon_grpo,Muon + GRPO,16,up_proj,mlp,model.layers.16.mlp.up_proj.weight,13762560,13761691,869,6.314232235860029e-05,1572787,12189773,0.8857198806036086
muon_grpo,Muon + GRPO,16,k_proj,attn,model.layers.16.self_attn.k_proj.weight,393216,393193,23,5.849202473962034e-05,40855,352361,0.8961003621419271
muon_grpo,Muon + GRPO,16,o_proj,attn,model.layers.16.self_attn.o_proj.weight,2359296,2359141,155,6.569756401908489e-05,261834,2097462,0.8890202840169271
muon_grpo,Muon + GRPO,16,q_proj,attn,model.layers.16.self_attn.q_proj.weight,2359296,2309713,49583,0.021016014946831585,197594,2161702,0.9162487453884549
muon_grpo,Muon + GRPO,16,v_proj,attn,model.layers.16.self_attn.v_proj.weight,393216,393183,33,8.392333984375e-05,44702,348514,0.8863169352213541
muon_grpo,Muon + GRPO,17,down_proj,mlp,model.layers.17.mlp.down_proj.weight,13762560,13761737,823,5.979992094495845e-05,1689673,12072887,0.8772268386114211
muon_grpo,Muon + GRPO,17,gate_proj,mlp,model.layers.17.mlp.gate_proj.weight,13762560,13758082,4478,0.0003253755115327772,1583115,12179445,0.8849694388253349
muon_grpo,Muon + GRPO,17,up_proj,mlp,model.layers.17.mlp.up_proj.weight,13762560,13759266,3294,0.0002393450055803159,1565816,12196744,0.8862263997395834
muon_grpo,Muon + GRPO,17,k_proj,attn,model.layers.17.self_attn.k_proj.weight,393216,393192,24,6.103515625e-05,52379,340837,0.8667933146158854
muon_grpo,Muon + GRPO,17,o_proj,attn,model.layers.17.self_attn.o_proj.weight,2359296,2359107,189,8.0108642578125e-05,256284,2103012,0.8913726806640625
muon_grpo,Muon + GRPO,17,q_proj,attn,model.layers.17.self_attn.q_proj.weight,2359296,2359083,213,9.028116861975466e-05,208836,2150460,0.9114837646484375
muon_grpo,Muon + GRPO,17,v_proj,attn,model.layers.17.self_attn.v_proj.weight,393216,393182,34,8.646647135412966e-05,50195,343021,0.8723475138346354
muon_grpo,Muon + GRPO,18,down_proj,mlp,model.layers.18.mlp.down_proj.weight,13762560,13761722,838,6.088983444940688e-05,1665113,12097447,0.8790113903227307
muon_grpo,Muon + GRPO,18,gate_proj,mlp,model.layers.18.mlp.gate_proj.weight,13762560,13758982,3578,0.0002599807012648725,1523559,12239001,0.8892968314034598
muon_grpo,Muon + GRPO,18,up_proj,mlp,model.layers.18.mlp.up_proj.weight,13762560,13759889,2671,0.00019407726469489184,1528660,12233900,0.8889261881510416
muon_grpo,Muon + GRPO,18,k_proj,attn,model.layers.18.self_attn.k_proj.weight,393216,393190,26,6.612141927087034e-05,46696,346520,0.8812459309895834
muon_grpo,Muon + GRPO,18,o_proj,attn,model.layers.18.self_attn.o_proj.weight,2359296,2359122,174,7.375081380212034e-05,265422,2093874,0.8874994913736979
muon_grpo,Muon + GRPO,18,q_proj,attn,model.layers.18.self_attn.q_proj.weight,2359296,2359057,239,0.00010130140516495523,226093,2133203,0.9041692945692275
muon_grpo,Muon + GRPO,18,v_proj,attn,model.layers.18.self_attn.v_proj.weight,393216,393192,24,6.103515625e-05,62850,330366,0.8401641845703125
muon_grpo,Muon + GRPO,19,down_proj,mlp,model.layers.19.mlp.down_proj.weight,13762560,13761720,840,6.103515625e-05,1620292,12142268,0.8822681245349703
muon_grpo,Muon + GRPO,19,gate_proj,mlp,model.layers.19.mlp.gate_proj.weight,13762560,13759133,3427,0.00024900890531998066,1483427,12279133,0.8922128586542039
muon_grpo,Muon + GRPO,19,up_proj,mlp,model.layers.19.mlp.up_proj.weight,13762560,13760168,2392,0.00017380487351192908,1492281,12270279,0.8915695190429688
muon_grpo,Muon + GRPO,19,k_proj,attn,model.layers.19.self_attn.k_proj.weight,393216,393188,28,7.120768229162966e-05,47573,345643,0.8790156046549479
muon_grpo,Muon + GRPO,19,o_proj,attn,model.layers.19.self_attn.o_proj.weight,2359296,2359145,151,6.400214301216511e-05,238263,2121033,0.899010976155599
muon_grpo,Muon + GRPO,19,q_proj,attn,model.layers.19.self_attn.q_proj.weight,2359296,2359124,172,7.290310329866045e-05,229297,2129999,0.902811262342665
muon_grpo,Muon + GRPO,19,v_proj,attn,model.layers.19.self_attn.v_proj.weight,393216,393190,26,6.612141927087034e-05,41373,351843,0.8947830200195312
muon_grpo,Muon + GRPO,2,down_proj,mlp,model.layers.2.mlp.down_proj.weight,13762560,13761791,769,5.58762323288331e-05,1701705,12060855,0.8763525826590401
muon_grpo,Muon + GRPO,2,gate_proj,mlp,model.layers.2.mlp.gate_proj.weight,13762560,13760273,2287,0.00016617547898067908,1432925,12329635,0.8958823794410342
muon_grpo,Muon + GRPO,2,up_proj,mlp,model.layers.2.mlp.up_proj.weight,13762560,13760978,1582,0.00011494954427082593,1687165,12075395,0.8774090721493676
muon_grpo,Muon + GRPO,2,k_proj,attn,model.layers.2.self_attn.k_proj.weight,393216,392818,398,0.0010121663411458703,32740,360476,0.9167378743489584
muon_grpo,Muon + GRPO,2,o_proj,attn,model.layers.2.self_attn.o_proj.weight,2359296,2359149,147,6.230672200524534e-05,273926,2085370,0.883895026312934
muon_grpo,Muon + GRPO,2,q_proj,attn,model.layers.2.self_attn.q_proj.weight,2359296,2357328,1968,0.0008341471354166297,176583,2182713,0.9251543680826823
muon_grpo,Muon + GRPO,2,v_proj,attn,model.layers.2.self_attn.v_proj.weight,393216,393192,24,6.103515625e-05,63563,329653,0.8383509318033854
muon_grpo,Muon + GRPO,20,down_proj,mlp,model.layers.20.mlp.down_proj.weight,13762560,13761681,879,6.38689313615659e-05,1596919,12165641,0.8839664277576265
muon_grpo,Muon + GRPO,20,gate_proj,mlp,model.layers.20.mlp.gate_proj.weight,13762560,13759634,2926,0.00021260579427084814,1489877,12272683,0.8917441958472843
muon_grpo,Muon + GRPO,20,up_proj,mlp,model.layers.20.mlp.up_proj.weight,13762560,13760566,1994,0.00014488583519345344,1460536,12302024,0.8938761393229167
muon_grpo,Muon + GRPO,20,k_proj,attn,model.layers.20.self_attn.k_proj.weight,393216,393073,143,0.00036366780598962034,48153,345063,0.8775405883789062
muon_grpo,Muon + GRPO,20,o_proj,attn,model.layers.20.self_attn.o_proj.weight,2359296,2359122,174,7.375081380212034e-05,236514,2122782,0.8997522989908854
muon_grpo,Muon + GRPO,20,q_proj,attn,model.layers.20.self_attn.q_proj.weight,2359296,2358264,1032,0.00043741861979162966,208043,2151253,0.9118198818630643
muon_grpo,Muon + GRPO,20,v_proj,attn,model.layers.20.self_attn.v_proj.weight,393216,393191,25,6.357828776037966e-05,39591,353625,0.8993148803710938
muon_grpo,Muon + GRPO,21,down_proj,mlp,model.layers.21.mlp.down_proj.weight,13762560,13761507,1053,7.651192801338969e-05,1548455,12214105,0.8874878656296503
muon_grpo,Muon + GRPO,21,gate_proj,mlp,model.layers.21.mlp.gate_proj.weight,13762560,13761152,1408,0.00010230654761900215,1337767,12424793,0.902796645391555
muon_grpo,Muon + GRPO,21,up_proj,mlp,model.layers.21.mlp.up_proj.weight,13762560,13761410,1150,8.356003534226719e-05,1360105,12402455,0.9011735462007069
muon_grpo,Muon + GRPO,21,k_proj,attn,model.layers.21.self_attn.k_proj.weight,393216,393189,27,6.866455078125e-05,47234,345982,0.8798777262369791
muon_grpo,Muon + GRPO,21,o_proj,attn,model.layers.21.self_attn.o_proj.weight,2359296,2359127,169,7.163153754341511e-05,229854,2129442,0.9025751749674479
muon_grpo,Muon + GRPO,21,q_proj,attn,model.layers.21.self_attn.q_proj.weight,2359296,2359026,270,0.00011444091796875,200850,2158446,0.9148686726888021
muon_grpo,Muon + GRPO,21,v_proj,attn,model.layers.21.self_attn.v_proj.weight,393216,393191,25,6.357828776037966e-05,43704,349512,0.88885498046875
muon_grpo,Muon + GRPO,22,down_proj,mlp,model.layers.22.mlp.down_proj.weight,13762560,13761556,1004,7.295154389885816e-05,1475642,12286918,0.8927785237630208
muon_grpo,Muon + GRPO,22,gate_proj,mlp,model.layers.22.mlp.gate_proj.weight,13762560,13760221,2339,0.0001699538457961003,1316933,12445627,0.9043104625883557
muon_grpo,Muon + GRPO,22,up_proj,mlp,model.layers.22.mlp.up_proj.weight,13762560,13761056,1504,0.0001092819940475831,1396122,12366438,0.8985565185546875
muon_grpo,Muon + GRPO,22,k_proj,attn,model.layers.22.self_attn.k_proj.weight,393216,392991,225,0.00057220458984375,57360,335856,0.8541259765625
muon_grpo,Muon + GRPO,22,o_proj,attn,model.layers.22.self_attn.o_proj.weight,2359296,2359114,182,7.714165581595989e-05,216029,2143267,0.9084349738226997
muon_grpo,Muon + GRPO,22,q_proj,attn,model.layers.22.self_attn.q_proj.weight,2359296,2357921,1375,0.0005828009711371651,231856,2127440,0.9017266167534722
muon_grpo,Muon + GRPO,22,v_proj,attn,model.layers.22.self_attn.v_proj.weight,393216,393188,28,7.120768229162966e-05,48486,344730,0.8766937255859375
muon_grpo,Muon + GRPO,23,down_proj,mlp,model.layers.23.mlp.down_proj.weight,13762560,13761609,951,6.910051618302937e-05,1445965,12316595,0.8949348813011533
muon_grpo,Muon + GRPO,23,gate_proj,mlp,model.layers.23.mlp.gate_proj.weight,13762560,13756674,5886,0.00042768205915177937,1286209,12476351,0.9065428960890997
muon_grpo,Muon + GRPO,23,up_proj,mlp,model.layers.23.mlp.up_proj.weight,13762560,13757457,5103,0.0003707885742187944,1350471,12412089,0.9018735613141741
muon_grpo,Muon + GRPO,23,k_proj,attn,model.layers.23.self_attn.k_proj.weight,393216,393009,207,0.00052642822265625,48587,344629,0.8764368693033854
muon_grpo,Muon + GRPO,23,o_proj,attn,model.layers.23.self_attn.o_proj.weight,2359296,2359107,189,8.0108642578125e-05,211020,2148276,0.9105580647786459
muon_grpo,Muon + GRPO,23,q_proj,attn,model.layers.23.self_attn.q_proj.weight,2359296,2358023,1273,0.0005395677354600448,213663,2145633,0.9094378153483073
muon_grpo,Muon + GRPO,23,v_proj,attn,model.layers.23.self_attn.v_proj.weight,393216,393196,20,5.086263020837034e-05,45885,347331,0.8833084106445312
muon_grpo,Muon + GRPO,24,down_proj,mlp,model.layers.24.mlp.down_proj.weight,13762560,13761464,1096,7.963634672614184e-05,1343103,12419457,0.902408926827567
muon_grpo,Muon + GRPO,24,gate_proj,mlp,model.layers.24.mlp.gate_proj.weight,13762560,13757761,4799,0.0003486996605283066,1211035,12551525,0.9120051066080729
muon_grpo,Muon + GRPO,24,up_proj,mlp,model.layers.24.mlp.up_proj.weight,13762560,13758839,3721,0.00027037121000739184,1209505,12553055,0.9121162777855283
muon_grpo,Muon + GRPO,24,k_proj,attn,model.layers.24.self_attn.k_proj.weight,393216,393132,84,0.000213623046875,44647,348569,0.8864568074544271
muon_grpo,Muon + GRPO,24,o_proj,attn,model.layers.24.self_attn.o_proj.weight,2359296,2359076,220,9.324815538191977e-05,199889,2159407,0.9152759975857205
muon_grpo,Muon + GRPO,24,q_proj,attn,model.layers.24.self_attn.q_proj.weight,2359296,2358697,599,0.00025388929578995523,203999,2155297,0.913533952501085
muon_grpo,Muon + GRPO,24,v_proj,attn,model.layers.24.self_attn.v_proj.weight,393216,393186,30,7.62939453125e-05,38192,355024,0.9028727213541666
muon_grpo,Muon + GRPO,25,down_proj,mlp,model.layers.25.mlp.down_proj.weight,13762560,13761410,1150,8.356003534226719e-05,1289421,12473139,0.9063095092773438
muon_grpo,Muon + GRPO,25,gate_proj,mlp,model.layers.25.mlp.gate_proj.weight,13762560,13756057,6503,0.00047251383463542407,1263816,12498744,0.9081699916294643
muon_grpo,Muon + GRPO,25,up_proj,mlp,model.layers.25.mlp.up_proj.weight,13762560,13756841,5719,0.0004155476888020315,1144929,12617631,0.9168084280831473
muon_grpo,Muon + GRPO,25,k_proj,attn,model.layers.25.self_attn.k_proj.weight,393216,392988,228,0.000579833984375,48657,344559,0.8762588500976562
muon_grpo,Muon + GRPO,25,o_proj,attn,model.layers.25.self_attn.o_proj.weight,2359296,2359052,244,0.00010342068142366045,168910,2190386,0.9284066094292535
muon_grpo,Muon + GRPO,25,q_proj,attn,model.layers.25.self_attn.q_proj.weight,2359296,2357710,1586,0.0006722344292534599,209056,2150240,0.9113905164930556
muon_grpo,Muon + GRPO,25,v_proj,attn,model.layers.25.self_attn.v_proj.weight,393216,393179,37,9.409586588537966e-05,31451,361765,0.9200159708658854
muon_grpo,Muon + GRPO,26,down_proj,mlp,model.layers.26.mlp.down_proj.weight,13762560,13760939,1621,0.00011778331938239184,1064002,12698558,0.9226886567615328
muon_grpo,Muon + GRPO,26,gate_proj,mlp,model.layers.26.mlp.gate_proj.weight,13762560,13754780,7780,0.0005653018043154656,1258579,12503981,0.9085505167643229
muon_grpo,Muon + GRPO,26,up_proj,mlp,model.layers.26.mlp.up_proj.weight,13762560,13754087,8473,0.00061565580822176,1003240,12759320,0.9271036783854166
muon_grpo,Muon + GRPO,26,k_proj,attn,model.layers.26.self_attn.k_proj.weight,393216,393192,24,6.103515625e-05,56495,336721,0.8563257853190104
muon_grpo,Muon + GRPO,26,o_proj,attn,model.layers.26.self_attn.o_proj.weight,2359296,2359060,236,0.00010002983940970989,176456,2182840,0.9252081976996528
muon_grpo,Muon + GRPO,26,q_proj,attn,model.layers.26.self_attn.q_proj.weight,2359296,2359080,216,9.1552734375e-05,225721,2133575,0.9043269687228732
muon_grpo,Muon + GRPO,26,v_proj,attn,model.layers.26.self_attn.v_proj.weight,393216,393182,34,8.646647135412966e-05,37518,355698,0.9045867919921875
muon_grpo,Muon + GRPO,27,down_proj,mlp,model.layers.27.mlp.down_proj.weight,13762560,13759969,2591,0.0001882643926711669,904365,12858195,0.9342880249023438
muon_grpo,Muon + GRPO,27,gate_proj,mlp,model.layers.27.mlp.gate_proj.weight,13762560,13752333,10227,0.0007431030273437056,904451,12858109,0.9342817760649181
muon_grpo,Muon + GRPO,27,up_proj,mlp,model.layers.27.mlp.up_proj.weight,13762560,13750254,12306,0.0008941650390624778,680161,13082399,0.9505788893926711
muon_grpo,Muon + GRPO,27,k_proj,attn,model.layers.27.self_attn.k_proj.weight,393216,393191,25,6.357828776037966e-05,55117,338099,0.8598302205403646
muon_grpo,Muon + GRPO,27,o_proj,attn,model.layers.27.self_attn.o_proj.weight,2359296,2359064,232,9.833441840279011e-05,187620,2171676,0.9204762776692709
muon_grpo,Muon + GRPO,27,q_proj,attn,model.layers.27.self_attn.q_proj.weight,2359296,2359079,217,9.197658962678545e-05,236274,2123022,0.8998540242513021
muon_grpo,Muon + GRPO,27,v_proj,attn,model.layers.27.self_attn.v_proj.weight,393216,393164,52,0.00013224283854162966,27340,365876,0.9304707845052084
muon_grpo,Muon + GRPO,3,down_proj,mlp,model.layers.3.mlp.down_proj.weight,13762560,13761723,837,6.0817173549110315e-05,1698116,12064444,0.8766133626302084
muon_grpo,Muon + GRPO,3,gate_proj,mlp,model.layers.3.mlp.gate_proj.weight,13762560,13759570,2990,0.00021725609188982808,1443465,12319095,0.8951165335518974
muon_grpo,Muon + GRPO,3,up_proj,mlp,model.layers.3.mlp.up_proj.weight,13762560,13760763,1797,0.00013057163783480874,1690388,12072172,0.8771748860677083
muon_grpo,Muon + GRPO,3,k_proj,attn,model.layers.3.self_attn.k_proj.weight,393216,393171,45,0.00011444091796875,40038,353178,0.8981781005859375
muon_grpo,Muon + GRPO,3,o_proj,attn,model.layers.3.self_attn.o_proj.weight,2359296,2359119,177,7.502237955725466e-05,268409,2090887,0.8862334357367622
muon_grpo,Muon + GRPO,3,q_proj,attn,model.layers.3.self_attn.q_proj.weight,2359296,2357954,1342,0.0005688137478299105,194493,2164803,0.9175631205240885
muon_grpo,Muon + GRPO,3,v_proj,attn,model.layers.3.self_attn.v_proj.weight,393216,393199,17,4.323323567712034e-05,57924,335292,0.852691650390625
muon_grpo,Muon + GRPO,4,down_proj,mlp,model.layers.4.mlp.down_proj.weight,13762560,13761822,738,5.3623744419639685e-05,1748295,12014265,0.872967311314174
muon_grpo,Muon + GRPO,4,gate_proj,mlp,model.layers.4.mlp.gate_proj.weight,13762560,13760606,1954,0.00014197939918159097,1436532,12326028,0.8956202915736607
muon_grpo,Muon + GRPO,4,up_proj,mlp,model.layers.4.mlp.up_proj.weight,13762560,13761573,987,7.171630859370559e-05,1697046,12065514,0.8766911097935268
muon_grpo,Muon + GRPO,4,k_proj,attn,model.layers.4.self_attn.k_proj.weight,393216,393188,28,7.120768229162966e-05,41169,352047,0.8953018188476562
muon_grpo,Muon + GRPO,4,o_proj,attn,model.layers.4.self_attn.o_proj.weight,2359296,2359113,183,7.756551106774534e-05,255272,2104024,0.8918016221788194
muon_grpo,Muon + GRPO,4,q_proj,attn,model.layers.4.self_attn.q_proj.weight,2359296,2359055,241,0.00010214911566841511,172873,2186423,0.9267268710666232
muon_grpo,Muon + GRPO,4,v_proj,attn,model.layers.4.self_attn.v_proj.weight,393216,393184,32,8.138020833337034e-05,50196,343020,0.872344970703125
muon_grpo,Muon + GRPO,5,down_proj,mlp,model.layers.5.mlp.down_proj.weight,13762560,13761778,782,5.68208240326884e-05,1770112,11992448,0.871382068452381
muon_grpo,Muon + GRPO,5,gate_proj,mlp,model.layers.5.mlp.gate_proj.weight,13762560,13756604,5956,0.0004327683221726497,1371352,12391208,0.9003563290550596
muon_grpo,Muon + GRPO,5,up_proj,mlp,model.layers.5.mlp.up_proj.weight,13762560,13758453,4107,0.00029841831752230874,1702324,12060236,0.8763076055617559
muon_grpo,Muon + GRPO,5,k_proj,attn,model.layers.5.self_attn.k_proj.weight,393216,393038,178,0.00045267740885412966,42825,350391,0.8910903930664062
muon_grpo,Muon + GRPO,5,o_proj,attn,model.layers.5.self_attn.o_proj.weight,2359296,2359144,152,6.442599826383955e-05,269787,2089509,0.8856493631998698
muon_grpo,Muon + GRPO,5,q_proj,attn,model.layers.5.self_attn.q_proj.weight,2359296,2357685,1611,0.000682830810546875,208041,2151255,0.9118207295735677
muon_grpo,Muon + GRPO,5,v_proj,attn,model.layers.5.self_attn.v_proj.weight,393216,393195,21,5.340576171875e-05,57059,336157,0.8548914591471354
muon_grpo,Muon + GRPO,6,down_proj,mlp,model.layers.6.mlp.down_proj.weight,13762560,13761824,736,5.347842261904656e-05,1731085,12031475,0.8742178054082961
muon_grpo,Muon + GRPO,6,gate_proj,mlp,model.layers.6.mlp.gate_proj.weight,13762560,13760227,2333,0.00016951788039432092,1360315,12402245,0.9011582874116444
muon_grpo,Muon + GRPO,6,up_proj,mlp,model.layers.6.mlp.up_proj.weight,13762560,13761466,1094,7.949102492554871e-05,1666127,12096433,0.8789377121698289
muon_grpo,Muon + GRPO,6,k_proj,attn,model.layers.6.self_attn.k_proj.weight,393216,393132,84,0.000213623046875,41582,351634,0.8942515055338541
muon_grpo,Muon + GRPO,6,o_proj,attn,model.layers.6.self_attn.o_proj.weight,2359296,2359130,166,7.035997178816977e-05,249460,2109836,0.8942650689019097
muon_grpo,Muon + GRPO,6,q_proj,attn,model.layers.6.self_attn.q_proj.weight,2359296,2357889,1407,0.0005963643391927453,206252,2153044,0.9125790066189237
muon_grpo,Muon + GRPO,6,v_proj,attn,model.layers.6.self_attn.v_proj.weight,393216,393192,24,6.103515625e-05,48343,344873,0.8770573933919271
muon_grpo,Muon + GRPO,7,down_proj,mlp,model.layers.7.mlp.down_proj.weight,13762560,13761804,756,5.4931640624977796e-05,1685392,12077168,0.8775378999255953
muon_grpo,Muon + GRPO,7,gate_proj,mlp,model.layers.7.mlp.gate_proj.weight,13762560,13756807,5753,0.00041801815941222564,1474335,12288225,0.8928734915597099
muon_grpo,Muon + GRPO,7,up_proj,mlp,model.layers.7.mlp.up_proj.weight,13762560,13758522,4038,0.00029340471540173496,1628235,12134325,0.8816909790039062
muon_grpo,Muon + GRPO,7,k_proj,attn,model.layers.7.self_attn.k_proj.weight,393216,393174,42,0.0001068115234375,39318,353898,0.9000091552734375
muon_grpo,Muon + GRPO,7,o_proj,attn,model.layers.7.self_attn.o_proj.weight,2359296,2359142,154,6.527370876741045e-05,261389,2097907,0.8892088996039497
muon_grpo,Muon + GRPO,7,q_proj,attn,model.layers.7.self_attn.q_proj.weight,2359296,2359060,236,0.00010002983940970989,187767,2171529,0.9204139709472656
muon_grpo,Muon + GRPO,7,v_proj,attn,model.layers.7.self_attn.v_proj.weight,393216,393195,21,5.340576171875e-05,52443,340773,0.8666305541992188
muon_grpo,Muon + GRPO,8,down_proj,mlp,model.layers.8.mlp.down_proj.weight,13762560,13761839,721,5.2388509114598136e-05,1747159,12015401,0.8730498540969123
muon_grpo,Muon + GRPO,8,gate_proj,mlp,model.layers.8.mlp.gate_proj.weight,13762560,13761535,1025,7.447742280508596e-05,1494152,12268408,0.8914335704985119
muon_grpo,Muon + GRPO,8,up_proj,mlp,model.layers.8.mlp.up_proj.weight,13762560,13761779,781,5.674816313239184e-05,1656872,12105688,0.8796101888020833
muon_grpo,Muon + GRPO,8,k_proj,attn,model.layers.8.self_attn.k_proj.weight,393216,393142,74,0.00018819173177087034,37442,355774,0.9047800699869791
muon_grpo,Muon + GRPO,8,o_proj,attn,model.layers.8.self_attn.o_proj.weight,2359296,2359139,157,6.654527452254477e-05,251712,2107584,0.893310546875
muon_grpo,Muon + GRPO,8,q_proj,attn,model.layers.8.self_attn.q_proj.weight,2359296,2358270,1026,0.00043487548828125,188184,2171112,0.9202372233072916
muon_grpo,Muon + GRPO,8,v_proj,attn,model.layers.8.self_attn.v_proj.weight,393216,393195,21,5.340576171875e-05,48058,345158,0.8777821858723959
muon_grpo,Muon + GRPO,9,down_proj,mlp,model.layers.9.mlp.down_proj.weight,13762560,13761806,754,5.478631882438467e-05,1720543,12042017,0.8749837966192336
muon_grpo,Muon + GRPO,9,gate_proj,mlp,model.layers.9.mlp.gate_proj.weight,13762560,13758120,4440,0.00032261439732139685,1505781,12256779,0.8905885968889509
muon_grpo,Muon + GRPO,9,up_proj,mlp,model.layers.9.mlp.up_proj.weight,13762560,13760084,2476,0.00017990838913695129,1637222,12125338,0.8810379754929315
muon_grpo,Muon + GRPO,9,k_proj,attn,model.layers.9.self_attn.k_proj.weight,393216,393183,33,8.392333984375e-05,43548,349668,0.889251708984375
muon_grpo,Muon + GRPO,9,o_proj,attn,model.layers.9.self_attn.o_proj.weight,2359296,2358220,1076,0.00045606825086808023,256474,2102822,0.8912921481662326
muon_grpo,Muon + GRPO,9,q_proj,attn,model.layers.9.self_attn.q_proj.weight,2359296,2358292,1004,0.00042555067274308023,172688,2186608,0.9268052842881944
muon_grpo,Muon + GRPO,9,v_proj,attn,model.layers.9.self_attn.v_proj.weight,393216,393194,22,5.594889322912966e-05,56849,336367,0.8554255167643229
adamw_rs,AdamW + RS,-1,embed,embed,model.embed_tokens.weight,233373696,219796767,13576929,0.058176774986672064,6576971,226796725,0.971817856456282
adamw_rs,AdamW + RS,0,down_proj,mlp,model.layers.0.mlp.down_proj.weight,13762560,13762166,394,2.8628394717289396e-05,2789199,10973361,0.7973342895507812
adamw_rs,AdamW + RS,0,gate_proj,mlp,model.layers.0.mlp.gate_proj.weight,13762560,13762065,495,3.596714564735315e-05,2460903,11301657,0.8211885724748884
adamw_rs,AdamW + RS,0,up_proj,mlp,model.layers.0.mlp.up_proj.weight,13762560,13762181,379,2.753848121284097e-05,2948488,10814072,0.7857602074032738
adamw_rs,AdamW + RS,0,k_proj,attn,model.layers.0.self_attn.k_proj.weight,393216,393188,28,7.120768229162966e-05,38406,354810,0.9023284912109375
adamw_rs,AdamW + RS,0,o_proj,attn,model.layers.0.self_attn.o_proj.weight,2359296,2359254,42,1.780192057287966e-05,675857,1683439,0.7135344611273872
adamw_rs,AdamW + RS,0,q_proj,attn,model.layers.0.self_attn.q_proj.weight,2359296,2358448,848,0.0003594292534722099,317946,2041350,0.8652369181315104
adamw_rs,AdamW + RS,0,v_proj,attn,model.layers.0.self_attn.v_proj.weight,393216,393210,6,1.52587890625e-05,113546,279670,0.7112375895182292
adamw_rs,AdamW + RS,1,down_proj,mlp,model.layers.1.mlp.down_proj.weight,13762560,13762119,441,3.2043457031227796e-05,2832387,10930173,0.7941962105887277
adamw_rs,AdamW + RS,1,gate_proj,mlp,model.layers.1.mlp.gate_proj.weight,13762560,13762092,468,3.400530133923496e-05,2413447,11349113,0.8246367681594122
adamw_rs,AdamW + RS,1,up_proj,mlp,model.layers.1.mlp.up_proj.weight,13762560,13762134,426,3.095354352677937e-05,2809948,10952612,0.7958266485305059
adamw_rs,AdamW + RS,1,k_proj,attn,model.layers.1.self_attn.k_proj.weight,393216,393197,19,4.831949869787966e-05,50666,342550,0.8711496988932291
adamw_rs,AdamW + RS,1,o_proj,attn,model.layers.1.self_attn.o_proj.weight,2359296,2359231,65,2.7550591362834886e-05,587446,1771850,0.7510079277886285
adamw_rs,AdamW + RS,1,q_proj,attn,model.layers.1.self_attn.q_proj.weight,2359296,2359206,90,3.814697265625e-05,374713,1984583,0.8411759270562066
adamw_rs,AdamW + RS,1,v_proj,attn,model.layers.1.self_attn.v_proj.weight,393216,393207,9,2.288818359375e-05,115645,277571,0.7058995564778645
adamw_rs,AdamW + RS,10,down_proj,mlp,model.layers.10.mlp.down_proj.weight,13762560,13762123,437,3.175281343004155e-05,2849136,10913424,0.7929792131696428
adamw_rs,AdamW + RS,10,gate_proj,mlp,model.layers.10.mlp.gate_proj.weight,13762560,13762102,458,3.3278692336269344e-05,2481329,11281231,0.8197044009254092
adamw_rs,AdamW + RS,10,up_proj,mlp,model.layers.10.mlp.up_proj.weight,13762560,13762170,390,2.833775111610315e-05,2685229,11077331,0.8048888433547248
adamw_rs,AdamW + RS,10,k_proj,attn,model.layers.10.self_attn.k_proj.weight,393216,393203,13,3.306070963537966e-05,68871,324345,0.8248519897460938
adamw_rs,AdamW + RS,10,o_proj,attn,model.layers.10.self_attn.o_proj.weight,2359296,2359231,65,2.7550591362834886e-05,529072,1830224,0.7757500542534722
adamw_rs,AdamW + RS,10,q_proj,attn,model.layers.10.self_attn.q_proj.weight,2359296,2359204,92,3.8994683159709886e-05,455605,1903691,0.8068894280327691
adamw_rs,AdamW + RS,10,v_proj,attn,model.layers.10.self_attn.v_proj.weight,393216,393205,11,2.797444661462034e-05,81068,312148,0.7938334147135416
adamw_rs,AdamW + RS,11,down_proj,mlp,model.layers.11.mlp.down_proj.weight,13762560,13762141,419,3.044491722470344e-05,2912074,10850486,0.7884060814267113
adamw_rs,AdamW + RS,11,gate_proj,mlp,model.layers.11.mlp.gate_proj.weight,13762560,13762102,458,3.3278692336269344e-05,2509534,11253026,0.8176550002325149
adamw_rs,AdamW + RS,11,up_proj,mlp,model.layers.11.mlp.up_proj.weight,13762560,13762127,433,3.14621698288553e-05,2702579,11059981,0.803628176734561
adamw_rs,AdamW + RS,11,k_proj,attn,model.layers.11.self_attn.k_proj.weight,393216,393202,14,3.560384114587034e-05,63012,330204,0.839752197265625
adamw_rs,AdamW + RS,11,o_proj,attn,model.layers.11.self_attn.o_proj.weight,2359296,2359229,67,2.8398301866294773e-05,554193,1805103,0.7651023864746094
adamw_rs,AdamW + RS,11,q_proj,attn,model.layers.11.self_attn.q_proj.weight,2359296,2359198,98,4.1537814670089546e-05,427495,1931801,0.8188039991590712
adamw_rs,AdamW + RS,11,v_proj,attn,model.layers.11.self_attn.v_proj.weight,393216,393206,10,2.543131510412966e-05,83114,310102,0.7886301676432291
adamw_rs,AdamW + RS,12,down_proj,mlp,model.layers.12.mlp.down_proj.weight,13762560,13762163,397,2.884637741817908e-05,3034872,10727688,0.7794834681919642
adamw_rs,AdamW + RS,12,gate_proj,mlp,model.layers.12.mlp.gate_proj.weight,13762560,13762076,484,3.516787574409097e-05,2486986,11275574,0.8192933582124255
adamw_rs,AdamW + RS,12,up_proj,mlp,model.layers.12.mlp.up_proj.weight,13762560,13762135,425,3.088088262648281e-05,2800510,10962050,0.7965124221075148
adamw_rs,AdamW + RS,12,k_proj,attn,model.layers.12.self_attn.k_proj.weight,393216,393198,18,4.57763671875e-05,68894,324322,0.8247934977213541
adamw_rs,AdamW + RS,12,o_proj,attn,model.layers.12.self_attn.o_proj.weight,2359296,2359226,70,2.9669867621540114e-05,549977,1809319,0.7668893602159288
adamw_rs,AdamW + RS,12,q_proj,attn,model.layers.12.self_attn.q_proj.weight,2359296,2359212,84,3.560384114587034e-05,459711,1899585,0.8051490783691406
adamw_rs,AdamW + RS,12,v_proj,attn,model.layers.12.self_attn.v_proj.weight,393216,393204,12,3.0517578125e-05,80788,312428,0.7945454915364584
adamw_rs,AdamW + RS,13,down_proj,mlp,model.layers.13.mlp.down_proj.weight,13762560,13762137,423,3.0735560825889685e-05,2979435,10783125,0.7835115705217635
adamw_rs,AdamW + RS,13,gate_proj,mlp,model.layers.13.mlp.gate_proj.weight,13762560,13762105,455,3.306070963537966e-05,2627932,11134628,0.8090520949590774
adamw_rs,AdamW + RS,13,up_proj,mlp,model.layers.13.mlp.up_proj.weight,13762560,13762140,420,3.0517578125e-05,2771345,10991215,0.7986315772646949
adamw_rs,AdamW + RS,13,k_proj,attn,model.layers.13.self_attn.k_proj.weight,393216,393197,19,4.831949869787966e-05,66959,326257,0.8297144571940104
adamw_rs,AdamW + RS,13,o_proj,attn,model.layers.13.self_attn.o_proj.weight,2359296,2359228,68,2.8822157118080227e-05,563320,1795976,0.7612338595920138
adamw_rs,AdamW + RS,13,q_proj,attn,model.layers.13.self_attn.q_proj.weight,2359296,2359200,96,4.069010416662966e-05,455145,1904151,0.8070844014485677
adamw_rs,AdamW + RS,13,v_proj,attn,model.layers.13.self_attn.v_proj.weight,393216,393204,12,3.0517578125e-05,87704,305512,0.7769571940104166
adamw_rs,AdamW + RS,14,down_proj,mlp,model.layers.14.mlp.down_proj.weight,13762560,13762198,362,2.63032459076884e-05,3003556,10759004,0.7817589169456846
adamw_rs,AdamW + RS,14,gate_proj,mlp,model.layers.14.mlp.gate_proj.weight,13762560,13762125,435,3.1607491629448425e-05,2777257,10985303,0.7982020060221354
adamw_rs,AdamW + RS,14,up_proj,mlp,model.layers.14.mlp.up_proj.weight,13762560,13762168,392,2.8483072916696273e-05,2916620,10845940,0.7880757649739584
adamw_rs,AdamW + RS,14,k_proj,attn,model.layers.14.self_attn.k_proj.weight,393216,393202,14,3.560384114587034e-05,83643,309573,0.7872848510742188
adamw_rs,AdamW + RS,14,o_proj,attn,model.layers.14.self_attn.o_proj.weight,2359296,2359228,68,2.8822157118080227e-05,574970,1784326,0.7562959459092882
adamw_rs,AdamW + RS,14,q_proj,attn,model.layers.14.self_attn.q_proj.weight,2359296,2359222,74,3.1365288628459886e-05,513217,1846079,0.7824702792697482
adamw_rs,AdamW + RS,14,v_proj,attn,model.layers.14.self_attn.v_proj.weight,393216,393206,10,2.543131510412966e-05,92195,301021,0.7655359903971354
adamw_rs,AdamW + RS,15,down_proj,mlp,model.layers.15.mlp.down_proj.weight,13762560,13762157,403,2.928234281995845e-05,3007881,10754679,0.7814446585518973
adamw_rs,AdamW + RS,15,gate_proj,mlp,model.layers.15.mlp.gate_proj.weight,13762560,13762054,506,3.676641555061533e-05,2677528,11085032,0.8054484049479167
adamw_rs,AdamW + RS,15,up_proj,mlp,model.layers.15.mlp.up_proj.weight,13762560,13762120,440,3.1970796130931234e-05,2850678,10911882,0.792867170061384
adamw_rs,AdamW + RS,15,k_proj,attn,model.layers.15.self_attn.k_proj.weight,393216,393205,11,2.797444661462034e-05,82600,310616,0.7899373372395834
adamw_rs,AdamW + RS,15,o_proj,attn,model.layers.15.self_attn.o_proj.weight,2359296,2359230,66,2.797444661462034e-05,551038,1808258,0.7664396497938368
adamw_rs,AdamW + RS,15,q_proj,attn,model.layers.15.self_attn.q_proj.weight,2359296,2359225,71,3.0093722873214546e-05,522465,1836831,0.7785504659016927
adamw_rs,AdamW + RS,15,v_proj,attn,model.layers.15.self_attn.v_proj.weight,393216,393205,11,2.797444661462034e-05,82992,310224,0.7889404296875
adamw_rs,AdamW + RS,16,down_proj,mlp,model.layers.16.mlp.down_proj.weight,13762560,13762136,424,3.080822172618625e-05,2917227,10845333,0.7880316598074777
adamw_rs,AdamW + RS,16,gate_proj,mlp,model.layers.16.mlp.gate_proj.weight,13762560,13762099,461,3.349667503715903e-05,2624342,11138218,0.8093129475911458
adamw_rs,AdamW + RS,16,up_proj,mlp,model.layers.16.mlp.up_proj.weight,13762560,13762164,396,2.877371651788252e-05,2727480,11035080,0.80181884765625
adamw_rs,AdamW + RS,16,k_proj,attn,model.layers.16.self_attn.k_proj.weight,393216,393189,27,6.866455078125e-05,71042,322174,0.8193308512369791
adamw_rs,AdamW + RS,16,o_proj,attn,model.layers.16.self_attn.o_proj.weight,2359296,2359229,67,2.8398301866294773e-05,564194,1795102,0.7608634101019965
adamw_rs,AdamW + RS,16,q_proj,attn,model.layers.16.self_attn.q_proj.weight,2359296,2359210,86,3.645155164933023e-05,437590,1921706,0.8145251803927951
adamw_rs,AdamW + RS,16,v_proj,attn,model.layers.16.self_attn.v_proj.weight,393216,393202,14,3.560384114587034e-05,86423,306793,0.7802149454752604
adamw_rs,AdamW + RS,17,down_proj,mlp,model.layers.17.mlp.down_proj.weight,13762560,13762151,409,2.971830822173782e-05,2882643,10879917,0.7905445643833705
adamw_rs,AdamW + RS,17,gate_proj,mlp,model.layers.17.mlp.gate_proj.weight,13762560,13762067,493,3.5821823846760026e-05,2572511,11190049,0.8130790347144717
adamw_rs,AdamW + RS,17,up_proj,mlp,model.layers.17.mlp.up_proj.weight,13762560,13762140,420,3.0517578125e-05,2684917,11077643,0.8049115135556175
adamw_rs,AdamW + RS,17,k_proj,attn,model.layers.17.self_attn.k_proj.weight,393216,393206,10,2.543131510412966e-05,81725,311491,0.7921625773111979
adamw_rs,AdamW + RS,17,o_proj,attn,model.layers.17.self_attn.o_proj.weight,2359296,2359231,65,2.7550591362834886e-05,522153,1837143,0.7786827087402344
adamw_rs,AdamW + RS,17,q_proj,attn,model.layers.17.self_attn.q_proj.weight,2359296,2359221,75,3.178914388024534e-05,488210,1871086,0.7930696275499132
adamw_rs,AdamW + RS,17,v_proj,attn,model.layers.17.self_attn.v_proj.weight,393216,393199,17,4.323323567712034e-05,82352,310864,0.7905680338541666
adamw_rs,AdamW + RS,18,down_proj,mlp,model.layers.18.mlp.down_proj.weight,13762560,13762111,449,3.262474423360029e-05,2874929,10887631,0.7911050705682664
adamw_rs,AdamW + RS,18,gate_proj,mlp,model.layers.18.mlp.gate_proj.weight,13762560,13762050,510,3.7057059151801575e-05,2492377,11270183,0.8189016432989211
adamw_rs,AdamW + RS,18,up_proj,mlp,model.layers.18.mlp.up_proj.weight,13762560,13762120,440,3.1970796130931234e-05,2684189,11078371,0.8049644106910342
adamw_rs,AdamW + RS,18,k_proj,attn,model.layers.18.self_attn.k_proj.weight,393216,393203,13,3.306070963537966e-05,70608,322608,0.8204345703125
adamw_rs,AdamW + RS,18,o_proj,attn,model.layers.18.self_attn.o_proj.weight,2359296,2359227,69,2.924601236975466e-05,547383,1811913,0.7679888407389323
adamw_rs,AdamW + RS,18,q_proj,attn,model.layers.18.self_attn.q_proj.weight,2359296,2359206,90,3.814697265625e-05,465151,1894145,0.8028433057996962
adamw_rs,AdamW + RS,18,v_proj,attn,model.layers.18.self_attn.v_proj.weight,393216,393205,11,2.797444661462034e-05,105688,287528,0.7312215169270833
adamw_rs,AdamW + RS,19,down_proj,mlp,model.layers.19.mlp.down_proj.weight,13762560,13762148,412,2.9936290922627506e-05,2799992,10962568,0.7965500604538691
adamw_rs,AdamW + RS,19,gate_proj,mlp,model.layers.19.mlp.gate_proj.weight,13762560,13762067,493,3.5821823846760026e-05,2438799,11323761,0.8227946690150669
adamw_rs,AdamW + RS,19,up_proj,mlp,model.layers.19.mlp.up_proj.weight,13762560,13762083,477,3.465924944201504e-05,2588263,11174297,0.8119344802129836
adamw_rs,AdamW + RS,19,k_proj,attn,model.layers.19.self_attn.k_proj.weight,393216,393198,18,4.57763671875e-05,72380,320836,0.8159281412760416
adamw_rs,AdamW + RS,19,o_proj,attn,model.layers.19.self_attn.o_proj.weight,2359296,2359197,99,4.1961669921875e-05,470356,1888940,0.8006371392144097
adamw_rs,AdamW + RS,19,q_proj,attn,model.layers.19.self_attn.q_proj.weight,2359296,2359207,89,3.7723117404464546e-05,454076,1905220,0.8075375027126737
adamw_rs,AdamW + RS,19,v_proj,attn,model.layers.19.self_attn.v_proj.weight,393216,393204,12,3.0517578125e-05,77635,315581,0.8025639851888021
adamw_rs,AdamW + RS,2,down_proj,mlp,model.layers.2.mlp.down_proj.weight,13762560,13762191,369,2.6811872209875354e-05,2775701,10986859,0.7983150663829985
adamw_rs,AdamW + RS,2,gate_proj,mlp,model.layers.2.mlp.gate_proj.weight,13762560,13762079,481,3.4949893043201286e-05,2359027,11403533,0.8285909743536086
adamw_rs,AdamW + RS,2,up_proj,mlp,model.layers.2.mlp.up_proj.weight,13762560,13762127,433,3.14621698288553e-05,2791081,10971479,0.7971975417364211
adamw_rs,AdamW + RS,2,k_proj,attn,model.layers.2.self_attn.k_proj.weight,393216,393197,19,4.831949869787966e-05,52466,340750,0.8665720621744791
adamw_rs,AdamW + RS,2,o_proj,attn,model.layers.2.self_attn.o_proj.weight,2359296,2359231,65,2.7550591362834886e-05,528225,1831071,0.7761090596516927
adamw_rs,AdamW + RS,2,q_proj,attn,model.layers.2.self_attn.q_proj.weight,2359296,2359196,100,4.2385525173660454e-05,398746,1960550,0.8309894137912326
adamw_rs,AdamW + RS,2,v_proj,attn,model.layers.2.self_attn.v_proj.weight,393216,393210,6,1.52587890625e-05,107623,285593,0.726300557454427
adamw_rs,AdamW + RS,20,down_proj,mlp,model.layers.20.mlp.down_proj.weight,13762560,13762131,429,3.1171526227669055e-05,2783526,10979034,0.7977464948381696
adamw_rs,AdamW + RS,20,gate_proj,mlp,model.layers.20.mlp.gate_proj.weight,13762560,13762055,505,3.6693754650318766e-05,2461450,11301110,0.8211488269624256
adamw_rs,AdamW + RS,20,up_proj,mlp,model.layers.20.mlp.up_proj.weight,13762560,13762085,475,3.4513927641421915e-05,2570469,11192091,0.8132274082728794
adamw_rs,AdamW + RS,20,k_proj,attn,model.layers.20.self_attn.k_proj.weight,393216,393198,18,4.57763671875e-05,73563,319653,0.8129196166992188
adamw_rs,AdamW + RS,20,o_proj,attn,model.layers.20.self_attn.o_proj.weight,2359296,2359218,78,3.306070963537966e-05,496472,1862824,0.7895677354600694
adamw_rs,AdamW + RS,20,q_proj,attn,model.layers.20.self_attn.q_proj.weight,2359296,2359204,92,3.8994683159709886e-05,450396,1908900,0.8090972900390625
adamw_rs,AdamW + RS,20,v_proj,attn,model.layers.20.self_attn.v_proj.weight,393216,393206,10,2.543131510412966e-05,70864,322352,0.8197835286458334
adamw_rs,AdamW + RS,21,down_proj,mlp,model.layers.21.mlp.down_proj.weight,13762560,13762105,455,3.306070963537966e-05,2865106,10897454,0.7918188185918899
adamw_rs,AdamW + RS,21,gate_proj,mlp,model.layers.21.mlp.gate_proj.weight,13762560,13762029,531,3.858293805802937e-05,2368680,11393880,0.8278895786830357
adamw_rs,AdamW + RS,21,up_proj,mlp,model.layers.21.mlp.up_proj.weight,13762560,13762102,458,3.3278692336269344e-05,2580544,11182016,0.812495349702381
adamw_rs,AdamW + RS,21,k_proj,attn,model.layers.21.self_attn.k_proj.weight,393216,393196,20,5.086263020837034e-05,75536,317680,0.8079020182291666
adamw_rs,AdamW + RS,21,o_proj,attn,model.layers.21.self_attn.o_proj.weight,2359296,2359226,70,2.9669867621540114e-05,498674,1860622,0.7886344061957465
adamw_rs,AdamW + RS,21,q_proj,attn,model.layers.21.self_attn.q_proj.weight,2359296,2359200,96,4.069010416662966e-05,454220,1905076,0.8074764675564237
adamw_rs,AdamW + RS,21,v_proj,attn,model.layers.21.self_attn.v_proj.weight,393216,393206,10,2.543131510412966e-05,79202,314014,0.7985788981119791
adamw_rs,AdamW + RS,22,down_proj,mlp,model.layers.22.mlp.down_proj.weight,13762560,13762181,379,2.753848121284097e-05,2854613,10907947,0.7925812494187128
adamw_rs,AdamW + RS,22,gate_proj,mlp,model.layers.22.mlp.gate_proj.weight,13762560,13762058,502,3.647577194942908e-05,2301350,11461210,0.8327818371000744
adamw_rs,AdamW + RS,22,up_proj,mlp,model.layers.22.mlp.up_proj.weight,13762560,13762070,490,3.560384114587034e-05,2612839,11149721,0.8101487659272694
adamw_rs,AdamW + RS,22,k_proj,attn,model.layers.22.self_attn.k_proj.weight,393216,393205,11,2.797444661462034e-05,80419,312797,0.7954839070638021
adamw_rs,AdamW + RS,22,o_proj,attn,model.layers.22.self_attn.o_proj.weight,2359296,2359198,98,4.1537814670089546e-05,408838,1950458,0.8267118665907118
adamw_rs,AdamW + RS,22,q_proj,attn,model.layers.22.self_attn.q_proj.weight,2359296,2359204,92,3.8994683159709886e-05,485057,1874239,0.7944060431586372
adamw_rs,AdamW + RS,22,v_proj,attn,model.layers.22.self_attn.v_proj.weight,393216,393204,12,3.0517578125e-05,85149,308067,0.7834548950195312
adamw_rs,AdamW + RS,23,down_proj,mlp,model.layers.23.mlp.down_proj.weight,13762560,13762138,422,3.066289992559312e-05,2806098,10956462,0.7961063929966518
adamw_rs,AdamW + RS,23,gate_proj,mlp,model.layers.23.mlp.gate_proj.weight,13762560,13762051,509,3.698439825150501e-05,2289110,11473450,0.8336712065197173
adamw_rs,AdamW + RS,23,up_proj,mlp,model.layers.23.mlp.up_proj.weight,13762560,13762104,456,3.313337053567622e-05,2562134,11200426,0.8138330368768601
adamw_rs,AdamW + RS,23,k_proj,attn,model.layers.23.self_attn.k_proj.weight,393216,393209,7,1.780192057287966e-05,76539,316677,0.8053512573242188
adamw_rs,AdamW + RS,23,o_proj,attn,model.layers.23.self_attn.o_proj.weight,2359296,2359217,79,3.3484564887165114e-05,483811,1875485,0.7949341668023003
adamw_rs,AdamW + RS,23,q_proj,attn,model.layers.23.self_attn.q_proj.weight,2359296,2359215,81,3.4332275390625e-05,470946,1888350,0.8003870646158854
adamw_rs,AdamW + RS,23,v_proj,attn,model.layers.23.self_attn.v_proj.weight,393216,393203,13,3.306070963537966e-05,93454,299762,0.7623341878255209
adamw_rs,AdamW + RS,24,down_proj,mlp,model.layers.24.mlp.down_proj.weight,13762560,13762090,470,3.4150623139828085e-05,2784700,10977860,0.7976611909412202
adamw_rs,AdamW + RS,24,gate_proj,mlp,model.layers.24.mlp.gate_proj.weight,13762560,13762031,529,3.843761625743625e-05,2307045,11455515,0.8323680332728794
adamw_rs,AdamW + RS,24,up_proj,mlp,model.layers.24.mlp.up_proj.weight,13762560,13762129,431,3.131684802826218e-05,2494675,11267885,0.8187346685500372
adamw_rs,AdamW + RS,24,k_proj,attn,model.layers.24.self_attn.k_proj.weight,393216,393201,15,3.814697265625e-05,73404,319812,0.813323974609375
adamw_rs,AdamW + RS,24,o_proj,attn,model.layers.24.self_attn.o_proj.weight,2359296,2359223,73,3.0941433376785454e-05,469632,1889664,0.8009440104166666
adamw_rs,AdamW + RS,24,q_proj,attn,model.layers.24.self_attn.q_proj.weight,2359296,2359214,82,3.4756130642410454e-05,451638,1907658,0.8085708618164062
adamw_rs,AdamW + RS,24,v_proj,attn,model.layers.24.self_attn.v_proj.weight,393216,393194,22,5.594889322912966e-05,69830,323386,0.8224131266276041
adamw_rs,AdamW + RS,25,down_proj,mlp,model.layers.25.mlp.down_proj.weight,13762560,13762107,453,3.2915387834786536e-05,2682378,11080182,0.8050959995814733
adamw_rs,AdamW + RS,25,gate_proj,mlp,model.layers.25.mlp.gate_proj.weight,13762560,13762059,501,3.640311104913252e-05,2314210,11448350,0.831847417922247
adamw_rs,AdamW + RS,25,up_proj,mlp,model.layers.25.mlp.up_proj.weight,13762560,13762067,493,3.5821823846760026e-05,2439087,11323473,0.8227737426757813
adamw_rs,AdamW + RS,25,k_proj,attn,model.layers.25.self_attn.k_proj.weight,393216,393205,11,2.797444661462034e-05,102716,290500,0.7387797037760417
adamw_rs,AdamW + RS,25,o_proj,attn,model.layers.25.self_attn.o_proj.weight,2359296,2359193,103,4.365709092879477e-05,403862,1955434,0.8288209703233507
adamw_rs,AdamW + RS,25,q_proj,attn,model.layers.25.self_attn.q_proj.weight,2359296,2359217,79,3.3484564887165114e-05,523013,1836283,0.7783181932237413
adamw_rs,AdamW + RS,25,v_proj,attn,model.layers.25.self_attn.v_proj.weight,393216,393195,21,5.340576171875e-05,73085,320131,0.8141352335611979
adamw_rs,AdamW + RS,26,down_proj,mlp,model.layers.26.mlp.down_proj.weight,13762560,13762097,463,3.364199683775215e-05,2512489,11250071,0.8174402872721354
adamw_rs,AdamW + RS,26,gate_proj,mlp,model.layers.26.mlp.gate_proj.weight,13762560,13762052,508,3.691173735120845e-05,2307561,11454999,0.8323305402483259
adamw_rs,AdamW + RS,26,up_proj,mlp,model.layers.26.mlp.up_proj.weight,13762560,13761963,597,4.3378557477713464e-05,2279199,11483361,0.8343913487025669
adamw_rs,AdamW + RS,26,k_proj,attn,model.layers.26.self_attn.k_proj.weight,393216,393207,9,2.288818359375e-05,117352,275864,0.7015584309895833
adamw_rs,AdamW + RS,26,o_proj,attn,model.layers.26.self_attn.o_proj.weight,2359296,2359209,87,3.687540690100466e-05,419494,1939802,0.8221952650282118
adamw_rs,AdamW + RS,26,q_proj,attn,model.layers.26.self_attn.q_proj.weight,2359296,2359244,52,2.2040473090290114e-05,665692,1693604,0.7178429497612847
adamw_rs,AdamW + RS,26,v_proj,attn,model.layers.26.self_attn.v_proj.weight,393216,393195,21,5.340576171875e-05,78303,314913,0.8008651733398438
adamw_rs,AdamW + RS,27,down_proj,mlp,model.layers.27.mlp.down_proj.weight,13762560,13762133,427,3.102620442707593e-05,3040369,10722191,0.7790840512230283
adamw_rs,AdamW + RS,27,gate_proj,mlp,model.layers.27.mlp.gate_proj.weight,13762560,13761967,593,4.308791387652722e-05,2114126,11648434,0.8463857014973959
adamw_rs,AdamW + RS,27,up_proj,mlp,model.layers.27.mlp.up_proj.weight,13762560,13761970,590,4.286993117563753e-05,2133101,11629459,0.8450069609142485
adamw_rs,AdamW + RS,27,k_proj,attn,model.layers.27.self_attn.k_proj.weight,393216,393206,10,2.543131510412966e-05,107348,285868,0.7269999186197917
adamw_rs,AdamW + RS,27,o_proj,attn,model.layers.27.self_attn.o_proj.weight,2359296,2359209,87,3.687540690100466e-05,479250,1880046,0.7968673706054688
adamw_rs,AdamW + RS,27,q_proj,attn,model.layers.27.self_attn.q_proj.weight,2359296,2359234,62,2.6279025607589546e-05,624655,1734641,0.7352366977267795
adamw_rs,AdamW + RS,27,v_proj,attn,model.layers.27.self_attn.v_proj.weight,393216,393199,17,4.323323567712034e-05,66745,326471,0.8302586873372396
adamw_rs,AdamW + RS,3,down_proj,mlp,model.layers.3.mlp.down_proj.weight,13762560,13762125,435,3.1607491629448425e-05,2801234,10961326,0.7964598156156995
adamw_rs,AdamW + RS,3,gate_proj,mlp,model.layers.3.mlp.gate_proj.weight,13762560,13762077,483,3.509521484379441e-05,2380789,11381771,0.8270097278413319
adamw_rs,AdamW + RS,3,up_proj,mlp,model.layers.3.mlp.up_proj.weight,13762560,13762164,396,2.877371651788252e-05,2793213,10969347,0.7970426286969866
adamw_rs,AdamW + RS,3,k_proj,attn,model.layers.3.self_attn.k_proj.weight,393216,393204,12,3.0517578125e-05,66453,326763,0.8310012817382812
adamw_rs,AdamW + RS,3,o_proj,attn,model.layers.3.self_attn.o_proj.weight,2359296,2359223,73,3.0941433376785454e-05,568615,1790681,0.7589895460340712
adamw_rs,AdamW + RS,3,q_proj,attn,model.layers.3.self_attn.q_proj.weight,2359296,2359219,77,3.263685438370523e-05,484241,1875055,0.7947519090440538
adamw_rs,AdamW + RS,3,v_proj,attn,model.layers.3.self_attn.v_proj.weight,393216,393202,14,3.560384114587034e-05,90206,303010,0.7705942789713541
adamw_rs,AdamW + RS,4,down_proj,mlp,model.layers.4.mlp.down_proj.weight,13762560,13762136,424,3.080822172618625e-05,2867388,10895172,0.7916530064174108
adamw_rs,AdamW + RS,4,gate_proj,mlp,model.layers.4.mlp.gate_proj.weight,13762560,13762039,521,3.785632905506375e-05,2369265,11393295,0.8278470720563615
adamw_rs,AdamW + RS,4,up_proj,mlp,model.layers.4.mlp.up_proj.weight,13762560,13762148,412,2.9936290922627506e-05,2818973,10943587,0.79517088390532
adamw_rs,AdamW + RS,4,k_proj,attn,model.layers.4.self_attn.k_proj.weight,393216,393206,10,2.543131510412966e-05,68739,324477,0.8251876831054688
adamw_rs,AdamW + RS,4,o_proj,attn,model.layers.4.self_attn.o_proj.weight,2359296,2359226,70,2.9669867621540114e-05,527317,1831979,0.7764939202202691
adamw_rs,AdamW + RS,4,q_proj,attn,model.layers.4.self_attn.q_proj.weight,2359296,2359217,79,3.3484564887165114e-05,460893,1898403,0.8046480814615885
adamw_rs,AdamW + RS,4,v_proj,attn,model.layers.4.self_attn.v_proj.weight,393216,393205,11,2.797444661462034e-05,78585,314631,0.8001480102539062
adamw_rs,AdamW + RS,5,down_proj,mlp,model.layers.5.mlp.down_proj.weight,13762560,13762126,434,3.1534830729151864e-05,2945716,10816844,0.7859616234188989
adamw_rs,AdamW + RS,5,gate_proj,mlp,model.layers.5.mlp.gate_proj.weight,13762560,13762050,510,3.7057059151801575e-05,2309297,11453263,0.8322044009254093
adamw_rs,AdamW + RS,5,up_proj,mlp,model.layers.5.mlp.up_proj.weight,13762560,13762173,387,2.8119768415213464e-05,2874997,10887563,0.7911001296270461
adamw_rs,AdamW + RS,5,k_proj,attn,model.layers.5.self_attn.k_proj.weight,393216,393192,24,6.103515625e-05,67806,325410,0.8275604248046875
adamw_rs,AdamW + RS,5,o_proj,attn,model.layers.5.self_attn.o_proj.weight,2359296,2359231,65,2.7550591362834886e-05,540976,1818320,0.7707044813368056
adamw_rs,AdamW + RS,5,q_proj,attn,model.layers.5.self_attn.q_proj.weight,2359296,2359206,90,3.814697265625e-05,470654,1888642,0.8005108303493924
adamw_rs,AdamW + RS,5,v_proj,attn,model.layers.5.self_attn.v_proj.weight,393216,393209,7,1.780192057287966e-05,90574,302642,0.7696584065755209
adamw_rs,AdamW + RS,6,down_proj,mlp,model.layers.6.mlp.down_proj.weight,13762560,13762113,447,3.2479422433007166e-05,2914402,10848158,0.7882369268508185
adamw_rs,AdamW + RS,6,gate_proj,mlp,model.layers.6.mlp.gate_proj.weight,13762560,13761974,586,4.2579287574451286e-05,2300252,11462308,0.8328616187686012
adamw_rs,AdamW + RS,6,up_proj,mlp,model.layers.6.mlp.up_proj.weight,13762560,13762149,411,2.9863630022330945e-05,2843719,10918841,0.7933728172665551
adamw_rs,AdamW + RS,6,k_proj,attn,model.layers.6.self_attn.k_proj.weight,393216,393200,16,4.069010416662966e-05,70073,323143,0.8217951456705729
adamw_rs,AdamW + RS,6,o_proj,attn,model.layers.6.self_attn.o_proj.weight,2359296,2359230,66,2.797444661462034e-05,513716,1845580,0.7822587754991319
adamw_rs,AdamW + RS,6,q_proj,attn,model.layers.6.self_attn.q_proj.weight,2359296,2359228,68,2.8822157118080227e-05,481662,1877634,0.7958450317382812
adamw_rs,AdamW + RS,6,v_proj,attn,model.layers.6.self_attn.v_proj.weight,393216,393201,15,3.814697265625e-05,80575,312641,0.7950871785481771
adamw_rs,AdamW + RS,7,down_proj,mlp,model.layers.7.mlp.down_proj.weight,13762560,13762149,411,2.9863630022330945e-05,2802553,10960007,0.7963639758882068
adamw_rs,AdamW + RS,7,gate_proj,mlp,model.layers.7.mlp.gate_proj.weight,13762560,13762065,495,3.596714564735315e-05,2409628,11352932,0.8249142601376488
adamw_rs,AdamW + RS,7,up_proj,mlp,model.layers.7.mlp.up_proj.weight,13762560,13762092,468,3.400530133923496e-05,2710884,11051676,0.8030247279575893
adamw_rs,AdamW + RS,7,k_proj,attn,model.layers.7.self_attn.k_proj.weight,393216,393194,22,5.594889322912966e-05,63754,329462,0.8378651936848959
adamw_rs,AdamW + RS,7,o_proj,attn,model.layers.7.self_attn.o_proj.weight,2359296,2359225,71,3.0093722873214546e-05,531440,1827856,0.7747463650173612
adamw_rs,AdamW + RS,7,q_proj,attn,model.layers.7.self_attn.q_proj.weight,2359296,2359200,96,4.069010416662966e-05,439449,1919847,0.8137372334798177
adamw_rs,AdamW + RS,7,v_proj,attn,model.layers.7.self_attn.v_proj.weight,393216,393205,11,2.797444661462034e-05,90094,303122,0.7708791097005209
adamw_rs,AdamW + RS,8,down_proj,mlp,model.layers.8.mlp.down_proj.weight,13762560,13762137,423,3.0735560825889685e-05,2869943,10892617,0.7914673578171503
adamw_rs,AdamW + RS,8,gate_proj,mlp,model.layers.8.mlp.gate_proj.weight,13762560,13762062,498,3.6185128348242834e-05,2438734,11323826,0.8227993919735863
adamw_rs,AdamW + RS,8,up_proj,mlp,model.layers.8.mlp.up_proj.weight,13762560,13762118,442,3.211611793152436e-05,2732622,11029938,0.8014452253069196
adamw_rs,AdamW + RS,8,k_proj,attn,model.layers.8.self_attn.k_proj.weight,393216,393199,17,4.323323567712034e-05,58430,334786,0.8514048258463541
adamw_rs,AdamW + RS,8,o_proj,attn,model.layers.8.self_attn.o_proj.weight,2359296,2359221,75,3.178914388024534e-05,511728,1847568,0.7831013997395834
adamw_rs,AdamW + RS,8,q_proj,attn,model.layers.8.self_attn.q_proj.weight,2359296,2359218,78,3.306070963537966e-05,426993,1932303,0.8190167744954427
adamw_rs,AdamW + RS,8,v_proj,attn,model.layers.8.self_attn.v_proj.weight,393216,393207,9,2.288818359375e-05,79612,313604,0.7975362141927084
adamw_rs,AdamW + RS,9,down_proj,mlp,model.layers.9.mlp.down_proj.weight,13762560,13762142,418,3.0372256324406877e-05,2815620,10946940,0.7954145159040178
adamw_rs,AdamW + RS,9,gate_proj,mlp,model.layers.9.mlp.gate_proj.weight,13762560,13762102,458,3.3278692336269344e-05,2455714,11306846,0.8215656098865327
adamw_rs,AdamW + RS,9,up_proj,mlp,model.layers.9.mlp.up_proj.weight,13762560,13762082,478,3.47319103423116e-05,2681322,11081238,0.8051727294921875
adamw_rs,AdamW + RS,9,k_proj,attn,model.layers.9.self_attn.k_proj.weight,393216,393200,16,4.069010416662966e-05,70285,322931,0.8212560017903646
adamw_rs,AdamW + RS,9,o_proj,attn,model.layers.9.self_attn.o_proj.weight,2359296,2359221,75,3.178914388024534e-05,575070,1784226,0.7562535603841146
adamw_rs,AdamW + RS,9,q_proj,attn,model.layers.9.self_attn.q_proj.weight,2359296,2359201,95,4.026624891495523e-05,473906,1885390,0.7991324530707465
adamw_rs,AdamW + RS,9,v_proj,attn,model.layers.9.self_attn.v_proj.weight,393216,393201,15,3.814697265625e-05,89745,303471,0.7717666625976562
muon_rs,Muon + RS,-1,embed,embed,model.embed_tokens.weight,233373696,232665028,708668,0.0030366232876561927,33680125,199693571,0.8556815717569131
muon_rs,Muon + RS,0,down_proj,mlp,model.layers.0.mlp.down_proj.weight,13762560,13761877,683,4.962739490332879e-05,1834920,11927640,0.8666730608258928
muon_rs,Muon + RS,0,gate_proj,mlp,model.layers.0.mlp.gate_proj.weight,13762560,13747651,14909,0.0010833013625372034,1404112,12358448,0.8979759579613096
muon_rs,Muon + RS,0,up_proj,mlp,model.layers.0.mlp.up_proj.weight,13762560,13754375,8185,0.0005947294689360172,1664924,12097636,0.879025123232887
muon_rs,Muon + RS,0,k_proj,attn,model.layers.0.self_attn.k_proj.weight,393216,393177,39,9.918212890625e-05,29456,363760,0.9250895182291666
muon_rs,Muon + RS,0,o_proj,attn,model.layers.0.self_attn.o_proj.weight,2359296,2359147,149,6.315443250870523e-05,338900,2020396,0.8563554551866319
muon_rs,Muon + RS,0,q_proj,attn,model.layers.0.self_attn.q_proj.weight,2359296,2163209,196087,0.0831125047471788,145588,2213708,0.9382917616102431
muon_rs,Muon + RS,0,v_proj,attn,model.layers.0.self_attn.v_proj.weight,393216,393202,14,3.560384114587034e-05,80854,312362,0.7943776448567709
muon_rs,Muon + RS,1,down_proj,mlp,model.layers.1.mlp.down_proj.weight,13762560,13760817,1743,0.0001266479492187944,802641,12959919,0.9416793823242188
muon_rs,Muon + RS,1,gate_proj,mlp,model.layers.1.mlp.gate_proj.weight,13762560,13758511,4049,0.00029420398530510816,1668253,12094307,0.8787832350957961
muon_rs,Muon + RS,1,up_proj,mlp,model.layers.1.mlp.up_proj.weight,13762560,13759223,3337,0.00024246942429317908,1952317,11810243,0.8581428891136533
muon_rs,Muon + RS,1,k_proj,attn,model.layers.1.self_attn.k_proj.weight,393216,393165,51,0.00012969970703125,32855,360361,0.9164454142252604
muon_rs,Muon + RS,1,o_proj,attn,model.layers.1.self_attn.o_proj.weight,2359296,2359169,127,5.3829616970535454e-05,303261,2056035,0.8714612325032552
muon_rs,Muon + RS,1,q_proj,attn,model.layers.1.self_attn.q_proj.weight,2359296,2358867,429,0.00018183390299475466,167157,2192139,0.9291496276855469
muon_rs,Muon + RS,1,v_proj,attn,model.layers.1.self_attn.v_proj.weight,393216,393203,13,3.306070963537966e-05,82331,310885,0.7906214396158854
muon_rs,Muon + RS,10,down_proj,mlp,model.layers.10.mlp.down_proj.weight,13762560,13761885,675,4.9046107700845276e-05,1983141,11779419,0.8559031895228795
muon_rs,Muon + RS,10,gate_proj,mlp,model.layers.10.mlp.gate_proj.weight,13762560,13760860,1700,0.00012352353050593123,1736377,12026183,0.8738332839239211
muon_rs,Muon + RS,10,up_proj,mlp,model.layers.10.mlp.up_proj.weight,13762560,13761511,1049,7.622128441220344e-05,1884512,11878048,0.8630696614583333
muon_rs,Muon + RS,10,k_proj,attn,model.layers.10.self_attn.k_proj.weight,393216,393191,25,6.357828776037966e-05,55686,337530,0.8583831787109375
muon_rs,Muon + RS,10,o_proj,attn,model.layers.10.self_attn.o_proj.weight,2359296,2359166,130,5.510118272566977e-05,314220,2045076,0.8668162027994791
muon_rs,Muon + RS,10,q_proj,attn,model.layers.10.self_attn.q_proj.weight,2359296,2359129,167,7.078382703995523e-05,249953,2109343,0.8940561082628038
muon_rs,Muon + RS,10,v_proj,attn,model.layers.10.self_attn.v_proj.weight,393216,393198,18,4.57763671875e-05,65009,328207,0.8346735636393229
muon_rs,Muon + RS,11,down_proj,mlp,model.layers.11.mlp.down_proj.weight,13762560,13761888,672,4.882812499995559e-05,2029679,11732881,0.8525216965448289
muon_rs,Muon + RS,11,gate_proj,mlp,model.layers.11.mlp.gate_proj.weight,13762560,13761709,851,6.183442615326218e-05,1762415,12000145,0.8719413394019717
muon_rs,Muon + RS,11,up_proj,mlp,model.layers.11.mlp.up_proj.weight,13762560,13761883,677,4.91914295014384e-05,1884883,11877677,0.863042704264323
muon_rs,Muon + RS,11,k_proj,attn,model.layers.11.self_attn.k_proj.weight,393216,393192,24,6.103515625e-05,49969,343247,0.8729222615559896
muon_rs,Muon + RS,11,o_proj,attn,model.layers.11.self_attn.o_proj.weight,2359296,2359164,132,5.594889322912966e-05,317917,2041379,0.8652492099338107
muon_rs,Muon + RS,11,q_proj,attn,model.layers.11.self_attn.q_proj.weight,2359296,2359090,206,8.731418185758955e-05,224212,2135084,0.9049665662977431
muon_rs,Muon + RS,11,v_proj,attn,model.layers.11.self_attn.v_proj.weight,393216,393197,19,4.831949869787966e-05,62451,330765,0.8411788940429688
muon_rs,Muon + RS,12,down_proj,mlp,model.layers.12.mlp.down_proj.weight,13762560,13761911,649,4.715692429313467e-05,2068109,11694451,0.8497293381463914
muon_rs,Muon + RS,12,gate_proj,mlp,model.layers.12.mlp.gate_proj.weight,13762560,13759948,2612,0.0001897902715773947,1706458,12056102,0.8760072253999256
muon_rs,Muon + RS,12,up_proj,mlp,model.layers.12.mlp.up_proj.weight,13762560,13761227,1333,9.685698009676003e-05,1920104,11842456,0.8604835146949404
muon_rs,Muon + RS,12,k_proj,attn,model.layers.12.self_attn.k_proj.weight,393216,393196,20,5.086263020837034e-05,56408,336808,0.8565470377604166
muon_rs,Muon + RS,12,o_proj,attn,model.layers.12.self_attn.o_proj.weight,2359296,2359145,151,6.400214301216511e-05,304548,2054748,0.8709157307942709
muon_rs,Muon + RS,12,q_proj,attn,model.layers.12.self_attn.q_proj.weight,2359296,2359102,194,8.222791883683023e-05,242063,2117233,0.8974003261990018
muon_rs,Muon + RS,12,v_proj,attn,model.layers.12.self_attn.v_proj.weight,393216,393202,14,3.560384114587034e-05,61807,331409,0.8428166707356771
muon_rs,Muon + RS,13,down_proj,mlp,model.layers.13.mlp.down_proj.weight,13762560,13761909,651,4.7302246093727796e-05,2032577,11729983,0.8523111252557664
muon_rs,Muon + RS,13,gate_proj,mlp,model.layers.13.mlp.gate_proj.weight,13762560,13761688,872,6.336030505948997e-05,1824650,11937910,0.8674192882719494
muon_rs,Muon + RS,13,up_proj,mlp,model.layers.13.mlp.up_proj.weight,13762560,13761855,705,5.122593470985315e-05,1905935,11856625,0.8615130469912574
muon_rs,Muon + RS,13,k_proj,attn,model.layers.13.self_attn.k_proj.weight,393216,393188,28,7.120768229162966e-05,44956,348260,0.8856709798177084
muon_rs,Muon + RS,13,o_proj,attn,model.layers.13.self_attn.o_proj.weight,2359296,2359155,141,5.976359049475466e-05,315166,2044130,0.8664152357313368
muon_rs,Muon + RS,13,q_proj,attn,model.layers.13.self_attn.q_proj.weight,2359296,2359099,197,8.349948459196455e-05,222382,2136914,0.9057422214084201
muon_rs,Muon + RS,13,v_proj,attn,model.layers.13.self_attn.v_proj.weight,393216,393202,14,3.560384114587034e-05,65957,327259,0.8322626749674479
muon_rs,Muon + RS,14,down_proj,mlp,model.layers.14.mlp.down_proj.weight,13762560,13761920,640,4.650297619046562e-05,2038617,11723943,0.8518722534179688
muon_rs,Muon + RS,14,gate_proj,mlp,model.layers.14.mlp.gate_proj.weight,13762560,13761812,748,5.43503534226053e-05,1923405,11839155,0.860243661063058
muon_rs,Muon + RS,14,up_proj,mlp,model.layers.14.mlp.up_proj.weight,13762560,13761872,688,4.99906994048116e-05,1926754,11835806,0.8600003197079613
muon_rs,Muon + RS,14,k_proj,attn,model.layers.14.self_attn.k_proj.weight,393216,393078,138,0.0003509521484375,59903,333313,0.8476587931315104
muon_rs,Muon + RS,14,o_proj,attn,model.layers.14.self_attn.o_proj.weight,2359296,2357212,2084,0.0008833143446180802,303373,2055923,0.8714137607150607
muon_rs,Muon + RS,14,q_proj,attn,model.layers.14.self_attn.q_proj.weight,2359296,2356641,2655,0.001125335693359375,211645,2147651,0.9102931552463107
muon_rs,Muon + RS,14,v_proj,attn,model.layers.14.self_attn.v_proj.weight,393216,393199,17,4.323323567712034e-05,69374,323842,0.8235727945963541
muon_rs,Muon + RS,15,down_proj,mlp,model.layers.15.mlp.down_proj.weight,13762560,13761871,689,5.006336030510816e-05,2009866,11752694,0.8539613269624255
muon_rs,Muon + RS,15,gate_proj,mlp,model.layers.15.mlp.gate_proj.weight,13762560,13757775,4785,0.0003476824079241547,1791103,11971457,0.8698568434942336
muon_rs,Muon + RS,15,up_proj,mlp,model.layers.15.mlp.up_proj.weight,13762560,13758402,4158,0.0003021240234375444,1741534,12021026,0.8734585716610863
muon_rs,Muon + RS,15,k_proj,attn,model.layers.15.self_attn.k_proj.weight,393216,393186,30,7.62939453125e-05,64024,329192,0.8371785481770834
muon_rs,Muon + RS,15,o_proj,attn,model.layers.15.self_attn.o_proj.weight,2359296,2359159,137,5.8068169487834886e-05,290792,2068504,0.8767462836371528
muon_rs,Muon + RS,15,q_proj,attn,model.layers.15.self_attn.q_proj.weight,2359296,2359048,248,0.00010511610243058023,224275,2135021,0.9049398634168837
muon_rs,Muon + RS,15,v_proj,attn,model.layers.15.self_attn.v_proj.weight,393216,393197,19,4.831949869787966e-05,57618,335598,0.8534698486328125
muon_rs,Muon + RS,16,down_proj,mlp,model.layers.16.mlp.down_proj.weight,13762560,13761869,691,5.0208682105701286e-05,1975711,11786849,0.8564430600120908
muon_rs,Muon + RS,16,gate_proj,mlp,model.layers.16.mlp.gate_proj.weight,13762560,13761682,878,6.379627046126934e-05,1838896,11923664,0.8663841610863096
muon_rs,Muon + RS,16,up_proj,mlp,model.layers.16.mlp.up_proj.weight,13762560,13761797,763,5.544026692705373e-05,1771482,11991078,0.8712825230189732
muon_rs,Muon + RS,16,k_proj,attn,model.layers.16.self_attn.k_proj.weight,393216,393193,23,5.849202473962034e-05,51895,341321,0.8680241902669271
muon_rs,Muon + RS,16,o_proj,attn,model.layers.16.self_attn.o_proj.weight,2359296,2359147,149,6.315443250870523e-05,291543,2067753,0.876427968343099
muon_rs,Muon + RS,16,q_proj,attn,model.layers.16.self_attn.q_proj.weight,2359296,2349096,10200,0.00432332356770837,229449,2129847,0.902746836344401
muon_rs,Muon + RS,16,v_proj,attn,model.layers.16.self_attn.v_proj.weight,393216,393198,18,4.57763671875e-05,60280,332936,0.8467000325520834
muon_rs,Muon + RS,17,down_proj,mlp,model.layers.17.mlp.down_proj.weight,13762560,13761858,702,5.1007952008963464e-05,1973970,11788590,0.8565695626395089
muon_rs,Muon + RS,17,gate_proj,mlp,model.layers.17.mlp.gate_proj.weight,13762560,13758140,4420,0.0003211611793154656,1852913,11909647,0.8653656732468378
muon_rs,Muon + RS,17,up_proj,mlp,model.layers.17.mlp.up_proj.weight,13762560,13758777,3783,0.0002748761858258897,1808584,11953976,0.868586658296131
muon_rs,Muon + RS,17,k_proj,attn,model.layers.17.self_attn.k_proj.weight,393216,393196,20,5.086263020837034e-05,62169,331047,0.8418960571289062
muon_rs,Muon + RS,17,o_proj,attn,model.layers.17.self_attn.o_proj.weight,2359296,2359144,152,6.442599826383955e-05,290866,2068430,0.8767149183485243
muon_rs,Muon + RS,17,q_proj,attn,model.layers.17.self_attn.q_proj.weight,2359296,2359125,171,7.2479248046875e-05,245101,2114195,0.8961126539442275
muon_rs,Muon + RS,17,v_proj,attn,model.layers.17.self_attn.v_proj.weight,393216,393199,17,4.323323567712034e-05,63836,329380,0.8376566569010416
muon_rs,Muon + RS,18,down_proj,mlp,model.layers.18.mlp.down_proj.weight,13762560,13761841,719,5.224318731400501e-05,1938064,11824496,0.8591785249255952
muon_rs,Muon + RS,18,gate_proj,mlp,model.layers.18.mlp.gate_proj.weight,13762560,13759091,3469,0.00025206066313243625,1773001,11989559,0.8711721511114211
muon_rs,Muon + RS,18,up_proj,mlp,model.layers.18.mlp.up_proj.weight,13762560,13760302,2258,0.0001640683128720788,1802333,11960227,0.8690408615838914
muon_rs,Muon + RS,18,k_proj,attn,model.layers.18.self_attn.k_proj.weight,393216,393193,23,5.849202473962034e-05,58255,334961,0.8518498738606771
muon_rs,Muon + RS,18,o_proj,attn,model.layers.18.self_attn.o_proj.weight,2359296,2359149,147,6.230672200524534e-05,307642,2051654,0.8696043226453993
muon_rs,Muon + RS,18,q_proj,attn,model.layers.18.self_attn.q_proj.weight,2359296,2359081,215,9.112887912321455e-05,244885,2114411,0.8962042066786025
muon_rs,Muon + RS,18,v_proj,attn,model.layers.18.self_attn.v_proj.weight,393216,393198,18,4.57763671875e-05,81214,312002,0.7934621175130209
muon_rs,Muon + RS,19,down_proj,mlp,model.layers.19.mlp.down_proj.weight,13762560,13761879,681,4.9482073102624646e-05,1897131,11865429,0.8621527535574777
muon_rs,Muon + RS,19,gate_proj,mlp,model.layers.19.mlp.gate_proj.weight,13762560,13759803,2757,0.00020032610212050717,1744100,12018460,0.8732721237909227
muon_rs,Muon + RS,19,up_proj,mlp,model.layers.19.mlp.up_proj.weight,13762560,13760564,1996,0.00014503115699404656,1759166,12003394,0.8721774146670387
muon_rs,Muon + RS,19,k_proj,attn,model.layers.19.self_attn.k_proj.weight,393216,393196,20,5.086263020837034e-05,58495,334721,0.8512395222981771
muon_rs,Muon + RS,19,o_proj,attn,model.layers.19.self_attn.o_proj.weight,2359296,2359142,154,6.527370876741045e-05,273225,2086071,0.884192148844401
muon_rs,Muon + RS,19,q_proj,attn,model.layers.19.self_attn.q_proj.weight,2359296,2359134,162,6.866455078125e-05,268341,2090955,0.8862622578938802
muon_rs,Muon + RS,19,v_proj,attn,model.layers.19.self_attn.v_proj.weight,393216,393191,25,6.357828776037966e-05,54064,339152,0.8625081380208334
muon_rs,Muon + RS,2,down_proj,mlp,model.layers.2.mlp.down_proj.weight,13762560,13761881,679,4.933675130203152e-05,1939763,11822797,0.8590550740559896
muon_rs,Muon + RS,2,gate_proj,mlp,model.layers.2.mlp.gate_proj.weight,13762560,13760879,1681,0.00012214297340029656,1681552,12081008,0.8778169177827381
muon_rs,Muon + RS,2,up_proj,mlp,model.layers.2.mlp.up_proj.weight,13762560,13761313,1247,9.06081426711447e-05,1980001,11782559,0.856131344749814
muon_rs,Muon + RS,2,k_proj,attn,model.layers.2.self_attn.k_proj.weight,393216,392857,359,0.0009129842122396203,40165,353051,0.8978551228841146
muon_rs,Muon + RS,2,o_proj,attn,model.layers.2.self_attn.o_proj.weight,2359296,2359181,115,4.8743353949665114e-05,320751,2038545,0.8640480041503906
muon_rs,Muon + RS,2,q_proj,attn,model.layers.2.self_attn.q_proj.weight,2359296,2357561,1735,0.0007353888617621651,211546,2147750,0.9103351169162326
muon_rs,Muon + RS,2,v_proj,attn,model.layers.2.self_attn.v_proj.weight,393216,393200,16,4.069010416662966e-05,78284,314932,0.8009134928385416
muon_rs,Muon + RS,20,down_proj,mlp,model.layers.20.mlp.down_proj.weight,13762560,13761802,758,5.507696242557092e-05,1873648,11888912,0.8638590494791667
muon_rs,Muon + RS,20,gate_proj,mlp,model.layers.20.mlp.gate_proj.weight,13762560,13760796,1764,0.0001281738281250222,1750237,12012323,0.8728262038457961
muon_rs,Muon + RS,20,up_proj,mlp,model.layers.20.mlp.up_proj.weight,13762560,13760778,1782,0.00012948172433036031,1609969,12152591,0.8830182030087426
muon_rs,Muon + RS,20,k_proj,attn,model.layers.20.self_attn.k_proj.weight,393216,393102,114,0.0002899169921875,56138,337078,0.8572336832682291
muon_rs,Muon + RS,20,o_proj,attn,model.layers.20.self_attn.o_proj.weight,2359296,2359152,144,6.103515625e-05,271222,2088074,0.8850411309136285
muon_rs,Muon + RS,20,q_proj,attn,model.layers.20.self_attn.q_proj.weight,2359296,2358614,682,0.0002890692816840401,247556,2111740,0.8950720893012153
muon_rs,Muon + RS,20,v_proj,attn,model.layers.20.self_attn.v_proj.weight,393216,393193,23,5.849202473962034e-05,50147,343069,0.8724695841471354
muon_rs,Muon + RS,21,down_proj,mlp,model.layers.21.mlp.down_proj.weight,13762560,13761739,821,5.965459914436533e-05,1829498,11933062,0.8670670282273065
muon_rs,Muon + RS,21,gate_proj,mlp,model.layers.21.mlp.gate_proj.weight,13762560,13761342,1218,8.850097656254441e-05,1546260,12216300,0.8876473563058036
muon_rs,Muon + RS,21,up_proj,mlp,model.layers.21.mlp.up_proj.weight,13762560,13761584,976,7.091703869044341e-05,1592204,12170356,0.8843090239025297
muon_rs,Muon + RS,21,k_proj,attn,model.layers.21.self_attn.k_proj.weight,393216,393188,28,7.120768229162966e-05,55809,337407,0.8580703735351562
muon_rs,Muon + RS,21,o_proj,attn,model.layers.21.self_attn.o_proj.weight,2359296,2359141,155,6.569756401908489e-05,254236,2105060,0.8922407362196181
muon_rs,Muon + RS,21,q_proj,attn,model.layers.21.self_attn.q_proj.weight,2359296,2359091,205,8.689032660591511e-05,232492,2126804,0.9014570448133681
muon_rs,Muon + RS,21,v_proj,attn,model.layers.21.self_attn.v_proj.weight,393216,393200,16,4.069010416662966e-05,55083,338133,0.8599166870117188
muon_rs,Muon + RS,22,down_proj,mlp,model.layers.22.mlp.down_proj.weight,13762560,13761728,832,6.0453869047627506e-05,1763065,11999495,0.8718941098167783
muon_rs,Muon + RS,22,gate_proj,mlp,model.layers.22.mlp.gate_proj.weight,13762560,13760878,1682,0.00012221563430059312,1560864,12201696,0.8865862165178572
muon_rs,Muon + RS,22,up_proj,mlp,model.layers.22.mlp.up_proj.weight,13762560,13761341,1219,8.857363746284097e-05,1648338,12114222,0.8802302769252233
muon_rs,Muon + RS,22,k_proj,attn,model.layers.22.self_attn.k_proj.weight,393216,392991,225,0.00057220458984375,63921,329295,0.8374404907226562
muon_rs,Muon + RS,22,o_proj,attn,model.layers.22.self_attn.o_proj.weight,2359296,2359147,149,6.315443250870523e-05,254203,2105093,0.8922547234429253
muon_rs,Muon + RS,22,q_proj,attn,model.layers.22.self_attn.q_proj.weight,2359296,2358127,1169,0.0004954867892794645,277715,2081581,0.8822890387641059
muon_rs,Muon + RS,22,v_proj,attn,model.layers.22.self_attn.v_proj.weight,393216,393191,25,6.357828776037966e-05,57432,335784,0.85394287109375
muon_rs,Muon + RS,23,down_proj,mlp,model.layers.23.mlp.down_proj.weight,13762560,13761685,875,6.357828776037966e-05,1729735,12032825,0.8743158976236979
muon_rs,Muon + RS,23,gate_proj,mlp,model.layers.23.mlp.gate_proj.weight,13762560,13757923,4637,0.00033692859468004155,1528832,12233728,0.8889136904761905
muon_rs,Muon + RS,23,up_proj,mlp,model.layers.23.mlp.up_proj.weight,13762560,13758619,3941,0.0002863566080729685,1588415,12174145,0.8845843360537574
muon_rs,Muon + RS,23,k_proj,attn,model.layers.23.self_attn.k_proj.weight,393216,393066,150,0.0003814697265625,59646,333570,0.8483123779296875
muon_rs,Muon + RS,23,o_proj,attn,model.layers.23.self_attn.o_proj.weight,2359296,2359131,165,6.993611653649534e-05,231370,2127926,0.901932610405816
muon_rs,Muon + RS,23,q_proj,attn,model.layers.23.self_attn.q_proj.weight,2359296,2358442,854,0.00036197238498258955,242998,2116298,0.8970040215386285
muon_rs,Muon + RS,23,v_proj,attn,model.layers.23.self_attn.v_proj.weight,393216,393199,17,4.323323567712034e-05,56987,336229,0.8550745646158854
muon_rs,Muon + RS,24,down_proj,mlp,model.layers.24.mlp.down_proj.weight,13762560,13761629,931,6.764729817709814e-05,1620546,12142014,0.8822496686662946
muon_rs,Muon + RS,24,gate_proj,mlp,model.layers.24.mlp.gate_proj.weight,13762560,13757717,4843,0.0003518967401413553,1404651,12357909,0.8979367937360491
muon_rs,Muon + RS,24,up_proj,mlp,model.layers.24.mlp.up_proj.weight,13762560,13758771,3789,0.00027531215122766906,1420980,12341580,0.8967503138950893
muon_rs,Muon + RS,24,k_proj,attn,model.layers.24.self_attn.k_proj.weight,393216,393125,91,0.00023142496744787966,55455,337761,0.8589706420898438
muon_rs,Muon + RS,24,o_proj,attn,model.layers.24.self_attn.o_proj.weight,2359296,2359117,179,7.587009006071455e-05,226562,2132734,0.9039705064561632
muon_rs,Muon + RS,24,q_proj,attn,model.layers.24.self_attn.q_proj.weight,2359296,2358811,485,0.00020556979709196455,241210,2118086,0.8977618747287326
muon_rs,Muon + RS,24,v_proj,attn,model.layers.24.self_attn.v_proj.weight,393216,393196,20,5.086263020837034e-05,50873,342343,0.8706232706705729
muon_rs,Muon + RS,25,down_proj,mlp,model.layers.25.mlp.down_proj.weight,13762560,13761455,1105,8.029029482892192e-05,1479133,12283427,0.8925248645600818
muon_rs,Muon + RS,25,gate_proj,mlp,model.layers.25.mlp.gate_proj.weight,13762560,13756985,5575,0.0004050845191592156,1509314,12253246,0.8903318859281995
muon_rs,Muon + RS,25,up_proj,mlp,model.layers.25.mlp.up_proj.weight,13762560,13757957,4603,0.00033445812406995845,1386483,12376077,0.8992568969726562
muon_rs,Muon + RS,25,k_proj,attn,model.layers.25.self_attn.k_proj.weight,393216,393054,162,0.0004119873046875,58200,335016,0.85198974609375
muon_rs,Muon + RS,25,o_proj,attn,model.layers.25.self_attn.o_proj.weight,2359296,2359095,201,8.519490559899534e-05,193255,2166041,0.9180878533257378
muon_rs,Muon + RS,25,q_proj,attn,model.layers.25.self_attn.q_proj.weight,2359296,2358205,1091,0.0004624260796440849,259776,2099520,0.889892578125
muon_rs,Muon + RS,25,v_proj,attn,model.layers.25.self_attn.v_proj.weight,393216,393182,34,8.646647135412966e-05,37645,355571,0.9042638142903646
muon_rs,Muon + RS,26,down_proj,mlp,model.layers.26.mlp.down_proj.weight,13762560,13761082,1478,0.0001073928106398725,1126010,12636550,0.918183099655878
muon_rs,Muon + RS,26,gate_proj,mlp,model.layers.26.mlp.gate_proj.weight,13762560,13754825,7735,0.0005620320638021203,1343671,12418889,0.9023676554361979
muon_rs,Muon + RS,26,up_proj,mlp,model.layers.26.mlp.up_proj.weight,13762560,13754676,7884,0.0005728585379464191,1114461,12648099,0.9190222603934152
muon_rs,Muon + RS,26,k_proj,attn,model.layers.26.self_attn.k_proj.weight,393216,393202,14,3.560384114587034e-05,74531,318685,0.8104578653971354
muon_rs,Muon + RS,26,o_proj,attn,model.layers.26.self_attn.o_proj.weight,2359296,2359084,212,8.985731336808023e-05,191370,2167926,0.9188868204752604
muon_rs,Muon + RS,26,q_proj,attn,model.layers.26.self_attn.q_proj.weight,2359296,2358887,409,0.00017335679796004477,162156,2197140,0.9312693277994791
muon_rs,Muon + RS,26,v_proj,attn,model.layers.26.self_attn.v_proj.weight,393216,393195,21,5.340576171875e-05,49638,343578,0.8737640380859375
muon_rs,Muon + RS,27,down_proj,mlp,model.layers.27.mlp.down_proj.weight,13762560,13760620,1940,0.00014096214657732808,1119116,12643444,0.9186840239025298
muon_rs,Muon + RS,27,gate_proj,mlp,model.layers.27.mlp.gate_proj.weight,13762560,13753407,9153,0.0006650652204240881,1154405,12608155,0.9161198933919271
muon_rs,Muon + RS,27,up_proj,mlp,model.layers.27.mlp.up_proj.weight,13762560,13751951,10609,0.0007708594912574362,901261,12861299,0.9345135643368676
muon_rs,Muon + RS,27,k_proj,attn,model.layers.27.self_attn.k_proj.weight,393216,393193,23,5.849202473962034e-05,59222,333994,0.8493906656901041
muon_rs,Muon + RS,27,o_proj,attn,model.layers.27.self_attn.o_proj.weight,2359296,2359088,208,8.816189236116045e-05,214579,2144717,0.909049563937717
muon_rs,Muon + RS,27,q_proj,attn,model.layers.27.self_attn.q_proj.weight,2359296,2359073,223,9.451972113716511e-05,242844,2116452,0.8970692952473959
muon_rs,Muon + RS,27,v_proj,attn,model.layers.27.self_attn.v_proj.weight,393216,393179,37,9.409586588537966e-05,33389,359827,0.9150873819986979
muon_rs,Muon + RS,3,down_proj,mlp,model.layers.3.mlp.down_proj.weight,13762560,13761923,637,4.628499348957593e-05,1966225,11796335,0.857132321312314
muon_rs,Muon + RS,3,gate_proj,mlp,model.layers.3.mlp.gate_proj.weight,13762560,13760893,1667,0.0001211257207961447,1682120,12080440,0.8777756463913691
muon_rs,Muon + RS,3,up_proj,mlp,model.layers.3.mlp.up_proj.weight,13762560,13761636,924,6.71386718750222e-05,1976975,11785585,0.8563512166341146
muon_rs,Muon + RS,3,k_proj,attn,model.layers.3.self_attn.k_proj.weight,393216,393186,30,7.62939453125e-05,48379,344837,0.8769658406575521
muon_rs,Muon + RS,3,o_proj,attn,model.layers.3.self_attn.o_proj.weight,2359296,2359147,149,6.315443250870523e-05,317658,2041638,0.8653589884440104
muon_rs,Muon + RS,3,q_proj,attn,model.layers.3.self_attn.q_proj.weight,2359296,2358401,895,0.00037935045030379477,231512,2127784,0.9018724229600694
muon_rs,Muon + RS,3,v_proj,attn,model.layers.3.self_attn.v_proj.weight,393216,393199,17,4.323323567712034e-05,70515,322701,0.8206710815429688
muon_rs,Muon + RS,4,down_proj,mlp,model.layers.4.mlp.down_proj.weight,13762560,13761912,648,4.708426339283811e-05,1998784,11763776,0.8547665550595238
muon_rs,Muon + RS,4,gate_proj,mlp,model.layers.4.mlp.gate_proj.weight,13762560,13761242,1318,9.57670665923116e-05,1674820,12087740,0.8783060709635416
muon_rs,Muon + RS,4,up_proj,mlp,model.layers.4.mlp.up_proj.weight,13762560,13761817,743,5.3987048921122494e-05,1984855,11777705,0.8557786487397694
muon_rs,Muon + RS,4,k_proj,attn,model.layers.4.self_attn.k_proj.weight,393216,393194,22,5.594889322912966e-05,50718,342498,0.8710174560546875
muon_rs,Muon + RS,4,o_proj,attn,model.layers.4.self_attn.o_proj.weight,2359296,2359156,140,5.933973524308023e-05,301679,2057617,0.8721317715115018
muon_rs,Muon + RS,4,q_proj,attn,model.layers.4.self_attn.q_proj.weight,2359296,2359074,222,9.409586588537966e-05,208525,2150771,0.9116155836317275
muon_rs,Muon + RS,4,v_proj,attn,model.layers.4.self_attn.v_proj.weight,393216,393204,12,3.0517578125e-05,61351,331865,0.8439763387044271
muon_rs,Muon + RS,5,down_proj,mlp,model.layers.5.mlp.down_proj.weight,13762560,13761885,675,4.9046107700845276e-05,2032484,11730076,0.852317882719494
muon_rs,Muon + RS,5,gate_proj,mlp,model.layers.5.mlp.gate_proj.weight,13762560,13759865,2695,0.00019582112630212034,1600981,12161579,0.8836712791806176
muon_rs,Muon + RS,5,up_proj,mlp,model.layers.5.mlp.up_proj.weight,13762560,13761336,1224,8.893694196432378e-05,1993430,11769130,0.8551555815197173
muon_rs,Muon + RS,5,k_proj,attn,model.layers.5.self_attn.k_proj.weight,393216,393157,59,0.00015004475911462034,52066,341150,0.8675893147786459
muon_rs,Muon + RS,5,o_proj,attn,model.layers.5.self_attn.o_proj.weight,2359296,2359186,110,4.6624077690959886e-05,316777,2042519,0.86573240492079
muon_rs,Muon + RS,5,q_proj,attn,model.layers.5.self_attn.q_proj.weight,2359296,2357707,1589,0.0006735059950087052,246201,2113095,0.8956464131673177
muon_rs,Muon + RS,5,v_proj,attn,model.layers.5.self_attn.v_proj.weight,393216,393201,15,3.814697265625e-05,69988,323228,0.8220113118489584
muon_rs,Muon + RS,6,down_proj,mlp,model.layers.6.mlp.down_proj.weight,13762560,13761890,670,4.868280319936247e-05,1990415,11772145,0.8553746541341146
muon_rs,Muon + RS,6,gate_proj,mlp,model.layers.6.mlp.gate_proj.weight,13762560,13761173,1387,0.00010078066871277436,1594000,12168560,0.8841785249255952
muon_rs,Muon + RS,6,up_proj,mlp,model.layers.6.mlp.up_proj.weight,13762560,13761826,734,5.333310081845344e-05,1950037,11812523,0.8583085559663318
muon_rs,Muon + RS,6,k_proj,attn,model.layers.6.self_attn.k_proj.weight,393216,393147,69,0.00017547607421875,50942,342274,0.8704477945963541
muon_rs,Muon + RS,6,o_proj,attn,model.layers.6.self_attn.o_proj.weight,2359296,2359175,121,5.128648546004477e-05,291968,2067328,0.8762478298611112
muon_rs,Muon + RS,6,q_proj,attn,model.layers.6.self_attn.q_proj.weight,2359296,2357986,1310,0.0005552503797743302,241051,2118245,0.8978292677137587
muon_rs,Muon + RS,6,v_proj,attn,model.layers.6.self_attn.v_proj.weight,393216,393197,19,4.831949869787966e-05,61002,332214,0.8448638916015625
muon_rs,Muon + RS,7,down_proj,mlp,model.layers.7.mlp.down_proj.weight,13762560,13761782,778,5.653018043150215e-05,1935045,11827515,0.8593978881835938
muon_rs,Muon + RS,7,gate_proj,mlp,model.layers.7.mlp.gate_proj.weight,13762560,13757647,4913,0.00035698300316222564,1713591,12048969,0.8754889351981027
muon_rs,Muon + RS,7,up_proj,mlp,model.layers.7.mlp.up_proj.weight,13762560,13759313,3247,0.0002359299432663775,1897543,11865017,0.862122817266555
muon_rs,Muon + RS,7,k_proj,attn,model.layers.7.self_attn.k_proj.weight,393216,393187,29,7.375081380212034e-05,48269,344947,0.8772455851236979
muon_rs,Muon + RS,7,o_proj,attn,model.layers.7.self_attn.o_proj.weight,2359296,2359137,159,6.739298502600466e-05,303983,2055313,0.8711552090115018
muon_rs,Muon + RS,7,q_proj,attn,model.layers.7.self_attn.q_proj.weight,2359296,2359114,182,7.714165581595989e-05,221590,2137706,0.9060779147677951
muon_rs,Muon + RS,7,v_proj,attn,model.layers.7.self_attn.v_proj.weight,393216,393200,16,4.069010416662966e-05,66589,326627,0.8306554158528646
muon_rs,Muon + RS,8,down_proj,mlp,model.layers.8.mlp.down_proj.weight,13762560,13761898,662,4.8101515996989974e-05,1993677,11768883,0.8551376342773438
muon_rs,Muon + RS,8,gate_proj,mlp,model.layers.8.mlp.gate_proj.weight,13762560,13761599,961,6.982712518599499e-05,1726349,12036211,0.8745619274321057
muon_rs,Muon + RS,8,up_proj,mlp,model.layers.8.mlp.up_proj.weight,13762560,13761918,642,4.664829799105874e-05,1928261,11834299,0.8598908197312127
muon_rs,Muon + RS,8,k_proj,attn,model.layers.8.self_attn.k_proj.weight,393216,393142,74,0.00018819173177087034,46354,346862,0.8821156819661459
muon_rs,Muon + RS,8,o_proj,attn,model.layers.8.self_attn.o_proj.weight,2359296,2359152,144,6.103515625e-05,293882,2065414,0.8754365709092882
muon_rs,Muon + RS,8,q_proj,attn,model.layers.8.self_attn.q_proj.weight,2359296,2358388,908,0.00038486056857633955,217808,2141488,0.9076809353298612
muon_rs,Muon + RS,8,v_proj,attn,model.layers.8.self_attn.v_proj.weight,393216,393204,12,3.0517578125e-05,61552,331664,0.8434651692708334
muon_rs,Muon + RS,9,down_proj,mlp,model.layers.9.mlp.down_proj.weight,13762560,13761903,657,4.7738211495507166e-05,1970660,11791900,0.8568100702194941
muon_rs,Muon + RS,9,gate_proj,mlp,model.layers.9.mlp.gate_proj.weight,13762560,13758130,4430,0.00032188778831843123,1737456,12025104,0.8737548828125
muon_rs,Muon + RS,9,up_proj,mlp,model.layers.9.mlp.up_proj.weight,13762560,13760174,2386,0.0001733689081101497,1902216,11860344,0.8617832728794643
muon_rs,Muon + RS,9,k_proj,attn,model.layers.9.self_attn.k_proj.weight,393216,393180,36,9.1552734375e-05,51480,341736,0.86907958984375
muon_rs,Muon + RS,9,o_proj,attn,model.layers.9.self_attn.o_proj.weight,2359296,2358350,946,0.00040096706814241045,296909,2062387,0.874153561062283
muon_rs,Muon + RS,9,q_proj,attn,model.layers.9.self_attn.q_proj.weight,2359296,2358421,875,0.0003708733452690849,203045,2156251,0.9139383104112413
muon_rs,Muon + RS,9,v_proj,attn,model.layers.9.self_attn.v_proj.weight,393216,393202,14,3.560384114587034e-05,69152,324064,0.8241373697916666
